/*--------------------------------*- C++ -*----------------------------------*\
| =========                 |                                                 |
| \\      /  F ield         | OpenFOAM: The Open Source CFD Toolbox           |
|  \\    /   O peration     | Version:  v2006                                 |
|   \\  /    A nd           | Website:  www.openfoam.com                      |
|    \\/     M anipulation  |                                                 |
\*---------------------------------------------------------------------------*/
FoamFile
{
    version     2.0;
    format      ascii;
    class       volScalarField;
    location    "1000";
    object      nut;
}
// * * * * * * * * * * * * * * * * * * * * * * * * * * * * * * * * * * * * * //

dimensions      [0 2 -1 0 0 0 0];


internalField   nonuniform List<scalar> 
60000
(
5.5922e-11
2.77249e-10
3.36031e-09
7.16465e-09
2.30777e-09
9.24746e-10
3.08707e-09
8.98288e-09
8.8226e-09
1.0185e-09
3.03102e-10
6.75003e-09
1.21136e-08
6.18799e-09
1.15618e-09
7.77253e-11
4.29114e-11
1.23386e-09
7.19656e-09
5.84156e-09
1.26895e-10
3.77864e-09
1.24051e-08
5.45955e-09
4.96396e-10
1.54229e-11
2.31778e-14
9.32843e-12
1.04303e-11
3.36802e-11
2.56426e-10
2.70059e-10
3.49824e-10
8.77705e-10
5.47769e-10
1.97913e-10
2.16903e-10
6.41754e-11
4.17123e-11
1.02209e-10
3.89296e-09
5.9913e-09
1.94039e-08
2.3811e-08
6.78734e-09
2.58188e-09
6.83104e-09
1.53883e-08
1.67789e-08
2.4079e-09
2.59872e-09
3.26926e-08
5.23734e-08
2.43958e-08
3.6053e-09
1.7457e-09
1.07202e-08
3.07159e-08
2.90261e-08
5.75212e-09
3.51185e-09
5.09204e-08
7.91961e-08
3.19273e-08
3.7743e-09
2.0009e-10
1.68816e-11
7.91938e-11
5.10734e-11
1.1504e-09
5.38989e-09
8.87962e-09
1.43301e-08
2.07808e-08
1.2609e-08
7.36681e-09
5.36254e-09
3.90621e-09
4.99695e-09
5.22528e-09
2.54407e-08
2.55736e-08
4.82577e-08
5.04832e-08
1.66861e-08
4.79132e-09
1.36057e-08
3.09131e-08
4.2302e-08
1.8464e-08
1.70525e-09
3.47751e-08
7.61308e-08
3.42367e-08
4.87879e-09
2.39844e-08
1.05482e-07
2.11485e-07
1.54263e-07
2.90136e-08
3.74417e-08
2.38928e-07
2.75312e-07
8.27612e-08
7.27337e-09
2.55522e-10
3.7531e-11
1.84841e-10
2.67246e-10
2.87463e-09
1.16218e-08
2.52939e-08
6.96686e-08
1.29427e-07
8.65409e-08
4.04846e-08
2.53151e-08
2.51064e-08
3.7807e-08
3.77996e-08
1.11898e-07
1.06946e-07
1.77832e-07
1.86036e-07
8.13754e-08
2.11003e-08
2.81943e-08
5.53154e-08
9.50234e-08
7.75996e-08
1.46524e-08
2.84035e-08
8.29191e-08
4.80808e-08
1.94767e-08
1.51564e-07
5.6325e-07
1.08119e-06
1.36795e-06
5.05788e-07
7.46097e-08
4.76327e-07
6.8649e-07
1.82833e-07
1.8711e-08
1.78587e-09
7.70498e-10
7.74634e-10
6.82914e-10
4.89183e-09
1.4626e-08
2.154e-08
8.98882e-08
3.15035e-07
3.55676e-07
1.75517e-07
9.07945e-08
1.01304e-07
1.72612e-07
1.75578e-07
3.16504e-07
1.97532e-07
3.87182e-07
8.19e-07
7.13598e-07
2.48041e-07
8.41513e-08
6.63875e-08
1.1529e-07
2.10851e-07
7.58139e-08
4.86852e-08
1.0659e-07
1.01735e-07
7.30002e-08
3.9185e-07
2.59945e-06
5.59353e-06
8.37223e-06
7.87859e-06
1.24828e-06
1.6557e-07
5.11228e-07
2.84925e-07
5.60725e-08
2.27378e-07
7.32838e-08
1.51175e-08
6.37293e-09
1.56937e-08
2.70712e-08
1.70051e-08
4.02689e-08
2.27953e-07
5.2168e-07
4.25336e-07
2.37962e-07
2.77365e-07
5.74671e-07
6.22659e-07
4.23033e-07
1.10695e-07
4.32603e-08
2.22495e-07
2.38021e-06
2.95799e-06
9.35252e-07
1.14357e-07
2.01336e-08
9.50633e-08
1.60975e-07
8.46003e-08
1.48394e-07
1.51288e-07
1.93129e-07
4.03922e-07
2.22821e-06
9.63254e-06
1.62056e-05
2.07183e-05
1.1388e-05
5.8038e-07
8.681e-08
1.34382e-07
6.65405e-08
6.70344e-07
2.71219e-06
9.68168e-07
1.64981e-07
1.38464e-07
1.53111e-07
8.45683e-08
7.29201e-08
1.45401e-07
2.32082e-07
1.99488e-07
1.29214e-07
1.8595e-07
5.35917e-07
8.0956e-07
8.33044e-07
3.25744e-07
7.60922e-08
9.11506e-08
4.0693e-08
4.08538e-06
7.73876e-06
3.22434e-06
3.30822e-08
1.90077e-07
2.41283e-07
9.79058e-08
1.77398e-07
2.15571e-07
2.49896e-07
4.63505e-07
7.21915e-07
3.35385e-06
9.33911e-06
2.36784e-05
2.49579e-05
2.89434e-06
4.35722e-08
1.33794e-07
1.09096e-07
1.61653e-07
2.70175e-06
1.08475e-05
6.60191e-06
2.04545e-06
9.7842e-07
5.94893e-07
4.35457e-07
3.35188e-07
3.83607e-07
3.10538e-07
1.46493e-07
2.12324e-07
3.54765e-07
7.27509e-07
1.57676e-06
8.81101e-07
1.39889e-07
3.96446e-07
2.0154e-06
6.04527e-07
6.35721e-06
6.15754e-06
8.12399e-07
1.66325e-06
2.51255e-06
9.37973e-06
1.21698e-06
3.13425e-07
2.58584e-07
1.21938e-07
2.01595e-07
1.79743e-06
4.01579e-06
4.90823e-06
4.86671e-06
5.38745e-06
5.05368e-07
5.11786e-07
1.4218e-07
9.18162e-08
4.41911e-07
7.53339e-06
1.66317e-05
1.40785e-05
4.94631e-06
2.6768e-06
1.94629e-06
1.04057e-06
5.69383e-07
4.07273e-07
3.61917e-07
5.12148e-07
6.01253e-07
7.84293e-07
8.77715e-07
1.07115e-06
1.44013e-07
7.72764e-07
4.33159e-06
4.9309e-06
3.89239e-06
1.21105e-06
1.11277e-06
7.40804e-08
1.24491e-07
9.19203e-07
3.27518e-06
1.33663e-05
2.68746e-07
4.35199e-07
3.82629e-07
1.47231e-06
2.67703e-06
1.8533e-06
3.01738e-06
5.86558e-06
6.67078e-06
1.21029e-06
7.30729e-07
8.74087e-08
1.03394e-07
5.80642e-07
7.64983e-06
2.09097e-05
1.71111e-05
7.78403e-06
3.61831e-06
1.11721e-06
6.20911e-07
4.70348e-07
1.08036e-07
6.05257e-07
5.92823e-07
4.73582e-07
1.96648e-06
3.5692e-06
2.45768e-06
8.2479e-07
6.12028e-07
1.92253e-06
2.83294e-06
3.60628e-06
3.77596e-07
2.10125e-07
3.88182e-07
1.05487e-06
2.51833e-06
7.81414e-06
1.47707e-05
2.51925e-06
2.86138e-06
1.67609e-06
1.25812e-06
9.46387e-07
1.42829e-07
2.33114e-06
1.32787e-05
5.27675e-06
3.09223e-07
4.96665e-07
5.1507e-08
2.36732e-07
1.0188e-06
4.86583e-06
1.39099e-05
1.65187e-05
9.69977e-06
2.17866e-06
2.4177e-06
4.35208e-06
2.49662e-06
2.17541e-07
1.77598e-07
6.76657e-07
1.83776e-05
1.00748e-05
5.92125e-06
1.17769e-06
1.98372e-07
2.80241e-06
4.03052e-06
1.11478e-06
4.17865e-06
9.37973e-07
2.25704e-06
1.35764e-06
5.7822e-07
1.25583e-06
8.38972e-06
8.89322e-06
3.75404e-06
2.18724e-06
3.14057e-06
3.28484e-06
3.43042e-06
4.3963e-07
8.0057e-06
3.01973e-06
3.25418e-06
4.72252e-06
1.8554e-07
1.33058e-06
1.71633e-06
1.70638e-06
1.74838e-06
1.30415e-06
1.27781e-06
1.01632e-05
8.49958e-06
7.00382e-06
1.63978e-05
1.52537e-05
1.09051e-05
2.02695e-05
2.72052e-05
6.27579e-05
7.19284e-06
2.25338e-06
3.55753e-07
6.09475e-07
1.01722e-05
3.85816e-06
9.90895e-07
9.62212e-07
1.92894e-07
1.36356e-06
1.2063e-06
1.17045e-06
2.73399e-06
1.27252e-06
7.5244e-07
3.04302e-06
6.1852e-06
5.01679e-06
6.25313e-07
1.86322e-06
5.27777e-06
4.88161e-06
4.0981e-06
2.94048e-06
5.04059e-06
3.12655e-06
1.97031e-06
1.03605e-06
3.17649e-07
3.21544e-07
7.95743e-07
3.16196e-06
3.39469e-06
6.20233e-06
1.85409e-05
4.65682e-06
7.72597e-07
7.67413e-06
4.86258e-06
8.31154e-06
1.99959e-05
6.01006e-06
1.89113e-06
5.84381e-07
1.59068e-05
2.56719e-06
6.3916e-07
7.46129e-07
2.03469e-06
5.19926e-06
3.1624e-06
4.03985e-06
3.2208e-06
2.10098e-07
2.62705e-06
1.33226e-05
1.12079e-06
1.65437e-05
3.73016e-05
9.78857e-06
4.73313e-06
4.34255e-06
1.07305e-05
8.30368e-06
1.99382e-06
6.38637e-07
3.29019e-06
5.92947e-07
6.62987e-07
3.9616e-06
5.03459e-06
4.51806e-06
2.52853e-06
8.78988e-06
1.96865e-05
4.6541e-06
3.76126e-06
5.66851e-06
8.6367e-06
7.10206e-06
2.26549e-06
2.81327e-05
2.12455e-05
3.01359e-06
1.91701e-05
4.51105e-05
2.00545e-05
9.97608e-07
1.11962e-06
8.42958e-06
5.09032e-06
2.26289e-06
2.45707e-06
4.77331e-06
1.07929e-06
8.60603e-06
1.35603e-06
8.86455e-06
6.0427e-05
2.96864e-05
6.08001e-06
6.191e-06
9.49365e-06
1.2097e-06
4.96214e-06
3.63707e-06
3.46948e-06
2.56682e-06
1.87966e-07
2.64465e-06
8.85189e-06
6.43089e-06
2.71959e-06
7.46544e-06
2.10624e-05
3.96008e-05
3.16332e-06
5.10007e-06
6.67155e-06
5.04945e-06
4.77951e-06
9.22282e-06
3.19024e-05
1.33473e-05
2.91315e-06
6.81357e-06
1.09318e-05
3.75992e-06
2.45611e-06
1.48051e-06
9.68146e-07
2.28015e-06
3.21099e-06
4.55983e-06
5.14299e-06
1.65242e-06
5.55082e-06
2.81146e-06
2.95481e-06
3.63018e-05
1.53511e-06
3.28609e-05
7.23128e-05
3.67616e-05
4.58821e-06
3.05418e-07
4.24775e-06
1.19764e-05
8.94283e-07
6.21912e-07
2.30693e-06
4.8424e-06
4.92342e-06
3.10029e-06
2.36208e-06
1.36582e-05
3.4518e-05
3.06387e-06
1.03338e-06
5.93806e-06
6.79502e-06
5.75417e-06
5.19877e-06
7.67343e-06
7.98611e-06
7.60414e-06
2.34564e-06
3.8253e-06
5.97712e-06
5.45719e-06
2.48616e-06
7.35143e-06
2.47481e-05
2.17357e-05
6.7913e-06
4.2365e-06
3.1392e-06
4.95457e-06
9.31578e-06
8.67954e-06
2.47865e-06
1.8554e-05
6.27869e-05
3.2697e-05
9.62232e-06
1.6526e-06
5.46139e-06
3.62749e-06
9.21299e-06
1.26238e-06
1.23662e-06
2.89635e-06
3.34642e-06
8.89261e-07
2.16807e-06
5.41333e-06
2.87661e-05
4.85222e-05
4.12802e-05
1.29661e-05
4.03371e-06
5.00756e-06
4.64625e-06
5.70826e-06
9.41986e-06
1.65908e-05
8.18483e-06
3.38196e-06
5.59791e-06
5.17658e-06
6.42595e-06
6.38734e-06
2.43553e-05
3.97819e-05
1.16181e-05
4.25667e-06
3.08712e-06
1.39023e-05
6.51871e-06
9.55783e-06
7.62495e-06
6.49519e-06
1.53346e-05
1.14852e-05
4.79856e-06
2.16038e-05
5.47711e-06
1.39857e-06
6.41852e-06
4.92419e-06
2.92239e-06
3.26199e-06
3.6879e-06
3.23456e-06
1.75516e-06
4.91922e-06
1.4716e-05
3.98472e-05
1.76269e-05
8.20289e-06
4.09041e-06
6.72895e-07
3.37168e-08
2.48278e-07
4.28905e-06
2.64789e-05
1.73331e-05
8.68278e-07
6.39919e-06
2.17116e-05
2.06919e-05
9.59132e-06
4.14191e-06
7.30921e-06
1.08058e-05
5.16726e-06
4.78056e-06
1.07909e-05
7.58792e-06
6.45841e-07
1.26439e-05
1.63191e-05
1.17872e-05
6.7259e-06
2.18722e-06
9.46782e-06
3.63417e-05
2.04525e-05
2.52587e-06
5.27699e-06
1.64307e-05
9.0133e-06
2.30971e-06
8.61392e-06
9.18199e-06
7.58051e-06
4.88934e-06
1.83862e-05
6.82397e-06
2.49828e-06
2.47221e-06
3.25364e-06
2.14945e-06
1.7423e-06
4.16922e-06
1.99473e-05
6.11375e-06
3.02343e-06
6.11928e-06
2.71223e-05
3.62377e-05
1.23326e-05
1.62332e-06
3.33507e-06
5.98575e-06
2.39186e-06
1.30648e-05
7.63875e-06
1.96202e-05
2.73513e-05
7.5539e-06
1.28392e-06
6.12652e-06
6.00478e-06
5.68186e-06
1.64437e-05
3.12201e-05
1.63811e-05
1.17559e-06
1.41156e-06
3.35132e-06
3.41147e-06
5.85044e-06
9.15637e-06
5.67675e-06
2.45759e-06
6.79752e-07
1.41321e-06
2.02458e-06
1.18839e-06
8.1765e-07
1.18561e-06
2.46181e-06
3.86687e-06
4.42515e-06
6.18924e-06
3.8207e-06
2.70843e-06
4.28798e-06
3.16101e-06
3.84793e-06
4.35246e-06
1.79e-05
7.0543e-06
9.83212e-06
8.14147e-06
2.2728e-05
1.881e-06
4.94296e-06
2.89552e-06
9.15756e-07
1.89098e-06
3.20623e-06
3.7491e-06
4.45041e-06
1.75609e-05
3.13626e-05
1.91051e-05
1.59106e-06
3.34424e-06
2.38722e-06
1.28588e-06
5.00254e-06
1.04155e-06
1.12931e-06
1.55729e-06
9.19775e-07
2.24246e-06
9.69781e-07
1.46749e-06
8.90856e-07
3.05539e-07
1.95362e-06
2.42574e-06
1.05379e-06
2.15766e-06
3.39794e-06
5.7107e-06
6.23921e-06
3.74998e-06
2.35554e-06
1.55659e-06
1.34592e-06
6.88772e-07
2.8844e-06
1.40062e-06
2.48853e-05
1.28002e-05
2.84317e-06
1.72238e-06
8.28133e-07
1.13946e-06
1.0702e-05
3.2116e-05
2.23144e-05
2.15102e-07
2.66106e-06
6.32935e-06
6.09285e-06
5.26841e-06
3.99807e-06
3.78933e-06
3.58064e-06
3.00096e-06
2.34381e-06
3.57564e-06
3.94208e-06
1.576e-06
8.35369e-06
2.51485e-05
3.65033e-05
2.81196e-05
3.03449e-06
3.47048e-07
1.56359e-06
2.25719e-06
1.70202e-06
6.82668e-06
7.302e-06
2.15836e-06
2.67589e-06
3.22243e-06
2.12831e-06
1.44109e-06
1.71048e-06
2.8032e-06
3.34984e-06
4.22301e-06
3.03877e-06
1.66897e-06
1.8649e-07
6.84539e-07
6.02687e-06
2.39192e-06
6.09311e-07
1.61491e-06
1.42105e-06
1.30503e-06
1.76631e-06
3.09461e-06
3.24799e-06
3.13007e-06
2.87982e-06
2.84019e-06
3.35028e-06
3.00294e-06
7.17295e-07
1.52531e-06
1.28339e-06
3.1435e-06
7.45221e-06
8.89498e-06
5.22806e-06
5.04096e-06
3.99191e-06
9.67654e-07
1.46403e-06
4.89735e-06
3.1596e-06
1.4944e-06
1.18422e-06
1.03118e-06
2.06998e-06
6.74948e-06
6.89172e-06
3.17911e-06
1.9905e-06
2.45491e-06
2.54491e-06
2.83663e-06
2.38596e-06
1.18089e-06
8.29443e-07
6.86362e-06
9.66455e-06
8.94019e-06
8.19348e-06
7.08804e-06
4.3331e-06
3.98756e-06
2.22248e-06
1.14204e-05
2.90443e-06
1.63755e-06
2.5212e-06
2.71914e-06
1.6795e-06
9.29735e-07
1.76526e-06
4.99992e-06
2.73635e-06
6.30741e-07
7.46619e-07
7.12948e-06
1.18045e-05
4.86792e-06
3.18147e-06
3.4291e-06
2.24901e-06
1.04583e-06
1.72243e-06
4.16439e-06
6.47343e-06
6.90372e-06
4.80345e-06
3.66947e-06
3.35903e-06
3.63952e-06
2.56211e-06
3.03145e-06
2.51777e-06
1.89136e-06
1.44956e-06
1.16428e-06
6.2782e-07
2.33674e-06
3.21284e-06
6.2187e-07
1.82593e-06
3.53913e-06
1.65783e-06
1.62426e-05
3.54697e-05
2.55898e-05
2.34814e-06
1.0578e-06
1.18813e-06
7.67651e-07
2.74044e-06
2.79522e-06
5.91335e-07
1.22452e-06
7.16125e-06
1.72879e-05
2.04013e-05
1.66877e-05
9.56365e-06
2.89807e-06
3.87993e-06
4.53006e-06
4.08459e-06
2.65087e-07
1.1035e-06
2.1671e-06
1.76031e-07
1.07808e-06
4.72469e-06
9.23214e-06
1.29825e-05
3.92243e-06
1.0335e-06
5.25747e-07
1.11534e-05
1.9464e-05
7.91234e-06
6.61712e-07
2.94144e-06
4.73186e-06
2.83357e-06
1.90911e-06
1.09359e-06
1.97122e-06
1.96708e-05
1.8222e-05
5.65589e-06
1.92304e-06
1.59176e-06
5.13522e-07
8.70408e-10
2.46418e-09
7.74853e-09
1.31778e-08
1.17532e-08
6.77869e-09
1.08147e-09
2.58907e-11
1.24367e-09
9.16737e-09
3.66068e-08
3.37482e-08
1.72174e-08
1.92914e-08
2.29198e-08
4.11383e-08
8.95771e-08
1.48618e-07
1.6772e-07
2.17204e-07
2.38039e-07
5.85621e-08
2.91758e-09
3.11939e-10
4.22653e-10
2.06724e-11
1.47946e-10
6.55541e-10
2.73846e-10
5.25286e-11
1.09635e-10
9.88121e-11
9.41607e-12
1.54258e-11
1.03223e-09
3.89806e-09
2.38734e-09
2.10079e-10
1.77358e-11
2.18405e-10
7.16949e-09
1.74845e-08
4.02384e-08
5.56239e-08
4.15221e-08
1.52941e-08
2.82509e-10
6.12156e-09
3.66045e-08
1.0126e-07
2.09861e-07
1.98973e-07
1.5242e-07
1.74705e-07
1.42205e-07
1.0481e-07
1.41071e-07
3.83074e-07
1.29645e-06
2.06948e-06
1.26905e-06
3.31619e-07
2.10029e-08
2.84792e-09
2.48806e-09
4.12201e-10
1.31458e-09
3.53863e-09
1.58592e-09
3.67158e-10
2.69352e-10
1.2426e-10
5.54543e-11
6.57058e-10
9.69367e-09
1.8696e-08
7.64846e-09
3.54849e-10
1.64646e-10
2.12517e-09
1.08487e-08
2.49767e-08
5.90588e-08
9.40553e-08
8.96786e-08
4.66128e-08
3.15426e-09
1.32437e-08
9.16396e-08
2.08939e-07
3.50432e-07
3.02998e-07
2.69176e-07
4.28393e-07
5.02005e-07
3.54701e-07
2.63658e-07
5.10479e-07
1.74378e-06
4.1363e-06
3.11189e-06
1.18677e-06
1.52444e-07
1.74343e-08
1.19342e-08
3.39713e-09
4.23556e-09
1.09937e-08
7.19858e-09
4.15281e-09
2.77869e-09
3.56469e-10
2.40026e-10
6.1204e-10
1.8748e-08
5.80827e-08
3.08196e-08
2.41478e-09
9.4305e-11
3.13089e-09
9.64163e-09
2.88614e-08
6.75204e-08
1.17272e-07
1.23065e-07
9.89849e-08
4.38978e-08
3.11153e-09
4.92928e-08
1.73122e-07
3.44744e-07
2.35961e-07
1.2543e-07
4.78818e-07
1.22457e-06
8.28128e-07
1.88776e-07
2.82157e-07
9.99316e-07
3.25042e-06
5.06706e-06
2.30637e-06
4.23823e-07
5.67115e-08
5.92183e-08
1.88913e-08
1.72994e-08
4.18868e-08
2.05983e-08
9.81742e-09
1.10629e-08
5.2494e-09
3.27105e-10
2.69564e-09
4.82061e-09
3.97054e-08
6.35504e-08
2.63324e-08
1.81534e-09
3.36101e-10
2.20149e-09
2.39449e-08
7.93301e-08
1.57092e-07
1.83579e-07
1.30844e-07
8.39505e-08
2.29329e-08
2.52297e-09
8.52019e-09
4.79778e-08
3.67632e-08
4.97571e-09
5.3231e-08
1.81089e-06
1.54158e-06
2.27127e-07
1.25555e-06
6.53064e-08
6.0481e-07
6.00403e-06
4.14638e-06
5.25266e-07
5.83455e-08
2.54009e-07
1.25922e-07
4.84155e-08
2.01307e-07
2.68648e-07
6.30318e-08
3.11548e-08
2.37504e-08
5.70956e-09
3.78578e-09
5.70453e-09
3.8274e-09
7.98347e-09
1.14049e-08
1.2391e-08
5.24727e-09
9.06145e-07
6.44932e-08
9.90037e-08
1.9194e-07
2.78652e-07
2.8051e-07
1.29535e-07
4.22559e-08
2.15799e-08
4.41733e-09
3.20787e-10
1.27199e-08
1.27639e-07
8.43119e-08
1.33513e-06
6.26378e-06
8.42923e-07
3.16009e-06
3.43782e-06
2.49629e-07
1.75167e-06
5.72092e-06
7.55781e-07
6.79701e-08
5.22803e-07
8.74489e-07
2.68005e-07
7.70279e-07
2.32348e-06
4.50992e-06
6.31743e-07
1.46261e-07
8.22087e-08
3.84436e-08
3.08437e-08
1.1356e-08
3.19685e-09
7.30472e-09
1.34435e-08
1.75435e-07
1.43441e-06
3.41623e-06
1.02104e-07
3.07228e-07
4.95746e-07
5.58025e-07
4.96217e-07
7.83284e-08
5.11516e-07
8.97301e-07
4.58247e-08
4.35497e-08
5.84113e-07
8.0522e-07
1.0244e-07
6.83174e-06
7.15528e-06
3.73114e-06
3.43282e-06
3.47664e-06
1.26995e-06
3.42909e-06
1.63685e-06
5.33374e-08
4.21409e-07
1.14215e-06
2.35178e-07
5.87943e-06
7.49555e-06
1.57265e-05
1.74947e-05
2.7582e-06
9.40512e-07
4.34419e-07
1.83035e-07
1.64721e-07
9.58916e-08
2.25518e-08
5.18625e-08
9.89853e-08
1.70057e-05
4.21157e-06
1.10296e-05
9.54259e-06
1.01791e-06
8.80107e-07
8.06821e-07
4.7829e-07
3.28872e-07
1.52537e-05
1.50009e-05
1.93828e-07
1.16698e-06
1.62452e-06
4.3173e-07
2.83191e-07
6.13362e-06
9.70662e-06
2.44258e-06
3.03906e-06
2.64333e-06
1.18112e-06
1.49319e-06
7.06668e-07
1.25994e-06
1.39368e-06
1.9782e-07
8.76163e-06
9.88534e-06
1.32577e-05
1.9274e-05
1.41302e-05
3.7897e-06
1.98276e-06
6.76366e-07
1.62649e-06
6.9566e-06
4.53985e-06
5.48373e-07
2.94897e-06
5.09542e-07
1.87722e-05
1.00622e-05
4.21679e-05
1.82449e-05
1.41616e-06
9.26211e-07
2.20544e-07
1.61351e-08
5.18273e-06
1.85764e-05
8.68901e-06
3.45476e-07
1.92356e-06
5.15724e-07
3.35742e-07
1.04817e-06
1.29724e-06
6.22082e-06
3.12347e-06
3.40804e-06
1.01594e-06
4.10217e-07
3.6224e-06
6.01944e-06
4.44849e-06
1.94035e-06
3.14698e-06
9.1604e-06
9.73726e-06
1.64871e-05
1.72255e-05
9.71762e-06
3.80016e-06
3.30311e-06
6.17869e-06
6.48065e-06
9.8956e-06
2.7125e-06
7.97568e-07
2.8765e-06
8.21652e-07
2.29273e-05
4.25078e-05
4.51206e-05
8.19606e-07
3.38062e-06
2.521e-06
3.20783e-06
1.50832e-06
3.65406e-06
1.56928e-06
3.0978e-06
2.82163e-06
4.65248e-07
8.99944e-07
5.89197e-07
3.82633e-06
2.70244e-06
2.76367e-06
3.94036e-06
5.09884e-06
2.49973e-05
4.29828e-06
3.37224e-06
4.09124e-06
3.00663e-06
3.67688e-06
4.34231e-06
3.16652e-06
1.03596e-05
2.2032e-05
1.43778e-05
2.68643e-06
2.03602e-06
4.63262e-06
8.01147e-06
1.05711e-05
4.40549e-06
2.22565e-06
1.39202e-06
2.51648e-06
3.24268e-06
1.41529e-05
2.46711e-05
6.62112e-06
9.05211e-07
4.00979e-06
1.85147e-05
2.44741e-05
7.1138e-06
3.51844e-06
3.6588e-06
5.20987e-06
2.79945e-07
2.26896e-06
3.08822e-06
1.51184e-06
1.79189e-06
1.97023e-06
2.82914e-06
5.8456e-06
2.15966e-05
7.5427e-08
2.08039e-06
2.14987e-06
1.85574e-06
4.92024e-06
7.83732e-06
5.43192e-06
4.21147e-06
4.29843e-06
5.8534e-06
9.21718e-07
8.32843e-07
3.74053e-06
7.71595e-06
5.58737e-06
2.43704e-06
6.68563e-07
2.46741e-06
3.66949e-06
1.68021e-06
7.61525e-06
8.0713e-06
6.79949e-07
1.80778e-06
6.58807e-06
1.0759e-05
2.77249e-05
6.432e-06
6.74082e-06
4.2907e-06
4.00082e-06
5.19369e-07
8.08236e-07
2.46219e-06
6.97472e-07
4.4256e-06
8.56803e-06
3.24834e-06
5.55391e-06
2.57652e-05
9.15457e-06
5.06686e-06
5.51454e-06
1.36087e-06
4.43579e-06
1.1219e-05
9.13952e-06
8.15186e-06
3.44989e-06
3.97943e-06
2.25239e-06
1.05856e-06
3.24518e-06
4.92429e-06
5.86742e-06
2.10163e-06
5.98797e-07
1.11683e-06
1.7835e-06
6.85001e-07
5.05797e-06
6.42993e-06
7.59201e-07
4.40847e-06
3.89683e-06
7.7699e-07
4.25905e-06
1.73453e-05
5.79691e-06
1.66804e-05
2.93434e-05
7.57232e-07
1.65181e-07
9.64111e-07
1.46125e-06
4.79667e-06
5.04456e-06
1.48653e-05
7.526e-06
5.28222e-05
7.54702e-05
3.33568e-05
1.33122e-05
3.42547e-06
1.63188e-06
5.37081e-06
1.1568e-06
1.98992e-06
3.72829e-06
1.37222e-06
2.10824e-05
1.11532e-05
4.05354e-06
4.17425e-06
7.24778e-06
2.28482e-06
1.64028e-06
8.34898e-07
7.43941e-07
7.65611e-07
1.72904e-06
7.43846e-06
2.37247e-06
1.59427e-06
2.80575e-06
1.4948e-06
2.33519e-06
1.51101e-05
5.09791e-06
3.4078e-06
1.28946e-05
5.71492e-06
6.7202e-06
3.73387e-06
4.73941e-07
4.98492e-06
6.37521e-06
2.44928e-06
2.88647e-06
5.86308e-05
8.61147e-05
1.84231e-05
2.60047e-05
8.12742e-06
2.61889e-06
4.08665e-06
1.82456e-05
1.52521e-05
3.35406e-06
7.52892e-06
6.96003e-06
8.57194e-06
1.24853e-05
8.64727e-06
5.94156e-06
1.35974e-06
1.87461e-06
6.90986e-06
2.27394e-06
1.62648e-06
3.68791e-06
6.4039e-06
4.63448e-06
2.50193e-06
5.94845e-06
5.07065e-06
1.1034e-06
5.90246e-06
3.87323e-06
2.85428e-06
2.44896e-06
2.92771e-06
6.86262e-06
9.91051e-07
2.17288e-06
1.54869e-06
4.51533e-06
5.07083e-06
3.18926e-06
8.52141e-06
6.90891e-05
5.14772e-05
1.2489e-05
2.32455e-06
2.15942e-06
4.57717e-06
6.24897e-06
3.10168e-06
1.08658e-06
1.03322e-06
8.76766e-07
1.1851e-06
5.04287e-06
2.96678e-05
2.42452e-05
4.33337e-06
3.97694e-06
1.73788e-05
6.90885e-06
1.69447e-06
7.54051e-06
7.51775e-06
5.42144e-06
2.31063e-06
4.54499e-06
6.95432e-06
2.5349e-06
4.92967e-06
6.82532e-06
4.10252e-06
3.01406e-06
1.37845e-05
2.33044e-05
1.16053e-06
3.85185e-06
9.2438e-06
3.51058e-06
5.55209e-06
6.39556e-06
8.31637e-06
1.0861e-05
8.2066e-06
1.21889e-06
3.71097e-06
2.28688e-06
1.03841e-06
1.19025e-06
3.70535e-06
1.26256e-06
3.29185e-07
7.92373e-07
6.18357e-07
4.02508e-07
1.09154e-05
3.80649e-05
1.12806e-05
4.58803e-06
2.84668e-05
3.44797e-05
4.19148e-06
4.473e-06
5.98895e-06
5.60769e-06
9.20172e-06
3.77688e-06
4.92875e-06
1.32539e-05
2.83427e-05
2.27142e-05
5.12754e-06
2.6002e-06
1.94255e-05
4.25252e-05
1.28896e-05
2.59284e-06
1.05887e-05
6.34267e-06
3.538e-06
3.62049e-06
6.34536e-06
9.63805e-06
7.88829e-06
5.27334e-06
2.14183e-05
4.59261e-06
7.2712e-07
1.85531e-06
3.75856e-06
3.70698e-06
2.48848e-06
6.86979e-07
2.54663e-07
5.76717e-07
1.23988e-05
3.22548e-05
1.39783e-05
3.1141e-07
2.26082e-06
7.33106e-06
2.2284e-06
1.99115e-06
3.65672e-06
5.21805e-06
2.58527e-05
4.51074e-06
4.88185e-06
3.18285e-06
3.34482e-05
5.64972e-05
4.54543e-05
5.17518e-06
1.88292e-06
2.9552e-05
2.67601e-05
5.80224e-07
2.88911e-05
2.16837e-05
4.38905e-06
4.56363e-06
3.97342e-06
1.26544e-05
1.04777e-05
3.82388e-06
1.6246e-05
3.59815e-05
8.32265e-06
2.6028e-06
3.07087e-06
3.80396e-06
5.93647e-06
1.47515e-05
1.23238e-06
1.90679e-06
2.11809e-05
1.07405e-05
4.65575e-06
1.44244e-06
9.20452e-06
1.43394e-05
7.51675e-06
3.68298e-06
4.25691e-06
1.60575e-05
2.9555e-05
4.67329e-06
4.76029e-06
4.44792e-06
1.03914e-06
3.47506e-05
3.92573e-05
3.96705e-06
3.8298e-06
5.28926e-06
8.80446e-06
1.48941e-06
1.27666e-05
1.92704e-05
5.80274e-06
7.33928e-07
6.94721e-07
5.91656e-06
1.55214e-05
4.79478e-06
3.69316e-06
2.50416e-06
2.84771e-06
4.10545e-06
5.83729e-06
3.59058e-06
3.84626e-06
5.00585e-06
3.07355e-06
7.21315e-07
1.12316e-05
3.1056e-06
2.37798e-06
2.90984e-06
2.61902e-06
2.37986e-06
4.36458e-06
5.04106e-06
7.20441e-06
1.44136e-05
1.71238e-05
4.7353e-06
3.21255e-06
4.86379e-06
5.77439e-06
3.97741e-06
2.58447e-06
4.73498e-06
1.60928e-05
1.26748e-05
2.53398e-06
1.90675e-06
4.56201e-06
4.64979e-06
3.30639e-06
1.68412e-06
4.49422e-07
1.15824e-06
5.35391e-06
5.41744e-07
3.07674e-06
6.31031e-06
6.04047e-06
5.74776e-06
6.40371e-06
1.63332e-06
1.90394e-06
1.76816e-06
1.09317e-05
2.47991e-05
1.71233e-08
2.10823e-06
2.02811e-06
2.34225e-06
6.44633e-06
5.77411e-06
7.2642e-06
8.05166e-06
3.73883e-06
3.04247e-07
1.12912e-05
1.09338e-05
3.69606e-06
2.59217e-06
5.37729e-06
4.87301e-06
3.26735e-06
2.30087e-06
5.57297e-06
2.26515e-06
2.32285e-06
3.20417e-06
9.5898e-06
1.29868e-05
3.31855e-06
2.33665e-06
3.64074e-06
3.50739e-06
1.13048e-07
7.57044e-06
2.77667e-08
2.38524e-06
4.59926e-06
5.87517e-06
1.28872e-05
4.09825e-06
4.24537e-06
5.07971e-06
2.52954e-06
2.71693e-07
8.66063e-07
2.0632e-06
7.41325e-07
1.17445e-05
8.15236e-06
2.25823e-05
3.15247e-05
3.28686e-05
2.23792e-05
5.1178e-06
3.74408e-07
1.84803e-06
1.36853e-06
2.19728e-06
2.5344e-06
3.54142e-07
3.39661e-07
1.42105e-06
7.07103e-06
4.18145e-06
3.13681e-06
3.18488e-06
4.10568e-06
2.75636e-06
1.14423e-05
1.8131e-05
2.71053e-06
2.15276e-06
3.93503e-06
3.72992e-06
2.85812e-06
2.2313e-06
8.14035e-06
7.93955e-06
6.54141e-06
9.25251e-06
5.74652e-06
2.09179e-06
3.3541e-06
3.99767e-06
3.80146e-06
3.13238e-06
1.27245e-06
8.99567e-07
1.47616e-06
1.54366e-06
6.77409e-06
1.80242e-05
1.8684e-05
7.33677e-06
1.59028e-06
5.71048e-07
1.75088e-06
3.12311e-06
2.27927e-07
1.22798e-06
8.54487e-07
2.0591e-07
1.2451e-06
5.88633e-06
4.03611e-06
1.79207e-06
7.94703e-07
7.35295e-07
2.87247e-07
1.55457e-06
2.0607e-06
4.34254e-07
4.24216e-07
7.96865e-07
2.49626e-06
5.78663e-06
8.41303e-06
9.50411e-06
1.10605e-05
1.69976e-05
4.25981e-05
4.0608e-05
6.80823e-06
8.18205e-07
1.45546e-06
2.66296e-06
2.31545e-06
1.80835e-06
2.40235e-06
1.77693e-06
4.53623e-07
5.68157e-07
8.40848e-06
2.07509e-05
1.34782e-05
6.78205e-07
5.84185e-07
1.76096e-06
2.87449e-06
1.70129e-06
3.21111e-08
4.90948e-08
1.5006e-06
5.64923e-06
5.31646e-06
4.89682e-06
3.99119e-06
4.74525e-06
1.3526e-05
3.60382e-06
6.06458e-07
1.36176e-06
2.28747e-06
1.9946e-06
1.46922e-06
3.25517e-07
2.41235e-06
4.66542e-06
4.27936e-06
5.82201e-06
2.79444e-05
4.04879e-05
3.29833e-05
9.35023e-06
8.3423e-07
2.71099e-06
8.27776e-06
4.13789e-06
1.12812e-06
1.78038e-06
1.42611e-06
1.0223e-06
2.04976e-06
4.02418e-06
4.00788e-06
2.36016e-06
1.81396e-06
2.04646e-06
1.05572e-06
2.56934e-06
4.20437e-06
1.59836e-06
2.56231e-06
6.77208e-07
7.65215e-07
1.89155e-06
2.72736e-06
3.31325e-06
5.84329e-07
1.47998e-06
9.43955e-07
3.28814e-06
1.72327e-05
1.74375e-05
3.44265e-06
9.24068e-07
1.38002e-06
1.35864e-06
2.56037e-06
2.4225e-06
3.39935e-07
2.03599e-06
4.19982e-06
1.41164e-06
3.95285e-06
4.22653e-06
2.39956e-06
2.41743e-06
7.41441e-10
2.12599e-10
4.68852e-10
2.46365e-11
8.86219e-10
6.14555e-10
9.37666e-12
8.59702e-11
6.15913e-11
7.7143e-12
2.94265e-10
3.65036e-09
3.72114e-09
3.29221e-10
1.08109e-10
2.61393e-10
7.41992e-10
8.95737e-09
4.60635e-08
5.35466e-08
5.71856e-09
5.19431e-09
1.83049e-08
4.72838e-09
6.46408e-10
2.62598e-10
2.14068e-10
4.10718e-12
1.65102e-10
1.01865e-09
1.16324e-09
6.76003e-10
4.09573e-10
1.18558e-09
1.72847e-09
8.6349e-11
2.27941e-10
5.86433e-10
9.5458e-10
2.00393e-09
1.10651e-09
1.09055e-10
2.31852e-10
6.61023e-10
3.09876e-09
1.09929e-09
4.76132e-10
2.43825e-09
3.77e-09
5.60686e-09
2.00495e-08
6.00083e-08
6.49948e-08
8.48345e-09
3.6062e-10
2.66084e-09
3.44576e-09
1.88333e-08
1.60988e-07
2.74819e-07
2.31215e-08
8.25188e-08
1.40527e-07
4.46857e-08
9.38336e-09
4.38423e-09
1.59986e-09
4.63405e-11
6.14064e-10
3.90556e-09
2.86169e-09
1.03424e-09
1.60336e-09
1.13258e-08
1.52983e-08
8.06748e-10
1.80935e-09
4.15236e-09
3.83532e-09
3.97865e-09
4.64413e-09
5.37135e-09
2.13445e-09
6.29675e-09
1.23711e-08
6.81426e-09
2.41528e-08
3.81051e-08
3.65557e-08
8.65275e-08
4.61948e-07
1.40375e-06
1.71498e-06
3.53563e-07
4.9659e-09
2.51665e-07
2.68134e-06
7.50815e-08
1.00088e-07
3.9698e-07
9.04736e-08
3.06033e-07
5.79986e-07
2.43992e-07
6.51322e-08
3.87286e-08
2.50807e-08
3.63365e-09
9.94459e-10
9.29525e-09
7.46362e-09
2.72652e-09
8.56585e-10
4.9963e-09
2.76594e-08
9.51121e-09
1.85061e-09
7.72955e-09
1.06746e-08
6.95755e-09
8.89385e-09
1.15268e-08
1.80836e-08
6.29097e-08
9.59728e-08
1.07642e-08
1.75252e-07
3.8964e-07
4.42726e-07
5.12497e-07
2.49874e-06
1.14986e-05
2.0369e-05
1.60994e-05
1.60922e-07
1.29468e-07
5.35599e-06
1.19785e-05
4.02866e-07
3.95645e-07
3.24457e-07
6.73523e-07
1.6049e-06
9.11171e-07
3.9094e-07
3.10317e-07
3.35748e-07
1.68459e-07
2.68696e-08
1.05407e-08
4.13783e-08
2.92687e-08
7.40894e-09
4.25062e-09
2.87822e-08
3.95489e-08
7.64649e-09
2.27304e-09
1.46362e-08
2.49269e-08
7.37777e-08
1.39483e-08
4.78033e-09
7.40066e-08
3.26752e-07
9.36561e-08
3.48594e-08
1.97254e-07
9.90138e-07
1.74204e-06
4.21289e-06
1.32854e-05
1.31372e-05
2.25122e-05
1.8158e-05
1.31746e-06
2.55626e-06
1.79271e-06
2.50208e-05
6.19845e-07
8.1494e-07
5.73194e-07
1.26917e-06
7.22295e-07
7.28018e-07
1.32025e-06
2.89657e-06
3.52074e-06
2.57033e-06
9.71654e-07
1.15112e-07
1.82914e-07
1.16616e-07
1.74806e-08
3.19323e-08
8.23694e-08
1.94849e-08
1.06868e-09
4.55702e-09
3.92654e-08
6.27926e-08
3.47656e-07
3.71586e-08
2.37826e-08
3.28746e-07
4.2793e-07
2.60418e-08
7.41333e-09
1.08554e-07
6.13759e-07
3.98776e-06
7.59506e-06
6.66714e-06
1.36679e-05
2.41128e-05
2.23598e-06
6.20971e-06
3.36178e-06
8.33159e-06
2.28199e-05
8.77417e-07
3.84526e-07
5.38506e-07
2.58117e-07
1.1928e-07
4.67324e-07
4.9098e-06
1.52914e-05
2.09867e-05
2.73066e-05
1.56598e-05
7.14907e-07
5.0695e-07
2.97073e-07
9.73264e-08
2.00311e-07
8.16925e-08
6.71884e-08
2.11123e-07
4.58286e-08
4.82436e-07
1.27252e-07
4.07755e-06
1.07303e-08
3.52845e-07
6.35866e-07
1.62611e-07
5.23929e-08
2.22339e-07
4.062e-07
1.31688e-06
2.47324e-06
4.93485e-07
1.59336e-05
1.63107e-05
2.17011e-05
1.11066e-06
3.97112e-06
5.2736e-06
5.0441e-05
1.36983e-06
3.69436e-07
2.62119e-07
2.63846e-07
2.45439e-07
5.07033e-07
7.66449e-07
1.60372e-05
2.28186e-05
2.27491e-05
3.55371e-05
2.63616e-05
2.70421e-06
1.43376e-06
5.08457e-07
7.62571e-07
6.29267e-07
4.78992e-07
4.31833e-06
7.63244e-07
2.28801e-06
4.92453e-06
1.41452e-05
1.02607e-05
9.27318e-07
1.24438e-06
2.70256e-07
8.7226e-08
2.17962e-07
3.41302e-07
7.39879e-07
4.11251e-06
1.47732e-06
1.46052e-06
3.93791e-05
8.6357e-06
1.46872e-05
8.97053e-06
3.55587e-06
1.45059e-05
2.37605e-05
4.95903e-07
4.88877e-07
2.13121e-07
2.68291e-07
6.06662e-07
9.65999e-07
7.33415e-06
1.80416e-05
6.9269e-06
2.39369e-05
3.65967e-05
2.02025e-05
4.10529e-06
1.60972e-06
2.65608e-06
1.77715e-06
1.29114e-06
3.81691e-06
6.24683e-06
7.24869e-06
2.62445e-06
7.90034e-06
4.57545e-06
8.52008e-06
7.41038e-06
1.54294e-06
1.19122e-07
2.96253e-07
7.08456e-07
2.00711e-07
5.26488e-06
7.8161e-06
5.50676e-07
4.25196e-06
6.68765e-06
9.20979e-06
1.33245e-05
7.22e-06
9.71185e-06
1.39603e-05
6.09816e-06
4.99406e-06
9.27812e-07
4.89462e-07
5.49588e-07
1.12869e-06
1.98243e-06
1.32307e-05
1.56767e-06
2.70617e-06
3.12731e-05
3.47406e-05
7.61473e-06
1.40544e-06
4.50875e-06
8.7733e-06
1.58443e-06
2.66587e-06
9.84665e-06
3.08228e-05
3.82834e-06
1.85871e-06
1.10322e-05
3.85222e-06
7.55388e-06
6.34955e-06
3.32722e-06
4.95216e-06
1.88879e-06
6.34909e-07
1.32575e-06
8.73817e-06
6.6841e-07
1.12927e-06
2.0126e-06
9.21109e-06
1.29354e-05
5.05038e-06
9.93851e-06
1.07143e-05
6.95306e-06
5.77746e-06
4.32606e-06
9.70751e-07
1.2843e-06
1.89571e-06
9.39601e-06
9.01793e-06
3.70071e-06
1.4419e-06
6.487e-06
3.39372e-05
2.37483e-05
1.71193e-06
2.29812e-06
3.85508e-06
1.24314e-06
1.28694e-05
2.75276e-05
3.72097e-05
3.59302e-06
4.45416e-06
2.78357e-06
2.78732e-06
1.64529e-06
4.33746e-06
1.33693e-05
9.19982e-07
6.38748e-06
1.7303e-06
3.17402e-06
6.78422e-06
6.91263e-07
4.62775e-07
3.39939e-07
5.27929e-06
3.90378e-05
3.6897e-06
3.42523e-06
1.4962e-05
9.69287e-06
6.17368e-06
9.46272e-07
2.70157e-06
5.32653e-07
1.64771e-06
1.14357e-05
1.34767e-05
1.26654e-05
7.41143e-06
2.43648e-06
1.47193e-05
1.24896e-05
2.58645e-06
7.18964e-07
5.92226e-06
2.37766e-05
4.09294e-05
4.52569e-05
3.57123e-05
5.46732e-06
3.38773e-06
6.1327e-06
3.99552e-06
2.47288e-06
2.21839e-06
5.20792e-06
4.39994e-06
5.6468e-06
1.79858e-06
3.17559e-05
4.5459e-05
2.53343e-06
9.31156e-07
1.52512e-06
5.17536e-07
3.02047e-05
9.43184e-06
7.55442e-07
1.28866e-05
1.27586e-05
5.0854e-06
3.40403e-06
3.15062e-06
1.44881e-06
5.88792e-06
2.84831e-06
1.76807e-06
1.15509e-05
6.91521e-06
1.57171e-06
7.30803e-06
1.26318e-05
1.15422e-05
2.58696e-07
1.71496e-05
3.41309e-05
3.8848e-05
4.13123e-05
4.04374e-05
9.0159e-06
4.50826e-06
9.41341e-06
8.29826e-06
5.27649e-06
4.80538e-06
3.22925e-06
1.77698e-06
6.49137e-06
4.99862e-06
1.95187e-05
4.89824e-05
2.83256e-05
2.20608e-07
2.90068e-07
4.39196e-07
2.35732e-06
2.52545e-06
5.70619e-07
2.29112e-06
2.4187e-05
2.39711e-05
4.2674e-05
1.2626e-05
6.85374e-06
1.20402e-05
6.587e-06
3.95256e-06
1.96897e-05
3.40525e-05
2.00947e-06
4.51029e-06
2.11694e-05
3.04935e-05
1.90608e-05
1.52473e-05
2.87198e-05
4.07835e-05
4.07627e-05
4.33505e-05
2.23505e-05
4.95356e-06
1.35527e-05
1.16637e-05
5.57397e-06
6.42389e-06
4.55839e-06
9.54269e-07
1.13621e-05
6.36107e-06
6.25475e-06
2.82719e-05
7.63608e-06
4.70658e-06
2.74015e-06
2.45919e-05
1.36609e-05
1.16277e-07
2.17608e-06
1.10538e-06
3.09399e-06
3.21088e-05
4.22401e-05
3.33916e-06
3.1657e-06
6.55942e-06
6.00353e-06
2.79143e-05
2.87635e-05
2.72441e-05
3.68006e-06
4.94643e-06
3.45995e-05
5.92176e-05
4.91112e-05
1.76547e-05
2.17058e-05
4.3481e-05
3.93831e-05
3.78792e-05
1.57479e-05
2.60826e-06
6.84321e-06
7.94204e-06
5.51872e-06
8.53802e-06
7.14593e-06
2.67753e-06
2.02969e-06
9.12595e-07
3.14406e-06
5.50712e-06
7.6032e-07
4.49685e-06
5.992e-06
7.04561e-06
1.81889e-05
9.60346e-06
2.54618e-07
2.73666e-06
1.30793e-06
1.66822e-05
1.8232e-05
1.90839e-06
3.97961e-06
3.26181e-06
3.48453e-06
1.71282e-05
2.08978e-05
1.41922e-05
6.09698e-06
3.62913e-06
4.9876e-06
4.24383e-06
2.8425e-05
3.14282e-05
2.76836e-05
2.521e-05
4.23438e-05
2.9619e-05
3.57002e-06
2.83493e-07
1.17262e-05
9.03117e-06
4.93226e-06
3.87685e-06
3.74756e-06
3.23606e-06
3.40979e-06
2.3299e-06
9.02834e-07
2.56891e-06
1.0616e-05
1.45624e-05
1.72326e-06
5.3322e-06
8.78427e-06
1.7203e-05
2.4028e-05
3.66649e-06
3.70715e-06
8.56755e-06
1.65661e-05
2.45216e-06
1.85155e-06
4.00515e-05
1.1323e-06
1.40383e-06
2.3436e-05
8.45234e-06
3.5546e-06
8.55575e-07
1.12456e-06
3.76101e-07
1.22698e-06
1.66934e-05
2.35703e-05
1.7371e-05
1.11764e-05
2.80698e-06
5.35925e-06
1.6854e-06
6.07054e-06
1.59535e-05
5.41211e-06
8.7354e-06
6.34244e-06
5.33059e-06
2.32577e-06
3.80828e-06
1.18487e-05
9.03994e-06
1.60983e-05
2.72604e-05
2.46069e-05
6.33738e-06
2.75392e-05
3.52364e-05
2.68906e-05
2.31605e-05
2.07591e-06
9.95966e-06
1.14717e-05
1.82724e-06
2.3957e-07
1.49134e-05
1.46263e-05
2.9538e-06
4.5176e-06
1.04443e-05
5.81348e-06
1.46193e-06
2.20838e-08
3.88069e-07
6.94518e-07
1.37226e-06
2.73479e-05
1.16331e-05
6.09939e-06
5.17114e-06
2.76658e-06
2.07753e-06
2.30901e-06
1.56148e-06
5.26318e-06
6.95285e-06
3.43267e-06
2.17772e-06
2.51238e-06
1.66305e-06
1.41877e-06
1.59731e-06
5.43845e-06
1.1263e-05
1.96526e-05
8.61332e-06
1.05139e-05
2.71324e-05
1.99847e-05
5.92675e-06
2.24478e-06
6.77735e-07
6.92776e-06
2.90973e-06
4.80793e-07
3.35091e-06
2.97117e-06
4.3136e-06
2.7557e-06
3.11547e-06
1.85183e-06
3.14017e-06
5.38949e-06
3.10282e-06
2.98699e-06
3.33898e-06
4.28372e-06
4.71136e-06
5.49991e-06
4.87126e-06
6.9498e-06
8.35145e-06
6.75307e-06
5.64347e-06
1.69775e-05
1.66352e-05
5.07811e-06
3.27445e-06
4.65551e-06
7.42194e-06
6.37668e-06
4.09401e-06
2.43726e-06
8.7128e-07
2.03435e-06
2.93001e-06
1.0972e-06
3.37248e-06
6.23549e-06
1.665e-06
3.88817e-06
1.02824e-06
7.26816e-07
3.9688e-07
3.59188e-07
6.10545e-07
1.69997e-06
3.01437e-06
2.86733e-06
3.68899e-06
4.91936e-06
3.59934e-06
4.64868e-06
3.46242e-06
8.91728e-07
3.85158e-06
1.77937e-06
2.75831e-06
4.6081e-06
1.16043e-06
2.1204e-06
3.69777e-06
3.55705e-06
2.69784e-06
1.13057e-06
4.06976e-06
4.29066e-06
2.59048e-06
7.63163e-07
8.54742e-07
1.04667e-06
1.28368e-06
2.94349e-06
5.88687e-06
9.06409e-06
3.13752e-06
1.79168e-06
2.25098e-06
2.77652e-06
3.64941e-06
1.56255e-06
2.02551e-06
3.62394e-06
1.42752e-06
2.03331e-06
1.7751e-06
7.48719e-07
2.10246e-06
2.51476e-06
2.05324e-06
2.2022e-06
3.18622e-06
3.80587e-06
4.40216e-06
4.61327e-06
2.57285e-06
1.93306e-06
2.0176e-06
1.95677e-06
8.72977e-07
2.62872e-06
4.23801e-06
4.14644e-06
4.79777e-06
5.97705e-06
3.75969e-06
1.86625e-06
5.93701e-07
2.60837e-06
2.20943e-06
1.70745e-06
1.89659e-06
2.94862e-06
3.64985e-06
7.43925e-06
8.03257e-06
9.4214e-06
4.40668e-06
1.56017e-06
1.59676e-06
1.07813e-07
1.05696e-05
9.42406e-06
6.04484e-06
3.46447e-06
4.7406e-06
3.06257e-06
2.70553e-06
1.38284e-06
2.02637e-06
2.34613e-06
2.36755e-06
1.56682e-06
3.22352e-05
4.39829e-05
2.94225e-05
2.42766e-06
8.58662e-07
2.77791e-06
2.44554e-06
1.78585e-06
3.23146e-06
6.91215e-06
3.22022e-06
6.47595e-07
3.89428e-06
1.54233e-06
3.38503e-07
4.1846e-06
2.46541e-06
3.58433e-06
3.2699e-06
6.40943e-06
1.67634e-05
1.05315e-05
5.78408e-06
5.32309e-06
6.14113e-06
4.00017e-06
1.39001e-07
2.56068e-06
2.88332e-06
8.97309e-07
2.65357e-06
3.85829e-06
2.31488e-06
1.73162e-06
4.86613e-06
5.50886e-06
1.12264e-05
3.07307e-05
1.28214e-05
3.5692e-06
2.17813e-06
2.25626e-06
3.62608e-06
1.64629e-06
1.18013e-06
2.79777e-06
2.35737e-06
2.68626e-06
8.97757e-07
1.52868e-05
3.19346e-05
2.56152e-05
3.9861e-06
1.47101e-06
2.24152e-06
1.43858e-06
1.31727e-06
6.19386e-07
7.61647e-07
7.35395e-07
1.22514e-06
2.75425e-06
2.31e-06
1.3808e-06
1.12261e-06
4.229e-06
6.33618e-06
3.75854e-06
6.59635e-08
4.71997e-06
1.82675e-05
2.26731e-05
1.54721e-05
3.93652e-06
2.64633e-06
2.24664e-06
1.84937e-05
4.11084e-05
4.39662e-05
2.43202e-05
9.58639e-07
2.1648e-06
7.39134e-06
6.25284e-06
2.9321e-06
1.51918e-06
2.93258e-06
1.95686e-06
1.55453e-06
7.64432e-07
1.93093e-05
3.80253e-05
3.23483e-05
1.02587e-05
2.84745e-06
1.95361e-06
2.13276e-06
1.26254e-06
1.81686e-07
1.55731e-06
1.65973e-06
2.51801e-06
2.89718e-06
2.92796e-06
1.94609e-06
1.92156e-06
1.46546e-05
1.68292e-05
1.19159e-05
3.23799e-06
3.20502e-07
4.01293e-07
8.65338e-07
7.70611e-07
1.52843e-06
3.15672e-06
3.53691e-06
1.07899e-05
2.91386e-05
1.65847e-05
3.36404e-07
2.51705e-06
1.59039e-06
5.27643e-06
5.64968e-06
4.20716e-06
3.25814e-06
3.05001e-06
2.95609e-06
1.73411e-06
1.7404e-07
5.83866e-06
1.17663e-05
4.44842e-06
1.18918e-06
2.97234e-06
3.63204e-06
2.27776e-06
3.11535e-06
4.37977e-06
3.89151e-06
2.41047e-06
7.3652e-07
1.99746e-06
7.4866e-06
3.97902e-06
2.02596e-06
2.36851e-06
3.58773e-06
1.16762e-05
2.26514e-05
1.88559e-05
1.12131e-05
2.57074e-06
1.80827e-06
2.67412e-06
2.34738e-06
1.81976e-06
7.29629e-07
1.29492e-05
2.24805e-05
1.15681e-05
6.75272e-06
5.24578e-06
2.99272e-06
2.09643e-06
1.28573e-10
8.11926e-10
6.03027e-10
2.97237e-10
2.28615e-11
3.71931e-11
5.51471e-11
1.34947e-10
1.70146e-10
9.52372e-12
3.05322e-10
7.52131e-11
1.07072e-12
6.86716e-11
1.16114e-09
7.18067e-09
6.19234e-09
7.226e-09
7.40099e-09
4.88229e-09
5.79212e-09
1.58694e-09
2.21111e-11
1.98248e-09
1.52905e-09
2.38304e-10
6.87821e-12
1.12131e-11
4.10216e-11
2.04913e-11
2.04204e-10
4.39116e-10
1.96538e-10
6.61453e-11
1.52739e-09
1.40025e-08
2.96011e-08
1.84251e-08
4.33108e-09
2.48391e-10
6.07783e-09
1.91042e-08
1.20486e-08
4.32071e-09
6.97385e-10
5.17129e-10
1.14479e-09
3.00803e-09
2.28579e-09
1.83023e-10
6.16493e-10
2.11569e-09
1.3395e-10
2.07111e-09
2.56628e-09
3.04634e-08
1.18653e-07
1.30842e-07
6.51542e-08
2.91628e-08
2.27824e-08
5.45151e-09
1.62554e-09
2.5698e-08
2.61017e-08
4.07289e-09
1.19118e-10
3.77699e-12
9.02805e-11
9.71664e-11
4.37828e-10
3.92806e-09
8.22728e-09
7.78162e-09
1.08329e-08
3.06086e-08
8.09883e-08
9.18524e-08
2.91817e-08
1.19758e-09
1.59816e-08
1.16112e-07
1.17799e-07
6.61735e-08
1.73873e-08
4.27251e-09
9.80269e-09
6.74204e-08
4.06647e-08
1.76066e-09
2.16744e-10
1.85831e-08
3.08407e-08
1.02611e-07
2.19935e-08
2.82515e-08
9.6936e-08
1.08196e-06
1.65546e-07
1.52122e-07
5.31481e-08
2.04225e-08
8.10053e-09
9.27659e-08
1.42091e-07
4.81545e-08
7.00391e-09
8.66224e-10
3.50458e-10
2.61281e-09
1.68876e-09
1.08898e-09
1.01529e-08
2.63824e-08
4.06429e-08
7.70081e-08
8.58133e-08
1.09128e-07
1.24621e-07
2.32221e-08
1.05778e-08
1.36021e-07
3.4636e-07
4.49827e-07
3.60013e-07
6.79289e-08
6.9236e-08
2.12528e-06
3.64673e-06
2.7127e-07
3.8031e-08
3.60946e-07
2.93021e-06
6.2361e-06
8.27041e-07
1.30284e-07
4.67689e-07
4.60286e-06
8.35066e-06
4.13576e-07
2.3166e-07
3.45745e-08
1.36635e-07
6.62557e-07
1.00313e-06
6.94797e-07
2.45806e-07
5.48705e-08
4.48517e-09
1.05325e-08
9.64436e-08
2.65222e-08
3.35234e-08
8.78586e-08
7.37093e-08
8.66612e-08
2.08514e-07
2.50969e-07
2.47214e-07
1.28019e-07
8.45812e-08
3.71364e-08
2.62966e-07
4.06485e-07
5.9654e-07
3.45218e-07
1.05697e-07
7.09068e-06
1.15759e-05
1.10084e-05
4.41058e-06
5.60228e-06
2.79367e-06
2.97848e-06
7.22506e-06
2.68746e-07
2.72838e-06
1.19005e-06
7.00522e-06
1.15156e-06
1.33643e-06
1.68259e-07
9.87532e-07
7.03984e-06
9.75369e-06
1.06033e-05
1.14812e-05
5.11754e-06
4.76298e-07
2.95154e-09
5.12196e-07
2.49618e-06
3.92296e-07
8.80003e-07
2.72435e-07
1.68093e-07
5.36747e-07
6.74154e-07
5.99092e-07
4.66145e-07
4.20468e-07
2.75734e-08
2.83764e-07
6.00739e-07
2.79765e-07
1.01281e-07
2.16142e-08
7.87068e-07
7.1009e-06
8.61364e-06
1.01673e-05
8.22539e-06
1.10561e-05
8.46394e-07
2.40957e-06
1.90613e-06
4.05463e-07
1.4697e-05
3.49603e-06
7.76432e-06
4.13144e-06
2.34106e-06
3.29473e-07
8.57871e-06
1.14254e-05
1.10233e-05
1.05326e-05
1.86736e-05
2.48531e-05
7.41883e-06
7.37363e-08
2.33923e-06
4.28143e-06
4.37153e-06
3.05e-06
2.43464e-07
8.11198e-07
2.88373e-06
1.85392e-06
9.79477e-07
7.80452e-07
3.15257e-07
1.66242e-07
1.2524e-06
4.61092e-07
2.82385e-08
3.19791e-08
3.69984e-09
1.78342e-07
1.9834e-06
7.49818e-06
8.27268e-06
1.16111e-05
5.97632e-06
1.49686e-06
3.95054e-06
3.51522e-06
3.86969e-06
6.40855e-06
6.81636e-06
1.62275e-06
4.67685e-06
1.41205e-06
5.45709e-07
4.64402e-06
8.55132e-06
7.91771e-06
4.59794e-06
1.29026e-06
2.3482e-07
1.15119e-05
3.42968e-07
3.01786e-06
7.7167e-06
1.65274e-05
4.73962e-06
2.72732e-06
2.36263e-06
1.61333e-06
1.4232e-06
1.21436e-06
1.26563e-06
6.75637e-07
1.04709e-06
4.87618e-07
6.87844e-08
8.8609e-08
2.66124e-09
6.16769e-08
2.83669e-08
2.51444e-06
5.7369e-06
8.77774e-06
1.16269e-05
1.29007e-06
3.89753e-06
4.20711e-06
1.80549e-06
6.28336e-06
4.39527e-06
2.62709e-06
2.22192e-06
2.14249e-06
2.22805e-06
1.47188e-06
5.12287e-06
5.08353e-06
1.19763e-06
6.6306e-07
3.05618e-07
6.82525e-07
5.03655e-06
1.23518e-06
1.59692e-05
3.08965e-05
5.91978e-06
1.78932e-06
1.59927e-06
3.85919e-07
2.9377e-06
5.08793e-06
2.18355e-06
2.10602e-06
1.68195e-06
3.41369e-06
1.51837e-06
6.19875e-07
1.20168e-07
8.82931e-08
2.21186e-08
6.63713e-07
8.87402e-07
4.5806e-06
1.07605e-05
6.26089e-06
2.56858e-06
1.08403e-05
4.85072e-08
9.15885e-06
5.04814e-06
1.45924e-06
1.79666e-06
1.85162e-06
6.80597e-07
7.8018e-07
4.42831e-06
6.30598e-07
1.4183e-06
2.10842e-06
1.2491e-06
2.40038e-06
6.92491e-06
3.71525e-06
2.24947e-05
3.06302e-05
1.10481e-05
6.66455e-07
2.15373e-06
1.75827e-06
2.63823e-06
2.49059e-05
6.18697e-06
2.36503e-06
3.07069e-06
2.47408e-05
1.90802e-06
3.57255e-06
2.24789e-06
1.1735e-07
2.61005e-08
5.73405e-07
7.96558e-07
5.6697e-07
9.14425e-06
8.71641e-06
5.02614e-06
1.22359e-05
1.3257e-06
7.50678e-06
9.63842e-06
1.67318e-06
1.99293e-06
2.92142e-06
1.08737e-06
6.50452e-07
1.67873e-06
3.14315e-07
2.04578e-06
8.88703e-06
5.46287e-06
3.90108e-06
9.31355e-06
6.82179e-06
2.6194e-05
2.73066e-05
7.88717e-06
1.20128e-06
5.00454e-06
3.65256e-06
1.21298e-06
4.96834e-06
1.54005e-05
3.12196e-06
4.28508e-06
4.99964e-05
2.62489e-05
4.96467e-06
3.56363e-06
1.52013e-06
2.9174e-07
5.089e-07
7.61917e-07
5.09378e-07
8.74712e-06
8.75797e-06
8.10629e-06
1.09689e-05
4.85633e-06
1.21401e-05
1.10216e-05
3.67148e-06
3.4719e-06
3.83106e-06
1.96137e-06
2.01371e-07
7.36139e-08
2.23843e-07
2.72454e-06
9.63001e-06
7.6971e-06
7.098e-06
7.2228e-06
6.68879e-06
1.88641e-05
2.97442e-05
8.97803e-06
1.62393e-06
5.35882e-06
1.44275e-06
1.79942e-06
2.67225e-06
2.80315e-06
3.1797e-06
2.09082e-06
3.89886e-05
6.31035e-05
4.67337e-06
2.84212e-06
2.46693e-05
5.51251e-07
9.50867e-07
3.89723e-07
1.11639e-06
7.49736e-06
7.42877e-06
1.84391e-07
3.31843e-06
4.46356e-06
9.60232e-06
7.73404e-06
5.07058e-06
5.09943e-06
9.43453e-06
8.83005e-06
3.6514e-06
4.99115e-07
3.18399e-07
3.37526e-06
5.67605e-06
8.65884e-06
9.97497e-06
5.49251e-06
5.07603e-06
1.83665e-05
4.12467e-05
2.47976e-05
5.00588e-06
2.15712e-06
3.46721e-06
2.03962e-06
2.07896e-05
1.18881e-06
5.78493e-06
6.21487e-06
3.41983e-07
5.76401e-05
1.37597e-06
2.7798e-06
3.19238e-05
2.19865e-06
2.68837e-06
9.05778e-07
7.36975e-07
1.78611e-05
2.80885e-05
3.98686e-06
1.59075e-06
1.72314e-06
3.38017e-07
2.07121e-06
2.01002e-06
2.84634e-06
9.31429e-06
1.1722e-05
8.82254e-06
2.75131e-06
9.45516e-07
3.2225e-05
2.51283e-05
1.43162e-05
6.62139e-06
7.71305e-07
1.54711e-06
1.06331e-05
4.03612e-05
6.82335e-05
2.48316e-05
2.48743e-06
6.5225e-06
7.11776e-06
1.21986e-05
2.03138e-05
3.60248e-06
4.06544e-06
8.04412e-07
3.77814e-05
1.59647e-05
3.47748e-06
5.048e-06
1.24885e-05
2.5895e-06
4.28252e-06
1.35739e-06
1.16586e-06
9.84046e-06
1.19929e-05
2.29772e-06
5.64921e-07
7.0617e-09
4.1212e-07
1.18214e-06
2.94318e-06
2.03304e-05
7.32057e-06
3.76065e-05
4.7175e-05
2.2331e-06
2.93397e-05
3.87411e-05
1.4011e-05
1.91929e-06
3.09888e-06
2.93368e-06
2.2349e-07
1.78511e-05
8.43552e-05
8.1645e-05
1.96929e-06
7.32903e-06
9.10827e-06
8.33957e-06
6.81421e-06
4.95125e-06
3.48602e-06
1.08616e-05
4.51127e-05
4.36193e-05
3.94101e-06
1.8962e-06
7.3264e-06
1.31147e-06
8.33737e-07
1.28508e-06
9.16639e-07
1.18476e-06
1.76469e-06
4.5958e-06
3.49807e-06
4.40738e-07
7.55166e-07
8.52193e-06
1.76892e-05
2.83806e-05
2.26521e-06
3.14345e-06
4.86759e-05
5.86346e-06
2.19899e-06
2.16291e-07
2.85897e-06
1.23445e-05
1.22782e-05
9.69168e-06
5.90477e-06
2.79381e-06
9.36478e-06
5.82189e-05
2.86915e-05
2.56152e-06
7.97459e-06
2.66509e-06
2.88391e-06
1.93278e-06
3.01821e-06
5.37383e-06
3.52583e-05
5.12826e-05
1.9527e-05
2.19281e-06
3.29576e-06
2.19742e-06
5.44323e-06
6.2214e-06
2.75537e-06
4.8748e-07
3.03031e-06
4.32385e-06
7.4555e-06
2.39849e-05
7.12686e-06
7.18557e-06
2.44662e-06
5.27214e-06
4.46908e-06
7.39114e-06
3.08543e-06
1.74808e-05
1.08874e-05
8.27685e-06
3.24821e-06
1.80899e-05
2.29317e-05
5.02364e-06
1.93595e-06
1.42885e-06
1.8961e-06
6.17648e-06
4.80526e-05
3.07602e-06
2.80453e-06
1.9015e-06
2.28786e-06
1.94536e-06
1.18948e-06
4.72712e-06
6.8352e-06
2.35321e-05
1.62969e-05
1.89154e-06
5.0684e-06
4.20083e-06
5.34231e-06
1.5007e-05
1.11004e-05
5.88275e-06
3.28709e-06
1.55021e-05
3.14246e-05
3.2859e-05
1.41281e-05
1.11675e-06
3.62985e-06
4.47617e-06
3.17761e-07
6.8363e-06
7.16256e-06
1.64371e-06
2.79749e-06
2.18061e-05
1.46549e-05
1.41054e-05
1.59097e-05
8.85038e-06
3.48288e-06
3.04335e-06
3.89689e-06
3.78637e-06
3.45341e-05
6.23425e-06
1.77368e-06
3.96215e-06
1.2759e-06
1.702e-06
1.60993e-06
4.44416e-06
4.56849e-06
4.74727e-06
3.54083e-06
1.28163e-07
2.06135e-06
2.4725e-06
1.18011e-06
1.28741e-06
7.30151e-06
8.39893e-06
3.34483e-06
7.17464e-06
1.14338e-05
8.72961e-06
3.84455e-06
3.86902e-06
1.26389e-05
2.97874e-06
6.71632e-06
1.75364e-06
4.47446e-06
3.96656e-06
1.65504e-06
2.03999e-06
5.66018e-06
8.61461e-06
1.20083e-05
2.07471e-05
2.24191e-05
5.36725e-06
9.18347e-07
4.35845e-07
6.41116e-06
2.04075e-06
1.91253e-06
2.74042e-06
3.30184e-06
4.87196e-06
2.73423e-06
1.45038e-06
3.49418e-06
2.73268e-06
2.98368e-07
2.81126e-06
2.76714e-06
2.1253e-06
3.53247e-06
2.84638e-06
1.33059e-06
6.47362e-06
3.33455e-06
1.22578e-06
4.27998e-06
4.78387e-06
3.2726e-06
2.28016e-06
4.67005e-06
5.4736e-06
1.86321e-06
2.41972e-06
2.96248e-06
3.40696e-06
2.02686e-06
1.11383e-06
8.17991e-07
6.76182e-07
1.22937e-06
1.21131e-05
3.38102e-05
2.69539e-05
3.95663e-06
1.48856e-06
1.47705e-06
2.35682e-06
3.26647e-06
1.23425e-06
3.05412e-07
1.89036e-06
5.68476e-06
4.87851e-06
1.04014e-05
9.47501e-06
9.96254e-07
1.15664e-06
6.08974e-06
3.85507e-06
5.62263e-07
2.70354e-07
2.76567e-07
2.10562e-07
1.59789e-06
1.81712e-06
1.85195e-06
2.71079e-06
2.67989e-06
1.95749e-06
4.29516e-06
4.44459e-06
3.10115e-06
8.98171e-07
1.9671e-06
3.01261e-06
3.86022e-06
1.3068e-06
4.04919e-06
3.35877e-06
1.5598e-06
1.91537e-06
2.08538e-05
1.24705e-05
1.41338e-06
2.11948e-06
1.94924e-06
1.35704e-06
1.81719e-06
1.9754e-06
2.28865e-06
2.05678e-06
3.70302e-06
5.85212e-06
3.58275e-06
1.23719e-06
1.18907e-05
5.39579e-06
3.06724e-06
5.03304e-06
7.56062e-06
8.86204e-06
6.5416e-06
3.96734e-06
2.59506e-06
6.05547e-06
1.39225e-05
1.90766e-05
1.27616e-05
2.13812e-06
9.29009e-07
2.69276e-06
4.15796e-06
2.91839e-06
1.88158e-06
2.37294e-06
2.44881e-06
2.21575e-06
5.23325e-06
8.78615e-06
1.70895e-06
2.54914e-06
1.04541e-05
3.26427e-05
3.74759e-05
2.11715e-05
3.61262e-06
1.02422e-06
9.71302e-07
3.09048e-06
2.79252e-06
2.42376e-06
2.07321e-06
2.16081e-06
2.74124e-06
2.93205e-06
2.34552e-06
2.20316e-06
1.77667e-06
1.62417e-06
8.71424e-07
2.81699e-06
7.68695e-06
6.39712e-06
2.07819e-06
9.29275e-07
1.7034e-05
3.48716e-05
3.49968e-05
1.64034e-05
3.66463e-08
2.23889e-06
2.8909e-06
5.67425e-06
5.07566e-06
3.65004e-06
2.29765e-06
8.05316e-07
6.67106e-06
1.82704e-05
1.99861e-05
5.6534e-06
2.80325e-06
3.54882e-06
3.28189e-06
1.49754e-06
1.60698e-06
2.225e-06
2.94577e-06
7.13982e-06
7.21387e-06
2.31913e-06
1.88589e-06
3.02406e-06
3.36407e-06
3.67729e-06
3.42754e-06
1.53871e-06
1.33859e-06
2.02988e-06
2.63728e-06
2.6338e-06
2.93788e-06
3.25166e-06
4.20987e-06
4.46819e-06
2.59814e-06
7.77245e-06
8.87857e-06
2.49055e-06
1.23525e-06
1.65907e-06
3.05165e-07
5.02181e-07
9.01958e-07
1.21441e-06
1.71581e-06
2.06479e-06
1.30973e-05
3.94069e-05
4.73591e-05
4.08623e-05
1.60096e-05
1.29945e-06
1.33767e-06
1.68635e-06
2.62798e-06
1.53157e-06
1.78099e-06
4.78253e-06
6.78706e-06
4.95555e-06
2.02121e-06
2.40648e-06
1.19514e-05
6.22738e-06
9.91918e-07
2.77328e-06
1.82505e-06
6.06415e-07
3.26382e-08
9.9107e-07
1.91993e-06
2.43303e-06
1.8112e-06
3.39375e-06
2.39223e-06
1.91422e-06
2.20459e-06
2.89193e-06
5.04641e-06
7.25337e-06
5.24999e-06
2.68936e-07
1.44245e-06
1.71727e-06
8.06677e-07
3.59581e-06
4.3148e-06
6.46567e-07
1.60621e-05
2.23717e-05
3.69127e-06
2.71592e-06
2.83089e-06
1.97281e-06
9.99497e-07
1.4121e-06
4.29207e-06
5.09884e-06
4.12277e-06
1.20215e-05
2.73051e-06
1.18661e-06
2.38901e-06
1.07786e-06
1.5062e-06
2.03549e-06
1.82982e-06
1.36938e-06
7.35339e-07
1.86727e-06
2.82113e-06
3.0275e-06
2.14862e-06
8.13401e-07
2.03544e-06
4.63788e-06
1.70343e-06
1.88298e-06
3.0874e-06
4.47794e-06
9.0364e-06
1.83288e-05
2.14949e-05
9.07264e-06
1.57193e-06
1.95669e-06
2.72195e-06
2.22829e-06
2.88965e-09
7.96685e-07
4.87192e-06
1.02745e-05
1.0664e-05
1.81627e-06
1.69447e-06
5.20637e-06
8.4737e-06
1.04268e-10
3.42624e-13
2.63707e-11
1.27451e-10
3.9979e-11
3.89537e-11
1.98262e-10
9.18999e-11
2.99454e-10
1.33558e-09
1.21816e-12
2.92986e-10
1.66912e-11
1.85524e-10
1.95892e-09
3.74215e-09
1.71532e-09
4.31285e-09
9.59723e-09
1.02894e-08
6.92429e-09
3.73782e-09
1.20187e-09
4.29607e-10
1.82518e-09
4.22582e-09
1.94682e-09
1.56638e-10
1.46215e-10
3.25605e-10
2.83528e-10
2.99519e-10
8.05299e-10
1.04706e-09
3.66564e-10
1.59698e-10
2.26484e-09
5.20008e-09
3.3742e-09
1.06009e-09
5.24077e-10
1.414e-11
5.60073e-10
1.38898e-09
7.43e-10
1.20779e-09
2.02334e-09
1.32512e-10
2.61323e-09
5.23544e-09
1.79212e-10
1.27761e-09
1.14927e-10
1.19808e-09
6.38178e-08
1.08316e-07
1.09823e-08
2.15252e-10
3.54896e-08
1.08869e-07
3.99249e-08
1.16172e-08
1.96922e-09
2.28242e-10
1.16881e-09
8.67535e-09
3.77254e-09
5.49265e-10
7.18097e-10
1.10438e-09
2.6309e-09
4.44693e-09
6.61641e-09
6.94281e-09
1.37779e-09
5.95102e-09
3.6629e-08
4.57651e-08
2.24448e-08
6.97367e-09
3.33089e-09
8.12974e-11
1.81635e-09
5.36839e-09
2.95523e-09
4.65372e-09
1.18287e-08
1.47895e-09
7.77395e-09
2.37793e-08
1.7996e-09
7.63982e-09
9.93528e-09
1.89373e-08
1.41024e-07
3.50459e-07
8.09002e-08
1.11676e-08
6.73384e-09
3.49895e-07
4.7644e-07
1.46109e-07
2.02265e-08
9.40541e-10
7.55619e-11
2.98636e-09
1.01302e-09
3.90541e-10
1.47285e-09
2.18764e-09
5.89906e-09
7.49901e-08
3.83589e-07
5.21937e-07
1.59229e-07
4.00618e-09
1.0347e-07
2.47707e-07
1.0651e-07
2.4069e-08
1.76825e-08
2.90739e-09
2.66821e-09
1.29263e-08
6.41694e-09
4.94992e-09
5.92049e-08
4.31348e-08
4.80265e-09
6.98447e-08
2.04254e-09
2.02197e-08
1.02937e-08
1.36233e-07
4.52206e-08
3.4234e-07
2.41713e-08
6.13499e-08
4.16007e-08
3.61711e-07
3.33197e-06
2.91073e-06
8.21963e-07
1.13925e-07
1.47738e-08
1.02514e-08
1.19479e-09
5.67166e-09
6.5119e-09
9.96501e-10
5.37701e-10
5.53208e-09
4.22635e-07
6.67598e-06
8.12636e-06
2.06794e-06
3.14544e-08
2.46917e-07
5.12848e-07
7.81394e-08
8.39408e-08
6.97305e-08
7.19995e-09
4.07547e-08
4.98366e-08
3.8106e-09
1.01331e-07
1.27936e-06
2.88009e-08
6.92706e-08
1.03547e-08
1.49491e-07
9.47295e-09
1.4748e-07
1.43851e-07
1.34963e-06
2.09956e-07
4.22517e-08
1.08558e-07
1.44567e-07
2.95028e-06
1.60854e-05
1.7321e-05
9.41256e-06
3.16103e-06
1.53341e-06
6.25704e-07
3.99136e-09
7.19011e-08
5.67379e-08
3.74208e-09
6.95679e-10
3.18281e-08
4.91291e-07
1.17807e-05
1.36774e-05
3.69305e-06
3.96209e-07
1.16769e-08
2.96228e-07
2.52731e-07
4.67865e-07
7.99386e-08
5.24817e-08
2.81714e-07
1.26766e-07
4.22064e-08
8.78006e-06
4.98174e-06
3.73862e-08
3.60809e-08
3.7822e-06
3.02817e-07
2.11082e-07
3.98784e-07
1.80854e-06
3.55499e-06
4.5758e-07
1.13747e-07
1.0195e-07
1.96364e-07
4.14837e-06
2.6404e-05
2.50745e-05
2.39546e-05
2.0911e-05
1.70115e-05
9.93593e-06
8.60762e-08
3.27872e-07
2.04557e-07
1.03914e-08
8.05056e-09
3.82317e-07
1.54673e-06
5.10081e-06
3.94511e-06
1.18903e-06
6.68598e-07
1.61936e-07
3.92213e-07
1.43539e-06
9.8821e-07
2.87304e-07
1.03759e-06
6.08735e-07
4.31089e-08
7.46117e-06
2.47762e-05
6.49173e-07
2.30822e-07
3.7506e-06
2.00919e-05
1.47884e-08
1.22504e-06
8.52245e-07
1.88448e-06
3.78987e-06
1.44711e-06
6.83562e-08
9.16338e-08
2.00466e-08
1.53726e-06
1.51587e-05
1.55837e-05
1.61526e-05
8.8305e-06
3.68347e-06
9.58357e-07
2.94872e-07
1.58538e-06
2.93566e-06
3.07198e-07
2.21737e-07
5.42548e-06
3.46675e-06
1.84797e-06
9.72766e-07
2.95703e-07
9.8702e-08
4.36586e-07
2.55292e-06
4.18558e-06
4.29314e-06
4.83966e-06
4.03429e-06
4.08874e-07
9.5753e-07
2.16381e-05
5.54122e-06
7.94924e-07
1.35708e-06
2.12536e-05
5.50769e-06
1.66594e-06
1.52005e-06
2.25225e-07
8.01256e-06
1.75449e-05
7.10612e-07
2.61326e-07
5.28176e-09
5.15381e-07
2.09832e-06
7.72892e-06
7.71591e-06
3.71303e-06
5.15347e-08
2.11637e-06
4.60834e-07
1.05625e-07
2.05763e-06
3.98174e-06
1.85042e-06
6.3315e-07
1.16427e-05
3.82976e-06
9.98788e-07
3.24774e-07
1.61438e-07
1.04369e-06
1.92664e-06
8.93547e-07
1.95434e-06
9.48164e-07
2.2661e-06
3.98866e-06
5.37297e-07
5.39131e-06
1.34217e-05
8.54259e-07
1.02046e-06
1.17712e-05
1.32312e-05
1.28069e-06
3.14174e-06
2.94105e-07
6.60785e-07
1.99483e-05
6.6304e-06
2.59076e-07
2.4206e-07
1.73248e-06
1.67335e-06
5.0113e-07
6.2593e-07
1.30176e-06
1.88404e-06
4.05855e-06
4.6938e-06
1.11987e-06
1.01448e-06
5.57395e-06
5.58899e-06
1.29456e-05
7.07537e-06
7.00111e-06
6.01981e-06
6.43537e-07
5.82142e-07
1.09745e-06
1.32846e-06
1.31045e-06
7.46761e-07
4.68589e-07
1.18609e-06
1.2292e-06
1.76421e-06
2.9099e-06
9.23256e-06
3.26127e-06
6.76769e-07
3.70835e-06
1.54451e-05
8.38207e-06
3.10874e-06
1.75446e-06
7.54853e-07
3.92232e-06
7.00296e-06
1.80868e-06
4.33272e-06
1.81616e-06
8.06056e-07
7.21148e-08
3.87513e-07
1.24465e-06
1.60317e-06
8.91148e-06
1.36443e-06
1.47244e-06
1.41355e-06
2.87322e-06
5.19759e-06
6.17841e-06
4.76716e-07
1.21253e-05
1.32824e-05
3.70722e-06
7.20191e-07
1.08137e-06
6.77438e-07
2.24656e-07
1.95948e-06
3.10056e-06
2.67922e-06
1.03294e-06
7.53437e-06
4.37578e-06
4.45511e-06
1.36829e-05
5.74525e-07
3.30385e-07
1.21881e-05
1.35808e-05
6.15744e-06
2.56191e-06
3.27816e-06
2.14886e-06
9.27908e-06
5.91725e-06
4.99322e-06
6.26951e-06
9.3083e-07
1.22082e-06
1.32529e-05
2.08178e-05
1.0719e-05
9.05987e-06
4.09641e-07
8.98633e-07
9.80762e-07
1.19442e-06
3.55866e-06
5.02948e-06
1.61873e-06
2.61308e-05
2.58403e-05
3.59999e-06
1.14365e-06
1.33369e-06
3.91235e-07
1.96181e-07
7.67922e-07
2.00545e-06
6.86713e-06
3.00395e-07
1.08609e-05
4.9922e-06
2.91805e-06
6.24976e-06
4.80084e-06
1.01136e-06
3.80548e-06
6.9875e-06
6.0389e-06
2.5689e-06
1.42845e-06
1.25883e-05
6.71624e-06
3.91961e-06
2.94726e-06
3.47337e-06
4.40821e-06
4.3231e-06
2.09475e-06
2.67465e-05
2.27676e-05
6.02959e-06
1.58831e-06
2.01542e-06
2.22188e-06
4.64092e-06
2.29041e-06
2.41045e-06
2.41552e-06
9.17178e-06
3.35794e-05
1.06745e-05
2.53543e-06
2.404e-06
1.85419e-06
2.09797e-06
3.01116e-07
1.7616e-06
6.4087e-06
7.22641e-06
1.07454e-05
1.35178e-05
4.13022e-06
5.34008e-06
8.39025e-07
3.61535e-06
4.62762e-06
1.17594e-06
7.48336e-06
5.59836e-06
2.98505e-06
2.62086e-06
1.7678e-06
1.86977e-07
4.68774e-07
3.02517e-06
1.43303e-06
5.30381e-06
9.11391e-07
1.52031e-05
1.63143e-05
3.05316e-06
2.52286e-06
1.45421e-06
2.52557e-06
9.85871e-06
2.93859e-06
3.81077e-07
1.39479e-06
3.07085e-05
3.33151e-06
2.36376e-06
2.65958e-06
2.88615e-06
2.61852e-06
2.353e-06
1.00201e-05
4.21833e-06
1.58153e-05
2.22323e-05
1.96832e-06
1.19423e-05
6.34782e-06
5.82531e-06
5.20208e-06
4.00069e-06
4.08631e-06
1.4571e-06
2.66482e-06
1.81661e-05
4.48436e-06
9.67808e-08
1.2186e-06
1.42481e-06
4.02475e-07
9.30568e-06
2.96635e-05
2.53444e-06
7.15066e-06
1.36495e-05
5.29655e-06
2.39006e-07
9.55719e-07
1.23714e-06
2.25389e-06
7.45316e-06
1.34471e-05
2.61334e-06
6.4849e-07
1.50228e-05
4.17513e-06
9.03536e-06
5.96606e-06
1.0086e-06
2.65769e-06
1.83645e-06
6.18893e-06
3.30701e-05
4.75762e-05
4.01675e-05
1.36687e-07
4.65488e-06
4.01871e-06
4.61772e-06
3.10306e-06
1.14393e-06
1.68239e-06
1.82164e-06
6.68868e-07
2.02367e-06
5.64797e-06
1.67927e-06
5.74705e-07
2.77574e-06
2.45858e-06
1.23881e-05
2.89004e-05
3.03132e-08
8.18343e-07
5.35059e-07
2.31217e-07
3.20483e-06
4.59621e-06
2.32588e-06
2.75465e-06
1.47561e-06
3.76577e-06
7.84549e-06
4.47949e-06
3.12163e-06
9.66066e-06
3.58489e-06
3.09424e-06
6.30933e-06
3.57247e-06
1.82238e-06
1.41375e-06
2.25308e-06
3.50007e-05
3.24824e-05
1.41649e-07
2.3972e-06
4.15768e-06
6.92656e-06
9.19444e-06
1.8396e-06
2.95091e-07
4.51039e-07
1.16654e-06
5.19341e-06
2.64151e-05
1.90117e-05
7.78442e-06
2.84655e-06
3.4431e-06
2.648e-06
2.4944e-05
1.70609e-07
1.10222e-06
1.40744e-06
1.33511e-06
1.29572e-06
5.66376e-06
4.98432e-06
5.34268e-06
8.20836e-07
1.14384e-06
8.44365e-07
2.07729e-06
9.38325e-06
4.1665e-06
3.52415e-06
5.57479e-06
6.30563e-07
1.11744e-06
8.19529e-07
2.23109e-06
4.58174e-06
4.57796e-06
2.48884e-05
5.55988e-06
1.10274e-06
1.55938e-06
1.34899e-06
2.72441e-06
5.09898e-06
3.11522e-06
1.44427e-06
2.32668e-06
1.05337e-05
2.2796e-05
1.87149e-05
1.00652e-05
2.40359e-06
2.53847e-06
3.3385e-06
2.54813e-06
3.99163e-06
1.5762e-06
1.77493e-06
4.60882e-06
1.32267e-06
1.44007e-06
3.98582e-06
3.39006e-06
1.48105e-06
2.91519e-06
3.64594e-06
7.93621e-06
7.55156e-06
4.93903e-06
5.00702e-06
1.409e-06
1.90244e-06
3.05812e-06
2.80167e-06
2.99697e-06
5.31873e-06
4.13413e-06
4.92721e-07
2.08471e-06
2.32643e-06
5.96272e-07
4.9779e-07
1.32881e-07
3.43182e-06
8.38861e-06
5.89821e-06
3.12989e-06
4.21874e-06
4.87027e-06
3.85028e-06
3.43182e-06
5.06147e-06
1.05897e-05
7.80588e-06
8.91746e-06
6.30542e-06
1.28006e-06
2.29167e-06
1.65963e-06
7.89498e-07
1.04652e-06
3.46273e-06
7.37853e-06
1.22917e-05
2.45281e-06
3.41172e-06
6.04602e-06
4.65757e-06
3.66464e-06
1.19e-06
1.95451e-06
1.00658e-05
2.51055e-06
2.78048e-06
5.79663e-06
9.37974e-07
2.99447e-06
5.38819e-07
1.66052e-06
1.57628e-05
1.63836e-05
2.68034e-06
1.2238e-06
6.19207e-07
6.51994e-06
7.72539e-06
1.9602e-06
2.54097e-06
5.27194e-06
5.2849e-06
7.60696e-07
1.39819e-06
4.2399e-06
1.85358e-06
1.6547e-06
4.75773e-06
1.12631e-06
9.59121e-08
2.20831e-08
6.30742e-07
4.34572e-06
6.16269e-06
6.39554e-06
8.64993e-06
1.26479e-05
3.25774e-06
3.20719e-07
3.84926e-06
1.68357e-06
5.70579e-07
2.91692e-06
2.4278e-05
1.49286e-05
1.28382e-05
2.44053e-05
2.76303e-05
1.9309e-05
8.25027e-06
3.20987e-06
3.13709e-06
5.91084e-06
4.50968e-06
1.24153e-06
5.36657e-07
6.86563e-07
1.35195e-06
2.30377e-06
2.82679e-07
6.4464e-07
2.06424e-06
3.34352e-06
2.52677e-06
3.73546e-06
5.38566e-06
4.20629e-06
1.59028e-06
3.48524e-06
2.77404e-06
5.92853e-06
1.99912e-05
2.82229e-05
2.73583e-05
1.37531e-05
6.59403e-06
4.98391e-06
2.98772e-06
3.03373e-06
2.32808e-06
1.40057e-06
9.13367e-06
1.89856e-05
2.05972e-05
1.69322e-05
9.25786e-06
2.09184e-06
2.29632e-06
1.03485e-05
1.40413e-05
1.71946e-05
1.7713e-05
8.74621e-06
8.504e-06
1.16671e-05
9.81226e-06
7.09652e-06
1.03335e-06
6.86674e-07
6.52597e-06
1.64147e-05
2.34782e-05
1.66134e-05
5.08817e-07
4.14193e-06
2.32566e-05
1.92934e-05
4.05576e-06
1.02137e-06
2.82389e-07
3.62881e-06
1.36894e-05
2.29173e-05
2.98916e-05
2.37298e-05
3.01219e-06
6.5672e-06
1.17894e-05
8.50693e-06
2.61812e-06
7.04401e-07
1.58297e-06
1.17305e-05
1.90101e-05
1.30346e-05
4.71443e-06
2.7149e-06
2.00251e-06
1.48009e-06
1.51422e-06
1.52708e-06
1.99373e-06
6.66388e-06
4.45058e-06
2.54036e-07
1.28505e-06
3.07919e-06
3.25577e-06
1.64846e-06
2.27292e-06
1.26447e-05
2.31612e-05
2.82057e-05
2.50208e-05
7.5283e-06
2.72602e-06
8.04157e-06
1.21167e-05
4.56632e-06
1.43132e-06
3.98077e-06
2.1567e-05
3.21455e-05
3.17897e-05
1.99854e-05
1.50964e-06
3.97304e-06
4.39753e-06
1.21925e-06
7.74685e-07
2.14904e-06
3.88737e-06
1.13693e-05
1.82252e-05
2.11043e-05
6.53692e-06
2.60703e-06
2.39089e-06
1.40152e-06
1.37413e-06
2.28508e-06
7.16276e-07
1.16045e-06
2.52984e-06
3.53443e-06
3.94807e-06
1.20529e-05
1.05694e-05
7.56187e-06
4.81918e-06
4.43898e-06
7.08439e-06
3.45061e-06
3.93333e-06
7.66411e-06
6.44871e-06
2.86368e-06
1.51742e-06
1.34135e-06
1.23137e-06
6.03179e-07
3.03579e-07
2.35761e-05
3.94692e-05
4.14412e-05
3.05156e-05
7.59721e-06
2.38909e-06
5.31222e-07
8.42528e-07
2.83449e-06
7.33387e-06
7.24388e-06
7.73314e-07
7.62443e-06
7.89641e-06
3.7366e-06
2.84947e-06
1.75269e-06
1.49456e-06
2.05167e-06
1.932e-06
1.79569e-06
1.44004e-06
1.55651e-06
8.6998e-07
6.53652e-07
1.37256e-05
2.70616e-05
2.3336e-05
8.26667e-06
2.28613e-06
2.13502e-06
2.34768e-06
2.00564e-06
2.02086e-06
2.22641e-06
2.73757e-06
3.03914e-06
2.14244e-06
2.96882e-06
7.19904e-06
5.81446e-06
3.34512e-06
9.90142e-06
1.34939e-05
1.0586e-05
9.3529e-06
1.16586e-05
1.04056e-05
1.24104e-05
8.61601e-06
2.57665e-06
4.04499e-06
2.38272e-05
1.61803e-05
4.07355e-06
9.1317e-07
7.07293e-07
1.14981e-06
2.89001e-06
2.54528e-06
3.13271e-06
1.11551e-06
2.66483e-06
3.3588e-06
2.6283e-06
2.33012e-06
2.74144e-06
4.48144e-06
8.73158e-07
7.64465e-07
2.02442e-06
2.37565e-06
2.39439e-06
1.90762e-06
5.97034e-07
1.72155e-07
1.93802e-07
1.07872e-06
2.70633e-06
3.37972e-06
2.60569e-06
1.14829e-06
1.48429e-06
2.35371e-06
4.57964e-06
5.79578e-06
2.71692e-06
5.18226e-06
6.47911e-06
4.91785e-06
1.29217e-06
4.83985e-11
8.14124e-11
1.02895e-11
5.78884e-10
2.34918e-09
1.33447e-09
1.86047e-10
5.60185e-13
5.10034e-11
3.29196e-12
3.62361e-11
1.75953e-11
3.76504e-10
3.44979e-11
4.77139e-10
6.69686e-11
1.30843e-10
4.86362e-10
6.47658e-10
5.96582e-11
3.95987e-11
5.98507e-10
2.25361e-09
7.32519e-09
1.10937e-08
6.01653e-09
3.27643e-09
4.86733e-09
2.82485e-09
1.55696e-10
1.43811e-11
4.41095e-11
3.55414e-09
1.51262e-08
3.12875e-08
4.19505e-08
2.60756e-08
1.37907e-08
4.03819e-09
4.63095e-10
5.24223e-10
6.14727e-10
7.63624e-10
1.40385e-08
3.72721e-08
1.76806e-08
1.67396e-09
1.22039e-11
2.93727e-10
9.86867e-11
1.16407e-10
2.13701e-10
2.09022e-09
1.39449e-09
4.01566e-10
4.86241e-10
1.79228e-09
4.88742e-09
6.23834e-09
5.5094e-10
2.52794e-09
1.33654e-08
1.76897e-08
1.89723e-08
2.86521e-08
2.70108e-08
2.00799e-08
2.2509e-08
1.67194e-08
3.95123e-09
6.70008e-10
1.03782e-10
1.04617e-08
4.91336e-08
1.09061e-07
1.39254e-07
1.27284e-07
9.28134e-08
2.84662e-08
2.03381e-09
1.3093e-09
3.41277e-09
7.91175e-10
4.41037e-08
2.22613e-07
1.77429e-07
2.4669e-08
9.57372e-11
5.4713e-10
1.12909e-09
2.96228e-09
7.48009e-10
1.12854e-09
6.48078e-09
1.91561e-08
1.92517e-09
3.85154e-09
4.4402e-09
1.15531e-08
9.02055e-09
2.56781e-09
3.26842e-08
8.38288e-08
7.56158e-08
5.47853e-08
2.59307e-08
1.91405e-08
3.65669e-08
3.06714e-08
2.47031e-08
3.66091e-08
1.05658e-08
1.08594e-09
4.10122e-08
1.87552e-07
4.2039e-07
5.88148e-07
5.38527e-07
2.02257e-07
1.33093e-08
2.49515e-09
1.21876e-08
3.9812e-09
1.18479e-08
3.1676e-07
6.57093e-07
1.7784e-07
7.74465e-11
1.02944e-08
4.26244e-10
8.17956e-08
6.66957e-09
3.87415e-09
5.01605e-08
1.47173e-06
8.96992e-07
8.44755e-09
3.77099e-09
1.25374e-08
2.5862e-08
7.80164e-08
3.25591e-08
3.65856e-07
3.27432e-07
1.20835e-07
1.07878e-07
5.52947e-08
3.32662e-08
2.06117e-08
2.26835e-08
1.12258e-07
2.96115e-07
8.31238e-08
1.76541e-08
1.69707e-07
8.01007e-07
2.14992e-06
4.00015e-06
3.18376e-06
3.35118e-07
1.1272e-07
2.2556e-08
3.66213e-08
2.00742e-09
1.75056e-07
5.66194e-07
5.91387e-07
2.95195e-08
1.97261e-07
7.32605e-08
1.33871e-07
1.2187e-07
2.14371e-08
1.7512e-07
9.47691e-06
2.93804e-05
2.20883e-05
3.88101e-06
8.02497e-08
1.66713e-07
5.39753e-07
1.46462e-05
1.77209e-05
1.38654e-06
3.23982e-06
9.7444e-08
4.86578e-08
1.04711e-07
7.69345e-08
8.49032e-09
2.11993e-08
3.0786e-07
7.32566e-07
5.25971e-07
9.23208e-07
9.11948e-07
4.45599e-06
1.13728e-05
1.51835e-05
8.17753e-06
1.20828e-06
2.91027e-08
2.6369e-07
4.65914e-08
1.19268e-07
8.00213e-07
7.87838e-07
8.20573e-07
9.74942e-07
9.5233e-07
2.0288e-09
9.30071e-07
8.25984e-08
1.96259e-07
8.57625e-06
2.68288e-05
1.45574e-05
4.86721e-06
1.71585e-05
7.62311e-06
4.24372e-06
5.08515e-06
1.26619e-05
6.01325e-06
1.35916e-06
3.91222e-06
2.37018e-06
1.90204e-07
5.60963e-08
4.81381e-08
3.42893e-08
8.04071e-08
2.28667e-07
5.55765e-07
1.31711e-06
3.25874e-06
5.81915e-07
5.55141e-06
7.87359e-06
8.04805e-06
7.99149e-07
6.8672e-08
3.98974e-07
5.75597e-07
3.40244e-08
6.07805e-07
1.3174e-06
1.66872e-06
3.53001e-07
2.18989e-06
4.47718e-07
3.13855e-06
5.88201e-07
6.21315e-07
2.20803e-06
1.74466e-05
1.5009e-05
8.03604e-06
6.0348e-06
2.09942e-05
6.93955e-06
6.94768e-06
1.0126e-05
1.06985e-05
5.07724e-06
2.3105e-06
1.7754e-06
8.20319e-07
1.29195e-08
1.03597e-06
9.47083e-08
2.24768e-07
3.44651e-07
2.9139e-07
6.27191e-07
2.2728e-06
4.79925e-06
4.13171e-07
4.164e-07
1.52143e-06
4.61143e-06
9.83015e-06
1.0396e-05
3.31606e-07
2.07821e-07
2.29579e-07
3.8427e-06
5.24111e-06
6.07201e-06
3.97023e-06
3.07174e-06
1.90358e-06
4.04038e-06
1.05968e-06
1.16055e-06
4.01658e-06
1.47576e-05
1.88643e-05
1.97638e-05
2.07237e-05
1.64732e-05
9.01415e-06
1.80264e-05
1.71161e-05
8.82567e-06
1.61041e-05
4.60995e-06
2.54189e-06
1.32344e-08
1.71197e-06
3.59447e-07
3.30279e-06
8.08666e-07
5.44594e-07
7.18481e-07
1.2125e-06
2.13444e-06
4.1253e-06
4.89067e-07
1.17473e-06
8.15096e-06
8.1039e-06
7.70687e-06
6.35726e-06
1.56177e-05
8.77015e-06
1.59823e-06
2.61778e-06
5.44801e-06
4.86769e-06
5.48289e-06
7.41844e-06
5.13084e-06
1.6855e-06
9.64331e-07
2.23588e-07
2.26208e-06
1.10131e-05
2.70355e-05
3.39388e-05
2.09357e-05
1.0559e-05
9.6571e-06
2.57496e-05
1.64814e-05
2.15774e-05
1.38001e-05
2.63283e-06
1.71861e-06
7.70433e-06
9.85587e-07
1.7976e-07
3.10732e-06
1.97138e-06
1.21719e-06
2.20813e-06
5.63892e-07
1.21279e-06
1.00317e-06
2.19749e-06
2.17517e-06
1.78263e-06
4.73759e-07
5.87672e-07
1.33399e-05
7.36341e-06
1.61422e-06
2.13352e-06
4.94629e-06
1.15685e-06
2.62305e-06
1.64427e-05
1.97745e-05
3.64822e-06
8.34729e-07
5.58868e-07
7.48653e-07
4.17522e-06
1.18105e-05
1.7555e-05
1.09348e-05
1.12478e-05
1.26153e-05
1.22846e-05
1.35187e-05
1.09315e-05
6.35882e-06
2.69169e-06
1.01477e-06
1.08328e-05
6.3041e-06
2.94563e-07
6.57013e-07
7.48681e-06
6.27388e-06
5.71926e-06
2.11767e-06
1.43468e-07
5.03784e-07
1.41082e-06
8.111e-07
8.36078e-07
3.2709e-07
1.38956e-07
1.61709e-06
6.76152e-06
3.1219e-06
5.22418e-06
9.37549e-06
1.93088e-06
1.56986e-07
2.61005e-05
3.77458e-05
2.32297e-05
1.27888e-06
2.22557e-06
3.76322e-06
5.71901e-06
7.93034e-06
9.48962e-06
1.23642e-05
3.56708e-06
3.03492e-06
6.4978e-06
7.03165e-07
1.57197e-06
4.44646e-06
9.22378e-06
4.13619e-06
1.46969e-06
1.81682e-06
4.26268e-06
1.16935e-06
6.28839e-06
4.48975e-06
1.06938e-05
6.69221e-06
1.88457e-07
6.62874e-07
5.13516e-07
1.21117e-06
6.17965e-07
5.04206e-08
8.99905e-09
4.45873e-07
4.79528e-06
4.87972e-06
1.04909e-05
1.30053e-05
2.21614e-06
1.8079e-06
1.35514e-05
3.8927e-05
2.98491e-05
9.56629e-06
2.05711e-06
2.42341e-06
1.69173e-06
3.8686e-07
1.37705e-05
1.49055e-05
8.10589e-06
4.44692e-06
5.13241e-06
2.76709e-07
1.55278e-06
2.24213e-06
2.30424e-05
1.84225e-05
9.91851e-06
2.67824e-06
1.80444e-06
5.17473e-06
8.53999e-06
2.87426e-06
4.93058e-06
1.06263e-05
8.02383e-07
9.98387e-07
1.86426e-06
3.18212e-06
1.08161e-06
1.33803e-07
3.01105e-08
5.17662e-07
2.62711e-06
6.80733e-06
1.81e-05
1.11488e-05
3.33844e-06
3.82288e-06
2.97771e-06
2.89772e-05
4.35882e-05
2.67271e-05
5.59576e-06
2.52804e-06
2.55793e-06
2.14126e-06
3.33592e-07
1.61186e-06
6.8611e-06
7.95463e-06
8.56686e-06
5.19702e-06
2.21581e-06
3.55239e-06
2.19949e-05
2.01908e-05
1.29828e-05
7.02311e-06
3.20648e-06
6.47681e-06
2.06303e-05
3.77001e-06
5.29762e-06
6.06558e-06
2.52111e-06
1.37618e-06
2.89051e-06
2.81263e-06
5.35868e-06
7.99108e-07
1.91178e-06
3.56141e-06
2.33985e-06
3.20752e-06
3.74591e-06
2.4129e-05
2.43838e-05
1.7417e-06
4.78301e-06
4.62838e-06
2.80134e-06
2.23966e-05
6.72929e-06
3.32815e-06
3.01566e-06
2.47761e-06
1.07727e-07
3.16891e-07
3.06286e-06
7.87402e-06
1.0292e-05
4.81686e-06
1.96329e-07
1.04897e-05
1.35596e-05
1.2956e-05
9.25578e-06
6.19352e-06
3.297e-06
2.87001e-06
1.83112e-05
1.48727e-05
2.7424e-06
3.5278e-06
6.92734e-07
4.67952e-07
2.33688e-06
6.93469e-07
2.30414e-06
2.41729e-06
2.30035e-06
1.76284e-06
1.91222e-06
1.35877e-06
7.91254e-07
2.57198e-06
2.25778e-05
2.5771e-05
2.61794e-06
3.13239e-06
2.01089e-06
1.40495e-06
2.11131e-06
2.0779e-06
3.01511e-06
6.31662e-06
1.55256e-06
8.16834e-07
2.28701e-06
8.6248e-06
9.63448e-06
3.10611e-06
1.71744e-07
2.77784e-06
3.59957e-06
2.21346e-06
4.41563e-06
4.69914e-06
5.68494e-06
2.57801e-06
6.00394e-06
1.21478e-05
4.35636e-06
1.11248e-06
9.88765e-07
1.9126e-06
3.91895e-06
1.63523e-06
8.75683e-07
2.39626e-06
1.50815e-07
1.7275e-06
2.26318e-06
2.72603e-06
1.26791e-06
9.62105e-07
3.8048e-06
1.12889e-05
6.13969e-06
2.32791e-06
2.07137e-06
3.72461e-07
4.85742e-07
1.81305e-06
5.88041e-06
1.06807e-05
1.35175e-05
3.10939e-06
9.12979e-07
1.0801e-06
8.30947e-06
3.5381e-06
1.85662e-07
3.141e-07
1.99522e-07
4.52342e-07
2.4546e-06
4.68162e-06
7.1965e-06
3.02223e-06
3.29401e-06
4.26835e-06
7.92962e-06
2.29055e-07
6.16125e-06
1.32162e-05
1.72436e-07
1.41171e-06
1.69703e-06
1.95501e-06
2.47779e-06
3.63255e-06
4.50654e-06
2.58176e-06
4.84273e-06
1.53348e-06
1.46124e-06
2.84968e-06
3.7866e-06
1.65721e-06
2.38122e-06
2.8581e-06
1.72542e-06
2.15473e-06
2.34206e-06
2.70441e-06
1.22167e-05
1.42117e-06
3.9266e-06
8.66375e-06
9.59812e-06
9.18677e-06
4.15078e-08
7.30269e-07
1.57706e-06
5.18565e-06
7.72289e-06
3.57923e-06
8.93508e-06
7.16569e-06
7.57765e-07
7.24774e-06
4.60291e-06
1.34522e-06
2.51113e-06
1.17457e-06
4.94994e-07
4.59269e-06
4.07039e-06
2.54947e-06
2.94097e-06
2.27745e-06
5.18256e-07
1.32653e-06
2.19765e-06
1.36435e-06
3.42375e-06
4.0389e-06
4.50615e-06
5.39776e-06
1.89491e-06
1.7376e-06
2.15562e-06
4.13898e-06
5.75708e-06
5.67187e-06
3.05107e-06
3.44513e-06
4.68017e-06
1.28061e-05
9.65711e-06
7.52688e-06
1.31336e-05
3.82855e-06
2.64797e-06
3.62756e-06
9.23448e-06
3.03447e-06
2.17685e-06
4.49088e-06
6.7379e-06
5.39326e-06
3.23573e-06
1.5704e-06
8.26276e-06
2.1812e-05
6.32526e-06
1.4921e-06
2.81582e-06
1.50573e-05
2.02395e-05
6.36983e-06
1.81966e-06
9.90132e-07
1.0149e-06
1.10281e-05
2.36042e-05
2.08484e-05
4.34113e-06
4.21888e-06
6.3796e-06
3.52972e-06
1.35922e-06
8.59645e-06
8.76207e-06
4.17297e-06
3.13363e-06
3.34582e-06
4.82669e-06
5.49088e-06
8.12641e-06
6.64535e-06
1.19698e-05
2.19097e-05
1.11246e-05
5.70052e-06
7.46703e-06
1.17691e-05
4.77809e-06
2.2205e-06
2.19148e-06
3.03963e-06
3.00186e-06
1.07333e-06
2.23097e-05
3.61357e-05
3.07092e-05
1.62513e-05
1.42415e-06
1.77339e-06
1.76175e-05
1.77357e-05
8.26343e-06
5.40936e-06
5.5875e-06
6.26938e-06
1.38304e-05
2.42154e-05
1.60844e-05
4.94379e-06
2.98548e-06
2.89435e-06
3.01282e-06
4.75054e-06
2.19984e-06
1.78585e-06
2.1926e-06
3.43562e-06
1.37391e-05
1.64067e-05
6.07247e-06
1.9124e-06
1.62858e-05
3.20757e-05
3.5741e-05
2.58037e-05
1.56252e-05
1.40178e-05
8.71812e-06
5.09359e-06
3.60889e-06
3.23592e-06
2.81995e-06
1.8643e-07
2.16975e-05
3.07812e-05
3.2802e-05
1.57315e-05
3.61628e-06
3.75611e-06
3.62459e-06
4.09659e-06
2.41356e-06
1.13518e-06
1.04032e-05
2.60956e-05
2.85737e-05
2.31729e-05
1.65657e-05
8.0222e-06
2.04243e-06
1.06893e-06
4.11199e-06
8.122e-06
1.26592e-05
1.21967e-05
2.76249e-06
1.52129e-07
1.10244e-05
1.77497e-05
1.33229e-05
3.86097e-06
8.53286e-06
3.1472e-05
4.24712e-05
4.44613e-05
3.66656e-05
1.71614e-05
4.33297e-06
2.83402e-06
2.87261e-06
2.97142e-06
2.78916e-06
1.53831e-06
4.74552e-06
2.39855e-05
2.29958e-05
7.44444e-06
3.24412e-06
3.42344e-06
4.41711e-06
4.8788e-06
3.04928e-06
5.85075e-07
1.57136e-05
2.07987e-05
2.07811e-05
1.26623e-05
1.01969e-07
1.77585e-06
2.7344e-06
1.87322e-06
5.13289e-07
3.42983e-06
5.18662e-06
2.77651e-06
2.42767e-06
5.85445e-06
4.08511e-06
1.06858e-06
1.78457e-06
7.76455e-06
2.50745e-06
2.05521e-06
1.76912e-05
3.52113e-05
4.04496e-05
3.17103e-05
7.12527e-06
1.78413e-06
1.47174e-06
2.69497e-07
3.0124e-06
3.72823e-06
5.61957e-06
2.83111e-05
2.97354e-05
3.07738e-06
2.66346e-06
2.83967e-06
3.46482e-06
3.25083e-06
2.38751e-06
2.15356e-06
1.11711e-05
1.63895e-05
8.78725e-06
9.94192e-07
4.22985e-07
1.45974e-05
2.49653e-05
1.71558e-05
3.17536e-06
1.41564e-06
1.35991e-06
1.27314e-06
1.71648e-06
3.50272e-06
4.6866e-06
2.81924e-06
2.0596e-06
2.37295e-06
7.84446e-06
1.39179e-05
4.08052e-06
9.56273e-07
9.06028e-07
5.98645e-07
5.61416e-06
6.76957e-06
5.6836e-06
5.37293e-06
1.34972e-05
2.0861e-05
7.52121e-06
9.6459e-07
1.59122e-06
2.49089e-06
1.95375e-06
2.74087e-06
3.65697e-06
2.83627e-06
2.14069e-06
5.44726e-07
5.19341e-07
5.45272e-06
4.28124e-06
1.7281e-06
1.46275e-06
2.65979e-06
1.66821e-05
2.64476e-05
2.19955e-05
1.40338e-05
6.3367e-06
2.13294e-06
1.91339e-06
2.89204e-06
4.15031e-06
4.1416e-06
3.0097e-06
1.76769e-06
1.42e-06
1.72089e-06
1.76869e-06
1.5182e-06
7.92963e-07
2.39391e-06
2.41544e-06
3.04286e-06
7.52202e-06
1.68508e-05
2.02263e-05
1.48467e-05
9.74129e-06
5.41469e-06
2.14274e-06
7.10209e-06
1.35117e-05
9.71229e-06
2.64403e-06
1.21613e-06
5.67476e-07
4.38115e-07
3.39306e-07
3.33965e-07
5.3221e-07
4.7935e-06
9.05336e-07
5.68724e-07
1.83485e-06
1.88206e-06
4.99303e-06
9.63163e-06
8.54852e-06
5.14023e-06
3.58261e-06
2.65517e-06
1.54257e-06
1.00702e-06
5.72919e-08
1.32127e-06
8.32814e-06
8.38305e-06
5.00496e-06
9.89354e-07
4.84032e-06
4.47102e-06
3.25789e-06
3.48835e-06
2.08485e-07
3.86283e-06
3.93148e-06
4.3938e-06
3.14342e-06
1.10929e-06
1.87574e-06
2.6273e-09
6.53895e-10
1.34337e-10
3.92541e-11
2.44646e-11
1.8564e-11
4.84328e-11
4.90311e-11
6.06046e-13
7.08132e-12
3.78518e-11
4.32981e-11
1.68855e-10
5.92625e-10
8.40906e-10
5.95163e-10
3.95467e-10
8.19783e-11
2.86237e-11
6.09278e-11
1.06682e-10
1.18144e-10
1.79375e-10
3.34609e-10
7.55001e-10
1.94135e-09
2.27299e-09
1.0576e-09
1.35657e-09
3.61481e-09
2.54977e-09
1.15957e-09
4.51279e-09
1.24714e-08
9.46032e-09
1.17779e-09
8.2036e-11
8.92661e-11
3.24218e-10
1.92733e-09
2.98179e-08
1.04007e-08
3.55916e-09
1.27246e-09
1.1238e-09
1.97691e-09
8.57499e-10
4.38496e-10
1.41467e-10
2.94622e-11
5.16239e-10
1.2349e-10
4.92858e-10
1.16772e-08
3.65111e-08
2.39514e-08
3.48444e-09
9.12651e-11
2.33405e-11
9.95651e-11
2.51871e-10
3.669e-10
6.94054e-10
4.21832e-09
1.04483e-08
1.36907e-08
1.36933e-08
9.58282e-09
1.03104e-08
1.60607e-08
1.32744e-08
8.95729e-09
1.78639e-08
2.57199e-08
1.1574e-08
1.03172e-09
1.30627e-09
1.85929e-09
6.91439e-09
2.6697e-08
1.3034e-07
7.27719e-08
4.25108e-08
2.60762e-08
7.89163e-09
1.34041e-08
2.05499e-08
1.50024e-08
1.79986e-08
3.36584e-09
9.23421e-10
1.32797e-09
2.04036e-09
1.56925e-08
1.12121e-07
1.89816e-07
1.0073e-07
2.5319e-08
1.22373e-09
2.87506e-10
3.45365e-10
3.89076e-11
8.74687e-10
1.03065e-09
1.43932e-08
5.36417e-08
3.48742e-08
2.21412e-08
4.36462e-08
5.91368e-08
2.24479e-08
1.33627e-08
4.0693e-08
4.67865e-08
7.63371e-09
7.49996e-09
9.48598e-09
7.63697e-09
1.81398e-08
9.95093e-08
1.99529e-07
1.08915e-07
1.17912e-07
2.44941e-07
2.65547e-07
2.02069e-07
1.75692e-07
1.57595e-07
2.70491e-07
5.71364e-07
6.57377e-08
3.10051e-09
5.18366e-09
4.24082e-08
1.07526e-06
2.19633e-06
1.47921e-06
6.37831e-07
1.87264e-07
1.64536e-08
2.79585e-09
2.21586e-09
5.34253e-10
1.34507e-07
3.93233e-07
1.05206e-07
1.65079e-07
4.36855e-08
6.06115e-08
2.82322e-07
1.47795e-07
1.46434e-08
4.47522e-08
1.86184e-07
2.66557e-08
7.46726e-08
1.01996e-07
3.07092e-08
2.83137e-08
8.23219e-08
6.39835e-08
1.23082e-08
1.04887e-08
1.45655e-07
7.4937e-07
1.33897e-06
5.72386e-07
1.4864e-07
1.75454e-07
1.33202e-06
2.17151e-06
2.50164e-07
9.99029e-08
4.26399e-07
7.22365e-06
1.10553e-06
3.03009e-06
2.4497e-06
4.90836e-06
9.03886e-07
3.04908e-08
1.46399e-08
6.99569e-08
5.64568e-09
1.04722e-06
1.50801e-06
1.38856e-06
3.06088e-07
1.35508e-07
8.10703e-07
1.80747e-06
1.09492e-07
3.16584e-08
2.2562e-07
3.65808e-07
7.86315e-08
4.23138e-07
1.30148e-07
4.04445e-08
3.26547e-08
4.45116e-08
1.50096e-08
2.67706e-08
1.11376e-07
1.58818e-07
2.71617e-07
9.52067e-08
8.67252e-08
2.70946e-07
5.71647e-07
2.40595e-06
1.0344e-06
5.94675e-07
3.26074e-07
2.57514e-06
1.17304e-07
4.07175e-06
2.3416e-06
1.34654e-06
3.69459e-06
5.64065e-07
3.23749e-07
1.26538e-06
5.3162e-07
2.2319e-07
3.31916e-06
5.17309e-06
1.73087e-06
9.51519e-07
8.93438e-07
4.93535e-06
7.78726e-06
7.64676e-08
1.24446e-07
4.67608e-07
6.03122e-07
1.20288e-07
2.64975e-07
1.06288e-07
6.04786e-08
7.61284e-08
5.12095e-08
4.03825e-08
1.57767e-07
1.82537e-07
1.42154e-07
3.97532e-08
7.81913e-08
6.39661e-07
8.74532e-07
9.34725e-07
8.22046e-07
2.29956e-07
7.34459e-07
2.71203e-06
2.37745e-06
4.78321e-06
5.48537e-06
1.74564e-06
2.11853e-06
1.4964e-06
4.34774e-09
5.70832e-08
4.5295e-06
5.08902e-07
7.42987e-06
4.10022e-06
2.90776e-06
1.11306e-06
1.86668e-06
4.57166e-06
1.782e-06
5.05199e-06
2.17613e-07
2.22713e-07
1.65685e-07
8.82141e-07
1.51978e-08
2.23335e-07
1.16343e-07
9.18906e-08
7.52679e-08
1.36158e-08
1.75329e-07
3.75726e-07
2.38489e-07
7.21956e-08
3.91679e-07
2.00821e-06
1.6511e-06
5.12074e-07
1.63295e-07
5.60335e-07
9.80112e-07
4.52226e-06
4.2317e-06
4.00858e-06
5.92743e-06
4.74282e-06
8.27416e-06
5.0119e-06
3.12597e-06
3.26064e-07
6.83354e-07
4.60151e-07
7.65428e-06
5.04713e-06
1.69928e-05
1.88633e-05
3.71545e-06
4.92363e-07
4.86004e-06
8.77216e-07
5.62078e-06
8.3644e-07
5.15585e-08
1.26677e-07
5.08989e-07
2.47684e-07
1.3483e-07
4.35955e-08
9.60758e-08
6.58921e-07
1.0198e-06
2.26293e-07
1.58893e-07
1.87085e-07
6.73963e-07
2.98031e-06
3.57033e-06
9.63052e-07
1.19522e-07
2.72277e-06
7.75689e-06
5.05542e-06
4.34414e-06
4.33877e-06
5.63465e-06
4.45944e-06
3.62597e-06
8.57938e-06
4.80051e-06
3.93502e-06
1.25003e-06
7.09007e-07
8.67925e-06
6.5933e-06
1.72452e-05
1.79984e-05
1.01772e-05
6.5407e-07
7.70722e-06
2.93554e-06
5.35956e-06
2.93004e-06
3.4436e-07
2.01401e-07
3.86007e-07
3.01592e-07
2.10381e-07
3.8077e-07
9.10202e-08
5.43146e-07
4.7134e-06
1.39093e-05
1.42196e-05
8.34331e-06
1.7891e-07
2.52182e-07
7.98173e-07
1.34554e-06
1.65023e-06
3.52312e-06
1.90716e-05
1.67168e-05
1.21339e-06
3.48466e-06
4.85131e-06
3.80098e-06
3.28483e-06
7.23274e-06
4.52005e-06
1.95947e-06
1.41568e-06
1.63966e-06
4.84501e-06
1.38974e-05
1.42493e-05
1.87315e-05
7.74576e-06
8.68045e-06
1.49561e-06
4.46878e-06
5.0784e-06
5.13279e-06
4.37338e-06
9.5731e-07
6.69429e-07
1.57568e-06
1.39235e-06
1.80279e-06
2.79431e-07
1.30359e-06
1.97257e-06
2.89285e-06
9.48747e-06
7.61195e-06
1.34206e-06
4.93537e-07
8.4301e-07
6.40972e-06
9.98348e-06
2.24455e-05
2.81825e-05
2.84864e-05
1.63701e-05
1.37352e-06
1.99779e-06
1.44955e-06
1.57829e-06
8.20064e-06
6.05668e-06
1.99169e-06
2.35735e-06
1.34288e-06
2.32097e-06
4.57782e-06
1.22179e-05
1.79594e-05
1.70497e-05
1.34995e-05
2.95554e-06
3.62022e-06
3.6443e-06
6.89355e-06
4.69035e-06
4.8565e-06
1.61714e-06
4.60235e-06
1.03476e-05
1.76466e-05
2.73071e-06
1.24335e-06
3.4891e-06
3.97261e-06
4.92442e-06
8.59471e-06
3.8028e-06
2.44874e-06
1.59898e-06
1.74381e-06
2.17054e-06
1.70798e-05
3.00718e-05
3.04298e-05
2.65903e-05
9.17611e-06
1.15214e-06
1.19568e-06
1.23883e-06
4.22436e-06
2.145e-06
7.47364e-07
4.85531e-06
5.85329e-06
2.09843e-06
1.10069e-06
7.37132e-06
1.55476e-05
1.9255e-05
1.72015e-05
7.99948e-06
2.0629e-06
3.07138e-06
5.96873e-06
4.11432e-06
1.0922e-06
6.20603e-06
2.25882e-06
1.60209e-05
1.60859e-05
9.35781e-06
3.26773e-08
2.59931e-06
4.10675e-06
3.52211e-06
3.77456e-06
5.07017e-06
4.83995e-06
4.18552e-06
8.68229e-07
1.99433e-06
9.52884e-07
1.71714e-05
2.83987e-05
2.65781e-05
9.32358e-06
1.82325e-06
1.03847e-06
7.43515e-07
1.44915e-06
1.19716e-06
2.55245e-07
6.10014e-06
1.77111e-05
7.46288e-06
1.94877e-06
4.36389e-06
6.26621e-06
1.55964e-05
1.84061e-05
1.64532e-05
2.57388e-06
1.30153e-06
1.38876e-06
1.25051e-06
4.33538e-07
1.45297e-06
5.83611e-07
5.4261e-06
9.96821e-06
6.8719e-06
6.02455e-07
5.1962e-07
2.52905e-06
3.80127e-06
3.15563e-06
2.17342e-06
2.64765e-06
1.37658e-05
3.86031e-06
2.06071e-06
3.40157e-06
4.05091e-06
4.4514e-06
4.37309e-06
1.93964e-06
9.74314e-07
2.58478e-06
1.20871e-06
6.79409e-07
1.7008e-06
7.0073e-07
5.35517e-06
1.6683e-05
8.81294e-06
1.52246e-06
2.63504e-06
2.62457e-06
4.64662e-06
1.58738e-05
1.93435e-05
7.79496e-06
1.69383e-06
2.1557e-06
2.00601e-06
1.66719e-06
6.25101e-06
9.8885e-06
5.03461e-07
6.30203e-07
3.036e-07
9.34564e-07
1.01456e-06
1.09721e-06
1.90016e-06
2.81644e-06
1.17314e-06
1.16604e-06
2.26652e-06
6.81879e-06
2.21707e-06
2.17114e-06
3.47207e-06
3.04907e-06
2.7483e-06
2.89297e-06
3.47775e-06
1.06169e-05
1.63124e-05
5.54692e-06
3.94342e-07
3.29656e-06
3.86027e-06
8.60745e-06
7.12814e-06
3.20113e-06
1.93848e-06
2.53289e-06
2.76643e-06
7.33365e-06
1.35382e-05
7.87712e-06
1.82254e-06
9.24985e-06
6.93314e-06
1.94666e-06
5.86211e-06
3.76743e-06
1.68912e-08
2.05574e-06
2.41806e-06
1.70587e-06
7.35464e-07
9.44318e-07
1.00723e-06
1.81288e-06
2.79296e-06
2.0425e-06
2.32051e-06
2.16603e-06
2.72825e-06
1.565e-06
2.67771e-06
2.91523e-06
9.95811e-07
1.9155e-06
6.03027e-06
1.213e-05
1.25445e-05
2.64402e-06
4.59334e-06
4.55957e-06
9.58128e-06
1.04504e-05
7.45288e-06
6.20071e-06
4.93537e-06
2.20711e-06
1.97958e-06
3.753e-06
1.14717e-05
5.91672e-06
2.43386e-06
9.95668e-07
2.23026e-06
2.31943e-06
1.96191e-06
5.27705e-07
1.27199e-06
3.4826e-06
2.1165e-06
2.17889e-06
6.78743e-07
7.63064e-07
5.89095e-07
6.22033e-07
3.52863e-06
3.40374e-06
6.05227e-06
4.97596e-06
2.83667e-06
1.55205e-06
2.09483e-06
3.88104e-06
2.27685e-06
1.74496e-06
7.01181e-06
4.89062e-06
7.06099e-07
4.32964e-06
6.08105e-06
7.48249e-06
1.68162e-05
2.66398e-05
1.65439e-05
7.29057e-06
6.85076e-06
6.84176e-06
1.31644e-06
1.64461e-06
2.25373e-06
1.91878e-07
2.55681e-06
2.07937e-06
2.11554e-06
1.48884e-06
6.86163e-06
5.55238e-06
4.72105e-06
9.63177e-06
7.89053e-06
3.07141e-06
2.20228e-06
2.70799e-06
2.97546e-06
7.35421e-07
1.36147e-06
1.92653e-06
2.2947e-06
1.85376e-06
1.24108e-06
1.85259e-06
1.04413e-06
3.02072e-06
3.689e-06
1.43236e-06
3.72428e-06
6.38507e-06
3.19612e-06
1.57277e-06
3.67509e-06
1.3487e-05
2.16342e-05
3.22211e-05
2.74209e-05
4.48813e-06
3.9774e-06
3.85217e-06
2.1216e-06
7.01826e-07
1.02767e-06
2.44556e-06
4.39487e-06
2.24276e-06
7.03172e-07
4.25947e-06
1.26559e-05
1.01121e-05
8.79407e-06
4.24298e-06
2.0075e-06
1.60217e-05
8.78931e-06
2.63764e-06
2.18324e-06
3.49863e-06
4.07285e-06
3.83257e-06
1.41509e-05
1.00281e-05
2.98447e-06
1.48379e-06
1.14198e-06
1.31132e-06
3.5934e-06
1.22676e-06
2.90769e-06
6.39088e-06
4.22267e-06
4.81619e-06
8.48843e-06
1.55672e-05
2.74075e-05
3.57406e-05
3.69969e-05
2.57309e-05
1.40642e-05
7.08233e-06
6.03214e-06
4.08019e-06
3.65899e-07
1.55041e-06
1.59355e-06
1.51525e-06
1.28937e-06
1.47017e-05
3.17058e-05
3.13732e-05
9.58526e-06
1.30886e-06
3.77575e-06
2.87896e-06
5.511e-06
5.68643e-06
4.05466e-06
4.21651e-06
6.85455e-06
2.68888e-05
3.66257e-05
3.14239e-05
1.60734e-05
4.67797e-06
2.51967e-06
2.66259e-06
2.18598e-06
7.80557e-07
2.22218e-06
4.38422e-06
4.75225e-06
8.53123e-06
1.63186e-05
1.68985e-05
1.92679e-05
3.3773e-05
4.32162e-05
4.15799e-05
2.59855e-05
9.69589e-06
5.67697e-06
3.77853e-06
2.86706e-06
2.62864e-06
2.33507e-06
2.02245e-06
2.39527e-06
1.00682e-05
1.40941e-05
2.61615e-05
2.69191e-05
1.77022e-06
2.82308e-06
3.77552e-06
3.32454e-06
1.41955e-06
1.68501e-06
1.71693e-05
2.63591e-05
3.06257e-05
3.26641e-05
2.49928e-05
4.62965e-07
1.24993e-06
1.94424e-06
2.50115e-06
5.36569e-06
7.76773e-06
1.67033e-05
2.63198e-05
1.79808e-05
5.58901e-06
6.75763e-06
5.38081e-06
2.92266e-06
3.25354e-06
1.6559e-05
3.49382e-05
3.81781e-05
2.02957e-05
3.4746e-06
3.539e-06
4.15656e-06
5.59265e-06
6.86811e-06
2.73736e-06
1.8056e-06
9.21437e-06
1.91355e-05
2.14352e-05
1.67048e-05
4.74164e-06
4.68037e-06
3.71825e-06
3.55039e-06
2.76285e-06
1.51948e-05
3.65912e-05
3.07267e-05
1.5657e-05
6.42135e-06
5.13164e-07
2.45792e-06
2.74384e-06
2.07639e-06
1.71844e-06
4.19853e-06
1.41862e-05
2.29236e-05
2.54496e-05
1.76121e-05
1.00183e-05
1.03411e-05
3.96711e-06
2.71895e-06
4.08147e-06
4.44339e-06
3.99419e-06
3.116e-06
3.09266e-06
3.40179e-06
3.32943e-06
2.29495e-06
1.27751e-06
5.81441e-06
1.6901e-05
1.58606e-05
1.89866e-05
2.39448e-05
2.36653e-05
2.00241e-05
8.81394e-06
5.88898e-06
4.7378e-06
4.09633e-06
3.66693e-06
2.16207e-06
1.68642e-05
7.98887e-06
4.64213e-06
2.74433e-06
1.0761e-06
2.90347e-06
4.80143e-07
1.41871e-06
2.22997e-06
2.4456e-06
1.72985e-06
4.25937e-06
1.37755e-05
2.01262e-05
1.65256e-05
8.90379e-06
3.30406e-06
2.1294e-06
2.45488e-06
3.14608e-06
1.91829e-06
6.09948e-07
2.1863e-06
2.3264e-06
2.63357e-06
3.23105e-06
2.75241e-06
2.28751e-06
9.18948e-06
2.95997e-05
3.03819e-05
1.22574e-05
2.19307e-06
3.22481e-06
8.58345e-06
5.51914e-06
2.36901e-06
2.50096e-06
3.38585e-06
4.05535e-06
3.64321e-06
2.98504e-06
4.68002e-06
3.80833e-06
1.74773e-06
1.8566e-07
1.04859e-06
2.04898e-06
3.35152e-06
3.47873e-06
3.85043e-06
2.59692e-06
1.41484e-06
3.36967e-06
7.41607e-06
7.18534e-06
4.90072e-06
3.10392e-07
9.40392e-07
3.59211e-07
5.90974e-07
1.87284e-06
2.70396e-06
7.68342e-07
1.10628e-06
2.74112e-06
3.36445e-06
2.62113e-06
4.37797e-06
1.67584e-05
1.33023e-05
6.05528e-06
2.02352e-06
4.13198e-06
9.04617e-06
7.70647e-06
3.25916e-06
2.18909e-06
1.44223e-06
2.13308e-06
2.72879e-06
1.88594e-06
1.31745e-06
8.93966e-07
2.3803e-06
6.24669e-06
5.14633e-06
8.89815e-08
1.3014e-06
2.72972e-06
3.49052e-06
4.58162e-06
6.1564e-06
6.80009e-06
4.45687e-06
2.79866e-07
1.71838e-06
9.67385e-06
1.13731e-05
1.59562e-05
1.34946e-05
1.04883e-06
3.4225e-06
4.68027e-06
5.95203e-06
6.44301e-06
1.65137e-06
1.74491e-06
9.05059e-06
6.72527e-06
7.25691e-06
1.54779e-05
1.72795e-05
1.00592e-05
9.52622e-11
2.27569e-12
1.11463e-10
1.17423e-10
4.28423e-12
1.16545e-11
1.3911e-11
1.07986e-10
1.47388e-10
5.77791e-12
5.80157e-12
2.05282e-11
1.10448e-10
5.61184e-10
1.02833e-09
5.48803e-10
1.08339e-10
2.60489e-11
1.66817e-11
1.21857e-10
3.27625e-10
4.71468e-10
2.59907e-10
6.13335e-11
1.81206e-10
7.19676e-10
1.06685e-09
1.35635e-09
6.61419e-10
9.65186e-11
5.40414e-11
5.00642e-11
3.37237e-11
1.03029e-10
2.04235e-10
2.46778e-10
1.60925e-10
3.35791e-10
1.19338e-09
1.04555e-09
1.68552e-09
5.47749e-12
2.08082e-10
2.46848e-10
5.01542e-11
1.26804e-11
2.60274e-10
1.65889e-09
2.37986e-09
8.11745e-10
9.59541e-11
4.93022e-11
1.66896e-10
7.09301e-10
3.33654e-09
6.75566e-09
3.87603e-09
9.59918e-10
1.37325e-10
3.97937e-10
1.9506e-09
5.08159e-09
5.7356e-09
1.81106e-09
6.77594e-10
3.571e-09
6.21555e-09
7.78694e-09
4.63256e-09
1.2334e-09
7.16055e-10
5.80791e-10
3.38879e-10
9.62102e-10
3.26762e-09
4.44569e-09
1.91819e-09
2.41304e-09
9.46927e-09
1.20673e-08
1.19193e-08
4.15922e-11
5.00726e-10
8.23466e-10
3.6464e-09
2.80402e-09
4.2921e-11
6.57511e-09
1.47408e-08
9.46413e-09
4.7494e-09
4.92657e-09
5.30315e-09
2.67777e-09
8.97844e-10
4.33767e-09
1.46855e-08
1.0356e-08
2.63769e-09
3.79502e-10
7.78115e-10
3.52652e-09
1.70769e-08
4.56221e-08
1.75868e-08
1.32724e-09
7.21987e-09
1.01119e-08
8.47754e-09
3.96284e-09
2.80294e-09
2.99892e-09
1.27432e-09
1.60676e-09
3.75112e-09
1.94976e-08
3.16808e-08
1.15616e-08
1.7286e-08
3.218e-08
3.18423e-08
3.85297e-10
1.04233e-08
8.4081e-09
1.66256e-08
3.04504e-08
4.51092e-09
1.75862e-08
9.04766e-08
5.86869e-08
1.2409e-08
1.9577e-08
1.0918e-07
1.21966e-07
1.98409e-08
3.19715e-09
1.32449e-08
1.97873e-08
9.61803e-09
1.52389e-09
9.37986e-10
4.13965e-09
4.98881e-09
4.28563e-09
1.9372e-07
9.22469e-08
1.73029e-08
2.49981e-08
7.88398e-09
4.05421e-09
2.64632e-09
5.38817e-09
1.0016e-08
6.43041e-09
1.14853e-08
2.95217e-09
1.0783e-07
8.84609e-08
3.73513e-08
5.79107e-08
5.59093e-08
1.16493e-08
6.16824e-08
3.89123e-08
5.72533e-08
2.51031e-07
3.09589e-07
5.87948e-07
1.26256e-06
9.99437e-07
9.36919e-08
9.12158e-09
1.12636e-07
1.62584e-06
9.67597e-07
3.15828e-08
1.75502e-08
3.2395e-08
2.04474e-08
4.71755e-09
1.93611e-10
1.52581e-08
7.59472e-09
2.10768e-07
2.85206e-07
8.79637e-07
7.46179e-07
5.87468e-07
6.93565e-08
1.47282e-08
3.05679e-09
1.75154e-09
9.78403e-09
4.74706e-08
3.29368e-08
1.32252e-08
2.61847e-07
2.29116e-06
1.55582e-07
3.13288e-08
7.36936e-08
2.06464e-08
1.98287e-08
2.68923e-08
9.64749e-09
7.03262e-08
1.0009e-06
7.69884e-06
1.06029e-05
8.62135e-06
3.82624e-06
9.82256e-08
6.22598e-08
2.22761e-07
5.3505e-06
4.98482e-06
2.44068e-07
3.59035e-08
7.30215e-08
5.37892e-08
9.72025e-09
1.71075e-08
1.03345e-07
3.03908e-08
6.67035e-07
6.35126e-07
3.43088e-06
6.45387e-06
4.92571e-06
4.43513e-06
7.31345e-08
1.51681e-08
1.57032e-07
1.84463e-08
3.01124e-07
2.46012e-08
2.12004e-07
4.70278e-06
2.65489e-06
2.26894e-07
1.5943e-07
4.17084e-08
5.8947e-09
1.49736e-08
9.32713e-09
7.85316e-08
2.04275e-07
2.16991e-06
1.29974e-05
4.37391e-06
6.57586e-06
1.86245e-06
2.12473e-07
4.37637e-08
2.03114e-07
6.69364e-06
1.14597e-05
1.95492e-06
3.25061e-08
1.33791e-07
2.24769e-07
4.42321e-09
6.906e-07
2.9753e-07
1.19059e-06
2.75299e-07
7.73563e-07
2.44928e-06
2.16813e-06
4.76608e-06
9.63469e-06
1.0338e-05
3.49053e-06
1.12771e-06
2.84171e-07
5.98085e-07
4.61979e-08
3.82682e-06
6.49633e-06
1.4503e-06
7.76351e-07
2.25348e-07
8.13606e-08
3.26273e-08
5.52605e-08
1.79558e-07
5.51176e-07
6.57421e-07
5.77298e-06
3.47375e-06
2.94784e-06
2.33269e-06
1.16197e-06
2.27221e-07
2.03739e-09
4.10589e-07
5.2764e-06
7.37611e-06
1.75106e-06
1.1604e-08
9.49172e-07
8.06333e-07
5.43651e-06
4.54396e-07
4.78351e-07
2.12528e-06
1.21866e-06
7.9621e-07
2.16686e-06
3.80002e-06
3.95855e-06
4.17777e-06
7.01382e-06
6.22363e-06
5.24875e-07
1.73975e-06
2.39912e-07
3.02591e-06
1.02445e-05
2.53611e-06
1.14312e-06
9.32567e-07
1.34151e-06
1.74592e-06
1.64891e-06
8.895e-07
1.20617e-06
1.47459e-06
1.78843e-06
7.79533e-07
3.8824e-08
8.88572e-08
1.62468e-06
1.33043e-06
9.71558e-07
8.18351e-07
1.36187e-06
2.51082e-06
2.49504e-06
3.58689e-07
5.50937e-06
1.12499e-05
1.64388e-06
8.19007e-07
7.10583e-07
1.95234e-06
3.12296e-06
1.88588e-06
1.52654e-06
1.94913e-06
9.23819e-06
7.96498e-06
1.09884e-05
8.64012e-06
3.04211e-06
1.17307e-06
1.24236e-06
2.642e-06
5.47004e-06
4.0849e-06
2.31344e-06
1.98646e-06
2.07557e-06
1.69335e-06
1.45293e-06
1.41857e-06
1.0058e-06
6.28211e-07
8.15655e-07
5.85564e-07
2.85849e-07
1.74371e-07
7.78336e-07
1.88604e-06
1.40989e-05
1.24715e-05
4.83273e-06
3.15741e-06
2.60324e-06
2.04755e-06
4.41498e-06
4.56702e-06
1.69679e-06
2.0756e-06
1.60759e-06
1.96656e-06
2.7898e-06
3.57103e-06
2.35588e-06
1.32756e-06
3.34758e-07
1.70924e-05
2.93402e-05
2.46866e-05
7.91632e-06
1.91298e-06
6.78194e-07
2.65502e-06
3.84012e-06
2.29127e-06
1.85076e-06
2.19057e-06
1.16457e-06
2.69922e-06
1.12168e-06
1.22612e-06
9.41101e-07
1.71528e-07
5.20243e-07
3.07347e-07
1.97293e-07
5.62895e-07
1.16476e-06
4.39699e-06
1.31612e-05
1.37838e-05
8.00404e-06
2.15216e-06
1.96534e-06
1.94373e-06
3.21745e-06
6.37671e-06
4.54717e-06
5.66041e-06
3.81464e-06
2.54411e-06
2.68052e-06
1.76149e-06
1.89929e-06
9.06483e-07
6.27231e-07
7.51985e-08
1.90033e-05
3.63383e-05
1.91564e-05
4.77416e-06
8.84854e-07
3.85639e-06
8.15667e-06
4.50351e-07
8.37248e-07
1.53184e-06
2.33679e-06
1.5341e-06
1.44021e-06
1.84181e-06
1.47025e-06
8.74763e-08
1.09698e-06
1.41782e-06
1.43603e-07
2.14745e-07
4.90506e-07
4.34967e-06
8.60464e-06
1.05541e-05
1.339e-05
3.95109e-06
1.91781e-06
2.88367e-06
7.38923e-06
1.42197e-05
3.7718e-06
1.32862e-06
4.49305e-06
3.5766e-06
3.4312e-06
1.95123e-06
2.60608e-06
6.52448e-07
3.10674e-07
1.87616e-06
2.62142e-06
2.50166e-05
2.58256e-05
4.97864e-06
4.12209e-07
4.34112e-06
9.8254e-06
3.87762e-06
1.92574e-06
9.93783e-07
1.45818e-07
3.11354e-07
9.13219e-07
1.62346e-06
1.28064e-06
3.6963e-06
1.15428e-05
1.89754e-06
1.31419e-06
2.47477e-06
2.38475e-06
8.7445e-07
2.37297e-06
9.32896e-06
1.90846e-05
1.0066e-05
4.47142e-06
4.51501e-06
4.47224e-06
1.73664e-06
4.84916e-07
9.86537e-07
5.24465e-06
3.92805e-06
3.3517e-06
3.83294e-06
1.483e-06
2.24471e-06
1.90444e-06
1.37235e-06
3.51801e-06
3.30852e-06
6.45127e-06
8.74091e-07
1.06266e-06
2.63035e-06
8.7109e-06
4.89859e-06
3.26496e-06
2.75772e-06
7.87717e-07
4.08981e-07
3.59219e-07
1.12622e-06
1.1772e-06
6.67467e-07
3.86645e-06
9.70548e-06
4.03775e-06
1.77947e-06
1.96022e-06
1.55173e-06
8.68596e-07
1.19267e-06
2.74359e-06
2.1507e-06
1.98052e-06
3.55452e-06
3.52961e-06
8.46264e-07
6.26548e-09
7.31077e-07
4.56355e-06
7.22007e-06
1.76494e-06
3.4263e-06
2.28943e-06
3.83488e-06
7.24657e-06
5.35189e-07
1.79266e-06
3.65022e-06
2.50816e-06
9.42566e-07
4.31295e-07
4.65793e-07
6.00862e-06
4.72998e-06
3.35997e-06
4.34183e-06
3.12405e-06
3.46906e-07
6.16417e-07
9.07892e-07
1.4309e-06
1.7733e-06
5.71238e-06
8.65948e-06
7.53944e-06
2.79455e-06
1.93181e-06
2.48845e-06
1.23363e-06
1.92011e-07
5.00324e-07
2.87565e-06
6.06589e-06
8.45607e-06
4.28869e-06
2.10844e-06
1.76828e-06
7.95482e-07
2.5386e-06
5.43319e-06
1.57948e-06
2.83872e-06
1.23341e-06
3.35879e-07
1.20311e-05
2.44554e-06
5.65383e-07
3.56394e-06
1.36304e-05
1.03372e-05
6.67485e-06
3.96769e-06
2.48305e-06
2.9234e-06
2.25164e-06
6.95932e-07
4.20453e-06
1.10451e-06
1.36323e-06
2.24626e-06
3.85384e-06
1.89037e-06
3.79445e-06
6.13501e-06
3.36526e-06
1.96473e-06
3.19194e-06
4.13326e-06
3.18139e-06
8.64154e-07
4.2347e-08
1.43504e-07
5.98507e-06
1.43977e-05
1.42384e-05
9.70706e-06
1.32803e-05
1.76217e-05
4.55177e-06
3.43379e-06
4.47378e-06
2.03918e-06
2.17277e-06
4.60883e-07
2.76783e-06
2.70218e-06
3.87435e-06
3.10737e-06
2.46274e-06
1.564e-06
3.08087e-06
2.29326e-06
3.22904e-06
3.18532e-06
5.28368e-06
3.71351e-06
1.00477e-06
7.65937e-07
2.08436e-06
2.37357e-06
3.85222e-06
3.48046e-06
2.94056e-06
3.89467e-06
2.09443e-06
7.12329e-07
3.62928e-06
2.85492e-06
3.75728e-06
2.73619e-06
4.28109e-07
1.16764e-06
1.26404e-06
1.07854e-07
1.17465e-05
2.08169e-05
2.26285e-05
3.21391e-05
2.92012e-05
8.63877e-06
4.19067e-06
3.25451e-06
2.0122e-06
1.67373e-06
1.53514e-06
2.51364e-08
2.76719e-06
3.54941e-06
2.62502e-06
1.38012e-06
3.28684e-06
9.12673e-06
8.69487e-06
5.15667e-06
2.09419e-06
2.8296e-06
5.73052e-06
1.73274e-06
1.13463e-06
8.79391e-07
3.09575e-06
6.80799e-06
7.0585e-06
1.00278e-05
5.02746e-06
1.28527e-06
2.55733e-06
3.88989e-06
3.00173e-06
2.5581e-06
1.13147e-06
2.8981e-06
2.13444e-06
2.49813e-06
1.48011e-06
8.70846e-06
2.76849e-05
3.0621e-05
2.67589e-05
1.57511e-05
9.60014e-06
3.46614e-06
6.72929e-06
1.05912e-05
9.4904e-07
5.76909e-07
6.16476e-06
5.91253e-06
4.17478e-06
5.78597e-06
2.27531e-06
3.57141e-06
7.24261e-06
6.11491e-06
1.22177e-06
2.01547e-06
3.27626e-06
1.67748e-06
2.12967e-07
5.74978e-07
4.47424e-06
1.18988e-05
1.15473e-05
4.94249e-06
1.79698e-06
2.5275e-06
2.34419e-06
1.9388e-06
2.20569e-06
2.32597e-06
1.42243e-06
2.21236e-06
2.12802e-06
3.76364e-06
5.99777e-06
7.50653e-06
1.79275e-05
2.83192e-05
3.25126e-05
1.72219e-05
2.2098e-06
2.26161e-06
3.72824e-06
5.09029e-06
2.57618e-06
1.8126e-06
8.88128e-06
1.05875e-05
3.79038e-06
4.6252e-06
4.88593e-06
5.67441e-06
1.01e-05
4.77486e-06
2.03975e-06
3.22375e-06
3.73518e-06
2.91942e-06
7.29294e-07
5.21852e-06
1.13081e-05
1.55996e-05
1.8481e-05
6.32608e-06
3.27995e-07
1.01731e-06
2.13217e-06
2.16339e-06
6.37943e-06
1.26779e-06
6.81043e-07
6.06861e-07
1.36489e-06
2.83476e-06
9.48268e-06
8.38108e-06
6.45582e-06
3.80215e-06
7.72477e-06
2.35109e-05
1.40885e-06
1.42471e-06
2.1019e-06
2.51603e-06
2.50753e-06
1.23208e-06
4.00588e-07
1.53381e-06
2.77189e-06
5.42397e-06
5.2535e-06
5.0797e-06
4.18557e-06
1.9115e-06
9.30878e-07
1.48992e-06
1.3436e-06
4.32463e-07
2.05711e-08
2.67289e-06
2.29198e-05
3.12258e-05
1.70134e-05
5.87824e-06
2.53544e-06
3.0707e-06
3.2316e-06
1.79469e-06
6.73058e-06
1.71477e-05
1.40362e-05
1.53099e-05
3.27943e-06
2.26608e-06
4.63445e-06
5.01558e-06
3.79754e-06
3.8828e-06
2.87177e-06
2.07913e-06
1.15803e-06
1.92243e-06
2.83595e-06
3.0673e-06
2.89054e-06
1.61342e-06
1.6225e-06
1.74511e-06
3.87982e-07
7.73999e-06
7.23292e-06
4.83055e-06
3.1955e-06
9.83553e-07
7.27855e-06
6.12766e-06
5.22662e-06
4.79198e-06
1.12371e-05
2.45324e-05
3.07901e-05
2.22989e-05
4.3708e-07
6.831e-06
3.40343e-06
3.45039e-06
3.19906e-06
2.40637e-06
1.82556e-06
7.65353e-06
2.14193e-05
2.48541e-05
8.87913e-06
1.2746e-06
5.3587e-06
1.03005e-05
5.02474e-06
3.91462e-06
2.91018e-06
3.46458e-07
7.22328e-07
2.07802e-06
1.74359e-06
8.60912e-07
6.20989e-07
1.61827e-06
2.04149e-06
1.31314e-06
2.6511e-06
5.15051e-06
9.19334e-06
8.6449e-06
7.58842e-06
2.57462e-06
2.82537e-06
4.08185e-06
3.30484e-06
2.51344e-06
1.11808e-05
3.211e-05
1.78716e-05
7.63381e-06
2.829e-06
2.69709e-06
9.43729e-06
5.65808e-06
3.12625e-06
3.08426e-06
4.48658e-06
3.84178e-06
4.79274e-06
1.31586e-05
1.8104e-05
1.98174e-05
2.28803e-05
2.03665e-05
7.01023e-06
1.48517e-06
1.65862e-06
1.64301e-06
2.35005e-06
3.98676e-06
2.8213e-06
2.22133e-06
2.13951e-06
3.62106e-06
2.98063e-06
1.24139e-06
1.12156e-05
2.16408e-05
1.3978e-05
3.55833e-06
3.22153e-06
2.62134e-06
5.0959e-06
6.88988e-06
3.01309e-06
2.81372e-06
3.44597e-06
7.89349e-07
1.93331e-05
2.63393e-05
1.71154e-05
6.60034e-06
2.71845e-06
5.92186e-06
3.93121e-06
1.76253e-06
3.00759e-06
3.82712e-06
2.64417e-06
6.58592e-07
2.2498e-07
2.79445e-06
9.2299e-06
6.97431e-06
4.98669e-06
1.02712e-05
2.02373e-05
2.2559e-05
1.70189e-05
7.98881e-06
2.40353e-06
3.76886e-06
4.74551e-06
5.51406e-06
5.57941e-06
2.03576e-06
8.09035e-06
1.48133e-05
9.82149e-06
3.6213e-06
3.05429e-06
3.68648e-06
2.32983e-06
1.14802e-05
2.86168e-05
3.00576e-05
1.58609e-05
4.12833e-08
1.277e-06
1.03116e-05
2.89539e-05
2.65088e-05
4.57993e-06
7.20334e-07
1.52596e-06
5.90524e-07
1.31602e-06
2.09051e-06
1.47652e-06
1.72067e-06
1.32037e-06
1.34437e-06
3.13809e-06
3.91906e-06
1.02766e-06
8.1057e-07
1.14296e-05
2.27273e-05
2.24935e-05
1.05487e-05
5.64908e-06
5.44352e-06
3.64377e-06
1.78658e-06
1.16853e-05
2.225e-05
1.76338e-05
1.04607e-05
6.81271e-06
5.31994e-06
2.93537e-06
2.3115e-06
6.68999e-11
1.62242e-11
5.55205e-11
4.55312e-10
5.91672e-10
6.30494e-11
2.8077e-12
1.34114e-11
1.39115e-11
3.05276e-11
1.25871e-11
1.37359e-13
3.58756e-12
5.10239e-12
3.95995e-11
1.53307e-10
1.69006e-10
1.22098e-10
1.95425e-11
3.23213e-13
6.74297e-11
3.44845e-10
3.06244e-10
6.43587e-11
2.54335e-10
8.75145e-10
1.40489e-10
3.05768e-11
1.42748e-10
8.28812e-11
2.42197e-10
6.47109e-10
7.77273e-10
3.08819e-10
9.79555e-11
2.06274e-10
3.12155e-10
1.50118e-10
3.20589e-11
5.14113e-11
1.12007e-09
3.83653e-10
5.27667e-10
2.69401e-09
4.08128e-09
9.16529e-10
4.36404e-11
1.76378e-10
6.78235e-10
6.51988e-10
1.51575e-10
4.16589e-12
1.33286e-11
1.44066e-11
2.27929e-10
1.09271e-09
1.13188e-09
2.67255e-10
8.46416e-12
3.32073e-10
1.99071e-09
6.45197e-09
7.59839e-09
2.00544e-09
3.20731e-10
8.26323e-10
2.0859e-10
5.91037e-10
4.87934e-10
6.30761e-10
2.04315e-09
4.28936e-09
5.56932e-09
4.16358e-09
3.73454e-09
6.7424e-09
7.37596e-09
2.23754e-09
9.05372e-11
6.08411e-10
3.29673e-09
2.43831e-09
1.3679e-09
4.09526e-09
9.04286e-09
4.35445e-09
6.85482e-10
8.63709e-10
2.87564e-09
3.8426e-09
1.96381e-09
6.01327e-11
1.0217e-10
4.77054e-10
7.6544e-10
2.1296e-09
3.44829e-09
1.13491e-09
1.46943e-10
6.34726e-10
3.78697e-09
1.40573e-08
2.96122e-08
1.55698e-08
1.35371e-09
1.58256e-09
1.59303e-09
5.73678e-09
3.35372e-09
1.06595e-09
1.924e-09
4.67063e-09
1.00247e-08
1.18988e-08
1.23864e-08
3.62365e-08
8.28174e-08
4.95767e-08
3.56833e-09
3.70309e-10
2.01873e-09
6.46089e-09
6.4106e-09
1.09067e-08
1.64453e-08
1.59783e-08
9.01641e-09
4.55373e-09
9.52298e-09
1.26919e-08
9.63993e-09
4.06705e-09
2.58539e-10
1.06883e-09
1.18915e-08
1.67339e-08
1.53571e-08
5.11514e-09
8.46209e-10
2.44405e-09
6.3102e-09
1.59818e-08
3.29231e-08
3.00811e-08
5.95751e-09
2.66309e-09
4.15326e-09
2.93355e-08
1.70829e-08
1.3887e-09
2.03472e-09
2.29275e-09
3.59337e-09
1.0982e-08
1.95005e-08
4.56467e-08
4.5685e-07
1.2566e-06
3.20003e-07
3.38386e-09
7.91558e-10
1.13225e-08
2.08132e-08
5.57205e-08
1.16141e-07
7.32964e-08
2.3564e-07
1.78383e-07
2.64994e-08
4.45101e-08
3.64018e-08
2.55453e-08
2.33364e-08
9.87575e-09
3.4262e-09
7.93766e-08
8.64235e-08
3.41824e-08
2.16792e-09
1.48962e-08
4.74529e-08
3.43052e-08
2.86705e-08
3.27512e-08
1.21156e-08
1.35471e-08
1.57079e-08
3.77922e-08
8.64806e-08
1.78441e-09
6.91643e-08
7.71857e-09
7.35421e-09
1.50306e-08
2.89352e-08
7.41728e-08
3.72528e-07
5.63691e-06
9.5529e-06
1.11629e-06
1.40275e-06
4.41313e-09
3.72811e-08
8.4825e-08
2.27074e-07
3.55087e-07
1.16427e-07
5.15243e-06
9.14541e-06
3.34007e-08
8.4676e-08
4.02152e-08
1.11247e-07
2.45684e-07
1.14864e-07
1.68051e-08
2.43721e-07
1.30393e-07
1.48677e-08
1.43529e-07
1.21076e-06
7.87495e-07
7.41817e-08
1.86319e-08
4.52443e-08
9.75674e-08
1.8044e-07
6.09834e-08
1.44209e-07
3.56719e-08
3.3131e-07
1.42333e-06
9.31903e-08
3.22357e-08
7.87022e-08
1.23348e-07
3.63233e-07
3.90491e-06
1.98738e-05
1.90193e-05
1.32581e-05
1.83371e-06
2.96201e-08
9.41904e-08
1.86509e-07
2.95195e-07
2.98462e-07
2.64549e-07
2.21809e-05
2.20458e-05
4.1131e-06
6.1698e-08
8.15653e-08
6.98917e-07
1.1509e-06
3.74556e-07
5.02782e-08
7.66903e-07
6.50186e-07
1.25765e-07
2.12853e-06
5.24394e-06
2.68526e-06
3.27752e-07
2.002e-07
1.31411e-06
2.13607e-06
4.50667e-07
2.9412e-07
3.82204e-07
3.78979e-08
1.58613e-06
3.70086e-06
4.52115e-07
7.76535e-08
2.53773e-07
3.08547e-07
1.45859e-06
1.03642e-05
1.42667e-05
6.87485e-06
6.19909e-06
3.99445e-06
2.48128e-06
3.25677e-07
3.1217e-07
3.44921e-07
1.92616e-07
1.58283e-05
2.86864e-05
1.24584e-05
2.3961e-06
5.39817e-07
2.26133e-07
1.54426e-06
2.15242e-06
6.07931e-07
4.90888e-08
1.41276e-06
2.17097e-06
9.39337e-07
4.02686e-06
6.79846e-06
3.00943e-06
1.0269e-06
6.93457e-07
1.40717e-05
1.72213e-05
5.25356e-07
9.28681e-07
5.11021e-07
8.41459e-08
1.8942e-06
2.69329e-06
2.11384e-07
2.5256e-07
5.07057e-07
5.99479e-07
3.21315e-06
6.46748e-06
4.70762e-06
3.99227e-06
8.39821e-07
2.56641e-06
3.46515e-06
5.66442e-06
5.43064e-07
5.55718e-07
4.19523e-07
1.47006e-05
1.69355e-05
6.33203e-06
1.80217e-06
2.66059e-06
6.61051e-08
1.602e-06
1.82298e-06
3.15083e-07
1.15383e-07
1.71158e-06
2.35143e-06
1.96605e-06
5.33559e-06
6.84163e-06
2.82123e-06
1.93864e-06
5.28206e-07
7.23306e-06
1.25932e-05
1.97768e-06
6.98494e-07
7.81024e-08
2.22506e-07
1.23914e-06
5.62957e-07
4.12866e-08
6.27867e-07
7.33774e-07
1.51849e-06
2.42266e-06
3.01239e-06
5.87629e-06
1.21037e-06
1.92195e-06
1.20662e-05
7.44999e-06
1.30821e-06
3.73669e-07
1.49768e-07
7.96652e-08
2.49212e-07
2.41391e-06
3.74918e-06
1.08796e-06
3.70242e-06
3.47632e-06
4.97339e-07
9.67712e-07
1.17976e-07
7.61684e-07
3.35697e-06
1.28504e-06
1.49552e-06
7.73221e-07
3.6859e-06
3.9227e-06
1.64616e-06
1.20672e-06
3.32817e-06
2.83601e-06
1.16665e-06
4.33275e-07
1.96104e-08
4.03834e-07
3.94613e-07
2.75765e-08
3.13678e-07
5.1082e-07
1.62566e-06
1.38817e-06
2.8856e-06
4.32323e-06
4.8952e-06
1.23576e-06
5.72281e-06
1.25355e-05
2.74284e-06
3.15729e-06
4.11692e-06
1.50867e-08
1.18624e-07
5.19391e-07
1.248e-06
3.78926e-06
1.31671e-06
1.96787e-06
5.60133e-06
6.90879e-06
3.80179e-06
1.9047e-06
2.82793e-06
3.0987e-06
7.30105e-07
8.73367e-07
4.48159e-07
4.14379e-06
3.90958e-06
2.40179e-06
7.29791e-06
1.4222e-06
1.61579e-06
2.37255e-06
1.0387e-06
1.80012e-07
1.27801e-07
7.74584e-08
5.70135e-07
5.51465e-07
6.67591e-07
2.391e-06
1.88972e-06
2.03497e-06
2.14957e-06
3.40114e-06
3.37235e-06
5.06786e-06
3.10119e-07
2.33006e-06
2.8146e-06
3.75609e-06
2.19287e-06
6.01338e-07
4.68058e-07
4.61938e-06
3.19907e-06
1.64361e-06
2.10304e-06
3.78999e-06
2.60647e-06
1.38423e-07
1.41088e-06
3.06898e-06
2.80834e-06
1.76029e-06
4.86114e-07
2.80552e-06
3.97292e-06
8.56092e-06
5.32394e-06
1.23414e-06
4.52494e-07
2.18573e-06
2.49424e-06
1.412e-06
4.87276e-07
1.84018e-07
9.88672e-07
2.01373e-06
6.8622e-07
2.26754e-06
3.94313e-07
1.65127e-06
1.17614e-06
4.17555e-06
2.99748e-06
1.66626e-06
8.34028e-08
7.60581e-07
3.28762e-06
4.31876e-06
4.8606e-06
1.19823e-06
1.48202e-06
1.46227e-06
1.57769e-06
3.95561e-06
1.99044e-06
3.92309e-06
3.57426e-06
7.53984e-07
2.04668e-06
2.76668e-06
2.68238e-06
2.78831e-06
1.33937e-06
2.18999e-06
3.54165e-06
3.28122e-06
1.31746e-06
1.21459e-06
2.82789e-06
2.57184e-06
2.54637e-06
1.63565e-06
1.09786e-06
8.00853e-07
2.68821e-06
5.00356e-06
6.03101e-06
4.4149e-06
7.7658e-07
1.34013e-06
3.63625e-06
9.55292e-06
4.28352e-06
1.44659e-06
3.59421e-07
8.39859e-08
8.32609e-07
2.32222e-06
6.15317e-06
6.02858e-06
3.50559e-06
3.59301e-06
1.88804e-06
7.52617e-07
1.74006e-06
1.49059e-06
1.58648e-06
1.98135e-06
3.30249e-06
2.39589e-06
1.03092e-06
5.30627e-07
1.66399e-06
2.43756e-06
2.81975e-06
3.2675e-06
1.33677e-06
1.70774e-06
2.14673e-06
2.94614e-06
3.46374e-06
6.57538e-06
7.79708e-06
2.50299e-06
3.18783e-06
3.85971e-06
4.97883e-06
3.46436e-06
1.64763e-06
2.1995e-06
2.01683e-06
7.79441e-06
5.899e-06
2.07198e-06
1.02415e-06
1.81132e-07
2.43775e-06
6.37298e-06
1.23767e-05
2.15244e-05
3.43067e-06
4.44899e-06
4.53808e-06
4.30044e-06
2.83517e-06
1.752e-06
1.60128e-06
1.50839e-06
8.2881e-07
1.35801e-06
1.19561e-06
5.11262e-07
2.10304e-06
4.61754e-06
1.09181e-06
5.22432e-07
4.6561e-07
9.29107e-06
5.31859e-06
2.69243e-06
8.82073e-07
2.17131e-06
7.36604e-06
1.08211e-05
4.25447e-06
5.92666e-06
5.65264e-06
2.40841e-06
1.43409e-06
3.03822e-06
1.18453e-06
1.43402e-06
4.38356e-06
2.15573e-06
1.55172e-06
3.98349e-07
2.21111e-06
2.38622e-05
3.17965e-05
3.00135e-05
2.97817e-05
8.13136e-07
5.20005e-06
6.59079e-06
4.01877e-06
1.85095e-06
9.09677e-07
1.73864e-06
1.8149e-06
3.86493e-08
1.77811e-06
4.64523e-06
4.51581e-06
4.82515e-06
2.3245e-06
7.06222e-08
5.12088e-07
2.08806e-06
2.40036e-06
4.10906e-06
3.80814e-06
3.21751e-06
4.6323e-06
1.27297e-05
4.12659e-07
3.78281e-06
4.61594e-06
2.32768e-06
6.25665e-07
2.33658e-06
1.7364e-06
6.58328e-06
2.76018e-06
2.88999e-06
3.92464e-06
2.07675e-06
1.14396e-05
2.89331e-05
3.7376e-05
3.98437e-05
4.1678e-05
2.08795e-05
1.07722e-06
4.72748e-06
8.1198e-06
3.55542e-06
2.30644e-06
7.06797e-07
1.84459e-06
1.33588e-06
4.30495e-06
1.40394e-05
1.26474e-05
3.15854e-06
8.43738e-07
5.22243e-06
4.59682e-06
2.13569e-06
6.22523e-07
7.03545e-07
2.7088e-06
1.91989e-06
6.38943e-07
4.89723e-07
1.88243e-06
6.27715e-06
5.7899e-06
3.0073e-06
9.08569e-07
5.70038e-07
4.98831e-06
1.31673e-05
5.37123e-06
1.48816e-06
6.62284e-06
2.1974e-05
3.33906e-05
3.05683e-05
2.63244e-05
3.39917e-05
4.19094e-05
3.21593e-05
1.72297e-06
1.18825e-06
9.86192e-06
8.61033e-06
5.17347e-06
1.86421e-06
9.83182e-07
3.81535e-06
1.44442e-05
9.32323e-06
5.31896e-06
5.19093e-06
2.46938e-06
1.06357e-05
1.93461e-05
5.93768e-06
7.74642e-07
1.10342e-06
6.98537e-06
3.1599e-06
7.12443e-07
3.40658e-06
4.09186e-06
7.06518e-06
5.67433e-06
2.51934e-06
9.06381e-07
1.32288e-06
3.03809e-06
8.66857e-06
2.19663e-06
8.30778e-07
7.30534e-06
2.955e-05
2.54265e-05
1.64905e-06
7.35531e-07
3.23754e-06
3.38661e-05
3.88637e-05
1.11364e-05
1.32041e-06
1.83437e-06
9.95763e-06
1.40079e-05
1.72245e-05
8.42848e-06
5.41221e-07
1.19238e-06
3.934e-06
6.74188e-07
2.84433e-06
3.33612e-06
3.03858e-06
3.92953e-06
5.42122e-06
1.60011e-07
2.30295e-06
3.85941e-06
7.29942e-06
1.27576e-05
1.15191e-05
1.48924e-06
1.24623e-06
9.00409e-06
6.25335e-06
2.17041e-06
3.91397e-06
4.0425e-06
3.85459e-06
3.2465e-06
4.01984e-06
4.97736e-06
6.15878e-06
4.19036e-06
2.76482e-06
3.34471e-06
2.6035e-06
1.6042e-06
2.67872e-05
3.86845e-05
2.00795e-05
6.18615e-06
2.90975e-07
8.06835e-06
3.05426e-05
3.25007e-05
3.96641e-06
3.83842e-06
4.38702e-06
6.13204e-06
2.39542e-06
3.40886e-06
4.27465e-06
3.4209e-06
2.58007e-06
2.88576e-06
6.25716e-07
2.90973e-06
2.26962e-06
4.27679e-06
2.64666e-05
2.14802e-05
1.9397e-06
1.59036e-06
1.27569e-06
1.02232e-06
2.34704e-06
2.3013e-06
1.60674e-06
1.15969e-06
3.88496e-06
5.49563e-06
3.28054e-06
3.07004e-06
4.14082e-06
4.72266e-06
4.94042e-06
3.62866e-06
1.52118e-06
2.32182e-05
3.83476e-05
3.22078e-05
3.36053e-06
2.88187e-06
2.08315e-06
1.53482e-06
2.94344e-06
3.17975e-06
3.89586e-06
2.43673e-06
2.07167e-06
2.27944e-06
2.32361e-06
3.04648e-06
3.84903e-06
2.96849e-06
1.79834e-06
2.36991e-06
3.40542e-06
5.97909e-07
1.36927e-05
1.25909e-05
2.17878e-06
2.27643e-06
4.1645e-07
1.05574e-05
2.0257e-06
1.7704e-06
1.35936e-06
6.34362e-06
1.71582e-05
9.51737e-06
4.01044e-07
3.20593e-06
5.74743e-06
4.40862e-06
3.56138e-06
3.23129e-06
2.46851e-06
2.28772e-06
2.47292e-05
3.48342e-05
1.60411e-05
7.20368e-07
3.36965e-07
1.11771e-06
9.32734e-06
1.06084e-05
6.34935e-06
3.68457e-06
3.04508e-06
4.26441e-06
3.57937e-06
2.00576e-06
8.80856e-07
6.25027e-07
2.26752e-06
3.05742e-06
2.10727e-06
1.55044e-06
5.5447e-07
3.03636e-06
6.451e-06
7.8121e-06
7.46468e-06
2.28993e-05
3.6855e-05
8.87048e-06
2.49277e-06
2.34067e-05
3.76414e-05
2.44944e-05
7.12857e-06
8.03647e-07
1.12207e-05
1.66807e-05
5.516e-06
2.48088e-06
2.92389e-06
4.10963e-06
3.71995e-06
5.51036e-06
1.23536e-05
1.47973e-05
1.67345e-05
1.84529e-05
1.66835e-05
6.44752e-06
7.92423e-07
9.22062e-06
2.56887e-05
2.56983e-05
1.1538e-05
5.04578e-06
3.92412e-06
3.48437e-06
9.57052e-06
1.7538e-06
2.84777e-06
6.67433e-06
1.5144e-05
4.48055e-06
2.3784e-06
3.01274e-06
1.62147e-06
9.88359e-07
1.80178e-05
3.17499e-05
1.71611e-05
5.10758e-06
1.58135e-05
3.5427e-05
4.30049e-05
3.67531e-05
6.78893e-06
4.81074e-06
7.87949e-06
3.05982e-06
2.83562e-06
2.67494e-06
2.45583e-06
2.72676e-06
1.42096e-06
3.86675e-07
2.2656e-06
7.85781e-06
7.9783e-06
3.73179e-06
7.11434e-07
1.5354e-05
2.90786e-05
2.30901e-05
4.70698e-06
8.26531e-07
3.0286e-06
6.67924e-06
9.03895e-06
5.37328e-06
7.90156e-06
1.16216e-05
1.01412e-05
6.98731e-06
3.32526e-06
2.7994e-06
2.0461e-06
7.75337e-07
6.14047e-06
2.7047e-05
3.34103e-05
1.69805e-05
3.57729e-07
1.021e-07
1.18884e-05
3.14718e-05
2.92004e-05
8.82334e-06
2.07714e-06
2.22233e-06
1.403e-06
2.64284e-06
2.2695e-06
1.87673e-06
1.4642e-06
4.46615e-07
1.29982e-06
3.71261e-06
5.15867e-06
4.47318e-06
2.77576e-06
1.43099e-06
3.24051e-06
1.23646e-05
1.97794e-05
1.18539e-05
5.0351e-06
2.217e-06
7.79378e-06
3.21921e-05
3.46982e-05
2.26859e-05
7.38082e-06
1.19889e-05
4.98602e-06
3.10481e-06
1.63185e-06
4.64317e-12
9.19642e-12
1.4171e-14
4.07149e-12
5.53279e-13
1.64929e-11
2.73498e-10
7.36389e-10
3.57761e-10
1.31909e-11
6.471e-13
4.10165e-12
2.60999e-11
1.80314e-10
1.22409e-10
3.09506e-11
4.01242e-11
3.66942e-12
1.66952e-12
2.33112e-11
8.03195e-11
5.0328e-11
4.65768e-14
1.08662e-10
4.09377e-10
1.69049e-09
6.64562e-09
1.01616e-08
4.4291e-09
1.52217e-09
5.96196e-10
1.83219e-10
1.25546e-10
1.5218e-10
1.43048e-10
1.04584e-10
9.76149e-11
1.06977e-10
4.23002e-11
7.68904e-13
3.85041e-12
4.62926e-11
4.26612e-12
1.01113e-11
1.75826e-11
4.37398e-10
2.42324e-09
3.95434e-09
1.54062e-09
4.81611e-11
1.01126e-13
2.12031e-11
5.43798e-10
1.58168e-09
6.88242e-10
1.79414e-10
3.22325e-10
8.81665e-11
4.04067e-11
2.60003e-10
4.5024e-10
2.12767e-10
6.31801e-12
9.60406e-10
6.25224e-09
2.33005e-08
5.78493e-08
6.56036e-08
4.02772e-08
2.3692e-08
1.35708e-08
6.55821e-09
3.03407e-09
1.73955e-09
1.37641e-09
1.90594e-09
4.47368e-09
8.48427e-09
5.9355e-09
8.30475e-10
6.60445e-09
9.63867e-11
2.98972e-11
2.46915e-10
3.15508e-10
4.345e-10
6.00949e-09
1.39673e-08
6.36896e-09
1.55049e-10
2.57546e-11
1.14831e-11
2.15597e-09
1.14544e-08
1.01313e-08
8.67531e-10
7.04639e-10
1.34233e-09
4.67379e-10
3.71854e-10
1.81219e-09
2.31062e-09
2.39867e-10
4.71638e-10
8.39607e-09
4.77291e-08
1.28283e-07
1.45074e-07
9.79113e-08
8.2869e-08
9.59108e-08
9.58879e-08
6.11908e-08
2.43367e-08
8.84242e-09
5.5629e-09
1.51324e-08
5.87337e-08
1.09233e-07
5.81198e-08
2.14333e-07
3.51467e-08
4.47056e-09
3.45117e-09
1.40201e-08
1.24743e-08
3.93872e-09
3.04809e-08
3.75891e-08
4.67169e-09
2.28381e-10
5.82174e-10
4.87333e-10
1.74378e-08
5.43704e-08
3.9306e-08
4.45262e-09
5.83731e-10
4.54735e-09
2.55072e-09
2.32897e-09
1.35366e-08
8.01082e-09
9.20602e-10
3.69747e-09
4.54086e-08
1.46207e-07
1.6416e-07
1.08654e-07
8.51679e-08
1.43426e-07
3.30097e-07
5.67837e-07
3.97977e-07
1.19686e-07
1.68513e-08
8.2771e-09
6.75421e-08
3.1516e-07
4.5586e-07
6.52596e-07
2.96193e-07
7.66584e-08
1.24428e-08
4.45132e-09
5.53975e-07
7.17778e-07
3.01924e-08
1.40131e-07
9.7833e-08
2.31312e-09
1.46582e-08
6.95505e-09
7.10458e-10
2.84753e-08
8.83344e-08
1.02686e-07
3.76959e-08
3.97113e-09
3.29552e-08
1.14525e-08
1.76522e-08
5.01527e-08
1.40905e-08
3.28436e-09
2.69908e-08
1.08624e-07
5.30198e-08
2.12306e-08
3.29365e-08
5.84418e-08
2.15079e-07
6.97368e-07
1.37672e-06
1.05367e-06
1.58518e-07
2.19795e-09
1.32756e-08
1.92957e-07
7.25166e-07
5.96529e-07
5.36724e-07
2.66603e-07
4.23135e-08
2.52304e-08
4.41133e-08
2.8756e-06
4.68794e-06
1.75846e-07
4.45944e-07
2.10119e-07
5.3521e-09
1.35893e-07
4.37144e-08
1.42328e-08
1.68057e-08
4.16587e-08
9.71246e-08
1.0298e-07
5.08319e-08
1.56993e-07
2.8115e-08
5.57514e-08
5.53955e-08
1.24619e-08
1.86642e-08
9.32805e-08
2.75206e-08
2.05739e-08
1.53317e-07
4.92888e-08
7.12592e-08
2.87565e-07
5.34342e-07
1.71142e-06
1.10312e-06
3.66981e-08
2.30636e-08
7.727e-08
3.18334e-07
3.32643e-07
3.51781e-07
4.44572e-07
2.50763e-07
5.1896e-08
9.10162e-08
8.46548e-08
2.91369e-06
3.54254e-06
3.32654e-07
5.62327e-07
1.08396e-07
4.26338e-07
1.21803e-06
6.9906e-09
2.41016e-07
2.78598e-07
3.73869e-08
6.31554e-08
2.09842e-07
3.65148e-07
2.43962e-07
8.83732e-08
8.85218e-08
5.34224e-08
8.77131e-08
2.89145e-07
1.90956e-07
4.02274e-08
7.93919e-07
7.65973e-07
5.99563e-08
1.51965e-07
1.99761e-07
5.49321e-07
2.7923e-06
6.70658e-07
1.16341e-08
1.76845e-07
2.71987e-07
5.57386e-07
3.6838e-07
2.64161e-07
7.60791e-07
8.31764e-07
2.40613e-07
1.21478e-07
7.70187e-07
4.74225e-07
1.73692e-06
1.91802e-06
1.02392e-07
7.02262e-08
3.23923e-06
5.96267e-07
5.48807e-07
7.32486e-07
4.15947e-07
2.09428e-08
1.24394e-07
5.51187e-07
8.81232e-07
2.48695e-07
3.86498e-07
2.37907e-07
2.10219e-07
1.23968e-06
1.67792e-06
2.28948e-07
4.95555e-07
2.57636e-06
7.66244e-07
5.79655e-08
2.5166e-07
1.67975e-07
3.23466e-06
3.66372e-06
1.31339e-07
7.4436e-08
3.23555e-07
5.36537e-07
1.25908e-06
7.53501e-07
1.00835e-06
4.79935e-06
8.30234e-06
1.37976e-06
3.45512e-07
3.40926e-06
3.49303e-07
1.91183e-06
4.24721e-06
4.66314e-07
1.99605e-07
8.45662e-07
7.59198e-07
1.92329e-06
1.56478e-06
4.38258e-07
4.61096e-08
4.66684e-07
1.19466e-06
5.7462e-07
4.73669e-07
1.00125e-06
3.487e-07
3.58168e-06
1.25275e-05
4.76512e-06
1.09111e-07
1.40886e-06
2.03011e-06
1.67017e-07
3.69035e-07
2.67756e-07
1.49424e-06
7.14367e-06
1.76785e-06
1.65754e-08
9.24144e-08
2.16738e-07
9.48695e-07
1.94028e-06
1.88395e-06
2.66617e-06
3.12879e-06
9.63848e-06
1.92854e-06
3.30951e-06
2.87855e-06
6.64211e-07
3.13766e-06
3.33058e-06
1.44274e-06
7.04683e-08
1.47471e-06
4.82523e-06
1.33442e-06
4.72427e-06
1.24317e-06
1.03199e-07
1.93018e-06
1.43936e-06
4.6235e-07
1.32335e-06
4.41421e-07
2.57542e-06
8.25531e-06
1.23757e-05
7.83962e-07
3.88684e-07
1.21156e-06
2.1532e-07
3.34229e-07
5.37645e-07
7.28787e-07
1.4542e-06
1.63263e-06
1.91173e-07
6.7916e-08
4.18548e-07
4.47319e-07
1.31008e-06
3.66637e-06
4.71926e-06
9.12723e-07
4.31508e-08
1.2481e-06
1.30022e-06
2.24904e-06
2.19479e-06
1.02838e-05
3.72879e-06
1.56995e-06
6.71768e-07
6.4897e-06
2.02762e-06
1.66838e-06
5.9085e-06
1.06945e-05
1.52214e-06
2.80518e-06
5.05272e-06
1.25804e-06
2.14237e-06
6.16943e-07
8.95735e-07
4.14918e-06
2.74673e-06
1.80843e-06
7.94218e-07
9.24908e-07
8.02342e-07
1.88009e-08
6.15488e-07
1.57769e-06
1.26225e-06
2.39166e-07
1.32608e-07
1.15489e-07
1.86776e-06
6.68705e-07
8.15232e-07
2.71489e-06
9.27115e-06
7.51232e-07
8.41787e-08
5.55851e-07
6.64962e-07
1.10451e-06
7.76518e-06
1.80228e-05
4.21708e-06
5.47086e-06
5.76775e-06
1.47596e-05
5.55671e-06
8.61107e-07
1.91733e-06
1.43318e-05
1.98365e-06
1.71878e-06
1.65687e-06
1.83805e-06
2.05717e-06
7.62128e-07
1.66149e-07
1.39398e-06
3.03872e-06
3.24041e-06
2.19245e-06
2.05357e-06
9.09498e-07
6.53268e-07
4.16896e-09
3.51451e-06
6.26964e-06
2.62113e-06
3.42614e-07
4.23611e-07
5.9042e-06
2.89815e-06
4.70308e-07
2.23205e-06
5.69158e-06
1.00294e-06
1.18858e-07
7.26743e-07
1.06215e-06
1.8793e-06
1.31861e-05
2.38651e-05
2.74875e-06
4.53605e-06
8.37579e-06
8.80094e-06
2.58255e-07
4.94555e-07
2.65709e-06
1.59716e-06
7.91628e-07
1.83756e-06
1.95806e-06
1.50706e-06
1.00147e-06
2.66806e-07
7.2198e-07
8.10738e-07
5.39524e-06
4.71724e-06
1.73937e-06
1.79672e-06
8.40767e-06
1.5386e-05
8.58195e-06
4.16017e-06
2.52486e-05
2.32996e-05
5.28244e-06
2.30533e-06
4.98573e-06
1.99718e-06
1.05913e-06
1.60698e-06
3.01725e-06
1.53522e-06
6.97144e-09
1.10139e-06
1.85402e-06
4.66774e-06
1.29283e-05
2.38581e-05
5.14102e-06
3.10434e-06
9.78475e-06
9.06717e-06
2.77551e-06
3.76908e-06
3.65967e-06
2.21968e-06
1.37785e-06
1.63128e-06
2.46976e-06
1.58797e-06
1.01591e-06
9.08199e-07
1.73157e-06
2.13808e-06
1.32744e-05
1.38093e-05
2.58046e-06
4.10159e-06
4.34591e-06
2.66227e-05
1.84967e-05
2.73826e-06
2.21043e-06
6.75171e-06
1.11433e-05
6.20986e-06
6.58297e-06
2.23446e-06
1.42793e-06
1.29525e-06
3.33546e-06
4.16721e-06
1.20955e-06
1.30878e-06
2.46824e-06
4.18278e-06
1.07053e-05
2.78101e-05
1.87688e-05
2.83299e-06
1.05668e-05
1.72102e-05
6.71483e-06
1.50979e-06
2.22368e-06
3.1666e-06
2.50657e-06
2.32488e-06
3.30491e-06
1.77353e-06
1.2227e-06
1.61238e-06
3.56205e-06
3.29018e-06
2.22334e-06
1.50326e-05
7.61257e-06
5.34583e-06
3.28803e-06
1.08559e-05
1.24047e-05
3.26752e-06
4.86465e-06
2.8119e-06
2.63181e-06
7.87652e-06
2.85815e-06
2.45121e-06
6.14491e-07
1.18209e-06
1.05841e-05
1.73976e-05
1.80228e-06
1.55289e-06
2.56753e-06
2.34559e-06
6.75771e-06
2.82066e-05
3.03417e-05
1.34099e-05
9.05783e-06
1.71081e-05
2.51106e-06
2.6286e-06
2.96908e-06
3.18795e-06
3.19774e-06
3.37441e-06
4.09044e-06
3.32237e-06
1.00284e-06
3.26307e-06
8.46074e-06
9.8425e-06
4.47272e-06
1.78545e-06
6.31733e-06
2.97945e-06
3.71499e-06
4.21875e-06
6.63094e-07
5.27094e-06
6.7522e-06
4.96708e-06
2.29444e-06
3.50022e-06
5.8119e-07
7.44403e-07
1.86477e-06
1.99833e-06
7.29204e-06
2.42603e-05
2.31485e-05
4.35046e-06
1.6898e-06
1.6563e-06
1.57974e-06
2.25506e-05
2.86937e-05
1.73931e-05
8.94722e-06
1.18801e-05
2.41184e-06
2.37341e-06
9.92002e-07
8.19499e-07
1.37178e-06
3.76963e-06
5.78123e-06
5.55739e-06
3.84153e-06
2.77523e-06
6.18032e-08
1.72509e-05
1.03613e-05
2.86648e-06
1.78834e-06
1.4986e-06
2.1454e-06
1.48069e-06
6.2478e-07
3.34323e-06
1.04834e-05
1.27461e-05
7.20305e-06
2.91333e-06
1.29173e-06
4.8762e-06
8.27627e-08
4.27734e-07
7.67138e-07
3.49897e-06
9.64063e-06
1.43824e-05
1.32064e-05
7.1323e-06
5.05372e-06
1.35333e-05
2.39679e-05
2.61933e-05
2.12755e-05
1.04713e-05
1.71912e-06
3.36133e-06
1.38425e-06
5.56386e-07
2.86417e-07
7.10293e-07
1.16684e-06
4.42296e-06
4.45678e-06
3.43406e-06
3.3537e-06
3.35307e-06
8.21497e-06
1.01601e-06
5.2521e-07
3.03644e-06
1.44598e-06
1.12275e-06
6.77418e-07
1.53042e-05
1.96506e-05
1.87397e-05
1.17473e-05
4.19668e-06
2.93481e-06
1.9466e-06
9.53064e-07
8.49746e-07
4.70954e-07
2.58502e-06
1.50135e-05
2.15635e-05
1.24876e-05
6.39645e-06
5.23529e-06
1.25798e-05
3.45267e-05
4.07074e-05
1.28914e-05
3.81113e-06
7.41118e-06
4.01336e-06
3.83709e-06
8.50631e-07
7.04147e-08
6.13949e-08
8.32618e-07
1.03745e-05
9.84667e-06
3.13089e-06
2.07043e-06
2.08959e-06
1.33058e-06
6.59128e-06
1.77559e-06
1.86448e-06
3.32568e-06
1.90314e-06
1.44439e-06
1.01774e-05
4.7405e-06
8.01836e-07
1.34745e-06
2.42474e-06
1.70958e-06
4.71392e-06
4.05333e-06
2.26578e-06
2.69365e-06
1.0724e-06
3.54856e-06
8.35414e-06
7.85251e-06
6.11856e-06
4.50957e-06
5.82706e-06
2.47331e-05
4.40246e-05
3.65048e-05
1.24975e-05
1.76794e-05
8.79804e-06
6.16108e-07
1.00798e-05
1.80452e-06
3.00382e-07
7.71722e-07
2.71125e-06
8.98549e-06
5.0732e-06
1.94026e-06
2.56449e-06
3.58016e-06
2.06185e-06
1.46099e-06
1.75323e-06
2.38933e-06
8.23773e-07
1.36955e-06
2.05507e-05
2.23086e-05
1.49674e-06
4.37829e-06
5.03904e-06
2.81761e-06
3.05292e-06
2.09345e-06
9.52609e-07
2.1724e-06
4.5824e-06
5.16396e-06
3.55537e-06
1.9822e-06
3.2288e-06
2.30248e-06
7.83249e-07
3.41908e-07
3.88586e-06
2.69714e-05
3.26975e-05
2.06405e-05
6.47664e-06
1.48749e-06
5.99985e-07
1.27442e-07
9.09319e-07
5.94509e-06
9.65211e-06
3.87266e-06
2.16533e-06
1.93295e-06
2.95375e-06
4.34077e-06
4.4216e-06
3.83412e-06
1.41692e-06
2.01649e-07
5.35592e-07
2.56493e-07
5.48115e-06
2.82595e-06
3.28178e-07
2.7131e-06
2.14401e-06
5.30338e-06
3.66623e-06
1.6066e-06
5.43768e-06
7.83908e-06
4.37974e-06
1.68551e-06
1.3948e-06
9.25096e-07
1.90821e-07
6.12354e-07
2.80264e-07
1.56336e-06
1.28105e-06
3.6168e-07
5.3997e-06
2.99496e-05
2.80236e-05
5.23402e-06
9.93278e-07
9.88291e-07
2.60741e-06
4.17051e-06
2.14915e-06
1.34811e-05
8.22948e-06
4.46236e-06
3.02384e-06
5.60789e-06
3.8853e-06
3.79174e-06
2.82517e-06
2.91551e-06
2.03311e-06
6.43259e-07
8.24178e-07
1.26176e-06
7.69603e-06
6.69887e-07
3.15564e-06
2.73165e-05
3.76232e-05
2.08473e-05
3.48082e-06
5.58139e-06
9.25281e-06
2.91577e-06
1.78735e-06
2.24265e-06
1.4366e-06
7.27312e-07
6.08043e-06
1.04127e-06
5.3014e-07
3.01602e-06
3.43994e-06
6.2567e-06
1.84548e-05
1.99021e-05
1.09895e-05
8.48362e-06
5.83303e-06
4.40899e-06
4.65107e-06
6.93875e-06
1.88382e-05
1.3266e-05
6.34067e-06
1.87562e-06
2.40249e-06
4.21198e-06
7.90477e-06
1.3673e-05
1.35298e-05
1.31924e-05
2.42765e-06
2.91256e-06
3.35087e-06
2.6686e-06
3.20334e-06
9.68306e-06
2.50477e-05
2.28991e-05
5.88757e-06
2.40898e-06
6.21103e-06
1.55048e-05
3.26811e-05
1.28282e-05
3.31124e-06
3.3456e-06
3.31555e-06
3.10343e-06
2.05107e-06
2.0806e-06
2.87845e-06
3.78954e-06
3.05711e-06
1.73948e-06
2.50119e-06
4.6929e-06
3.60618e-06
3.20297e-06
6.63694e-06
8.14378e-06
7.80972e-06
4.19601e-06
1.41332e-06
2.11596e-06
5.481e-06
4.1848e-06
2.41532e-06
1.39236e-05
1.70068e-05
1.21909e-05
6.6037e-06
4.31277e-06
3.49919e-06
2.68971e-06
7.58703e-07
1.12696e-05
2.05719e-05
1.51988e-05
2.33469e-06
1.19131e-06
2.87773e-06
2.74531e-06
6.66846e-06
1.94788e-05
1.68623e-05
1.63187e-06
1.90055e-06
1.51237e-06
1.78141e-06
5.0489e-07
1.29799e-06
2.42794e-06
2.63329e-06
2.01497e-06
6.77667e-07
4.46817e-07
3.71573e-06
3.9697e-06
4.37671e-06
6.39918e-06
6.63336e-06
5.90968e-06
7.04267e-06
9.79175e-06
6.014e-06
2.65329e-06
4.12989e-06
1.04985e-05
1.83279e-05
2.23284e-05
2.78467e-05
2.30164e-05
3.2928e-06
3.21756e-06
5.01809e-06
1.45521e-09
4.14777e-10
8.1302e-11
8.27433e-11
1.03736e-10
4.75807e-11
3.75641e-11
8.02691e-11
1.10081e-10
4.68312e-11
1.04129e-11
3.40029e-12
7.59607e-11
1.80681e-10
5.90796e-11
3.27301e-11
2.00196e-10
4.5383e-10
3.51804e-10
1.02807e-10
1.01036e-11
1.69479e-12
3.70673e-11
4.20071e-11
2.5965e-11
5.89319e-11
9.83583e-12
6.40406e-10
1.87156e-09
1.50586e-09
1.65423e-10
1.2994e-11
2.86598e-11
1.01977e-11
1.0625e-10
1.48342e-11
1.34132e-10
7.6962e-10
1.49312e-09
2.03163e-09
1.09955e-08
4.83964e-09
1.29489e-09
6.48734e-10
7.07273e-10
6.74855e-10
8.09799e-10
1.29066e-09
1.1019e-09
4.32436e-10
8.80694e-11
8.80707e-11
3.51232e-10
5.08237e-10
4.72106e-10
5.7068e-10
1.03615e-09
1.87282e-09
1.34003e-09
3.62547e-10
1.4275e-10
4.55771e-10
1.33521e-09
1.03598e-09
2.17802e-10
1.39161e-10
9.07528e-11
3.00524e-09
1.41811e-08
1.87919e-08
4.27319e-09
1.16356e-11
4.9975e-10
1.76318e-11
1.2185e-10
5.35917e-11
7.16767e-10
3.61784e-09
7.25463e-09
1.17006e-08
2.22508e-08
1.09121e-08
4.3344e-09
2.93987e-09
1.85192e-09
1.00644e-09
1.91611e-09
4.78703e-09
4.91134e-09
2.17162e-09
6.99793e-10
7.34037e-10
1.52129e-09
7.65207e-10
1.0953e-09
3.14595e-09
2.35441e-09
3.45459e-09
4.99619e-09
2.31976e-09
1.57066e-09
5.04255e-09
1.35904e-08
1.38089e-08
3.01569e-09
4.54364e-10
2.11235e-09
1.34684e-08
4.6013e-08
1.01314e-07
7.86642e-08
1.11341e-08
3.09903e-11
6.15974e-11
5.21512e-10
2.16005e-10
4.80633e-10
4.30476e-09
1.14584e-08
1.88642e-08
3.02592e-08
1.86572e-08
4.55171e-09
4.69128e-10
2.36777e-09
9.07911e-10
9.17096e-10
6.36726e-09
1.24954e-08
9.73791e-09
6.19872e-09
1.06541e-09
6.4168e-09
7.8741e-09
4.96733e-10
2.45557e-09
1.01642e-08
4.78404e-09
5.36599e-09
8.15775e-09
3.9027e-09
1.42679e-08
4.79052e-08
4.10776e-08
5.31651e-09
7.64715e-09
4.22059e-09
1.88008e-07
1.0988e-06
1.75083e-06
9.38137e-07
3.60035e-07
9.00911e-08
3.53581e-08
3.22683e-08
1.02145e-08
2.23288e-09
3.24872e-09
1.28805e-08
1.98413e-08
1.05412e-07
6.30764e-08
5.09053e-08
1.25325e-08
1.41774e-07
8.76333e-07
5.0697e-08
5.45123e-09
1.45267e-08
5.13272e-09
1.5412e-08
1.19253e-08
3.47419e-09
7.09484e-08
3.11736e-08
2.67103e-08
1.26527e-08
1.40382e-08
7.83642e-09
7.9588e-09
4.35486e-09
1.26202e-08
1.40158e-07
1.39797e-07
2.06122e-08
8.90227e-08
1.81533e-07
4.501e-08
2.70313e-06
1.7692e-05
1.83913e-05
4.31669e-06
1.60758e-06
1.1974e-06
2.20459e-06
1.19606e-06
2.82208e-07
2.43159e-07
2.67367e-07
2.63678e-07
2.23538e-06
3.26033e-07
2.41071e-07
2.58381e-07
5.74129e-08
4.47312e-06
1.41235e-05
1.36182e-06
1.31469e-07
2.80315e-08
1.94265e-08
6.44749e-08
1.82943e-08
2.63005e-07
9.56388e-07
2.09735e-07
2.80188e-07
9.45013e-08
2.59876e-08
1.63592e-08
9.46734e-09
3.61155e-09
2.55014e-07
7.30972e-07
1.57858e-07
1.4012e-07
3.58641e-07
4.58575e-07
1.46553e-07
1.45173e-05
2.48687e-05
1.69697e-05
3.19144e-06
2.31766e-06
4.05201e-06
7.71572e-06
6.19587e-06
7.57842e-06
9.57859e-06
4.49081e-06
1.09305e-05
4.52937e-06
2.53343e-07
7.04773e-07
1.49931e-07
3.42369e-08
1.01295e-05
1.01194e-05
3.56978e-06
3.44242e-07
8.02886e-08
1.08798e-07
5.00203e-08
5.09841e-07
4.84756e-06
2.81894e-06
1.60849e-06
1.10661e-06
4.69912e-07
2.02627e-07
5.69263e-08
1.32082e-08
2.49687e-07
1.62105e-06
1.49223e-06
2.51392e-07
3.41763e-07
3.84636e-07
5.98239e-07
6.22642e-07
2.39522e-05
2.23394e-05
3.07037e-06
8.14395e-07
1.26525e-06
6.36688e-06
1.07421e-05
9.77392e-06
1.47609e-05
1.72566e-05
1.59034e-05
1.22735e-05
2.8861e-06
8.40531e-07
5.22231e-07
6.00062e-09
8.84927e-07
6.75642e-06
4.23351e-06
3.14655e-06
2.32268e-07
5.79836e-07
3.5748e-07
1.23099e-07
1.16081e-06
3.84815e-06
4.0617e-06
3.36005e-06
3.14577e-06
1.82804e-06
9.51093e-07
1.15232e-07
3.9733e-07
3.38472e-06
8.0499e-06
1.53268e-06
5.03592e-07
2.252e-07
1.82993e-07
5.65986e-07
5.67734e-06
1.99822e-05
4.89719e-06
1.38469e-07
8.13074e-08
6.17316e-06
1.18804e-05
6.80633e-06
1.06639e-05
1.73961e-05
7.47762e-06
7.15026e-06
6.40272e-06
1.82508e-07
1.90697e-06
6.09263e-08
5.83529e-07
2.77382e-06
2.76715e-06
5.92361e-07
1.29189e-05
8.20899e-07
2.74222e-06
2.01129e-06
6.9304e-07
1.43287e-06
1.3842e-06
2.57307e-06
1.66061e-06
3.42047e-06
5.04864e-06
1.9606e-06
2.62315e-07
4.82631e-06
1.94169e-05
1.74839e-05
5.38111e-07
5.36836e-07
1.5847e-07
5.30451e-07
7.09038e-07
6.19333e-06
5.43107e-06
8.19382e-07
9.86221e-07
1.1613e-06
7.50048e-06
3.68079e-06
5.29767e-06
8.8724e-06
2.27642e-06
2.3727e-06
3.33794e-06
1.67869e-06
2.32239e-06
9.20688e-07
3.46139e-07
3.36866e-06
1.45099e-06
7.05366e-07
1.49284e-05
5.85289e-06
3.35148e-06
1.21284e-05
7.78525e-06
1.39443e-06
2.16022e-07
1.26745e-07
1.32825e-06
4.29709e-06
3.93168e-06
3.84051e-06
2.25209e-06
1.07124e-06
2.64481e-05
4.13659e-05
7.59703e-06
1.64054e-06
2.13753e-06
2.49655e-06
1.81614e-06
2.54694e-06
9.48463e-06
1.78475e-06
6.0051e-07
1.05789e-06
1.12099e-06
2.47067e-06
3.76405e-06
6.85435e-06
2.10388e-06
2.13348e-06
1.30998e-06
5.90348e-06
1.8013e-06
1.36775e-06
4.25609e-07
6.71713e-06
4.97627e-07
1.49501e-06
1.98547e-05
6.43804e-06
1.18445e-06
6.52693e-06
2.17206e-05
2.12121e-06
7.59594e-07
1.12867e-06
1.2726e-06
1.09556e-06
1.26756e-05
8.57851e-06
1.73645e-06
3.28504e-06
3.02497e-05
5.17873e-05
1.67799e-05
4.70214e-07
6.19174e-06
7.09298e-06
4.02665e-06
2.19312e-06
5.49125e-06
2.43313e-06
3.79699e-06
2.28678e-06
6.16292e-06
1.94063e-06
2.15049e-06
3.59477e-06
2.7195e-06
1.92408e-06
1.1218e-06
1.52316e-06
7.9197e-07
1.24311e-06
1.28942e-06
5.25647e-06
1.80189e-06
2.01075e-06
2.10099e-05
6.12247e-06
3.38827e-07
3.05231e-06
6.31391e-06
2.49731e-06
1.41535e-06
1.43968e-05
1.20162e-06
4.91971e-07
7.4981e-06
2.64178e-05
2.39656e-05
2.14245e-05
2.49909e-05
5.16184e-05
2.34902e-05
4.79996e-07
9.3866e-06
1.04549e-05
4.80725e-06
1.53181e-06
1.59814e-06
6.40279e-07
2.15841e-06
3.8877e-06
2.27659e-06
3.91027e-06
1.03404e-05
9.84613e-06
2.53161e-06
2.79295e-06
2.626e-06
2.73408e-06
4.97902e-07
2.82876e-06
2.98161e-06
1.55689e-06
1.47873e-06
2.39847e-06
1.52292e-05
1.19161e-05
1.34585e-06
5.47709e-06
4.69158e-06
4.58328e-06
3.23331e-06
1.69835e-05
4.30662e-06
6.64319e-07
6.55559e-07
1.85367e-05
2.06898e-05
9.53356e-06
2.96741e-06
2.75893e-05
3.95721e-05
5.63464e-06
9.50847e-06
1.36179e-05
8.85289e-06
1.89223e-06
2.72837e-06
1.87314e-07
1.05682e-06
1.72406e-06
2.44844e-06
1.56363e-06
7.78895e-06
6.20842e-06
7.4481e-06
3.10606e-07
3.59735e-06
3.84369e-06
7.31487e-07
1.60298e-06
2.04111e-06
2.23146e-06
1.77568e-06
2.01782e-06
1.62879e-05
1.08094e-05
8.67206e-06
1.35308e-05
4.35372e-06
4.16065e-06
1.91237e-06
4.60577e-07
4.21695e-07
6.78647e-07
1.81398e-06
3.10099e-06
1.87127e-05
1.66303e-05
2.92113e-06
7.4057e-06
3.01408e-05
2.51238e-05
1.38211e-05
1.7203e-05
1.65322e-05
3.52599e-06
3.21319e-06
2.88226e-05
2.51619e-06
1.99724e-06
5.46094e-06
3.2303e-06
2.06167e-06
7.23525e-06
1.37225e-05
8.47459e-07
1.42541e-06
1.58004e-05
1.19612e-05
1.7476e-06
3.41435e-06
4.24272e-06
3.20502e-06
1.11451e-06
7.7825e-06
1.31929e-05
4.89504e-06
6.97602e-06
2.73927e-06
3.7927e-06
2.40201e-06
3.02192e-06
3.25731e-06
1.51686e-06
1.18125e-06
3.79245e-06
1.83609e-05
2.33104e-05
2.21899e-06
3.55907e-06
1.68333e-05
1.92537e-05
1.2911e-05
2.56384e-05
1.22453e-05
4.45734e-06
9.49332e-06
3.84166e-05
1.39781e-06
4.57773e-06
8.07507e-06
1.06859e-05
1.53969e-06
2.99427e-06
1.57273e-05
1.1913e-05
4.49979e-06
1.63214e-05
1.07006e-05
2.48152e-06
1.73726e-06
3.3095e-06
2.52625e-06
7.20464e-07
3.65528e-06
7.92073e-06
3.36711e-06
3.12744e-06
4.1133e-06
6.22114e-06
5.38676e-06
4.67758e-06
4.68267e-06
3.39161e-06
2.81282e-06
4.63351e-06
8.99428e-06
1.63055e-05
3.39686e-06
2.41848e-06
1.16671e-05
1.17597e-05
8.26295e-06
1.08149e-05
2.92287e-06
3.4725e-06
1.28236e-05
1.88816e-05
2.15129e-05
1.45272e-05
8.89999e-06
1.25476e-05
3.87108e-06
2.40517e-06
2.01319e-05
1.95121e-05
6.37749e-07
2.64759e-06
8.24448e-06
8.36126e-06
2.34146e-06
2.83331e-06
3.36823e-06
1.62547e-06
1.73909e-06
8.66178e-06
2.41435e-06
4.17445e-07
2.74707e-06
4.18799e-06
5.89691e-06
4.93539e-06
3.13285e-06
3.75009e-06
3.52194e-06
5.30181e-06
1.23082e-05
1.07194e-05
3.12456e-06
1.4231e-06
6.88723e-06
7.82526e-06
8.27709e-06
3.86112e-06
1.60267e-06
2.13037e-06
3.9674e-06
3.35606e-06
3.04756e-06
1.08106e-05
9.89057e-06
1.26683e-05
5.94438e-06
1.41612e-06
2.87061e-05
9.97379e-06
7.02236e-07
2.42301e-07
2.43165e-06
3.14429e-06
1.56886e-06
2.46881e-06
3.50598e-06
2.65458e-06
4.28562e-06
4.65182e-06
5.07219e-06
9.1196e-06
1.35646e-05
2.20237e-06
7.61132e-06
5.68832e-06
2.86024e-06
1.12555e-06
6.9029e-08
7.86932e-07
6.6408e-06
5.39458e-06
3.22481e-06
2.57856e-06
2.49828e-06
9.78178e-06
5.90135e-06
3.96205e-06
1.02577e-05
3.1552e-06
2.13097e-06
2.58336e-06
2.92952e-06
5.08763e-06
5.63471e-06
1.47413e-05
1.71558e-05
5.14911e-06
1.26525e-05
7.73688e-06
4.0114e-06
8.40189e-07
1.10058e-06
5.90517e-06
1.50353e-06
4.20848e-06
4.00209e-06
1.46321e-05
7.486e-06
4.02835e-06
1.3503e-05
1.67541e-05
1.13838e-05
2.87779e-06
1.91894e-06
1.81238e-06
2.27917e-06
2.75009e-06
3.04854e-06
4.01147e-06
2.50944e-06
5.60292e-06
2.85517e-06
2.87181e-06
3.48394e-06
1.80359e-06
1.34186e-05
1.6076e-05
2.15702e-06
3.00472e-06
4.73587e-06
2.10985e-06
1.60748e-06
1.08061e-05
1.39079e-05
5.44785e-06
9.63415e-06
2.94641e-06
8.59776e-06
3.52977e-06
5.07507e-06
6.94902e-06
5.73667e-06
1.75545e-06
2.94372e-07
6.54479e-07
8.19853e-07
1.34685e-06
5.38434e-06
2.70968e-06
5.30547e-06
1.06764e-05
8.33427e-06
4.47323e-06
2.03631e-06
4.10131e-06
6.63484e-06
3.02392e-07
1.55003e-06
1.41029e-06
2.02081e-06
1.01501e-05
1.39238e-05
7.01473e-06
3.8916e-06
3.74645e-06
3.83718e-06
3.87208e-06
7.18633e-06
1.45835e-06
1.14156e-06
1.16808e-06
1.51518e-06
6.26545e-06
5.19142e-06
4.07081e-06
1.1419e-05
5.98187e-06
1.49077e-05
2.37905e-06
5.36565e-07
1.84083e-06
4.63639e-06
4.58551e-06
2.36173e-06
7.78897e-06
1.19905e-05
2.85444e-06
1.17572e-06
2.0566e-07
1.82788e-06
3.5528e-06
2.89842e-06
5.41346e-07
6.04236e-07
1.94872e-06
9.19771e-07
1.93375e-07
7.53333e-07
8.80115e-06
1.18656e-05
8.95756e-06
2.11434e-05
2.19967e-05
9.57625e-06
5.41444e-06
6.40365e-06
2.939e-06
1.85562e-06
5.78179e-06
1.0344e-05
5.98344e-06
1.93252e-06
1.35705e-06
2.55416e-06
1.95609e-06
5.82172e-07
1.66885e-05
4.21171e-06
3.18357e-06
8.51312e-07
7.00127e-07
2.72107e-06
3.37637e-06
3.40377e-06
1.16295e-06
1.53618e-05
2.90271e-05
2.44875e-06
9.32202e-07
1.18122e-06
1.61742e-06
1.5253e-06
1.51321e-06
3.71052e-06
1.58535e-06
1.60335e-07
1.19212e-07
6.20409e-07
3.00752e-06
5.46935e-06
5.04279e-06
4.69652e-06
1.04446e-05
5.17131e-06
1.19162e-06
1.36348e-05
2.68787e-05
2.03509e-05
7.97527e-06
8.91432e-06
5.70718e-06
8.14365e-07
1.66471e-06
2.42421e-06
3.00148e-06
1.4479e-06
2.01587e-06
4.41103e-06
1.41569e-05
1.86308e-06
4.26927e-06
5.40755e-06
1.1475e-06
7.03432e-07
1.31353e-06
1.53427e-06
7.17195e-06
2.07037e-05
9.67926e-06
7.40893e-07
5.62214e-06
5.74838e-06
4.35505e-06
4.44312e-06
1.22401e-05
2.3523e-05
1.51892e-05
4.65942e-06
6.57729e-06
6.00508e-06
6.69848e-06
8.32292e-06
1.56034e-05
1.41713e-05
3.64522e-06
1.55597e-06
2.32111e-06
5.93911e-06
1.07021e-05
1.21658e-05
9.76801e-06
5.42401e-06
3.09224e-06
2.59372e-06
1.88552e-06
1.75566e-06
6.34248e-08
2.25451e-06
4.26223e-06
2.5657e-06
1.9753e-06
4.66075e-06
1.47983e-05
1.4278e-05
3.06694e-06
4.55051e-06
3.71953e-06
1.5395e-06
8.6243e-06
1.08488e-05
5.09477e-06
2.1191e-06
4.07036e-06
5.27697e-06
4.40139e-06
1.33112e-06
2.52717e-07
3.70356e-06
1.50616e-05
2.45571e-05
2.08737e-05
1.1918e-05
4.57813e-06
1.32212e-06
1.44667e-06
9.92254e-07
2.24618e-06
2.79762e-06
2.63953e-06
2.92769e-06
2.93225e-06
1.80261e-06
9.68088e-07
2.33961e-06
2.45796e-06
1.69733e-06
2.29102e-07
9.80854e-06
3.08561e-06
1.75943e-06
3.13708e-06
4.82751e-06
6.86754e-06
9.80029e-06
9.74402e-06
5.49779e-06
2.40237e-06
8.67429e-06
6.82085e-06
8.95592e-07
9.20149e-08
3.14409e-06
1.00342e-05
8.42747e-06
3.53178e-06
7.62846e-07
2.50774e-06
7.29699e-06
6.86499e-06
9.96618e-06
2.08139e-05
8.5522e-06
2.35899e-06
1.54882e-06
2.30902e-06
4.62755e-06
1.99561e-06
3.53462e-07
1.9566e-06
3.49888e-06
3.86055e-06
3.63479e-06
8.71591e-06
1.51661e-05
7.72655e-06
5.51789e-06
8.45548e-06
3.05212e-12
1.32662e-10
3.01694e-10
1.72735e-10
9.66655e-11
1.02338e-10
7.93264e-11
1.22702e-11
1.30243e-12
1.06686e-10
1.13814e-10
9.6317e-12
3.71913e-12
8.4633e-13
2.07174e-13
1.00536e-12
1.20148e-13
7.50629e-12
5.7297e-11
4.51257e-11
1.87236e-12
6.98433e-12
3.70188e-11
4.05953e-12
7.68501e-11
5.45252e-10
3.54657e-10
7.59281e-11
3.10077e-11
5.75602e-13
8.55124e-11
3.47917e-10
7.66465e-10
7.46137e-10
8.5718e-10
6.69034e-10
1.87399e-10
1.19496e-10
1.04978e-10
4.63476e-11
3.91124e-10
2.46649e-09
3.11489e-09
1.78467e-09
1.29619e-09
1.47393e-09
1.12131e-09
3.46946e-10
2.29212e-10
9.14259e-10
3.92356e-10
5.71351e-13
4.90014e-11
3.05935e-11
7.70987e-11
4.83488e-11
2.45991e-13
8.2665e-11
4.21087e-10
2.33213e-10
5.10763e-12
2.89797e-10
6.30411e-10
8.40317e-11
1.21781e-09
7.41702e-09
6.86936e-09
3.08246e-09
1.80523e-09
3.01139e-10
1.75128e-09
2.89476e-09
4.17979e-09
7.23199e-09
9.65628e-09
7.90218e-09
3.81068e-09
1.79998e-09
4.1509e-10
1.18434e-11
1.43954e-09
8.16392e-09
1.18534e-08
8.4292e-09
6.29768e-09
5.29962e-09
3.05801e-09
1.73491e-09
2.4776e-09
7.11385e-09
6.31306e-09
2.34073e-10
2.50996e-10
1.09762e-09
3.34056e-09
3.53716e-09
5.49381e-10
8.68083e-11
2.02021e-09
2.18271e-09
4.33975e-10
4.89069e-09
1.78233e-08
8.5565e-09
6.39491e-09
2.77555e-08
2.29084e-08
1.24196e-08
3.43834e-08
3.47349e-08
1.14283e-08
2.91689e-08
1.39115e-08
1.14553e-08
2.81242e-08
2.76492e-08
5.56213e-09
6.13676e-09
4.475e-09
1.65733e-09
1.69758e-08
2.1303e-08
2.17041e-08
1.13815e-08
1.572e-08
2.67055e-08
1.12753e-08
2.21279e-09
4.1619e-09
2.80656e-08
4.70208e-08
2.05765e-08
1.50417e-09
1.60619e-10
9.58856e-09
5.42635e-08
6.04677e-08
4.32327e-09
2.33563e-09
9.06185e-09
7.9946e-09
2.70784e-08
2.37982e-07
2.67118e-07
9.06551e-08
1.94608e-07
1.15775e-07
5.43117e-07
3.39516e-06
1.21032e-06
4.19232e-07
3.04066e-07
1.95175e-07
3.11937e-08
4.66778e-08
8.20085e-08
1.60823e-08
3.27952e-09
2.32332e-08
2.94707e-08
7.72844e-07
1.57059e-07
1.18942e-07
1.27803e-08
9.55872e-09
1.91658e-08
5.56696e-08
1.1214e-08
2.87481e-09
1.40984e-08
1.95567e-07
2.33867e-07
1.03519e-07
3.52269e-08
2.73094e-09
1.53402e-08
2.73887e-07
4.47017e-07
2.19485e-08
1.3954e-08
2.40014e-08
3.96163e-08
3.93103e-07
2.10986e-06
1.3383e-06
3.9741e-07
7.62439e-07
3.64429e-07
1.52802e-05
2.4743e-05
9.23358e-06
1.43352e-06
3.43692e-06
7.60551e-07
1.56142e-07
2.53609e-07
1.71344e-07
6.18631e-08
5.28706e-07
9.79761e-07
5.08721e-06
4.15969e-06
3.92786e-07
1.33328e-07
2.25569e-08
5.8855e-06
2.4253e-07
7.05438e-08
1.81155e-08
9.43223e-09
3.37479e-07
1.20031e-06
8.44927e-07
4.3773e-07
3.31804e-07
1.77334e-07
1.95549e-08
5.00388e-07
1.88813e-06
6.45297e-08
3.57489e-08
3.46443e-08
1.44175e-07
5.56492e-07
1.31032e-06
1.23819e-06
4.7108e-07
2.4905e-07
4.34121e-06
1.49239e-05
1.4654e-05
3.05157e-06
3.05408e-06
3.23505e-06
3.23012e-06
1.97618e-06
8.75643e-07
1.71572e-07
1.48047e-06
3.48882e-06
4.12322e-06
2.3536e-06
5.1632e-06
1.67349e-07
1.03919e-08
8.01663e-07
1.70197e-06
3.70138e-07
1.18212e-07
5.99529e-08
3.56905e-07
9.51869e-07
3.02544e-06
8.81568e-07
6.02807e-07
1.08934e-06
9.05036e-07
8.92284e-08
4.80717e-07
1.58844e-06
4.14073e-07
5.71412e-08
2.40115e-07
5.89415e-07
4.88774e-07
1.59411e-06
7.80904e-07
3.06862e-07
1.87608e-06
6.38871e-06
1.04786e-05
2.16406e-06
3.03085e-06
2.57029e-06
1.54561e-06
3.42953e-06
2.70021e-06
4.10161e-07
1.46784e-06
3.21949e-06
3.54119e-06
3.2117e-06
4.46635e-06
7.6583e-06
1.6156e-07
5.97533e-07
6.56873e-09
1.07031e-06
7.45813e-07
4.41613e-07
1.17027e-06
2.48623e-06
3.46828e-06
4.48564e-06
1.24944e-07
8.31645e-07
2.36834e-06
7.61643e-07
5.69462e-08
1.59273e-06
1.7605e-06
9.4802e-06
7.98774e-06
3.54679e-06
5.18628e-07
1.57194e-06
2.20458e-06
8.91378e-07
2.25157e-06
9.00706e-07
6.15871e-06
5.43177e-06
5.56063e-07
1.398e-06
8.27e-07
1.22382e-06
4.06654e-06
2.13351e-06
2.19753e-06
4.31365e-06
3.4061e-06
1.56854e-06
4.82666e-06
6.20102e-06
2.84713e-06
2.51024e-06
1.01097e-06
1.39946e-06
2.94312e-06
1.56947e-06
1.20835e-07
8.29202e-06
3.37291e-06
5.07425e-06
3.22952e-06
3.33741e-08
1.82426e-06
2.78492e-06
1.62179e-07
2.00828e-06
3.19231e-06
3.91587e-06
1.10429e-05
2.0044e-05
2.58735e-06
1.16768e-06
3.55782e-06
1.0701e-06
4.5657e-06
2.07186e-07
2.06303e-06
5.12324e-06
3.91954e-07
1.66112e-06
1.39331e-06
7.46284e-07
2.83474e-06
3.03032e-06
2.80587e-06
2.83261e-06
2.71927e-06
2.46088e-06
3.98888e-06
4.0526e-06
2.98715e-06
7.45898e-06
1.04407e-05
2.94626e-06
1.36839e-05
8.02541e-06
4.9176e-07
4.13855e-06
9.80914e-06
3.34958e-06
1.33414e-06
2.54117e-07
1.02952e-06
3.09173e-06
7.35294e-07
8.59119e-06
6.88571e-06
1.92177e-06
2.83894e-06
2.21466e-06
1.85565e-06
1.32105e-06
4.07136e-06
1.96076e-06
8.27806e-06
6.33037e-07
4.00665e-06
7.63869e-06
9.84215e-07
1.82625e-06
4.38779e-06
4.95717e-06
5.37503e-07
7.20213e-07
3.06125e-06
7.39758e-07
2.20834e-06
3.48632e-06
5.57838e-06
2.12467e-06
3.45755e-06
7.6046e-06
3.32906e-06
1.43089e-06
1.06638e-05
1.59122e-05
6.23784e-06
4.7256e-06
6.16461e-06
8.88841e-07
1.12331e-06
2.9224e-06
3.70608e-07
2.0368e-06
3.22566e-06
9.13125e-06
1.46354e-05
2.66736e-06
4.79151e-06
2.07049e-06
2.57657e-06
1.58717e-06
3.69614e-06
2.59071e-06
7.00514e-06
3.81434e-06
8.89417e-06
1.41695e-05
1.9559e-06
8.65596e-06
2.29524e-05
8.79424e-06
4.39865e-07
1.10065e-06
3.58507e-06
1.48429e-07
1.34702e-06
1.44611e-06
1.87788e-06
1.17182e-06
3.81423e-06
1.88233e-06
1.91011e-06
1.02825e-06
7.66597e-06
9.43292e-06
2.81732e-06
5.44058e-06
4.23191e-06
9.31437e-07
9.6981e-06
7.44971e-06
9.06909e-06
1.79286e-06
2.75916e-06
3.16676e-06
5.36948e-06
1.47353e-06
5.35126e-06
1.93998e-05
3.21129e-06
4.84989e-06
3.45634e-06
2.51091e-06
1.22885e-05
6.99457e-06
4.73671e-06
3.00996e-06
5.1239e-06
1.86827e-06
3.76477e-06
8.20985e-06
1.68978e-06
5.04006e-06
9.03544e-06
4.17848e-07
1.4574e-06
3.58025e-07
3.63007e-07
2.46911e-06
1.35542e-06
2.66446e-06
1.92496e-06
9.49278e-07
5.17299e-06
7.7442e-06
7.1208e-07
5.86818e-06
2.04769e-06
3.76272e-07
4.40162e-06
7.26117e-06
2.77039e-06
1.48929e-05
3.78539e-06
4.38456e-06
1.57737e-06
1.81353e-06
1.04904e-05
6.50552e-06
4.85645e-06
4.83688e-06
5.45209e-06
4.31643e-06
2.4429e-05
1.69801e-05
4.2164e-06
7.32442e-06
3.24097e-06
2.33986e-07
9.05609e-07
4.69755e-06
2.03458e-06
7.0098e-06
2.17331e-05
3.01113e-06
2.79586e-06
1.61947e-06
2.95769e-06
1.59534e-06
1.80096e-06
3.73339e-06
3.73508e-06
2.60705e-06
6.09219e-06
8.25368e-06
1.54497e-06
7.89388e-06
3.36985e-07
7.35547e-07
4.86658e-06
7.99186e-07
2.53186e-06
1.77236e-06
3.05518e-06
7.31028e-06
1.15538e-05
8.18243e-06
1.87765e-06
2.19667e-06
3.24888e-06
3.81253e-06
5.08133e-06
4.67505e-06
7.18618e-06
9.99621e-07
5.16981e-06
1.5429e-06
5.35017e-06
4.77472e-06
3.66413e-06
7.62048e-06
1.34651e-06
2.70319e-06
1.48958e-05
8.76786e-06
1.60472e-06
2.0438e-06
1.11262e-06
1.6752e-06
1.74409e-06
4.42728e-06
3.0585e-06
1.69564e-06
2.31021e-06
4.6004e-06
5.93676e-06
5.64463e-06
1.34376e-06
2.26069e-06
5.54924e-06
4.25504e-06
1.74054e-06
1.68656e-06
1.92529e-06
9.53364e-06
2.74085e-05
2.6715e-05
1.30811e-06
4.25351e-06
2.47639e-06
4.60439e-06
1.41742e-06
1.27539e-06
3.30529e-06
2.34443e-06
7.13757e-06
1.20804e-06
1.45748e-05
5.57437e-06
4.23825e-06
2.67879e-06
1.54904e-06
1.19589e-05
1.87397e-05
6.29248e-06
1.66023e-06
2.54245e-06
1.06562e-06
2.3136e-06
2.40056e-06
5.06221e-07
3.36289e-07
7.40359e-07
8.49347e-07
1.54973e-07
6.70801e-06
7.00736e-06
5.13792e-06
4.25035e-06
6.28809e-06
5.79475e-06
5.19527e-06
3.91404e-06
3.21685e-06
2.49384e-05
4.84153e-05
5.34764e-05
6.91252e-06
2.02829e-05
1.07713e-05
3.92226e-06
7.04119e-06
4.20543e-06
9.32298e-07
1.06523e-06
3.89722e-06
6.41878e-06
4.4398e-06
4.06345e-06
6.733e-06
1.63452e-06
3.65851e-06
8.10705e-06
1.07588e-05
8.45912e-06
2.18571e-06
2.33786e-06
2.44914e-06
1.70574e-06
5.54771e-06
4.61456e-06
4.18236e-06
3.86547e-06
2.66409e-06
6.42793e-07
3.80111e-06
2.39579e-05
2.53999e-05
2.71938e-06
4.4547e-06
5.98454e-06
5.81258e-06
7.1751e-06
8.13694e-06
1.73441e-05
4.8869e-05
3.44841e-05
4.21144e-06
1.6135e-05
1.83428e-05
1.84158e-06
4.82372e-06
3.45302e-06
1.08404e-06
2.92985e-06
2.30373e-06
2.65936e-06
7.22226e-07
3.0003e-06
3.9503e-06
2.05522e-06
8.28453e-06
2.67015e-06
4.79132e-06
6.25153e-06
3.96372e-06
1.87781e-06
2.69246e-06
2.71946e-06
8.18181e-06
9.07987e-06
6.50808e-06
5.58318e-06
5.72966e-06
1.59451e-06
3.2753e-06
1.36764e-05
2.181e-05
1.59372e-05
7.23352e-06
2.90979e-06
1.75708e-06
1.83122e-05
1.00714e-05
9.84606e-07
5.10199e-06
6.00719e-06
1.07808e-06
6.40654e-06
9.38943e-06
2.06509e-06
2.55907e-06
3.18588e-06
1.29737e-05
2.4419e-05
4.82404e-06
1.20848e-06
1.7877e-06
2.87258e-06
5.88273e-06
9.51916e-06
1.44396e-05
7.06646e-06
2.15086e-06
4.03901e-06
4.19393e-06
1.63215e-06
6.29673e-06
5.03974e-06
2.33753e-06
7.65969e-06
3.4457e-06
3.5633e-06
5.16511e-06
1.15143e-06
4.63523e-06
5.06813e-06
1.56097e-05
1.60187e-05
9.3904e-06
2.70698e-06
3.3788e-06
2.72674e-05
2.97121e-05
1.00081e-05
9.18702e-07
1.25795e-07
2.60044e-06
9.41618e-06
7.28369e-06
1.48136e-05
3.70519e-06
3.08592e-06
2.34217e-06
2.24132e-05
1.60777e-05
2.16991e-06
8.93854e-07
1.66931e-06
2.49316e-06
1.89855e-06
1.20199e-06
2.46256e-06
1.65991e-06
4.74928e-06
3.25304e-05
5.52576e-06
4.48671e-06
6.42663e-06
2.91935e-06
4.35908e-05
4.58889e-05
7.81265e-06
6.34481e-06
1.47083e-06
7.51842e-07
2.91265e-06
2.13922e-06
3.83895e-06
3.28663e-06
1.58403e-06
4.59155e-06
7.36147e-06
6.03611e-06
2.73582e-06
2.72677e-06
1.55454e-06
2.68032e-06
8.72805e-06
1.09942e-05
1.01522e-05
3.86088e-06
5.98665e-06
1.00369e-06
3.89838e-07
2.77613e-06
1.16267e-05
5.02166e-06
1.00119e-06
6.55385e-08
9.95569e-07
3.5071e-06
3.99073e-06
3.84651e-06
1.65566e-06
9.44494e-06
1.67496e-05
5.39874e-06
1.86895e-06
2.5761e-06
1.23798e-05
5.78014e-05
4.20886e-05
5.45659e-06
6.11183e-07
4.97593e-07
1.99706e-06
3.26119e-06
5.65463e-06
2.19845e-05
1.26501e-05
3.39571e-06
4.28887e-06
3.83027e-06
2.80484e-06
1.85196e-06
1.46717e-06
2.85763e-06
4.67017e-06
1.16739e-05
3.069e-05
3.3367e-05
2.35571e-05
1.6795e-05
6.14467e-06
4.46377e-07
2.42737e-06
9.29638e-06
6.60912e-06
3.21651e-06
2.73534e-06
3.85024e-06
3.02165e-06
1.60338e-06
7.94277e-07
3.24464e-06
2.39686e-06
2.35003e-07
5.70397e-06
5.22567e-06
4.70549e-06
2.163e-06
2.36354e-05
3.32048e-06
3.83236e-06
7.26589e-06
7.48157e-06
5.50743e-06
1.25103e-06
2.04251e-06
1.77133e-05
1.72253e-05
4.80022e-06
5.00311e-06
6.52131e-06
4.62418e-06
2.0139e-06
5.97512e-06
1.0026e-05
7.17886e-06
5.66285e-06
7.60829e-06
8.29624e-06
3.55549e-06
9.89903e-06
1.30714e-05
1.83476e-05
2.23831e-05
9.96474e-06
4.5061e-06
1.98739e-06
2.14669e-06
2.61857e-06
1.54523e-06
1.95005e-06
1.35911e-06
2.83515e-06
2.92471e-06
1.21513e-06
3.02369e-06
4.3697e-06
4.54321e-06
2.6402e-06
1.22076e-05
6.02724e-06
2.21493e-06
6.90071e-06
9.23971e-06
7.57031e-06
2.57466e-06
1.50101e-06
4.77094e-06
8.79568e-06
1.1874e-05
1.49755e-05
2.10375e-05
1.94154e-05
9.72576e-06
7.97595e-06
7.7743e-06
7.72894e-06
6.26789e-06
3.74456e-06
1.92696e-06
1.21555e-06
5.64142e-07
8.45723e-07
3.81996e-06
3.82954e-06
3.28245e-06
2.27647e-06
1.35266e-06
9.51074e-07
6.87533e-07
3.8614e-06
1.01646e-05
1.0399e-05
6.74819e-06
1.2924e-06
1.71089e-06
2.17271e-06
4.54162e-07
1.22178e-06
4.76689e-07
1.42769e-07
5.62952e-07
3.81981e-07
3.17099e-06
5.18927e-06
5.69598e-06
5.10627e-06
8.04602e-06
1.14916e-05
9.04566e-06
7.40043e-06
1.24044e-05
2.4889e-05
3.45119e-05
2.21996e-05
8.05795e-06
4.63169e-06
4.29226e-06
4.8914e-06
2.80193e-06
3.23585e-06
3.06848e-06
2.70523e-06
2.77595e-06
2.6061e-06
2.52449e-06
3.70933e-06
1.10229e-05
3.59099e-06
1.78896e-06
4.14314e-06
1.14171e-06
2.71002e-07
1.31804e-06
3.36927e-06
4.86295e-06
5.56456e-06
4.70006e-06
1.83862e-06
2.3218e-07
3.20544e-06
1.62996e-05
1.37653e-05
1.24348e-06
7.69084e-07
2.43202e-06
4.83377e-06
1.165e-05
2.09917e-05
1.64829e-05
1.06335e-05
1.15441e-05
1.38886e-05
9.88242e-06
1.17341e-05
1.04421e-05
4.33228e-06
3.54395e-06
3.42688e-06
7.17533e-07
3.91672e-06
4.40365e-06
2.93271e-06
3.12859e-06
3.86386e-06
3.79915e-06
4.2693e-06
9.818e-06
1.05716e-05
4.57863e-06
2.97919e-06
2.32473e-13
2.47183e-13
1.67572e-11
3.47267e-10
3.67236e-10
3.03918e-11
7.55706e-13
3.19133e-12
1.58539e-11
5.3087e-12
3.21139e-11
7.38762e-12
7.51586e-11
2.83808e-11
8.54287e-12
6.0591e-11
4.08664e-11
3.36982e-11
7.80941e-11
1.49024e-10
6.83588e-11
2.72661e-11
5.08505e-11
6.39552e-11
2.19738e-11
1.68877e-12
7.49966e-13
2.0217e-11
2.05342e-09
1.12584e-08
1.32645e-08
6.39388e-09
4.83369e-10
6.89867e-11
9.76052e-11
3.30492e-11
8.75516e-12
1.22272e-11
3.37785e-11
3.20439e-11
4.27651e-12
3.89816e-12
4.6863e-10
2.57582e-09
2.29802e-09
5.30445e-10
9.1061e-11
1.90339e-11
1.47481e-11
1.33407e-10
4.02391e-10
2.54656e-11
1.00908e-10
1.66061e-11
1.7876e-10
3.84438e-10
2.45925e-10
3.80963e-10
6.67048e-10
7.14135e-10
2.10813e-10
1.72721e-10
6.92703e-10
8.60574e-10
2.85228e-10
4.97041e-11
8.22171e-11
2.24576e-09
2.29712e-08
8.41541e-08
1.00973e-07
3.44794e-08
1.93811e-09
2.53854e-10
4.55105e-10
3.26558e-10
3.41864e-10
2.56506e-10
7.74594e-11
5.25239e-12
3.73101e-10
4.1563e-10
3.05413e-10
6.55492e-09
8.56195e-09
2.86681e-09
6.45676e-10
3.13299e-10
9.19246e-11
2.36892e-10
1.76298e-09
6.31228e-10
7.87005e-12
1.40159e-12
1.16137e-09
2.63833e-09
9.64718e-10
4.77729e-10
6.03713e-10
4.75397e-10
3.38918e-10
1.89849e-09
1.33232e-08
2.22407e-08
1.12105e-08
2.82309e-09
6.21773e-10
5.14492e-10
1.791e-08
1.24901e-07
2.86565e-07
1.6424e-07
1.74341e-08
1.51864e-09
2.40769e-09
2.93741e-09
3.72359e-09
5.27533e-09
2.56495e-09
2.40686e-10
3.92399e-09
6.49889e-09
3.35844e-10
3.86739e-09
1.44575e-08
2.15983e-08
1.20183e-08
1.63795e-09
1.75527e-09
5.95465e-10
2.93986e-09
3.68379e-09
5.9974e-11
5.38543e-11
2.77728e-09
1.06741e-08
6.71479e-09
1.04608e-09
9.74712e-10
3.48629e-10
2.25576e-09
7.51244e-09
1.23665e-07
6.56253e-07
7.44579e-07
3.24922e-07
1.2218e-07
3.30698e-08
5.88723e-09
6.59275e-08
3.16193e-07
3.82068e-07
8.69157e-08
1.17024e-08
2.42998e-08
7.38725e-08
6.16004e-08
4.08611e-08
2.98306e-08
4.88381e-09
3.51546e-08
2.19043e-07
9.54085e-09
9.80628e-09
9.9644e-09
1.40547e-08
4.52346e-08
2.6496e-08
4.72424e-09
7.77206e-09
5.05081e-09
4.96092e-09
1.20852e-09
3.69939e-10
2.60634e-09
2.28537e-08
5.09317e-08
1.45668e-08
2.10895e-09
6.74803e-10
9.72676e-09
2.50208e-08
9.10102e-09
5.70211e-07
6.36779e-06
9.71122e-06
9.62206e-06
7.82108e-06
1.17381e-06
1.42933e-08
2.10303e-07
4.96401e-07
1.90282e-07
2.17896e-08
4.15948e-08
2.2086e-07
6.29034e-07
3.57686e-07
1.69354e-07
3.93208e-08
1.3208e-06
7.28193e-06
4.58916e-06
1.29179e-08
1.1043e-07
8.80149e-08
2.92112e-08
8.02349e-08
1.32683e-08
2.80558e-08
6.79704e-08
2.84959e-08
7.98553e-09
4.8031e-10
6.0264e-08
6.79131e-11
3.99198e-07
2.41756e-07
3.06649e-09
2.35267e-08
2.28649e-09
2.14438e-08
4.62872e-08
2.44603e-08
3.2743e-07
1.08243e-05
2.37795e-05
6.14626e-06
4.9415e-06
4.03507e-06
2.11061e-07
6.5236e-07
2.53247e-07
4.52876e-08
3.95624e-08
1.52523e-07
8.00105e-07
1.60619e-06
1.07049e-06
1.88804e-06
1.33056e-05
1.48232e-05
2.03265e-05
1.46593e-05
1.38619e-07
1.40442e-06
3.20766e-06
3.19824e-08
2.88013e-08
8.05238e-08
2.02795e-06
6.5367e-07
9.01177e-08
3.99116e-08
3.5137e-07
1.60334e-06
2.99092e-07
1.00836e-05
1.43304e-06
3.97415e-06
1.13103e-07
5.41644e-09
2.49559e-08
4.48721e-08
1.18047e-07
3.05627e-07
1.55237e-05
1.09264e-05
9.38417e-06
3.32905e-06
5.79599e-07
2.46583e-06
2.96145e-07
1.76795e-06
2.63953e-06
9.87943e-07
5.47113e-07
9.92358e-07
1.09609e-06
1.26723e-05
1.51429e-05
9.29493e-06
9.67656e-06
1.08973e-05
7.12523e-06
1.84911e-06
3.82007e-06
2.14447e-06
3.10795e-07
3.43027e-07
4.06443e-06
1.73033e-06
2.56026e-06
1.7264e-06
4.19549e-07
2.37359e-06
2.24892e-06
2.66438e-06
1.35113e-05
1.71726e-06
1.12968e-05
4.88996e-09
3.22932e-08
1.65755e-07
6.25483e-07
8.42226e-07
2.60998e-06
1.14601e-05
3.96419e-06
4.37904e-07
1.78038e-06
6.83803e-06
6.06317e-07
1.47398e-05
1.43439e-05
9.51764e-06
5.88568e-06
1.1116e-06
2.10073e-07
6.20453e-06
6.68025e-06
5.65071e-06
4.38441e-06
8.55874e-06
6.72584e-06
4.77248e-06
4.91123e-06
4.17781e-06
1.32576e-06
2.90387e-06
3.08412e-06
9.7691e-07
1.16299e-06
1.68792e-06
4.52846e-07
1.01552e-06
1.06229e-06
7.51309e-07
1.06284e-06
1.56792e-06
1.96877e-06
3.74736e-07
2.05682e-06
4.03195e-06
4.76005e-06
3.1862e-06
1.42924e-06
3.76599e-06
1.03088e-06
7.71852e-07
5.19507e-06
2.72597e-06
2.97785e-06
8.04268e-06
1.09894e-05
8.1406e-06
2.40454e-06
7.52902e-07
1.41272e-06
3.72871e-07
4.02069e-07
2.03436e-06
1.53839e-06
3.28695e-06
2.7644e-06
4.11481e-06
6.31276e-06
5.7373e-06
2.91398e-06
2.50849e-06
1.21165e-06
1.07851e-05
1.39539e-06
8.67222e-06
4.87854e-06
1.65028e-06
1.92479e-06
4.22018e-06
1.11643e-06
4.2294e-07
2.94118e-06
3.05974e-07
5.72819e-08
7.54472e-06
8.99179e-06
5.88354e-06
1.07496e-06
6.79261e-06
7.577e-06
2.10375e-06
9.79431e-06
1.21754e-06
2.02562e-06
4.12527e-06
1.20675e-05
1.93458e-06
2.74361e-07
6.2166e-07
1.47186e-06
2.65452e-06
1.49728e-06
4.54115e-07
2.23469e-07
3.34648e-06
1.93866e-06
1.45093e-06
3.75053e-06
6.38849e-06
2.50745e-06
8.98491e-07
2.24596e-06
1.60883e-05
2.10336e-06
1.17183e-05
4.31969e-07
1.12094e-05
4.11233e-06
6.37216e-06
2.18758e-06
5.6949e-07
1.32371e-06
5.97613e-06
5.59565e-07
4.93857e-06
3.56839e-06
3.89149e-06
9.34596e-07
1.24472e-05
2.18167e-05
8.34543e-06
1.33785e-05
2.22636e-06
1.89112e-06
4.62604e-07
1.30501e-05
8.09721e-06
1.13914e-06
4.20768e-07
8.38709e-07
3.7873e-06
2.67755e-06
3.15047e-07
6.32846e-07
5.78484e-06
3.87227e-07
5.97496e-07
3.66333e-06
7.75252e-06
5.89821e-06
5.96785e-07
8.9272e-07
4.92194e-06
2.61124e-05
1.79938e-05
2.46683e-06
5.625e-06
1.15806e-05
4.30646e-06
3.77188e-06
1.25228e-06
4.60634e-06
1.65528e-06
1.53659e-06
1.22006e-05
5.51547e-06
2.60773e-06
6.84762e-06
1.30125e-05
3.70024e-05
1.87079e-06
6.88054e-06
1.07551e-06
3.57686e-06
1.10675e-05
6.12737e-06
5.31814e-06
1.51294e-06
7.57906e-07
1.19939e-06
4.54805e-06
3.40618e-06
4.46367e-07
3.00279e-06
8.42368e-07
7.69311e-07
1.22071e-06
7.16445e-06
1.59079e-05
1.3446e-05
1.05201e-06
4.81871e-07
1.6329e-06
2.98972e-05
2.67084e-05
6.29773e-06
2.14281e-06
9.54903e-06
6.23742e-07
1.10652e-05
1.38749e-06
8.28461e-06
4.26402e-06
1.23939e-06
2.47934e-06
1.40638e-05
5.37662e-06
4.36995e-06
1.29083e-05
3.06389e-06
1.13613e-05
4.65392e-06
6.39081e-06
5.86611e-06
5.83554e-06
1.89257e-06
9.65932e-06
6.54927e-06
7.51369e-07
5.82567e-06
7.09136e-06
5.04657e-06
1.86237e-06
9.41464e-07
1.37929e-06
3.40152e-06
4.69394e-06
1.66009e-05
2.86309e-05
2.1809e-05
2.96603e-06
1.65078e-06
2.20878e-06
7.1627e-06
1.14932e-05
5.8926e-06
3.53997e-06
6.11453e-06
1.38482e-05
2.0981e-05
2.37879e-05
6.98273e-06
9.08466e-06
3.53774e-06
9.40258e-07
2.70881e-06
2.00962e-05
1.43651e-05
9.23324e-06
7.03158e-07
1.05113e-05
4.03966e-05
9.89547e-06
3.16414e-06
8.85169e-06
4.50959e-06
2.54278e-05
2.54024e-05
3.00316e-05
8.69015e-06
7.63776e-06
4.855e-06
2.65622e-06
1.35902e-06
4.81339e-06
4.09978e-06
9.87944e-06
1.30259e-05
1.08227e-05
9.9908e-06
2.84506e-06
5.30705e-06
2.31308e-06
4.64627e-06
5.8659e-06
2.76709e-06
7.80056e-06
7.97152e-06
1.74372e-05
4.24158e-05
4.54893e-05
5.47281e-06
8.96083e-06
6.83227e-06
1.65133e-06
1.57054e-05
4.78604e-07
8.02146e-06
8.13821e-06
9.49858e-08
5.62318e-06
1.72587e-06
1.52087e-05
2.21756e-05
8.42355e-06
1.28005e-05
2.51202e-05
4.01792e-05
6.64277e-05
4.15428e-05
3.78381e-06
4.97698e-06
3.91052e-06
2.89933e-06
8.06142e-06
3.56137e-06
1.5158e-06
8.67581e-07
2.57295e-06
3.21549e-06
1.26941e-06
7.03171e-08
4.66073e-06
1.05067e-05
2.88592e-06
3.88077e-06
3.48289e-06
1.05532e-05
2.39338e-06
3.64759e-05
1.76508e-05
1.67557e-06
4.4133e-06
7.39249e-06
2.24212e-06
9.09952e-06
3.35837e-07
1.13433e-06
5.49793e-06
1.56789e-05
4.47319e-06
1.02248e-05
1.61177e-06
1.65462e-05
4.86487e-06
7.43203e-06
2.76061e-05
4.57231e-05
6.77823e-05
4.43156e-05
9.54929e-07
2.84703e-06
5.11819e-06
5.47265e-06
8.11495e-06
9.79212e-06
1.06163e-05
2.9184e-06
5.05405e-07
7.41151e-07
1.34988e-06
4.7258e-07
2.76092e-06
1.89424e-05
1.20968e-05
4.44217e-06
9.32059e-06
1.24483e-05
2.11756e-05
7.01218e-06
2.98889e-06
1.17303e-05
1.10855e-05
1.41058e-05
6.31164e-06
4.05118e-06
4.81716e-06
5.79246e-06
1.05546e-06
3.03191e-05
4.39952e-06
3.42187e-06
4.82225e-06
1.26911e-06
4.32784e-06
4.54168e-06
9.24114e-06
2.64955e-06
5.56006e-05
5.68261e-05
1.79191e-06
1.40175e-06
3.3288e-06
4.61432e-06
1.15765e-05
4.03575e-06
7.35351e-06
8.9737e-06
1.97165e-06
1.91389e-06
8.29139e-07
2.2891e-07
2.55394e-06
3.29105e-05
4.29338e-05
7.20878e-07
7.33958e-06
3.06154e-05
2.04244e-05
6.89395e-06
3.46543e-06
2.46137e-06
3.31854e-06
3.80464e-05
2.41739e-05
1.61192e-05
1.0505e-05
9.07178e-06
2.57296e-06
1.20056e-05
2.7638e-05
6.89681e-07
5.96218e-06
1.56639e-05
2.00407e-05
6.52307e-06
6.10093e-06
3.76294e-06
3.50182e-05
7.69357e-05
4.70734e-05
1.6941e-05
5.67718e-06
1.19964e-05
1.99079e-05
1.76466e-05
2.10324e-05
2.16069e-05
3.31101e-06
4.46606e-06
4.11951e-06
4.28206e-06
4.07714e-06
1.01161e-05
3.5188e-06
7.0731e-06
5.25001e-06
4.59775e-06
1.18726e-05
3.4444e-06
5.48649e-06
8.07922e-06
5.63832e-06
3.19487e-06
1.02818e-05
1.36423e-05
1.08313e-05
1.1937e-05
1.20067e-05
3.66395e-06
1.25904e-05
9.08629e-06
3.63005e-06
2.3803e-05
2.65139e-05
8.33752e-06
6.16042e-06
3.47631e-06
2.28585e-06
1.85077e-05
4.43823e-05
7.428e-07
2.75768e-07
3.10339e-06
4.82973e-06
1.13703e-05
1.12404e-05
9.02077e-06
3.38423e-06
9.58285e-07
1.87588e-06
2.93458e-06
1.30553e-05
3.56661e-06
1.49515e-06
2.68251e-06
1.56372e-06
2.41593e-06
4.7108e-06
3.98985e-06
9.61018e-06
5.22982e-06
1.85114e-06
2.36704e-06
2.32185e-06
3.94795e-06
6.83691e-06
4.58816e-06
1.78097e-05
1.18364e-05
1.20644e-06
2.01917e-06
6.56011e-06
4.85162e-06
6.00807e-06
5.18192e-06
6.44034e-06
6.76698e-06
4.33598e-06
4.17556e-06
2.2429e-06
4.27921e-06
1.4356e-06
3.65472e-07
6.67604e-07
8.9262e-06
1.54352e-05
7.26865e-06
6.49959e-06
6.05552e-06
5.2917e-06
4.90434e-06
6.08469e-06
1.93367e-05
1.441e-05
2.20324e-06
3.92015e-07
1.96746e-06
3.62508e-06
4.05272e-06
3.55619e-06
8.11979e-06
2.27882e-05
5.21223e-06
7.48145e-07
1.65678e-06
1.11028e-05
1.63652e-05
7.95229e-06
6.31537e-06
5.94244e-06
1.73793e-06
1.76005e-06
5.75604e-06
4.12245e-06
3.49777e-06
3.7231e-06
2.81594e-06
3.73753e-06
3.92974e-06
4.67796e-06
4.47192e-06
3.16604e-06
1.52246e-06
6.37079e-06
7.42092e-06
1.25383e-06
9.98602e-06
4.70909e-06
5.36732e-06
4.07795e-06
5.42014e-06
2.21213e-06
7.65031e-06
1.41005e-05
1.27171e-05
6.45569e-06
5.29976e-06
7.78855e-06
3.48218e-06
2.55061e-06
6.73188e-06
9.94007e-06
3.72379e-05
2.41573e-05
3.75081e-06
5.47372e-07
1.39997e-06
2.10567e-06
9.90373e-07
1.16825e-06
3.29273e-06
2.66299e-06
2.5967e-06
3.05617e-06
3.04788e-06
2.59394e-06
2.64271e-06
8.82385e-07
3.02055e-06
1.18856e-06
6.6727e-06
2.65109e-06
1.59559e-06
4.34428e-06
4.92941e-06
2.44161e-06
9.18784e-07
4.09898e-06
5.21692e-06
5.57394e-06
2.20856e-06
2.38403e-06
1.04091e-06
4.51995e-06
9.88859e-06
8.80328e-06
5.92014e-06
4.49675e-06
2.89783e-06
1.0417e-06
3.9183e-06
2.73508e-06
3.52985e-06
7.9428e-06
1.08931e-05
8.07775e-06
3.0524e-06
1.8071e-06
3.56417e-06
5.26849e-06
5.19217e-06
3.82535e-06
2.53452e-06
2.1271e-06
1.96269e-06
1.77442e-06
2.7271e-06
1.05817e-06
5.19063e-06
1.8752e-05
1.65402e-05
1.40989e-05
5.02352e-06
2.2203e-06
1.26048e-05
2.73293e-06
1.05625e-06
1.80038e-05
9.47762e-06
2.80436e-06
2.43236e-06
5.31662e-06
1.00231e-05
1.10706e-05
5.94308e-06
1.48449e-05
2.56739e-05
7.62766e-06
3.9681e-06
5.62849e-06
6.20902e-06
6.51217e-06
5.97824e-06
4.26661e-06
1.58207e-06
2.7421e-06
1.79293e-05
2.64836e-05
1.69891e-05
1.60368e-06
2.33761e-06
6.15144e-06
3.23549e-06
1.88021e-06
2.21032e-06
1.95944e-06
1.22698e-06
1.84321e-06
1.19271e-06
3.99918e-06
2.6462e-06
3.00393e-06
3.78663e-06
3.55049e-06
3.65644e-06
4.0378e-06
4.80132e-06
5.09302e-06
5.08988e-06
9.47794e-06
1.35126e-05
3.80885e-06
3.41042e-07
3.1402e-06
5.91325e-06
7.51732e-06
2.54791e-05
2.953e-05
4.43346e-06
3.56804e-07
1.31665e-06
4.54098e-06
6.3472e-06
1.19409e-05
1.84142e-05
1.56248e-05
6.29238e-06
1.81249e-06
1.17477e-05
1.94033e-05
2.06924e-05
2.15227e-05
8.8716e-06
1.93477e-06
2.7524e-06
3.11982e-06
2.33165e-06
5.52731e-07
6.70775e-07
2.06128e-06
6.86835e-12
2.15918e-11
9.82628e-11
3.41463e-10
3.54611e-10
1.19153e-10
1.91694e-11
5.00453e-12
7.35712e-11
4.65517e-11
5.67344e-11
5.48806e-10
6.15108e-11
1.97522e-11
2.19516e-11
3.51701e-10
2.96094e-09
1.52096e-08
1.7383e-08
2.66978e-09
4.12825e-10
3.91585e-10
3.12852e-10
2.2972e-09
4.17387e-09
2.79281e-09
1.26525e-09
4.9431e-10
6.42188e-10
5.34035e-10
1.9462e-10
1.29419e-10
9.53987e-10
1.60653e-09
9.06276e-10
3.47357e-10
2.61167e-10
3.23551e-10
1.37853e-10
2.94633e-12
7.83207e-11
4.20766e-10
1.32793e-09
2.88197e-09
2.60897e-09
1.15222e-09
1.36053e-10
1.68937e-11
5.29526e-11
7.06536e-12
8.97597e-10
1.54436e-09
3.31281e-10
2.35429e-10
8.38191e-10
7.77875e-09
3.44355e-08
9.65981e-08
9.59568e-08
1.39654e-08
3.92041e-09
4.18995e-09
6.73241e-09
2.02903e-08
2.8997e-08
1.79681e-08
5.83935e-09
1.9328e-09
2.52162e-09
3.86911e-09
1.31642e-09
3.13657e-09
2.01099e-08
2.97415e-08
2.29076e-08
1.26705e-08
6.84659e-09
5.10429e-09
2.18385e-09
1.14181e-10
8.02937e-10
7.38953e-11
6.82244e-10
5.50358e-09
5.21839e-09
2.33195e-09
6.31433e-10
2.74311e-11
2.92209e-10
3.14668e-11
2.48255e-09
4.90095e-09
4.27348e-10
6.763e-10
1.04252e-10
7.38187e-09
7.39528e-08
2.41429e-07
2.75644e-07
6.80854e-08
1.3114e-08
6.6912e-09
1.06687e-08
4.54275e-08
8.10228e-08
8.59225e-08
6.26906e-08
2.66897e-08
4.39693e-09
9.24871e-09
6.96913e-09
5.04068e-09
5.07758e-08
1.1396e-07
1.3187e-07
1.43867e-07
1.08228e-07
6.09822e-08
3.42208e-08
7.21131e-09
2.40634e-07
3.73248e-08
3.75355e-09
2.69515e-10
7.44579e-09
8.15507e-09
1.97468e-09
4.66875e-11
8.70522e-10
5.25871e-11
2.81554e-09
1.27204e-08
1.42794e-09
1.87097e-09
1.6579e-09
2.08194e-10
3.21264e-08
2.78287e-07
4.89719e-07
2.26329e-07
6.41931e-08
2.30327e-08
2.85234e-09
6.87091e-08
1.9721e-07
3.37665e-07
4.77074e-07
3.78301e-07
6.87351e-08
1.3675e-08
3.3727e-08
1.09219e-08
3.33871e-08
2.15189e-07
3.56143e-07
5.49391e-07
1.08687e-06
7.46918e-07
4.01584e-07
3.61638e-07
1.00666e-05
8.07394e-06
4.56309e-07
2.9029e-09
3.9522e-10
2.80317e-09
6.77158e-09
3.55685e-10
6.50332e-09
2.34297e-09
2.96242e-09
2.23641e-08
1.32019e-08
1.38849e-09
1.79892e-09
6.26229e-09
3.25126e-10
1.0812e-07
4.07427e-07
2.49674e-07
1.30174e-07
1.20729e-07
1.37391e-08
5.01094e-08
3.1552e-07
8.70002e-07
1.82854e-06
2.43859e-06
1.04629e-06
5.88975e-08
5.42894e-08
6.67913e-08
2.28585e-08
1.05762e-07
5.77336e-07
9.61661e-07
2.69361e-06
4.9453e-06
2.79657e-06
2.78469e-06
5.16598e-06
1.39006e-05
1.76192e-05
6.14479e-07
1.01382e-11
2.69004e-08
8.62367e-09
4.54403e-09
2.24024e-08
1.04916e-07
6.21743e-10
6.8977e-08
2.67684e-08
4.47558e-09
2.20049e-09
2.22858e-08
2.18557e-09
2.79859e-08
2.32684e-07
2.02413e-07
9.4388e-08
1.76407e-07
1.19734e-07
1.63159e-07
4.56268e-07
1.46285e-06
3.54296e-06
5.44725e-06
4.56211e-06
7.20627e-07
6.51525e-08
1.02172e-07
1.04337e-07
1.1396e-07
3.62134e-07
1.32252e-06
2.9691e-06
7.52774e-06
6.65695e-06
2.39028e-06
1.63225e-06
4.94962e-06
9.32225e-06
1.60497e-05
9.93853e-08
4.55757e-10
1.57869e-07
7.85355e-07
7.9917e-07
1.93576e-06
1.77234e-07
1.26674e-07
1.63381e-07
2.04338e-07
3.86408e-07
2.80284e-07
1.01654e-06
2.19789e-07
3.61436e-07
1.89871e-07
1.13771e-07
3.0449e-07
5.02274e-07
4.56445e-07
9.09121e-07
1.76922e-06
4.009e-06
4.51711e-06
3.91805e-06
1.67437e-06
3.78541e-07
1.70182e-07
6.05032e-08
4.53927e-07
4.94939e-07
1.21207e-06
3.32205e-06
6.90737e-06
6.51046e-06
1.70182e-06
1.30513e-06
1.82807e-06
5.59458e-06
1.01472e-05
1.07791e-05
1.78377e-07
8.13779e-08
5.55294e-07
4.93784e-06
1.84203e-05
7.45479e-06
1.78765e-06
4.11615e-06
1.44015e-05
1.72295e-05
3.00373e-06
4.06974e-06
4.66248e-06
1.1039e-06
8.51149e-07
7.82633e-08
9.50979e-08
3.97756e-07
6.71012e-07
8.38694e-07
1.39325e-06
2.05761e-06
1.54077e-06
8.39197e-07
4.04372e-07
5.36642e-07
6.67014e-07
2.34365e-08
2.39384e-07
1.48562e-06
1.29183e-06
2.61475e-06
5.82294e-06
5.23042e-06
1.02201e-06
1.52138e-06
1.49152e-06
3.36919e-06
8.74546e-06
1.03845e-05
3.25844e-06
6.58961e-07
6.62181e-07
3.36202e-07
6.41001e-06
2.35592e-05
3.6047e-06
4.71332e-06
8.16685e-07
1.06663e-05
3.58243e-05
2.20958e-06
3.30522e-06
4.21199e-06
8.16193e-07
1.98986e-07
3.51738e-07
7.60789e-07
9.4803e-07
8.61236e-07
9.76064e-07
6.04253e-07
6.11097e-07
1.0448e-06
1.95309e-06
1.87257e-06
1.30078e-06
1.64135e-06
1.99096e-07
1.30202e-06
2.7909e-06
1.34487e-06
3.05619e-06
4.88211e-06
1.65141e-06
3.41186e-06
1.85411e-06
1.675e-06
4.44461e-06
5.18001e-06
3.20349e-06
6.14389e-07
1.52245e-06
1.33122e-06
5.03076e-07
8.21983e-06
2.70253e-05
2.5607e-06
3.92963e-06
3.24297e-06
9.30884e-06
6.29727e-06
1.04417e-06
3.16717e-06
4.29056e-06
9.83255e-06
4.3482e-07
2.87878e-06
4.09722e-06
2.0708e-06
4.51556e-07
6.52004e-07
6.91456e-07
1.05707e-06
4.10039e-06
5.09721e-06
2.33542e-06
9.07689e-06
1.07042e-05
1.06988e-06
3.90904e-06
2.82978e-06
3.55277e-07
2.1731e-06
3.04313e-06
4.13534e-06
2.47036e-06
1.80076e-07
1.79768e-06
2.07179e-06
6.14712e-07
1.62344e-07
1.00307e-06
4.13138e-06
2.18483e-06
4.11432e-06
1.64324e-05
3.10448e-06
8.75608e-07
4.96364e-06
6.11651e-06
1.9434e-05
1.65282e-06
1.1017e-06
4.85583e-06
5.84446e-07
4.52225e-06
4.35408e-06
7.53221e-06
4.06076e-06
6.99272e-07
2.07737e-06
4.59972e-06
5.7047e-06
9.60508e-06
8.26368e-06
1.0999e-05
1.04621e-05
6.79295e-06
4.07159e-06
1.18626e-06
3.1495e-06
2.56675e-06
2.97126e-06
2.73206e-06
2.10592e-06
1.2861e-06
6.0753e-07
3.8959e-06
4.37165e-06
2.48471e-06
4.70207e-07
1.29289e-06
2.24305e-06
4.47635e-06
3.64726e-06
5.86167e-06
2.02887e-05
1.42154e-06
1.07706e-05
1.02983e-05
1.25442e-05
3.24138e-06
2.128e-07
6.70686e-07
5.44919e-07
1.89938e-06
1.491e-05
6.57166e-06
3.06042e-06
7.94502e-07
3.87586e-06
1.21463e-05
7.03912e-06
1.50253e-06
2.96663e-06
4.43193e-06
7.85053e-06
3.44433e-06
5.34017e-06
1.4013e-07
4.58203e-07
2.00105e-06
5.55668e-06
2.42288e-06
2.71529e-06
9.67707e-07
1.02425e-06
5.34777e-06
8.76015e-06
5.31487e-08
1.07885e-06
1.52368e-06
1.12552e-06
2.69196e-06
6.75035e-06
8.26506e-07
2.80256e-06
2.06825e-06
9.0336e-06
6.76758e-06
1.19892e-05
2.72859e-05
1.15644e-06
1.63222e-06
4.94612e-06
7.6243e-06
1.71557e-05
5.24556e-06
8.4621e-07
6.31436e-07
1.48014e-06
6.88491e-06
6.25741e-07
4.53564e-06
1.04231e-05
2.89908e-05
4.6777e-05
1.42314e-05
8.9947e-06
2.71461e-06
3.69359e-07
3.12161e-06
7.69175e-06
5.15074e-06
5.37846e-06
2.9207e-06
1.70954e-06
7.06286e-06
2.12383e-05
1.20499e-05
5.86476e-06
4.4252e-06
2.52125e-06
3.14543e-06
3.5363e-06
1.07229e-06
6.20226e-06
1.51749e-06
3.97352e-06
2.22395e-06
1.74055e-05
2.74755e-05
1.493e-05
6.34279e-06
5.32208e-06
1.19432e-05
1.95494e-05
1.2769e-05
2.62886e-06
3.15909e-06
1.13948e-05
5.77456e-06
1.18195e-06
3.51742e-06
1.51868e-05
2.96359e-05
4.44456e-05
7.60042e-06
1.72669e-06
7.00516e-06
4.99958e-06
2.48133e-06
5.06906e-06
6.17463e-06
2.53699e-06
3.4161e-06
7.57753e-06
1.39672e-05
2.93324e-05
2.96297e-05
1.09601e-05
1.55119e-05
3.68728e-06
3.02622e-06
2.81078e-06
1.9651e-06
2.06795e-05
5.70277e-07
5.49114e-06
4.42195e-06
1.97964e-05
3.51928e-05
6.24866e-05
1.10608e-05
7.37517e-06
8.09412e-06
7.01545e-06
4.3729e-06
1.42118e-06
2.67303e-06
1.77694e-06
1.54363e-05
1.18582e-05
4.1386e-06
1.23224e-05
1.90942e-05
1.69234e-05
7.20278e-06
1.3143e-06
3.21175e-06
2.96789e-05
9.35729e-07
9.77318e-07
1.4044e-06
7.34454e-07
3.77168e-06
7.38282e-06
2.1649e-06
4.99234e-06
2.13841e-05
2.75974e-06
5.28605e-06
4.0605e-06
6.81407e-06
2.21445e-06
5.25566e-06
4.5392e-06
1.62379e-06
4.57217e-05
4.53586e-05
1.46556e-05
6.1023e-05
8.60857e-05
2.67301e-06
4.64482e-06
2.38938e-06
1.0917e-05
5.47149e-06
2.84431e-06
3.51815e-06
1.91327e-06
1.01356e-05
1.43578e-05
1.24287e-05
1.92756e-05
1.24389e-05
4.42513e-06
6.60328e-06
5.27234e-06
1.13919e-06
1.06297e-05
2.2707e-06
1.15894e-07
9.35697e-08
4.69095e-07
4.6765e-06
1.09511e-05
2.36715e-06
5.961e-08
8.82081e-06
8.56997e-06
1.94265e-06
8.25993e-07
2.72871e-06
1.32206e-05
7.2709e-06
4.345e-06
4.98071e-06
6.46764e-05
9.01535e-05
1.09186e-05
3.40225e-05
7.83842e-05
1.27782e-05
2.06762e-06
5.5657e-06
5.25421e-06
1.57247e-05
1.55995e-05
5.53837e-06
3.07281e-06
4.28461e-06
9.63454e-06
9.40495e-06
8.54126e-06
5.52096e-06
1.50263e-06
2.54487e-06
1.84619e-06
7.41072e-07
1.72653e-06
8.29429e-06
4.53646e-06
2.78537e-06
2.26529e-06
8.71237e-06
1.17764e-05
3.57565e-06
1.52063e-07
5.0429e-08
2.80126e-06
4.99e-06
2.59819e-06
1.22063e-06
1.17686e-06
2.00056e-06
2.6071e-06
2.36928e-06
1.51484e-05
8.77455e-05
6.50493e-05
2.93555e-05
5.38636e-05
1.23006e-06
1.22766e-05
2.50808e-05
1.7358e-05
1.44952e-05
5.76868e-06
8.94826e-07
2.25111e-06
8.33551e-07
3.09263e-05
8.27441e-06
5.27835e-06
4.31835e-05
5.56828e-05
3.94264e-05
4.41223e-06
6.08185e-06
1.60176e-05
2.58501e-05
1.52363e-05
3.72387e-06
5.10259e-06
4.10943e-06
2.96734e-05
1.69273e-05
8.90813e-07
1.89517e-07
1.82941e-06
2.23175e-06
3.33613e-06
4.67618e-06
6.50498e-07
6.69068e-07
4.33699e-06
8.09324e-06
9.68694e-06
4.36675e-05
3.96219e-05
4.39139e-06
2.5688e-06
1.01211e-05
8.20027e-06
2.81031e-06
1.71999e-05
1.26435e-05
7.19986e-06
6.84177e-06
4.16449e-06
7.84338e-06
6.22433e-06
2.63229e-05
1.95734e-05
3.92486e-05
6.17765e-05
7.17629e-05
1.7862e-05
3.12107e-06
5.52142e-07
1.6069e-05
2.20566e-05
1.07784e-05
4.04557e-06
1.13318e-05
2.7318e-05
2.63808e-05
1.97643e-05
5.63136e-06
4.55922e-06
5.25019e-06
3.61589e-06
5.51541e-06
5.61184e-06
5.74364e-06
7.1657e-06
1.34215e-05
1.00835e-05
5.06047e-06
3.2847e-05
5.09368e-06
4.02961e-06
1.172e-05
1.69813e-05
4.7081e-07
8.10486e-06
9.21579e-06
2.39716e-06
9.30734e-06
1.22644e-05
8.75023e-06
8.89595e-06
1.17747e-05
1.53128e-05
1.26544e-05
1.28818e-05
1.72854e-05
2.31564e-05
4.00262e-06
3.72013e-06
8.50148e-06
3.37331e-06
2.54803e-06
3.39465e-06
6.37492e-06
7.17941e-06
8.31672e-06
1.04703e-05
8.8003e-06
5.60098e-06
3.34379e-06
1.52596e-06
1.66366e-07
4.58673e-06
7.98539e-06
3.91829e-06
2.50858e-06
2.2258e-06
8.27698e-07
3.04899e-06
4.68208e-06
1.74616e-06
3.50958e-06
2.42176e-06
2.00269e-06
4.66357e-06
4.47005e-06
2.89777e-06
5.22135e-07
3.52498e-07
6.33933e-07
1.41759e-06
5.16545e-06
2.59463e-05
2.49435e-05
6.53157e-06
2.02554e-06
3.49768e-06
1.39863e-05
5.01855e-06
1.97392e-06
1.09534e-05
5.59047e-06
7.77462e-07
1.45924e-06
2.07241e-06
1.22973e-06
2.74025e-06
5.02098e-06
5.411e-06
5.54089e-06
3.35686e-06
1.46695e-06
2.14633e-06
1.79905e-05
1.8623e-05
1.22501e-05
6.32719e-06
1.04175e-06
1.40666e-06
1.13727e-05
4.23943e-06
3.42327e-06
4.85498e-06
1.29738e-05
1.15202e-05
6.51451e-06
2.82233e-06
1.1434e-06
7.96525e-07
1.06627e-06
1.5253e-06
1.4797e-06
1.86828e-06
1.05542e-05
3.10281e-06
8.04988e-07
3.41844e-06
1.74327e-06
1.77538e-06
5.66248e-06
2.71017e-06
2.57098e-06
1.31151e-06
2.89582e-06
3.90352e-06
8.33185e-06
3.67808e-06
2.6314e-06
4.0831e-06
4.82236e-06
3.60193e-06
5.40245e-06
4.37923e-06
5.62829e-07
1.76518e-05
2.27357e-05
1.75983e-05
7.68853e-06
6.92e-07
2.59797e-06
1.80544e-05
1.29085e-05
4.39962e-06
6.1431e-06
3.95006e-06
3.78818e-06
7.96243e-06
1.10657e-05
8.06185e-06
4.79183e-06
3.53405e-06
2.56669e-06
2.13948e-06
4.96801e-06
9.21802e-06
1.29591e-05
1.33398e-05
6.70774e-06
3.25634e-06
3.69253e-06
2.07753e-06
5.20732e-07
9.06167e-06
9.49261e-06
6.72439e-06
9.43783e-06
1.60084e-05
4.49014e-06
6.19178e-07
4.11807e-06
1.09576e-05
2.92699e-06
1.36216e-06
3.83447e-06
1.83353e-05
1.94844e-05
8.2668e-06
1.56882e-05
8.0529e-06
1.40563e-06
3.68028e-06
4.44503e-06
3.35258e-06
3.45532e-06
2.86763e-06
1.98549e-06
1.48398e-06
3.04904e-06
1.14393e-05
2.40312e-05
2.67786e-05
1.8985e-05
1.44568e-05
1.28353e-05
1.0839e-05
1.04781e-05
7.85707e-06
9.27402e-07
5.51025e-07
1.73922e-06
1.84631e-06
2.19009e-06
2.25058e-06
1.3372e-06
6.1006e-07
1.50432e-06
2.80628e-06
2.05645e-06
1.0915e-06
4.05186e-06
1.11527e-05
1.71745e-05
1.67106e-05
6.77343e-06
1.09841e-06
3.04224e-06
6.22587e-06
1.15329e-05
1.59323e-05
3.76404e-06
4.09752e-06
3.03401e-06
2.33613e-06
2.28503e-06
4.25173e-06
5.95011e-06
2.79491e-06
2.98597e-06
5.41413e-06
6.32901e-06
8.37677e-06
1.20543e-05
2.03625e-05
2.21699e-05
1.31037e-05
2.52217e-06
3.40277e-06
5.95414e-06
2.9465e-06
3.29624e-07
2.335e-06
2.86043e-06
4.28159e-09
2.57721e-09
2.00712e-10
5.87124e-11
8.66538e-10
1.11239e-09
4.99161e-10
5.47075e-10
8.57807e-10
6.26948e-10
8.44075e-10
1.18049e-09
1.03453e-10
1.32803e-09
2.49875e-09
3.64392e-10
2.98761e-10
2.26313e-11
7.82154e-11
3.61789e-10
6.15407e-10
9.45029e-10
6.18399e-10
2.51408e-11
6.21073e-11
1.9604e-10
2.20899e-11
5.66938e-10
4.38371e-10
8.27437e-11
1.01446e-11
3.14355e-10
1.18164e-09
1.39923e-09
2.28821e-09
4.51002e-09
1.28846e-09
2.68707e-10
8.80757e-11
1.56188e-09
1.84633e-08
4.21182e-09
1.92318e-10
1.40965e-09
5.60063e-09
5.68278e-09
2.09255e-09
2.22109e-09
4.96675e-09
5.28819e-09
7.03685e-09
6.87123e-09
3.66172e-10
9.90731e-09
2.5722e-08
7.33883e-09
2.2087e-09
3.8548e-10
5.43006e-09
9.19624e-09
6.15355e-09
7.92026e-09
7.57817e-09
1.46791e-09
1.15133e-09
6.19232e-10
2.80618e-09
2.35469e-08
1.79101e-08
2.03241e-09
4.81312e-10
7.9829e-09
2.12466e-08
2.44554e-08
3.20278e-08
3.02556e-08
6.44528e-09
3.72926e-09
8.41083e-09
2.0221e-08
1.93858e-07
4.40004e-08
1.26338e-09
4.48573e-09
1.26304e-08
1.21112e-08
5.00562e-09
1.96106e-09
4.54776e-09
6.09633e-09
1.15805e-08
1.63304e-08
2.52424e-09
1.07847e-08
7.34945e-08
8.70736e-08
3.04114e-08
1.1399e-08
4.26666e-08
7.23861e-08
2.88781e-08
1.46267e-08
1.97465e-08
6.54711e-09
5.66743e-09
6.45958e-09
1.91072e-09
7.93645e-08
2.08488e-07
8.85516e-08
1.40775e-08
1.28044e-08
4.18091e-08
6.83535e-08
1.24803e-07
1.02847e-07
1.67794e-08
5.84402e-08
1.57189e-07
2.58294e-07
3.84502e-06
1.57663e-06
1.43121e-07
3.36868e-09
4.56772e-08
5.31106e-08
2.06249e-08
2.91567e-09
2.54311e-09
3.29967e-09
6.24274e-09
1.44709e-08
8.49684e-09
2.98475e-09
2.44545e-08
1.3548e-07
3.0974e-07
2.50385e-07
2.92521e-07
4.4696e-07
3.31541e-07
4.15686e-08
1.55843e-08
9.90066e-09
1.00801e-08
2.89095e-08
2.85155e-08
2.24778e-08
3.9486e-07
7.48899e-07
5.91415e-07
3.71866e-07
1.99348e-07
2.20721e-08
8.57448e-08
2.45169e-07
2.08685e-08
4.28796e-07
1.48944e-06
3.28071e-06
1.73685e-05
1.85498e-05
9.68534e-06
6.98507e-07
1.83661e-08
1.26459e-07
1.38613e-07
5.41297e-08
1.09747e-09
2.25848e-08
4.4604e-09
2.98467e-08
1.63909e-08
3.17826e-09
1.97991e-09
5.8228e-09
6.41568e-08
7.93523e-07
1.4291e-06
1.20228e-06
1.2266e-06
5.61311e-07
2.90758e-08
6.58042e-09
8.78817e-09
1.579e-08
5.71981e-08
6.25096e-08
1.36548e-07
6.86698e-07
1.44195e-06
2.63046e-06
2.82677e-06
4.33996e-06
1.84813e-07
3.87043e-08
3.93761e-08
8.93245e-07
6.16732e-06
1.15819e-05
1.60793e-05
1.48553e-05
1.38523e-05
6.64742e-06
1.47048e-07
5.09815e-06
6.26307e-07
4.95244e-07
7.13155e-08
1.07712e-06
1.39596e-07
4.90087e-08
8.85023e-08
3.02427e-09
1.53356e-08
1.66966e-09
3.5329e-08
6.85837e-08
1.68882e-06
1.99955e-06
1.63786e-06
2.99811e-06
1.02456e-06
1.93683e-08
1.33407e-08
9.71664e-09
1.12977e-08
3.28282e-08
9.79839e-08
1.8482e-07
7.60344e-07
3.74315e-06
2.61528e-06
5.96498e-06
1.64137e-05
7.06776e-07
1.08947e-07
2.12399e-08
5.26199e-06
1.24782e-05
1.34634e-05
1.18026e-05
5.54305e-06
4.46268e-06
2.22984e-06
5.99997e-07
2.7389e-06
3.20668e-06
1.44168e-06
3.44042e-08
1.53079e-05
9.59564e-08
4.24854e-07
4.38726e-08
4.00949e-07
9.9627e-08
3.81929e-08
1.33465e-07
9.60307e-08
1.67919e-06
4.06643e-06
1.02452e-05
1.33908e-05
2.37958e-06
1.86277e-08
3.44444e-08
4.77431e-08
3.01235e-07
1.96454e-07
2.26677e-07
1.113e-06
4.35374e-06
7.55591e-06
1.49379e-05
3.39923e-05
3.71392e-05
6.11113e-07
1.9245e-07
9.62165e-08
6.64521e-06
6.28124e-06
1.39663e-05
9.02326e-06
4.69193e-06
5.67991e-06
6.60398e-06
4.29323e-06
3.01408e-06
2.48581e-06
3.1722e-07
6.45205e-07
5.90778e-06
8.86286e-07
1.76228e-06
3.73474e-07
3.63005e-06
1.62218e-07
3.09137e-07
3.04602e-07
1.64722e-09
6.38251e-07
5.50544e-06
1.5722e-05
2.32543e-05
1.82406e-06
1.35276e-07
6.03224e-08
8.83721e-07
1.5463e-06
1.09424e-06
2.93176e-06
3.39222e-06
3.93815e-06
5.81785e-06
2.42557e-05
5.74138e-05
1.16946e-05
1.7896e-07
2.36531e-07
5.71956e-07
2.10274e-06
6.17965e-06
2.1208e-05
1.54468e-05
7.07767e-06
8.85733e-06
8.3929e-06
5.67429e-06
3.69504e-06
4.08284e-06
8.19213e-07
2.68523e-07
4.21674e-06
5.55119e-06
5.89921e-07
1.93414e-06
2.57783e-06
2.8039e-07
1.52422e-07
8.54365e-08
8.6847e-08
3.02924e-08
1.01446e-06
7.58163e-06
7.26448e-06
1.48669e-08
2.34768e-07
4.80171e-07
2.73403e-06
3.66148e-06
5.20968e-06
3.54088e-06
3.17781e-06
4.30689e-06
8.66472e-06
3.47398e-05
2.83737e-05
6.34313e-08
7.45263e-07
9.25404e-08
1.57478e-06
1.13895e-06
8.41096e-06
1.87054e-05
8.76576e-06
7.33994e-06
8.08083e-06
8.12625e-06
4.36137e-06
1.05093e-06
5.66172e-06
3.7036e-06
3.86979e-06
6.20511e-06
2.30495e-06
4.16219e-06
5.16873e-06
5.46174e-07
3.93977e-07
2.33312e-07
1.00008e-07
2.66553e-08
4.82603e-09
2.56042e-07
7.6603e-07
4.23498e-08
6.84028e-07
5.11114e-07
1.72014e-06
2.88149e-06
2.76159e-06
1.60749e-06
3.09052e-06
3.67063e-06
6.23672e-06
8.04377e-06
1.37336e-05
6.50598e-07
1.17964e-07
2.27625e-07
1.95235e-06
6.51597e-07
1.00218e-06
6.57377e-06
4.53696e-06
5.21681e-06
6.03668e-06
7.37781e-06
6.60235e-06
2.03108e-06
2.44703e-06
7.93617e-06
3.35576e-06
7.57502e-06
2.21332e-06
6.62551e-06
1.16327e-05
5.26048e-06
1.80146e-07
6.87951e-07
1.29659e-07
2.80828e-06
3.14115e-06
6.65987e-07
6.48588e-07
5.63108e-07
1.54477e-06
2.3472e-06
5.26665e-06
6.48929e-06
3.68804e-06
7.02235e-06
2.41024e-06
1.4272e-06
1.67547e-06
4.05035e-06
2.92322e-06
7.16512e-07
9.76459e-07
8.01532e-07
9.76829e-06
4.19811e-06
2.29088e-06
3.27747e-06
2.61975e-06
2.84939e-06
3.04467e-06
5.03727e-06
6.56094e-06
4.22359e-06
4.39911e-06
3.21068e-06
7.74688e-06
2.63882e-06
1.96543e-06
8.62187e-06
1.58748e-05
1.56946e-05
1.8571e-06
7.07861e-07
2.78911e-06
1.31107e-05
8.69581e-06
7.05038e-06
1.55672e-05
5.2333e-06
5.25997e-06
5.25217e-06
3.30076e-06
7.58324e-06
4.97853e-06
1.5469e-05
6.08352e-06
1.48922e-06
1.13055e-06
1.27798e-06
1.7386e-06
6.72546e-07
5.79212e-06
1.01765e-05
7.65273e-06
1.97036e-06
1.90472e-06
5.92141e-06
1.11376e-05
3.78273e-06
5.05192e-06
5.1867e-06
7.23429e-06
7.06482e-06
4.38119e-06
7.29568e-07
9.49479e-06
5.73266e-06
2.73789e-06
1.06657e-05
1.48763e-05
9.46743e-06
6.60603e-06
3.93834e-06
1.99158e-06
3.036e-06
2.14892e-06
1.06822e-05
1.97758e-05
7.62445e-06
5.26511e-06
1.02438e-06
8.38929e-07
1.03835e-05
6.04742e-06
1.20479e-05
3.9953e-05
2.72014e-06
3.56113e-07
1.32293e-06
3.14904e-06
4.15134e-06
8.33761e-06
1.28804e-05
7.28941e-06
3.13218e-07
2.85547e-06
6.99812e-06
1.29889e-06
1.13732e-06
1.15784e-05
1.52716e-05
9.44027e-06
8.87594e-06
5.63517e-06
5.99524e-07
1.88526e-05
5.606e-06
4.96588e-06
1.65544e-05
1.23596e-05
3.34692e-06
1.13754e-06
1.55022e-06
2.91791e-06
1.75188e-06
9.68453e-06
1.46288e-05
2.24055e-05
1.3127e-05
9.27666e-06
5.00272e-07
2.48262e-06
1.11336e-05
4.4889e-06
3.60574e-06
3.41674e-06
3.28516e-05
2.80455e-06
3.67885e-06
3.65997e-06
8.06234e-07
6.42606e-06
1.58076e-05
1.76953e-05
4.77277e-07
9.33581e-07
2.81137e-06
1.8373e-06
7.50759e-06
1.38001e-05
2.59101e-05
3.74254e-05
2.63527e-05
5.80874e-06
3.6289e-06
2.62929e-06
1.92937e-06
1.38663e-05
4.78557e-06
3.31824e-05
3.17041e-05
7.94006e-06
6.55734e-06
3.38857e-06
3.09552e-05
1.94354e-05
9.46506e-06
2.16352e-05
1.33204e-05
6.67839e-06
2.58484e-06
9.41234e-06
2.47215e-05
2.55826e-05
8.6219e-06
5.81289e-06
1.65166e-05
1.53494e-05
7.11876e-06
6.98029e-06
4.18859e-06
1.6776e-06
1.83022e-05
1.65091e-05
6.36877e-06
2.21317e-08
2.64965e-07
6.44562e-07
8.08036e-07
1.16129e-06
4.10813e-07
1.87292e-05
4.079e-05
1.51444e-05
4.10084e-06
3.65951e-06
2.00505e-06
3.14015e-06
2.09893e-06
9.53823e-06
1.33669e-05
2.25094e-05
9.56318e-06
1.42992e-05
1.54358e-05
3.22569e-06
6.4734e-06
1.80219e-05
9.55095e-06
1.01315e-05
6.84551e-06
2.45288e-07
1.5259e-05
1.44968e-05
6.73536e-06
6.48034e-06
5.63279e-06
1.37288e-05
5.42176e-06
4.5532e-06
7.93204e-06
3.88959e-06
1.36807e-06
1.08156e-06
5.40087e-06
5.77397e-07
3.15748e-07
8.3153e-07
8.20615e-07
1.90796e-06
5.18387e-06
1.62186e-06
7.57378e-07
2.7709e-05
7.57219e-06
2.69787e-06
3.90721e-06
8.446e-06
7.15992e-06
3.87316e-06
7.26415e-06
1.92936e-05
1.09381e-05
6.58137e-05
6.65697e-05
1.05789e-05
6.05913e-06
1.73545e-05
1.53772e-05
7.20376e-06
6.44781e-06
3.31448e-06
8.88805e-06
2.67469e-06
4.92095e-06
8.86706e-06
5.70798e-06
1.27356e-05
6.88933e-06
2.30898e-06
6.78932e-06
7.68716e-06
5.36202e-06
6.25685e-06
4.67049e-06
5.67658e-06
3.28491e-06
1.99179e-06
2.23272e-06
1.99263e-06
1.43347e-06
2.08797e-06
1.20701e-06
1.93897e-06
5.46679e-06
4.55545e-06
1.64795e-05
1.85819e-05
1.00716e-05
4.68906e-06
2.33727e-06
8.90683e-06
1.00898e-05
5.06846e-06
7.76071e-05
5.21183e-05
6.92989e-06
1.32521e-05
1.81226e-05
8.47666e-06
7.22944e-06
4.60409e-06
1.27161e-05
1.80188e-05
2.68665e-06
2.17944e-06
2.01106e-06
7.99602e-06
2.90362e-06
2.92357e-07
7.08755e-06
1.34875e-05
8.88832e-06
2.65959e-05
1.85093e-05
2.48351e-05
3.29483e-05
1.27922e-05
8.50099e-06
1.7207e-05
3.47882e-05
2.48487e-05
4.12532e-06
7.88967e-07
2.01494e-06
6.08211e-06
8.47765e-06
1.58925e-05
8.24292e-06
3.95944e-06
6.27591e-06
3.1428e-06
3.0577e-07
4.14988e-06
5.9805e-06
1.82462e-05
2.8115e-05
4.4842e-06
2.55321e-05
2.75242e-05
4.00222e-06
2.79608e-06
7.55147e-06
5.27649e-05
5.16523e-05
1.67546e-05
6.29123e-06
5.12299e-06
3.33425e-06
4.72291e-06
4.2694e-06
2.07749e-06
2.57625e-05
4.13803e-06
2.92137e-05
4.10806e-05
2.66353e-05
2.74342e-05
2.10663e-05
7.98889e-06
3.50322e-06
1.44027e-05
3.87487e-05
1.4973e-05
3.67026e-06
4.26827e-05
2.79245e-05
1.12233e-05
1.97213e-05
6.97046e-06
7.444e-06
5.51565e-06
1.319e-06
3.75121e-06
6.29998e-06
1.03897e-05
3.31924e-06
1.58142e-06
7.04877e-07
3.9492e-06
7.61362e-06
5.11813e-06
7.12827e-06
7.6703e-06
2.36352e-05
3.47912e-05
6.07776e-06
6.3949e-07
6.19322e-06
3.23531e-06
4.61203e-06
8.89641e-06
6.9677e-06
3.65683e-06
2.77526e-06
7.53095e-07
4.73418e-06
4.66147e-06
3.5506e-06
3.78198e-06
1.39723e-06
1.61787e-06
1.64036e-06
2.80242e-06
4.21755e-06
2.69618e-06
1.35826e-05
6.02968e-06
2.5955e-06
1.48999e-05
2.65382e-06
7.17812e-06
7.70065e-06
5.18906e-06
1.13853e-06
3.15226e-05
8.68291e-06
2.88964e-07
1.66799e-06
5.07042e-06
4.77654e-06
7.92501e-06
2.41386e-05
2.17347e-05
1.23803e-05
1.01391e-05
7.2634e-06
4.3844e-06
2.28095e-06
5.89226e-06
2.23916e-06
4.43939e-06
4.73326e-06
4.10659e-06
2.55741e-06
1.60803e-06
1.47546e-06
6.23519e-06
1.16431e-05
5.51396e-06
1.27851e-06
3.9221e-06
4.87462e-06
2.89771e-06
4.94817e-06
1.11791e-05
7.2774e-06
1.41346e-05
1.38642e-05
4.57795e-06
6.25054e-06
2.73142e-06
6.50487e-06
4.44409e-06
4.40647e-06
3.96071e-06
1.79152e-06
2.16072e-08
7.78027e-07
2.71157e-06
3.22469e-06
1.83118e-06
8.71342e-07
5.58048e-06
1.24546e-05
1.09434e-05
4.53441e-06
2.76662e-06
3.76313e-06
3.71022e-06
4.44635e-06
2.25919e-06
4.34614e-06
3.52544e-06
9.05595e-07
3.30483e-06
1.24929e-05
7.76423e-06
4.15693e-06
2.15217e-06
9.43613e-06
1.27266e-05
2.35777e-06
2.04617e-06
4.01841e-06
1.73327e-05
1.18767e-05
8.56754e-06
1.30773e-05
1.95662e-06
9.62183e-06
3.30897e-05
9.74482e-06
5.97512e-07
2.52309e-06
3.26536e-06
1.93174e-06
2.12281e-06
8.19043e-06
1.24139e-05
9.98145e-06
5.49985e-06
2.70112e-06
3.93554e-06
1.50202e-05
3.03124e-05
3.66187e-05
1.95038e-05
2.57043e-07
7.77118e-06
6.2459e-06
1.62911e-06
2.34673e-06
1.64464e-06
3.23127e-06
6.36402e-06
3.1503e-05
3.87469e-05
1.80981e-05
4.80146e-07
5.1542e-06
9.0555e-06
2.83643e-06
7.78556e-07
3.88471e-07
6.96448e-06
5.27632e-06
3.77124e-06
3.51621e-06
5.90609e-06
3.35514e-06
3.23438e-06
3.31181e-06
2.59513e-06
5.14527e-06
8.01677e-06
6.26177e-06
3.82503e-06
2.61812e-06
9.94683e-06
3.94082e-05
5.00394e-05
4.44314e-05
3.49287e-05
2.47067e-05
1.63231e-05
7.03774e-06
6.85456e-07
6.59727e-08
1.72561e-06
1.82415e-06
5.52593e-06
1.51801e-06
2.84232e-06
1.63386e-06
2.08127e-06
2.74799e-06
1.42201e-06
8.8211e-07
1.7042e-06
2.78459e-06
1.04118e-05
1.72935e-05
1.83513e-05
5.6609e-06
2.62889e-06
5.22026e-06
4.62971e-06
2.46427e-06
2.00945e-06
2.39874e-06
3.23214e-06
2.71526e-06
4.38878e-07
4.16453e-07
4.28218e-06
7.12281e-06
4.98673e-06
3.53195e-06
2.01603e-06
7.4484e-07
2.32962e-06
1.73561e-05
3.30353e-05
3.53635e-05
2.90318e-05
7.34088e-06
4.13841e-07
2.42942e-07
2.32156e-07
8.77375e-07
3.03632e-06
3.6276e-06
8.07168e-08
3.35838e-08
2.00119e-08
8.26762e-09
1.88778e-09
5.78628e-10
4.51657e-10
4.17391e-10
4.6942e-10
3.37172e-10
7.19332e-11
2.24501e-10
1.28395e-09
2.86233e-09
2.1215e-09
3.97226e-10
1.24041e-08
2.33602e-08
1.32234e-08
4.95549e-09
9.4219e-10
7.91382e-11
1.12176e-09
1.64516e-09
5.85872e-10
2.83685e-11
2.55968e-11
2.85382e-11
9.9908e-10
2.34589e-09
2.30252e-10
1.94205e-10
7.92469e-10
2.47213e-09
1.44424e-08
2.66907e-08
1.25405e-08
7.01117e-09
1.10521e-07
1.69363e-07
6.43241e-07
2.32563e-07
7.67567e-08
1.94365e-08
3.73745e-09
2.60467e-09
1.87649e-09
1.47251e-09
1.4532e-09
3.71617e-10
4.06014e-10
6.69094e-09
1.62121e-08
1.44843e-08
1.05863e-08
1.38482e-09
4.59768e-08
1.62061e-07
1.17426e-07
2.99889e-08
1.02292e-09
7.84242e-10
4.25796e-09
2.96755e-09
4.84027e-10
3.49595e-10
5.76435e-10
3.17947e-11
6.86533e-09
1.6292e-08
3.18813e-09
2.10241e-09
7.68594e-09
4.35923e-08
1.10269e-07
1.21321e-07
5.25594e-08
5.59751e-08
4.3895e-07
9.36465e-07
1.8592e-06
7.26981e-07
1.82136e-07
3.35231e-08
4.39157e-09
3.32046e-09
3.39535e-09
1.37168e-09
2.76832e-09
7.7377e-10
7.37391e-10
1.29586e-08
5.11565e-08
3.72497e-08
1.64514e-08
5.52988e-09
9.2282e-09
1.78212e-07
2.87196e-07
1.33513e-07
1.73027e-08
4.92188e-10
7.27049e-09
3.90358e-09
6.59855e-10
4.44985e-09
6.64335e-09
8.29688e-10
3.14158e-09
4.9106e-08
4.33353e-08
2.39935e-08
5.00636e-09
1.59003e-08
1.31038e-07
3.13249e-07
4.24295e-07
8.96876e-08
3.51904e-07
1.50087e-06
2.77856e-06
3.10027e-06
1.02409e-06
1.39489e-07
7.91869e-09
6.01494e-09
1.22265e-08
4.86245e-09
3.79009e-09
5.07691e-09
4.96943e-10
4.95101e-09
4.55949e-08
1.10766e-07
4.12933e-08
1.00957e-08
1.80528e-09
5.78888e-08
2.30619e-07
2.26166e-07
7.38106e-08
9.61705e-09
7.69488e-09
1.04738e-08
4.46977e-09
5.43299e-08
6.38055e-08
3.88686e-08
2.51491e-09
1.10764e-08
7.96347e-08
3.91932e-07
1.12665e-06
1.80099e-07
2.01807e-08
2.67698e-07
1.50478e-06
3.3969e-06
1.10753e-07
6.38301e-07
4.16061e-07
5.46162e-06
7.01949e-06
3.3836e-06
4.00395e-07
2.02727e-08
6.74155e-08
7.36398e-08
1.0344e-08
6.0659e-08
1.59661e-08
3.73602e-08
1.76398e-08
1.35109e-07
1.62479e-07
3.16823e-08
7.70994e-10
5.22464e-08
1.65767e-07
3.21946e-07
1.86634e-07
1.48038e-08
2.4648e-08
4.40192e-08
5.09471e-09
1.25746e-07
5.18342e-07
3.88111e-07
1.22645e-07
3.01391e-08
1.63167e-08
1.16297e-07
1.50436e-06
1.02274e-05
6.37986e-07
3.02861e-07
1.05053e-06
3.98154e-06
5.74838e-06
3.02701e-07
7.64518e-07
1.19703e-06
1.32611e-05
2.31688e-05
2.41261e-05
1.2815e-05
7.21152e-07
2.71695e-07
2.57568e-07
2.67613e-07
2.47435e-06
1.43555e-07
3.01455e-06
1.08496e-07
3.73406e-07
1.61303e-07
5.18269e-09
5.57605e-08
2.58103e-07
5.85331e-07
1.74679e-06
8.07516e-08
1.57404e-07
2.40366e-07
5.60943e-08
1.68291e-07
4.99347e-07
3.31205e-06
8.12312e-06
3.42802e-07
4.89854e-07
1.31411e-07
1.43871e-07
2.7138e-06
1.49311e-05
4.15995e-06
1.89008e-06
1.65597e-06
4.04795e-06
5.84426e-06
4.08203e-06
1.1133e-06
4.37919e-06
2.19297e-05
1.76443e-05
1.08555e-05
1.51952e-05
8.93199e-06
7.30988e-07
9.26821e-08
4.07229e-06
4.86889e-06
8.94619e-06
1.56354e-05
4.36646e-07
2.20872e-07
7.61553e-08
1.80172e-09
4.29369e-07
1.31694e-06
1.08348e-05
2.25704e-05
8.17932e-08
1.47489e-06
6.24838e-07
1.1017e-07
1.60176e-06
5.84033e-07
4.60535e-06
6.62244e-06
2.96631e-06
7.12469e-07
2.51761e-07
5.40632e-07
1.16626e-05
3.44129e-06
4.40055e-06
5.12298e-07
7.44847e-07
2.93614e-06
1.01143e-06
2.01784e-06
1.38102e-06
9.36564e-06
1.62668e-05
1.35433e-05
1.07335e-05
1.66064e-05
1.16705e-06
4.09387e-07
1.21385e-07
3.13834e-06
6.77928e-07
2.11087e-05
1.68513e-05
2.05704e-07
1.05114e-07
4.28734e-08
7.19226e-08
3.48268e-06
1.77354e-05
4.49063e-05
2.95573e-05
1.80035e-06
2.83565e-06
7.36972e-07
9.10813e-07
3.44773e-06
2.11719e-06
9.90405e-06
1.45774e-06
3.37108e-06
3.00126e-06
1.62032e-05
1.59892e-06
2.18247e-06
9.40344e-06
2.71761e-06
7.84144e-07
7.22843e-07
9.40757e-07
3.62406e-07
1.13581e-06
3.09391e-06
1.22539e-05
1.26548e-05
1.74186e-05
1.7307e-05
1.32618e-05
2.06664e-07
5.66489e-08
3.83695e-06
4.99733e-06
1.34073e-06
8.64864e-06
2.54319e-06
5.71763e-07
1.30125e-07
3.88239e-07
2.43609e-06
3.10148e-05
5.28677e-05
5.03796e-05
2.95798e-05
1.73846e-06
2.66502e-06
4.06246e-07
5.19133e-06
4.53098e-06
6.58975e-07
1.033e-06
5.76873e-06
7.64364e-06
7.87351e-06
2.15823e-06
6.48192e-06
4.74866e-06
6.43915e-06
1.31622e-08
1.96163e-06
6.5451e-06
5.45936e-07
7.47361e-07
3.23113e-07
3.64097e-07
8.11139e-07
4.46874e-06
2.12952e-05
1.71982e-05
3.31465e-06
2.72682e-07
4.74683e-06
1.57454e-05
5.67768e-06
3.45343e-06
5.99217e-06
6.09338e-06
5.99892e-06
1.93353e-07
3.99457e-06
2.50478e-05
4.34033e-05
3.08639e-05
2.23807e-05
9.30394e-06
2.99071e-07
5.17823e-07
2.11399e-06
7.38862e-06
2.32784e-06
3.01572e-06
4.25586e-06
1.95546e-06
3.73892e-06
3.36334e-06
1.40652e-06
2.57851e-06
5.02351e-06
1.62005e-05
1.4632e-07
2.10151e-05
4.28572e-06
1.82503e-07
9.31235e-07
5.21414e-08
1.45615e-07
3.12544e-07
6.96852e-06
9.81402e-06
6.38536e-06
5.64061e-06
8.99112e-06
3.83193e-06
6.71011e-06
4.29714e-06
6.71796e-07
2.45712e-06
2.03019e-07
4.77833e-06
6.77555e-06
4.58588e-06
2.88173e-06
9.09324e-06
7.50747e-06
9.64824e-07
2.02395e-07
3.44644e-07
5.02071e-06
3.08604e-06
4.97261e-06
6.55279e-06
5.40613e-06
4.51497e-06
1.14189e-05
5.41905e-07
6.14559e-06
3.19904e-06
5.26153e-06
6.06945e-06
1.18756e-05
7.50355e-06
7.98041e-06
1.41388e-06
9.34066e-06
1.76867e-05
2.82629e-05
1.22269e-05
3.45065e-06
1.78794e-06
3.94986e-06
1.97943e-05
1.49411e-05
1.89239e-06
5.94775e-06
5.05131e-06
6.56313e-06
4.43693e-06
7.95347e-06
8.36867e-06
6.72594e-06
5.9469e-06
6.38043e-06
8.17781e-06
9.6358e-06
4.43908e-06
3.97207e-06
1.2593e-06
8.52251e-06
2.26615e-06
9.68086e-08
1.64184e-06
5.96968e-06
9.50529e-06
2.103e-05
1.55039e-05
3.34669e-06
5.55568e-06
3.55095e-06
3.93832e-06
4.70752e-06
7.36728e-06
5.36285e-06
9.28712e-06
6.98062e-06
1.82064e-05
2.14064e-05
1.08709e-05
5.19397e-06
1.94995e-06
1.89249e-06
2.99074e-05
3.0567e-05
1.27194e-06
2.03912e-06
2.91602e-06
1.00896e-05
3.26637e-05
4.59853e-06
4.81067e-06
6.32507e-06
2.94702e-06
6.87696e-06
9.93457e-06
7.38539e-06
9.20939e-06
7.46761e-06
5.27454e-06
1.62735e-06
8.85183e-06
8.00072e-07
5.43413e-06
8.05507e-06
4.74441e-06
3.41322e-05
2.08362e-05
7.56506e-06
6.24219e-06
3.43053e-06
5.22926e-06
4.21088e-06
1.07081e-05
8.86617e-06
5.98292e-06
5.71192e-06
1.6128e-05
4.45574e-05
4.0075e-05
8.71801e-06
8.74143e-06
2.13749e-05
2.38413e-05
3.42059e-05
2.16235e-06
7.53366e-07
3.4274e-06
1.51468e-06
2.62263e-05
3.05197e-05
2.60243e-06
1.35734e-06
6.12962e-05
4.80654e-05
1.91731e-06
2.67496e-06
2.64786e-05
6.50909e-06
4.91809e-06
3.5822e-06
2.02189e-06
5.64852e-06
9.71305e-06
8.27323e-06
6.2636e-06
6.63334e-06
2.27591e-05
1.55362e-05
3.61736e-06
1.39873e-05
5.74667e-06
5.44162e-06
1.16414e-05
2.72616e-06
1.5686e-06
3.70061e-06
5.65609e-06
6.14334e-06
1.21917e-05
3.26383e-06
1.74207e-05
5.25934e-06
5.25367e-06
2.42997e-06
1.64841e-06
5.93996e-06
5.30971e-07
3.10275e-06
8.81343e-06
9.44191e-06
6.81795e-06
6.8527e-07
1.29523e-05
2.49494e-05
5.94571e-06
4.37165e-06
5.5195e-05
1.51598e-05
1.64853e-06
2.63669e-06
1.97739e-06
6.86692e-08
1.11958e-05
2.9028e-05
9.05262e-06
2.57297e-06
1.38864e-05
6.39121e-06
4.50358e-06
3.58604e-06
3.9404e-06
3.95417e-06
7.27157e-06
1.70822e-06
4.09703e-06
2.98996e-06
1.07898e-06
1.61227e-06
1.71677e-06
3.22515e-06
7.67656e-06
2.78786e-05
1.50667e-05
4.41377e-06
2.07054e-06
7.32647e-07
3.77756e-06
1.34594e-06
8.26825e-06
9.27998e-06
4.8302e-06
4.5537e-06
4.44883e-06
2.26457e-05
1.37229e-05
1.02281e-05
4.45906e-05
4.45489e-05
9.68612e-06
1.35596e-06
2.84247e-06
1.63951e-06
1.33355e-06
1.97191e-05
2.65891e-05
5.69873e-06
3.03987e-06
3.73883e-06
1.986e-06
2.52065e-06
8.32804e-06
9.64357e-06
2.5843e-05
1.2787e-06
9.18273e-06
3.86016e-06
2.17248e-06
2.00773e-06
1.04285e-06
3.80759e-07
2.7831e-06
3.50787e-06
3.6884e-05
1.80671e-05
3.0165e-06
5.91394e-06
3.51018e-06
3.38874e-06
5.59261e-06
1.18218e-05
8.527e-06
4.82258e-06
6.08998e-06
2.6266e-05
8.09558e-06
4.03959e-06
4.77369e-06
2.57752e-05
6.90376e-06
1.24591e-06
8.59698e-06
2.37986e-05
1.78604e-05
3.83713e-05
4.15312e-05
1.50378e-05
3.94502e-06
2.38611e-06
6.99027e-07
9.31295e-07
3.64795e-06
4.33675e-05
3.22432e-05
2.87362e-06
2.50313e-06
5.54377e-06
5.40372e-06
3.66991e-06
5.06284e-07
1.45916e-06
1.31124e-06
1.25967e-06
3.06817e-06
2.03864e-05
4.68305e-06
1.36371e-05
6.56288e-05
5.75852e-05
1.29513e-05
4.01647e-06
4.79212e-06
1.28861e-06
8.25936e-06
2.402e-05
1.63684e-05
1.76871e-06
4.44945e-06
7.56454e-05
6.59685e-05
1.81051e-05
5.35054e-06
7.16028e-06
3.98103e-06
1.10719e-05
3.26143e-05
1.60399e-05
4.36609e-06
2.43189e-06
1.87797e-06
6.00683e-07
2.15808e-06
1.72541e-05
7.3767e-06
2.55466e-05
3.1735e-05
5.23599e-05
5.38925e-05
3.32414e-05
2.7161e-06
2.172e-06
5.54673e-06
2.26953e-06
3.61146e-06
3.21513e-06
3.19334e-06
8.37807e-06
3.39225e-05
5.21403e-05
1.13278e-05
3.2186e-06
1.05723e-06
8.32566e-07
2.93156e-06
2.7874e-05
1.6981e-05
8.82375e-06
1.64641e-06
2.64319e-05
8.69654e-05
6.0537e-05
4.69888e-06
1.22574e-06
6.31707e-07
2.95369e-06
1.80972e-05
2.06808e-05
3.57732e-06
3.59952e-06
5.2174e-06
5.24231e-06
2.24925e-06
4.64965e-07
1.49472e-06
6.84859e-06
4.17305e-05
6.18133e-05
5.38517e-05
1.40651e-05
3.05266e-06
2.23649e-07
3.97284e-06
7.93344e-06
6.4783e-06
5.30511e-06
6.83884e-07
7.42269e-06
6.07655e-06
1.30314e-05
1.61462e-05
5.57295e-06
3.57231e-06
2.53966e-06
1.26151e-05
3.72063e-05
4.96547e-05
1.06684e-05
3.22423e-06
9.19712e-07
2.91823e-05
4.44219e-05
2.72958e-05
1.79828e-05
9.50012e-06
4.46452e-06
4.86587e-06
1.06433e-05
2.28829e-05
2.31384e-06
3.13026e-06
2.27356e-06
4.74834e-06
4.05448e-06
4.66808e-06
4.07006e-06
3.54736e-06
5.75687e-06
1.31316e-05
1.56337e-05
3.8587e-06
1.41272e-06
2.44683e-06
2.55154e-06
3.41972e-06
7.4399e-06
5.39214e-06
1.02013e-06
1.53528e-06
2.01906e-06
7.50912e-06
3.87881e-06
5.36252e-06
5.7238e-06
4.11656e-06
1.51036e-05
5.94528e-05
5.91814e-05
2.18671e-05
2.01705e-06
6.09127e-06
8.26625e-06
1.27194e-05
3.06373e-05
2.71699e-05
8.93777e-06
3.91283e-06
4.6071e-06
1.6285e-05
1.75192e-05
5.65001e-06
4.10097e-06
4.08225e-06
4.63518e-06
3.41967e-06
2.78364e-06
9.14781e-06
1.37224e-05
2.92373e-05
3.95141e-05
4.31059e-05
3.62283e-05
4.7981e-06
3.08927e-06
5.02082e-06
1.34489e-05
1.90506e-05
7.74926e-06
1.13044e-06
1.8964e-06
7.17694e-06
2.37021e-05
2.5502e-06
6.4131e-06
6.59407e-06
3.9275e-06
1.86947e-06
1.13781e-05
2.85412e-05
1.58653e-05
3.09293e-06
1.88894e-06
3.62636e-06
1.40712e-05
2.14323e-05
1.82944e-05
4.4822e-06
1.85811e-06
2.88712e-06
3.97418e-06
4.28996e-06
2.74444e-06
3.67928e-06
3.98095e-06
2.06377e-05
2.83241e-05
1.82985e-05
2.47944e-06
1.82706e-06
1.58432e-06
8.77935e-07
3.77059e-05
4.99343e-05
9.18908e-06
4.32798e-07
7.36245e-06
1.23279e-05
4.51698e-06
5.72384e-06
1.83248e-05
7.60789e-07
1.87868e-05
3.15232e-05
2.00784e-06
2.54293e-06
3.66131e-06
3.71686e-06
4.71768e-06
4.63447e-06
2.81027e-06
4.04181e-06
6.49548e-06
8.29364e-06
1.34967e-05
6.01616e-06
4.72119e-06
1.09918e-05
1.00937e-05
2.46279e-06
3.22106e-07
7.4246e-06
5.67515e-06
3.62512e-06
1.29599e-05
8.44507e-07
9.39231e-06
2.71361e-05
4.68121e-05
3.92037e-05
7.70853e-06
4.15791e-06
3.37822e-06
2.44681e-06
8.33443e-06
6.23365e-06
2.18849e-06
3.82206e-06
6.19235e-06
4.66131e-06
3.49285e-06
1.6782e-06
2.67481e-06
2.59884e-06
2.16883e-06
8.67483e-07
1.06244e-06
1.735e-06
1.97073e-06
2.7604e-06
3.09997e-06
2.86768e-06
1.97516e-05
3.74845e-05
3.24487e-05
2.7134e-05
3.15908e-05
2.80633e-05
1.72222e-05
6.49522e-06
1.55167e-08
1.86827e-06
3.76806e-05
4.22891e-05
2.34976e-05
3.29258e-06
2.48707e-06
1.84985e-06
1.78279e-06
1.49828e-05
2.29745e-05
5.52398e-06
2.54132e-06
4.3543e-06
4.39284e-06
1.60054e-06
1.63773e-06
8.40255e-06
5.30247e-06
1.02501e-06
3.80466e-06
5.71124e-06
5.89681e-06
4.28216e-06
5.07487e-06
4.39283e-06
6.66695e-06
8.7212e-06
7.24571e-06
6.17212e-06
5.71179e-06
4.16536e-06
1.65058e-06
3.43831e-06
1.74728e-05
2.79132e-05
3.82769e-05
4.48494e-05
4.4506e-05
2.1596e-05
2.34806e-06
6.90109e-07
2.47937e-06
2.62217e-06
3.57267e-06
4.38236e-08
3.71249e-08
1.04732e-08
5.25077e-10
1.43353e-09
4.61308e-09
6.5826e-09
8.05978e-09
1.48611e-08
1.74956e-08
3.94378e-09
4.78308e-11
6.03875e-10
2.29205e-09
1.71302e-09
1.10233e-09
7.54963e-10
1.08964e-10
4.30863e-12
1.45523e-11
4.19593e-11
1.04649e-09
1.09002e-09
1.51518e-10
2.20228e-10
7.50969e-09
2.76085e-08
2.27385e-08
9.77754e-09
2.61232e-08
5.20407e-08
2.86941e-08
2.5373e-08
5.60375e-08
1.45095e-07
1.2517e-07
2.63016e-08
1.59464e-09
1.67567e-08
3.9816e-08
3.43733e-07
1.71365e-07
3.12561e-08
1.41369e-08
4.79659e-08
7.78247e-08
7.57138e-08
8.0478e-08
1.1199e-07
8.18471e-08
1.58305e-08
8.16111e-11
3.89907e-09
1.8545e-08
3.19309e-08
1.67484e-08
5.1139e-09
1.95579e-09
1.0941e-09
1.22335e-09
3.64536e-09
2.26e-09
4.24568e-10
1.13143e-09
1.47046e-08
8.35155e-08
1.33283e-07
7.70524e-08
6.15004e-08
2.28695e-07
4.48929e-07
3.87436e-07
4.62404e-07
7.23972e-07
1.06918e-06
7.38177e-07
1.46113e-07
7.47486e-09
8.00627e-08
3.2906e-07
6.19808e-07
3.80461e-07
9.48043e-08
6.02219e-08
1.64961e-07
2.64807e-07
2.40011e-07
2.241e-07
3.13716e-07
2.45152e-07
5.80524e-08
1.89303e-09
1.53665e-08
3.69731e-08
6.76522e-08
7.73096e-08
2.71876e-08
8.83638e-09
3.89397e-09
1.00262e-08
5.6273e-08
8.08516e-08
1.02655e-08
1.11418e-08
3.8804e-08
2.51731e-07
3.90679e-07
1.41267e-07
5.64685e-08
3.86696e-07
9.43073e-07
8.02168e-07
8.13648e-07
1.48241e-06
3.30625e-06
4.31158e-06
2.34673e-06
8.07155e-07
2.55886e-08
1.48237e-07
3.40266e-07
7.13181e-07
2.75941e-07
9.80472e-08
1.69869e-07
3.4048e-07
4.18994e-07
4.10106e-07
6.12117e-07
6.52095e-07
2.23861e-07
2.10852e-08
2.49614e-08
7.51414e-08
5.38386e-08
7.15075e-08
1.25901e-07
4.90702e-08
1.35852e-08
1.66675e-08
9.24205e-08
4.04877e-07
3.72275e-07
7.41642e-08
4.96135e-08
3.18051e-07
1.01371e-06
3.88715e-07
6.12499e-08
3.00131e-07
1.27033e-06
1.05415e-06
7.01075e-07
1.05688e-06
1.78464e-06
1.76025e-06
1.42179e-06
2.46938e-06
3.31346e-06
1.52689e-07
6.16803e-08
9.54062e-07
4.84121e-07
3.08486e-07
2.20854e-07
3.2016e-07
4.6676e-07
5.39892e-07
9.24167e-07
1.91349e-06
1.54883e-06
1.95591e-07
2.4947e-08
8.40631e-08
9.42062e-08
3.237e-08
9.21233e-07
5.40432e-06
1.49649e-06
4.19367e-08
1.16073e-07
4.76556e-07
1.2868e-06
1.07418e-06
2.00976e-07
1.29102e-07
1.34072e-06
1.63741e-06
2.52316e-07
1.51997e-07
2.56943e-07
1.52442e-07
1.78648e-07
1.95637e-06
4.92669e-07
2.19869e-07
2.28757e-07
7.87851e-07
1.04654e-05
6.58966e-06
1.58962e-06
4.0678e-07
8.54906e-07
9.80611e-07
1.28943e-06
6.21749e-07
6.04039e-07
5.49006e-07
5.33605e-07
1.28937e-06
6.80024e-06
7.53773e-06
9.48154e-07
6.60821e-08
1.47063e-07
7.3743e-08
4.13485e-07
5.60403e-06
7.04289e-06
5.88298e-06
3.9158e-07
7.28801e-07
1.11698e-06
3.13272e-06
1.93105e-06
2.35492e-07
1.50827e-07
1.96008e-06
1.27867e-06
6.45603e-07
3.71624e-07
4.76089e-07
5.90825e-07
1.31755e-06
9.39836e-07
8.79158e-08
2.4962e-07
4.55908e-07
9.37827e-06
2.49161e-05
5.06985e-06
9.26044e-08
9.95475e-07
4.97476e-07
9.76228e-06
5.82381e-06
1.02812e-06
8.72366e-07
5.32757e-07
3.15731e-07
1.72962e-06
8.64251e-06
4.97316e-06
9.38976e-06
2.21188e-07
1.76443e-07
2.14825e-07
1.8783e-06
3.93386e-06
7.98549e-06
8.75211e-06
2.92233e-06
1.53843e-06
1.54989e-06
6.27188e-06
1.0592e-06
2.3206e-07
2.95461e-07
3.31147e-06
3.81379e-06
8.56831e-07
5.39111e-08
9.15733e-08
5.93633e-07
4.75957e-06
8.22329e-06
8.68119e-07
1.50015e-06
1.43501e-06
1.16298e-05
1.17725e-05
3.37022e-07
1.82836e-06
6.62584e-07
2.31511e-05
3.03168e-05
2.77946e-05
1.16518e-05
2.8349e-06
8.8082e-07
1.59965e-06
2.48551e-06
1.30413e-06
3.92439e-06
9.64947e-06
9.78597e-07
6.58648e-07
1.63575e-06
2.53001e-06
1.26416e-06
1.12623e-06
6.77147e-06
7.14941e-06
1.76905e-06
2.15765e-06
3.89704e-06
1.02446e-06
3.10652e-07
9.09539e-07
2.0549e-05
3.34978e-06
1.2315e-07
3.9109e-08
1.13923e-06
1.95962e-05
5.75927e-05
1.6611e-05
3.78086e-06
3.51156e-06
2.89009e-06
5.22944e-06
4.65882e-06
3.50973e-06
6.68389e-06
1.30346e-05
2.24123e-05
2.49455e-05
3.27389e-05
3.54766e-05
2.01609e-05
3.44687e-06
2.33401e-06
1.58534e-06
1.68546e-06
9.94698e-06
2.2592e-05
1.01893e-05
1.90216e-06
2.06473e-06
3.31867e-06
5.1969e-06
9.96663e-06
5.74335e-06
6.63851e-06
1.43646e-06
1.65184e-06
1.17209e-06
5.89277e-06
1.54568e-07
5.09048e-06
1.61026e-05
1.63479e-06
3.16251e-07
1.14966e-06
8.10962e-06
7.24226e-05
1.70376e-05
5.94141e-06
7.69719e-06
9.36587e-06
1.59819e-06
8.08963e-06
7.46588e-06
3.18955e-06
2.11e-06
1.60633e-07
1.04955e-05
3.5246e-05
4.03666e-05
4.13234e-05
3.50473e-05
5.63206e-06
1.19761e-06
6.59185e-06
1.80508e-07
3.43777e-05
4.20424e-05
5.78939e-06
6.77995e-06
7.98335e-06
3.96396e-06
2.64397e-06
5.95284e-06
1.10291e-05
3.73709e-06
6.46746e-07
1.37971e-06
2.2072e-06
7.93859e-06
5.47605e-07
9.65032e-06
7.83868e-06
1.18126e-05
2.36878e-06
6.68992e-06
8.53699e-06
5.01763e-05
1.8575e-05
7.5836e-06
1.46068e-05
1.16636e-05
6.08519e-06
1.1846e-05
3.65068e-06
3.12125e-06
2.15308e-06
5.91613e-07
9.14821e-07
3.3814e-05
4.83271e-05
4.76126e-05
2.19093e-05
1.37931e-06
9.27345e-06
5.08393e-06
1.17439e-05
4.09103e-05
1.83981e-05
5.19724e-06
7.80962e-06
3.77007e-05
2.38547e-05
1.0547e-06
6.4172e-06
1.65928e-05
6.05222e-07
1.07919e-06
1.05721e-05
1.91553e-06
4.07151e-06
4.94309e-06
5.47231e-06
2.61905e-05
3.31251e-05
8.42266e-06
4.43862e-06
6.12324e-06
2.5992e-05
5.50424e-06
1.6528e-05
7.4406e-06
9.19989e-06
1.34046e-05
7.17938e-06
9.05017e-06
6.0411e-06
4.3684e-06
1.25432e-06
1.23885e-05
4.55534e-05
3.6307e-05
3.6449e-05
3.4751e-06
3.69898e-06
7.61476e-07
4.13336e-06
6.2256e-06
5.26068e-06
2.37463e-06
1.88385e-06
2.76795e-06
3.71358e-06
8.92893e-06
8.3253e-06
6.5976e-06
5.36656e-06
3.64087e-06
3.31095e-05
2.71177e-05
1.32236e-05
1.69582e-05
4.56017e-06
7.21274e-06
3.15997e-05
2.52835e-06
5.45257e-06
2.36449e-06
8.49722e-06
6.93747e-06
6.89388e-06
8.3155e-06
2.17764e-06
2.26547e-06
3.6371e-06
4.97857e-06
1.33507e-05
5.60292e-06
2.55627e-06
7.35841e-06
2.99827e-05
3.23016e-05
2.22375e-05
1.14483e-05
1.35533e-06
9.28244e-07
3.73099e-06
1.99858e-06
1.30733e-06
3.45304e-06
3.31954e-06
5.41567e-06
8.20492e-06
9.74726e-06
3.72263e-06
3.21209e-06
4.06799e-06
5.81532e-06
2.15856e-05
5.93779e-05
5.87544e-05
3.99579e-05
1.12704e-05
7.36922e-06
3.90705e-05
4.7193e-06
4.62595e-06
3.05807e-06
4.40668e-06
6.75842e-06
9.88661e-06
2.43807e-06
5.46534e-06
5.55322e-06
3.53226e-06
6.78925e-06
2.46365e-05
3.71594e-05
7.68435e-07
7.47157e-07
9.56806e-06
5.01928e-06
8.6527e-06
7.8224e-06
2.66734e-06
2.38867e-06
5.3993e-06
4.85853e-06
2.16404e-06
7.60125e-06
7.75236e-06
5.85938e-06
4.20352e-06
5.97135e-06
1.47063e-06
2.05834e-05
1.70903e-05
3.28381e-06
4.74269e-06
4.16719e-05
7.05988e-05
7.33254e-05
5.36946e-05
3.46267e-06
3.30193e-05
1.97604e-05
3.77668e-06
4.65986e-06
2.56655e-06
5.93472e-06
1.11633e-05
7.05074e-06
5.30158e-06
2.14349e-06
3.06284e-06
4.69594e-06
7.32549e-06
1.07826e-05
5.92584e-06
9.26463e-07
3.88179e-06
4.69437e-06
1.27775e-06
2.78335e-06
2.55307e-06
9.80685e-06
9.66687e-06
2.58827e-06
6.30247e-07
2.05639e-05
1.03034e-05
1.21551e-05
9.72784e-06
1.05435e-05
5.45948e-06
2.1728e-06
4.67841e-06
1.20591e-05
3.99283e-06
6.02735e-06
1.45914e-05
5.20669e-05
6.18569e-05
1.34192e-05
1.02477e-05
2.03305e-05
5.61204e-06
7.74738e-06
6.0306e-06
6.4426e-06
1.52525e-05
2.1399e-05
9.33507e-06
1.44614e-06
1.03311e-05
9.76687e-06
1.27856e-05
1.40877e-05
1.588e-05
7.09216e-06
2.07429e-06
3.33422e-07
2.89828e-06
5.44673e-06
3.40098e-06
2.81929e-06
6.50798e-05
5.75544e-06
1.23803e-06
4.87231e-06
4.58038e-06
5.79709e-06
1.89722e-05
6.25423e-06
6.64291e-06
9.72933e-06
1.72982e-05
1.71971e-05
2.13683e-06
1.14218e-06
5.78793e-06
3.90122e-06
7.17771e-06
3.44422e-06
7.17841e-06
5.08623e-05
5.11488e-05
3.56092e-07
5.12504e-06
1.15532e-05
2.34708e-05
2.53678e-05
7.01326e-06
1.76433e-05
3.21723e-05
6.75396e-06
2.21273e-05
2.85553e-05
2.11858e-05
2.88068e-05
4.71338e-05
8.15677e-06
1.67429e-06
6.55535e-06
1.25233e-05
6.30231e-06
1.44055e-06
4.53971e-05
3.1475e-06
8.85611e-07
8.6224e-06
7.2581e-06
1.31662e-05
8.59918e-06
5.49773e-06
4.38984e-06
1.56664e-05
9.93934e-06
8.75058e-06
1.05229e-07
3.04871e-05
1.41443e-05
1.50386e-05
1.09398e-05
3.93242e-06
3.195e-05
5.43852e-05
3.65796e-05
1.83242e-06
7.2186e-06
2.47786e-05
2.62856e-05
1.00471e-05
3.17067e-06
8.7827e-07
1.23578e-05
1.71631e-06
2.40297e-06
1.24164e-05
2.54748e-05
2.55347e-05
7.61523e-06
2.40657e-06
4.67439e-06
6.95356e-06
1.16739e-05
1.58612e-05
1.59724e-05
7.10778e-06
1.92144e-06
7.2552e-06
7.86463e-06
6.96344e-06
1.52945e-05
1.1039e-05
6.08757e-06
3.36803e-05
3.14222e-05
7.72564e-06
1.07177e-05
1.27443e-05
1.40212e-05
3.57805e-05
3.53408e-05
9.01617e-06
2.77524e-06
1.86794e-05
1.07239e-05
7.22556e-06
2.36224e-06
1.35166e-05
3.02992e-06
3.1093e-06
4.16799e-06
3.81639e-06
6.18234e-07
1.11584e-07
8.14812e-07
3.53715e-07
8.93988e-06
4.24636e-05
1.14862e-05
5.73368e-07
3.69178e-06
4.11663e-06
1.58476e-05
4.09339e-05
3.07943e-05
5.82371e-06
1.95296e-06
1.08059e-05
3.15609e-05
1.18854e-05
1.65039e-05
1.29461e-05
1.00133e-05
1.15522e-05
8.04228e-06
1.03691e-05
9.92575e-06
6.47454e-06
6.46837e-06
7.80977e-06
1.01742e-05
1.14897e-05
5.72266e-06
1.9006e-06
3.11525e-05
3.82714e-05
1.25037e-05
8.82273e-07
2.81764e-06
1.50826e-06
3.0985e-07
4.62369e-07
1.46182e-06
1.32502e-06
2.97047e-06
3.30877e-06
4.67888e-06
4.43765e-05
6.18982e-05
1.94876e-05
3.67668e-06
3.65309e-06
7.37379e-06
3.01775e-05
2.32558e-05
4.13015e-06
4.49357e-06
1.17018e-05
1.1949e-05
1.05183e-05
3.42135e-05
2.7518e-05
1.14815e-05
1.48642e-06
1.05149e-06
3.89261e-06
5.56808e-06
4.78984e-06
3.47894e-06
4.23876e-06
5.4898e-06
5.32978e-06
1.02722e-05
1.06055e-05
3.73709e-06
2.6492e-05
4.97492e-05
1.78549e-05
5.49057e-06
3.17005e-06
1.97108e-06
5.17486e-06
6.92532e-06
1.03402e-05
2.52846e-05
1.84583e-05
2.95369e-06
1.50732e-06
4.08985e-05
4.04395e-05
9.94796e-06
3.22887e-06
5.46243e-06
8.62995e-06
1.25723e-05
1.43033e-06
3.37375e-06
4.05865e-06
3.85596e-06
4.20591e-06
2.96348e-05
4.14342e-05
1.89994e-05
9.14558e-06
5.21566e-06
9.53932e-06
2.11983e-05
2.54586e-05
1.23404e-05
5.90507e-07
3.00697e-06
8.84592e-06
1.7403e-05
3.17583e-05
2.10064e-05
2.13594e-06
3.35765e-06
1.03276e-05
3.35638e-05
9.7163e-06
1.43849e-06
1.53196e-05
3.32374e-05
4.84858e-05
5.99534e-05
5.94394e-05
3.50071e-05
2.50609e-06
8.69633e-06
2.80627e-05
1.78044e-05
6.75007e-06
2.07716e-06
3.68671e-06
5.73026e-06
5.37141e-07
5.23614e-06
4.71484e-06
4.74907e-06
4.95343e-06
4.91502e-06
3.25796e-06
3.24751e-06
4.5814e-06
3.98993e-06
1.28297e-06
1.45928e-06
1.33293e-05
2.45213e-05
2.08832e-05
9.23572e-06
5.05907e-06
5.91846e-06
8.58019e-06
1.58328e-05
1.71332e-06
5.58137e-06
3.36099e-05
4.15929e-05
4.57033e-05
3.70188e-05
1.80192e-06
9.86773e-07
7.94228e-07
3.54719e-07
4.6108e-05
4.34167e-05
2.13816e-06
1.50253e-06
1.26233e-05
2.24712e-05
6.67518e-06
1.1478e-06
1.34037e-06
2.05914e-06
1.69778e-06
2.39446e-06
2.11046e-06
2.35751e-06
2.56421e-06
3.83497e-06
4.38401e-06
5.17686e-06
4.55513e-06
3.72261e-06
3.83586e-06
5.64749e-06
5.63616e-06
2.44314e-06
6.05128e-06
5.62059e-06
4.3555e-06
2.90934e-06
1.59458e-06
1.31948e-06
2.17544e-05
7.96382e-06
2.37881e-05
2.94257e-06
8.34811e-07
1.38895e-05
1.70008e-05
4.23445e-06
5.72584e-06
6.98351e-06
4.72688e-06
3.31478e-06
7.66705e-06
8.91695e-06
6.57298e-06
1.14132e-05
1.72e-05
1.69354e-05
1.12749e-05
9.30148e-06
1.91197e-06
1.16082e-06
1.74448e-06
2.23064e-06
2.8184e-06
2.00995e-06
7.84573e-07
1.00544e-06
2.34348e-06
2.81657e-06
4.3788e-06
5.81873e-06
6.89486e-06
1.70807e-05
3.09656e-05
3.5718e-05
3.7189e-05
3.06799e-05
2.10864e-06
1.4674e-06
2.97604e-05
4.39308e-05
5.87695e-06
2.90273e-06
3.31114e-06
1.87107e-06
1.90463e-06
2.30923e-05
2.66035e-05
4.66204e-06
1.40344e-06
1.69293e-06
3.59765e-06
2.9589e-06
5.23209e-06
1.22821e-05
2.11836e-06
1.67294e-06
4.17534e-06
9.16557e-06
7.66962e-06
2.48916e-06
1.83907e-06
6.56835e-07
1.03891e-06
2.34931e-06
3.92982e-06
4.6981e-06
3.42665e-06
1.03398e-06
6.70659e-07
2.78737e-06
1.90864e-06
3.68297e-06
2.12197e-05
3.89529e-05
5.36917e-05
5.82439e-05
4.20283e-05
6.92963e-06
2.68175e-06
5.44152e-06
3.73697e-06
1.09932e-07
7.35228e-08
4.71377e-09
4.86203e-10
2.89388e-09
3.23909e-09
9.40464e-10
1.20343e-10
6.01963e-10
4.37035e-09
2.26912e-08
2.1594e-08
7.18016e-09
1.99337e-09
1.52364e-09
5.7252e-10
2.7084e-10
5.35e-10
4.32401e-10
2.33791e-10
3.67547e-11
1.11383e-11
2.10902e-10
6.6305e-10
5.22833e-10
2.33743e-09
8.67748e-09
3.01934e-09
3.9705e-12
2.53817e-09
8.67876e-09
5.14596e-09
8.71098e-10
7.49357e-11
1.27656e-11
3.45461e-11
3.16584e-10
1.16791e-09
6.73042e-09
3.44948e-08
4.08617e-07
4.12349e-07
3.54408e-08
1.34284e-08
1.88674e-08
2.42447e-08
1.60677e-08
1.05907e-08
3.7181e-08
1.68466e-07
3.22558e-07
2.63225e-07
1.58918e-07
1.09752e-07
7.42621e-08
2.84373e-08
7.47965e-09
3.03352e-09
1.46442e-09
1.22828e-09
1.60611e-09
4.71478e-09
6.56279e-09
5.72393e-09
2.72556e-09
1.02968e-08
2.22032e-08
6.73699e-09
1.68429e-09
1.46611e-08
5.23394e-08
5.77043e-08
2.11633e-08
3.99189e-09
8.41521e-10
4.44655e-10
1.32881e-08
4.9961e-08
5.71503e-08
1.23502e-07
6.3277e-07
7.75532e-07
8.65946e-08
7.05536e-08
1.69901e-07
2.7754e-07
2.26599e-07
1.35566e-07
2.20093e-07
6.76811e-07
1.12478e-06
9.04645e-07
6.46478e-07
6.7597e-07
8.66107e-07
6.06749e-07
1.77981e-07
2.90824e-08
2.15464e-09
8.25533e-10
1.40287e-09
9.6721e-08
2.60636e-07
5.6591e-08
8.27389e-09
7.67996e-09
2.1079e-08
2.81372e-08
9.79353e-08
1.36798e-07
1.63791e-07
1.63857e-07
9.04811e-08
4.84831e-08
6.82243e-08
1.19135e-07
3.01654e-07
1.37252e-06
4.03286e-07
3.72256e-07
1.5649e-06
1.52973e-06
1.7579e-07
2.73961e-07
1.14338e-06
1.95161e-06
1.7216e-06
9.27716e-07
7.7381e-07
1.4554e-06
2.2737e-06
1.49261e-06
8.05415e-07
9.96308e-07
1.52804e-06
2.05298e-06
1.81284e-06
6.33403e-07
7.57118e-08
4.78039e-09
3.78797e-08
1.80564e-08
3.6654e-06
3.9954e-06
1.7875e-07
2.06218e-08
8.10826e-08
2.003e-07
1.16348e-06
2.26043e-06
1.7824e-06
1.11779e-06
2.1392e-07
8.45244e-08
9.83489e-07
4.04694e-06
7.20647e-07
2.99716e-06
2.01552e-06
1.29486e-06
3.37476e-06
2.89484e-06
6.24212e-07
3.60358e-07
2.89902e-06
5.42898e-06
5.94801e-06
3.78859e-06
2.23753e-06
2.49693e-06
3.12512e-06
1.43778e-06
3.75384e-07
3.23379e-07
9.75968e-07
1.42561e-06
1.26116e-06
1.30113e-06
8.38752e-07
2.80732e-07
4.31161e-08
1.17024e-07
7.1206e-08
1.14537e-05
1.04662e-05
2.18539e-07
1.8025e-07
3.6061e-07
1.00275e-06
6.8064e-06
1.1268e-05
1.27193e-05
4.29221e-06
4.45635e-07
3.53626e-06
6.50998e-06
4.59991e-06
9.45852e-06
2.10667e-06
4.56017e-06
6.61268e-07
4.86193e-06
2.13622e-06
1.44612e-07
3.01366e-06
6.60032e-06
8.79359e-06
7.10451e-06
4.03109e-06
3.31039e-06
3.9859e-06
1.61544e-06
1.62599e-07
6.15552e-08
4.13554e-08
5.57471e-07
1.23618e-06
1.72091e-06
1.29862e-06
1.02631e-06
8.06869e-07
1.62539e-07
1.38063e-07
3.01598e-07
4.09384e-06
1.09877e-05
3.51134e-07
3.91257e-07
3.09706e-07
5.93448e-06
1.14667e-05
1.45631e-05
1.4482e-05
9.92382e-06
9.62618e-06
7.71933e-06
6.68073e-06
4.73061e-06
6.88355e-06
1.58088e-06
7.73685e-06
5.15451e-06
5.03635e-06
4.24089e-06
2.14984e-06
6.91919e-06
9.90698e-06
6.87845e-06
2.82941e-06
1.77418e-06
2.92271e-06
2.27271e-06
1.17184e-07
4.11448e-07
6.46269e-07
1.91755e-07
5.05766e-07
2.71604e-06
1.00122e-05
6.72977e-06
3.40946e-06
2.06632e-06
3.6628e-07
2.22275e-07
7.78503e-07
3.91842e-06
6.37054e-06
4.44813e-07
4.68787e-07
1.62794e-06
1.54111e-05
1.76849e-05
1.54841e-05
1.10751e-05
9.40342e-06
9.4199e-06
1.4393e-05
1.33475e-05
7.88522e-06
5.77365e-06
2.8658e-06
8.09163e-06
6.01942e-06
6.7932e-06
8.23924e-06
6.29442e-06
2.67575e-06
8.61468e-06
1.51141e-06
3.63511e-07
7.54164e-07
1.86676e-06
3.83564e-07
2.63402e-06
5.43477e-06
3.51007e-06
1.55938e-06
1.70789e-06
3.25638e-06
1.40412e-06
1.54442e-06
6.01841e-06
5.27954e-06
4.72106e-07
3.16847e-07
4.78334e-06
7.16558e-06
1.18041e-06
9.47501e-07
6.94696e-07
9.46481e-07
1.30668e-06
1.33753e-05
1.56399e-05
4.20003e-06
3.53558e-06
1.11532e-05
1.63919e-05
1.08338e-05
1.05932e-05
9.00499e-06
4.26278e-05
2.77959e-06
7.61214e-07
1.66925e-06
4.33356e-06
4.79617e-06
9.80927e-07
4.02504e-06
6.75222e-07
1.08607e-06
2.09459e-06
2.11569e-06
6.12388e-06
7.85533e-06
8.96018e-06
1.68605e-05
1.4175e-05
1.42407e-06
3.26015e-07
3.38894e-06
5.63061e-06
6.84365e-06
5.47896e-06
1.20997e-07
5.56895e-07
6.27728e-06
4.59118e-06
2.89872e-06
1.68788e-06
7.20635e-07
4.2049e-07
4.82368e-09
2.0366e-06
4.09029e-06
3.08847e-05
2.13393e-05
6.49415e-06
1.31955e-05
1.45508e-05
2.69206e-05
4.85579e-05
1.5645e-06
1.19476e-07
3.08186e-07
1.88456e-06
2.74417e-06
2.95044e-06
5.53612e-07
6.0647e-06
1.17405e-05
3.88175e-06
1.73091e-06
4.73816e-06
6.80672e-06
5.01568e-06
2.69081e-05
2.79592e-05
7.7922e-06
7.36885e-07
2.35944e-06
4.51157e-06
2.51131e-06
7.00492e-07
1.57964e-06
4.56097e-08
1.3443e-06
1.04827e-06
2.21767e-06
1.89026e-06
2.49175e-06
3.68231e-06
1.49228e-06
2.01612e-07
1.84551e-06
1.04817e-05
1.26658e-05
4.34738e-06
1.14837e-05
1.5541e-05
7.10963e-06
3.99149e-05
1.0122e-06
7.73997e-06
2.21346e-07
1.48428e-06
2.6472e-06
2.66816e-06
2.06061e-06
1.89371e-05
3.54524e-05
3.18018e-06
1.76192e-07
1.66229e-06
5.42815e-06
6.14719e-06
5.46462e-06
2.46879e-05
5.922e-06
3.53566e-06
1.28824e-05
2.53386e-05
3.89341e-06
1.16344e-06
1.17969e-06
1.54699e-06
4.2012e-07
2.87508e-06
1.3367e-06
2.13747e-06
3.45391e-06
8.80451e-06
6.37499e-06
1.23679e-06
4.91338e-07
4.61739e-06
8.03485e-06
1.92683e-06
4.9098e-06
2.69931e-05
3.25394e-06
3.02968e-06
4.69987e-07
8.98559e-07
9.06497e-06
8.08103e-06
1.00056e-05
2.64545e-06
4.70527e-06
1.15499e-05
1.67459e-05
9.32928e-06
1.38935e-06
1.06065e-06
2.75285e-06
4.91155e-06
3.19133e-06
1.17733e-06
1.22703e-07
1.7365e-06
9.59473e-06
2.38704e-05
1.45033e-05
6.63288e-06
1.83384e-06
1.73692e-07
6.8504e-06
1.62854e-06
4.62205e-06
2.23813e-06
2.22712e-06
7.92899e-07
5.38606e-06
5.07251e-06
3.97248e-08
3.38191e-06
5.04907e-06
1.12401e-05
4.14589e-06
3.18441e-05
3.29953e-06
2.65391e-06
1.26511e-06
1.30771e-05
1.73989e-05
4.2065e-06
1.24501e-05
2.48857e-06
1.32292e-06
8.16827e-06
1.59294e-05
1.83839e-05
2.2657e-06
7.88882e-07
3.85988e-06
2.6639e-06
1.25696e-06
2.95516e-06
7.63143e-06
5.75539e-06
4.08978e-05
4.96984e-05
9.41608e-07
4.50768e-06
3.65617e-05
1.0827e-05
1.29126e-06
5.07806e-06
3.52316e-07
1.82498e-06
1.10135e-05
7.48992e-06
4.05131e-06
3.20823e-06
1.79398e-06
4.72145e-06
4.17076e-06
1.04782e-05
1.6538e-05
1.80147e-05
2.46169e-05
1.52986e-05
2.69792e-06
1.44244e-06
3.50969e-05
9.71321e-06
1.22383e-06
1.0824e-05
3.10257e-06
2.95369e-06
6.47489e-06
2.65471e-06
5.20913e-07
1.14684e-05
4.44676e-06
8.24736e-06
6.02906e-07
3.04786e-06
9.00324e-06
8.16131e-06
2.96205e-06
2.40109e-05
1.80503e-05
4.57265e-06
3.34225e-06
2.93675e-06
3.0535e-06
4.59226e-06
4.09272e-06
2.85834e-06
1.01772e-05
3.97099e-06
5.39738e-06
5.32986e-06
3.16661e-06
3.64728e-06
2.21128e-06
1.01147e-05
3.04944e-05
1.93405e-05
2.23101e-05
2.16505e-05
3.47771e-06
7.27645e-06
2.32811e-05
5.8994e-06
2.09602e-07
2.11772e-06
2.85582e-06
6.13959e-07
1.60136e-06
3.03136e-06
2.29908e-06
1.91071e-06
1.37062e-05
1.16905e-05
3.7119e-05
4.57111e-06
6.20213e-06
1.02036e-05
7.22794e-06
1.19619e-05
9.93695e-06
2.85375e-06
2.26474e-06
4.29355e-06
3.23694e-06
4.663e-06
7.42765e-07
4.46949e-06
1.82538e-05
7.12596e-06
4.78167e-06
5.33928e-06
4.69371e-06
1.95504e-06
4.18989e-06
1.7949e-05
5.54791e-05
2.99309e-05
1.69058e-05
7.75047e-06
2.57797e-06
1.00619e-05
3.66509e-05
3.80629e-05
2.5603e-06
1.07618e-05
9.14025e-06
1.13894e-06
8.10498e-07
1.9215e-06
6.50703e-06
5.9374e-06
1.89265e-06
6.42652e-05
5.92898e-05
2.27053e-05
1.17503e-06
4.00942e-06
4.93971e-06
6.6974e-06
1.45912e-05
3.24833e-06
2.54149e-06
2.1202e-05
6.82404e-06
1.55129e-05
9.58736e-06
6.78175e-06
2.12765e-06
1.03044e-05
2.6234e-06
3.32509e-06
3.66226e-06
1.26431e-05
7.3825e-06
4.43949e-06
4.64028e-05
4.45085e-05
8.78573e-06
3.8682e-06
1.97797e-06
2.65624e-05
4.00755e-05
3.97339e-05
5.23611e-06
3.92226e-07
2.31907e-06
1.25892e-06
6.03961e-06
2.90666e-05
5.64145e-06
8.40775e-06
5.20572e-06
1.9666e-05
5.1639e-05
1.81046e-05
6.23515e-07
2.23692e-06
7.50676e-06
1.10983e-05
2.20398e-05
3.94654e-06
4.78453e-06
1.20312e-05
1.81338e-06
5.3587e-06
5.67871e-06
4.84375e-06
5.93839e-06
3.65131e-06
1.78871e-06
2.11669e-06
5.47647e-06
8.43037e-06
6.21771e-06
3.77973e-06
5.74891e-06
1.18071e-05
1.95122e-05
3.86626e-06
4.58589e-06
5.55077e-06
1.57024e-05
1.82743e-05
3.45607e-06
1.97705e-06
4.7042e-06
1.11715e-05
1.2466e-05
2.56196e-05
1.53679e-05
4.89063e-07
3.69532e-07
1.15617e-05
3.03307e-05
1.7369e-05
1.90544e-06
2.88382e-06
5.04559e-06
4.46445e-06
7.21132e-06
1.00678e-05
9.0294e-06
5.45969e-06
9.14398e-07
1.00096e-05
2.0753e-05
7.63953e-06
4.11463e-06
6.01953e-06
1.40725e-06
2.65418e-06
5.59423e-06
3.69533e-06
3.03839e-06
8.45624e-06
1.09327e-06
1.74289e-06
9.2624e-06
4.05272e-06
1.65805e-05
9.22772e-06
3.12426e-06
1.38476e-05
8.26404e-06
7.77693e-06
9.65141e-06
9.33714e-06
2.22201e-05
6.8354e-06
3.15467e-06
6.60958e-06
1.10976e-06
4.37222e-06
2.39689e-05
3.82968e-05
8.72755e-06
2.49443e-06
2.7314e-06
3.45183e-06
3.28307e-06
3.65645e-05
1.10942e-05
8.20844e-06
1.03238e-05
8.69608e-06
8.20553e-06
8.78495e-06
5.91627e-06
5.68411e-06
4.91739e-06
5.29715e-06
4.81275e-06
6.16602e-06
8.27192e-07
7.6199e-06
1.56224e-05
2.81846e-06
3.64293e-06
4.39073e-06
6.99974e-06
6.83547e-06
3.50536e-06
2.7918e-06
7.45092e-06
5.25487e-06
3.99698e-06
7.82794e-07
3.06041e-05
1.86563e-05
1.38664e-06
2.53374e-06
2.80421e-06
6.64926e-06
2.09348e-05
2.70764e-05
8.70823e-06
1.0452e-05
9.61424e-06
4.5124e-06
3.41004e-06
2.92559e-05
5.67633e-05
6.20335e-05
4.18046e-05
1.17399e-05
8.50772e-06
1.35837e-05
1.01149e-05
2.01726e-06
6.05621e-06
5.78829e-06
3.17024e-06
1.84114e-07
7.52469e-06
6.56935e-06
9.82695e-07
1.89346e-06
2.52439e-06
1.34518e-06
2.95973e-06
5.5362e-06
4.38179e-06
2.76509e-06
2.1215e-05
2.95685e-05
6.17108e-06
4.56885e-06
1.01786e-05
3.65548e-05
4.86329e-06
3.06107e-06
3.09121e-06
1.36459e-05
2.51052e-05
1.0184e-05
2.46015e-06
3.47299e-06
3.37443e-06
4.54339e-06
2.96442e-06
3.74646e-06
3.78985e-05
6.29429e-05
7.04755e-05
6.12996e-05
4.10548e-05
2.08345e-05
1.03722e-05
9.04917e-06
6.83463e-06
4.9606e-06
1.83654e-05
2.69032e-05
3.08459e-05
9.34073e-06
5.25945e-06
2.92804e-06
6.91868e-06
4.91218e-06
1.86381e-06
6.75078e-07
1.5802e-06
1.59804e-05
4.58681e-05
5.27813e-05
3.93387e-05
1.16644e-05
5.81816e-06
8.49551e-06
8.33107e-06
7.46792e-06
4.67339e-06
2.8955e-06
2.0156e-06
2.23737e-06
5.83697e-06
6.68295e-06
5.71994e-06
4.79241e-06
4.6517e-06
3.74099e-06
4.50476e-06
3.98731e-06
3.36329e-06
4.06429e-06
5.58726e-06
5.34968e-06
7.24874e-06
1.79877e-05
3.03846e-05
2.73557e-05
1.46754e-05
1.07506e-05
1.71663e-05
3.19491e-06
2.54732e-06
3.6919e-06
5.31341e-06
7.14923e-06
5.2336e-06
2.03435e-06
3.40908e-06
4.77223e-06
1.65129e-06
1.71701e-05
1.01172e-05
4.02078e-06
1.43758e-06
2.97801e-06
6.33281e-06
6.78586e-06
8.58345e-06
4.3683e-06
3.8508e-06
3.79257e-06
6.32646e-06
1.0651e-06
2.83102e-06
2.97558e-06
2.97874e-06
3.01612e-06
1.38122e-06
3.39042e-06
4.878e-06
6.69173e-06
4.63604e-06
2.12932e-06
2.60967e-06
1.43295e-05
1.72608e-05
7.44683e-06
5.01657e-06
4.61306e-06
4.07076e-06
4.75425e-06
3.80648e-06
4.30672e-06
4.61999e-06
5.15049e-06
4.38857e-06
4.42171e-06
3.03805e-06
4.16718e-06
4.62556e-06
2.61544e-06
1.55669e-06
1.80022e-06
9.29606e-07
2.02378e-06
1.07418e-05
1.43006e-05
4.95002e-06
1.67594e-06
2.85723e-06
8.41584e-07
2.82323e-07
4.40363e-07
9.07323e-07
1.18826e-06
1.014e-06
8.09853e-07
5.76822e-07
8.69488e-08
9.59947e-07
1.45108e-06
5.20504e-06
1.3553e-05
2.22836e-05
2.64143e-05
2.55857e-05
1.35651e-05
3.00448e-06
4.01041e-06
3.32522e-06
1.19863e-06
1.13913e-05
5.63307e-06
3.74108e-06
3.90537e-06
2.57721e-06
1.56449e-06
1.6219e-05
3.86919e-05
3.08717e-05
2.13883e-05
1.4269e-05
4.53165e-06
1.27691e-06
6.32096e-06
1.99382e-05
5.15007e-06
1.66281e-06
4.06029e-07
6.8733e-06
1.53486e-05
5.59878e-06
2.26389e-06
7.30712e-07
1.80711e-06
3.02728e-06
3.69379e-06
5.18024e-06
6.26006e-06
6.79359e-06
2.82526e-06
1.13949e-06
2.01476e-06
2.72931e-06
1.39854e-06
2.73963e-07
2.03514e-05
4.34336e-05
3.36893e-05
1.22463e-05
4.55389e-06
1.79982e-06
4.01851e-06
1.388e-08
1.00791e-08
1.00584e-08
3.32584e-09
2.48794e-10
1.45682e-09
7.95437e-09
5.68187e-09
9.3503e-10
1.90306e-10
1.13047e-10
4.34551e-11
7.73727e-10
1.04343e-09
5.15116e-10
1.39771e-09
4.77292e-09
3.9693e-09
1.37755e-09
1.71539e-09
3.11394e-09
2.38795e-09
2.7698e-09
1.75217e-09
7.57137e-10
2.03252e-10
4.4658e-11
3.36388e-09
9.5287e-09
1.89601e-08
2.46637e-08
2.5495e-09
3.04822e-09
4.31035e-08
2.72742e-08
4.04276e-09
2.9758e-09
1.46841e-08
3.48155e-08
3.20546e-08
8.49242e-08
1.28805e-07
8.91387e-08
1.84859e-08
2.46247e-09
2.68277e-08
9.54717e-08
6.46541e-08
1.20807e-08
1.57102e-09
1.19883e-09
4.91881e-09
7.28873e-09
1.52154e-09
6.14973e-10
5.14645e-10
1.81502e-09
1.11678e-08
1.62562e-08
3.25394e-08
3.88748e-08
2.00586e-08
7.81659e-09
3.10668e-09
2.36222e-09
1.48101e-09
1.95113e-11
6.10492e-09
3.70441e-08
8.44982e-08
1.45905e-07
6.58346e-08
4.50958e-10
5.76358e-08
6.50812e-08
1.18892e-08
8.28462e-09
1.82004e-08
3.3751e-08
4.54559e-08
7.79383e-08
5.28334e-07
5.706e-07
2.27477e-07
3.30445e-08
2.93372e-08
3.26523e-07
3.0488e-07
5.82421e-08
1.29316e-08
3.01078e-08
2.017e-07
2.79982e-07
5.62661e-08
4.7573e-09
1.23278e-08
1.58319e-08
1.34128e-09
5.86247e-09
6.144e-08
2.21915e-07
2.61912e-07
5.66437e-08
1.24339e-09
4.00597e-10
4.83087e-09
4.05674e-09
3.25048e-09
4.00299e-09
2.80106e-08
1.71093e-07
2.37791e-07
2.14195e-08
4.51816e-09
4.6656e-08
6.45412e-08
8.17138e-08
1.02687e-07
7.12514e-08
3.56516e-08
2.45228e-08
6.2993e-07
3.0726e-06
2.40004e-06
1.21915e-06
1.3354e-07
1.6178e-07
5.60451e-07
1.23075e-07
7.50946e-08
5.17344e-07
2.96114e-06
9.06153e-06
4.98543e-06
3.65603e-07
1.54159e-08
2.39371e-08
2.86821e-08
1.57591e-08
2.02863e-08
1.383e-07
1.23247e-06
1.92184e-06
1.07288e-07
1.52922e-07
2.16795e-08
2.66788e-08
5.77346e-08
1.84563e-07
1.95026e-06
7.49926e-08
3.17586e-07
7.86209e-08
9.12394e-10
2.9449e-09
4.2762e-08
3.69252e-07
6.60623e-07
4.72083e-07
8.74034e-08
5.73541e-08
6.7927e-08
6.61146e-06
1.36909e-05
1.16447e-05
6.43001e-06
2.73771e-07
2.35022e-07
9.29066e-08
3.12874e-07
3.95283e-06
8.36711e-06
1.21245e-05
1.1963e-05
9.31342e-06
2.02416e-06
1.1979e-07
1.3353e-07
9.68731e-08
3.90686e-08
9.80748e-08
2.3452e-07
4.69851e-06
7.43994e-06
2.62112e-07
6.3543e-06
2.48015e-06
3.67934e-07
9.21275e-07
5.46177e-06
2.04911e-05
3.3474e-07
3.20483e-08
6.55345e-09
6.07218e-09
3.44044e-08
2.88929e-07
1.24598e-06
2.29367e-06
5.84385e-07
1.48473e-07
2.78354e-08
2.99398e-06
2.6028e-05
2.91553e-05
2.05766e-05
4.43379e-06
2.92898e-07
5.80071e-07
1.51864e-06
5.66009e-06
8.82771e-06
6.24815e-06
1.28514e-06
3.78478e-06
1.07275e-05
1.28638e-05
1.90262e-06
9.99574e-07
4.70785e-07
1.16124e-07
2.71023e-07
3.47699e-07
1.08019e-05
1.25421e-05
3.56824e-06
4.56938e-06
2.83917e-06
2.65463e-06
4.81714e-06
1.1645e-05
1.45595e-05
5.3117e-06
3.83498e-07
2.71059e-07
2.86987e-07
1.78197e-07
4.76738e-07
3.1226e-06
2.9138e-06
8.91375e-07
4.99097e-08
5.81526e-08
1.68142e-05
2.06748e-05
1.16438e-05
3.83424e-06
3.83887e-07
9.29109e-07
2.7819e-06
4.98242e-06
6.60932e-06
3.35911e-06
4.87469e-07
3.3917e-07
4.29751e-07
1.57459e-05
3.15787e-05
6.97404e-06
3.63468e-06
1.39929e-06
2.312e-07
3.2366e-07
1.14807e-06
1.11209e-05
1.20507e-05
1.42205e-06
8.47366e-06
3.90785e-06
5.54333e-06
9.86031e-06
1.22013e-05
1.52032e-05
1.78609e-05
1.29771e-05
2.69841e-06
8.71492e-07
4.20761e-08
5.07972e-06
8.37424e-06
1.17715e-05
1.29529e-07
1.15698e-07
8.96202e-08
1.29848e-06
2.89121e-06
1.46685e-06
9.20227e-07
1.32466e-06
3.36983e-06
7.31977e-06
3.74592e-06
2.75574e-06
1.11596e-06
4.7495e-07
1.57581e-06
1.31068e-06
2.22145e-05
3.55826e-05
1.3279e-05
5.61242e-06
1.14585e-06
1.6439e-06
1.71449e-06
2.83585e-06
7.39476e-06
7.0791e-06
1.43001e-06
1.18964e-05
4.24489e-06
6.11037e-06
1.45561e-05
1.90742e-05
1.65626e-05
1.78548e-05
1.33523e-05
6.86242e-06
2.26246e-06
1.19913e-05
1.1858e-05
2.18849e-05
2.03863e-06
5.91484e-08
1.11153e-06
8.80958e-06
5.60618e-06
1.3973e-06
1.89123e-06
3.69223e-06
3.90767e-06
2.61844e-06
3.44853e-06
5.79556e-06
4.58831e-06
9.58732e-07
1.70992e-06
2.05562e-06
1.0888e-06
3.43661e-05
3.78978e-05
2.69761e-05
7.01248e-06
4.94877e-06
6.24024e-06
2.9052e-06
1.11162e-06
3.47521e-06
8.59429e-06
1.82776e-06
7.40668e-06
2.04124e-06
2.20817e-06
1.087e-05
1.78958e-05
1.03624e-05
1.13135e-05
7.64678e-06
5.76452e-06
8.24037e-06
7.66395e-06
1.02103e-05
1.97066e-06
3.68026e-07
2.66901e-06
3.14237e-06
9.75371e-06
1.23396e-05
4.07256e-06
4.99648e-06
2.53555e-06
1.59789e-06
6.16298e-06
1.39844e-05
1.91383e-05
5.33593e-06
7.61035e-07
2.90515e-06
1.86371e-06
2.05379e-06
1.14866e-05
1.79542e-05
1.60739e-05
5.03133e-07
2.53287e-06
5.90362e-06
3.17617e-06
2.3803e-07
1.71373e-06
1.75171e-06
1.93037e-06
7.09258e-06
2.60483e-06
1.17859e-06
1.76503e-05
1.12311e-05
3.31879e-07
2.76958e-08
8.50598e-07
3.7319e-06
1.82028e-05
7.92551e-06
9.28532e-07
1.58699e-06
5.79337e-06
1.26155e-05
1.60313e-05
1.14567e-06
6.55937e-06
7.40956e-06
2.58875e-06
9.53213e-07
9.81604e-06
3.42009e-05
5.35027e-05
3.71794e-05
3.72391e-07
3.75533e-06
3.1507e-06
1.92452e-06
2.07254e-06
1.95847e-06
3.18115e-07
2.04782e-06
2.53227e-06
4.10966e-06
3.89586e-06
1.55884e-06
1.82698e-06
3.19331e-06
1.16672e-06
3.84545e-06
7.01482e-06
4.15821e-06
1.88878e-05
4.37515e-05
1.64685e-06
1.09718e-06
1.04689e-06
3.04701e-06
8.05027e-06
3.24963e-05
3.77907e-07
5.80356e-06
1.56873e-06
8.69168e-06
1.92713e-05
1.05183e-06
4.05203e-05
5.97466e-06
2.94396e-06
5.71957e-06
2.70733e-05
5.24776e-05
5.527e-05
3.95079e-05
2.02889e-06
2.08311e-06
6.85884e-06
1.16932e-06
2.25893e-06
1.95999e-06
6.4117e-07
1.4675e-06
2.52078e-07
2.64897e-06
5.17516e-06
9.22336e-06
5.92038e-06
4.16469e-06
1.01574e-05
1.22033e-05
7.8024e-06
6.39119e-06
1.49732e-06
6.54365e-05
5.98808e-05
8.84972e-06
4.66989e-06
4.75365e-06
9.07536e-06
1.83037e-05
8.49472e-06
1.36158e-05
2.06902e-05
1.59223e-06
1.26822e-05
2.57355e-06
2.44606e-05
7.24859e-06
3.75962e-06
1.5717e-05
1.59878e-05
3.8364e-05
4.57028e-05
1.48175e-05
2.12788e-06
1.92149e-06
6.66987e-06
2.18463e-05
1.10027e-06
3.84737e-06
1.01744e-05
1.78099e-05
3.37583e-06
2.51667e-06
2.07807e-05
3.62103e-05
6.54254e-06
1.3521e-06
6.19212e-06
1.17124e-05
3.90971e-06
6.00993e-06
5.84978e-06
2.84223e-05
6.63858e-05
4.9594e-05
1.0549e-05
3.91352e-06
8.53789e-06
9.53073e-06
7.10667e-06
6.70708e-06
3.40752e-05
2.27092e-05
3.07286e-05
9.53259e-06
5.11072e-06
2.35747e-05
4.17662e-06
2.23412e-05
1.12146e-05
1.43442e-05
2.09862e-05
5.89598e-06
3.05014e-06
5.17082e-06
5.59846e-06
1.86397e-05
2.13635e-05
6.22523e-06
8.22959e-06
2.63364e-05
1.05122e-05
1.20599e-06
2.96431e-05
2.3618e-05
9.81739e-06
2.71254e-06
1.78465e-05
2.24332e-05
5.12317e-06
2.19258e-06
6.29563e-06
9.69778e-06
5.91053e-05
7.22466e-05
5.02358e-05
8.71553e-06
6.58586e-06
7.95472e-06
7.91733e-06
5.63443e-06
2.07167e-06
1.11904e-05
2.32406e-05
1.00422e-05
1.27105e-05
2.4455e-05
7.19393e-06
5.37097e-06
2.9224e-06
6.68216e-06
7.52224e-06
2.44635e-06
4.26611e-06
4.75263e-06
4.50288e-06
2.45647e-06
1.37391e-05
1.23005e-05
9.73044e-06
1.41554e-05
3.20289e-06
2.33866e-06
1.94213e-05
9.70288e-06
4.91761e-06
1.79765e-06
3.30215e-06
1.14305e-05
6.51456e-06
7.0312e-07
6.76642e-06
4.65258e-06
3.40469e-05
8.11595e-05
8.54239e-05
3.43436e-05
1.11612e-05
8.91348e-06
5.51158e-06
3.28916e-06
1.10704e-06
4.83117e-06
3.16455e-06
5.58399e-07
5.86088e-06
2.39924e-06
2.59423e-06
4.55179e-06
2.29803e-06
3.75469e-06
4.24607e-06
3.75708e-06
2.34732e-06
4.05358e-06
3.27345e-06
2.5292e-06
4.49227e-06
1.29098e-05
1.12048e-05
1.34516e-05
7.21911e-06
7.42967e-06
1.95682e-06
7.94022e-07
5.94022e-06
1.30197e-06
1.73093e-06
4.36105e-06
2.67649e-06
6.89082e-08
3.51437e-06
7.683e-06
6.47612e-06
3.82092e-05
3.94024e-05
1.8166e-05
9.97637e-06
2.45985e-06
2.48939e-06
1.30418e-05
7.88728e-06
1.7002e-05
7.41793e-06
1.90891e-06
3.26332e-06
4.03832e-07
2.12581e-07
2.41763e-06
2.6695e-06
2.2338e-06
4.21273e-06
4.46831e-06
4.43224e-06
8.59514e-06
1.37303e-06
5.02676e-08
4.30208e-07
8.81102e-06
9.48925e-06
3.47154e-06
3.6194e-06
8.0125e-06
5.92375e-06
7.88627e-07
4.03514e-06
2.49246e-05
2.95797e-05
3.94826e-06
9.38962e-07
1.31692e-06
1.1639e-06
3.93275e-06
6.84849e-06
4.90055e-06
5.87097e-06
7.30023e-06
5.5368e-06
1.03428e-05
2.14186e-06
6.0745e-06
3.81309e-06
2.35438e-05
9.2585e-06
9.7002e-06
1.65616e-06
9.02675e-06
3.78736e-06
7.41076e-06
4.96366e-06
1.83564e-06
4.17619e-06
2.39546e-06
1.73669e-06
4.63554e-06
4.73218e-06
4.01161e-06
4.41519e-06
2.36842e-06
6.81771e-06
3.60718e-05
1.7575e-05
6.70448e-06
4.48116e-06
2.04515e-06
5.74562e-06
1.96369e-05
2.12852e-05
6.21663e-06
4.65488e-06
3.90808e-06
1.61846e-06
2.90254e-06
7.19798e-06
2.55716e-06
3.71005e-06
2.24106e-06
8.48023e-06
4.71992e-06
5.72918e-06
9.29184e-06
1.18932e-05
1.14545e-05
1.37332e-05
1.46628e-05
6.03907e-07
4.49628e-06
6.08963e-06
5.33823e-06
3.15451e-06
1.0676e-05
2.45086e-06
5.62467e-07
3.66486e-06
6.68983e-06
3.97061e-06
2.51218e-06
3.15241e-06
7.89476e-06
1.7977e-06
3.36597e-05
4.27682e-05
5.8489e-06
5.36738e-06
5.58857e-06
8.38106e-06
1.95809e-05
3.01337e-05
1.10894e-05
1.23512e-06
1.6207e-06
1.63273e-06
1.55303e-05
1.03935e-05
8.00101e-06
5.90411e-06
6.74655e-06
1.743e-05
6.24275e-06
8.11298e-06
5.48375e-06
3.14776e-07
1.57957e-06
2.79269e-06
5.45819e-06
3.21841e-06
6.68275e-06
7.99858e-06
6.21357e-06
1.13406e-06
4.3881e-06
3.79829e-06
1.3262e-06
2.91209e-06
7.94387e-06
6.98672e-06
2.10807e-06
1.03768e-06
2.22315e-06
8.53484e-07
9.14349e-07
3.38616e-05
9.33398e-06
2.00728e-06
2.77107e-06
2.37107e-06
2.22063e-05
3.77402e-05
1.82423e-05
8.60447e-06
5.13966e-06
5.85201e-06
4.29254e-07
2.3647e-05
1.09532e-05
9.57201e-06
7.25065e-06
3.4321e-06
4.37442e-06
1.37139e-05
6.02247e-06
3.15897e-06
3.76634e-06
3.00538e-06
1.29432e-06
3.56607e-06
7.47484e-06
7.59471e-06
6.54865e-06
4.10905e-06
3.41235e-06
3.24594e-06
1.70058e-06
5.87794e-06
1.46188e-05
1.7011e-05
4.42867e-06
3.23103e-06
6.83841e-07
2.17603e-06
5.28804e-06
4.24423e-06
3.40576e-06
5.47121e-06
1.29048e-05
2.41617e-05
3.21216e-05
2.5067e-05
1.63888e-05
1.35769e-05
1.17208e-05
7.54406e-06
4.59447e-06
6.60397e-06
1.6981e-05
2.58036e-06
3.84243e-06
5.77117e-06
3.51839e-06
4.15703e-06
2.20112e-05
2.37466e-05
1.2227e-05
8.87952e-07
7.8698e-06
6.6093e-06
3.34757e-06
5.6533e-06
9.36411e-06
9.02021e-06
8.67332e-06
6.59197e-06
1.40137e-06
3.76918e-06
1.69673e-05
1.72459e-05
3.74666e-06
4.13147e-06
4.01358e-06
5.61639e-06
6.61528e-06
3.99371e-06
3.77684e-06
4.80176e-06
4.39728e-06
5.28896e-06
6.17891e-06
5.7912e-07
5.71018e-06
3.77016e-06
2.09884e-06
5.59161e-06
3.94986e-06
5.73636e-06
1.79124e-05
2.52948e-05
1.9471e-06
2.60057e-06
4.56372e-06
2.61759e-06
3.54833e-07
2.42944e-06
8.72837e-06
7.74609e-06
3.36431e-06
2.35732e-06
1.99625e-06
5.04561e-06
1.17779e-05
8.01129e-06
4.78297e-06
9.0932e-06
1.67459e-05
5.66775e-06
3.03302e-06
4.294e-06
8.5138e-06
2.48216e-06
2.61024e-06
2.49879e-06
2.94419e-06
5.01818e-06
2.48037e-06
6.25326e-06
1.28775e-05
1.70067e-05
1.77075e-05
2.32628e-05
3.09771e-05
3.75958e-05
2.36191e-05
6.52908e-06
3.5758e-06
3.41004e-06
3.22204e-06
5.49439e-06
1.12789e-05
3.89946e-06
3.4349e-06
3.34015e-06
2.29593e-06
1.45024e-06
1.11355e-06
2.77598e-06
9.34771e-06
8.62939e-06
3.44955e-06
2.44471e-06
1.448e-06
4.62715e-07
2.69326e-06
8.79883e-06
8.81087e-06
4.09693e-06
2.61194e-06
3.33758e-06
2.24421e-06
9.86746e-07
7.53113e-07
8.41105e-07
5.71858e-06
1.67637e-05
1.45178e-05
5.35309e-06
2.10666e-08
2.46651e-06
1.93748e-06
1.17393e-05
2.30556e-05
1.30719e-05
1.34799e-06
2.47985e-06
3.58048e-06
5.00545e-06
4.75678e-06
3.52491e-06
2.51387e-06
2.82968e-06
6.56159e-06
3.42959e-06
3.62499e-07
7.52685e-07
2.07763e-05
3.13711e-05
1.84299e-05
3.93225e-06
2.09736e-06
1.78789e-06
1.92842e-06
3.7445e-06
1.46651e-05
4.81167e-07
2.929e-06
2.85088e-06
4.58349e-06
1.61465e-05
1.31843e-05
5.59493e-06
2.12888e-06
1.22322e-06
1.45082e-06
2.32102e-06
6.6182e-06
1.72711e-05
1.31154e-05
1.94351e-06
1.60368e-06
3.50229e-06
4.23277e-06
3.67068e-06
2.77343e-06
1.98927e-06
4.88206e-06
6.09167e-06
2.65331e-06
2.05034e-06
2.50231e-06
3.80764e-06
1.27853e-08
3.65612e-09
5.43488e-10
8.35955e-13
2.30601e-10
7.23469e-10
5.31931e-10
7.19888e-10
1.43332e-09
1.39156e-09
7.89951e-10
3.39685e-10
1.03444e-10
3.44185e-11
6.05279e-11
1.54428e-10
3.36687e-10
1.11829e-09
2.31527e-09
6.24884e-10
3.29951e-11
7.62267e-10
1.33248e-11
4.15723e-10
5.48797e-10
3.39107e-10
5.41398e-10
7.8658e-10
5.09281e-10
6.59386e-10
1.20634e-09
3.18279e-09
8.36749e-09
1.73262e-08
2.74434e-08
3.43687e-08
1.64119e-08
1.3597e-09
1.13093e-09
1.45622e-08
1.81872e-07
7.59948e-08
1.23869e-08
2.04382e-10
3.45087e-09
1.04493e-08
1.18756e-08
1.61459e-08
2.36425e-08
1.98392e-08
7.14304e-09
2.30822e-09
1.94575e-09
3.36306e-09
2.85013e-09
2.46699e-09
6.13461e-09
9.07681e-09
5.963e-09
1.03354e-09
1.19632e-09
8.24012e-09
8.1667e-10
3.44834e-09
1.06212e-08
1.26777e-08
8.73375e-09
1.08597e-08
2.06818e-08
5.27411e-08
4.43055e-08
1.23015e-08
9.91523e-09
2.04471e-08
7.95815e-08
1.46454e-07
6.30551e-08
1.36085e-09
4.86367e-08
2.11209e-07
1.09764e-06
6.15116e-07
1.50937e-07
1.34344e-08
1.92917e-08
4.62265e-08
4.98925e-08
7.3232e-08
1.26162e-07
1.33884e-07
7.00916e-08
1.46879e-08
2.39931e-08
8.89137e-09
1.87409e-08
1.02118e-08
8.2884e-09
6.90224e-08
1.14484e-07
1.2396e-08
3.47741e-09
3.48441e-08
5.86081e-09
6.88882e-09
1.44243e-08
2.9102e-08
3.61654e-08
1.54035e-08
3.53718e-08
2.09266e-07
3.97436e-07
3.57579e-08
2.93008e-08
1.24408e-08
2.10103e-08
1.44701e-07
1.63524e-07
1.01928e-08
2.21368e-07
9.26434e-07
3.52434e-06
4.00116e-06
1.95899e-06
2.00948e-07
1.01283e-07
3.10819e-07
3.54859e-07
1.86121e-07
3.59998e-07
4.26591e-07
3.54261e-07
1.99163e-07
4.02724e-06
8.37533e-06
6.08624e-06
2.67955e-07
4.72552e-07
3.13256e-06
3.05724e-07
5.52319e-07
2.49523e-08
2.85268e-08
8.10192e-08
2.99783e-09
7.40065e-08
9.43664e-08
3.81716e-08
1.14286e-08
9.63849e-09
7.39665e-08
3.78692e-07
1.74298e-06
4.61581e-07
3.21994e-07
4.05973e-08
9.78275e-08
2.97816e-07
6.76734e-08
3.32402e-07
1.68409e-06
2.47428e-06
7.66549e-06
1.07523e-05
9.46751e-06
2.1622e-06
1.09696e-06
2.08794e-06
1.54935e-06
1.71946e-06
1.71627e-06
6.3414e-08
2.87034e-06
3.11525e-06
1.88366e-06
2.05591e-06
4.57473e-06
1.53823e-06
5.80801e-06
1.5098e-05
1.84463e-05
5.29119e-07
1.95196e-08
1.09298e-07
1.02397e-06
2.16537e-06
1.08093e-05
1.02284e-06
2.21991e-08
6.68334e-08
1.42002e-07
3.12819e-07
5.77413e-07
5.70922e-06
2.34932e-05
1.21098e-06
1.83726e-07
4.32059e-07
4.87703e-07
2.42055e-07
1.24829e-06
7.21344e-07
4.03635e-06
9.98228e-06
9.32817e-06
9.08199e-06
6.95712e-06
3.89253e-06
1.62811e-06
6.48726e-08
2.41917e-06
1.21573e-06
3.03965e-06
4.53226e-06
4.98059e-06
5.66426e-06
5.31493e-06
7.77988e-06
4.22769e-06
2.77297e-06
1.559e-05
1.65836e-05
1.34185e-05
6.55865e-06
9.64858e-06
5.27764e-07
3.70476e-07
1.30745e-06
5.53509e-06
1.1583e-06
1.63202e-06
2.41148e-07
9.56573e-07
3.85353e-06
4.53399e-06
2.85355e-05
3.27615e-06
1.02266e-06
1.45041e-06
5.96525e-07
7.04613e-07
5.63165e-07
3.70858e-07
5.93888e-06
8.92803e-06
6.75425e-06
4.22056e-06
5.49118e-06
6.73491e-06
5.16883e-06
3.13416e-06
1.28514e-06
2.97697e-06
6.5118e-06
7.43564e-06
6.9173e-06
4.75114e-06
4.61662e-06
1.79066e-06
3.89661e-06
2.05788e-06
1.40629e-05
1.02633e-05
1.21279e-05
1.6213e-05
2.06378e-05
4.51039e-06
2.07595e-06
1.96625e-06
1.31916e-06
2.15723e-06
3.06666e-06
3.34406e-06
1.34878e-06
2.42982e-06
9.58536e-06
4.1966e-05
4.22298e-06
2.93856e-06
2.01134e-06
3.88491e-07
9.40577e-07
2.14532e-07
4.61536e-07
3.99011e-06
5.47571e-06
1.17083e-06
1.7909e-06
6.80822e-06
1.22676e-05
7.87284e-06
2.91047e-06
4.44762e-06
6.20587e-06
7.69722e-06
8.74227e-06
5.73449e-06
1.96818e-06
2.37402e-06
4.84035e-07
2.58078e-06
7.08949e-08
1.46401e-05
7.85299e-06
1.47192e-05
3.21389e-05
1.89761e-05
5.33257e-06
2.80589e-06
1.22144e-05
4.27636e-06
8.03743e-06
5.37295e-06
2.12949e-06
1.96736e-06
2.58437e-06
2.24555e-05
4.2733e-05
3.78176e-06
3.62097e-06
1.11705e-06
1.59772e-06
1.23249e-06
2.67072e-07
9.14738e-08
6.01002e-07
3.7115e-06
3.01392e-06
3.44337e-06
9.97165e-06
1.22234e-05
5.63312e-06
4.8564e-06
4.91157e-06
6.15055e-06
5.37774e-06
4.25211e-06
2.02185e-06
8.24507e-07
1.77014e-07
1.81142e-07
5.62965e-07
2.31383e-05
1.38473e-05
4.62222e-06
2.79921e-05
3.58934e-05
1.06699e-05
7.6068e-06
1.22247e-05
3.99329e-06
6.93167e-06
6.63171e-06
4.3645e-06
5.41932e-06
4.04696e-06
4.46076e-06
4.75406e-05
2.30903e-05
2.05342e-06
5.07196e-06
5.71999e-06
5.99498e-06
9.18172e-07
2.48938e-06
7.93697e-07
1.27212e-05
1.19442e-05
1.14651e-05
2.06019e-06
7.57461e-06
7.25001e-06
4.9287e-06
3.61305e-06
3.8205e-06
5.85742e-06
5.8291e-06
3.90054e-06
8.33968e-07
1.21204e-07
8.61991e-08
7.33335e-07
4.8369e-06
1.17198e-05
7.17334e-06
6.8274e-06
1.78419e-05
2.80186e-05
1.53374e-05
2.04528e-05
1.57516e-05
9.38229e-06
1.43033e-05
2.57922e-05
1.22063e-05
8.1073e-06
6.11025e-06
3.37087e-05
6.19806e-05
2.74723e-06
5.32489e-06
6.11831e-06
7.5845e-06
3.64727e-06
3.00485e-06
2.12548e-06
1.77931e-06
2.46221e-05
2.77322e-05
3.38198e-07
9.2049e-06
7.78223e-06
4.63306e-06
1.42523e-06
8.00964e-06
1.84297e-05
6.52119e-06
4.8777e-06
2.71932e-06
5.87113e-07
3.14303e-07
6.37324e-07
1.79163e-06
2.34402e-06
8.84204e-07
2.0865e-06
5.39894e-06
6.9112e-06
2.16698e-05
2.0633e-05
7.94113e-06
3.08637e-06
8.99786e-06
4.10412e-05
3.13301e-05
7.05815e-06
1.01078e-05
3.1381e-05
5.45851e-05
2.15226e-05
1.49036e-07
3.65058e-06
9.4957e-06
5.43544e-07
8.61206e-06
6.55219e-06
1.97768e-07
2.60202e-05
2.21907e-05
1.14073e-06
4.79365e-06
6.67651e-06
4.04321e-06
8.49557e-07
3.82289e-05
3.18667e-05
5.18602e-06
4.00287e-06
3.63286e-06
1.89719e-06
1.37875e-06
2.43551e-06
1.43412e-06
1.1696e-06
2.90747e-06
6.67677e-07
1.59155e-06
2.71897e-06
6.46985e-06
1.56069e-05
1.60128e-06
1.90928e-06
3.08192e-06
1.38654e-05
2.87873e-05
2.26542e-05
1.07651e-05
1.34406e-05
2.63661e-05
3.32627e-05
7.73084e-07
1.63271e-06
2.04519e-06
2.1688e-06
7.77577e-06
5.41148e-06
8.79039e-06
6.20542e-06
4.78874e-06
3.72399e-06
3.31628e-06
5.94678e-06
3.60189e-06
9.35028e-06
4.08218e-05
1.90571e-05
2.02463e-06
3.66325e-06
6.04711e-06
2.47535e-06
1.1009e-06
2.47784e-06
1.11451e-06
1.19496e-06
4.35014e-06
6.34731e-07
3.22548e-06
4.35766e-06
1.04616e-05
2.17592e-05
3.30766e-06
1.82555e-06
1.91624e-05
9.88492e-06
3.81287e-06
1.94231e-05
2.95188e-05
1.17696e-05
1.63319e-05
2.83422e-05
3.40753e-06
6.49371e-06
8.49661e-06
8.71213e-06
5.08803e-06
1.06235e-05
5.17864e-06
4.3081e-06
5.41966e-06
1.3376e-05
1.23735e-06
1.9326e-06
1.86025e-06
1.99042e-05
2.13815e-05
7.17397e-06
6.29694e-07
2.57222e-06
5.67746e-06
5.05952e-06
3.35624e-06
1.6737e-06
1.44587e-06
2.78348e-06
6.91346e-06
1.95038e-06
6.33259e-06
1.86238e-06
7.85035e-06
6.85207e-06
3.48275e-06
1.60378e-06
5.28364e-06
6.10352e-06
1.26633e-06
6.79382e-06
5.06724e-05
3.34936e-05
9.37294e-06
1.39085e-05
2.29585e-05
1.92775e-05
8.46988e-06
1.12291e-05
2.24266e-06
2.57695e-06
1.95459e-06
5.90317e-07
7.05424e-07
3.46875e-06
5.60569e-06
3.47253e-06
1.00166e-05
1.85891e-05
2.0866e-05
4.82673e-06
3.51851e-06
7.6472e-06
9.1213e-06
5.76925e-06
3.57521e-06
9.63196e-07
2.50398e-06
3.37307e-06
4.23049e-06
3.28853e-06
4.39404e-06
1.96292e-06
3.78744e-06
1.59141e-06
9.10788e-07
1.54255e-07
6.04313e-06
4.23707e-06
1.29725e-06
1.988e-06
2.66837e-05
6.46996e-05
3.44125e-05
4.74463e-06
1.44191e-05
7.1005e-06
2.60713e-06
8.94208e-07
2.16615e-07
3.26601e-07
1.77935e-06
3.32011e-06
6.34323e-06
3.28414e-06
2.76581e-06
6.38201e-06
5.48355e-06
1.46555e-05
1.45812e-05
1.28763e-05
7.6654e-06
6.79397e-06
5.375e-06
2.88039e-06
4.11252e-06
3.24504e-06
3.01778e-06
3.72105e-06
2.63406e-05
5.02105e-06
4.91131e-06
5.67628e-06
5.79626e-06
2.81672e-06
5.97763e-06
3.73738e-06
1.04426e-05
3.66922e-06
1.43204e-06
2.77951e-06
3.62517e-06
4.00416e-05
3.67499e-05
6.04793e-06
5.67181e-06
5.24224e-06
3.96547e-06
4.81115e-06
4.08538e-06
1.37665e-06
8.67428e-06
1.61104e-05
5.78908e-06
3.18301e-06
1.02232e-05
3.3708e-06
3.24447e-07
1.07506e-06
1.81463e-06
9.00052e-06
5.20662e-06
1.54808e-05
9.47122e-06
3.41163e-06
4.56483e-06
5.56038e-06
5.36683e-06
3.22717e-06
1.61694e-05
2.93192e-06
4.72586e-06
2.96339e-06
4.78007e-06
8.79859e-06
2.35601e-05
3.19914e-05
9.12784e-07
2.29769e-06
1.29183e-06
1.00077e-06
1.97418e-06
4.91158e-06
2.6912e-05
2.67139e-05
5.96264e-06
7.14839e-06
3.7585e-06
4.6237e-06
4.36888e-06
1.21464e-06
2.59023e-05
1.6128e-05
9.93651e-06
8.53077e-06
1.00508e-05
1.11802e-05
4.06419e-06
9.97135e-07
2.67449e-06
1.24786e-05
1.42919e-05
7.44102e-06
4.82228e-06
6.98196e-07
5.03588e-07
3.30343e-06
5.44923e-06
9.86806e-07
2.88251e-05
7.75015e-06
3.90951e-06
3.80562e-06
8.58881e-06
1.31791e-05
1.70329e-05
2.19984e-05
4.39509e-06
3.50589e-06
1.62792e-06
1.982e-06
9.44859e-07
1.48762e-06
9.14093e-06
3.28961e-05
6.21806e-06
5.21574e-06
3.70334e-06
6.73754e-06
6.29783e-06
5.51323e-06
1.09762e-05
4.4811e-05
3.83509e-05
4.08616e-06
4.68123e-07
9.35106e-06
1.29311e-05
5.6725e-06
2.32492e-06
2.18325e-07
2.81226e-07
1.6006e-06
2.02401e-06
9.60413e-07
7.41179e-07
3.71647e-06
2.23178e-05
1.8573e-06
2.10671e-05
3.61896e-05
1.43767e-05
7.95539e-06
3.43965e-06
8.69426e-07
2.70936e-06
6.10496e-06
5.30335e-06
5.73266e-06
4.7594e-06
9.69408e-06
1.84625e-05
8.011e-06
4.92757e-06
2.83472e-06
8.55067e-06
1.53201e-05
2.59606e-05
9.99016e-06
3.81579e-06
5.05012e-06
3.73262e-06
3.51714e-06
5.45708e-05
5.03023e-05
2.33103e-06
2.50586e-07
1.40466e-05
6.9182e-06
1.82593e-06
1.87745e-06
4.24391e-06
8.34986e-06
8.77403e-06
3.97241e-06
4.0109e-06
9.55436e-06
1.36992e-06
1.16012e-06
6.4678e-07
6.67531e-06
3.43269e-05
3.93183e-05
3.82148e-05
3.92544e-05
3.38568e-05
1.10227e-05
1.00037e-06
1.15997e-06
5.93758e-06
3.56537e-06
1.60788e-05
2.97111e-05
2.27294e-07
3.29441e-06
3.32085e-06
4.30131e-06
1.11985e-05
2.23899e-05
1.27141e-05
9.16471e-06
6.76837e-06
2.73389e-06
1.67083e-06
4.7666e-05
1.3895e-05
2.85827e-06
4.09932e-06
2.0847e-06
8.98842e-07
1.33092e-06
5.22152e-06
2.02093e-05
3.17117e-05
1.31123e-05
1.30441e-06
7.02594e-06
1.87501e-05
4.83109e-06
2.65481e-06
1.7455e-06
1.59864e-06
1.56078e-05
3.49926e-05
2.81712e-05
4.65305e-06
3.84427e-06
4.47945e-06
3.74483e-06
2.54096e-06
1.89317e-06
8.9402e-06
2.37688e-05
3.25687e-05
1.63627e-05
8.18261e-07
8.22665e-06
1.029e-05
3.38927e-05
4.6074e-05
4.19326e-05
1.70852e-05
8.54086e-06
3.98967e-06
1.19939e-06
3.03138e-06
5.59256e-06
8.74281e-06
1.19881e-05
1.10575e-05
2.15623e-06
2.12195e-06
3.03047e-05
4.34642e-05
8.50836e-06
2.68564e-06
3.76306e-06
6.29686e-06
1.06961e-05
2.4786e-06
2.66714e-06
3.93248e-06
4.17658e-06
2.68088e-06
2.77703e-06
3.55804e-06
5.92931e-06
5.52417e-06
4.02148e-06
3.70278e-06
5.20962e-06
1.18375e-05
3.09385e-05
4.84443e-05
4.61254e-05
2.46885e-05
2.40028e-06
3.06965e-06
2.75065e-06
3.43688e-06
5.15782e-06
4.90875e-06
1.32457e-06
9.91917e-07
2.99774e-06
3.08977e-06
6.78691e-06
4.15623e-06
5.85826e-06
1.15273e-05
2.07819e-05
1.44852e-05
3.49717e-06
2.74101e-05
4.07863e-05
2.02942e-05
3.3297e-06
1.70079e-06
1.77159e-06
1.55141e-06
9.15215e-07
4.24901e-06
3.85808e-06
2.82409e-05
4.25323e-05
2.43039e-05
6.23827e-06
5.4313e-06
2.31909e-06
8.15314e-07
4.97192e-06
1.57062e-05
2.71956e-05
3.45022e-05
2.46827e-05
2.99796e-06
2.08128e-06
2.81248e-06
3.78068e-06
4.68154e-06
3.41321e-06
7.58218e-07
1.56937e-05
2.44301e-05
5.65984e-06
2.16208e-06
1.53169e-06
1.16241e-06
1.34909e-06
3.08813e-06
4.66091e-06
4.12577e-06
2.33964e-06
1.33151e-06
2.20088e-06
2.38312e-06
3.21682e-06
5.05515e-06
4.03391e-06
7.93661e-06
9.11772e-06
9.31959e-07
2.5008e-06
5.00437e-06
6.19353e-06
7.30383e-06
8.12364e-06
4.29152e-06
2.73701e-07
1.68966e-06
5.94652e-06
8.19515e-06
6.47232e-06
3.51578e-06
2.27979e-06
2.19896e-06
3.96672e-06
6.9631e-06
4.27595e-06
8.91888e-06
1.32673e-05
3.73351e-06
1.48612e-06
4.84868e-06
1.01007e-05
1.93223e-06
9.7149e-08
1.65226e-08
5.03462e-07
1.35596e-06
2.42192e-06
2.79014e-06
4.09792e-07
4.23402e-06
1.63949e-05
1.48506e-05
8.40727e-06
1.52933e-06
8.54496e-07
3.27705e-06
3.99666e-06
3.41675e-06
1.26742e-06
2.77524e-06
4.77405e-06
5.44193e-06
5.2397e-06
4.12098e-06
2.89956e-06
2.54853e-06
2.55209e-06
3.94297e-06
3.76187e-06
2.81867e-06
2.63626e-06
2.47448e-06
9.01412e-12
9.89759e-10
2.51833e-09
2.22998e-09
1.93021e-09
2.79469e-09
1.08213e-09
1.45636e-11
1.30089e-11
5.74861e-11
2.92482e-10
5.00201e-10
2.33539e-10
1.46647e-10
1.36094e-10
2.68424e-10
9.96152e-10
1.38197e-09
2.57211e-10
8.49025e-10
6.86282e-10
1.88583e-10
2.10157e-10
1.63344e-09
6.83107e-09
1.00294e-08
6.20656e-09
7.41242e-10
3.62234e-12
5.16094e-10
1.16436e-10
4.31344e-11
3.79297e-10
1.89047e-09
9.9282e-09
1.07178e-08
8.3463e-09
1.10007e-08
8.52703e-09
1.19347e-09
2.93691e-10
5.26836e-09
1.703e-08
2.56323e-08
4.13219e-08
6.38534e-08
3.42603e-08
1.70436e-09
1.62809e-10
1.60116e-09
4.91252e-09
4.31182e-09
7.97174e-10
9.54337e-10
8.61035e-10
8.21027e-10
4.78046e-09
1.7106e-08
1.5803e-08
6.2602e-09
3.25427e-09
6.40189e-09
6.50165e-09
5.59976e-09
3.38324e-08
7.99856e-08
9.6287e-08
3.0214e-08
1.20491e-09
2.90183e-10
4.96973e-09
1.2253e-09
7.40558e-09
7.90454e-08
5.70514e-08
3.2848e-08
3.14318e-08
4.74755e-08
3.57663e-08
2.93684e-09
6.40515e-09
1.40134e-08
1.68422e-08
1.75943e-08
8.27982e-08
4.15325e-07
7.63535e-07
2.51509e-07
4.79886e-09
3.43993e-09
2.12235e-08
2.84776e-08
3.58808e-09
5.54539e-09
3.24784e-08
2.26383e-08
1.37013e-09
2.24655e-08
5.85875e-08
3.49486e-08
1.57006e-08
3.57854e-09
7.84116e-08
1.05302e-07
8.37239e-09
5.5197e-08
1.52982e-07
8.44846e-08
1.08886e-09
4.24171e-08
1.79272e-07
8.04581e-07
2.59015e-06
1.35324e-06
5.42333e-07
1.86227e-07
5.6337e-08
6.33388e-08
6.24003e-08
6.77422e-09
1.09272e-07
1.73569e-07
5.27472e-08
3.42343e-09
2.67025e-09
1.99322e-07
1.64863e-06
3.61577e-06
1.34399e-06
9.51244e-09
4.35345e-08
7.55865e-08
1.15484e-08
8.08152e-09
1.41986e-07
7.57509e-07
7.42038e-07
2.9858e-08
7.2508e-08
2.714e-07
1.45161e-07
3.6331e-08
1.03792e-08
8.87737e-07
4.14683e-06
1.48504e-08
3.73509e-08
4.29938e-08
3.23624e-07
1.18379e-05
1.49285e-05
2.9085e-06
2.86289e-07
1.18196e-05
1.55482e-05
1.14474e-06
2.49607e-07
1.19386e-07
1.11867e-07
1.06697e-08
4.5656e-07
1.78314e-06
8.32216e-07
8.16556e-08
2.00149e-08
7.74231e-09
3.00158e-07
2.60393e-06
5.87253e-06
1.07919e-06
7.82389e-08
1.85746e-07
3.61386e-08
9.22342e-07
7.98067e-07
1.5066e-06
5.70839e-06
1.34199e-05
6.34452e-07
1.7171e-07
1.06283e-06
1.07525e-06
2.38713e-07
6.27351e-08
5.19861e-06
8.65004e-06
7.5964e-08
2.43416e-07
1.29732e-07
1.13734e-05
2.07721e-05
3.52504e-06
2.78859e-07
4.18303e-07
1.0808e-05
9.46978e-06
1.92632e-06
3.62697e-07
2.28225e-07
1.00105e-07
2.92675e-07
5.04281e-06
7.16658e-06
4.68404e-06
8.5961e-07
1.62778e-07
1.00085e-07
9.51371e-07
4.38396e-06
2.86768e-06
4.82899e-07
1.01641e-06
1.39184e-06
6.80168e-06
5.16261e-06
3.86998e-06
5.0362e-06
1.2999e-05
1.82402e-05
5.78241e-06
1.01207e-06
4.44694e-06
2.2881e-06
1.43598e-07
4.77891e-07
1.07345e-06
4.12671e-06
3.42042e-06
1.05723e-06
1.19275e-07
6.38186e-07
4.10348e-07
3.5904e-06
3.82588e-07
8.23425e-07
6.50307e-06
7.40293e-06
3.13544e-06
6.66069e-07
2.91783e-07
2.81432e-07
1.75655e-06
1.62905e-05
1.71263e-05
1.74498e-05
1.20839e-05
7.86192e-06
3.08307e-06
3.9613e-06
2.75022e-06
9.88338e-07
1.67961e-06
3.09006e-06
5.58788e-06
4.19327e-06
3.66519e-06
5.58217e-06
1.13294e-05
1.4929e-05
2.45541e-05
4.8211e-06
2.89162e-06
1.95953e-06
3.12786e-06
2.71124e-06
2.73081e-06
5.22932e-07
2.6224e-06
5.09426e-06
7.14944e-07
4.1784e-08
2.49903e-07
4.10842e-07
1.22996e-05
3.69587e-07
1.45272e-06
4.15129e-06
8.3837e-06
4.60084e-06
8.83977e-07
4.96869e-07
2.58134e-07
1.85838e-06
1.71481e-05
2.64821e-05
2.33267e-05
2.60917e-05
1.85922e-05
5.61181e-06
2.76508e-06
6.88926e-07
2.61632e-06
4.14632e-06
4.77668e-06
3.51879e-06
2.09943e-06
2.68124e-06
1.74791e-05
2.04702e-05
1.56303e-05
7.3216e-06
4.76103e-06
4.366e-06
3.56858e-07
6.46861e-06
7.86161e-06
8.811e-08
4.00312e-06
1.58409e-06
1.94633e-06
1.40894e-07
5.71792e-07
5.33726e-08
1.13468e-05
9.30814e-06
1.88695e-06
9.73276e-06
7.21283e-06
4.06449e-06
4.08676e-06
2.44754e-06
2.00619e-07
1.5035e-07
5.00749e-07
1.16119e-06
2.78254e-05
3.73544e-05
2.95724e-05
6.92996e-06
3.60819e-06
2.26776e-06
3.72605e-06
4.30999e-06
3.9153e-06
2.45467e-06
8.38393e-07
2.58207e-06
1.34295e-05
2.15463e-05
2.15118e-05
2.42027e-06
1.47782e-06
7.24722e-07
2.89613e-06
3.61355e-06
1.49361e-05
2.22023e-06
5.3166e-06
4.52342e-07
7.92169e-08
1.1772e-06
6.61143e-06
1.8278e-06
1.85668e-06
8.70284e-06
5.86853e-06
8.62192e-06
6.34337e-06
7.5962e-06
7.25503e-06
6.17169e-06
1.17411e-06
2.37081e-07
8.24254e-07
2.84255e-06
2.71353e-06
1.76603e-05
3.30079e-05
7.70827e-06
1.85239e-06
2.29563e-06
4.73383e-06
4.83234e-06
3.75207e-06
1.89129e-06
5.84511e-07
2.35704e-06
1.12186e-05
1.80448e-05
9.69123e-06
3.22756e-06
1.51743e-06
1.56493e-06
1.069e-06
1.26268e-06
2.13526e-05
1.12152e-05
2.01152e-06
2.66488e-06
1.92624e-05
9.22684e-06
5.3629e-06
2.3179e-07
9.61666e-07
3.93613e-06
6.99682e-06
1.15499e-06
7.68651e-06
5.22669e-06
5.95982e-06
4.74242e-06
1.80276e-07
1.45884e-07
5.81716e-07
1.98258e-06
3.14231e-06
1.07657e-06
2.21551e-06
1.20367e-06
1.73716e-06
1.79203e-06
5.65111e-06
6.02971e-06
3.89035e-06
2.23635e-06
2.13624e-06
3.21314e-06
1.19723e-05
2.65609e-05
1.2265e-05
1.74851e-06
6.22127e-08
5.05359e-07
2.60981e-06
5.90695e-07
6.35511e-06
1.41953e-05
5.3154e-06
1.39546e-06
1.60123e-05
2.57633e-05
3.39249e-06
2.52796e-06
5.17009e-06
3.92086e-06
4.63775e-06
1.76981e-06
9.4296e-07
3.94063e-06
6.41242e-06
3.84338e-06
1.95401e-07
3.68645e-07
9.71662e-07
1.81293e-06
1.43728e-06
8.40054e-07
1.95924e-06
1.39006e-06
2.23746e-06
3.80281e-06
6.79354e-06
6.15992e-06
3.01849e-06
3.32058e-06
5.13824e-06
3.4438e-06
7.88156e-06
1.91397e-05
2.48038e-05
1.50744e-06
6.29157e-08
6.54828e-07
5.73422e-06
2.10248e-06
1.71863e-06
8.37558e-06
6.22996e-06
1.09063e-06
3.12476e-06
5.25023e-06
1.42703e-05
5.88986e-06
1.10409e-06
4.58038e-06
3.94812e-06
2.50757e-06
1.12682e-06
1.55851e-05
4.43098e-06
2.3053e-06
6.28096e-08
1.74999e-06
3.90988e-06
3.45044e-06
1.20635e-06
1.30992e-06
1.61275e-06
1.29357e-06
1.11911e-05
3.22739e-06
3.61668e-06
4.73175e-06
2.02585e-06
9.10913e-07
3.63528e-07
1.07204e-06
1.2501e-05
1.66961e-05
4.79581e-06
5.98654e-06
1.14948e-07
8.3411e-07
9.43489e-06
4.53766e-06
1.18104e-06
4.09848e-06
6.33239e-06
3.4351e-06
4.06499e-07
3.04675e-06
1.26483e-06
4.06787e-06
5.31937e-06
3.36502e-06
6.26455e-06
6.29622e-06
3.37304e-06
1.19311e-05
4.7317e-06
6.15629e-06
4.63353e-06
6.29328e-06
4.6319e-06
3.22285e-06
8.48239e-07
1.06082e-06
2.20106e-06
4.43619e-06
2.95196e-05
1.58873e-05
5.59432e-06
3.16058e-06
2.01397e-06
1.24229e-06
5.82947e-07
1.54913e-06
1.01909e-05
1.53826e-05
9.91415e-06
5.62106e-07
1.71691e-06
1.23919e-05
2.83418e-05
6.89483e-06
1.11798e-06
2.95127e-06
2.9769e-06
9.35571e-07
2.22706e-07
4.53663e-07
3.15174e-07
5.00254e-07
1.86065e-06
6.72845e-06
5.64664e-06
3.21702e-06
4.55223e-06
6.69763e-06
5.54374e-06
3.94905e-05
5.05578e-05
2.83438e-05
1.02712e-05
1.05143e-05
1.01046e-05
6.97971e-06
1.02819e-05
1.53591e-05
1.01072e-05
2.4618e-06
5.86037e-06
8.52434e-06
1.36281e-05
1.91128e-05
2.35208e-05
1.738e-05
6.98995e-06
4.16208e-06
6.14628e-06
5.86131e-06
1.23247e-06
9.86206e-06
4.27928e-05
1.60754e-05
2.32697e-06
8.5578e-06
2.43553e-06
2.50636e-07
6.74533e-07
1.38296e-06
1.85819e-06
5.64368e-06
5.18753e-06
1.70477e-06
7.42228e-06
5.50038e-06
7.80234e-06
1.04783e-05
1.75155e-05
3.49102e-05
4.26412e-05
3.13391e-05
1.30005e-05
4.03594e-06
1.29176e-06
6.24334e-07
2.0074e-05
6.46583e-06
1.56136e-05
1.01916e-05
1.73975e-06
9.69067e-06
1.09684e-05
9.58596e-06
9.84931e-06
5.57829e-06
2.84836e-06
2.9621e-06
3.1353e-06
3.81729e-06
7.1642e-06
3.24441e-06
2.30699e-05
1.37693e-05
2.27475e-06
4.18925e-06
2.63729e-06
1.83621e-06
4.23626e-06
1.13289e-05
3.25942e-06
3.20936e-06
2.48017e-05
5.88491e-06
3.76531e-06
8.9175e-06
7.59809e-06
7.14446e-06
1.9999e-05
2.65184e-05
3.23844e-05
1.76666e-05
1.8465e-06
3.68639e-05
2.50768e-05
1.03882e-05
3.80278e-05
3.36814e-05
8.81413e-07
4.30254e-06
3.67208e-06
4.35521e-06
5.08514e-06
2.13846e-06
1.71999e-06
1.52049e-06
3.48381e-06
3.53006e-06
2.61111e-06
2.7143e-06
2.6778e-06
1.13863e-06
3.24819e-06
3.93664e-06
2.84694e-06
9.37741e-07
8.97406e-07
5.59956e-06
1.39049e-05
2.51801e-05
2.57711e-05
1.8952e-06
3.1202e-05
3.94835e-05
1.7709e-06
6.4562e-06
1.21161e-05
1.30603e-05
2.32889e-05
2.18999e-06
3.51598e-05
3.93747e-05
2.18683e-06
1.37627e-05
2.58586e-05
1.01222e-05
3.27846e-05
5.77857e-05
3.46548e-05
7.87987e-06
1.30182e-07
6.86951e-06
2.01429e-05
1.07261e-05
3.92968e-06
3.32635e-06
5.28348e-06
4.52336e-06
2.43608e-06
2.9412e-06
5.38074e-06
4.3239e-06
1.45306e-06
2.61637e-06
2.5966e-06
1.87582e-06
9.90698e-07
8.86051e-06
2.47904e-05
2.52558e-05
2.15861e-05
6.30411e-06
1.62093e-05
3.64913e-05
3.06523e-05
1.23697e-05
9.41472e-06
6.86125e-06
1.57171e-06
3.77064e-06
7.80555e-06
1.66248e-05
1.41959e-06
3.8016e-06
4.20651e-06
4.93787e-06
4.52372e-06
2.34431e-06
7.74975e-06
5.39005e-06
2.16335e-06
4.78577e-06
1.22253e-05
1.17563e-05
8.38069e-06
2.66642e-06
7.62449e-07
5.2151e-07
5.67561e-07
6.73261e-07
2.63851e-06
2.84431e-06
2.47978e-06
5.57516e-06
3.40862e-06
4.20533e-06
2.52309e-06
3.29612e-06
7.85474e-06
2.09634e-05
1.93481e-05
1.58222e-05
2.04928e-05
3.63028e-05
4.49897e-05
4.31629e-05
1.77222e-05
3.56808e-06
1.80173e-06
7.33775e-06
9.12349e-06
6.06835e-06
6.44358e-06
2.23598e-06
5.215e-06
5.45994e-06
9.47751e-06
5.16781e-06
6.57308e-06
6.25006e-06
9.73434e-07
1.62898e-06
4.13697e-06
1.1973e-06
2.51252e-06
3.34062e-06
2.67045e-06
1.97661e-06
1.28835e-06
1.87171e-06
6.5437e-06
3.64459e-06
2.43594e-06
6.75689e-06
1.43514e-05
1.91526e-05
1.66535e-05
1.42199e-05
1.14662e-05
1.2923e-05
1.57543e-06
3.71037e-07
3.784e-06
1.11319e-05
4.15301e-05
5.11e-05
3.2398e-05
2.12127e-06
1.92817e-06
1.36964e-05
2.9777e-05
2.93778e-05
2.77603e-05
2.4635e-05
4.32359e-06
4.34243e-06
3.91868e-06
2.09305e-05
5.14431e-06
2.97075e-06
3.38862e-06
3.09602e-06
7.61816e-06
8.00416e-06
1.01937e-05
1.66341e-05
3.04448e-05
3.90089e-05
2.54745e-05
1.47581e-05
9.44866e-06
2.39203e-06
1.33808e-06
2.54917e-06
4.07042e-06
1.64798e-05
2.70899e-05
2.15133e-05
3.24983e-06
3.03258e-06
3.72753e-06
4.08248e-06
2.52874e-06
8.94392e-07
1.82297e-05
3.62505e-05
3.21827e-05
6.22266e-06
7.77601e-07
1.06666e-06
1.9654e-06
2.39527e-05
3.30236e-05
1.88435e-05
5.02931e-06
2.02295e-06
2.21798e-06
1.60828e-06
4.73708e-06
3.65752e-06
1.97736e-06
4.21801e-06
1.06579e-05
1.04195e-05
1.09396e-05
2.81542e-05
4.14625e-05
3.4526e-05
1.20514e-05
1.87504e-06
3.76979e-06
2.96509e-06
5.08565e-07
2.0554e-06
3.58762e-06
2.96087e-06
1.65695e-06
1.14689e-05
2.41768e-05
1.74665e-05
2.31765e-06
1.13651e-06
6.57201e-06
1.99281e-05
3.23443e-05
4.16139e-05
4.43899e-05
3.49016e-05
7.13671e-06
3.44555e-06
3.71195e-06
3.05522e-06
2.68381e-06
8.12261e-06
1.10465e-05
2.26773e-06
2.37243e-06
5.09658e-06
4.74783e-06
2.67793e-06
1.4233e-06
1.37957e-06
6.7362e-06
1.91232e-05
2.13816e-05
1.27616e-05
1.34142e-05
2.43636e-05
1.4842e-05
2.61362e-06
6.4823e-07
6.39935e-06
3.57634e-06
1.40484e-06
3.12347e-06
4.55761e-06
1.98596e-05
6.46583e-06
1.1219e-06
2.42978e-06
2.76703e-06
7.75075e-06
1.03014e-05
1.05568e-05
1.39329e-05
2.86964e-05
3.8081e-05
1.99368e-05
3.56233e-06
2.73591e-06
3.60179e-06
5.7396e-06
7.52363e-06
5.83953e-06
1.8858e-06
3.57724e-06
1.60262e-05
5.69296e-06
4.25682e-06
3.08226e-06
1.55777e-06
1.71973e-06
2.152e-06
1.49629e-06
2.13258e-06
6.55593e-06
4.65508e-06
3.95879e-06
2.55258e-06
2.68209e-07
2.06787e-06
2.74845e-06
1.31436e-06
7.7836e-07
3.55484e-06
4.6229e-06
4.55621e-06
3.84551e-06
2.81012e-06
1.39372e-06
1.10413e-06
2.26117e-06
7.65912e-06
1.88623e-05
1.64146e-05
3.12431e-06
3.04711e-06
3.19659e-06
2.42033e-06
1.26082e-05
1.31531e-05
5.79869e-06
8.58961e-07
2.48258e-06
2.63146e-06
3.92258e-06
1.86211e-05
2.79343e-05
1.38015e-05
8.49625e-07
3.49114e-07
7.53576e-07
1.51551e-06
1.73258e-06
2.39531e-06
1.11622e-06
1.17541e-06
1.26309e-05
1.70807e-05
1.08132e-05
7.82245e-06
7.63939e-06
6.31374e-06
5.0745e-06
1.83111e-06
2.31681e-06
1.00016e-06
2.22581e-06
3.3204e-06
4.30449e-06
7.05883e-06
5.33535e-06
2.77347e-06
6.24568e-07
7.14468e-06
1.06776e-05
6.93308e-06
4.65774e-06
3.83213e-06
3.79022e-10
2.76082e-10
1.05082e-10
2.29466e-11
1.2925e-10
6.971e-10
1.38314e-09
1.59749e-09
1.70797e-09
1.53122e-09
7.45421e-10
6.73477e-11
1.66068e-11
1.51524e-10
1.1278e-11
3.67967e-11
8.74183e-10
2.98517e-09
1.46598e-09
9.11247e-11
1.51853e-09
1.57129e-09
2.64301e-10
5.13857e-10
3.11852e-10
2.21662e-10
7.73589e-11
1.25661e-09
3.36463e-09
2.26462e-09
9.24968e-10
5.023e-10
4.61924e-10
2.0222e-09
1.21804e-08
1.88292e-08
9.31755e-09
2.15632e-09
5.38198e-10
3.58405e-10
5.72183e-09
1.88178e-09
9.87062e-10
1.3371e-09
1.78969e-10
7.24646e-10
6.12889e-09
1.44437e-08
1.95394e-08
2.31438e-08
1.43625e-08
1.81967e-09
2.63046e-12
2.47906e-10
1.03093e-11
9.40537e-10
1.04593e-08
4.67079e-08
4.95795e-08
4.42294e-09
8.3619e-09
1.72992e-08
4.65943e-09
3.65147e-09
1.49008e-09
6.12397e-10
1.28414e-09
8.95683e-09
2.95576e-08
3.27472e-08
1.59986e-08
3.68914e-09
3.40632e-09
2.11293e-09
1.98862e-08
7.93127e-08
8.29737e-08
4.04823e-08
1.6041e-08
9.11372e-09
2.34086e-07
6.08318e-08
2.9716e-09
4.46295e-09
9.06065e-09
2.90151e-09
1.33627e-09
9.95957e-09
4.05721e-08
7.82477e-08
1.06735e-07
3.22891e-08
5.73967e-10
1.98343e-10
7.33919e-11
1.58674e-09
1.84501e-08
8.52443e-08
2.8045e-07
3.17459e-07
2.73389e-08
2.09409e-08
2.93631e-08
8.36713e-09
4.85638e-09
8.99874e-09
1.18662e-08
4.32465e-09
1.72014e-08
1.05758e-07
1.16644e-07
1.42802e-08
3.3868e-08
2.4992e-08
1.12497e-08
6.15207e-08
1.76546e-07
2.41303e-07
2.44282e-07
2.66004e-07
5.3184e-06
4.53657e-06
4.13858e-07
4.6321e-09
4.90544e-08
4.06456e-08
4.41089e-08
4.05924e-08
9.65052e-09
5.97697e-08
1.70648e-07
1.41631e-07
1.05207e-08
6.70702e-10
1.25215e-09
1.20705e-09
3.39517e-08
1.6622e-07
2.88125e-07
3.58628e-07
7.61078e-07
1.51332e-07
1.67434e-08
8.39008e-08
4.80171e-08
2.71571e-08
4.22681e-08
5.09577e-08
5.50674e-08
3.02794e-09
5.39195e-08
8.42396e-08
1.35547e-07
3.44272e-07
6.43789e-08
2.47e-08
7.29843e-08
3.4769e-07
1.00794e-06
2.28973e-06
9.88887e-06
2.22318e-05
1.83704e-05
1.77876e-06
1.09703e-08
1.40806e-07
2.11496e-07
4.18936e-07
2.18929e-07
1.69386e-08
1.07524e-07
2.31264e-07
3.53324e-08
3.39738e-09
1.09363e-08
5.21379e-09
1.90119e-08
2.50445e-07
9.68483e-07
1.80272e-06
5.95424e-07
7.19933e-07
2.06913e-07
8.07941e-08
5.8299e-07
2.50522e-07
5.36996e-08
1.68061e-08
3.27983e-08
1.85e-07
3.72705e-07
1.43655e-07
2.48528e-07
2.48454e-07
7.71465e-07
1.31548e-07
2.65987e-08
7.60554e-08
1.03992e-06
3.39451e-06
4.03467e-06
1.19864e-05
2.45188e-05
1.66909e-05
9.98813e-06
2.55599e-07
2.06948e-07
7.66446e-07
1.3403e-06
2.57091e-07
4.32297e-08
2.16283e-07
2.19533e-07
2.18678e-08
6.7733e-08
3.69773e-08
3.00841e-08
1.58946e-07
9.20334e-07
4.58714e-06
1.09572e-05
1.0183e-06
1.26511e-06
2.61574e-07
1.50154e-06
5.10522e-06
6.45163e-07
6.90809e-11
2.073e-08
9.32059e-08
6.52707e-07
1.23189e-06
2.15644e-07
4.35559e-06
1.9391e-06
1.44707e-06
1.23728e-07
1.18987e-08
1.47133e-07
2.39322e-06
2.07593e-06
2.36732e-06
4.69467e-06
9.88108e-06
4.87982e-06
1.09051e-05
1.44516e-06
2.60353e-07
2.1386e-06
9.85327e-07
1.5045e-07
5.35981e-08
3.60516e-07
2.70195e-07
3.60934e-07
2.13153e-07
7.61143e-08
1.05587e-07
7.59378e-07
1.13659e-06
7.05699e-06
1.11452e-06
2.29064e-07
1.15801e-06
3.70718e-07
3.62583e-06
8.97097e-07
3.05851e-06
3.86211e-08
2.70006e-07
1.10717e-06
1.45474e-06
2.7248e-07
3.5698e-06
1.28856e-05
9.01907e-06
1.87122e-06
3.1322e-08
1.35275e-08
6.64553e-07
9.02503e-07
9.97141e-07
6.77964e-07
4.25195e-07
6.69546e-07
4.57643e-06
1.3431e-05
1.06409e-06
8.50789e-07
1.8771e-06
3.85002e-07
1.51274e-07
4.62757e-07
9.73187e-07
8.95508e-07
7.13685e-07
2.89818e-07
4.41144e-08
1.2159e-06
1.02609e-06
3.23954e-07
9.10697e-07
8.78073e-07
2.69133e-07
3.96711e-06
7.10592e-07
3.48733e-06
1.6243e-06
3.26275e-07
2.04694e-06
2.23076e-06
1.34651e-06
4.95733e-07
2.60383e-07
6.11504e-06
3.53409e-05
3.30879e-05
2.30202e-06
8.42106e-08
6.01038e-08
1.06205e-07
4.14991e-07
2.97573e-07
1.60355e-07
1.40086e-07
3.72292e-07
1.10675e-05
9.68207e-06
7.35477e-07
8.86852e-07
7.23259e-07
6.26115e-07
1.11386e-06
1.83416e-06
1.57926e-06
1.30695e-06
8.71695e-07
4.66474e-07
4.30838e-06
8.08078e-06
8.70299e-07
3.14446e-07
1.29558e-06
2.12763e-06
6.98331e-07
8.41396e-06
1.40478e-06
3.23226e-06
1.39607e-07
1.62404e-08
3.55484e-06
3.41064e-07
3.31673e-07
2.66629e-07
7.07575e-07
2.31948e-05
5.57685e-05
5.31439e-05
1.48521e-06
7.62363e-07
7.62286e-07
6.81054e-07
2.83942e-07
4.36057e-07
5.46709e-07
6.8655e-07
5.34254e-07
5.78223e-06
4.19822e-06
7.20323e-07
9.14147e-07
1.10856e-06
1.85847e-06
2.96753e-06
2.59089e-06
1.91257e-06
1.0061e-06
3.50767e-07
3.52433e-06
1.45994e-05
1.84868e-05
2.33249e-06
1.27508e-06
4.72563e-06
1.85434e-06
8.5329e-07
3.73484e-06
1.72777e-06
4.31914e-06
2.36264e-07
3.62945e-07
7.24673e-06
1.71512e-06
1.52497e-07
1.46752e-07
4.51317e-06
4.50301e-05
6.43111e-05
2.88403e-05
2.34633e-07
2.12722e-06
1.25672e-06
4.87124e-07
4.45036e-06
4.86032e-06
2.60452e-06
3.33307e-06
2.95156e-06
2.08886e-06
2.14834e-06
1.74567e-05
2.99189e-06
1.30173e-06
3.06483e-06
3.35141e-06
2.52511e-06
1.08563e-06
6.38203e-08
2.38326e-06
1.48262e-05
1.88458e-05
1.86542e-05
1.04888e-05
9.31167e-06
9.67949e-06
7.95172e-07
1.22366e-06
9.64949e-07
4.11843e-07
1.13384e-06
4.14322e-06
2.85029e-06
4.26344e-06
4.72128e-06
6.407e-08
8.10855e-07
6.63014e-06
3.0528e-05
3.40091e-05
9.8325e-07
1.73678e-06
1.26174e-06
1.92825e-06
1.24623e-05
1.49723e-05
1.03372e-05
8.8123e-06
8.00717e-06
3.4834e-06
1.78604e-06
4.37496e-05
1.64949e-05
9.07161e-07
2.01143e-06
3.37483e-06
4.37073e-06
3.38803e-06
2.39468e-07
7.56131e-06
1.46354e-05
1.02531e-05
1.02041e-05
2.23094e-05
2.95985e-05
1.47121e-05
4.4551e-06
1.28909e-06
9.22553e-06
1.61433e-06
3.68489e-06
4.05305e-06
4.2484e-06
3.54421e-06
2.0027e-06
5.09617e-07
7.92248e-07
2.69777e-06
6.22471e-06
7.27744e-06
3.07482e-06
1.08749e-06
1.89687e-06
1.40394e-06
3.73935e-06
5.53863e-06
7.13159e-06
1.10114e-05
1.08119e-05
3.93245e-06
4.39293e-07
3.85743e-05
3.21214e-05
5.44609e-06
8.03133e-07
1.93679e-06
1.86246e-06
3.70562e-06
1.43806e-06
1.43163e-05
1.58644e-05
2.04596e-06
1.36368e-06
8.6806e-06
3.24287e-05
2.08409e-05
2.84955e-06
2.79579e-06
4.9302e-06
4.23682e-06
3.43888e-06
5.32983e-06
4.07085e-06
1.42209e-06
2.40258e-06
2.83036e-06
2.48142e-06
3.05369e-06
3.5315e-06
3.50353e-06
1.86672e-06
6.57285e-06
1.29894e-05
5.21917e-07
5.22821e-06
4.84175e-06
3.32232e-06
1.90208e-06
4.29137e-06
5.86223e-07
2.06404e-06
1.51189e-05
2.64051e-05
3.36307e-05
2.83805e-05
5.90474e-06
3.42829e-06
1.66571e-06
6.37358e-07
1.97018e-05
2.65623e-05
5.8355e-06
8.07912e-08
1.20894e-07
1.10785e-05
1.54405e-05
7.17009e-07
2.86023e-06
2.63105e-06
2.80501e-06
2.65412e-06
2.74162e-06
1.67735e-06
6.46716e-07
7.37604e-07
8.88685e-06
8.37877e-06
5.39217e-06
5.89632e-06
4.29727e-06
2.32138e-06
5.33968e-06
9.50157e-06
1.87282e-06
3.69846e-06
3.99034e-06
3.11355e-06
2.08991e-05
1.26067e-05
7.69778e-06
2.96354e-06
2.45793e-06
4.7238e-06
2.75562e-05
3.53681e-05
1.65407e-05
8.06906e-06
3.19886e-06
8.93284e-07
1.1909e-05
1.79858e-05
2.11391e-05
3.17557e-06
2.26712e-06
2.15835e-06
2.63979e-06
8.52819e-07
4.33307e-06
3.67205e-06
1.8006e-06
1.76237e-06
1.46374e-06
1.45675e-06
1.99625e-06
5.11594e-06
2.95817e-06
1.45429e-06
1.83111e-05
1.45295e-05
6.97653e-06
4.99915e-06
4.62654e-06
1.88941e-06
1.78547e-05
4.25132e-06
4.22303e-06
2.43206e-06
1.81998e-05
9.13674e-06
5.59623e-06
1.88016e-06
1.68699e-06
3.94038e-06
2.45272e-05
2.99328e-05
1.46683e-05
1.07017e-05
1.46014e-05
1.57881e-05
1.18407e-05
6.63276e-06
5.4065e-06
7.22852e-06
2.28961e-06
2.38082e-06
1.43285e-06
1.55311e-06
2.72795e-06
4.7583e-06
4.77299e-06
8.11163e-06
1.04828e-05
4.54216e-06
2.72529e-06
2.23274e-05
1.2406e-05
3.15039e-06
3.75241e-06
3.6109e-06
5.74382e-06
5.55937e-06
4.53125e-06
2.68789e-06
3.58529e-05
3.16844e-05
6.40801e-07
3.78985e-06
4.67653e-06
2.83105e-06
1.64966e-06
4.93607e-06
8.16365e-06
1.97075e-05
1.83939e-05
1.16333e-05
2.29919e-06
9.47949e-08
1.2736e-06
5.49149e-06
1.03777e-05
8.29739e-06
3.92978e-06
2.64202e-06
1.33622e-06
6.20648e-07
1.12149e-06
1.96894e-06
1.96391e-06
1.74512e-06
7.03945e-06
2.35144e-05
2.14472e-05
6.00322e-06
3.21842e-06
4.2255e-06
1.43666e-05
3.79966e-06
2.70965e-06
2.61726e-06
6.12754e-06
1.02294e-05
4.71014e-06
1.51917e-05
3.18902e-05
1.33225e-05
2.64303e-06
3.79938e-06
8.0763e-06
4.96983e-06
5.75019e-06
1.10317e-05
1.82522e-06
6.24555e-07
2.28448e-06
4.68434e-06
7.79649e-06
6.5906e-06
1.73527e-06
2.89419e-06
7.6452e-06
6.69996e-06
4.88647e-06
3.39127e-06
2.38866e-06
9.56422e-07
1.93152e-06
2.33523e-06
1.90972e-06
4.47029e-07
4.33165e-06
2.78505e-05
3.20532e-05
1.11976e-05
3.257e-06
3.91786e-06
1.06737e-05
1.22824e-05
3.71276e-06
2.43673e-06
2.87646e-06
6.5564e-06
2.58267e-06
7.97205e-06
2.85516e-05
4.74432e-06
1.05891e-06
4.53317e-06
1.92135e-06
5.76623e-06
6.93803e-07
7.85161e-06
9.7616e-06
4.25518e-06
2.46144e-06
4.13827e-06
7.40079e-07
2.12537e-06
7.76566e-06
3.14255e-06
3.16525e-06
2.18128e-06
2.67767e-06
3.65027e-06
2.91536e-06
1.51682e-06
1.89933e-06
2.12089e-06
1.63072e-06
1.26515e-06
6.68643e-06
1.99733e-05
2.9431e-05
2.5367e-05
1.65849e-05
1.98482e-05
2.58225e-05
3.22197e-05
1.71281e-05
1.07863e-06
2.11221e-06
3.1151e-06
4.45799e-06
3.91879e-06
1.06879e-05
1.43903e-05
5.79639e-06
1.4075e-05
2.31886e-06
6.55667e-07
3.57365e-06
3.97337e-06
5.97939e-06
6.33233e-06
3.64641e-06
9.85272e-07
5.4681e-06
4.13577e-06
1.5031e-06
2.13916e-06
1.99374e-06
1.4925e-06
1.91212e-06
3.03741e-06
3.39593e-06
1.83541e-06
1.76026e-06
4.84436e-06
5.08679e-06
5.08136e-06
6.15608e-06
1.01337e-05
1.85244e-05
1.54013e-05
1.53271e-06
7.21802e-07
1.88908e-05
3.95525e-05
4.43825e-05
1.8559e-05
1.41595e-06
4.73854e-06
2.06918e-06
1.80497e-06
7.8421e-06
3.3545e-06
1.25181e-06
3.05508e-06
1.33361e-05
2.65845e-06
2.51381e-06
2.26032e-06
5.00891e-06
7.18022e-06
7.33745e-06
5.38786e-06
1.67082e-06
5.87838e-06
1.09313e-05
1.15479e-05
1.0057e-05
6.09352e-06
2.49461e-06
2.37528e-06
3.43674e-06
1.43117e-06
1.05166e-06
1.99511e-06
3.19911e-06
1.00943e-05
2.81785e-05
3.55253e-05
2.91132e-05
1.00104e-05
5.43336e-07
4.08749e-06
9.36719e-06
3.24235e-05
4.07476e-05
3.25903e-05
7.84599e-06
2.67e-06
1.54128e-06
3.83085e-07
1.50761e-08
8.08224e-07
9.78524e-07
1.40854e-06
7.33241e-07
2.45526e-07
2.57188e-06
2.537e-06
4.85966e-06
6.83973e-06
7.50185e-06
7.24015e-06
4.69679e-06
3.51569e-06
1.20215e-05
3.78905e-05
4.62717e-05
3.32994e-05
1.56523e-05
6.39414e-06
5.01207e-06
1.55456e-06
1.54053e-06
2.36034e-06
2.30826e-06
2.2843e-06
3.28301e-06
2.62389e-05
3.65214e-05
1.82621e-05
3.87786e-06
2.74462e-07
2.41063e-05
4.06356e-05
4.50237e-05
3.94855e-05
1.80778e-05
5.20162e-06
3.60768e-06
3.83276e-06
4.37062e-06
3.57682e-06
2.77676e-06
6.68116e-07
2.49932e-06
3.07609e-06
2.65393e-06
2.47454e-06
1.55046e-06
3.05278e-06
8.12117e-06
1.26904e-05
1.24878e-05
6.85201e-06
2.25488e-06
1.24461e-06
6.04387e-06
1.20916e-05
9.50255e-06
6.55929e-06
7.7967e-06
2.9737e-06
1.61521e-06
2.62243e-06
3.2107e-06
2.98002e-06
2.84673e-06
3.04285e-06
9.75152e-06
2.28003e-05
1.39545e-05
2.5403e-06
5.80254e-06
1.20754e-05
1.6885e-05
1.90042e-05
1.20535e-05
5.84738e-06
1.64144e-06
2.76475e-06
4.07733e-06
3.457e-06
2.91176e-06
3.86534e-06
5.80373e-06
1.59412e-06
1.11281e-06
2.90795e-06
1.50325e-06
2.66972e-06
5.93729e-06
6.67669e-06
5.00127e-06
6.7908e-06
1.00449e-05
7.75737e-06
3.61521e-06
1.87034e-06
1.57372e-06
1.65976e-06
2.10138e-06
4.10068e-06
3.62372e-06
8.03526e-07
2.57657e-06
1.16067e-06
9.55276e-07
3.14803e-06
7.00026e-06
9.5874e-06
8.95157e-06
6.7238e-06
4.90846e-06
6.79109e-06
9.22931e-06
3.18317e-06
2.06203e-07
8.79732e-07
2.02937e-05
1.53012e-05
5.14085e-06
2.16609e-06
4.77789e-06
1.84968e-06
8.67123e-07
4.21432e-06
9.3967e-06
6.86272e-06
1.00898e-06
1.69212e-08
4.52274e-08
1.25608e-06
4.33388e-06
4.11443e-06
3.00054e-06
4.07821e-06
6.50509e-06
5.02192e-06
4.92777e-06
7.43348e-06
8.65439e-06
5.65497e-06
8.54687e-07
6.00651e-06
1.63195e-05
9.06205e-06
2.50462e-07
8.69033e-07
2.27297e-06
5.91765e-07
1.93682e-06
2.71123e-06
1.3506e-06
1.45478e-06
7.74283e-06
1.37646e-05
1.44577e-05
1.71945e-05
2.75856e-10
7.51122e-10
1.6732e-09
2.08702e-09
1.3258e-09
1.80302e-09
7.23195e-09
1.05035e-08
1.1621e-09
2.75664e-10
7.73195e-10
3.55991e-10
2.54407e-10
2.52553e-10
5.73364e-10
1.39742e-09
1.4808e-09
6.87766e-10
2.99398e-10
4.46791e-10
6.02305e-10
7.00964e-10
2.97227e-10
1.93151e-11
1.38381e-09
2.56851e-09
7.96406e-10
7.53701e-11
4.43003e-10
3.79128e-10
1.91704e-10
1.90658e-11
6.95493e-10
5.43303e-09
5.82837e-09
2.88181e-09
1.37898e-09
6.88127e-10
1.26965e-10
7.21328e-12
1.04684e-09
1.08907e-08
1.43407e-08
7.88874e-09
5.42824e-09
5.68654e-09
1.06192e-08
3.28661e-08
1.89354e-08
1.14977e-09
7.64867e-09
9.51564e-09
6.21035e-09
9.17803e-09
1.11808e-08
6.95043e-09
3.85749e-09
2.74025e-09
1.93281e-09
3.78493e-09
5.51125e-09
7.72436e-09
2.90002e-09
1.21754e-10
5.89881e-09
1.605e-08
7.87577e-09
1.02198e-09
4.52067e-09
9.90934e-09
7.8717e-09
4.7175e-10
4.11616e-09
4.24979e-08
7.23774e-08
5.40496e-08
2.81418e-08
1.40744e-08
6.16634e-09
2.93792e-10
9.5523e-10
3.58469e-08
8.93461e-08
1.21059e-09
1.48119e-08
1.30384e-09
1.60143e-08
3.6301e-08
2.90881e-08
8.3612e-09
6.75739e-09
2.89468e-08
4.0593e-08
2.84756e-08
5.2586e-08
3.98291e-08
2.62057e-09
8.6633e-09
5.41271e-09
2.50304e-10
7.50836e-09
2.30948e-08
2.29178e-08
2.25444e-09
1.8364e-09
5.17477e-09
7.49339e-09
7.30733e-09
1.93398e-09
1.52495e-08
9.47451e-08
1.11859e-07
2.75572e-09
6.05542e-08
2.4628e-07
3.16126e-07
2.33605e-07
1.24627e-07
7.71433e-08
4.27842e-08
7.26648e-07
1.37603e-08
3.74045e-07
3.86771e-07
1.40771e-06
1.26602e-05
1.09917e-06
1.53696e-08
4.57086e-08
1.35788e-08
2.03894e-08
2.26667e-08
8.83179e-08
9.7276e-08
4.14003e-08
9.34042e-08
3.95685e-08
2.2094e-08
4.9511e-07
9.09395e-07
1.71072e-08
8.69242e-09
5.357e-08
2.50346e-08
1.47065e-09
3.7234e-09
2.74023e-09
4.39528e-08
1.86018e-08
5.33216e-09
3.86739e-08
3.74045e-07
4.76826e-07
3.30619e-09
2.98377e-07
1.0943e-06
1.48836e-06
1.05606e-06
7.78186e-07
1.00265e-06
4.02149e-06
6.05107e-06
4.1274e-07
5.29131e-07
1.30707e-06
5.07261e-06
1.12615e-05
1.79574e-05
2.3845e-08
9.48157e-08
6.07232e-08
5.06402e-08
5.00307e-08
1.39488e-07
1.35289e-07
2.42336e-08
1.8077e-07
1.80807e-07
3.51744e-07
4.08635e-06
5.35242e-06
2.92962e-06
2.95684e-08
8.66495e-08
2.23935e-08
8.82761e-09
2.87064e-08
1.84903e-07
2.81883e-06
5.28939e-08
1.76793e-08
1.36415e-07
7.35984e-07
3.55734e-07
1.01994e-07
2.62536e-06
7.46365e-06
8.9726e-06
6.18217e-06
5.56731e-06
6.23022e-06
5.84407e-06
8.25512e-06
1.75966e-06
3.3018e-07
1.47844e-06
2.21642e-06
9.59231e-06
1.28724e-05
1.1115e-07
3.58571e-07
1.64871e-07
5.86084e-08
1.38103e-07
2.24638e-07
3.01555e-07
2.39568e-07
8.16123e-07
9.39774e-07
1.06844e-06
4.1174e-06
1.47763e-07
1.02314e-06
1.37413e-06
8.41296e-07
4.16637e-07
5.69345e-07
8.95147e-07
1.24124e-07
2.54677e-06
9.52963e-08
5.47684e-08
4.93012e-07
7.31284e-07
6.29973e-08
3.65336e-06
1.25961e-05
2.02635e-05
2.03525e-05
1.25927e-05
1.02575e-05
5.43178e-06
4.53859e-06
4.5512e-06
4.08655e-06
9.04894e-07
1.86522e-06
4.97345e-06
1.2144e-05
2.47027e-06
4.80318e-07
2.46607e-07
1.15804e-07
4.2688e-07
3.70196e-07
8.01192e-07
1.28612e-06
2.06962e-06
2.40077e-06
8.32222e-07
1.60799e-07
1.33184e-07
3.93131e-07
1.86557e-06
5.71161e-06
3.41099e-06
3.15594e-06
6.98589e-07
7.01047e-07
4.09261e-07
3.53148e-08
5.29909e-07
3.49669e-07
9.62432e-07
3.57254e-07
9.68114e-07
7.53424e-06
1.93862e-05
2.56951e-05
2.32779e-05
1.61217e-05
4.98277e-06
3.40028e-06
2.42107e-06
2.02028e-06
3.65927e-06
2.96615e-06
1.75785e-06
5.42974e-06
2.10661e-06
1.00381e-06
9.1414e-07
8.19241e-08
3.61872e-06
2.74204e-06
2.03517e-06
1.24969e-06
2.94438e-06
3.35269e-06
1.24146e-06
5.43724e-07
7.76976e-07
4.48124e-07
2.44486e-06
1.09283e-05
6.06439e-06
4.1495e-06
2.16444e-05
4.29635e-07
7.74523e-06
1.31247e-06
1.50943e-06
1.44164e-07
5.35519e-07
8.17608e-07
6.54487e-07
1.63206e-06
7.72206e-06
2.3336e-05
2.8343e-05
4.28866e-06
3.05682e-06
4.08424e-06
3.14723e-06
4.36972e-08
1.45987e-06
2.45864e-06
3.38381e-07
3.00375e-06
3.01293e-06
1.57862e-06
2.13886e-06
2.63339e-07
4.74726e-06
4.39919e-06
3.64357e-06
2.19465e-06
2.01819e-06
2.64604e-06
1.42641e-06
2.60555e-07
5.12784e-07
2.43198e-06
1.83267e-06
1.12765e-05
1.50322e-05
1.72612e-06
3.47999e-06
1.51271e-05
1.70579e-06
1.55592e-05
1.94911e-06
1.90206e-06
2.78013e-07
5.07149e-07
1.05375e-06
2.87876e-06
2.26474e-06
1.32047e-06
3.37928e-06
4.33827e-07
2.62602e-06
4.16011e-06
1.78177e-06
1.43849e-07
3.98111e-06
4.86989e-06
1.52102e-06
1.78764e-06
4.75348e-06
3.89777e-06
3.28917e-06
5.8684e-07
1.87927e-06
4.84419e-06
2.73478e-06
3.12011e-06
1.69803e-06
2.00332e-06
1.164e-06
6.3941e-08
2.49449e-07
3.19206e-06
1.01529e-06
3.96489e-06
2.12252e-05
6.37234e-06
1.77937e-06
6.21014e-07
1.56293e-05
6.29603e-06
2.38426e-06
4.68655e-07
4.3496e-07
2.07921e-07
9.36579e-08
8.77057e-07
1.6054e-06
9.06327e-07
4.40285e-07
1.07465e-06
2.95667e-06
3.8825e-06
2.35194e-06
3.02131e-06
1.41504e-05
2.04962e-05
1.29091e-05
2.20534e-07
3.8347e-06
1.57105e-05
4.77297e-06
1.80359e-06
5.81453e-07
3.82317e-06
2.91793e-06
3.18007e-06
1.9291e-06
1.47315e-06
6.13246e-07
6.71969e-08
1.06513e-07
2.91895e-06
1.32691e-06
2.75317e-06
8.11345e-06
8.00168e-06
2.38338e-06
2.16144e-06
6.54812e-06
4.98983e-06
1.13543e-06
4.1089e-07
2.07164e-06
4.12539e-06
4.60146e-07
2.90414e-08
9.57965e-08
1.70329e-07
3.50677e-07
2.49361e-06
3.62886e-06
2.54358e-06
3.1284e-06
9.76718e-06
2.82117e-05
4.48655e-05
3.44867e-05
1.41763e-05
1.63479e-06
1.61274e-05
2.77923e-05
2.06355e-06
7.8224e-07
1.86111e-06
2.72328e-06
2.6147e-06
2.14891e-06
1.64852e-06
5.15667e-07
2.54491e-07
1.40019e-06
6.57033e-07
1.31019e-06
1.97844e-06
3.52326e-06
5.30437e-06
1.9442e-06
1.85377e-06
3.10481e-06
1.87381e-06
1.60046e-06
8.97219e-07
2.55496e-06
5.928e-07
3.16222e-06
9.90721e-07
9.68877e-07
1.90252e-06
1.1835e-06
1.05453e-05
2.96937e-06
4.19115e-06
1.77156e-06
8.22086e-06
2.56499e-05
4.45955e-05
3.52338e-05
7.923e-06
8.93645e-07
1.28053e-05
3.57277e-05
7.82088e-06
4.57267e-06
2.28692e-06
1.51939e-07
1.25832e-06
3.50251e-06
2.06454e-06
7.81951e-07
9.61203e-07
1.71178e-06
1.61563e-06
2.06939e-07
1.94629e-06
2.9623e-06
1.89994e-06
1.36242e-06
2.07412e-06
1.14458e-05
2.46208e-06
2.57041e-06
1.09208e-06
7.81644e-07
1.20697e-06
9.55062e-07
1.68049e-06
2.68627e-06
4.11187e-06
2.68137e-05
3.36439e-05
4.7329e-06
4.84629e-06
7.46033e-06
5.72202e-07
1.21106e-05
3.70642e-05
3.09783e-05
2.92623e-06
1.81367e-06
2.02896e-05
3.87225e-05
2.53702e-05
4.1955e-06
7.58157e-06
4.55122e-06
9.10875e-06
9.12173e-06
1.87472e-06
4.17806e-07
8.27164e-07
4.51649e-07
7.51915e-07
1.75061e-07
3.46865e-07
1.13084e-06
5.19608e-07
7.21077e-07
6.10361e-07
1.79147e-05
1.39331e-05
2.9246e-06
3.70767e-06
1.94618e-06
2.38244e-07
1.8177e-07
6.11692e-07
1.91545e-06
1.38724e-06
3.05435e-05
2.99498e-05
8.88959e-06
7.9601e-06
1.70042e-05
4.72418e-06
3.72865e-06
2.01273e-05
1.98727e-05
5.47517e-06
3.61095e-06
2.34146e-05
3.65185e-05
3.557e-05
1.11885e-05
4.6011e-06
2.01408e-05
4.06012e-05
4.68713e-05
1.1634e-05
5.4929e-07
1.79199e-06
1.84371e-06
1.61102e-06
6.77013e-07
3.51296e-08
7.33853e-07
1.06197e-06
6.11641e-07
2.8083e-07
7.28983e-06
1.47581e-05
7.17392e-06
8.36961e-06
1.51307e-05
1.12401e-05
6.95894e-06
4.28753e-06
2.52951e-06
7.45998e-07
1.90337e-06
6.13256e-06
7.42972e-06
1.0193e-05
2.19912e-05
1.9066e-05
2.78789e-07
2.9043e-06
4.72555e-06
3.78011e-06
2.62705e-06
2.0103e-05
3.76264e-05
3.91203e-05
3.34522e-05
2.16515e-05
1.33392e-05
3.01715e-05
4.95469e-05
4.8086e-05
1.3012e-05
1.33386e-06
2.89481e-06
3.65443e-06
2.67788e-06
6.53024e-07
1.93295e-06
3.46039e-06
1.57689e-06
5.11016e-07
6.05205e-06
1.02231e-05
4.48055e-06
1.72933e-06
1.95704e-05
1.71943e-05
3.08187e-07
4.09125e-06
2.93447e-06
1.03992e-06
1.38465e-06
7.27667e-06
5.64829e-06
7.84206e-06
2.89901e-05
1.09538e-05
8.55743e-07
2.65908e-06
8.46847e-06
6.30922e-06
2.59485e-06
8.38664e-06
3.82654e-05
3.93382e-05
1.85187e-05
4.14216e-07
8.34915e-07
8.27935e-08
1.96286e-05
4.3878e-05
4.10821e-05
2.76869e-05
1.17989e-05
2.98031e-06
2.80923e-06
4.39675e-06
2.612e-06
3.75505e-06
3.07378e-06
5.25701e-06
2.1188e-05
5.97491e-06
2.64228e-06
7.80032e-07
8.20056e-06
1.31461e-05
2.12917e-06
2.65823e-06
2.01582e-06
5.56976e-06
4.83242e-06
1.34552e-06
1.96216e-06
6.9398e-06
9.52042e-06
3.53699e-06
4.72423e-06
1.51622e-06
7.1623e-06
2.73583e-05
2.51396e-06
2.58847e-06
6.11077e-06
1.51444e-05
1.18645e-05
5.17705e-06
1.71361e-06
3.7511e-07
2.29203e-06
1.16469e-05
2.14876e-05
2.15207e-05
1.07507e-05
4.37094e-06
2.30063e-06
2.27659e-06
4.67877e-06
4.46475e-06
2.54583e-06
5.64569e-06
9.46969e-06
2.54876e-06
2.37049e-06
9.37864e-07
8.94502e-06
5.56124e-06
2.97139e-06
2.85175e-06
3.15075e-06
5.43179e-06
5.06308e-06
8.38829e-06
5.54816e-06
2.49607e-06
3.59102e-06
2.42418e-06
1.09912e-06
5.49685e-07
1.53581e-06
1.34802e-05
1.74886e-05
2.39912e-07
1.64325e-06
3.18713e-06
4.95382e-06
1.98845e-06
1.71448e-06
2.65956e-06
3.21334e-06
3.32909e-06
3.33684e-06
3.06396e-06
2.5423e-06
3.26139e-06
2.56248e-06
1.04028e-06
5.52935e-06
6.20316e-06
6.49402e-06
5.31847e-06
4.17651e-06
2.70681e-06
2.55177e-06
2.28757e-06
6.39794e-06
3.56759e-06
1.87717e-06
1.91739e-06
1.78563e-06
9.92298e-07
9.4272e-06
1.8267e-05
1.23577e-05
3.55695e-06
3.03333e-06
4.74899e-06
5.31282e-07
3.23488e-07
1.57995e-06
4.11138e-06
5.70532e-06
1.19256e-06
2.63289e-06
5.52146e-06
1.80067e-06
8.65597e-08
1.04809e-06
1.08016e-05
8.49157e-06
6.73494e-06
5.46747e-06
4.52776e-06
4.21841e-06
3.84393e-06
2.66194e-06
9.20325e-07
2.21692e-06
9.30266e-06
9.35719e-06
1.04557e-05
1.70965e-05
1.59616e-05
6.57273e-06
3.14252e-06
4.62406e-07
2.82876e-06
2.66951e-06
6.78825e-07
6.53483e-07
2.57956e-06
1.43315e-05
6.3182e-06
3.34328e-06
4.52751e-06
2.08287e-06
5.61304e-06
1.75714e-06
5.19362e-06
1.48206e-05
7.49559e-06
1.19712e-06
3.98038e-06
2.34324e-06
3.40174e-06
3.95684e-06
4.83389e-06
5.97711e-06
6.28028e-06
9.44072e-06
1.16287e-05
1.02424e-05
8.64278e-06
7.62672e-06
6.25934e-06
2.21515e-06
3.87075e-08
1.53783e-06
2.98978e-06
5.52159e-06
1.91888e-05
1.96171e-05
9.27031e-06
9.21528e-06
1.05413e-05
4.50857e-06
1.93642e-06
1.90438e-06
1.48807e-05
2.47126e-05
2.65401e-05
2.53685e-05
9.73722e-06
4.18199e-06
1.45653e-06
6.34027e-06
1.14944e-05
3.41343e-06
7.27318e-07
1.04094e-06
2.02219e-06
1.12354e-06
4.02036e-07
1.07393e-06
3.98292e-06
4.65692e-06
5.23641e-06
4.52786e-06
2.9322e-06
1.11646e-05
2.04465e-05
1.67708e-05
1.10329e-05
8.00557e-06
6.72268e-06
3.48549e-06
1.97781e-06
2.45219e-06
1.19164e-06
1.96479e-06
1.68495e-06
6.46036e-06
1.9644e-05
8.09687e-06
3.48769e-06
1.7174e-06
2.61466e-06
1.45447e-05
3.08882e-05
3.06879e-05
1.99966e-05
1.12057e-05
7.16365e-06
9.98825e-06
1.7404e-05
1.55894e-05
1.91543e-05
2.61275e-05
1.47804e-05
5.66282e-06
2.45449e-06
1.40184e-06
2.52368e-06
5.88854e-07
7.8043e-07
1.46228e-06
1.54646e-06
2.94886e-06
3.29655e-06
3.10859e-06
2.65561e-06
1.86631e-06
8.05356e-07
9.73612e-08
9.43056e-07
1.38876e-06
1.49516e-06
1.4365e-06
1.11192e-06
4.93835e-07
1.06959e-06
6.23221e-06
1.48498e-05
1.40846e-05
3.18804e-06
1.88513e-06
3.61648e-06
6.66217e-06
9.95554e-06
1.19585e-05
1.17944e-05
9.39937e-06
2.85743e-06
2.25189e-06
3.64914e-07
1.72035e-07
8.10262e-07
3.19065e-06
1.50059e-05
8.11895e-06
2.36248e-07
7.60099e-07
8.55478e-07
3.1881e-06
1.43706e-06
4.66591e-07
1.3705e-09
2.3696e-06
8.59251e-06
8.49923e-06
6.02648e-06
4.24633e-06
3.75111e-06
3.83848e-06
2.67975e-06
1.3098e-06
4.92909e-07
9.19386e-07
1.61579e-06
2.3546e-07
3.28217e-06
1.28907e-05
1.45819e-05
7.42514e-06
4.41742e-07
7.39859e-07
1.55194e-06
1.97526e-06
2.61351e-06
2.74915e-06
2.5432e-06
2.78816e-06
1.20951e-06
1.43371e-06
3.34469e-06
2.73164e-06
2.66283e-06
4.0802e-06
2.58038e-06
1.10048e-06
2.94635e-06
4.96388e-06
2.66956e-06
6.13e-09
1.24941e-07
1.51184e-06
6.75516e-06
9.26359e-06
7.31457e-06
2.69267e-06
7.49459e-07
2.56449e-06
2.17659e-06
2.58087e-06
3.43471e-06
3.46154e-06
2.75496e-06
9.64813e-07
2.37014e-06
6.9854e-06
6.45605e-06
5.83752e-06
4.52025e-06
1.61148e-06
1.82807e-06
3.16267e-06
2.63914e-06
2.11671e-06
2.26541e-06
2.81114e-06
2.94961e-06
2.28127e-06
1.4904e-09
1.19363e-09
2.81553e-10
5.17074e-10
2.14888e-09
3.25617e-09
1.71851e-09
5.58434e-10
2.7218e-09
5.82646e-09
4.77181e-09
4.46392e-09
1.42381e-09
9.01967e-11
2.00882e-12
6.19006e-12
2.32976e-10
4.0806e-09
5.31582e-09
5.1639e-10
2.69768e-10
7.78865e-10
1.8438e-10
1.13024e-10
2.80276e-10
3.69176e-10
1.42749e-10
1.53509e-11
1.67412e-11
2.60763e-12
1.21997e-10
7.28014e-10
4.99012e-10
2.66372e-12
3.44955e-10
1.72001e-09
1.25145e-09
1.52145e-10
2.26999e-11
3.08222e-10
1.15031e-08
1.5555e-08
1.10302e-08
1.82481e-08
3.74596e-08
4.3898e-08
2.99561e-08
1.61088e-08
1.94723e-08
4.30367e-08
4.74445e-08
3.02518e-08
1.32722e-08
1.42089e-09
7.70864e-11
1.63139e-10
2.48806e-09
1.29268e-08
2.44202e-08
1.056e-08
8.23475e-10
9.15336e-09
4.05642e-09
1.11625e-09
2.40971e-09
5.96575e-09
2.94155e-09
4.329e-10
5.24516e-10
3.35323e-11
1.41936e-09
7.44432e-09
4.38794e-09
3.35115e-10
1.74965e-09
8.58858e-09
7.97619e-09
1.1071e-09
8.62504e-11
2.32711e-09
8.13165e-08
8.85793e-08
6.68949e-08
9.07242e-08
1.33289e-07
1.58569e-07
7.68823e-08
6.83898e-08
1.11116e-07
1.89339e-07
2.58436e-07
1.22968e-07
2.57433e-08
1.42827e-07
4.18574e-08
2.20897e-09
2.12366e-09
3.12753e-08
4.97663e-08
4.153e-08
1.04001e-08
2.20422e-09
6.79849e-09
4.35457e-09
1.23852e-08
7.93107e-08
1.13987e-07
2.37931e-08
3.408e-09
1.10752e-08
2.26217e-10
8.69663e-08
2.20179e-07
3.34625e-08
3.82816e-09
1.46428e-08
1.554e-08
1.6254e-09
1.94949e-09
2.381e-08
2.20149e-06
1.97133e-07
5.47474e-08
1.52747e-07
2.34497e-06
6.41287e-07
6.89174e-07
8.7047e-08
4.2016e-07
7.16319e-07
8.69181e-07
7.34258e-07
1.21702e-07
9.14352e-07
3.02117e-06
2.72763e-07
3.87313e-09
2.7125e-07
7.83323e-08
9.37825e-08
4.53198e-08
2.5317e-08
4.47184e-08
3.74559e-08
1.4269e-08
5.44977e-08
1.80033e-07
2.03529e-07
3.94244e-08
1.60734e-08
1.69801e-07
4.6683e-08
6.86305e-07
3.17262e-06
2.49065e-07
4.46523e-08
5.64398e-08
1.10272e-08
5.02008e-08
3.53836e-07
3.32297e-06
1.6106e-06
5.81254e-08
5.8373e-08
1.52664e-06
2.17434e-06
1.55677e-07
2.07528e-06
4.59451e-07
2.25275e-06
1.70762e-06
1.77726e-06
1.1097e-06
8.67885e-08
8.58813e-06
7.22592e-06
5.38945e-08
7.61432e-06
3.1647e-06
3.34332e-07
8.57358e-08
3.01287e-08
7.15961e-08
1.34574e-07
8.96384e-08
4.78759e-08
4.71518e-08
8.31593e-08
6.50359e-09
1.00479e-07
3.77838e-08
7.79455e-07
5.79482e-07
3.77672e-06
1.46953e-05
4.40439e-07
9.81928e-08
3.58926e-08
5.54691e-08
4.50962e-07
2.66829e-06
2.67735e-06
3.95038e-07
3.51294e-07
2.21207e-06
2.70481e-06
4.76858e-07
1.76593e-06
5.77778e-07
1.51699e-06
3.1432e-06
3.80625e-06
1.94959e-06
1.24696e-06
8.796e-09
4.73678e-06
1.51063e-05
2.08515e-07
5.14976e-06
2.2409e-06
1.17787e-06
8.18306e-08
7.15489e-08
1.01366e-07
1.27483e-07
2.13298e-07
5.1281e-08
3.4648e-07
9.46002e-07
9.20453e-07
6.01485e-06
4.17771e-07
3.19642e-06
1.13641e-06
1.59495e-05
3.35894e-06
1.42819e-06
3.19418e-08
2.79807e-07
9.52433e-07
6.02104e-06
2.03497e-06
3.29063e-06
2.01892e-06
2.5103e-06
1.32007e-06
1.6068e-06
1.71187e-06
3.12051e-07
1.28075e-06
1.99231e-06
1.42247e-06
1.50377e-06
1.74586e-06
1.44252e-06
4.0893e-08
2.10788e-06
1.71285e-05
8.67069e-07
1.04399e-05
5.78385e-06
1.3376e-06
1.39659e-06
3.36192e-07
1.25155e-07
4.63107e-07
6.19437e-07
1.9003e-07
1.49653e-06
3.50302e-06
3.62376e-06
7.40642e-07
7.44993e-07
7.41334e-06
1.95965e-05
5.77243e-06
5.18527e-06
2.54357e-06
2.86115e-06
7.58082e-06
8.48269e-06
2.29442e-06
3.03246e-06
1.61044e-05
1.54005e-06
1.41095e-06
2.5875e-06
2.25224e-06
3.75128e-07
1.99462e-06
7.98339e-07
9.34032e-07
8.06464e-07
2.94339e-06
6.0258e-06
3.91926e-06
2.13441e-06
1.02928e-05
5.31365e-06
7.32362e-06
1.02582e-05
1.08751e-06
1.39405e-06
1.94509e-06
7.206e-08
1.49722e-07
3.5528e-06
1.01372e-05
3.83481e-06
4.32167e-06
3.32419e-06
4.82507e-06
1.85012e-06
3.16351e-06
1.51751e-05
3.213e-05
1.08837e-06
6.81617e-06
1.45023e-06
4.62196e-06
3.30018e-06
2.49784e-06
2.36454e-06
2.08597e-05
1.358e-06
1.67459e-07
5.3439e-07
4.84994e-06
1.71492e-06
1.58221e-06
1.34659e-06
1.19554e-06
1.21435e-06
3.18615e-06
6.99665e-06
1.06191e-05
1.30398e-05
1.16918e-05
5.10569e-06
1.26516e-06
8.60847e-06
3.58023e-06
2.81928e-06
3.27417e-06
1.40904e-06
1.2294e-06
1.11364e-06
3.56338e-06
9.43746e-06
2.35772e-06
3.85504e-07
9.82718e-06
3.27634e-06
6.5743e-07
2.55393e-06
3.74934e-05
2.69444e-05
4.14582e-06
5.51736e-06
4.26724e-07
1.34078e-06
1.24505e-06
1.44444e-07
7.06505e-06
1.79371e-05
2.57596e-07
9.7472e-07
2.35746e-06
7.84091e-06
2.86668e-06
3.2752e-06
1.61743e-06
3.29291e-06
3.79424e-06
5.08237e-06
9.50965e-06
1.40547e-05
1.02443e-05
3.16079e-06
2.19059e-06
3.04942e-06
2.9207e-06
3.54085e-07
4.71222e-07
1.36796e-06
9.42177e-07
4.00286e-07
1.91908e-06
1.5742e-06
2.85836e-06
8.18706e-07
1.5445e-05
4.79731e-06
3.87977e-06
1.72198e-06
2.64915e-05
3.20056e-05
9.75146e-06
6.61904e-06
5.73876e-06
6.62852e-06
6.33886e-07
1.81183e-07
6.08965e-07
1.83236e-05
2.16928e-05
1.22061e-05
6.95856e-06
8.57523e-06
2.64863e-06
4.50238e-06
3.41168e-06
5.20516e-06
4.4182e-06
4.02209e-06
6.8123e-06
7.91966e-06
4.43519e-06
2.12368e-06
2.11357e-06
1.59227e-06
2.72536e-06
2.21056e-06
1.22317e-06
1.05572e-06
2.72032e-06
5.5311e-06
2.245e-06
2.38291e-06
1.38841e-06
2.18393e-07
1.46685e-05
2.81818e-06
3.47097e-06
2.76599e-06
1.84061e-05
2.64718e-05
1.9335e-05
5.30864e-06
2.92138e-06
1.1533e-06
8.51676e-07
1.73037e-07
1.08425e-06
4.73985e-06
2.14045e-05
3.03861e-05
2.515e-05
1.0957e-05
7.25914e-06
2.35133e-07
5.35756e-06
5.3099e-06
6.16848e-06
2.69011e-06
3.52865e-06
5.7028e-06
3.20139e-06
2.56863e-06
2.3525e-06
2.26988e-06
7.14038e-08
6.7185e-07
5.79753e-07
4.27308e-08
4.57522e-07
5.77542e-06
3.42797e-06
2.83983e-06
2.39935e-06
2.03535e-06
1.6187e-05
6.01157e-06
9.17639e-07
3.14828e-06
1.2986e-05
1.70248e-05
1.56336e-05
3.43362e-06
2.55702e-06
3.22178e-06
2.43376e-06
1.54391e-06
3.12339e-07
4.45939e-07
1.43847e-05
2.32858e-05
3.51851e-05
3.15049e-05
1.36276e-05
1.06331e-06
1.07357e-05
3.56757e-06
5.37217e-06
4.37933e-06
4.10912e-06
1.00147e-05
4.70474e-06
3.26462e-06
2.17436e-06
1.47621e-06
1.36904e-06
4.69591e-07
2.56898e-07
2.95337e-07
9.05079e-07
6.17338e-07
1.0954e-06
3.00941e-06
2.57114e-06
8.17988e-07
1.03538e-05
1.8683e-05
9.99253e-07
2.01451e-06
3.06362e-06
8.09627e-06
3.95664e-06
3.59662e-06
3.50797e-06
4.8827e-06
1.04481e-05
5.72879e-06
2.05225e-07
7.35304e-07
2.03817e-07
6.01255e-06
2.14284e-05
2.80304e-05
2.18575e-05
2.69501e-06
1.46815e-05
1.10167e-05
4.14802e-06
5.02311e-06
1.74239e-06
3.32114e-06
6.04423e-06
2.52155e-06
2.35886e-06
1.39831e-06
1.59422e-06
2.10737e-06
1.48333e-06
9.06295e-07
9.03139e-07
7.82331e-07
2.82604e-07
1.83474e-07
1.55206e-06
3.54057e-07
8.70017e-07
2.61252e-05
8.24227e-06
8.90735e-07
4.63553e-07
2.13838e-06
3.63877e-06
1.02344e-06
1.03404e-06
1.5784e-06
8.91381e-06
8.02527e-06
1.69442e-06
3.15697e-06
1.2273e-06
7.57063e-06
2.81668e-05
2.48515e-05
7.95182e-06
1.49653e-06
1.04103e-05
1.1985e-05
3.03313e-06
1.8942e-06
7.44538e-06
1.62877e-05
2.25536e-05
1.01876e-05
1.79618e-06
1.4383e-06
1.13072e-06
2.26872e-06
4.77632e-06
4.76392e-06
3.22423e-06
1.40877e-06
3.63193e-07
4.75976e-07
2.65732e-06
2.55471e-06
2.20828e-06
1.13645e-05
1.48534e-05
2.32892e-06
8.82641e-06
8.79226e-06
4.09999e-06
2.7471e-06
3.53221e-07
2.74218e-06
1.63455e-05
6.86252e-06
2.77278e-06
6.74183e-06
3.78033e-06
1.01447e-05
1.92088e-05
2.20713e-06
1.9196e-06
2.14792e-06
3.25562e-06
7.82691e-06
2.83244e-06
1.90191e-07
7.92004e-06
7.80386e-06
7.53863e-07
1.22758e-05
1.05423e-05
2.06563e-06
3.80418e-06
1.16946e-05
1.73123e-06
1.45067e-06
2.34053e-06
1.46902e-06
1.0923e-06
2.03351e-06
3.5037e-06
4.41507e-06
3.33234e-06
1.91144e-06
1.9809e-05
1.90647e-06
4.57833e-06
2.12498e-05
1.33201e-05
5.83189e-06
6.76758e-07
1.97022e-06
3.28155e-06
4.93895e-06
8.42747e-06
9.73891e-06
1.23577e-06
1.73377e-06
4.2776e-06
4.77353e-06
1.6601e-06
3.14423e-06
2.0514e-06
3.22882e-06
3.40594e-06
1.00173e-06
5.39135e-06
1.28546e-05
9.61296e-06
6.24629e-07
1.55802e-06
6.99482e-06
6.61975e-06
1.42862e-06
1.45211e-06
1.64416e-06
2.165e-06
1.00177e-05
3.55061e-06
2.37871e-06
2.34795e-06
3.79951e-06
3.46879e-06
1.65107e-06
1.66027e-05
1.62856e-05
5.56507e-06
1.47912e-05
1.88123e-05
1.22047e-05
3.29303e-07
1.73959e-06
3.02686e-06
5.07208e-06
1.60487e-05
9.18417e-06
4.97253e-06
4.67715e-06
7.35368e-06
1.32227e-05
4.10257e-08
1.22281e-06
2.31527e-06
2.13248e-06
2.50931e-06
3.47249e-06
8.19978e-07
4.30229e-06
7.49857e-06
4.37289e-06
8.07493e-07
4.49652e-07
2.12343e-06
1.75214e-06
1.73923e-06
2.22081e-06
2.48611e-06
4.08553e-06
8.44958e-06
2.15733e-06
1.94917e-06
1.66273e-06
2.7783e-06
1.42539e-06
1.41853e-05
2.31499e-05
4.42924e-06
1.56075e-06
8.94121e-06
1.40485e-05
1.43053e-05
1.82866e-06
1.64037e-06
3.1997e-06
4.36067e-06
1.03643e-05
4.9296e-07
1.86117e-06
2.01128e-06
1.18933e-05
1.56288e-05
3.4372e-06
3.57281e-06
3.95348e-06
1.53193e-06
1.36283e-05
1.83332e-05
5.68184e-07
6.04522e-07
2.65476e-06
2.6622e-06
1.6382e-06
1.83198e-06
2.53985e-06
1.2435e-06
2.48455e-06
2.44772e-07
4.24386e-06
7.11044e-06
4.82697e-06
2.88102e-06
2.26849e-06
2.39207e-06
1.7332e-06
7.16524e-06
1.39027e-05
2.0054e-06
1.05899e-06
1.51737e-06
2.15897e-06
3.79034e-06
5.18119e-06
1.03016e-06
1.25091e-06
4.66861e-06
4.79164e-06
5.1061e-06
2.41614e-07
1.00338e-06
2.25728e-06
1.20345e-06
1.97635e-06
2.25844e-06
2.12685e-06
2.12948e-06
1.94198e-06
1.53388e-05
7.75044e-06
2.3771e-07
1.1309e-06
3.31105e-06
3.60341e-06
2.73251e-06
2.67131e-06
2.58773e-06
1.32011e-06
7.08178e-07
2.56315e-06
3.24269e-06
6.75616e-06
8.94642e-06
3.62888e-06
3.26307e-06
2.70277e-06
3.35145e-06
1.46873e-05
4.58808e-06
1.71231e-06
1.14644e-06
4.24777e-07
2.61305e-06
4.13276e-06
2.22547e-06
3.54328e-06
3.06076e-06
1.00731e-06
3.6086e-06
7.21491e-06
4.91912e-06
3.81864e-06
4.95493e-06
8.59717e-07
9.33294e-07
1.83141e-06
2.12387e-06
2.79044e-06
1.29655e-06
2.64343e-06
1.28833e-05
4.80658e-06
1.41213e-06
4.12007e-06
7.14555e-06
6.39187e-06
1.81808e-06
1.50472e-06
2.05207e-06
4.33061e-06
4.84406e-06
4.64973e-06
1.01671e-05
2.33276e-06
6.14084e-07
1.31233e-06
3.03482e-06
2.96273e-06
2.04582e-06
1.8828e-06
2.57055e-06
1.68283e-05
2.04857e-05
1.0329e-05
6.70598e-07
4.28833e-07
4.32743e-06
1.12309e-05
5.09205e-06
2.54689e-06
4.14413e-06
7.11787e-06
1.27254e-05
1.10295e-05
3.84833e-06
7.94185e-06
6.83417e-06
5.84195e-07
2.71007e-06
4.01331e-06
4.16864e-06
2.72229e-06
1.77596e-06
3.73246e-06
1.08064e-05
1.03682e-05
1.37455e-06
1.04638e-06
1.51478e-06
7.28621e-08
9.77237e-06
2.27815e-05
5.85635e-06
1.50899e-06
1.45678e-06
2.66611e-06
2.46407e-06
1.17523e-06
1.67531e-06
4.60853e-06
9.11097e-06
1.77907e-05
2.024e-05
1.88913e-05
2.52027e-05
2.19518e-05
1.56343e-05
1.81623e-05
1.49941e-05
6.69931e-06
1.96221e-06
1.63042e-07
4.21883e-07
2.18549e-06
4.0176e-06
1.88736e-06
3.85631e-06
1.4095e-05
8.85524e-06
3.23512e-06
1.50852e-06
6.67717e-07
2.76542e-07
1.75425e-07
2.0525e-06
7.13319e-06
5.11759e-07
2.98654e-06
4.76257e-06
2.95505e-06
2.21021e-06
7.92913e-06
1.6933e-05
5.63775e-06
1.06958e-06
4.20078e-07
9.5704e-07
1.49841e-06
2.75782e-06
3.18637e-06
4.02135e-06
5.58107e-06
9.70164e-06
4.01897e-06
1.19286e-05
1.77161e-05
7.56004e-06
2.31978e-07
1.41367e-07
1.13745e-06
2.49092e-06
6.14967e-07
3.14701e-07
1.06779e-06
1.47077e-06
2.03118e-06
2.96913e-06
4.00644e-06
5.50673e-06
5.50489e-06
3.84755e-06
2.05709e-06
3.5288e-07
8.51643e-07
4.26209e-06
5.39076e-06
3.66507e-06
1.2452e-06
1.3578e-06
2.92794e-06
4.18758e-06
5.09843e-06
3.62245e-06
1.59752e-06
2.5064e-06
2.02774e-06
2.38782e-07
4.28123e-07
2.72427e-06
3.23643e-06
3.40271e-06
3.43037e-06
3.28884e-06
2.32424e-06
6.25137e-06
4.99548e-06
2.25839e-06
7.74122e-07
1.54258e-05
1.57599e-05
1.40189e-06
1.92009e-06
5.9339e-06
3.48366e-06
2.07771e-07
1.25488e-06
3.99818e-06
1.90316e-05
2.23397e-05
1.86599e-05
1.54321e-05
3.06938e-06
1.02411e-06
1.22177e-07
2.96198e-07
8.44643e-07
1.46318e-06
1.50675e-06
2.6948e-06
1.13284e-05
1.55247e-05
8.7073e-06
2.1049e-06
2.26256e-06
1.30962e-06
4.98926e-07
7.59561e-07
6.52105e-07
2.9975e-06
4.72313e-06
4.17852e-06
2.2285e-06
1.08363e-06
1.38092e-10
7.72919e-10
1.48627e-09
2.28956e-10
4.15019e-11
9.18095e-11
2.43185e-09
3.1289e-09
4.80788e-09
4.40486e-08
1.15641e-07
1.6661e-08
2.9479e-09
3.78307e-08
4.83987e-08
4.00642e-08
2.44123e-08
1.63038e-08
1.11624e-08
5.43678e-09
1.58775e-09
2.87292e-10
1.13287e-11
3.272e-10
2.22782e-09
3.75835e-09
3.05434e-09
1.50787e-09
7.31406e-10
2.90079e-10
3.06569e-10
1.17825e-09
5.22497e-09
1.34614e-08
2.1755e-08
1.80946e-08
3.41868e-09
1.14299e-10
1.42776e-10
1.70938e-10
1.43121e-09
4.80822e-09
1.4511e-08
5.68088e-09
6.3557e-10
5.22231e-09
2.79107e-08
9.57015e-09
7.31562e-09
8.99899e-08
3.42279e-07
7.54571e-08
4.03631e-08
2.39092e-07
1.98048e-07
8.44308e-08
2.57216e-08
2.08517e-08
5.16589e-08
5.62611e-08
1.85276e-08
5.39177e-09
1.46558e-09
1.37114e-11
8.61727e-09
3.93371e-08
4.46379e-08
2.30472e-08
7.52287e-09
1.18702e-09
1.37429e-09
4.57342e-09
1.17961e-08
3.2488e-08
6.76729e-08
6.18503e-08
3.63047e-09
1.49789e-08
1.46119e-08
5.9975e-09
1.9365e-07
3.90765e-09
6.7628e-09
7.26711e-09
1.09316e-09
3.56836e-09
2.82096e-08
4.38023e-08
1.70198e-08
4.47271e-08
2.83564e-07
3.67207e-07
6.94911e-08
8.21213e-07
9.14342e-07
3.68998e-07
5.96288e-08
2.46734e-09
2.59391e-09
2.10908e-08
3.24079e-08
1.65803e-08
1.36659e-08
1.40413e-08
5.11846e-09
1.28672e-08
5.27396e-08
6.68901e-08
3.34517e-08
1.07179e-09
1.04401e-08
9.08212e-09
1.081e-08
2.8439e-08
3.30012e-08
4.12169e-08
2.17489e-08
1.0824e-06
2.84115e-06
1.86598e-06
1.49766e-05
1.44934e-06
2.90672e-07
5.16382e-07
3.24036e-08
2.00683e-08
6.29219e-08
8.08183e-07
1.10961e-07
2.04847e-07
5.7153e-07
7.90988e-07
1.6528e-07
1.49326e-06
4.31604e-06
2.26633e-06
4.83298e-07
1.2558e-08
9.60091e-09
4.45794e-08
3.63397e-08
8.95679e-09
1.4271e-09
8.93511e-10
2.71376e-08
1.16648e-08
1.51887e-08
2.31048e-07
9.12166e-09
2.2788e-08
1.51854e-08
6.35039e-07
1.66999e-06
9.66194e-09
7.42188e-08
1.23245e-07
9.78983e-08
1.14121e-07
1.59247e-06
1.27468e-05
1.60003e-05
8.01725e-06
4.26715e-07
5.38406e-06
8.49179e-06
1.15667e-08
1.42594e-06
2.69192e-06
1.49236e-05
1.02189e-05
1.88254e-06
2.66764e-06
1.17456e-06
8.77371e-07
9.25888e-06
1.03276e-05
4.47221e-06
5.84136e-07
7.39421e-09
1.13372e-07
2.06067e-07
1.1004e-07
1.08923e-07
1.96714e-07
2.28899e-07
8.23569e-07
1.58481e-06
4.62541e-07
1.23004e-06
2.51463e-08
2.92493e-08
8.96639e-08
4.81096e-06
7.59458e-06
5.39834e-08
2.15395e-07
1.71477e-07
7.77447e-08
9.45182e-08
1.73885e-07
3.09785e-07
9.58332e-06
2.55691e-07
9.25535e-07
4.16063e-06
3.32166e-06
2.59645e-06
3.16001e-06
1.64817e-05
1.07296e-05
2.32905e-05
6.49095e-06
2.7911e-06
3.11084e-07
8.31922e-06
2.15868e-05
2.21254e-05
1.2865e-05
1.97282e-06
3.15322e-07
6.50521e-07
5.48353e-07
3.67747e-07
6.38341e-07
7.15036e-07
1.87432e-06
3.74716e-06
4.0946e-06
2.5057e-06
1.2716e-06
1.29858e-08
2.61273e-07
1.22233e-06
3.84304e-06
6.87001e-06
1.71274e-07
4.97199e-07
3.0936e-08
1.12281e-07
1.69493e-07
5.84941e-07
6.8279e-06
2.04378e-06
1.9015e-06
9.16137e-07
5.73892e-06
1.11749e-07
5.23963e-06
1.20297e-06
1.69888e-05
2.76103e-05
6.68559e-06
3.96525e-06
5.41609e-07
2.9797e-06
2.36264e-05
3.11468e-05
2.51892e-05
1.53976e-05
8.06088e-06
1.27859e-06
1.73683e-06
3.11706e-06
2.73515e-06
1.84862e-06
1.43678e-05
1.17459e-06
7.56793e-07
4.69578e-06
3.18734e-06
1.43913e-07
6.41253e-07
2.43593e-07
1.5032e-05
4.18551e-06
1.92731e-05
2.5102e-06
2.53198e-07
1.6647e-07
3.97508e-07
1.02228e-06
6.42394e-07
1.30132e-05
1.02387e-06
1.18232e-06
1.51154e-06
1.76482e-06
3.52805e-06
1.02429e-06
1.29944e-06
1.29925e-05
9.26425e-06
2.38077e-06
6.26736e-07
5.90887e-07
1.2733e-05
2.8936e-05
2.19678e-05
1.08109e-05
7.92e-06
4.05716e-06
1.27385e-06
9.8718e-07
2.18233e-06
3.506e-06
1.02948e-06
2.18998e-06
4.92355e-06
6.4079e-06
1.22283e-06
1.82689e-06
2.91241e-06
1.50311e-07
9.38645e-06
2.82885e-06
3.26159e-06
1.3195e-05
2.95267e-06
2.84883e-06
8.22978e-07
1.06672e-06
8.40492e-07
1.13255e-05
3.89239e-06
4.26384e-07
4.53895e-06
1.55787e-05
1.49132e-06
1.31138e-06
2.55758e-06
1.84077e-06
1.79249e-06
9.54707e-07
1.11405e-06
7.86833e-07
7.75212e-07
8.91366e-06
1.4757e-05
1.08799e-05
6.94994e-06
3.43075e-06
4.0313e-06
2.08177e-06
1.88384e-06
4.57792e-06
2.8897e-06
2.63635e-06
3.46555e-06
1.6183e-05
3.20468e-06
8.42094e-07
1.67058e-06
3.44274e-06
2.44358e-06
4.62246e-06
2.75243e-07
8.20418e-06
1.82131e-06
1.1213e-06
1.35134e-06
1.5367e-06
2.39115e-06
4.27857e-06
1.07241e-05
2.97027e-06
3.33298e-06
3.60435e-05
6.38021e-05
4.41765e-05
5.47453e-06
7.60727e-06
4.51817e-06
1.37395e-06
3.91268e-06
3.06194e-06
5.7665e-07
7.38355e-07
4.52491e-06
6.6777e-06
6.21832e-06
4.051e-06
1.81788e-06
5.53949e-06
6.69947e-07
4.37917e-06
3.17472e-06
3.3658e-06
3.65598e-06
1.15355e-05
1.07849e-05
1.27547e-06
1.11503e-07
1.09138e-05
2.47511e-07
2.5448e-06
1.10575e-06
5.13214e-06
4.7151e-06
2.15214e-06
7.29715e-06
5.7253e-06
2.21246e-06
2.35079e-06
1.31165e-05
1.4469e-05
3.06156e-06
3.72576e-06
2.84956e-05
4.1941e-05
6.44119e-05
8.46551e-06
3.03348e-06
3.67374e-07
6.7217e-06
5.14338e-06
1.45753e-06
3.44358e-07
1.14201e-06
2.38822e-06
2.43677e-06
3.90418e-06
2.56914e-06
2.68595e-06
8.26273e-07
3.17881e-06
4.00924e-06
2.90692e-06
3.46995e-06
9.0852e-06
1.48947e-05
4.73848e-06
3.94401e-07
2.21044e-06
6.65648e-06
3.86166e-06
2.0865e-06
4.38619e-06
8.0927e-06
4.16734e-06
6.4205e-06
2.43672e-05
1.13801e-06
1.61236e-06
6.60283e-07
6.69839e-06
1.78682e-06
1.97159e-06
4.27841e-06
4.33073e-06
6.27216e-05
4.52188e-05
3.30775e-06
3.60732e-06
1.18529e-05
6.53518e-06
2.23198e-06
4.11475e-07
2.77439e-07
1.6969e-06
7.97628e-07
1.50603e-06
3.76545e-06
2.27773e-06
1.05754e-06
6.58115e-07
1.39068e-06
2.37401e-06
3.21504e-06
5.6387e-06
9.59737e-06
6.15203e-06
1.42535e-06
7.42691e-07
8.25434e-06
9.26978e-06
3.31924e-06
1.0631e-05
2.59895e-06
2.48562e-06
6.46309e-06
1.0554e-05
2.37139e-06
5.87881e-07
1.11419e-07
7.55985e-07
3.0595e-06
1.62507e-06
1.32648e-05
1.13265e-05
6.41864e-06
5.81914e-05
1.48612e-05
2.82406e-06
1.08187e-05
1.83884e-05
1.88855e-05
1.32042e-05
9.26212e-07
2.225e-06
2.40346e-06
2.27959e-07
4.88305e-07
3.02558e-06
1.76342e-06
7.6298e-07
9.04709e-07
1.40923e-06
2.26584e-06
2.44885e-06
3.92049e-06
4.19614e-06
4.44596e-06
2.52249e-07
2.68083e-06
7.3018e-06
1.01637e-05
2.65751e-06
2.65436e-06
1.34175e-06
1.31074e-05
6.75597e-07
4.39769e-08
1.05113e-06
7.72784e-07
5.61135e-07
8.6101e-06
1.5058e-05
1.34006e-05
4.10251e-06
3.40452e-06
6.93975e-06
9.39332e-06
5.04518e-06
6.03058e-06
6.73203e-06
5.46485e-06
3.49614e-05
2.45774e-05
5.51854e-07
4.36006e-06
3.85665e-06
6.94904e-07
9.61979e-07
2.18265e-06
1.17537e-06
1.34595e-06
9.00452e-07
6.96349e-07
7.53683e-07
2.25908e-07
3.38897e-07
1.4819e-06
1.48492e-06
1.30225e-06
6.13868e-06
5.75572e-06
4.16803e-06
1.60646e-06
4.8562e-07
9.94493e-07
2.35148e-07
2.91989e-07
1.01997e-06
2.07193e-06
7.66639e-07
1.05554e-05
2.4601e-05
2.61603e-05
2.44154e-05
1.09143e-05
1.81651e-06
6.12786e-06
4.16205e-06
2.67271e-06
4.16808e-06
5.45855e-06
8.92912e-06
1.47573e-05
6.17111e-06
4.34381e-06
4.91314e-06
3.35922e-06
1.05412e-06
1.69592e-06
1.50426e-06
2.41427e-06
2.02935e-06
1.15318e-06
1.58892e-06
2.48601e-06
9.684e-07
3.29937e-07
1.7315e-06
1.33361e-06
3.46588e-06
1.05721e-05
3.82385e-06
3.47748e-06
4.73272e-07
4.87283e-08
3.71769e-08
7.985e-08
1.1137e-06
2.19633e-06
2.08843e-06
2.95434e-06
4.51834e-06
1.57084e-05
1.31585e-05
6.71125e-06
8.59765e-07
1.5044e-05
8.13317e-06
2.32834e-06
3.32637e-06
5.52653e-06
6.47407e-06
3.49079e-06
2.8513e-07
2.62297e-06
1.13176e-05
2.15161e-06
1.40355e-05
3.89682e-05
3.17028e-05
8.92073e-07
3.28961e-06
3.28295e-06
2.37493e-06
2.38197e-06
2.88987e-06
2.28503e-06
1.79329e-06
3.95612e-06
1.93304e-06
5.49071e-06
1.28542e-05
1.16506e-05
1.56101e-06
1.27873e-07
1.8637e-07
7.19564e-07
2.67386e-06
3.94246e-06
5.36112e-06
4.8786e-06
2.20013e-06
5.8636e-08
1.49843e-06
1.96044e-06
1.78603e-06
7.21605e-07
1.09887e-05
5.47957e-06
3.21478e-06
2.60751e-06
3.73843e-06
5.20366e-06
2.29426e-06
2.81282e-06
4.78065e-06
3.6942e-06
1.49508e-06
1.87546e-05
3.14113e-05
2.82927e-05
1.76846e-06
2.99392e-06
3.1648e-06
3.39403e-06
4.02507e-06
3.38012e-06
2.55934e-06
1.5665e-06
3.75085e-06
4.56995e-06
1.0636e-05
3.1703e-05
1.33602e-05
2.67574e-06
2.6641e-06
1.04008e-05
1.3307e-05
1.31937e-05
5.39594e-06
2.00441e-06
3.7773e-06
5.9228e-06
6.604e-06
6.90668e-07
1.09175e-06
1.34089e-06
2.05676e-06
3.0343e-06
2.63114e-06
2.37038e-06
5.41296e-07
3.34464e-07
2.33534e-06
3.86813e-06
3.41637e-06
6.40595e-07
1.70749e-06
1.05189e-06
5.59275e-06
4.85808e-06
1.26831e-06
4.40344e-06
4.36249e-06
2.37582e-06
1.77788e-06
1.64519e-06
2.54518e-06
1.7726e-06
5.56315e-06
6.30869e-06
7.77034e-06
1.87403e-05
1.93278e-05
1.14766e-06
1.12954e-07
1.10587e-05
1.65392e-05
1.27919e-05
6.13404e-07
2.11373e-06
5.16177e-06
4.58789e-06
2.22234e-06
2.1001e-07
6.89521e-07
1.85784e-06
3.73367e-06
1.30148e-06
1.76014e-06
4.59862e-06
7.01452e-06
4.02165e-06
5.16209e-07
1.65111e-06
2.0794e-06
1.9434e-06
3.13807e-06
1.4439e-06
1.40167e-06
2.69711e-06
2.01774e-06
1.1081e-06
3.45005e-06
3.52696e-06
7.50114e-07
1.86144e-06
5.51795e-06
5.38802e-06
5.48004e-06
1.33064e-05
1.57999e-05
1.5264e-05
1.10022e-05
5.79966e-06
1.26358e-06
9.7358e-06
2.27246e-05
2.14829e-05
9.94522e-06
5.86476e-07
1.31256e-06
2.0201e-06
1.80643e-06
1.14457e-06
1.49751e-06
2.56067e-06
2.94518e-06
4.19984e-06
2.81783e-06
2.71867e-06
7.55076e-06
9.09366e-06
2.45588e-06
6.02268e-07
1.15591e-06
1.72606e-06
3.20302e-06
1.30901e-06
2.86221e-06
1.53155e-06
1.89007e-06
1.38571e-06
1.30094e-06
3.86789e-06
4.71402e-06
3.25162e-06
1.97863e-06
1.61275e-06
4.31202e-06
1.21386e-05
5.58582e-06
1.6761e-06
2.04028e-06
1.77317e-06
8.87565e-07
1.53745e-06
2.91931e-06
6.20565e-06
5.42784e-06
3.74951e-06
4.33303e-06
3.11024e-06
5.36594e-07
2.90529e-07
1.168e-06
4.05945e-06
1.34991e-06
2.64406e-06
3.92782e-06
2.69481e-06
1.28674e-07
3.2387e-06
1.70263e-05
2.05133e-05
1.73613e-05
1.17842e-05
3.07697e-06
1.15993e-06
3.56068e-06
1.05384e-05
1.5663e-05
8.23396e-06
1.38651e-06
2.03921e-06
2.28087e-06
3.53742e-06
5.49656e-06
5.51882e-06
3.96775e-06
1.95503e-06
1.70991e-06
5.45538e-07
4.49464e-07
9.56513e-07
8.3268e-06
7.4689e-06
5.13889e-06
2.97038e-06
2.16264e-06
1.036e-06
4.02885e-07
1.14923e-06
1.70223e-06
2.65594e-06
6.56569e-06
1.64501e-05
5.42814e-06
1.54529e-06
3.16938e-06
3.703e-06
3.5444e-06
2.15557e-06
5.51341e-07
9.80043e-07
1.132e-05
2.84421e-05
2.02418e-05
3.56183e-06
3.78942e-06
2.99476e-06
9.69332e-07
1.55812e-05
3.19079e-05
2.39264e-06
1.44319e-06
3.33356e-06
4.07551e-06
1.90192e-06
4.10406e-07
1.0099e-06
4.84006e-06
8.27397e-06
1.00236e-05
9.81496e-06
3.54556e-06
8.97656e-06
1.65466e-05
1.30089e-05
3.97335e-06
3.37364e-06
2.42526e-06
1.10656e-06
8.41837e-07
4.67043e-07
5.19678e-07
2.46761e-06
4.88837e-06
3.17621e-06
3.01751e-06
2.77098e-06
2.2239e-06
1.91794e-06
1.91516e-06
1.20704e-06
1.35885e-07
2.02905e-06
1.74345e-05
1.3555e-05
3.60469e-07
3.52722e-06
4.03232e-06
2.27957e-06
2.66364e-06
1.78728e-06
2.77433e-06
2.22649e-06
9.99603e-07
1.17418e-06
5.26184e-07
6.73703e-07
5.7026e-07
5.85544e-07
1.02234e-06
1.65332e-06
7.51294e-06
1.75358e-05
2.55778e-05
1.79485e-05
1.98476e-06
1.71625e-06
5.43236e-06
9.15153e-06
1.15865e-05
8.52587e-08
1.15417e-06
2.49354e-06
3.35691e-06
5.80354e-06
4.66791e-06
3.48073e-06
5.24478e-06
8.88413e-06
1.09578e-05
4.76786e-06
4.15008e-07
5.07e-08
1.05333e-06
2.56548e-06
1.65437e-06
4.80083e-07
2.68372e-06
3.30917e-06
2.43029e-06
9.95976e-07
1.20286e-06
2.4584e-06
1.83339e-06
1.23478e-06
8.52183e-07
5.01146e-07
1.16367e-06
2.10607e-06
2.75986e-06
3.86707e-06
7.33222e-06
1.2112e-05
5.05287e-06
1.88547e-06
1.98014e-06
8.99741e-06
1.35267e-05
5.99987e-06
3.21891e-06
6.38641e-06
6.38416e-06
6.39868e-07
3.65506e-07
8.40639e-07
8.94984e-06
9.92625e-06
8.88472e-06
1.36979e-05
9.06353e-06
2.27543e-06
1.31464e-06
3.14782e-06
6.96439e-06
9.07108e-06
7.38427e-06
5.0452e-06
5.74651e-06
2.83059e-06
6.28609e-07
3.00881e-07
2.82253e-07
1.2236e-07
3.09209e-08
7.11496e-07
2.23694e-06
1.97212e-06
1.43021e-06
5.39737e-06
1.10598e-05
7.86251e-06
3.50348e-08
5.01453e-08
3.41059e-08
1.84482e-08
8.50473e-09
2.92598e-09
3.07427e-09
9.28923e-09
1.43931e-08
5.21585e-09
7.23785e-09
2.87963e-08
1.11459e-08
2.87623e-10
4.57975e-10
6.4558e-12
2.17863e-10
1.5206e-09
1.03846e-09
3.89751e-12
8.27624e-10
1.2046e-09
8.34454e-10
1.20064e-09
2.27373e-09
3.27189e-09
2.41405e-09
1.05387e-09
7.11825e-10
1.14085e-09
3.30095e-09
1.40671e-08
2.73266e-08
2.06706e-08
8.07024e-10
2.17279e-09
9.28258e-09
2.0573e-10
1.17753e-09
1.24081e-09
1.7487e-07
1.46578e-07
6.11574e-08
2.46526e-08
1.20859e-08
6.67707e-09
1.01306e-08
7.13734e-08
1.2471e-07
8.47447e-08
1.14191e-07
1.55307e-07
3.29866e-08
2.15145e-09
6.19851e-10
2.34442e-08
9.25582e-08
1.45099e-07
8.5007e-08
5.00696e-09
2.48487e-09
1.24049e-08
4.64893e-09
6.50553e-09
1.18498e-08
2.43811e-08
2.83338e-08
1.79032e-08
1.36945e-08
2.46399e-08
4.21739e-08
4.07522e-08
7.09617e-08
1.37109e-07
4.85274e-08
2.80641e-09
6.96818e-09
5.3694e-09
3.36443e-09
1.59002e-08
4.52409e-07
6.07042e-07
1.80841e-07
4.75407e-08
4.08153e-08
3.32462e-08
2.76716e-08
6.30915e-08
1.20296e-07
1.37592e-07
3.66527e-07
4.84502e-07
9.60511e-08
1.53882e-08
1.00533e-08
2.10114e-07
9.08903e-07
1.54907e-06
1.27399e-06
7.41025e-07
2.10668e-07
3.97759e-08
5.85205e-08
6.20853e-09
1.17391e-08
1.96507e-08
3.81601e-08
4.22556e-08
3.10985e-08
2.29087e-08
5.4367e-08
1.51847e-07
1.54649e-07
1.16692e-07
1.01616e-07
8.11054e-08
2.8597e-07
1.61891e-06
1.04875e-06
1.14268e-08
2.0329e-07
1.86068e-06
1.18851e-06
3.07757e-07
2.1094e-07
2.16218e-07
1.33715e-07
9.10743e-08
6.02209e-08
5.60272e-08
1.49841e-07
7.63583e-07
2.59298e-07
7.23788e-08
1.38663e-07
3.03993e-07
2.07566e-06
2.78274e-06
1.163e-06
4.30601e-07
4.75617e-07
7.45771e-07
5.2701e-07
5.91734e-07
8.3032e-08
5.1675e-08
7.06023e-08
5.89412e-08
4.27657e-08
5.01303e-08
6.19997e-08
1.09395e-07
6.96459e-08
3.15757e-07
1.70311e-07
1.3919e-08
6.6913e-08
1.75737e-06
8.03956e-06
2.51646e-06
2.02233e-06
1.3775e-06
3.33464e-06
2.02981e-06
1.19331e-06
1.02011e-06
8.45568e-07
6.02498e-07
2.15476e-07
1.70541e-07
1.57272e-07
1.89728e-07
3.23046e-07
1.46005e-07
7.45413e-07
3.35943e-07
2.48169e-06
3.46518e-06
1.24376e-06
1.71356e-07
7.46431e-08
1.0749e-07
6.03176e-07
3.93529e-07
6.45545e-08
2.73864e-06
9.39732e-06
9.06629e-07
2.88774e-07
7.22518e-08
4.55456e-08
1.99002e-06
4.34746e-06
1.30543e-07
1.97579e-07
3.51362e-08
7.06507e-09
1.51145e-07
5.5729e-06
8.14114e-06
4.32704e-06
9.48093e-07
4.61665e-06
6.78152e-06
5.79298e-06
3.0385e-06
2.85199e-06
8.42717e-06
1.69477e-05
2.12031e-06
3.33164e-07
7.17745e-08
4.5169e-07
3.64534e-07
1.49057e-06
1.20049e-06
1.54466e-06
5.38929e-06
5.68518e-06
4.34459e-06
3.19999e-06
1.38659e-06
2.72025e-06
1.73344e-05
1.83869e-05
1.99553e-05
9.00302e-06
3.01899e-06
2.81177e-07
1.18086e-06
3.43192e-06
5.63469e-06
8.08709e-07
3.54414e-06
4.54872e-06
3.22023e-06
9.42521e-08
3.85683e-08
2.21903e-06
1.14526e-05
6.29318e-06
8.52571e-07
1.05539e-05
1.65095e-06
4.56115e-06
6.5019e-06
4.87668e-06
1.2771e-05
3.6439e-05
4.934e-05
3.15854e-06
2.13808e-06
4.46881e-06
1.44674e-06
1.90421e-06
2.33716e-06
1.07809e-06
4.06939e-06
1.07715e-05
1.71781e-05
1.85646e-05
1.41578e-05
9.10296e-06
1.63961e-05
9.61904e-06
2.20249e-05
2.21126e-05
1.89579e-06
1.96317e-06
1.02643e-06
5.0984e-07
1.23304e-05
1.43744e-06
3.78045e-07
1.05604e-05
6.86577e-06
6.0806e-07
1.33637e-05
1.01845e-06
7.41513e-06
7.73548e-06
2.96142e-06
8.2493e-06
1.40161e-06
8.30816e-06
8.98248e-06
2.05028e-06
8.31392e-06
2.53748e-05
4.75057e-05
2.33555e-05
3.16279e-06
2.4682e-06
5.67256e-06
2.07035e-06
2.14871e-06
2.07889e-06
9.10106e-07
8.53599e-06
2.30292e-05
2.38648e-05
1.48757e-05
7.35273e-06
1.71088e-05
5.28773e-06
9.83415e-06
3.57177e-06
1.92157e-05
1.5093e-06
6.57324e-07
4.90543e-07
1.92735e-06
1.2387e-07
6.6518e-07
7.56631e-07
7.29465e-06
8.71906e-07
1.97514e-07
1.59198e-06
3.43137e-06
5.63233e-06
4.3865e-06
8.16375e-06
1.43271e-06
2.05059e-05
2.5763e-05
1.15684e-06
1.48701e-06
9.73137e-06
3.10523e-05
1.49078e-05
2.8919e-06
5.5669e-06
2.36237e-06
1.60079e-06
1.55239e-06
1.65871e-06
3.68384e-07
1.42807e-06
5.86986e-06
8.0166e-06
4.56951e-06
2.17089e-06
6.07272e-06
6.49402e-06
2.39315e-06
1.76053e-05
9.65269e-06
9.10217e-06
5.73657e-07
2.30847e-06
4.572e-07
7.40581e-06
5.23711e-07
5.54392e-07
1.15169e-06
1.16156e-06
1.91559e-06
9.00746e-06
2.64393e-06
5.22499e-06
5.37459e-06
2.7271e-06
8.66488e-07
7.24859e-06
1.96067e-05
1.55967e-06
5.03578e-08
2.34826e-06
1.83322e-05
2.17718e-05
8.24645e-06
1.51405e-05
1.61805e-05
3.46507e-06
9.56142e-07
6.27791e-07
3.84442e-07
3.60465e-07
8.04407e-07
1.41003e-06
1.30853e-06
1.26315e-06
2.3921e-06
7.39359e-06
6.02634e-07
5.52424e-06
1.07024e-05
2.2284e-05
4.13596e-06
1.70334e-06
9.50775e-07
5.41796e-06
3.59096e-07
7.18921e-07
4.68188e-06
3.59693e-06
6.38815e-06
1.19102e-05
4.36847e-06
2.31959e-06
3.15343e-06
1.6374e-06
1.095e-06
2.09313e-06
4.94258e-06
9.07392e-07
1.14627e-06
4.79393e-07
3.5885e-07
1.32e-07
2.69884e-06
1.62613e-05
2.68346e-05
3.68088e-05
1.67784e-06
6.71934e-07
1.23518e-06
7.25429e-07
1.0739e-06
1.94382e-06
3.14872e-06
1.92141e-06
1.87667e-06
2.83044e-06
3.01432e-06
6.99453e-07
8.36703e-06
5.93452e-06
7.02753e-06
1.75263e-06
2.28329e-06
2.15324e-06
8.77207e-06
2.55984e-07
3.00714e-06
7.33941e-06
2.18261e-05
8.26251e-06
4.83649e-06
3.70003e-06
2.15497e-06
1.0487e-06
4.41333e-07
7.1422e-07
3.41499e-06
1.61433e-06
1.32025e-06
2.79857e-06
2.18436e-06
2.55694e-06
8.38755e-06
4.54745e-05
4.1772e-05
1.0932e-05
1.39757e-05
5.00364e-06
4.82653e-06
2.63673e-06
6.05404e-07
1.9467e-06
4.03775e-06
7.11329e-06
1.70735e-06
1.09118e-07
5.36234e-07
2.95085e-06
5.76672e-06
2.66936e-06
1.21508e-06
3.90869e-06
7.97812e-07
1.28702e-06
8.78404e-06
2.18726e-06
2.65928e-06
5.66107e-06
5.72816e-06
9.40052e-06
1.4873e-05
4.6101e-06
1.10708e-06
7.30631e-07
4.75732e-07
2.35973e-07
1.05185e-06
4.78673e-06
8.68145e-07
1.77045e-06
4.78707e-06
3.13451e-06
1.8802e-06
1.09335e-05
1.34855e-05
3.9927e-06
9.86362e-06
1.13353e-05
4.41493e-06
3.31468e-06
3.54371e-06
4.6636e-06
3.02377e-06
2.79502e-06
3.23147e-06
2.35877e-07
2.06446e-09
1.33792e-06
3.82341e-06
4.58605e-06
5.12526e-07
3.03324e-07
2.64027e-06
1.91417e-06
2.99092e-06
1.8737e-06
2.95122e-06
5.27839e-06
3.90742e-06
1.44479e-05
6.1309e-06
8.06213e-06
7.87254e-06
1.36722e-06
2.7122e-07
1.34633e-07
2.74025e-07
3.35837e-06
8.60408e-06
2.7498e-06
2.65773e-06
3.88012e-06
1.44483e-06
1.53318e-06
6.14097e-06
6.95966e-06
5.21572e-06
3.18088e-06
6.96845e-06
8.33505e-06
8.46636e-07
4.26767e-07
2.86948e-06
2.66289e-06
1.75827e-06
2.84369e-06
1.0656e-06
4.23572e-07
1.53825e-06
2.59204e-06
3.53559e-06
1.26799e-06
7.08321e-07
3.07603e-06
1.46235e-06
1.02437e-06
1.4902e-06
4.94224e-06
3.34208e-06
7.62549e-07
5.5313e-06
1.01139e-05
2.84861e-06
2.81691e-06
2.57299e-06
1.92866e-06
8.70192e-07
8.44924e-07
7.22294e-06
2.05328e-05
2.28634e-05
3.98926e-06
5.3135e-07
7.24712e-07
2.39252e-06
3.00041e-06
2.77298e-06
2.14794e-06
7.35766e-06
5.44723e-06
9.12771e-06
1.94005e-06
1.93124e-07
2.36606e-07
2.65492e-07
6.98031e-07
4.7413e-07
4.06045e-07
2.59909e-07
8.65962e-07
2.35344e-06
1.57876e-06
1.37718e-06
2.37188e-06
1.3903e-06
8.25068e-07
1.00849e-06
3.59865e-06
2.45139e-06
1.86086e-07
8.16989e-07
7.93746e-06
3.15768e-05
2.3138e-05
2.39445e-06
3.37022e-06
9.13334e-07
1.10847e-06
4.37085e-06
1.5972e-05
1.54956e-05
1.03837e-05
2.46491e-06
5.20523e-06
1.74049e-06
3.00303e-06
2.5726e-06
3.38801e-06
1.48728e-05
5.25212e-06
1.52615e-05
1.22161e-05
3.06642e-06
1.25197e-06
6.66855e-06
1.92855e-05
8.80288e-06
3.63917e-07
6.08597e-07
2.2578e-06
3.46504e-06
3.10592e-06
1.6107e-06
1.08909e-06
1.31199e-05
1.28962e-05
3.17744e-06
5.00314e-06
3.26089e-06
5.29172e-07
7.63143e-07
7.87879e-06
3.33229e-05
5.25482e-06
2.03651e-06
1.75222e-06
2.27997e-06
2.1632e-06
1.33538e-06
2.85709e-06
2.62358e-06
3.43563e-07
2.16772e-06
3.59521e-06
1.20049e-06
3.88541e-06
5.02515e-06
1.49786e-06
1.17501e-05
1.1288e-05
3.10394e-06
6.42942e-06
6.01732e-06
4.62094e-06
4.69923e-06
1.89327e-05
3.18025e-05
2.23442e-05
4.57871e-06
2.73481e-06
4.28071e-06
5.18784e-06
5.99972e-06
5.54177e-06
9.57013e-06
5.16721e-06
3.21712e-06
2.22156e-06
2.46601e-05
1.21152e-05
3.74103e-07
8.62133e-06
2.32897e-05
7.85701e-06
5.18061e-06
3.89913e-06
1.7926e-06
1.61078e-06
9.77794e-07
3.9249e-06
4.44371e-06
9.28531e-07
2.10609e-07
9.46717e-07
1.6786e-06
1.54684e-06
6.41463e-06
7.91173e-07
1.92295e-06
2.31132e-06
1.43923e-06
5.70992e-07
2.24439e-06
2.9884e-06
2.64582e-06
2.63794e-06
9.66054e-06
2.06243e-05
1.27537e-05
2.00825e-06
2.28409e-06
9.69956e-07
4.78573e-06
6.41645e-06
3.32693e-06
5.0501e-06
1.18526e-06
6.26507e-06
2.95197e-05
2.36284e-05
6.75093e-06
3.29986e-06
2.06504e-05
2.46241e-05
4.53784e-06
2.0852e-06
1.11138e-06
9.26895e-07
3.0629e-06
4.23145e-06
2.61644e-06
2.86653e-06
2.98024e-06
6.23007e-07
4.47814e-06
4.06313e-06
5.16657e-06
6.22259e-06
2.66172e-06
1.75805e-06
1.70118e-06
9.17689e-07
5.72259e-06
3.36793e-06
7.49311e-07
2.56597e-06
2.45441e-06
8.49333e-07
9.40585e-06
9.51218e-07
5.04143e-07
1.24166e-05
1.24204e-05
5.36321e-06
5.38369e-06
3.47797e-06
3.79714e-07
1.04685e-05
2.16774e-05
2.20183e-05
9.6745e-06
1.26029e-06
1.15215e-08
1.71837e-05
2.28288e-05
3.46707e-06
1.31836e-06
3.60647e-07
1.48007e-06
2.75178e-06
2.60898e-06
2.37748e-06
5.53682e-06
3.70059e-06
2.15287e-06
1.75461e-06
1.08885e-06
4.75938e-06
4.55515e-06
2.84211e-06
3.01017e-06
2.98173e-06
5.48946e-08
2.1467e-06
4.25624e-06
1.19581e-06
1.52112e-06
2.37671e-06
5.14233e-06
1.92073e-06
3.69975e-06
7.0837e-07
3.36995e-05
3.18321e-05
1.63439e-05
1.1317e-05
3.56413e-06
8.45315e-06
1.00037e-05
5.69239e-06
1.05874e-06
2.52773e-06
2.64593e-06
1.89478e-06
1.51304e-06
3.17354e-06
2.20879e-06
6.30238e-07
9.19043e-07
3.36227e-06
1.11704e-06
3.45484e-07
3.413e-06
7.77938e-06
4.04397e-06
2.9092e-06
2.19199e-06
1.23029e-06
4.14171e-06
1.59822e-05
1.24932e-05
1.26351e-05
4.8372e-06
9.08839e-07
3.4439e-06
9.57694e-06
4.92e-06
9.24707e-07
2.5552e-06
2.65194e-06
3.38359e-06
3.77864e-06
4.38667e-06
6.7204e-06
5.99519e-06
5.18765e-06
4.68125e-06
3.9565e-06
9.82768e-07
5.8608e-07
2.04704e-06
5.77179e-06
5.00514e-07
3.09327e-07
7.54718e-07
1.41841e-06
1.51117e-06
6.83479e-07
4.81325e-08
1.8757e-08
4.79266e-07
1.68234e-06
3.07545e-06
3.03042e-06
2.46547e-06
2.14967e-06
2.53793e-06
2.85797e-06
2.56044e-06
1.81054e-06
3.1133e-06
1.66479e-05
2.53396e-05
1.96308e-05
1.19576e-06
2.57476e-06
4.1548e-06
3.87713e-06
1.40349e-07
5.75805e-07
1.19269e-06
2.47447e-06
2.54953e-06
2.26438e-06
9.89332e-07
4.65703e-07
1.56943e-06
3.52511e-06
6.26943e-06
1.27374e-05
1.6431e-05
2.44079e-07
6.33849e-07
1.39333e-06
4.90744e-07
1.7295e-06
3.71755e-06
4.14416e-06
1.99501e-06
1.88228e-06
1.57775e-06
3.15958e-06
8.90679e-06
9.30185e-06
1.96478e-06
1.47639e-07
2.82012e-06
1.14974e-05
1.26704e-05
5.66832e-06
2.30044e-06
1.9979e-06
3.11384e-06
6.59882e-06
8.09028e-06
4.80095e-07
1.58613e-06
6.62224e-07
1.12878e-06
1.40117e-06
1.25186e-06
2.44791e-06
2.76327e-06
2.46953e-06
1.226e-06
4.92005e-07
3.72096e-07
5.11007e-07
6.68579e-07
5.73377e-07
2.90889e-07
3.23352e-07
1.16291e-06
6.79841e-06
7.44117e-06
1.36469e-06
2.81221e-06
3.60662e-06
5.24421e-06
6.53068e-06
3.95188e-08
1.46482e-06
6.63585e-06
3.95418e-06
1.13976e-06
2.08201e-06
5.74638e-06
1.07216e-05
1.00082e-05
3.04309e-06
1.24466e-06
2.60986e-06
2.77918e-06
1.92119e-06
1.55593e-06
2.3958e-06
1.91417e-06
2.27659e-06
3.82089e-06
3.68188e-06
2.43647e-06
1.43958e-06
1.07966e-06
1.13527e-06
2.62061e-06
3.4446e-06
1.73727e-06
2.3039e-07
5.18681e-07
8.56364e-07
5.74203e-07
3.631e-06
9.27546e-08
3.34589e-06
3.51718e-06
3.46984e-06
3.43484e-06
4.82856e-06
4.89079e-06
1.30461e-05
2.632e-05
6.24509e-06
2.05823e-06
1.99324e-06
6.08206e-06
1.0462e-05
5.53736e-06
3.27289e-06
5.04219e-06
2.86902e-06
2.11525e-06
2.54807e-06
2.90717e-06
2.87733e-06
2.59497e-06
1.55676e-07
1.1661e-07
4.42517e-06
8.06719e-06
1.76952e-06
2.12378e-06
3.1115e-06
3.11045e-06
1.23006e-06
2.76587e-08
8.9278e-07
2.6965e-06
3.03087e-06
3.60677e-06
6.90608e-06
5.95187e-06
2.37326e-09
8.47762e-09
4.6432e-09
5.15473e-09
5.05647e-09
7.71714e-11
2.04884e-09
1.50348e-08
2.90244e-08
3.97647e-08
2.76671e-08
7.14205e-09
1.21576e-09
5.18478e-10
7.2813e-12
2.79578e-09
5.7506e-09
5.27718e-09
3.73279e-09
2.94765e-09
4.05304e-09
7.1915e-09
6.95221e-09
5.42848e-10
3.33453e-10
7.99994e-10
6.64171e-11
2.47046e-12
1.95606e-11
1.95882e-11
1.05751e-11
3.25518e-11
6.26542e-10
1.08895e-09
1.20976e-09
1.21438e-09
2.81487e-10
5.79924e-11
4.30674e-10
4.69011e-10
1.95417e-08
5.02135e-08
2.62221e-08
1.56814e-08
8.24168e-09
2.90462e-10
1.00449e-08
4.08255e-08
8.66063e-08
1.51814e-07
1.41059e-07
4.97951e-08
8.33307e-09
1.11255e-09
2.82689e-10
5.10419e-09
1.09206e-08
2.34335e-08
4.97195e-08
2.9424e-08
1.41708e-08
2.4502e-08
4.96552e-08
2.02079e-08
2.11308e-09
1.43002e-09
3.82984e-10
7.84465e-10
1.19605e-09
1.08845e-09
4.59854e-10
1.5704e-10
6.494e-11
4.61782e-10
2.87914e-09
7.39215e-09
3.52244e-09
2.92356e-10
3.25356e-09
4.17682e-09
9.07593e-09
7.39947e-08
1.10068e-07
7.80192e-08
3.16118e-08
4.714e-09
3.50979e-08
1.94812e-07
4.29271e-07
5.56513e-07
4.46999e-07
2.301e-07
6.92312e-08
9.62449e-09
3.28422e-09
1.87601e-08
1.39317e-08
5.73998e-09
5.02257e-09
3.98464e-08
1.54051e-08
1.63596e-08
3.69824e-08
2.59254e-08
1.22079e-08
2.05075e-08
9.29085e-09
3.33529e-09
1.88439e-09
9.47751e-10
2.81386e-10
8.05143e-10
1.67167e-09
8.8669e-10
5.50253e-10
5.47891e-11
1.39433e-10
6.85297e-09
2.52979e-08
1.36157e-08
6.68957e-08
3.11411e-08
9.35907e-08
1.88804e-07
1.11517e-07
3.68823e-08
9.22374e-08
6.50802e-07
3.25943e-06
4.84478e-06
3.15394e-06
1.40443e-06
6.05725e-07
1.3564e-07
2.11397e-08
7.44417e-08
3.50359e-08
2.64205e-07
6.5473e-07
6.75825e-07
1.00659e-06
3.7664e-08
3.72807e-08
5.85864e-08
8.53104e-08
1.12945e-07
9.85544e-08
8.33455e-08
2.14732e-07
1.07016e-06
1.66027e-06
1.19431e-06
2.53761e-07
1.70365e-08
1.0708e-08
6.12445e-10
7.34173e-08
1.85046e-07
1.75168e-07
5.26055e-07
3.04608e-06
2.5501e-07
6.99776e-08
1.36124e-07
1.3061e-07
1.12006e-07
3.42214e-07
4.87449e-07
5.7905e-06
1.27813e-05
1.28121e-05
7.12106e-06
2.42429e-06
6.29086e-07
1.54921e-07
9.81352e-08
2.71268e-07
1.93108e-06
3.08916e-06
2.1127e-06
3.8938e-06
3.81838e-06
3.34303e-07
1.96277e-07
1.84384e-07
2.89291e-07
4.21243e-07
5.31145e-07
8.35742e-07
3.21602e-06
9.86851e-06
1.53707e-05
2.22558e-05
1.89421e-05
8.82745e-07
2.50254e-08
3.95459e-09
4.81294e-07
7.51372e-07
2.25702e-06
1.20875e-05
7.69395e-06
9.73315e-07
2.00724e-07
2.78892e-07
1.96533e-07
6.41221e-07
9.95498e-07
1.17274e-06
1.23856e-05
1.27699e-05
7.23164e-06
3.74111e-06
9.70804e-07
8.05845e-08
1.53447e-07
2.43708e-07
3.58365e-06
4.42835e-06
6.38712e-06
6.92051e-06
1.58382e-06
1.89837e-05
6.39244e-07
3.78729e-07
3.72667e-07
3.89577e-07
4.36455e-07
3.47299e-07
2.32532e-07
1.50979e-06
1.02e-05
1.33453e-05
2.87157e-05
8.71297e-06
3.78124e-07
8.04237e-07
6.80722e-08
2.11345e-06
7.27714e-07
7.02321e-06
8.73778e-06
6.72672e-06
1.69191e-06
3.8907e-07
1.12718e-06
1.76385e-06
1.25219e-06
1.33402e-06
1.69314e-06
5.68127e-06
9.24936e-06
1.27734e-05
7.14157e-06
5.52893e-07
1.76486e-06
6.61696e-07
3.68397e-07
1.8898e-06
7.72777e-06
1.23757e-05
7.53134e-06
4.91271e-06
2.71407e-05
5.55906e-06
6.93462e-07
6.59939e-07
8.24213e-07
2.75436e-07
7.63867e-08
3.13346e-08
9.58618e-07
8.90202e-06
1.054e-05
7.00147e-06
2.23367e-06
1.64062e-06
7.99489e-06
7.08777e-07
8.38562e-06
8.80241e-06
7.73785e-06
1.60401e-06
1.8983e-06
2.08016e-06
2.05604e-06
1.7771e-05
3.51723e-06
1.48272e-06
1.57535e-06
2.14835e-06
9.04241e-07
4.80525e-06
1.37541e-05
1.09429e-06
4.56838e-06
2.25163e-06
4.26534e-07
2.70032e-07
4.73179e-06
9.00297e-06
4.39626e-06
3.57344e-06
9.75612e-06
1.72579e-05
1.0824e-06
8.35521e-06
4.20041e-05
1.80096e-05
2.1193e-08
6.11458e-07
3.58272e-07
2.43478e-06
5.55065e-06
2.57811e-06
1.49998e-06
2.28945e-05
1.43662e-06
1.39166e-05
1.26915e-05
1.30514e-05
1.02105e-05
2.61408e-06
9.2721e-07
4.0761e-06
1.90319e-06
4.83982e-06
4.11428e-05
2.42327e-06
5.20165e-07
8.89198e-08
2.19351e-07
4.46513e-07
2.40623e-06
4.18138e-06
2.65405e-06
4.507e-06
2.61376e-06
1.6874e-06
7.25594e-07
2.96011e-07
7.61016e-07
6.91779e-07
5.01437e-06
5.47383e-06
1.005e-05
2.53728e-05
3.31016e-05
4.58086e-06
2.18541e-06
6.31663e-06
2.06627e-06
8.10797e-07
1.74322e-06
1.80286e-06
1.90377e-06
3.74252e-05
1.38732e-05
2.30447e-05
6.01966e-06
1.23061e-05
6.7871e-06
1.03023e-05
1.86617e-07
4.14542e-06
4.25028e-06
1.38431e-06
2.87771e-05
3.03784e-05
6.49518e-06
3.33554e-06
2.7694e-06
2.08751e-06
1.73259e-06
7.65252e-06
2.91306e-06
4.23026e-06
4.1126e-06
3.62858e-06
2.52703e-06
4.32502e-07
7.30221e-07
9.70963e-07
1.02642e-06
2.42812e-06
6.05111e-06
3.20145e-05
3.54655e-05
8.82764e-06
2.45313e-07
3.55027e-06
8.35121e-06
1.49601e-05
2.96434e-06
6.28383e-07
3.52388e-06
3.35407e-05
4.93785e-05
1.48175e-05
9.79177e-06
1.47336e-05
5.98008e-06
5.92821e-06
2.80954e-06
5.48863e-07
4.33624e-06
4.31202e-06
7.19192e-07
9.16065e-06
8.94305e-06
1.10921e-05
1.12506e-05
9.93557e-06
7.57711e-06
8.89803e-06
1.34947e-05
7.53993e-06
5.59096e-06
2.22098e-06
7.14882e-07
2.30504e-07
1.7599e-06
2.7038e-06
1.58943e-06
1.51475e-06
2.04938e-05
4.07194e-05
3.0781e-05
7.82727e-06
3.9323e-06
9.02958e-07
6.5169e-06
1.24283e-05
1.85247e-05
1.74878e-07
7.99284e-07
3.44786e-05
4.40212e-05
1.67119e-05
3.64597e-06
1.61278e-06
1.08549e-05
3.3268e-06
1.20769e-06
1.60071e-07
4.29805e-06
5.32737e-06
3.40841e-06
9.51392e-07
1.01911e-07
3.81464e-06
1.60429e-05
5.86109e-06
5.21338e-06
4.24874e-06
5.21686e-06
2.25891e-06
2.7738e-06
2.78654e-06
1.5578e-06
6.9297e-07
3.7519e-08
1.15809e-06
8.15437e-07
2.53872e-07
1.99408e-06
3.46042e-05
1.33048e-05
1.16329e-06
3.45524e-07
1.33958e-07
7.40028e-06
1.24247e-05
1.57722e-05
6.7207e-07
5.43952e-07
1.40605e-06
2.60423e-05
1.76826e-05
1.2041e-05
7.67987e-06
2.92418e-06
5.66186e-06
4.27832e-06
4.49086e-06
6.60971e-06
5.77231e-06
3.13485e-06
1.40829e-06
8.81965e-07
6.35332e-07
3.2237e-06
4.1571e-06
3.57414e-06
2.32705e-05
2.67599e-05
2.68942e-05
1.24585e-05
2.41146e-06
5.97286e-07
7.46419e-07
1.22404e-06
5.15028e-07
1.65126e-06
8.20091e-08
1.6268e-06
3.81178e-06
4.85969e-06
1.63163e-06
2.22675e-06
1.01451e-06
6.4373e-07
5.27627e-06
5.76309e-06
6.65807e-08
2.10525e-06
2.2339e-06
1.87535e-05
1.62393e-05
9.09697e-06
6.00464e-06
5.56667e-06
3.21793e-06
4.92876e-06
5.92318e-06
3.78701e-06
3.29902e-06
3.91929e-06
2.64411e-06
1.06025e-06
1.38728e-06
1.665e-06
4.09057e-06
3.79478e-06
7.50339e-06
2.46531e-05
2.99684e-05
4.36493e-06
3.75463e-06
2.50002e-06
2.61947e-05
3.38883e-05
1.23257e-06
2.25923e-06
1.58398e-06
2.39444e-06
1.72119e-06
1.80945e-06
3.9609e-06
6.79789e-06
4.65455e-06
2.17873e-06
4.53714e-07
1.517e-06
5.23151e-07
1.5657e-06
6.3661e-06
5.17189e-06
4.79095e-07
9.76022e-07
8.53177e-06
8.46425e-06
4.08638e-06
2.66717e-06
1.90907e-06
1.71187e-06
2.47631e-06
4.24389e-06
3.21185e-06
5.52293e-07
2.19673e-07
3.20472e-06
3.0898e-06
3.47024e-06
5.79161e-06
2.97705e-05
2.26763e-05
1.04875e-05
4.71543e-06
2.43965e-06
4.32004e-06
2.70723e-06
1.25314e-05
1.09071e-06
5.32699e-07
1.28553e-06
1.223e-06
1.40618e-06
7.07174e-06
1.15101e-05
1.10124e-05
1.05811e-05
8.99528e-06
3.78322e-06
8.25862e-07
1.29452e-07
4.34783e-06
4.11703e-06
5.39814e-06
4.87305e-06
2.17902e-07
1.94063e-06
1.04323e-05
4.87416e-06
2.78937e-06
1.75374e-06
2.70258e-06
1.59248e-06
1.47632e-06
1.2521e-06
9.85391e-07
2.3791e-06
2.34994e-06
2.28367e-06
2.94976e-06
2.95011e-05
3.23295e-05
1.41114e-05
1.10457e-05
5.1731e-07
1.74969e-06
3.30146e-06
7.84674e-07
3.68412e-07
1.06206e-06
2.34699e-06
1.53713e-06
1.79795e-06
4.01129e-06
1.06276e-05
1.4592e-05
1.28674e-05
2.10863e-05
1.23481e-05
2.62323e-06
2.89724e-06
1.14721e-05
2.57011e-06
1.42623e-06
8.0276e-07
6.93998e-07
4.43386e-06
2.81836e-05
2.69148e-05
2.82454e-05
1.43098e-05
5.14357e-06
2.1115e-06
2.23567e-06
3.94975e-06
7.03728e-07
5.46238e-07
5.34148e-07
3.12629e-06
5.9292e-06
1.27397e-05
1.82917e-05
5.33979e-07
1.73098e-05
3.86746e-06
7.29275e-07
4.75562e-06
1.61238e-06
1.42576e-06
3.64163e-06
6.68721e-06
9.38119e-06
5.01889e-06
2.17192e-06
1.8812e-06
4.12205e-06
6.17847e-06
9.7666e-06
2.452e-05
1.81826e-05
1.43034e-05
1.37074e-05
8.78706e-06
2.94625e-06
1.59392e-06
2.36698e-06
1.18685e-05
3.209e-06
1.54108e-06
9.92669e-07
3.5591e-07
1.93143e-06
1.19306e-06
3.29129e-06
6.80487e-06
1.23134e-05
1.0105e-05
1.20359e-05
1.42084e-05
7.20897e-07
3.26902e-06
2.6294e-06
3.24461e-06
1.20252e-05
1.5591e-06
3.188e-06
1.7355e-06
3.40189e-06
5.06339e-06
3.171e-06
5.10009e-06
1.86401e-05
1.8065e-05
6.57762e-06
7.33161e-07
1.21315e-06
2.83478e-06
2.66249e-06
2.01133e-06
1.60514e-05
2.98225e-05
3.33538e-05
2.48018e-05
3.84809e-06
2.64247e-06
3.15027e-06
7.27668e-06
5.43328e-06
1.94249e-06
2.4982e-06
2.35615e-06
1.21752e-06
6.74148e-07
1.54486e-06
2.2063e-06
3.60969e-06
3.63057e-06
1.52806e-06
4.59227e-06
1.24328e-06
8.42917e-07
3.83109e-06
4.46198e-06
6.22703e-06
1.67665e-06
2.00029e-06
8.91404e-06
1.18186e-08
3.33111e-06
2.67456e-06
1.74796e-06
2.93987e-06
7.69916e-06
9.54365e-07
5.11854e-07
2.52908e-06
4.43174e-06
5.41458e-06
5.26427e-06
5.95388e-06
8.30937e-06
8.15761e-06
9.32582e-06
6.6698e-06
2.86209e-06
2.25758e-06
1.67945e-06
1.48549e-06
2.64763e-06
6.7129e-07
6.9907e-07
5.70584e-07
6.13261e-07
8.28392e-07
3.20203e-06
5.39194e-06
6.77966e-06
7.20561e-06
1.42448e-06
1.4685e-06
1.24765e-06
4.88085e-06
2.35771e-06
2.94754e-06
3.40381e-06
3.71726e-06
8.62022e-06
3.60433e-06
1.00403e-06
2.42585e-06
3.51985e-06
1.71539e-06
5.46893e-06
7.53002e-07
2.48149e-06
9.33496e-06
8.11783e-06
7.49675e-06
1.16929e-05
1.53472e-05
1.34311e-05
9.59058e-06
1.35747e-05
9.70211e-06
3.92079e-06
2.00895e-06
2.24543e-06
2.40952e-06
1.42766e-06
2.36318e-06
1.07346e-06
5.63351e-07
8.59939e-07
1.43091e-06
1.10331e-06
2.29137e-06
8.77714e-06
1.06169e-05
1.1278e-05
2.28948e-06
2.50566e-06
1.24314e-06
1.44742e-06
5.00561e-06
8.31088e-06
5.31904e-06
2.36543e-06
3.13991e-06
5.07729e-06
3.60642e-06
1.50208e-06
2.51104e-06
1.44422e-06
4.18655e-06
4.81702e-06
3.1273e-06
2.34267e-06
1.10613e-05
2.04012e-05
2.3871e-05
1.70986e-05
5.52343e-06
1.0967e-06
3.29772e-06
2.89431e-06
1.92242e-06
1.17265e-06
8.13481e-07
1.42117e-06
1.88211e-06
1.769e-06
1.5776e-06
1.05924e-06
2.3019e-07
6.99859e-07
4.64029e-06
6.24512e-06
6.60227e-06
9.05445e-06
5.83688e-06
3.46532e-06
1.41719e-05
1.67893e-05
9.22413e-06
7.80775e-06
8.12736e-06
4.11028e-06
1.13204e-06
4.54519e-07
5.45721e-08
1.67022e-05
1.73448e-05
9.92273e-06
3.69242e-06
9.79147e-07
1.32958e-06
2.91526e-06
4.43314e-06
3.87697e-06
2.63579e-06
2.63552e-06
2.17236e-06
1.48535e-06
2.09152e-06
2.48138e-06
2.80045e-06
2.82626e-06
2.1762e-06
5.69573e-06
7.39681e-06
6.83484e-06
6.64859e-06
3.16321e-06
1.44317e-06
5.14569e-06
1.10496e-05
1.102e-05
6.55604e-06
2.68133e-06
2.36766e-06
1.01425e-05
2.13868e-05
1.76389e-05
2.5856e-06
1.28242e-06
2.65536e-06
2.93443e-06
2.57491e-06
2.11453e-06
1.53436e-06
1.63787e-06
5.55736e-06
4.23123e-06
1.74537e-06
2.42232e-06
5.34023e-07
9.18954e-07
2.12683e-06
2.99334e-06
2.30855e-06
8.08646e-07
4.00679e-07
6.63669e-07
1.14976e-06
1.9106e-06
3.26609e-06
3.23987e-06
1.55089e-06
1.07721e-06
1.52536e-06
3.75455e-06
4.95473e-06
4.58648e-06
1.47025e-06
3.04016e-07
1.3556e-06
2.18736e-06
2.71853e-06
3.44805e-06
3.21384e-06
1.90924e-06
1.18854e-06
9.24007e-07
1.9194e-06
2.12401e-06
3.29473e-06
3.67199e-06
2.21533e-06
1.43016e-06
3.07456e-06
1.18506e-06
2.23366e-07
2.94454e-06
5.50679e-06
1.18139e-06
1.90888e-06
1.42427e-06
3.01126e-07
1.17112e-07
2.17934e-07
4.97668e-07
9.6231e-07
1.23863e-06
1.01102e-06
1.45476e-06
1.7207e-06
5.96373e-06
7.26681e-06
3.31189e-06
2.93404e-06
3.40054e-06
2.58593e-06
3.02543e-06
2.61691e-05
1.85987e-05
1.90987e-06
2.40434e-06
3.33163e-06
9.0585e-06
1.44422e-05
6.52915e-06
2.12794e-07
6.62673e-07
2.81443e-06
3.84071e-06
3.84708e-06
3.27091e-06
2.46691e-06
1.11992e-06
4.13051e-07
2.03495e-06
3.42843e-06
5.87208e-06
5.95983e-06
1.07076e-06
1.89744e-06
2.86142e-06
1.61402e-06
5.9036e-07
1.59137e-06
5.07425e-06
6.37997e-06
5.19345e-06
3.4622e-06
1.42002e-06
1.72995e-11
9.48428e-12
7.47272e-13
3.04948e-12
3.4278e-11
2.74017e-11
2.81189e-10
4.02402e-10
6.38984e-09
1.07646e-08
4.04651e-09
4.43639e-10
1.7763e-12
1.52757e-10
4.33651e-10
1.78263e-10
9.60621e-11
4.1414e-10
5.98068e-10
6.66937e-11
4.14992e-10
4.0061e-09
7.9949e-09
1.08669e-08
1.12286e-08
7.41292e-09
6.72337e-09
1.43969e-08
1.97585e-08
1.1898e-08
5.56679e-09
3.2777e-09
1.82613e-09
6.82456e-10
1.61908e-10
7.09272e-12
6.97959e-12
8.12547e-13
1.72381e-11
2.018e-12
6.12693e-10
1.51609e-10
6.51322e-12
2.38661e-11
5.09849e-10
1.56619e-10
4.73711e-09
1.60436e-09
1.45639e-08
5.84104e-08
5.63202e-08
1.70883e-08
1.133e-09
1.71406e-09
1.38785e-09
4.98835e-10
1.04953e-09
2.70002e-09
5.72659e-09
3.51156e-09
1.04745e-10
1.28808e-08
7.85918e-08
1.32787e-07
1.35526e-07
1.0831e-07
1.02611e-07
1.56777e-07
1.66695e-07
9.27308e-08
4.87885e-08
3.48109e-08
2.46401e-08
1.40064e-08
6.88997e-09
2.21015e-09
5.50917e-10
9.92951e-11
5.76185e-10
2.04447e-10
1.16774e-08
8.5086e-09
1.29056e-11
3.36474e-10
1.78468e-09
1.43134e-09
3.6735e-08
7.27078e-08
4.80339e-09
2.01767e-08
7.27006e-08
8.11593e-08
1.51098e-08
6.75886e-09
3.61313e-09
2.34964e-09
2.36219e-10
1.90112e-08
1.36163e-08
4.88915e-09
1.3975e-09
1.78715e-09
6.94623e-08
3.62564e-07
4.5611e-07
3.64329e-07
3.699e-07
6.3392e-07
8.21026e-07
4.82975e-07
1.67292e-07
7.39013e-08
5.78718e-08
5.3329e-08
3.08019e-08
1.31493e-08
1.85897e-08
2.84646e-08
3.85301e-08
7.5047e-09
3.04894e-08
1.57697e-07
5.46591e-08
1.1078e-10
5.45236e-10
7.47084e-08
4.22577e-08
1.17175e-06
4.11476e-07
5.97632e-08
1.79988e-08
2.9287e-08
2.00224e-08
1.49269e-08
1.44076e-08
4.96956e-09
1.23911e-08
2.05077e-09
2.14839e-07
9.71483e-08
1.71371e-08
1.81419e-09
5.7222e-09
2.3296e-07
8.15298e-07
6.98792e-07
6.96253e-07
1.25448e-06
2.13698e-06
2.39907e-06
1.7678e-06
1.00628e-06
4.20095e-07
1.53236e-07
1.50352e-07
5.39473e-08
5.68063e-08
2.12815e-07
1.22107e-06
7.1783e-07
1.75382e-06
1.56256e-07
1.40596e-06
2.87971e-07
4.98602e-09
1.60108e-07
1.60955e-06
3.34093e-06
6.33694e-06
1.36035e-06
9.22811e-07
6.94843e-07
3.08812e-07
3.3476e-07
2.26611e-07
1.06065e-08
1.02671e-08
1.54041e-08
1.26297e-07
1.57569e-06
6.41268e-07
4.22414e-08
4.1654e-09
1.54427e-08
4.33754e-07
8.58377e-07
8.49886e-07
1.54389e-06
2.0577e-06
1.68778e-06
2.69473e-06
6.07447e-06
1.10358e-05
8.98311e-06
2.39067e-06
1.34636e-06
6.39815e-07
6.00527e-07
2.69251e-06
1.05181e-05
1.39672e-05
5.93284e-07
2.12782e-07
5.51572e-06
7.2999e-07
1.18261e-07
1.41384e-06
5.45477e-06
8.26566e-06
3.35803e-06
3.85004e-06
4.50135e-06
6.27312e-06
4.32632e-06
2.06935e-06
3.72372e-07
1.12373e-07
1.19153e-07
9.24799e-08
3.53001e-06
5.84113e-06
1.35169e-06
6.58791e-09
5.8893e-09
2.52255e-09
1.31988e-08
1.51606e-07
7.24669e-07
1.32114e-06
7.24394e-07
3.82042e-07
1.55644e-06
6.82601e-06
7.10085e-06
3.29786e-06
4.7371e-06
1.09075e-05
4.87569e-06
3.05184e-06
9.50097e-06
3.65167e-06
5.74905e-06
2.35245e-07
1.27082e-07
3.66486e-06
4.57679e-07
4.83308e-07
4.45118e-06
4.13263e-06
1.33666e-05
5.86938e-06
2.36982e-06
7.65598e-07
1.20486e-06
1.84475e-06
8.18002e-07
6.31476e-07
7.32893e-07
5.45275e-07
2.41739e-07
4.36973e-06
5.40748e-06
3.22571e-07
2.16429e-08
9.9339e-11
9.93084e-11
1.96423e-08
3.03166e-08
1.70526e-08
4.20696e-08
2.06834e-08
8.57802e-09
7.3204e-08
2.32569e-06
5.74386e-06
8.09322e-06
6.20021e-06
2.48614e-05
7.48352e-06
6.72847e-06
1.92054e-06
2.89757e-06
7.92553e-07
1.80369e-07
2.59304e-06
1.5584e-06
2.25099e-06
1.36529e-06
1.36754e-06
1.61925e-05
1.28661e-05
1.66936e-06
3.44164e-07
1.03148e-06
1.8963e-06
1.47422e-06
1.79062e-07
1.52485e-06
1.72574e-06
4.5314e-07
4.12549e-07
8.22506e-06
7.23252e-06
1.89587e-07
3.107e-08
3.32931e-08
5.25716e-08
1.2425e-08
1.91196e-08
1.44451e-07
2.04179e-07
7.2771e-08
1.98314e-08
1.10429e-08
1.52458e-07
4.78583e-06
5.06492e-06
3.00868e-05
1.45455e-05
5.91639e-06
4.32201e-06
7.45143e-06
1.11483e-06
5.37761e-07
8.69146e-07
9.13726e-07
3.28329e-08
3.18153e-06
1.2138e-06
1.40583e-05
3.00976e-05
1.50748e-05
2.25197e-07
4.70356e-06
4.9565e-06
3.36852e-06
1.7978e-08
8.32198e-08
1.81367e-06
1.44032e-06
6.91776e-07
1.34086e-07
1.08053e-05
4.8383e-06
6.75204e-07
3.48473e-07
1.87451e-07
2.67377e-08
3.52688e-07
2.5358e-07
1.30858e-08
1.20628e-07
6.81508e-08
2.2449e-08
6.22764e-08
3.05658e-07
3.03018e-06
3.02186e-05
2.05322e-05
6.78518e-06
1.61972e-05
2.54413e-05
6.61941e-06
1.88937e-06
2.17425e-06
4.50576e-07
1.02938e-07
5.26956e-07
4.41104e-06
1.16476e-06
2.00061e-05
2.58906e-05
5.5985e-06
2.24465e-06
4.57973e-06
2.30417e-06
9.36865e-07
3.62267e-07
3.09819e-07
1.42264e-06
2.72885e-06
5.36377e-07
1.1269e-05
1.29504e-05
1.14494e-05
1.71027e-05
1.25014e-06
2.43692e-07
1.5931e-06
1.67318e-06
7.40892e-07
4.01899e-06
3.28108e-06
3.48221e-06
1.26495e-06
4.83085e-07
8.20422e-07
5.40131e-06
1.11744e-05
1.06918e-05
2.91784e-05
2.77374e-05
1.10984e-05
1.37627e-06
3.57445e-06
1.65625e-06
3.50425e-07
4.68227e-07
3.31519e-06
4.83438e-06
1.14769e-06
1.24878e-05
2.38432e-05
2.08647e-06
2.28005e-06
3.17191e-06
9.79018e-07
7.02996e-07
1.3463e-07
4.35279e-07
1.548e-06
2.63127e-06
1.35804e-07
7.90113e-06
4.0892e-05
5.16167e-05
7.77518e-06
2.80725e-07
4.38442e-07
2.37576e-06
1.14041e-05
6.41815e-06
2.38744e-07
3.26768e-06
2.80309e-06
5.51622e-06
4.60091e-06
6.36289e-06
2.35757e-06
1.39918e-05
2.29631e-05
1.39973e-05
1.24369e-05
3.02845e-07
2.11668e-06
5.80084e-06
2.69678e-06
7.6717e-07
1.07355e-06
4.37024e-06
2.87495e-06
3.7915e-07
7.10728e-06
1.2724e-05
3.05311e-06
4.84163e-06
1.03964e-06
8.09408e-07
1.78073e-07
2.71597e-07
9.30978e-08
6.50563e-07
2.581e-07
5.12463e-07
3.27636e-06
3.01819e-05
4.23843e-06
1.02982e-06
5.04089e-06
4.95106e-06
1.36766e-05
5.47085e-07
2.94717e-06
1.94121e-06
2.5462e-06
8.53582e-07
2.58592e-06
2.26369e-06
1.51425e-06
9.01941e-06
1.29521e-05
1.73925e-06
1.73925e-05
1.21144e-06
5.37273e-06
2.57717e-07
8.82015e-07
1.5206e-06
1.05776e-06
2.48491e-06
2.94882e-06
1.20333e-06
6.79918e-07
8.63204e-06
2.02029e-06
6.40904e-06
5.28271e-06
5.08527e-07
1.39852e-06
2.06155e-06
5.68645e-08
6.04281e-07
3.43074e-07
1.25778e-07
2.23316e-06
3.66061e-06
3.37258e-06
8.03259e-06
2.99175e-05
1.44127e-05
3.67462e-06
3.53822e-06
6.32132e-06
2.33209e-06
2.44864e-06
4.43912e-06
2.70856e-06
5.67199e-06
7.29276e-06
1.54038e-05
3.42563e-05
2.72735e-05
1.9518e-05
4.21311e-06
4.44128e-06
4.5585e-06
3.3211e-06
2.84716e-06
2.19105e-06
1.85484e-06
4.69366e-06
1.68202e-06
9.51112e-07
6.06396e-06
1.27927e-05
1.26183e-05
5.35084e-06
2.24283e-06
7.58683e-07
2.44995e-05
1.91415e-06
3.63098e-05
5.23911e-06
3.66106e-07
2.70764e-06
2.24712e-06
4.7941e-06
4.87203e-06
2.33356e-05
1.99098e-05
5.61557e-06
4.13002e-06
4.7462e-06
4.37078e-06
2.18912e-06
7.2255e-07
2.34288e-06
1.91261e-06
1.45424e-06
2.68208e-05
3.63817e-05
3.9522e-05
4.62527e-06
2.82777e-06
2.75512e-06
2.83272e-06
2.82995e-06
2.78959e-06
1.26644e-06
3.5115e-07
2.8754e-06
4.28957e-06
8.84035e-07
1.26202e-06
1.80616e-05
4.10746e-05
6.15321e-06
4.14369e-06
5.54049e-07
1.78074e-05
7.50923e-07
2.74222e-06
3.20051e-05
4.61229e-07
2.00479e-06
1.39846e-06
4.7067e-06
1.45067e-05
1.27441e-05
3.60969e-06
1.09625e-06
1.60385e-06
2.43322e-06
6.30163e-06
3.84349e-06
3.34352e-07
2.70923e-06
7.44865e-06
5.8375e-06
1.41428e-06
2.46793e-06
6.35061e-06
3.85563e-06
1.11311e-06
1.70594e-06
2.2748e-06
3.10968e-07
7.22061e-06
3.09332e-06
3.54358e-06
4.48812e-06
5.31975e-06
2.19704e-06
1.107e-06
9.17859e-07
1.84387e-05
1.68706e-05
2.95402e-06
2.87512e-06
7.64775e-06
9.19773e-06
1.42774e-06
3.2621e-06
2.88343e-07
2.66559e-06
3.42226e-06
8.3658e-07
1.01473e-05
2.26324e-05
1.12178e-05
4.34664e-06
1.13119e-05
1.37607e-05
6.05954e-06
4.77529e-06
1.5913e-06
1.67036e-06
6.53234e-06
6.48814e-06
4.66459e-06
2.42255e-06
9.46592e-07
1.44625e-07
7.99686e-07
1.90411e-06
3.43956e-06
2.40072e-06
5.13626e-06
7.30153e-06
7.34331e-06
9.74429e-06
7.25702e-06
5.19922e-06
1.64391e-06
2.87042e-06
1.80151e-06
4.29885e-06
2.10593e-06
2.54782e-06
8.55545e-07
1.24101e-06
3.34364e-06
3.60441e-06
1.95605e-06
3.10337e-06
3.4833e-06
2.66719e-06
6.74182e-06
2.20253e-05
1.55506e-05
5.33681e-06
9.49269e-06
2.21962e-05
2.57275e-05
1.11113e-05
5.475e-06
4.6416e-06
1.68608e-05
3.7523e-06
3.43788e-06
1.53815e-06
8.48122e-07
1.42199e-07
1.78425e-07
3.09175e-06
2.98916e-06
1.62891e-06
3.29243e-06
7.43666e-06
1.21575e-05
1.32624e-05
2.2101e-06
4.38423e-06
1.18403e-05
1.66329e-06
2.36589e-06
2.11374e-06
7.54803e-07
2.41367e-06
5.41447e-06
3.91346e-06
2.5929e-06
1.55643e-06
2.37282e-06
1.92669e-06
1.67473e-06
5.11827e-06
1.25549e-05
1.915e-05
2.34143e-06
2.83355e-06
6.3419e-07
6.40591e-07
3.38118e-06
1.22616e-05
2.59076e-05
3.13728e-05
8.30173e-06
6.88945e-07
1.6642e-06
5.30871e-06
1.49688e-06
3.7622e-06
9.2924e-06
8.92527e-06
6.8034e-06
4.93832e-06
3.4493e-06
2.51526e-06
6.93091e-06
1.43611e-05
7.27694e-06
2.75477e-06
3.12074e-07
1.09512e-05
8.04026e-07
1.23491e-06
4.05595e-06
1.81305e-05
1.00491e-05
4.23779e-06
5.46526e-06
1.77253e-07
9.37669e-06
7.45136e-06
1.82792e-06
1.06172e-05
1.1953e-05
1.42654e-06
4.17114e-06
4.06092e-06
2.72329e-06
1.9256e-06
9.34042e-06
2.6994e-05
2.39425e-05
4.1277e-06
2.76477e-06
3.98775e-06
6.57024e-06
4.17745e-06
4.46945e-06
2.77004e-06
4.20141e-06
5.54339e-06
5.80915e-06
3.62682e-06
7.97957e-07
5.22553e-07
1.04617e-05
2.10088e-05
2.38913e-05
1.30289e-05
9.72759e-07
2.69973e-07
3.21622e-07
2.02207e-06
2.80269e-06
7.78934e-07
1.6273e-06
2.39944e-06
2.12384e-06
2.87045e-06
2.44073e-06
1.9121e-06
3.28543e-06
1.63565e-05
1.55945e-05
2.74486e-06
5.59137e-06
2.86466e-06
2.34389e-06
3.00132e-06
4.4121e-06
4.00981e-06
2.0027e-06
3.01273e-06
3.9411e-06
4.35019e-06
3.94506e-06
1.74087e-06
1.56219e-06
1.14233e-06
7.09887e-07
4.33362e-07
7.15948e-07
9.91825e-07
4.72807e-07
8.11715e-07
8.03373e-06
1.07513e-05
3.6956e-06
6.6069e-06
4.69903e-06
1.03708e-06
2.00457e-06
2.15984e-06
7.51409e-06
7.28301e-06
6.10254e-06
4.69331e-06
2.44239e-06
2.04096e-07
9.43259e-07
2.01704e-06
2.20622e-06
7.39218e-06
6.69569e-06
9.52046e-07
6.99134e-06
2.25443e-06
4.56636e-07
4.04984e-06
9.71741e-06
1.06931e-05
1.07243e-05
1.04219e-05
1.00618e-05
7.32845e-06
3.26141e-06
8.75079e-07
6.3987e-07
1.1736e-06
8.2588e-07
1.12718e-06
1.86495e-06
2.18362e-06
1.46625e-06
1.54172e-06
4.14968e-06
2.13988e-06
7.19636e-07
5.63322e-07
9.66078e-07
4.33826e-06
4.23937e-06
5.18313e-06
4.73982e-06
3.52858e-06
4.28085e-06
2.62785e-06
2.43161e-06
2.97987e-06
1.13072e-06
1.73867e-06
5.72246e-06
1.76792e-05
8.81786e-06
5.33271e-06
3.77811e-06
7.91389e-07
1.1362e-06
2.2348e-06
3.53631e-06
3.60423e-06
2.96191e-06
2.72275e-06
2.71118e-06
2.73349e-06
2.07539e-06
3.78404e-06
2.36473e-06
8.475e-07
1.54307e-06
2.24303e-06
2.78434e-06
2.00208e-06
1.36747e-06
6.19997e-07
2.27153e-06
8.51031e-07
4.24053e-07
5.07452e-07
1.23707e-06
1.8808e-06
2.93286e-06
2.28324e-06
1.26437e-06
1.89644e-06
6.46986e-07
9.07488e-08
4.19011e-06
1.52587e-05
2.06185e-05
1.70608e-05
8.04315e-06
1.06064e-05
8.5561e-06
4.24347e-07
2.52798e-07
2.15851e-06
6.13206e-07
9.97299e-07
1.16644e-06
1.02003e-06
5.7935e-07
3.80249e-07
8.21814e-07
2.32038e-06
3.7201e-06
3.87314e-06
3.61803e-06
2.51305e-06
4.89765e-06
4.45166e-06
4.2879e-06
4.22889e-06
2.76656e-06
2.26682e-06
2.52145e-06
1.18921e-06
2.14862e-06
2.73779e-06
2.65838e-06
1.93817e-06
9.17265e-07
5.60658e-07
1.76867e-06
2.74598e-06
2.3788e-06
2.67559e-06
3.42731e-06
2.13493e-06
5.41431e-08
3.75378e-08
4.00783e-07
3.9775e-07
1.81082e-07
8.0012e-07
1.57445e-06
2.06866e-06
2.41678e-06
1.25112e-06
5.9444e-08
1.86145e-07
1.3068e-06
2.74256e-06
3.50978e-06
1.84895e-06
1.94045e-06
1.66513e-06
5.89952e-06
1.46667e-05
1.07782e-05
3.80795e-06
2.63271e-06
1.82995e-06
1.13751e-05
2.41103e-05
1.03687e-05
2.80468e-06
1.50832e-06
1.6975e-06
2.95748e-06
3.27578e-06
2.69516e-06
3.14358e-06
2.6524e-06
1.86857e-06
2.22545e-06
3.18153e-06
1.70414e-06
1.34277e-06
7.934e-07
4.23496e-08
2.61189e-07
9.644e-07
2.44838e-06
5.22441e-06
6.09399e-06
4.49386e-06
3.76788e-06
1.58823e-06
2.14236e-07
3.47716e-07
2.3132e-06
2.28447e-06
1.23032e-06
2.04251e-06
2.50662e-06
6.79561e-11
3.73807e-11
5.50222e-11
8.43194e-11
1.59297e-11
2.35141e-11
1.03157e-10
2.32459e-09
3.7838e-09
1.50649e-09
6.79169e-10
1.23803e-09
3.13543e-09
2.69392e-09
5.93728e-10
2.14451e-10
2.38429e-10
5.52157e-10
9.37186e-11
1.36406e-10
8.46507e-10
6.94848e-10
2.67603e-10
1.84619e-10
9.44907e-11
3.42614e-11
1.17441e-10
4.91466e-10
3.6005e-10
1.11912e-10
4.53443e-11
3.55232e-11
8.36108e-12
6.56611e-12
2.34594e-10
2.65912e-10
1.72821e-11
3.32117e-12
9.82107e-12
5.95036e-11
7.34532e-10
3.61118e-10
7.0836e-10
1.31826e-09
5.99092e-11
7.29814e-10
3.19878e-10
1.83188e-08
4.81756e-08
2.584e-08
1.00495e-08
1.03217e-08
1.68177e-08
1.34804e-08
5.21071e-09
3.75464e-09
5.05059e-09
4.45754e-09
7.94155e-11
4.50074e-09
2.09513e-08
2.33155e-08
1.0129e-08
2.95141e-09
1.16008e-09
7.57798e-10
1.53807e-09
4.69574e-09
4.48028e-09
3.435e-09
3.09677e-09
3.63136e-09
2.32735e-09
1.84395e-10
1.23764e-10
5.44034e-10
3.80704e-11
1.55977e-10
3.44141e-10
8.82476e-10
1.04536e-08
2.50541e-09
1.07285e-09
5.77766e-09
4.81047e-09
4.76033e-10
2.2152e-08
3.36287e-09
9.03781e-08
1.2976e-07
7.49399e-08
5.39233e-08
5.29128e-08
3.2099e-08
1.13112e-08
1.06181e-08
2.59065e-08
3.52433e-08
3.88207e-09
1.11082e-08
1.07493e-07
1.61084e-07
9.25938e-08
2.7493e-08
7.4872e-09
5.82416e-09
5.19933e-09
1.38822e-08
1.91238e-08
1.80191e-08
2.03118e-08
3.07346e-08
3.74606e-08
1.66371e-08
5.01179e-10
2.8445e-11
3.92828e-10
3.58924e-09
6.29686e-09
1.24471e-08
1.17218e-07
6.17934e-08
1.08148e-08
5.19538e-09
3.18585e-08
7.60565e-09
6.68556e-08
8.31679e-07
7.93907e-08
1.88182e-07
3.00021e-07
3.33401e-07
3.19548e-07
1.79107e-07
3.6567e-08
1.19061e-08
4.53038e-08
1.37634e-07
9.07055e-08
4.35408e-09
2.18744e-07
6.27559e-07
5.59349e-07
1.99077e-07
4.10736e-08
2.10969e-08
3.03499e-08
3.50646e-08
2.94335e-08
2.99289e-08
4.73573e-08
8.62639e-08
1.39857e-07
1.52898e-07
6.43916e-08
2.62787e-08
8.27961e-08
1.77246e-07
8.78086e-08
6.44608e-08
2.26733e-07
6.82699e-07
2.77215e-07
8.97517e-08
2.01778e-07
1.43899e-07
3.71965e-09
4.88827e-06
5.59603e-07
6.49786e-06
5.52773e-07
1.96863e-06
1.32383e-06
1.00193e-06
3.40151e-07
2.61772e-08
4.02724e-08
1.85739e-07
3.88544e-07
1.40899e-07
1.0509e-07
1.09634e-06
2.14585e-06
1.63546e-06
4.43666e-07
9.86178e-08
7.55421e-08
1.23623e-07
8.23072e-08
2.37181e-08
2.58145e-08
7.54807e-08
1.8716e-07
2.95553e-07
2.72391e-07
3.50046e-07
1.59588e-06
4.14604e-06
3.43146e-06
4.25233e-07
8.9186e-07
1.14434e-06
1.17655e-06
7.76631e-07
7.23683e-06
1.53679e-06
9.32096e-08
4.13906e-07
3.43781e-06
1.28535e-06
7.73109e-06
4.33306e-07
4.76745e-07
2.07571e-08
2.18388e-07
3.2585e-07
3.07143e-08
1.25251e-07
3.79344e-07
7.25282e-07
2.62427e-07
6.88934e-07
2.67473e-06
4.60547e-06
3.08019e-06
9.86817e-07
4.87826e-07
3.43164e-07
4.0774e-07
2.36314e-07
2.81717e-08
5.27511e-09
2.57731e-08
6.73579e-08
9.98905e-08
2.07174e-07
2.53456e-06
8.49278e-06
9.86593e-06
7.90481e-06
2.59385e-06
1.3945e-06
2.30802e-06
2.98881e-07
5.5026e-07
2.52516e-06
7.42893e-07
4.16313e-07
1.84959e-06
8.63485e-06
7.35603e-06
7.02592e-08
4.55866e-07
4.47993e-08
2.28104e-07
8.47034e-08
2.67815e-07
1.03568e-07
1.55224e-07
4.30505e-07
1.27222e-06
7.04475e-07
2.50492e-06
4.82041e-06
6.31161e-06
2.31486e-06
7.68868e-07
5.73801e-07
3.16624e-07
6.91644e-08
1.40984e-07
1.06577e-07
1.36991e-07
3.97732e-08
3.84497e-10
2.65247e-08
1.16654e-06
6.02204e-06
8.06823e-06
6.8231e-06
1.24847e-06
1.12903e-06
2.6155e-06
3.57072e-06
1.4631e-06
1.19238e-06
1.59319e-07
7.03855e-07
1.16307e-06
3.50505e-06
9.93023e-06
1.04091e-05
8.28038e-07
4.48726e-07
9.90808e-08
8.11816e-07
3.23021e-07
2.58046e-07
2.38708e-07
3.08398e-07
1.26406e-06
2.47046e-06
2.08916e-06
4.20872e-06
4.9467e-06
3.80166e-06
1.63868e-06
9.12541e-07
1.28337e-07
3.59466e-08
3.51618e-07
9.89109e-07
8.18516e-06
4.27682e-06
2.76307e-07
1.96946e-07
2.25917e-07
2.57173e-06
4.29493e-06
5.02913e-06
2.6808e-06
4.24035e-07
7.4728e-07
1.53201e-06
1.74001e-06
6.74074e-07
9.12776e-08
1.86657e-06
1.37159e-06
1.00525e-06
2.79273e-06
4.36864e-06
5.08116e-06
1.09676e-06
5.89573e-08
8.21144e-07
3.33566e-07
2.25147e-07
1.48995e-07
2.08522e-07
1.29454e-06
3.61028e-06
3.0277e-06
4.02445e-06
5.4976e-06
3.99045e-06
1.26763e-06
3.30535e-06
1.89092e-06
1.10909e-06
3.8323e-06
3.52002e-06
1.01226e-05
1.72377e-05
6.98739e-06
4.84608e-07
5.60749e-07
3.12435e-06
5.36779e-06
6.46621e-06
5.69738e-06
9.74265e-07
4.83566e-07
9.24672e-07
2.90623e-07
1.60112e-06
5.39282e-07
4.63213e-06
3.46928e-06
3.86083e-06
3.57085e-07
3.09429e-06
1.25784e-06
2.59345e-06
6.39594e-07
3.23438e-06
6.83879e-07
2.81457e-07
4.85231e-07
7.95612e-07
3.47055e-07
1.65365e-06
2.7993e-06
3.33295e-06
2.89863e-06
4.21162e-06
1.5506e-06
1.566e-06
1.24832e-05
1.14513e-05
1.82758e-06
3.32521e-06
7.61683e-07
8.41154e-06
1.65515e-05
3.42585e-06
1.86412e-06
5.90141e-06
8.41852e-06
7.58759e-06
7.01456e-06
4.31788e-06
6.23991e-07
6.11322e-08
5.46436e-06
9.69618e-06
3.92395e-06
4.28059e-06
2.18866e-06
2.79302e-06
1.4295e-06
1.84689e-06
5.93701e-06
2.7786e-05
2.57302e-06
6.11574e-08
5.33931e-07
2.91428e-07
2.3325e-07
3.45551e-07
6.49836e-07
8.34495e-07
3.16145e-06
2.56821e-06
8.32934e-06
1.76723e-06
1.85161e-06
7.97997e-07
2.94301e-05
2.5047e-05
9.74437e-06
1.04849e-06
3.15184e-06
2.86115e-08
1.67725e-05
1.69176e-06
6.90148e-07
1.53449e-06
9.26678e-06
7.70943e-06
6.28657e-06
6.26348e-06
3.21705e-06
3.12271e-06
7.47348e-07
2.97343e-06
2.15007e-06
1.82425e-06
3.49961e-06
2.83948e-06
2.37238e-05
2.01491e-05
4.79503e-06
5.57944e-06
1.10173e-05
7.69616e-07
1.72953e-07
6.87151e-07
1.23328e-06
8.75376e-08
4.62745e-07
5.92257e-07
4.09985e-06
3.82117e-06
3.28289e-06
1.11463e-06
3.69278e-06
5.07885e-06
1.41223e-06
1.20366e-06
7.29095e-06
8.92735e-06
6.30949e-07
7.33397e-07
5.90457e-06
1.92785e-05
2.07493e-06
7.9186e-07
3.17355e-06
5.93877e-06
2.24812e-05
2.65473e-05
3.76659e-06
2.20304e-06
1.90125e-06
2.19531e-06
2.30971e-06
1.74591e-06
1.441e-06
1.13423e-06
3e-06
3.84909e-05
1.68514e-05
5.5689e-06
3.00923e-05
2.04145e-05
3.05042e-06
2.0051e-06
6.75407e-06
2.07314e-07
3.01475e-06
4.52041e-06
6.66904e-06
4.99378e-06
1.65689e-06
3.31807e-06
1.77123e-05
1.39003e-05
1.81549e-06
4.00411e-06
1.09289e-05
7.06411e-06
4.06281e-06
1.08593e-06
3.81962e-06
3.59245e-06
2.51564e-06
1.01513e-06
1.17918e-06
4.53286e-06
2.98562e-05
3.46404e-05
2.13924e-05
1.02651e-05
3.11782e-06
1.25128e-06
1.21135e-06
1.45238e-06
3.36392e-06
6.31403e-06
4.48546e-06
2.72925e-05
3.37307e-05
2.44721e-05
2.94836e-05
1.88581e-05
2.95154e-06
7.11274e-06
7.36533e-06
8.06881e-06
5.36912e-06
5.87398e-07
7.39909e-06
6.67602e-06
2.04154e-06
2.02664e-06
3.51252e-06
5.5515e-06
2.99261e-06
2.70675e-06
5.51408e-06
1.21639e-05
8.72745e-06
5.4516e-06
4.96082e-06
8.32876e-06
5.40842e-06
5.17667e-06
3.36221e-06
1.3928e-05
1.19716e-06
1.155e-05
2.3036e-05
1.57055e-05
7.61236e-06
5.6084e-06
9.84516e-07
1.98195e-06
4.09961e-06
4.6479e-06
1.8565e-05
3.64955e-05
2.86635e-05
1.03128e-05
1.90238e-05
1.0182e-05
3.06126e-06
3.58796e-06
5.84519e-06
8.5843e-07
9.02831e-06
6.79999e-06
1.59227e-05
3.83047e-06
7.73981e-06
4.64999e-06
1.60032e-05
1.85979e-06
6.01745e-06
6.84992e-06
3.41926e-06
5.40532e-06
3.3111e-06
6.38855e-07
2.94279e-06
8.08762e-07
1.28312e-06
3.26728e-06
3.44211e-06
2.70763e-06
1.56536e-05
5.50669e-06
1.35491e-05
2.57923e-05
9.15104e-07
2.88704e-06
2.25301e-06
1.46021e-06
2.28591e-06
9.23308e-06
1.18809e-05
1.38066e-05
1.47484e-05
2.50213e-06
5.84803e-07
1.25219e-05
5.86501e-06
1.96408e-06
6.66278e-06
2.92068e-06
1.13951e-05
9.98385e-06
4.98736e-06
4.59735e-06
5.55894e-06
9.39903e-06
6.64553e-06
9.14649e-06
3.15552e-06
5.20725e-06
5.93902e-06
8.03945e-06
5.40181e-06
5.14834e-06
2.24987e-06
9.93113e-07
3.35885e-07
1.72558e-07
1.46902e-06
1.62218e-05
2.97876e-06
4.11687e-06
3.561e-06
1.50792e-05
7.88576e-06
1.78365e-06
1.69552e-06
1.55017e-06
8.79251e-06
1.81029e-05
1.57982e-05
3.08063e-06
3.01244e-06
1.78069e-06
1.61427e-06
1.26691e-06
2.71506e-06
1.42514e-06
6.89578e-06
5.56748e-06
1.20955e-05
1.67235e-05
4.74364e-06
1.7221e-05
2.42803e-06
3.72535e-06
4.73382e-06
4.37673e-06
4.8983e-06
5.89676e-06
1.5746e-05
3.57823e-05
2.05407e-05
4.35314e-06
1.21522e-07
8.92076e-08
1.27276e-06
2.89264e-06
2.44298e-06
1.77111e-06
3.55565e-06
4.14396e-06
5.05802e-06
1.1437e-05
7.57351e-06
2.2174e-06
1.79386e-06
1.97413e-06
5.00582e-06
1.6557e-05
2.29329e-05
1.04599e-05
1.27754e-05
5.81394e-06
2.21065e-06
4.13094e-06
7.12823e-06
3.25048e-07
4.89768e-06
3.23383e-06
2.53587e-06
1.18188e-05
1.13527e-05
8.36216e-06
9.77788e-06
5.59181e-06
4.62001e-06
4.24348e-06
4.80973e-06
1.59335e-06
4.3455e-06
1.48148e-05
1.45082e-05
5.55105e-06
3.37908e-06
3.04081e-06
1.94627e-06
7.63073e-07
1.65834e-06
2.34277e-06
1.15447e-06
1.92898e-06
2.89239e-06
4.29871e-06
5.00778e-06
6.01765e-06
7.53105e-06
8.1533e-06
5.06496e-06
1.38723e-05
1.92194e-05
3.85661e-06
5.03708e-06
2.81823e-05
1.13423e-05
1.31544e-06
2.77487e-06
1.95388e-05
1.76069e-05
9.74366e-06
1.87095e-06
3.67998e-06
5.8286e-06
1.63748e-06
8.83673e-07
4.52858e-06
1.08551e-05
1.36145e-05
6.17834e-06
3.49033e-06
4.1677e-06
3.53598e-06
2.23469e-06
1.75331e-06
3.17697e-07
8.79157e-07
3.13729e-06
5.68576e-06
5.0359e-06
5.25347e-07
4.42982e-06
1.20967e-06
1.35846e-06
2.9496e-06
4.82256e-06
5.98445e-06
6.31849e-06
4.08669e-06
4.48252e-06
1.30128e-05
9.2975e-06
9.42327e-07
2.20089e-06
2.10892e-06
1.65199e-05
2.71951e-06
2.38575e-06
2.20968e-05
3.79983e-05
1.57811e-05
6.30924e-07
4.8572e-06
5.27643e-06
2.65493e-06
1.27278e-06
2.04427e-06
1.8294e-06
2.28391e-06
4.6733e-06
2.97061e-07
3.85659e-06
5.48241e-06
4.29721e-06
2.05331e-06
5.74281e-07
7.40051e-07
1.79213e-06
3.36955e-06
4.90285e-06
6.07164e-06
8.12566e-06
2.66255e-06
1.30928e-06
1.37609e-06
1.35115e-06
1.35228e-06
9.88895e-07
8.49043e-07
5.61485e-06
1.53482e-05
3.23117e-06
1.5621e-06
2.68563e-06
2.8445e-06
4.07493e-06
8.22486e-06
3.10619e-06
1.8194e-06
4.11412e-06
5.43439e-07
3.2824e-06
4.32312e-06
1.80677e-06
1.94456e-06
1.90296e-06
1.12227e-06
7.98284e-07
3.23411e-07
7.3298e-07
1.33954e-07
3.43985e-06
1.52216e-06
8.00338e-07
2.01171e-06
8.85466e-06
1.20192e-05
1.31421e-05
1.51875e-05
1.75547e-05
1.46028e-05
7.23786e-06
5.59653e-06
1.9683e-06
1.01227e-06
1.36116e-06
1.81024e-06
1.64273e-06
1.8594e-06
4.47881e-06
2.37673e-06
2.74762e-06
3.24674e-06
2.81134e-06
3.77585e-06
7.08019e-06
3.79736e-06
1.19101e-06
1.48106e-06
9.92235e-07
8.30208e-07
2.30602e-06
2.51263e-06
2.505e-06
6.18207e-06
9.95293e-06
7.83466e-06
2.9231e-06
5.77106e-06
2.5695e-06
1.61122e-06
2.65399e-06
9.04682e-07
3.15306e-07
6.80347e-07
1.62075e-06
2.54134e-06
3.78676e-06
5.59795e-06
7.2521e-06
7.95508e-06
2.81244e-06
1.03181e-06
1.41844e-06
1.69712e-06
1.85274e-06
3.9864e-06
5.50509e-06
2.74887e-06
1.87066e-06
2.35883e-06
2.3153e-06
1.84568e-06
1.8046e-06
3.65515e-06
6.66571e-06
3.34938e-06
4.97745e-07
6.10085e-07
1.45256e-06
8.38451e-06
2.46965e-05
2.84059e-05
2.81119e-05
2.30422e-05
7.19491e-06
2.85878e-06
1.02639e-05
1.00597e-05
6.16989e-06
3.29614e-06
2.46402e-06
2.1768e-06
1.10904e-06
1.37973e-06
1.3356e-06
6.72531e-07
5.3683e-07
2.88341e-06
7.4109e-06
6.81295e-06
6.03176e-06
4.20973e-06
2.52075e-07
2.3226e-06
4.51928e-06
1.00976e-05
1.09289e-05
8.04111e-06
4.46682e-06
1.84161e-06
2.31268e-06
2.29047e-06
2.05869e-06
2.16714e-06
1.27089e-06
1.18476e-06
2.30466e-06
2.26218e-06
1.95339e-06
2.41308e-06
3.11067e-06
2.76551e-06
8.45451e-07
1.16792e-06
4.64157e-07
6.56592e-07
3.37412e-06
7.33675e-07
2.02541e-08
5.14391e-07
3.2104e-06
3.21594e-06
2.41286e-06
1.59934e-06
1.40039e-06
1.91847e-06
1.68696e-06
1.05316e-06
3.94252e-07
1.45949e-06
1.1957e-06
8.31986e-07
3.30922e-06
5.95229e-06
5.61525e-06
5.40383e-06
9.0465e-06
1.53136e-05
1.42526e-05
1.12001e-05
5.22849e-06
1.77614e-06
1.86211e-06
2.20025e-06
2.71073e-06
3.21999e-06
2.60347e-06
1.51633e-06
9.53502e-07
1.85114e-06
7.18635e-07
3.48838e-06
6.68318e-06
7.89144e-07
9.52235e-08
1.43114e-07
1.86375e-07
2.74209e-07
8.85906e-08
1.08031e-06
1.07273e-05
7.0067e-06
3.81793e-06
2.48287e-06
1.89037e-06
1.5468e-06
3.98088e-07
3.04628e-07
4.87073e-07
9.01108e-07
4.05973e-11
2.99747e-11
2.83816e-13
3.59324e-10
1.3841e-09
2.31851e-10
1.48455e-10
5.7059e-10
4.35904e-10
1.14223e-09
2.56398e-09
3.02845e-09
1.86248e-09
4.99125e-10
5.07546e-10
4.17437e-09
9.33022e-09
2.83317e-09
1.54207e-09
9.65783e-09
3.56729e-08
3.35099e-08
9.08199e-09
5.3896e-10
2.22087e-11
1.63255e-11
7.09238e-12
9.50367e-12
3.01422e-12
9.70552e-12
5.14984e-11
1.06395e-10
1.69964e-10
3.16572e-11
4.09406e-12
1.17186e-11
8.77851e-12
2.91868e-13
7.59252e-11
1.49064e-10
2.73438e-10
2.51586e-10
1.17943e-10
5.26807e-10
3.8072e-09
5.85385e-10
1.2312e-09
6.49848e-09
5.99099e-09
6.58416e-09
1.11143e-08
1.56466e-08
1.45423e-08
8.07002e-09
1.0045e-08
3.55392e-08
5.23938e-08
1.99363e-08
1.61451e-08
6.18876e-08
1.41567e-07
1.33749e-07
5.46142e-08
8.13359e-09
7.67657e-10
2.84885e-11
7.40341e-11
1.25004e-10
1.59933e-10
5.49014e-10
1.32576e-09
1.73404e-09
2.18085e-09
8.03371e-10
1.02782e-10
1.41655e-10
4.80122e-10
1.31976e-10
1.21243e-10
7.21493e-10
1.24467e-10
3.30763e-10
7.38164e-10
4.55395e-10
4.74342e-09
4.49876e-09
2.54471e-10
6.29822e-09
1.32672e-08
1.88275e-08
2.70641e-08
2.71874e-08
2.25214e-08
1.24568e-08
1.68278e-08
8.40938e-08
1.34018e-07
4.72504e-08
2.20069e-08
8.7695e-08
2.4002e-07
2.43312e-07
1.18135e-07
3.3892e-08
9.83395e-09
8.85751e-10
3.96234e-10
3.58739e-09
4.32066e-09
6.98742e-09
1.40114e-08
1.97214e-08
2.4132e-08
1.3021e-08
4.16812e-09
5.1242e-09
1.22188e-08
9.46948e-09
7.53626e-10
1.67248e-10
1.06652e-08
7.63576e-09
7.1249e-09
8.92829e-09
1.37246e-08
2.05293e-08
1.29251e-08
5.03696e-09
1.68708e-08
2.24996e-08
5.21217e-08
6.05064e-08
4.28526e-08
1.53603e-08
1.21764e-08
1.05637e-07
2.84899e-07
1.30922e-07
3.27565e-08
6.44504e-08
2.5953e-07
3.45283e-07
1.60081e-07
4.26369e-08
2.12997e-08
1.22788e-08
5.13528e-11
8.80107e-09
2.40065e-08
3.6607e-08
6.66588e-08
1.12081e-07
1.46564e-07
1.11019e-07
5.11091e-08
7.66325e-08
1.88917e-07
1.8845e-07
6.25769e-08
2.11517e-08
6.03121e-07
8.59046e-07
1.77505e-06
3.2712e-06
1.7679e-06
7.50152e-07
4.20951e-07
1.84272e-07
5.71694e-07
2.56529e-07
3.07464e-08
1.27232e-07
9.89964e-08
3.80665e-08
2.07767e-08
1.24319e-07
4.69912e-07
2.26647e-07
1.83693e-08
4.441e-08
1.60113e-07
3.10726e-07
1.85568e-07
3.13831e-08
1.07888e-08
1.67832e-08
3.27942e-09
5.60015e-09
5.55498e-08
9.71731e-08
1.42867e-07
2.50132e-07
3.56909e-07
3.41347e-07
2.98209e-07
9.19794e-07
2.58491e-06
2.81809e-06
1.17029e-06
5.6044e-07
2.66059e-06
3.60725e-06
3.82242e-06
6.80009e-06
9.97816e-06
1.22668e-05
9.94656e-06
3.34e-06
5.05111e-06
1.17084e-05
1.21698e-05
4.40537e-08
3.17387e-07
1.1159e-07
5.54145e-08
2.57079e-07
9.0888e-07
5.68239e-07
9.09879e-07
2.41713e-08
1.66012e-07
2.39063e-07
1.79204e-07
2.53592e-08
4.72822e-09
8.06199e-09
2.0975e-09
7.22312e-09
9.65004e-08
3.17497e-07
3.81902e-07
3.71505e-07
3.88668e-07
3.68677e-07
3.47865e-07
1.37806e-06
5.19276e-06
6.3587e-06
3.72509e-06
2.10257e-06
2.29221e-06
3.84689e-06
2.83823e-06
2.492e-06
2.65323e-06
2.7615e-06
7.84345e-06
3.0873e-06
4.49023e-06
4.55949e-06
5.61439e-06
1.52634e-05
3.87893e-07
4.93493e-07
1.69851e-07
4.96013e-07
1.35272e-06
1.67497e-06
9.96813e-07
3.22963e-06
5.32088e-07
4.33102e-07
6.68709e-07
3.57674e-07
3.2379e-08
1.4811e-08
5.22631e-09
2.12438e-09
1.26404e-07
7.45321e-07
1.22313e-06
9.59088e-07
7.21816e-07
7.10926e-07
7.74169e-07
9.86322e-07
2.68595e-06
3.17073e-06
1.72784e-06
1.2478e-06
1.66939e-06
3.67434e-06
5.12104e-06
2.23846e-06
2.30433e-06
1.32252e-06
5.73811e-07
1.44693e-06
9.29974e-07
6.84001e-06
4.85181e-06
6.12213e-06
8.02619e-06
1.4939e-06
1.23397e-06
1.76269e-06
2.47584e-06
2.01609e-06
4.72991e-07
1.26539e-07
4.79345e-06
3.88789e-06
2.06732e-06
1.67876e-06
1.65683e-06
9.37352e-08
3.40294e-08
2.99772e-09
1.0616e-07
1.11138e-06
2.19928e-06
1.84884e-06
1.5047e-06
1.94582e-06
2.11831e-06
1.7549e-06
1.72817e-06
2.12888e-06
1.61295e-06
1.06355e-06
4.16807e-06
4.88818e-06
3.96863e-06
2.43428e-06
4.11682e-07
1.62321e-07
2.05678e-07
5.2651e-07
1.91052e-06
5.24638e-06
4.7865e-06
2.63595e-06
2.21078e-06
7.69439e-07
7.56278e-07
5.52118e-06
2.69825e-05
2.38232e-06
9.94441e-08
1.1532e-07
6.94021e-07
7.58343e-06
7.41112e-06
3.78427e-06
1.08841e-06
4.48733e-06
2.46125e-07
1.04622e-07
6.98392e-07
2.27143e-06
2.05701e-06
1.13467e-06
1.01125e-06
7.3588e-07
3.18344e-06
5.06662e-06
5.2955e-06
5.93973e-06
5.45278e-06
4.55287e-06
7.46355e-06
1.03042e-05
4.92367e-06
1.24007e-06
6.07483e-07
7.82784e-08
8.40747e-08
6.00506e-07
2.13813e-06
7.98401e-07
4.75242e-07
4.48335e-07
5.38052e-07
1.83386e-07
2.65293e-07
2.03005e-06
1.32851e-05
1.19703e-05
2.81025e-07
1.05264e-07
4.89807e-07
7.30423e-07
3.73823e-06
3.40054e-06
1.35987e-06
6.35449e-06
6.52876e-06
1.79059e-06
2.34798e-06
1.61079e-06
5.42058e-07
4.04573e-07
2.04693e-06
2.74309e-06
2.56191e-06
3.22785e-06
3.63931e-06
7.4944e-06
8.79349e-06
7.59248e-06
4.85189e-06
2.17439e-06
1.17549e-05
1.05654e-06
1.08289e-07
8.46105e-08
1.48356e-07
1.95593e-06
1.81846e-06
2.12303e-06
4.16898e-07
2.1696e-07
1.45987e-06
1.41985e-06
6.17113e-07
1.332e-06
6.50635e-06
1.7847e-06
5.9144e-07
4.74715e-07
5.53143e-07
2.82033e-06
1.27895e-06
4.0854e-06
1.12024e-06
4.06835e-06
1.16658e-05
1.65261e-05
1.75037e-06
8.26824e-07
8.95378e-07
5.04681e-07
3.06354e-06
5.33535e-06
3.85539e-06
2.24295e-06
8.50483e-07
8.0454e-07
1.46439e-06
5.0546e-07
1.85361e-05
1.06859e-05
5.04825e-08
1.58358e-06
4.28295e-07
3.92116e-07
2.9132e-07
2.53554e-06
5.81927e-06
3.58395e-06
3.87677e-06
2.21332e-07
2.17486e-06
7.71221e-06
1.34854e-06
2.84128e-06
2.1413e-06
2.78845e-06
4.03111e-06
7.44749e-07
4.58555e-06
5.03156e-06
3.41136e-06
4.69505e-06
2.67139e-06
9.6292e-07
2.43094e-06
1.62815e-05
8.43473e-06
3.90705e-06
4.70361e-06
1.49574e-05
9.97923e-06
1.29062e-06
1.6629e-06
2.33063e-06
2.26839e-06
8.88546e-07
6.04297e-07
2.05694e-06
1.72618e-05
1.9439e-05
4.40233e-06
8.46394e-08
6.31867e-07
3.77498e-07
1.69857e-07
2.3646e-07
5.28649e-06
5.62975e-06
1.9317e-06
7.81701e-07
2.41385e-06
3.95525e-06
3.84312e-06
4.92703e-06
1.47074e-06
4.9574e-06
2.91054e-05
5.03521e-06
1.38818e-05
2.00082e-06
2.50325e-06
2.68186e-06
4.18393e-06
2.46077e-06
2.17296e-06
3.18573e-06
1.59696e-05
1.38777e-05
1.18658e-05
5.52043e-05
8.16991e-05
4.3195e-05
1.72303e-05
5.74598e-06
2.5893e-06
2.67754e-06
3.40476e-06
2.58905e-06
1.53603e-06
3.45461e-06
3.95767e-06
3.80754e-07
1.2832e-06
2.96896e-07
3.53804e-08
1.68434e-07
4.33675e-06
2.11916e-05
5.29736e-06
7.03401e-07
3.00223e-07
2.19871e-06
1.02704e-05
4.43895e-06
5.71544e-06
1.89298e-07
1.44248e-05
6.17332e-06
1.10524e-06
7.8645e-05
6.11636e-06
5.86076e-06
8.07972e-06
1.49275e-06
2.07015e-06
1.54976e-06
9.8442e-06
2.62286e-05
8.95562e-06
9.80406e-06
4.763e-05
3.28538e-05
6.27821e-06
2.53385e-06
1.2361e-06
3.50761e-06
3.96763e-08
1.38771e-06
1.46464e-06
1.32911e-06
1.49128e-06
2.82132e-07
2.14114e-06
2.1278e-06
1.54744e-06
2.1832e-06
2.3421e-06
1.10834e-05
2.58069e-05
1.14743e-05
1.15686e-05
2.57616e-06
2.62737e-06
6.14305e-06
4.99913e-06
1.05966e-05
2.12903e-05
1.85839e-05
1.40265e-06
8.89919e-05
7.61501e-05
2.43433e-06
4.35614e-06
8.96553e-06
5.04479e-06
4.60438e-06
2.69183e-06
2.20541e-06
3.63669e-06
8.12272e-06
6.73796e-06
3.97649e-06
1.41002e-06
4.81737e-06
7.47448e-06
3.62836e-06
2.20132e-06
4.7718e-07
6.3344e-06
1.10659e-05
4.31435e-06
1.11837e-06
2.55413e-06
1.2324e-06
2.99124e-07
9.10141e-07
1.03088e-06
2.85863e-06
5.2005e-06
3.54675e-06
1.01907e-07
1.05831e-06
3.61508e-06
1.38323e-05
7.78697e-06
5.63834e-06
1.10504e-05
4.0238e-05
2.72097e-06
2.28091e-05
7.9826e-05
2.6253e-05
1.06856e-05
1.06836e-05
1.38457e-05
6.58468e-06
6.73885e-06
2.28899e-06
2.2364e-06
4.89324e-06
2.0453e-06
6.42389e-06
9.10714e-06
6.49929e-06
3.40999e-06
4.56576e-06
5.20423e-06
8.43904e-07
2.22932e-06
8.10028e-06
2.99453e-05
1.2547e-05
1.7287e-06
6.65713e-07
1.79996e-06
4.80377e-06
1.71228e-06
1.11579e-06
7.16518e-06
9.77191e-06
6.20292e-06
3.71276e-06
1.91957e-06
1.11062e-05
4.09253e-06
3.35786e-06
5.07146e-06
4.87545e-06
1.30011e-05
6.16854e-06
4.84478e-06
3.02014e-05
3.07015e-05
1.42035e-05
4.34879e-06
7.47091e-06
3.18793e-06
4.85853e-06
9.77952e-07
2.5697e-06
1.02569e-05
4.0422e-06
5.94035e-06
3.25458e-06
2.46213e-06
1.7333e-06
6.49318e-06
1.70007e-05
3.2176e-06
4.62795e-06
8.65631e-06
1.98581e-05
1.60774e-05
7.95051e-06
6.79863e-06
1.23152e-05
1.55906e-05
1.30485e-05
3.32204e-06
2.5986e-06
2.58262e-06
3.276e-06
7.47497e-07
1.4899e-05
1.59364e-05
1.44651e-06
2.67468e-06
6.89426e-07
4.51595e-06
5.25945e-06
1.26188e-06
3.76889e-05
3.49133e-05
1.50783e-05
1.16952e-05
1.10435e-05
5.43192e-06
2.83345e-06
6.54501e-06
1.53819e-05
2.22635e-05
7.89441e-06
1.76097e-06
9.93793e-06
3.35245e-06
3.22085e-06
1.71875e-05
1.60491e-05
2.87573e-06
4.45194e-06
4.39784e-06
6.6378e-06
1.49684e-05
8.22614e-06
4.49276e-06
1.46176e-05
2.20542e-05
1.52984e-05
7.99896e-06
2.72863e-06
1.00756e-05
2.21482e-05
1.35926e-05
2.77666e-06
8.21306e-06
1.1269e-05
1.3783e-05
1.85798e-05
3.47791e-06
1.24327e-06
1.68033e-06
5.77039e-06
1.28646e-05
1.41557e-05
2.24505e-05
2.57163e-05
1.43667e-05
2.37849e-06
3.68698e-06
5.0894e-06
1.24335e-05
3.57263e-06
1.19003e-06
5.06623e-06
3.49895e-06
1.05537e-06
3.82656e-06
7.26399e-07
9.05995e-07
2.01051e-06
2.86948e-06
2.28397e-06
1.79071e-06
2.59867e-06
4.77136e-06
6.94974e-06
9.71546e-06
6.39033e-06
2.50415e-06
3.23968e-06
4.73132e-06
7.56426e-06
1.58545e-05
1.17182e-05
1.52839e-05
1.64612e-05
2.91549e-05
2.89948e-05
4.38086e-06
4.30042e-07
2.42811e-06
3.25698e-06
3.18042e-06
1.95624e-06
8.71538e-08
8.88039e-06
2.8829e-05
4.90008e-06
2.60138e-06
5.91452e-06
3.94592e-06
2.99233e-06
3.51813e-06
5.3043e-06
4.22851e-06
1.45345e-06
1.17221e-06
1.40033e-06
1.04175e-06
1.79211e-06
2.10882e-06
2.84168e-06
2.7236e-06
1.42245e-06
4.43708e-07
3.19247e-06
9.93938e-06
7.30992e-06
2.97609e-06
3.3659e-06
2.72487e-06
9.64883e-07
4.71319e-06
6.07083e-06
4.61158e-06
9.36926e-06
1.59893e-05
1.50568e-05
2.36015e-06
1.24529e-06
1.89334e-06
2.44055e-06
1.67904e-06
1.64071e-06
4.89394e-06
2.5874e-06
3.32753e-06
1.05878e-05
1.04165e-06
3.4249e-06
3.25963e-06
1.71752e-06
1.08281e-06
7.13055e-07
2.7916e-07
1.94386e-07
8.1137e-07
4.93784e-07
1.41949e-06
3.02592e-06
1.10178e-05
5.47325e-06
1.87926e-06
7.70648e-07
5.46997e-07
2.48599e-06
4.57235e-06
4.1178e-06
3.14555e-06
2.22148e-06
1.52892e-06
1.03225e-06
2.69643e-06
2.38808e-06
2.39162e-07
6.40469e-07
6.64076e-07
1.46724e-06
3.06083e-06
3.02268e-06
2.73106e-06
8.72489e-06
9.56506e-06
6.28297e-06
5.87548e-06
5.51769e-07
2.37557e-06
2.22556e-06
2.06083e-06
2.39613e-06
4.62382e-07
4.49927e-07
4.07052e-07
2.49724e-07
5.56712e-07
3.73409e-06
7.99183e-06
4.21711e-06
1.70835e-06
1.28751e-06
9.93865e-07
1.68115e-06
2.53656e-06
3.80825e-06
3.81817e-06
2.13298e-06
2.23697e-06
1.86835e-06
1.67009e-06
1.06256e-06
2.03611e-06
4.20153e-06
5.20092e-06
9.86106e-06
1.62618e-05
1.37372e-05
9.73283e-06
8.01246e-06
7.66898e-06
2.72589e-06
3.52501e-07
2.26894e-07
5.81477e-07
2.28447e-06
1.35853e-05
1.37494e-05
9.44652e-06
4.23315e-06
3.44333e-06
3.7529e-06
3.86051e-06
3.8452e-06
2.56441e-06
1.67872e-06
2.90052e-06
7.45632e-06
2.8268e-06
1.86446e-06
2.7484e-06
6.39954e-07
5.16605e-07
1.45411e-06
2.9727e-06
5.0443e-06
6.99392e-06
6.30944e-06
1.70932e-06
3.19351e-06
1.57238e-06
3.79795e-07
1.80011e-06
3.82703e-06
2.31477e-06
1.41722e-06
1.55715e-06
2.34907e-06
3.11664e-06
3.23854e-06
2.28524e-06
2.73358e-06
3.15595e-06
2.13061e-06
7.49083e-07
1.32298e-06
2.97963e-06
1.21111e-06
1.1697e-06
2.99629e-06
5.43469e-06
3.7192e-06
3.01827e-06
1.98131e-06
5.50987e-07
1.99352e-08
3.50312e-07
4.88751e-07
2.11956e-06
3.04004e-06
1.63677e-06
1.51453e-06
1.41064e-06
1.9594e-06
4.54946e-06
1.11089e-05
1.62295e-05
1.37106e-05
1.33272e-05
1.41641e-05
6.43885e-06
1.69258e-06
1.90526e-06
1.93067e-06
2.12846e-06
1.21147e-06
1.85228e-07
6.13656e-07
4.93386e-06
6.23765e-06
1.11761e-05
1.48142e-05
5.35579e-06
2.10384e-07
6.10876e-07
5.44277e-06
2.25503e-06
1.53487e-08
8.74801e-07
2.80556e-06
4.28636e-06
3.38335e-06
2.60271e-06
1.6927e-06
2.31576e-06
4.98003e-06
8.52529e-06
1.19747e-05
8.16927e-06
3.7117e-06
6.3103e-07
1.84047e-06
2.76303e-06
3.93785e-06
1.05863e-05
2.20525e-05
3.01367e-05
2.49269e-05
6.15756e-06
4.11755e-07
7.862e-07
1.28063e-06
3.76928e-06
8.00692e-06
5.80625e-06
1.84376e-06
5.15758e-07
5.87252e-07
7.82648e-06
1.41733e-05
7.55786e-06
1.23456e-06
2.17287e-06
7.2294e-06
1.40471e-05
1.00553e-05
5.24415e-06
5.55274e-06
4.51075e-06
3.24636e-06
3.49895e-06
9.69706e-06
7.7703e-06
2.51802e-06
1.19658e-06
5.38785e-06
5.12353e-06
3.80841e-06
2.18161e-06
6.75821e-07
2.04868e-06
8.73833e-07
3.04934e-07
4.87899e-06
1.43143e-05
1.45067e-05
7.1658e-06
4.14624e-06
2.06634e-06
1.55666e-06
1.77243e-06
5.67747e-07
4.37311e-06
1.74337e-05
1.07011e-05
9.61558e-07
9.84534e-08
1.39107e-06
2.93844e-06
9.99538e-06
9.59309e-06
7.08654e-06
6.07997e-06
3.31842e-06
1.91068e-06
3.26995e-06
9.31623e-06
1.22651e-05
9.43508e-08
1.04092e-06
5.78733e-06
1.49222e-05
1.52247e-05
6.36666e-06
9.00722e-07
1.57873e-06
8.07803e-07
9.70328e-07
2.5524e-06
2.80237e-06
4.28373e-06
3.78675e-06
2.23966e-06
4.83169e-06
2.13026e-06
9.28204e-07
9.9622e-07
1.66353e-06
2.17219e-06
9.07694e-07
1.01406e-06
4.94766e-06
1.04332e-05
7.11451e-06
3.63649e-06
2.16783e-06
1.97481e-06
9.71592e-07
2.13949e-06
1.25965e-06
3.88983e-06
3.5112e-06
1.69628e-06
1.94537e-06
3.27266e-06
4.68028e-06
1.57304e-05
1.81192e-06
2.78443e-06
1.05549e-06
6.32802e-06
8.5378e-06
1.11527e-06
6.80225e-07
1.15117e-06
4.87189e-07
1.52378e-06
1.768e-06
1.22744e-06
2.58842e-06
6.8484e-06
7.60284e-06
2.55567e-06
2.29911e-06
1.15498e-06
6.7023e-07
3.7039e-07
7.88466e-07
5.83135e-07
1.81727e-06
1.72201e-06
2.86489e-06
4.70447e-06
1.31221e-05
1.23147e-05
6.5776e-06
2.36493e-06
2.80868e-06
1.61414e-05
2.16054e-05
1.74577e-05
9.0349e-06
5.77178e-06
8.27499e-06
9.50234e-06
6.52374e-06
3.0401e-07
1.43277e-06
1.01476e-06
2.04662e-06
1.39737e-06
1.85338e-06
3.19678e-06
1.2109e-06
7.11504e-07
5.33731e-08
3.46782e-07
6.26366e-07
1.02788e-06
2.47935e-06
1.0744e-06
6.80772e-07
2.91178e-07
1.1931e-06
2.98917e-06
3.93813e-06
1.45941e-06
2.96065e-06
3.08414e-06
2.62985e-06
1.7767e-06
1.65219e-06
2.54051e-06
3.33238e-06
3.8844e-06
3.3158e-06
1.51245e-06
3.15779e-07
4.93042e-07
2.05046e-06
3.7167e-06
3.24632e-06
1.56537e-06
1.09411e-05
1.14787e-05
5.02499e-06
8.78408e-07
2.2978e-07
1.72745e-06
3.89213e-06
5.37101e-06
1.54294e-06
6.14855e-07
1.78765e-06
3.15318e-06
3.4567e-06
2.82611e-06
2.69028e-06
2.8088e-06
1.59142e-06
5.8117e-07
1.48521e-06
2.48099e-06
2.48453e-06
3.07218e-06
9.96995e-06
8.38793e-06
2.85867e-06
2.95541e-06
2.57005e-06
1.94573e-06
1.20632e-06
2.25312e-06
3.20592e-06
1.65953e-05
6.58973e-06
2.59569e-06
3.42567e-06
3.39025e-06
2.5193e-06
1.86907e-06
4.92384e-06
5.77566e-06
1.99893e-06
4.00908e-06
3.57274e-06
5.18398e-06
6.5789e-06
5.43058e-06
2.64273e-06
2.01157e-06
1.72125e-06
6.57613e-07
1.3361e-06
2.37777e-06
2.77635e-06
3.16744e-06
2.33851e-06
2.24123e-06
2.25189e-06
1.52572e-06
1.71238e-06
8.48133e-07
1.27699e-07
1.42381e-06
2.65589e-06
3.20368e-07
6.9187e-07
5.02691e-07
9.6217e-07
1.53792e-06
7.22499e-07
3.40719e-06
3.23419e-05
1.58009e-05
9.20722e-07
2.86732e-06
4.61669e-06
2.93284e-06
1.51833e-06
1.63316e-05
1.71805e-05
8.08113e-06
2.1641e-06
2.11037e-06
8.01997e-06
2.51011e-05
1.40395e-05
1.82914e-06
2.39284e-06
1.72951e-06
8.67625e-07
8.35023e-07
1.65253e-06
2.88459e-06
1.85332e-06
2.64848e-06
6.64322e-06
4.40073e-07
7.42898e-07
6.0211e-07
4.28279e-07
4.17672e-07
1.10703e-06
8.9768e-07
2.53395e-07
2.73105e-07
2.18162e-07
1.23719e-07
8.82898e-07
8.10965e-07
1.92669e-06
1.87106e-05
2.17099e-05
5.9698e-06
2.19744e-06
3.48448e-06
2.62382e-06
3.7417e-06
1.99805e-05
1.09851e-05
1.3463e-06
2.12972e-06
1.82154e-06
4.17e-06
1.06207e-05
1.30978e-05
2.67244e-06
3.09564e-06
1.86568e-05
3.21299e-06
2.63642e-06
4.0349e-06
3.80204e-06
2.80111e-06
2.08408e-06
2.57464e-07
6.53744e-07
6.21694e-07
4.57337e-07
1.24389e-05
1.10493e-05
3.8121e-06
1.31975e-06
2.11081e-07
1.57424e-07
1.03843e-07
1.13456e-07
9.16786e-07
3.26635e-07
2.45785e-06
2.93065e-05
2.27507e-05
6.17844e-06
3.16968e-06
2.4792e-06
2.15901e-06
7.3211e-07
6.47006e-06
1.39919e-05
2.58947e-06
4.23061e-06
5.99389e-06
3.06269e-06
1.71053e-06
6.85644e-06
3.41907e-06
4.0694e-06
3.8378e-06
2.85665e-06
2.50449e-06
2.98532e-06
3.51186e-06
5.10534e-06
9.57652e-07
1.21264e-06
1.80009e-06
7.29739e-07
5.35033e-08
1.64653e-06
1.55295e-05
6.69483e-06
3.96231e-06
5.63671e-06
4.30332e-06
2.44457e-06
7.26878e-07
4.71222e-07
1.54004e-06
1.01838e-05
3.4393e-05
3.63617e-05
2.49871e-05
3.7736e-06
3.09796e-06
4.40283e-06
3.19378e-06
2.81662e-06
3.55211e-06
4.56661e-06
1.90226e-06
2.97177e-06
4.14353e-06
1.77888e-06
1.87709e-06
4.90953e-06
4.00977e-06
6.11428e-07
1.06439e-06
1.68448e-06
1.22798e-06
4.66096e-06
5.26975e-06
2.20445e-06
1.8466e-06
2.15872e-06
1.86244e-06
5.05827e-07
7.77068e-07
8.29336e-06
4.25384e-06
3.15306e-07
1.85465e-06
7.50902e-06
1.6761e-05
2.36307e-05
1.94908e-05
5.21516e-06
3.94987e-06
2.2985e-05
2.99433e-05
2.82708e-05
1.67622e-05
1.21791e-05
2.14362e-06
4.78893e-06
5.79623e-06
6.18937e-06
1.95964e-05
1.76478e-06
1.28058e-06
7.12763e-07
1.65941e-06
2.03093e-06
2.19738e-06
3.00278e-06
1.64415e-07
5.91802e-08
1.10008e-07
6.67814e-07
9.76618e-06
4.81341e-06
4.13869e-06
7.14283e-06
2.3161e-06
2.65533e-06
7.88974e-06
8.35198e-06
3.69784e-06
4.69332e-06
6.56898e-06
7.12694e-08
1.44915e-06
3.27648e-06
9.99264e-06
2.13484e-05
1.72534e-05
1.42271e-05
1.98675e-05
2.8829e-05
2.73567e-05
3.55339e-06
1.0177e-05
1.77573e-05
2.10373e-05
7.82699e-06
6.79525e-06
1.66499e-05
1.67193e-06
4.89105e-06
6.61868e-07
1.61093e-06
4.34315e-06
5.83002e-06
3.15642e-06
2.43213e-08
1.5555e-07
2.2075e-08
1.3945e-07
4.31585e-06
3.30563e-06
2.79567e-06
7.54516e-06
4.39844e-06
1.69397e-06
5.90417e-06
1.06991e-05
2.20109e-06
2.2307e-06
1.68604e-06
4.24138e-06
9.25449e-07
2.16811e-06
1.9913e-06
2.34309e-06
1.10911e-05
9.56907e-06
2.28916e-05
2.48166e-05
2.92923e-05
8.6114e-06
3.15633e-06
1.13048e-05
2.5905e-05
8.33328e-06
4.56435e-06
6.55409e-06
1.4261e-06
5.00907e-06
2.60691e-06
2.46182e-06
5.45884e-06
5.83773e-06
2.00914e-06
6.08592e-08
1.08088e-07
5.26317e-07
3.28353e-07
3.3406e-07
2.30351e-06
3.68623e-06
6.51502e-06
6.4673e-06
1.25768e-06
3.88559e-06
3.12552e-06
3.87363e-06
1.39725e-06
3.31674e-06
2.12204e-06
4.0497e-07
2.45402e-06
1.38646e-06
2.64475e-07
1.82627e-05
1.39987e-05
6.63999e-06
9.75061e-06
1.52007e-05
1.92454e-05
6.84566e-06
9.29633e-06
5.63513e-06
1.75172e-05
2.16375e-06
2.91772e-06
1.64592e-06
9.7952e-07
6.54544e-07
2.21138e-06
2.1882e-06
1.5288e-06
1.2849e-06
7.89459e-07
1.23087e-06
1.649e-06
8.79485e-07
8.08722e-08
1.89943e-06
5.3619e-06
3.79126e-06
2.46228e-06
1.21024e-06
4.65959e-06
4.10906e-06
3.3998e-06
2.659e-06
1.81016e-06
3.93778e-06
2.8813e-06
1.8635e-06
2.9178e-06
3.56168e-07
2.23294e-05
1.87334e-05
1.40851e-06
3.41889e-06
2.2367e-06
7.71494e-07
1.47706e-05
2.03039e-05
5.19154e-06
2.02201e-06
1.01779e-06
1.27915e-06
1.97331e-06
2.09777e-06
4.07915e-06
1.15002e-06
1.75172e-06
6.239e-07
4.46281e-06
3.73067e-06
1.58207e-06
2.10104e-06
2.18606e-06
1.94211e-06
3.79161e-06
8.5892e-06
8.15579e-06
3.22844e-06
9.5888e-08
2.39449e-06
4.97078e-06
3.72117e-06
2.20455e-06
5.33816e-07
1.71418e-06
2.78382e-06
6.72379e-07
4.0477e-06
2.8388e-06
2.11828e-05
1.90909e-05
1.27414e-07
4.8852e-07
3.83884e-07
2.95237e-07
1.70192e-06
5.50192e-06
3.09371e-06
3.35543e-06
4.26256e-07
1.72128e-08
8.01677e-08
3.5723e-07
6.65814e-07
9.90523e-07
1.64964e-06
1.83796e-06
4.7689e-07
5.47103e-06
2.27077e-06
3.92733e-06
1.06809e-05
8.11042e-06
1.64911e-07
1.28696e-06
5.08198e-06
6.59717e-06
1.68715e-06
9.55913e-07
6.04159e-06
5.58618e-06
2.92615e-06
1.31585e-06
2.43768e-07
1.7311e-06
4.52654e-07
1.65632e-06
3.94615e-06
1.89674e-05
1.07474e-05
2.92159e-07
8.0321e-08
7.13839e-08
2.05344e-07
5.48837e-07
6.87658e-07
2.47081e-08
1.17431e-06
3.22274e-07
3.35904e-08
3.74073e-08
1.25645e-07
6.16621e-08
7.07373e-08
5.30648e-07
1.12021e-06
1.01673e-06
3.94764e-07
1.95347e-06
4.93127e-06
2.15081e-06
3.42551e-07
2.05331e-06
4.21312e-06
6.17781e-06
9.32664e-06
5.24169e-06
4.76708e-06
1.44104e-06
6.70017e-06
3.55927e-06
2.24033e-06
5.0576e-07
1.19441e-06
2.05841e-06
3.59488e-07
4.1645e-06
6.62763e-06
5.65738e-06
4.41345e-07
1.23491e-07
2.9857e-07
2.27146e-07
7.0342e-07
2.5877e-06
2.38691e-06
2.51941e-07
1.27346e-08
1.82743e-08
3.61641e-08
6.96901e-08
3.78637e-08
1.67925e-08
7.81215e-08
4.45899e-07
3.83864e-07
6.61559e-08
4.87548e-07
2.31262e-06
2.53618e-06
9.5116e-07
1.00475e-06
9.09052e-07
8.55642e-07
9.23503e-06
1.1547e-05
1.69771e-06
2.87494e-07
3.69926e-06
4.47168e-06
2.21888e-06
1.2055e-06
3.78843e-08
8.41495e-07
9.43738e-08
1.89219e-06
5.15302e-06
1.86948e-06
1.87504e-07
6.43302e-08
2.11155e-07
3.8371e-09
2.67796e-07
1.95745e-06
4.21864e-06
1.0307e-06
1.21796e-08
2.9996e-08
1.05346e-07
7.71493e-08
2.53686e-08
1.24267e-08
1.71761e-08
7.39968e-08
9.02724e-08
4.10969e-08
1.6063e-07
5.57113e-07
5.45396e-07
2.62848e-07
1.54162e-07
1.88416e-07
5.61637e-07
6.72433e-07
1.06695e-06
3.42213e-07
7.0726e-08
1.21411e-06
2.49156e-06
1.3729e-06
9.39531e-07
1.90193e-07
2.06542e-07
2.60526e-07
2.54066e-07
2.73194e-06
8.79055e-07
5.15412e-08
5.30893e-09
6.09322e-08
3.61554e-08
4.87667e-07
6.7713e-07
1.01275e-06
1.14219e-07
2.29416e-09
3.80788e-08
5.94353e-08
2.4008e-08
3.85739e-09
1.78585e-08
2.24384e-08
1.13173e-08
5.00248e-08
2.00545e-07
5.02824e-08
2.43798e-08
6.69608e-08
6.77603e-08
3.40897e-08
2.92651e-08
3.07494e-07
1.06478e-07
5.26547e-08
6.41738e-08
1.32738e-08
1.1987e-07
5.95736e-07
4.05614e-07
2.82992e-07
2.30277e-07
2.88411e-07
5.52265e-07
4.85639e-08
6.13079e-07
2.62858e-08
2.1948e-07
1.93939e-09
2.25509e-08
4.60619e-08
1.68229e-07
1.79534e-07
2.65591e-07
6.12673e-08
5.3573e-10
6.47125e-09
1.89886e-08
4.91271e-09
1.12541e-09
9.89302e-09
1.90989e-08
8.28003e-09
5.31725e-08
4.34093e-07
3.78436e-07
2.65301e-08
3.75182e-09
2.84495e-08
1.54939e-08
1.16264e-08
1.25073e-07
1.01088e-07
1.46848e-08
1.23513e-08
1.16287e-08
2.2163e-09
1.31815e-08
5.85126e-09
4.27494e-08
3.30554e-07
2.95178e-07
3.47411e-07
4.41586e-07
5.41509e-08
8.77638e-09
3.16502e-08
1.22877e-08
2.67617e-08
6.30093e-08
6.43517e-08
1.00642e-08
1.12646e-07
3.31444e-07
1.22242e-07
5.4683e-08
5.39708e-08
1.71971e-08
6.62555e-11
2.76161e-09
8.19932e-09
4.42381e-09
2.49671e-08
2.00441e-07
2.79879e-07
8.25661e-08
3.53668e-09
2.1394e-09
2.85333e-09
3.94617e-09
2.31431e-08
5.98024e-08
3.5201e-08
1.23295e-08
2.16451e-08
4.55263e-08
2.95845e-08
2.28089e-08
7.98473e-08
1.52429e-07
7.33269e-08
5.5787e-08
1.49826e-07
1.37517e-08
8.69269e-09
3.76008e-08
3.19178e-08
1.61479e-08
4.28812e-08
5.02408e-08
1.47032e-09
4.5095e-08
2.48302e-07
1.99928e-07
1.30733e-07
1.03744e-07
4.60855e-08
3.52297e-09
1.96331e-10
2.06973e-09
6.46443e-10
4.40124e-09
3.30483e-08
7.98649e-08
9.40158e-08
4.67021e-08
8.92473e-09
2.02447e-09
1.86251e-09
4.04021e-09
1.41542e-08
3.32935e-08
2.62052e-08
1.49352e-08
2.21546e-08
3.33503e-08
3.12005e-08
3.22984e-08
2.08099e-08
6.98281e-09
4.55688e-09
9.13256e-09
3.67177e-10
1.20202e-08
4.11373e-08
4.45705e-08
3.24266e-08
2.7542e-08
1.99358e-08
2.14919e-09
5.05639e-09
7.37251e-08
1.13581e-07
9.62155e-08
7.00219e-08
3.89887e-08
9.41663e-09
4.17158e-10
2.1255e-10
7.62636e-11
3.99186e-10
5.18907e-09
2.05668e-08
4.93133e-08
5.96288e-08
2.96372e-08
4.90918e-09
7.94535e-10
8.00118e-10
1.74264e-09
5.06182e-09
1.11167e-08
9.4408e-09
5.80783e-09
7.24124e-09
7.76779e-09
5.45651e-09
3.1309e-09
7.31567e-10
2.76948e-10
2.93034e-10
2.39269e-11
2.37446e-09
1.3307e-08
2.30257e-08
2.36204e-08
1.78565e-08
1.97264e-08
1.56279e-09
3.68131e-11
2.84614e-09
1.86244e-08
3.07292e-08
3.24108e-08
1.78963e-08
6.77386e-09
1.27951e-09
1.02711e-10
3.22318e-11
2.4295e-12
7.33128e-11
7.19665e-10
2.86897e-09
8.59729e-09
1.17907e-08
5.67308e-09
6.5247e-10
1.98116e-11
7.34999e-12
2.72004e-11
2.40911e-10
8.93079e-10
1.06247e-09
3.98807e-10
3.30476e-10
2.80582e-10
2.01555e-10
1.1005e-10
1.05373e-11
1.00366e-11
7.17946e-12
5.65159e-12
1.60338e-10
1.2579e-09
3.08749e-09
2.90134e-09
2.25268e-09
2.60617e-09
1.87137e-06
4.51684e-06
4.71367e-06
2.10432e-06
5.48042e-07
1.44207e-06
3.69812e-06
1.23508e-06
7.76934e-07
2.36168e-06
2.09789e-06
1.18659e-06
6.7689e-07
1.77213e-06
2.70242e-06
1.99369e-06
9.95255e-07
1.17147e-06
4.73551e-06
5.08764e-06
7.41995e-07
1.74139e-07
8.69812e-06
3.16194e-05
3.72765e-05
2.98387e-05
3.27482e-06
1.81278e-06
3.39328e-06
1.50679e-05
1.89103e-05
5.52813e-06
5.58907e-07
1.44777e-06
7.82149e-06
1.96373e-05
1.2618e-05
3.3952e-06
1.74416e-06
8.54e-07
1.44305e-06
1.43754e-06
5.06273e-06
8.98116e-06
1.10098e-05
1.67272e-05
1.37512e-05
3.468e-07
3.77755e-06
3.38728e-06
2.59113e-06
2.27344e-06
2.13348e-06
1.25387e-06
2.6778e-07
4.26968e-07
1.46921e-06
5.65362e-06
1.31073e-05
4.47483e-06
2.40294e-06
4.33441e-06
2.38189e-05
2.93508e-05
1.25869e-05
4.61152e-06
3.3064e-06
2.87208e-06
2.8639e-06
5.94884e-07
2.45794e-06
6.21451e-06
9.49443e-06
6.0963e-06
1.82931e-06
8.42513e-07
1.17596e-06
1.82066e-06
2.98147e-06
2.68311e-06
9.24291e-07
6.46001e-06
4.89315e-06
4.87405e-06
6.07498e-06
4.33329e-06
1.85625e-06
5.80162e-06
7.00512e-06
2.81092e-06
1.5865e-06
3.23229e-06
4.15719e-06
4.48574e-06
4.76804e-06
2.66938e-06
7.23306e-07
1.67153e-06
2.40017e-06
2.97816e-06
2.65298e-06
1.79182e-06
2.78282e-06
3.93105e-06
2.9863e-06
2.60231e-06
3.58133e-06
1.05559e-06
1.01547e-05
2.39566e-05
2.03667e-05
4.78661e-07
5.85784e-07
4.23801e-07
8.35382e-07
1.32757e-06
1.44431e-06
6.14656e-07
4.14599e-07
7.61715e-07
8.67817e-06
1.19145e-05
9.11159e-07
9.55823e-07
6.60734e-07
1.30852e-06
2.30151e-06
4.36361e-07
8.24094e-06
4.3377e-06
1.84822e-06
1.71839e-06
1.5717e-06
2.08041e-06
1.05838e-05
9.76903e-06
8.89169e-06
1.39557e-05
1.68647e-05
5.5755e-06
1.42321e-06
7.5547e-07
1.01053e-06
3.38919e-06
2.86935e-06
1.90134e-06
6.04824e-07
1.41882e-06
1.8774e-05
1.75667e-05
5.6513e-07
1.10926e-05
1.85309e-05
2.50738e-06
1.56942e-06
2.40841e-06
1.93097e-06
1.92456e-06
5.0702e-06
4.18523e-06
3.64216e-06
7.30215e-06
4.47463e-06
7.11972e-07
2.8106e-06
4.0611e-06
4.02309e-06
6.59594e-06
1.24736e-06
1.44322e-06
1.86243e-06
1.39257e-06
2.03275e-06
3.84219e-07
2.43787e-08
2.85035e-08
2.07103e-06
6.94189e-06
2.62608e-06
7.77469e-07
1.5519e-06
6.53227e-07
2.03506e-06
4.58684e-06
4.07981e-06
4.8894e-07
1.17211e-06
9.79171e-06
1.4152e-05
3.41059e-06
2.85723e-06
4.13156e-06
2.91754e-06
2.27291e-06
2.86494e-06
2.91965e-06
2.5634e-06
2.11869e-06
1.7327e-06
1.41062e-06
1.18184e-06
7.27592e-06
5.77017e-06
1.21025e-06
5.01442e-06
1.19811e-05
1.00588e-05
6.57535e-06
2.85668e-06
2.35345e-06
1.88233e-06
1.9125e-06
1.51327e-06
7.65167e-07
1.00017e-06
1.81259e-06
1.76901e-06
1.17251e-06
8.51684e-07
4.94977e-07
4.88548e-08
7.19459e-06
3.00725e-06
4.78881e-06
4.3164e-06
3.25336e-06
7.4525e-06
5.04232e-06
2.75146e-06
2.69042e-06
2.78452e-06
2.1891e-06
1.67473e-06
1.30886e-06
2.65514e-06
2.44441e-06
2.15378e-06
1.41985e-06
6.27188e-07
6.53767e-07
3.32349e-07
4.68015e-07
6.98358e-07
4.08882e-07
3.45924e-07
1.54967e-06
3.47502e-06
1.31414e-06
3.1704e-07
5.5804e-07
1.15344e-06
6.41982e-06
4.47352e-07
1.5587e-06
2.91012e-06
2.87593e-06
2.0497e-06
2.09786e-06
2.41056e-06
4.78609e-07
9.35221e-06
2.62138e-05
1.23323e-05
4.99825e-06
2.91165e-06
3.12861e-06
9.12676e-06
6.05841e-06
8.94731e-06
8.50027e-07
1.64826e-06
1.88877e-06
1.70998e-07
1.08323e-06
6.4082e-07
1.072e-06
1.28191e-06
8.20019e-07
3.33233e-07
1.46701e-06
6.74783e-07
5.00113e-07
3.19652e-07
1.25236e-07
2.16875e-07
4.11788e-07
7.1988e-07
4.28206e-06
1.00742e-06
1.05075e-07
5.54172e-07
6.55445e-06
2.04966e-05
1.18224e-05
6.31893e-07
2.11187e-06
2.08801e-06
2.39521e-06
2.17867e-06
2.12146e-06
5.52363e-06
1.04234e-05
6.64549e-06
1.98012e-06
8.05836e-06
1.57114e-05
2.09544e-06
7.52237e-06
9.71971e-07
2.53806e-06
3.22907e-06
2.41014e-06
1.43302e-06
3.82649e-06
9.88284e-07
5.90766e-07
1.31753e-06
1.77597e-06
1.95228e-06
1.4634e-06
9.73097e-07
1.68826e-06
5.21148e-07
3.04568e-07
1.55162e-06
5.08501e-06
8.09897e-06
3.18331e-06
6.37519e-07
5.22274e-07
4.077e-06
1.2228e-05
1.13796e-05
2.12996e-07
2.52196e-06
1.73636e-06
9.74783e-07
2.11393e-06
6.71352e-06
1.37869e-05
1.88153e-06
1.94308e-06
2.50707e-06
9.82508e-07
6.28733e-06
5.92925e-06
1.69619e-06
2.06226e-06
3.02256e-06
2.94997e-06
5.393e-07
2.86333e-07
2.23949e-06
1.99501e-06
6.56598e-07
1.78077e-06
1.45992e-06
1.26934e-06
9.88182e-07
3.41624e-07
9.66099e-06
2.94689e-06
1.77116e-06
1.15733e-06
1.02726e-06
3.55527e-06
3.02817e-06
1.55134e-06
6.91928e-08
7.67033e-07
6.88567e-06
1.58226e-05
8.89761e-06
2.56754e-07
2.71678e-06
2.44863e-06
3.06732e-06
2.8302e-06
1.22667e-05
2.86162e-06
1.83193e-06
8.26978e-07
1.12701e-07
1.3944e-07
3.29895e-07
2.97254e-07
6.46764e-07
2.5453e-07
2.20075e-07
7.86049e-07
4.35807e-07
8.22663e-07
2.01321e-06
7.07264e-07
2.91629e-06
1.83419e-06
1.16035e-06
4.09835e-07
7.11462e-07
1.35551e-05
1.07358e-05
3.322e-06
2.30197e-06
1.61579e-06
3.73894e-06
2.79502e-06
5.99461e-06
1.07651e-06
1.40209e-06
2.04817e-06
2.18914e-05
2.07998e-05
3.15527e-06
2.60793e-06
9.20694e-06
1.09114e-05
1.46588e-07
1.83116e-05
1.19165e-05
2.26263e-06
3.23953e-06
2.20641e-06
7.17298e-07
4.81682e-07
6.13317e-07
5.66419e-07
4.63739e-07
5.516e-07
1.69865e-06
2.02625e-06
1.34676e-06
1.90403e-06
1.84043e-06
1.96979e-06
8.68198e-07
1.90323e-06
1.20661e-06
7.84653e-06
1.81004e-05
1.29144e-05
8.26238e-06
5.33231e-06
2.34224e-06
3.15399e-06
3.76294e-06
6.73199e-06
2.07856e-06
1.05986e-06
5.80779e-07
1.61889e-05
2.60308e-05
2.18997e-06
2.51069e-06
2.85405e-06
9.91589e-06
2.20287e-05
1.12368e-05
2.27102e-05
6.2514e-06
2.26683e-06
1.3499e-06
1.94835e-06
4.70185e-06
1.42262e-05
2.03441e-05
2.02016e-05
1.18396e-05
2.77833e-06
2.42584e-06
2.01811e-06
2.03918e-06
2.7194e-06
3.06829e-06
4.817e-06
5.34049e-07
6.34056e-07
6.55881e-06
3.90474e-05
1.07174e-05
6.85664e-06
5.32049e-06
3.62194e-06
1.74707e-06
1.85604e-06
1.03539e-05
4.56825e-06
1.96589e-06
1.5075e-06
1.84115e-06
1.83421e-05
1.2552e-05
3.92437e-06
3.35109e-07
1.34756e-06
1.52772e-05
1.84412e-05
1.20465e-05
1.64749e-05
6.25233e-06
6.23332e-06
3.11743e-06
1.76412e-06
1.43507e-05
2.40868e-05
2.94788e-05
3.0645e-05
1.60104e-05
5.0605e-06
4.09194e-06
2.4319e-06
6.83227e-07
2.20929e-06
2.17774e-06
1.02521e-06
2.94026e-06
3.58859e-06
1.08284e-05
1.54926e-05
1.02274e-06
2.50575e-06
1.40932e-05
2.86646e-06
1.28946e-06
7.50965e-06
1.6657e-05
4.79374e-06
2.02561e-06
1.45987e-06
1.50665e-05
1.086e-05
1.99464e-06
1.3359e-05
1.93476e-06
6.04518e-07
1.48375e-07
3.65714e-06
7.48509e-06
5.48539e-06
3.76327e-06
4.08395e-06
8.91193e-07
2.29489e-06
6.3444e-06
1.16375e-05
1.81133e-05
1.85982e-05
2.88497e-06
4.26224e-06
5.45972e-06
3.49556e-06
1.25759e-07
5.06142e-06
5.90986e-06
2.79359e-06
3.75532e-06
1.10352e-06
5.52798e-07
1.73167e-06
3.17656e-06
1.39075e-05
1.06944e-06
3.37014e-06
1.30159e-06
4.23054e-06
1.28837e-06
5.07718e-06
3.44064e-06
7.84671e-06
1.89786e-05
2.59164e-06
1.91116e-06
4.84373e-06
3.0351e-06
1.33701e-06
1.13395e-06
2.4367e-06
9.8085e-07
1.22316e-06
1.17753e-06
2.29901e-06
1.63171e-06
4.0449e-06
6.06363e-06
6.02776e-06
9.87373e-06
7.44287e-07
2.36429e-06
4.09455e-06
4.38229e-06
4.01853e-06
1.79333e-06
1.23465e-05
2.69233e-06
3.05756e-06
1.20967e-06
4.2599e-08
1.73442e-07
2.17651e-06
8.858e-07
2.08698e-06
4.36299e-06
1.52469e-06
1.82718e-07
8.42259e-07
8.19772e-07
6.48418e-07
5.17373e-06
2.04767e-05
5.67428e-06
1.15594e-06
1.23807e-06
5.48946e-06
2.39293e-06
1.9693e-06
4.05891e-07
3.38922e-08
3.79514e-07
1.33201e-06
1.63603e-06
2.07208e-06
4.68391e-06
3.28752e-06
2.23696e-06
9.51326e-07
3.43206e-07
1.20392e-06
4.0718e-06
1.06187e-06
3.81938e-06
3.94874e-06
8.86696e-06
1.46562e-05
9.79902e-07
1.16313e-06
2.29339e-06
9.1111e-08
5.36106e-08
6.41081e-07
2.01041e-07
1.52634e-07
1.63298e-06
2.29773e-06
7.47269e-07
1.70237e-06
6.73851e-07
2.66742e-06
4.33733e-06
5.47693e-06
1.54294e-06
6.91586e-07
4.57345e-06
4.41639e-06
1.13508e-06
2.49307e-07
4.73463e-08
1.42265e-07
1.29406e-06
2.2744e-06
4.75541e-07
3.21497e-06
1.21903e-06
5.51339e-07
1.13148e-07
1.01367e-08
6.62794e-07
4.39076e-06
1.09715e-05
1.90816e-06
2.76481e-06
1.26175e-06
3.42684e-05
8.17975e-06
2.60275e-06
8.91526e-06
7.72763e-06
6.04795e-07
1.31762e-07
8.2265e-08
1.39427e-06
7.56062e-07
1.67475e-06
6.98591e-07
1.188e-06
1.63932e-07
3.19809e-07
1.35559e-06
2.51019e-06
2.73962e-06
7.96008e-07
3.73924e-06
8.05363e-07
2.22941e-07
8.6559e-08
3.10764e-08
7.58735e-08
5.01515e-07
4.72006e-07
5.51179e-09
2.54283e-07
3.91752e-07
1.50165e-07
5.16818e-08
1.75232e-10
3.12981e-07
3.85032e-06
1.28301e-05
6.758e-06
1.59575e-06
7.95755e-07
1.21837e-05
1.39228e-05
5.83132e-06
4.94645e-06
1.31624e-05
3.50654e-07
4.95674e-07
1.40489e-06
1.20171e-06
2.05205e-07
3.08945e-07
4.50475e-07
7.829e-07
2.17976e-07
6.54969e-08
3.60852e-07
9.20623e-07
1.40568e-06
4.97602e-07
6.69288e-06
1.41592e-06
2.41063e-07
4.74755e-08
6.28173e-09
7.39704e-09
1.27295e-07
1.9878e-07
9.94515e-08
3.75278e-08
9.04886e-08
7.2594e-08
4.42257e-08
1.91659e-09
2.07385e-07
4.9153e-06
1.56518e-05
1.04482e-05
5.15183e-06
1.81157e-06
2.90918e-06
1.5481e-06
2.88845e-06
1.97841e-06
1.00297e-05
1.39244e-07
2.46879e-08
3.43094e-08
3.85556e-08
3.5172e-08
1.03678e-07
1.18344e-06
2.35233e-07
2.2786e-07
7.46763e-08
7.99525e-08
8.79949e-07
1.77435e-06
2.07618e-06
3.77267e-06
2.63829e-07
1.3941e-07
3.24949e-08
1.27631e-09
3.7399e-10
4.88163e-08
1.66482e-07
1.37208e-07
7.15671e-08
5.1852e-08
8.75436e-08
3.19489e-08
1.59856e-08
6.32216e-07
5.00316e-06
1.66598e-05
1.68858e-05
9.76894e-06
7.28236e-07
1.17701e-06
1.317e-06
9.39738e-07
4.79979e-08
7.06101e-07
3.29228e-08
2.99831e-09
1.31832e-08
4.72541e-09
8.40465e-09
7.78165e-08
5.00092e-07
2.40587e-07
1.1782e-07
7.89357e-08
1.50335e-08
3.19988e-07
4.14275e-06
1.76347e-05
1.96412e-05
5.76528e-07
1.54544e-08
2.8657e-08
1.27046e-08
4.28989e-09
1.71284e-08
5.14453e-08
3.5698e-08
3.54857e-08
1.61501e-07
6.25527e-07
1.11578e-06
1.37459e-06
2.0738e-06
2.70871e-06
5.08854e-06
9.52215e-06
3.07003e-06
1.8024e-08
2.28686e-08
2.75156e-08
2.84644e-08
1.67491e-09
1.33292e-08
5.32464e-09
2.8763e-09
2.59605e-09
3.06272e-08
3.60384e-08
1.4134e-07
2.2416e-07
1.34298e-08
6.32953e-08
2.86694e-08
1.61955e-08
2.14557e-08
2.8887e-06
1.96062e-05
2.19919e-05
1.12575e-06
6.8925e-09
6.94272e-08
6.95437e-08
2.47792e-08
6.77017e-09
5.36808e-09
3.40771e-09
8.5998e-09
1.38111e-07
7.8576e-07
1.68514e-06
1.88425e-06
1.40686e-06
7.12759e-07
4.01575e-07
4.65107e-07
2.14576e-07
5.4928e-09
4.27892e-09
3.28038e-09
5.62285e-10
5.40536e-10
1.54392e-09
1.35344e-09
6.61541e-10
2.73514e-10
8.37079e-09
5.09417e-08
1.59496e-07
7.23289e-08
4.99019e-09
3.28552e-08
2.93014e-08
1.70837e-08
1.39718e-09
1.39862e-07
1.19946e-06
1.25791e-06
7.87732e-08
7.07667e-09
8.8476e-08
9.42697e-08
3.33166e-08
4.61557e-09
2.6054e-10
1.13433e-10
1.23442e-09
1.88121e-08
1.17628e-07
2.87991e-07
3.82856e-07
2.74723e-07
1.09193e-07
3.84317e-08
2.56715e-08
2.12124e-08
3.5608e-09
4.86543e-10
1.06707e-09
3.94522e-10
8.06697e-11
2.63855e-10
4.25787e-10
1.73987e-10
8.41161e-11
2.46885e-10
5.97406e-09
3.38878e-08
1.28184e-08
3.56053e-09
1.32274e-08
8.19618e-09
9.83884e-09
5.64411e-09
2.68609e-09
3.4507e-09
6.34079e-09
1.04164e-09
1.68874e-09
2.27794e-08
4.69372e-08
2.54903e-08
4.35926e-09
1.96437e-10
6.39835e-13
4.34742e-11
2.83594e-10
1.63967e-09
8.19017e-09
2.049e-08
2.94852e-08
2.09876e-08
7.49047e-09
2.95471e-09
2.39805e-09
1.44623e-09
1.13278e-10
1.35635e-10
3.18048e-10
7.25221e-11
7.45887e-12
7.30063e-11
8.31167e-11
9.70195e-12
6.84836e-12
1.30139e-11
7.5168e-10
1.70333e-09
6.04311e-10
1.90837e-09
2.17468e-09
2.30091e-09
4.41984e-09
6.02328e-10
3.64859e-10
5.74744e-11
1.70564e-10
3.84355e-11
6.55927e-10
5.27621e-09
8.01396e-09
3.50704e-09
4.95848e-10
1.91135e-11
3.16635e-14
1.24835e-11
3.931e-11
3.17834e-11
1.57499e-10
5.41045e-10
1.25793e-09
1.46484e-09
7.25395e-10
3.34222e-10
2.91847e-10
1.94153e-10
2.17618e-11
5.65238e-12
3.03473e-11
7.87319e-12
2.53583e-13
8.00353e-12
2.05352e-11
7.68932e-12
1.64543e-11
9.0969e-12
2.07161e-11
1.12562e-10
3.2346e-11
6.63897e-11
7.37459e-11
6.84205e-11
2.34823e-10
1.01001e-05
3.15956e-06
1.4378e-06
2.08034e-06
3.57176e-06
3.28591e-06
1.27861e-06
2.89229e-06
3.26968e-06
2.78328e-06
1.94129e-06
1.8115e-06
1.36679e-06
5.70944e-07
2.89754e-07
2.46522e-07
4.64897e-07
2.42158e-06
7.74191e-06
8.3433e-06
4.88216e-06
1.43492e-06
1.24051e-06
2.71625e-05
2.96674e-05
1.83541e-05
6.03023e-06
3.43375e-07
5.55971e-06
1.91824e-05
1.02413e-05
2.23109e-06
2.3044e-06
8.72485e-07
1.5205e-05
1.25028e-05
5.77253e-07
1.12679e-06
4.25138e-06
1.15988e-05
8.05707e-07
3.02626e-07
2.96595e-07
3.11169e-07
1.13068e-06
2.20856e-06
6.17923e-06
5.73145e-06
1.9177e-06
2.44359e-06
2.01981e-06
1.52885e-06
1.83786e-06
2.46291e-06
2.12372e-06
1.28121e-06
6.52548e-07
4.26232e-06
1.43828e-05
1.54111e-06
1.15438e-06
1.44663e-06
1.33148e-05
1.71195e-05
1.21867e-05
1.63279e-06
3.07886e-06
1.25922e-06
1.70729e-06
6.31032e-06
7.2981e-06
4.80015e-06
3.05541e-06
2.44374e-06
3.74226e-06
3.04271e-06
8.29659e-07
2.58891e-06
5.73264e-06
3.72758e-06
4.97451e-06
3.77935e-06
1.54522e-06
1.71611e-06
5.17435e-06
6.63042e-06
8.37735e-07
3.39057e-06
6.67543e-06
6.25921e-06
3.35605e-06
1.90669e-06
2.13745e-06
2.41519e-06
2.29004e-06
1.10389e-06
1.07765e-06
8.19669e-06
1.48501e-05
4.98999e-06
3.3903e-06
4.32667e-06
8.10714e-06
3.0084e-06
1.8629e-06
1.83037e-06
1.89346e-06
1.5173e-06
1.55235e-06
1.90185e-05
2.40873e-05
4.70002e-06
9.51206e-07
3.8953e-06
3.32359e-06
2.58542e-06
1.01607e-06
9.70356e-07
3.10173e-07
1.30963e-06
3.14365e-06
2.61202e-06
3.56367e-07
4.14156e-07
1.26933e-06
4.29235e-06
7.11302e-06
1.20512e-05
8.90832e-06
9.03862e-07
2.13402e-06
2.73564e-06
2.90188e-06
1.56343e-06
4.14747e-07
5.1461e-06
1.30551e-05
2.14905e-05
1.64139e-05
3.00315e-06
5.00675e-07
1.44515e-05
3.147e-05
2.01007e-06
2.34671e-06
1.7794e-06
2.47601e-06
1.86698e-06
1.99003e-05
2.4518e-05
5.02099e-06
1.73974e-06
1.79974e-06
5.29044e-07
1.5168e-06
3.59151e-06
3.53865e-06
1.21374e-06
1.96545e-06
3.37659e-06
4.84058e-06
1.29851e-05
3.17123e-06
2.36143e-06
1.54391e-06
5.88381e-06
7.47034e-06
2.26441e-06
1.0677e-06
8.6098e-07
1.43433e-06
3.29065e-06
2.23546e-06
6.2902e-07
5.24717e-07
2.04553e-06
7.23542e-06
7.26385e-06
2.10926e-06
1.94617e-06
3.31604e-06
4.25812e-06
3.47004e-06
3.73158e-06
5.44043e-06
5.81183e-06
2.00099e-06
1.45482e-05
2.42526e-05
1.74795e-06
7.83844e-07
2.70769e-06
3.07133e-06
1.54113e-06
2.44016e-06
2.60092e-06
4.42688e-06
2.92455e-06
3.24677e-06
1.21437e-06
1.526e-05
9.4688e-06
5.25542e-07
1.26044e-05
2.0942e-05
2.91819e-06
1.79076e-06
4.24816e-06
2.48584e-06
2.97817e-06
2.11769e-06
6.75913e-06
2.88922e-06
3.97005e-07
2.3783e-07
1.32184e-07
3.65979e-08
1.07401e-07
7.33269e-07
1.1544e-06
1.77138e-06
3.87471e-06
5.82475e-06
6.48064e-06
4.90386e-06
2.17835e-06
4.70209e-06
5.38225e-06
3.15333e-06
6.93152e-07
5.53326e-07
1.09617e-06
1.07839e-05
2.45443e-06
3.07221e-06
4.3117e-06
2.21763e-06
2.85193e-06
7.39625e-07
3.16569e-06
2.33084e-05
1.49841e-06
1.46947e-06
9.84983e-06
4.71155e-06
2.51885e-06
3.22713e-06
4.13611e-06
3.02007e-06
5.57924e-07
5.08955e-06
1.81097e-05
4.91918e-06
1.60632e-06
3.69472e-07
8.72527e-07
1.65632e-06
2.5413e-06
4.04156e-06
5.40812e-06
8.54733e-06
7.84395e-06
4.42342e-06
4.36819e-06
4.55058e-06
6.98946e-06
5.00843e-06
5.2492e-06
3.53601e-06
1.29678e-06
2.22468e-06
2.61173e-06
3.30888e-07
3.15761e-06
4.14202e-06
3.59614e-06
1.51187e-06
9.1946e-07
1.36306e-07
9.93373e-06
1.25716e-06
1.48913e-06
2.84322e-06
2.0981e-06
2.61174e-06
3.62795e-06
2.49575e-06
3.03682e-06
3.4335e-06
1.35938e-06
9.56518e-06
1.99498e-05
4.12853e-06
2.34683e-06
3.06538e-06
1.73367e-06
2.55502e-06
2.04222e-06
1.31545e-06
1.27497e-07
6.23717e-07
5.2557e-06
1.8998e-05
1.53565e-05
6.84639e-06
1.59875e-06
2.6338e-06
2.29627e-06
1.39919e-06
2.89545e-06
4.38475e-06
2.15677e-06
7.79754e-07
1.27342e-06
4.21675e-06
3.00655e-06
9.30496e-07
1.33435e-06
7.42511e-06
8.86794e-07
5.12937e-06
5.75963e-06
2.89136e-07
7.92971e-06
6.44553e-06
1.15198e-06
1.0308e-06
2.93315e-06
1.15544e-06
1.04698e-06
1.57662e-05
1.8559e-05
2.05349e-06
2.45228e-06
3.49515e-06
2.22074e-06
2.49919e-06
1.51675e-06
2.91816e-06
6.49399e-07
6.25446e-08
3.17406e-06
6.68453e-06
9.03725e-06
7.70401e-06
2.55873e-06
3.22847e-06
2.37681e-06
3.58118e-06
4.10145e-06
2.69709e-06
1.06344e-06
6.27862e-07
2.54923e-06
3.34267e-06
1.4442e-06
8.88788e-06
5.45629e-07
1.7413e-07
3.58422e-07
4.63154e-06
4.84487e-06
2.25682e-06
4.64348e-06
2.48174e-06
5.12462e-07
5.64997e-07
1.21058e-06
4.18728e-07
2.32735e-06
3.03146e-05
2.63293e-05
1.4087e-06
3.50031e-06
2.33271e-06
3.18779e-06
4.93308e-06
2.8943e-06
1.40339e-05
4.86294e-07
2.9811e-06
3.13112e-06
1.57094e-06
3.70892e-06
2.30895e-06
1.88642e-06
1.38759e-06
4.24329e-06
7.92003e-06
1.76637e-06
1.52619e-06
2.0066e-06
2.75994e-06
3.56955e-06
2.0583e-06
8.73607e-06
1.13447e-06
6.59394e-07
5.60288e-07
8.85418e-06
6.33512e-07
1.54547e-06
2.74578e-06
9.87448e-07
1.53094e-06
2.69736e-06
4.84892e-06
1.55595e-06
1.36954e-06
1.51348e-05
3.5026e-05
5.48972e-06
3.45917e-06
5.09407e-06
3.24958e-06
7.59312e-06
4.04101e-06
3.08618e-06
2.22146e-06
3.82373e-06
5.21656e-06
5.17768e-06
4.86923e-06
4.5951e-06
2.20406e-06
1.49193e-06
2.62232e-06
6.08779e-06
5.44287e-06
8.21608e-07
2.51499e-06
3.11479e-06
1.1121e-06
4.09401e-07
2.40377e-06
2.80286e-05
1.6872e-06
5.82785e-07
5.34402e-06
5.06377e-06
1.41291e-07
4.1742e-06
6.5714e-06
2.12063e-06
9.30713e-06
2.07704e-05
3.69337e-06
2.77052e-06
5.78361e-06
1.94299e-05
1.20686e-05
2.03471e-06
4.55445e-06
4.79092e-06
5.93536e-06
2.09847e-05
3.43281e-06
4.92325e-06
3.0081e-06
2.60857e-06
2.23799e-06
7.65098e-07
3.41629e-06
3.04513e-06
6.47163e-07
3.12612e-06
7.04825e-07
8.36783e-07
3.86313e-06
1.17314e-06
4.8147e-07
2.93655e-07
7.45271e-07
3.12447e-06
3.14296e-05
3.47408e-05
3.63807e-06
4.67846e-07
1.47659e-06
2.00254e-06
9.37441e-07
1.20767e-05
1.37238e-05
9.94538e-06
2.14405e-05
1.92923e-05
3.50143e-06
1.72731e-06
5.22461e-06
2.27628e-06
3.76855e-07
1.03461e-06
3.8021e-06
3.83324e-06
1.8184e-05
3.3184e-05
1.60289e-05
2.35167e-05
3.90209e-06
4.50483e-06
8.73718e-07
5.32785e-06
3.37869e-06
3.37801e-06
7.31093e-06
9.00331e-06
3.86781e-07
8.8328e-06
1.21192e-05
2.06872e-07
2.0798e-06
4.19202e-06
1.95307e-06
8.68622e-06
4.82953e-05
4.18894e-07
5.24792e-06
2.09898e-06
2.74307e-06
6.30716e-07
2.27056e-05
3.22424e-05
1.56266e-05
4.82225e-06
1.60183e-05
1.15898e-05
1.36159e-06
1.27326e-06
3.52627e-06
2.78578e-07
4.79613e-07
3.91817e-07
1.47725e-06
1.7976e-06
2.28296e-05
2.09789e-05
2.41803e-05
2.95325e-05
4.94721e-06
2.36649e-06
1.00177e-05
5.52991e-06
8.11828e-07
1.16052e-06
1.39396e-06
1.30398e-06
4.90636e-06
1.63575e-05
8.59682e-06
2.1114e-06
1.4343e-05
9.45313e-06
4.58541e-06
2.01797e-05
1.1837e-05
6.21561e-06
9.15501e-06
4.57612e-06
2.27934e-06
2.03404e-06
9.09371e-06
2.40056e-05
1.0863e-05
3.59221e-06
8.72612e-06
1.02176e-05
2.77825e-06
1.17471e-06
1.91056e-07
4.34886e-07
1.8067e-07
2.1526e-06
2.13504e-06
1.55545e-07
1.53442e-05
8.05772e-06
1.27918e-05
2.86549e-05
1.99488e-06
3.45489e-06
8.20012e-06
9.41095e-07
4.91761e-06
5.66715e-06
4.09214e-06
2.62055e-06
2.01694e-06
6.0701e-06
2.70556e-06
1.24642e-05
2.53398e-05
2.04094e-05
1.19166e-05
9.87917e-06
3.20602e-06
5.58115e-06
4.75575e-06
2.84094e-06
8.56549e-06
3.0596e-06
9.29483e-06
1.90443e-05
3.75969e-06
4.5191e-06
1.53456e-05
1.31188e-05
2.68815e-06
5.43872e-07
1.21284e-07
5.83594e-07
5.09075e-06
1.99994e-05
3.15979e-06
3.85527e-07
1.73452e-06
3.26602e-06
1.25841e-06
2.77217e-05
5.11973e-07
3.84356e-06
8.75843e-07
1.39899e-06
2.48019e-06
4.05754e-06
3.76289e-06
1.60082e-06
3.44163e-06
3.19997e-06
5.70629e-07
1.08342e-05
2.71976e-05
1.96266e-05
3.33226e-06
4.01021e-06
2.99656e-06
2.19888e-06
3.35501e-06
6.42885e-06
1.34829e-05
7.19704e-06
1.39734e-05
3.01086e-06
3.26929e-07
2.37768e-06
1.11979e-05
1.03202e-05
2.01152e-06
2.47678e-07
9.85112e-07
1.83492e-06
1.10665e-05
8.07689e-06
3.30326e-07
3.60275e-07
3.12697e-06
2.07506e-06
7.36912e-07
3.00184e-05
2.45365e-06
3.90575e-07
7.95644e-07
8.30382e-07
8.80533e-07
1.82491e-06
1.71738e-06
1.08588e-06
3.52722e-06
2.14845e-06
1.2298e-06
1.85458e-05
2.7175e-05
2.02195e-06
5.27054e-06
4.98198e-06
1.85354e-06
3.15917e-06
2.68218e-06
8.28506e-06
1.27576e-05
9.1046e-06
9.42366e-07
3.67256e-08
4.91062e-08
1.95863e-06
4.84255e-06
3.60516e-06
1.05509e-06
3.43588e-07
2.71083e-06
4.35399e-06
1.02584e-05
9.65554e-07
6.94586e-07
2.33874e-06
2.05354e-06
2.88389e-07
2.7516e-05
1.60681e-06
1.4872e-06
2.18646e-07
7.31498e-07
4.55295e-07
5.30476e-07
1.00577e-06
1.47924e-06
2.85957e-06
2.81856e-06
1.27705e-06
1.23091e-05
2.83788e-05
7.99346e-06
3.75115e-06
5.7824e-06
1.49149e-06
1.13229e-06
1.37144e-06
1.00849e-06
5.97679e-06
5.6807e-06
3.60678e-06
6.74939e-07
5.58021e-07
8.07633e-07
2.54614e-06
3.95842e-06
3.01674e-06
3.14388e-07
3.44961e-07
1.85871e-06
1.2728e-06
1.65482e-07
2.33734e-07
2.42176e-08
1.45368e-06
2.97866e-07
1.52375e-05
1.37376e-05
9.78036e-07
1.90972e-07
2.30109e-07
3.19825e-07
2.34896e-07
4.34329e-07
1.21925e-06
1.25553e-06
1.24825e-06
1.2067e-06
5.84602e-06
2.15642e-05
1.15455e-05
7.25527e-07
6.22174e-06
5.3703e-07
7.86509e-08
2.68888e-07
2.74005e-07
9.46689e-08
3.5894e-07
5.15371e-07
5.93205e-07
7.02257e-06
6.9183e-06
4.56721e-06
2.18756e-06
1.50323e-06
4.86218e-07
4.83374e-08
1.33847e-06
8.17418e-07
7.96854e-07
2.12178e-07
3.36616e-09
4.71172e-08
5.66897e-07
1.26854e-05
7.76214e-06
2.10223e-07
1.845e-07
6.92158e-08
2.1261e-07
9.42571e-08
1.57064e-07
1.00374e-06
6.11802e-07
3.18404e-07
2.58943e-07
6.9283e-07
1.07287e-05
5.41923e-06
5.04006e-09
1.14887e-06
6.2263e-08
1.14384e-09
2.70931e-08
8.13828e-08
5.75763e-08
2.29127e-08
3.22249e-07
1.21563e-06
3.089e-06
1.36992e-06
4.79805e-07
6.8842e-07
3.99537e-07
1.67264e-07
3.41932e-07
1.9369e-06
5.90096e-07
3.97915e-07
1.44209e-07
5.99346e-09
1.63755e-09
4.87592e-09
6.3437e-08
1.46562e-07
5.724e-08
7.76619e-08
3.21972e-08
4.41703e-08
3.43909e-08
7.31611e-09
7.62854e-08
7.04166e-08
3.38956e-08
3.72229e-08
7.26272e-10
6.4647e-07
7.33069e-07
7.89557e-09
1.06587e-08
1.12631e-09
8.40862e-10
4.69207e-09
1.13012e-08
1.35631e-08
5.42834e-09
1.63313e-07
9.2834e-07
2.07605e-06
2.76791e-06
2.14634e-08
2.24073e-08
9.73015e-08
4.17558e-07
1.08513e-06
9.3427e-07
2.50569e-07
1.70578e-07
9.07095e-08
8.88463e-09
7.90129e-10
3.1277e-10
7.31208e-10
7.70147e-09
1.25093e-08
1.22925e-08
1.22202e-08
8.50128e-09
3.85616e-09
7.73505e-10
1.89381e-10
1.22435e-09
3.6415e-09
6.69525e-09
5.52029e-09
3.63759e-09
1.28262e-08
5.2194e-10
7.49007e-10
4.27327e-10
3.27809e-10
6.07322e-10
7.7007e-10
1.3474e-09
1.54436e-09
3.18973e-08
1.86048e-07
2.99578e-07
2.0063e-07
6.12027e-08
2.26737e-09
3.5073e-09
3.63702e-08
1.11241e-07
1.48449e-07
1.60887e-07
1.28922e-07
5.69128e-08
9.17687e-09
1.1743e-09
2.20383e-10
2.24537e-10
2.12334e-09
3.25283e-09
2.45446e-09
3.61141e-09
6.34786e-09
7.2537e-09
2.78529e-09
3.92192e-10
9.79027e-11
7.75018e-10
3.06582e-09
5.30498e-09
4.39266e-09
1.82341e-09
6.03138e-10
8.13902e-10
2.26648e-10
2.10312e-11
5.86238e-11
5.85046e-11
1.30486e-10
3.18751e-10
2.8227e-09
1.26573e-08
3.62633e-08
5.03585e-08
1.92058e-08
5.016e-09
1.39055e-10
1.71852e-09
8.16919e-09
1.75006e-08
3.34982e-08
3.92064e-08
2.4377e-08
8.00379e-09
1.66975e-09
2.6661e-10
2.31126e-11
1.91011e-10
5.87254e-10
8.22832e-10
1.23816e-09
1.8238e-09
3.12203e-09
3.699e-09
1.37588e-09
2.05994e-10
2.34156e-10
9.5992e-10
1.95542e-09
2.51806e-09
2.16452e-09
1.07718e-09
3.78052e-10
8.4825e-11
9.34137e-12
4.24711e-12
1.81185e-11
1.45804e-11
7.20218e-12
1.24088e-10
4.98597e-10
2.49346e-09
1.53405e-08
1.76025e-08
5.24461e-09
8.5822e-10
1.00275e-11
9.51788e-11
3.33619e-10
6.93581e-10
1.51282e-09
2.58062e-09
2.64842e-09
1.06798e-09
1.49218e-10
1.04966e-11
2.97194e-13
1.06992e-11
4.30749e-11
9.18223e-11
1.15756e-10
1.13482e-10
3.22939e-10
5.36635e-10
2.29807e-10
3.95833e-11
5.27305e-11
1.92509e-10
2.46791e-10
2.55275e-10
2.79339e-10
1.86279e-10
4.36055e-11
2.72845e-12
1.16011e-11
5.37504e-11
1.08677e-10
5.72187e-11
3.23577e-12
4.1393e-12
1.26692e-11
1.15965e-10
1.52754e-09
1.95545e-09
8.1235e-10
1.34802e-10
3.10956e-05
2.44023e-05
2.17167e-06
9.98802e-06
2.7632e-06
7.48029e-08
2.39022e-06
9.88344e-07
2.51418e-06
1.93907e-06
2.99339e-06
5.4553e-06
4.62946e-06
2.11227e-06
6.19036e-07
5.07498e-07
4.31709e-07
1.99002e-07
3.42859e-06
1.2933e-05
1.24205e-05
1.13887e-05
8.56651e-06
1.01852e-05
2.67506e-05
2.11604e-05
4.8001e-06
2.32328e-06
2.80615e-06
1.53196e-06
3.65825e-06
4.02905e-06
2.92063e-06
2.36811e-06
1.5295e-06
2.2886e-06
1.92252e-06
8.03872e-07
1.59799e-06
1.42523e-05
5.09941e-06
4.66813e-06
3.12838e-06
2.41984e-06
1.45991e-06
4.25914e-06
7.12228e-06
5.8741e-06
2.56416e-06
3.77428e-07
9.31172e-07
1.70116e-06
1.35535e-06
1.31398e-06
3.76674e-06
4.76088e-06
3.99707e-06
2.14693e-06
5.16667e-06
4.56715e-06
1.97623e-06
2.6062e-06
4.43649e-06
5.4392e-06
5.37217e-07
7.10067e-06
6.4685e-06
2.63777e-05
5.39456e-06
2.8829e-06
5.04264e-06
4.31476e-06
3.40437e-06
3.53648e-06
4.1979e-06
4.13647e-06
3.87384e-06
7.18027e-06
9.78815e-06
5.65928e-06
2.98759e-06
4.37558e-06
3.43756e-06
2.23299e-06
3.68736e-06
9.80765e-07
2.95759e-06
9.31178e-07
1.98999e-06
3.66122e-06
3.3853e-06
5.83771e-06
7.39347e-07
4.5104e-07
1.69077e-06
2.12519e-06
7.61236e-07
3.55871e-07
5.18172e-06
7.03141e-06
2.35939e-06
3.74101e-06
2.17633e-05
3.46324e-06
4.14263e-07
1.08285e-06
3.1721e-06
2.67281e-06
1.45231e-06
4.59173e-06
1.99825e-05
4.79516e-06
2.43123e-06
3.63994e-06
3.05927e-06
2.18639e-06
4.40734e-06
2.96174e-06
1.37758e-06
1.96213e-06
3.1197e-06
3.9554e-06
2.56135e-06
7.19674e-07
4.12173e-06
6.2441e-06
2.10663e-06
1.70037e-06
2.33696e-06
3.24823e-06
3.51278e-06
4.61558e-06
3.86086e-06
5.16659e-06
3.58107e-06
1.13047e-06
3.46256e-06
1.67898e-05
1.34411e-05
1.76077e-06
7.812e-07
2.08931e-05
4.52597e-05
3.21615e-05
4.95841e-06
1.04325e-06
1.45782e-06
1.14425e-06
2.19093e-06
2.7079e-06
2.1085e-06
4.3219e-06
5.5548e-06
5.97878e-06
7.92044e-06
1.24416e-05
7.39678e-06
2.35689e-06
2.44454e-06
4.27807e-06
2.43288e-06
1.2093e-06
1.89009e-06
2.28588e-06
9.71832e-07
1.64044e-06
2.77285e-06
4.06106e-06
2.38497e-06
2.02447e-06
3.26195e-06
4.45442e-06
3.25521e-06
7.14232e-07
2.34625e-08
5.18591e-06
3.27287e-05
3.05011e-05
1.03799e-05
3.10933e-06
6.49267e-06
1.16579e-05
1.2121e-05
6.52624e-06
7.03744e-06
5.69902e-06
2.88684e-06
2.98669e-06
1.43703e-06
6.90281e-07
5.00527e-06
4.85309e-06
3.6137e-06
1.72637e-06
1.22564e-05
2.27172e-05
5.2135e-06
8.93664e-06
1.60165e-05
9.91427e-06
3.03269e-06
2.83366e-06
2.97181e-06
1.38466e-06
2.20325e-06
5.7449e-06
2.07498e-06
1.17358e-06
3.70022e-06
3.77493e-06
1.00423e-06
1.09743e-05
2.37094e-06
6.51616e-09
8.38846e-08
4.3692e-06
1.5511e-05
1.21318e-05
7.73595e-06
5.8965e-06
8.03978e-06
5.74442e-06
4.85143e-06
5.18695e-06
6.09703e-06
3.30325e-06
2.4966e-06
3.94402e-06
4.58878e-06
2.47768e-06
3.06849e-06
3.2572e-06
9.81891e-07
3.87032e-06
2.24058e-05
1.03968e-05
7.65288e-07
2.7643e-06
1.86185e-05
2.16779e-06
2.02186e-05
3.73772e-06
2.36696e-06
1.0629e-06
8.26107e-07
2.71249e-06
3.32835e-06
2.64557e-06
4.16093e-06
2.23297e-06
1.30674e-05
1.35416e-05
4.37037e-06
2.68835e-06
2.24815e-06
9.838e-06
1.31709e-05
4.24101e-06
2.16152e-06
6.75011e-06
9.57007e-06
7.11424e-06
5.92361e-06
2.96367e-06
3.99615e-06
1.52177e-06
2.68371e-06
7.43352e-06
6.48625e-06
1.74306e-06
1.5688e-06
2.05659e-06
3.87577e-06
1.07998e-05
7.43074e-06
9.3772e-06
1.54972e-06
1.11612e-06
1.2643e-05
3.17902e-05
5.5906e-06
2.53839e-07
2.74888e-06
1.82096e-06
7.93168e-06
1.17733e-05
5.52522e-06
2.02578e-06
2.81861e-06
7.25591e-06
2.25613e-05
1.17481e-05
3.24476e-06
4.52343e-06
5.66652e-06
7.83235e-06
1.60657e-07
4.38435e-06
3.35337e-06
1.8416e-06
1.38103e-05
1.40533e-05
1.01205e-06
2.7064e-06
3.16679e-06
2.47021e-06
5.90866e-06
1.90106e-05
1.73689e-05
2.06318e-06
3.79869e-06
5.03193e-06
5.00745e-06
1.56023e-06
2.49715e-06
2.75531e-06
3.43268e-06
4.00813e-06
9.63591e-06
1.57247e-05
5.1601e-06
4.64753e-06
2.04413e-06
1.5229e-05
1.73552e-05
2.01092e-06
2.10223e-06
2.16961e-05
1.48233e-05
8.53649e-06
2.53309e-05
1.331e-06
1.2192e-05
2.23352e-06
3.55064e-06
2.70219e-06
3.68172e-06
4.62247e-06
2.59714e-06
2.54444e-06
8.67961e-06
1.60464e-06
4.16049e-06
5.35877e-06
1.61556e-06
3.60889e-06
4.10799e-06
2.85363e-05
2.10811e-05
9.15556e-07
3.95615e-06
1.05302e-06
1.21949e-06
4.5404e-06
2.78585e-06
1.30299e-05
1.43781e-05
1.45414e-05
9.85771e-06
3.62627e-07
3.35075e-06
1.12624e-08
3.59503e-06
1.28394e-05
7.40346e-06
4.38774e-07
7.51258e-06
1.82393e-05
5.02565e-06
7.86528e-06
2.93963e-06
4.10944e-06
1.44176e-06
2.80075e-06
7.8979e-07
5.12733e-06
4.5922e-06
9.47497e-06
3.5074e-06
4.08215e-06
3.86693e-06
2.61388e-06
3.74299e-06
2.67333e-06
2.99713e-06
6.42686e-07
3.40841e-06
1.79918e-05
1.62955e-06
1.32925e-06
1.99997e-06
4.70852e-07
2.9403e-06
3.20591e-06
9.9814e-06
2.88469e-05
1.71109e-05
9.64087e-06
2.6533e-06
2.06312e-06
2.49567e-06
4.58037e-06
5.13382e-06
5.45241e-06
3.47341e-06
2.27677e-06
3.21576e-06
1.0693e-06
2.52357e-06
2.53817e-06
4.23249e-06
3.48816e-06
3.29715e-06
3.14468e-06
1.22695e-05
5.62365e-06
6.21972e-06
4.25241e-06
3.52343e-06
7.65544e-06
5.31725e-06
8.96936e-07
1.36454e-06
1.51829e-06
8.72042e-07
4.65101e-07
3.09221e-06
2.54639e-06
3.80734e-07
2.70952e-06
2.17926e-06
1.59773e-06
3.31149e-06
1.41018e-06
1.63968e-05
4.15648e-05
1.45756e-05
4.22571e-06
2.49651e-06
3.72908e-06
2.10948e-06
1.4619e-06
2.5356e-06
1.35923e-05
3.76675e-06
1.84572e-06
2.2675e-06
1.48337e-06
3.68962e-06
4.78639e-06
5.00105e-06
1.86497e-06
1.86002e-06
1.0193e-06
1.96041e-05
5.48787e-06
1.24952e-05
6.28513e-06
6.10691e-06
9.86252e-06
8.1644e-06
3.19475e-06
6.55106e-06
4.85856e-06
1.30969e-06
1.80518e-06
3.3349e-06
3.3421e-06
4.49554e-06
1.20369e-06
4.03305e-07
1.96111e-06
4.35963e-06
2.10814e-05
4.87834e-05
4.0099e-05
6.55118e-06
2.56436e-06
5.73871e-06
5.3731e-06
2.03381e-06
1.99813e-06
3.19852e-06
1.154e-05
4.31685e-06
3.25189e-06
1.86583e-06
2.26947e-06
1.60705e-06
1.82695e-06
6.6912e-07
5.11212e-07
9.68728e-07
1.66477e-05
1.98412e-05
5.05099e-06
4.27786e-06
7.90549e-06
8.53908e-06
5.43301e-06
6.19727e-07
3.25258e-07
1.4063e-06
3.17648e-06
2.02853e-06
3.78275e-06
2.0438e-06
8.6611e-06
7.77674e-06
9.84375e-07
6.2541e-07
2.68809e-06
1.35612e-05
5.92078e-05
7.83647e-05
2.59532e-05
1.22988e-06
9.35141e-06
1.74999e-06
1.31517e-06
1.12937e-06
4.46776e-06
9.11103e-06
9.30183e-06
4.60643e-06
1.4232e-06
7.24929e-07
1.60657e-06
8.21057e-07
3.10302e-07
1.98406e-07
7.60542e-07
3.99133e-06
1.99409e-05
1.62855e-05
3.28837e-06
7.98571e-06
7.82528e-06
1.78374e-06
9.70044e-07
1.005e-06
9.80445e-07
8.21908e-07
1.31086e-06
6.97178e-06
7.14791e-06
7.44642e-06
7.81261e-06
5.24149e-07
2.35948e-07
1.19516e-06
3.20612e-06
4.05562e-05
6.98605e-05
3.75019e-05
2.03146e-07
3.05075e-06
4.04069e-06
6.02215e-06
4.76824e-06
2.08662e-06
1.3768e-05
1.32121e-05
3.65597e-06
2.59313e-06
5.72663e-07
1.38899e-06
1.3133e-06
9.25029e-07
7.31891e-07
6.19648e-07
2.72925e-06
1.94926e-07
6.1403e-06
4.86652e-06
8.50602e-06
1.05228e-05
6.25134e-06
1.15256e-06
4.25045e-07
1.90764e-07
7.01598e-07
1.71939e-06
3.4457e-06
1.29043e-05
8.36296e-06
2.26533e-06
4.73813e-07
5.21104e-07
8.72028e-07
6.84821e-07
1.96386e-05
5.08506e-05
3.73482e-05
2.27499e-06
2.80268e-06
3.76822e-06
6.37125e-06
5.75399e-06
6.30211e-07
1.48387e-05
1.48077e-05
1.33097e-06
2.21672e-06
1.54637e-06
5.82531e-07
6.99186e-07
1.17259e-06
1.65417e-06
3.68093e-07
2.23928e-06
2.18455e-06
8.27366e-07
2.80489e-06
4.76213e-06
9.51366e-06
6.85894e-06
4.447e-07
1.70513e-07
4.60394e-07
1.84823e-07
3.7612e-07
3.1558e-06
6.3322e-06
1.29019e-05
2.76103e-06
7.62113e-07
9.38832e-07
7.88364e-07
5.19489e-07
8.8402e-06
2.88477e-05
2.49701e-05
3.04729e-06
2.08243e-06
2.40018e-06
2.22501e-06
5.23699e-06
2.43094e-06
3.20891e-06
2.45521e-05
1.42278e-05
2.90175e-06
7.44052e-06
5.48035e-07
4.26044e-07
4.49796e-07
1.5315e-06
1.73532e-06
6.89145e-06
3.07885e-06
1.63356e-06
5.45626e-07
1.08087e-06
3.20841e-06
4.60414e-06
4.46168e-06
9.42402e-07
2.63822e-07
6.82276e-07
1.20734e-07
5.04086e-07
3.23627e-06
5.50834e-06
5.50475e-06
1.12441e-06
1.4569e-06
8.13862e-07
3.1823e-07
5.89612e-06
1.6466e-05
1.3058e-05
2.91117e-06
5.33352e-07
1.28127e-06
9.80776e-07
3.34658e-06
3.62095e-06
5.64036e-06
1.36848e-05
3.44644e-06
9.53609e-08
4.28751e-07
2.49448e-07
1.5071e-07
1.82844e-07
3.6823e-07
4.5302e-06
1.48578e-05
1.05024e-05
1.93144e-06
7.19448e-07
1.09666e-06
4.41044e-07
1.83781e-06
1.10901e-05
1.3845e-05
5.00001e-08
1.00372e-06
5.47632e-07
4.35167e-08
1.02603e-06
3.18683e-06
3.66535e-06
1.22494e-06
2.13722e-07
2.82842e-07
2.35583e-07
3.09383e-06
1.13067e-05
5.57446e-06
1.99336e-06
4.87013e-07
3.58516e-07
7.15261e-07
1.51106e-06
3.7238e-06
5.51373e-06
9.94638e-06
8.74488e-06
2.32425e-07
5.60595e-08
1.75977e-07
1.20629e-07
4.91218e-08
2.78461e-07
5.17771e-06
1.91608e-05
1.65054e-05
1.69634e-06
1.81403e-07
2.69707e-07
2.46528e-07
8.98011e-07
1.43598e-05
2.12337e-05
3.04858e-07
4.26997e-07
8.28253e-07
7.64609e-08
1.65738e-07
1.12169e-06
2.01356e-06
1.24688e-06
2.49286e-07
9.26696e-08
8.39394e-08
7.32524e-07
6.931e-06
3.2829e-06
9.63889e-07
3.47856e-07
1.47009e-07
2.55906e-07
4.6512e-07
1.35355e-06
2.72144e-06
5.22531e-06
5.61688e-06
1.93753e-06
1.8087e-06
1.23605e-06
1.15886e-06
1.03993e-06
2.45928e-06
7.89843e-06
1.21062e-05
3.71215e-06
9.01111e-08
3.68176e-07
2.73954e-07
9.43139e-08
2.04424e-07
9.80372e-06
9.14166e-06
4.08757e-07
8.62492e-08
5.30003e-07
2.03423e-07
1.59717e-08
1.59247e-07
4.9779e-07
6.79495e-07
3.34574e-07
8.32499e-08
4.71528e-08
2.50257e-07
2.54671e-06
1.70621e-06
4.06102e-07
1.13492e-07
5.53908e-08
7.07657e-08
1.23273e-07
3.28811e-07
9.10845e-07
2.07545e-06
4.17064e-06
5.02506e-06
3.45047e-06
3.95119e-06
6.0259e-06
9.25859e-06
9.07304e-06
7.52634e-06
2.35265e-06
1.0917e-07
1.24847e-07
1.94531e-07
1.32007e-07
3.22379e-08
1.57785e-08
8.50965e-07
8.40963e-07
7.46804e-08
1.33574e-08
1.57656e-07
1.91057e-07
2.86636e-08
1.14228e-08
5.48468e-08
1.56208e-07
1.74079e-07
7.02622e-08
2.53771e-08
7.87556e-08
4.79002e-07
5.62919e-07
1.79941e-07
3.67274e-08
1.92043e-08
3.22113e-08
5.70988e-08
9.50992e-08
2.58475e-07
6.96606e-07
1.8642e-06
3.39541e-06
4.19698e-06
4.0817e-06
7.80942e-07
1.16306e-06
1.78045e-06
1.08941e-06
1.07808e-07
9.13907e-09
3.95685e-08
5.28464e-08
4.12085e-08
1.14855e-08
5.34356e-10
3.50964e-08
3.27643e-08
5.29977e-09
8.17281e-09
3.31004e-08
7.08067e-08
5.06055e-08
1.16244e-08
3.78136e-09
1.67082e-08
4.58111e-08
2.97576e-08
6.35832e-09
8.86915e-09
5.65608e-08
1.19479e-07
8.38699e-08
2.68696e-08
1.34127e-08
2.57444e-08
5.49759e-08
6.17997e-08
6.46267e-08
1.43901e-07
4.75957e-07
1.14077e-06
1.50698e-06
1.364e-06
9.7955e-07
7.89766e-08
5.57102e-08
3.53399e-08
5.75502e-09
8.65616e-10
9.32939e-09
1.4313e-08
1.09208e-08
4.49077e-09
1.01006e-10
4.97847e-10
1.74237e-09
2.17957e-09
5.98724e-09
1.03216e-08
1.45443e-08
2.8412e-08
3.18835e-08
1.16449e-08
1.32178e-09
3.7838e-09
5.97875e-09
1.19978e-09
5.38576e-11
1.99724e-09
1.937e-08
3.48431e-08
2.72788e-08
1.57446e-08
1.33335e-08
2.23153e-08
2.74646e-08
2.26696e-08
2.41499e-08
7.12659e-08
2.44814e-07
4.40178e-07
4.38579e-07
3.1348e-07
1.68717e-07
5.47712e-09
9.16e-10
7.3203e-11
2.52248e-10
3.31682e-09
4.31753e-09
1.56314e-09
8.99453e-10
3.95873e-10
2.19404e-10
7.80473e-10
1.30146e-09
1.96585e-09
2.92729e-09
2.99741e-09
6.18159e-09
1.96051e-08
2.68111e-08
1.07121e-08
1.24237e-09
3.16251e-10
5.74136e-10
9.33934e-10
1.84318e-10
2.89876e-10
6.24799e-09
1.31829e-08
1.124e-08
6.5162e-09
3.8825e-09
4.95377e-09
5.28987e-09
4.28849e-09
5.33343e-09
1.97408e-08
6.28265e-08
9.58974e-08
8.91488e-08
6.069e-08
2.56571e-08
2.53667e-10
2.22475e-13
6.50683e-12
6.43918e-11
1.60206e-10
6.0605e-11
8.73243e-12
5.70944e-11
1.27467e-10
1.54488e-10
2.28788e-10
2.69079e-10
3.39014e-10
3.64843e-10
2.85595e-10
1.07336e-09
4.46937e-09
6.02729e-09
2.58138e-09
7.95939e-10
5.89698e-10
1.21214e-09
1.2114e-09
1.94845e-10
1.19886e-11
6.53763e-10
1.55576e-09
1.34207e-09
4.35002e-10
8.5702e-11
1.12202e-10
2.74815e-10
2.19905e-10
1.01292e-10
4.98848e-10
2.76397e-09
5.4877e-09
6.97553e-09
6.02069e-09
2.57438e-09
7.71281e-06
5.26078e-06
6.71835e-06
5.18644e-06
2.54638e-06
8.69686e-07
2.77758e-06
3.21856e-06
2.37225e-06
4.55488e-06
8.5651e-06
8.76251e-06
4.64584e-06
9.33921e-07
1.44131e-07
3.98062e-07
8.91712e-07
8.19985e-07
5.72684e-07
7.3391e-07
1.84835e-06
1.80723e-06
3.13544e-06
2.14071e-06
6.58398e-06
5.5381e-06
4.29473e-06
2.90642e-06
8.36599e-07
4.14169e-06
4.19585e-06
3.69982e-06
5.65035e-07
2.22758e-05
3.39244e-06
5.12032e-06
4.78386e-06
2.30629e-06
5.31396e-07
7.6328e-06
6.79402e-06
7.44801e-06
7.80282e-06
6.23446e-06
3.43849e-06
1.1598e-06
2.67521e-06
3.17313e-07
6.50258e-06
5.31925e-06
5.05316e-07
1.78077e-07
6.49651e-07
1.23713e-06
2.60343e-06
4.54987e-06
5.4161e-06
4.5459e-06
2.57377e-06
3.29319e-06
3.86428e-06
1.7378e-06
3.61846e-06
4.16392e-06
3.02761e-06
3.22795e-06
1.99358e-06
1.44101e-06
4.0637e-06
5.05652e-06
4.65863e-06
2.19727e-06
8.8009e-06
5.63567e-06
3.97646e-06
3.76772e-06
2.25649e-05
4.15597e-06
5.05042e-06
6.28002e-06
3.81143e-06
3.53234e-06
4.76301e-06
4.18843e-06
1.28466e-05
1.42481e-06
2.76058e-06
3.66995e-06
4.15567e-06
4.13686e-06
1.18483e-05
1.01274e-05
5.85605e-07
1.73939e-06
3.43025e-06
3.8824e-06
3.02275e-06
1.12511e-06
8.65646e-07
2.15822e-06
1.57046e-06
2.04468e-06
1.01039e-05
8.83281e-06
1.31947e-06
3.01333e-06
2.87463e-06
2.66239e-06
2.33407e-06
2.98166e-06
2.41066e-06
9.97405e-06
1.80123e-05
9.73374e-06
4.53673e-06
4.93994e-06
6.5752e-06
4.21969e-06
4.77276e-06
5.93314e-06
2.53331e-05
1.62914e-05
4.07569e-06
2.23314e-06
3.50048e-06
3.84663e-07
3.60429e-06
3.066e-06
3.11388e-06
2.67851e-06
1.2369e-05
7.83449e-06
4.82686e-06
4.32291e-06
3.14837e-06
1.20294e-06
1.05639e-05
3.03087e-05
1.80824e-05
1.14058e-06
2.29468e-06
2.46063e-05
3.39968e-05
8.95033e-06
1.8191e-06
3.83193e-06
6.57593e-06
6.26389e-06
5.69492e-06
5.93917e-06
4.98088e-06
4.48588e-06
2.74296e-06
2.52002e-06
4.97713e-07
1.37547e-05
2.26994e-05
2.34635e-06
5.72937e-06
2.00227e-05
1.46368e-05
2.64248e-05
4.11259e-06
3.72805e-06
7.91046e-07
1.72116e-05
1.37991e-06
2.6559e-06
2.44267e-06
6.357e-06
5.67058e-06
3.62293e-06
2.63627e-05
2.20629e-05
1.10347e-05
3.2395e-05
4.66151e-05
4.0584e-05
2.51411e-05
1.81673e-05
9.14531e-06
2.22092e-05
2.38136e-05
5.04631e-06
4.31567e-06
2.38602e-06
7.86206e-06
6.75981e-06
2.46324e-06
2.54159e-06
4.02707e-06
2.7987e-06
3.02109e-06
1.26244e-06
1.99866e-05
4.09884e-05
2.85169e-05
2.59591e-06
5.9385e-06
8.86987e-06
4.95211e-06
2.63443e-05
3.04769e-05
2.53592e-06
7.58234e-06
2.2879e-05
2.18343e-05
3.70367e-06
3.42154e-06
4.53934e-06
1.23382e-05
1.76198e-05
1.13319e-05
2.17689e-06
1.93272e-06
2.32399e-05
2.49173e-05
4.80238e-06
1.57071e-06
2.30665e-05
4.25262e-05
4.92235e-05
5.07984e-05
3.59297e-05
1.54762e-05
4.26649e-06
3.50669e-06
3.84623e-06
3.12932e-06
2.53857e-06
1.72715e-06
3.55495e-06
4.14118e-06
4.6753e-06
2.09045e-05
2.00589e-05
1.41578e-05
1.62123e-06
2.16083e-05
2.10113e-05
2.10893e-06
4.16411e-06
1.68885e-05
1.07298e-05
2.77411e-06
9.27446e-06
2.07497e-05
1.89817e-05
4.71945e-06
3.70758e-06
1.3738e-05
6.88053e-06
4.09016e-06
2.60973e-06
2.91605e-06
2.10109e-05
3.80314e-06
5.35547e-06
3.99007e-06
8.24656e-07
2.00165e-05
2.19954e-05
1.61007e-05
3.11415e-05
2.00404e-05
4.25689e-06
4.31545e-06
4.517e-06
2.91722e-06
4.41837e-06
5.87211e-06
4.38108e-06
4.7021e-06
8.59441e-06
1.38655e-05
2.42681e-05
1.12872e-05
1.62859e-06
1.02535e-05
2.07793e-05
2.80559e-06
3.91526e-06
4.46154e-06
4.9855e-06
5.0245e-06
3.88279e-06
9.78761e-06
1.00626e-05
3.05853e-06
4.96667e-06
2.78575e-06
6.61955e-06
9.88373e-07
5.31357e-06
1.37688e-05
1.1507e-05
5.35504e-06
3.02563e-06
4.46961e-07
1.57912e-06
9.94492e-06
1.80703e-05
3.10136e-06
6.31311e-06
7.6632e-07
1.98907e-06
5.10248e-06
4.834e-06
4.09618e-06
5.25191e-06
3.23948e-06
1.59124e-06
3.29328e-06
2.95131e-06
2.24199e-06
2.99408e-06
6.69194e-07
2.83804e-07
8.55778e-06
1.32264e-05
9.56061e-07
1.74069e-05
3.88065e-05
9.91056e-06
1.84642e-06
4.96369e-06
7.65401e-06
5.71464e-06
4.93682e-06
3.11187e-06
2.56294e-06
1.93082e-06
1.11761e-05
1.24378e-06
1.01281e-05
4.46093e-06
2.1196e-06
2.05226e-06
3.76993e-06
1.66599e-07
3.41056e-06
1.98999e-06
4.70003e-07
3.13275e-06
1.66669e-06
3.84447e-06
2.18528e-05
4.12124e-06
1.43053e-06
2.08566e-06
1.10221e-06
1.3561e-06
1.84602e-06
2.03617e-06
2.86872e-06
2.04227e-06
5.25722e-07
3.40705e-06
1.02397e-05
5.05017e-06
4.42938e-07
2.83239e-05
3.72305e-05
1.26932e-07
5.03777e-07
1.40998e-06
2.16892e-06
2.46993e-06
3.65331e-06
3.4072e-07
4.22062e-06
4.99463e-06
2.09548e-06
2.41412e-06
2.29936e-06
2.91158e-06
2.11629e-06
1.57033e-05
7.09016e-07
4.07167e-06
1.59585e-05
5.2053e-06
3.27094e-06
3.20628e-06
1.51949e-06
2.08052e-06
4.40197e-06
3.36698e-07
5.49261e-07
6.82571e-07
4.74487e-07
5.73081e-07
2.46388e-06
4.48651e-06
6.05873e-06
2.88897e-06
2.36879e-06
5.40437e-06
2.48184e-06
2.9298e-06
4.85434e-06
1.74256e-05
7.29358e-06
1.99289e-06
6.74566e-06
7.22081e-07
4.04422e-06
1.94636e-06
1.36565e-06
3.60147e-06
3.97538e-06
1.1969e-06
2.73313e-06
2.70255e-06
3.3957e-06
4.5454e-06
1.20971e-05
7.98777e-06
1.77916e-06
3.53701e-06
1.25167e-06
3.39816e-06
1.77691e-06
5.80086e-07
2.94673e-06
3.51994e-06
2.40512e-06
1.02977e-06
1.12537e-06
1.78102e-06
3.82981e-07
1.49141e-06
2.29294e-06
4.06e-06
9.18883e-06
8.77967e-06
2.82476e-06
1.84664e-06
3.69273e-06
3.43467e-06
6.58959e-06
2.24888e-06
7.76734e-07
9.95267e-06
1.12682e-06
1.80082e-06
1.08037e-05
1.35291e-06
4.03307e-06
4.70602e-06
5.55194e-06
4.93822e-06
9.61431e-07
2.28137e-06
6.58117e-06
6.07697e-06
1.1895e-05
6.11565e-06
4.18617e-07
8.8653e-07
2.94336e-07
1.74318e-06
1.09157e-05
3.747e-05
1.96064e-05
6.97064e-06
4.99324e-06
1.29719e-06
1.88914e-06
2.71005e-06
2.19939e-06
3.39338e-07
9.69864e-07
5.08328e-06
7.11731e-06
9.25485e-06
6.08444e-06
2.14985e-06
6.99607e-06
5.50711e-06
8.37482e-07
5.43892e-06
1.01627e-05
3.98289e-06
1.09695e-06
1.87998e-05
4.33528e-06
2.9409e-06
3.51913e-06
2.98117e-06
5.09502e-07
7.45022e-06
2.26349e-06
2.18248e-06
2.96891e-06
1.919e-06
6.6235e-06
3.9914e-06
1.96087e-06
1.67979e-06
5.25932e-07
4.60337e-06
1.57356e-05
2.4312e-05
2.46404e-05
8.64268e-06
4.67288e-06
2.46488e-06
2.7097e-06
3.97241e-06
4.37841e-07
3.55513e-07
7.00719e-07
1.886e-06
4.90478e-06
2.17416e-05
2.12913e-05
1.71122e-05
2.89681e-05
1.48272e-05
1.33106e-08
3.66564e-06
6.64165e-06
3.14056e-06
6.04461e-06
3.69834e-06
1.4828e-06
1.89766e-06
2.5812e-06
1.52382e-06
1.28103e-06
3.45054e-06
3.97626e-06
6.00423e-06
2.85993e-06
1.64616e-06
4.32348e-06
2.47174e-06
2.38193e-06
2.17731e-06
1.04989e-06
2.37221e-05
4.39652e-05
3.71018e-05
1.65736e-05
8.98643e-07
6.34116e-06
1.28928e-05
5.80531e-06
1.63704e-06
2.15632e-07
1.95989e-07
1.39301e-06
2.39291e-06
7.32015e-06
2.01305e-05
4.67391e-05
3.04961e-05
1.87299e-05
1.72012e-05
2.00018e-07
1.99698e-06
6.47826e-06
1.23583e-06
1.93798e-05
1.96363e-06
1.68608e-06
1.07781e-06
1.03189e-06
4.3127e-07
5.12803e-06
6.95509e-06
3.43991e-06
5.56545e-06
2.39955e-06
1.67022e-06
1.86908e-06
1.04987e-06
5.73575e-07
3.24974e-07
6.49434e-07
3.4538e-05
4.92972e-05
3.26196e-05
4.20129e-08
4.41015e-06
7.05658e-06
4.67944e-06
2.85844e-06
3.52228e-07
7.24902e-07
1.6604e-06
2.29332e-06
4.1158e-06
4.1706e-06
3.10933e-05
4.54785e-05
5.56061e-05
1.27575e-05
5.66102e-08
5.4132e-07
1.06445e-06
4.74936e-07
4.54193e-06
3.63989e-07
1.79947e-06
1.24116e-06
1.06447e-06
3.67168e-06
8.50341e-06
4.83333e-06
5.91237e-07
2.49711e-06
3.58384e-06
2.87735e-06
2.29167e-06
1.12687e-06
2.72953e-07
1.09685e-07
5.56622e-08
1.3023e-05
3.79169e-05
3.89696e-05
3.3681e-06
1.60643e-06
2.76693e-06
2.57846e-06
4.06752e-07
2.15072e-07
5.53807e-07
1.76194e-06
1.65841e-06
1.63758e-06
6.33003e-06
1.73814e-05
3.44795e-05
5.62984e-05
4.72649e-05
5.15315e-07
5.73395e-08
8.13826e-07
1.20695e-06
1.65813e-06
1.41957e-05
4.51337e-07
1.43612e-06
6.44546e-07
4.75139e-06
1.8991e-05
9.32112e-06
3.96815e-07
7.18753e-07
1.83916e-06
3.30788e-06
2.59487e-06
1.57654e-06
3.68758e-07
1.78523e-07
9.41855e-08
6.80664e-07
1.90696e-05
3.43511e-05
1.79245e-05
3.98782e-06
3.47047e-06
1.87937e-06
2.96791e-06
5.47208e-07
1.97392e-07
9.24345e-07
9.36275e-07
1.0703e-06
5.98969e-06
1.41815e-05
2.39866e-05
3.46952e-05
5.3963e-05
5.80784e-06
2.5052e-07
4.14713e-08
3.23003e-06
6.63323e-06
1.9019e-06
1.69233e-07
1.65917e-06
1.55424e-06
5.14769e-07
2.47807e-06
7.02901e-06
7.82906e-08
7.97367e-08
3.59689e-07
1.7496e-06
2.89802e-06
2.25997e-06
1.0769e-06
6.84011e-07
1.3041e-07
1.08202e-07
1.86799e-06
9.49149e-06
1.46362e-05
8.98022e-06
4.49866e-06
2.6117e-06
2.14055e-06
2.38262e-06
3.83528e-08
3.64619e-07
3.46579e-07
1.69129e-07
2.92068e-06
8.63211e-06
1.61244e-05
2.17967e-05
2.55344e-05
7.50805e-06
1.34305e-06
6.30696e-07
2.38157e-07
1.5284e-06
4.09742e-07
1.60526e-08
3.91805e-07
1.01574e-06
4.75365e-07
2.51897e-07
1.71264e-07
9.3005e-09
2.7554e-09
2.46763e-08
3.8503e-07
2.4273e-06
2.65636e-06
1.29128e-06
7.68324e-07
4.93515e-07
5.61719e-08
4.79816e-07
2.39975e-06
2.63871e-06
4.28973e-06
4.72171e-06
2.8589e-06
2.4423e-06
1.30411e-06
6.04846e-08
1.55261e-07
1.71265e-07
1.62746e-08
7.59807e-07
2.58416e-06
4.33095e-06
5.80875e-06
6.29264e-06
3.70249e-06
9.15176e-07
7.73634e-07
6.44105e-07
7.90808e-07
5.21414e-07
1.10917e-07
4.34999e-09
1.29786e-07
1.97228e-07
1.08067e-07
4.68511e-08
6.5626e-09
3.76777e-10
4.79695e-09
5.51646e-08
9.93347e-07
2.20905e-06
9.24553e-07
2.2181e-07
1.55145e-06
7.94759e-07
1.03067e-06
1.69025e-06
8.94125e-07
9.83677e-07
1.56849e-06
6.31394e-07
3.74787e-07
2.92648e-07
8.29516e-08
6.54861e-08
8.45186e-08
1.91061e-08
1.18537e-07
5.44335e-07
7.28698e-07
9.08242e-07
1.1047e-06
1.27009e-06
7.23452e-07
3.24321e-07
3.46852e-07
4.24835e-07
6.03208e-07
1.7714e-07
9.08069e-08
8.71143e-09
9.91472e-09
1.84295e-08
1.47803e-08
4.64443e-09
1.62318e-10
2.50247e-09
1.48379e-08
2.79079e-07
1.08225e-06
4.20727e-07
7.6273e-08
1.43749e-06
1.90877e-06
2.03484e-06
1.4776e-06
3.76694e-07
1.62326e-07
2.52341e-07
2.13793e-07
3.27809e-08
2.432e-08
2.12938e-08
2.43886e-08
4.12685e-08
4.40408e-08
1.1843e-08
4.50876e-08
6.33773e-08
1.19847e-07
2.26867e-07
3.4206e-07
4.41846e-07
3.32474e-07
1.85654e-07
1.48692e-07
1.68442e-07
1.86714e-07
1.38124e-07
1.33132e-07
3.4279e-08
1.40224e-09
6.11527e-09
5.52465e-09
2.16571e-10
6.56029e-10
3.57224e-09
7.25122e-08
3.32693e-07
1.13853e-07
3.39346e-08
7.46843e-07
1.42491e-06
1.30834e-06
8.81772e-07
2.16549e-07
3.17713e-08
2.05807e-08
4.53382e-08
4.33963e-08
2.00734e-08
5.1367e-09
3.11573e-09
8.37836e-09
1.61158e-08
1.07806e-08
2.04956e-09
4.05593e-09
1.89922e-08
5.1183e-08
9.67204e-08
1.73826e-07
2.47925e-07
1.96121e-07
8.14015e-08
4.0732e-08
4.84173e-08
8.34463e-08
6.60491e-08
4.98063e-08
4.09064e-09
2.32069e-09
7.96704e-09
1.13469e-09
5.84414e-11
5.22023e-10
4.92529e-09
3.64676e-08
1.45672e-08
7.19356e-09
2.30873e-07
6.277e-07
5.33104e-07
2.73748e-07
1.08358e-07
1.91832e-08
3.58646e-09
5.85165e-09
1.97949e-08
3.41772e-08
1.7286e-08
6.66634e-10
7.45892e-10
4.11975e-09
9.25434e-09
6.29358e-09
1.97157e-09
6.40437e-09
2.22417e-08
4.19519e-08
6.58909e-08
1.06673e-07
1.37028e-07
8.14253e-08
1.7682e-08
5.2747e-09
1.18183e-08
3.58606e-08
1.35395e-08
7.24493e-09
1.44046e-10
3.48002e-09
3.52623e-09
6.67493e-11
1.47887e-10
1.27398e-10
6.95697e-10
1.16671e-09
3.69122e-10
2.09934e-08
1.2308e-07
1.69491e-07
8.35252e-08
3.19923e-08
1.42985e-08
3.58936e-09
1.59194e-09
4.99652e-09
2.01966e-08
3.03929e-08
6.42745e-09
1.76854e-11
2.80457e-09
5.36248e-09
6.66838e-09
2.24812e-09
4.395e-10
7.51127e-09
1.86868e-08
2.10554e-08
2.60579e-08
4.03991e-08
4.80932e-08
2.2287e-08
1.73918e-09
2.30026e-10
1.47459e-09
7.78107e-09
1.25978e-09
1.11047e-09
1.45111e-11
6.95129e-10
5.53427e-10
2.66879e-12
1.008e-10
7.15301e-11
1.30891e-11
2.35657e-11
9.69129e-11
3.01281e-09
1.83981e-08
2.08184e-08
6.04081e-09
1.76589e-09
1.42431e-09
6.89764e-10
6.2098e-10
2.99975e-09
1.06109e-08
1.22818e-08
1.80126e-09
4.27311e-11
9.81554e-10
5.64756e-10
3.01562e-10
5.31906e-11
2.57191e-10
2.50255e-09
3.04526e-09
2.0246e-09
2.92088e-09
7.165e-09
1.20593e-08
6.54102e-09
2.46922e-10
7.07189e-11
5.98815e-11
3.42357e-10
1.39655e-05
1.37808e-05
1.27506e-05
8.44943e-06
3.49575e-06
1.48931e-06
3.09939e-06
2.22807e-06
8.34299e-06
1.70877e-05
7.92177e-06
1.87824e-06
2.33623e-06
7.47011e-07
6.23144e-07
3.43564e-06
1.92183e-06
5.294e-07
1.17821e-06
1.82831e-06
5.35276e-07
1.20422e-06
6.03312e-07
9.62796e-06
2.59319e-06
1.3514e-06
2.93428e-06
1.11752e-06
2.46681e-05
2.37807e-05
1.0457e-05
4.87318e-06
3.1539e-05
2.57957e-05
1.1987e-06
2.21015e-06
1.08845e-05
2.87464e-05
2.62834e-05
1.74805e-05
8.03857e-06
8.10968e-06
5.60987e-06
5.66176e-06
2.62256e-05
2.39619e-05
2.61389e-06
4.41237e-06
1.9877e-05
8.43474e-06
1.69713e-07
2.1653e-06
3.52782e-06
1.91093e-06
1.12716e-06
2.18837e-06
3.71681e-06
3.84474e-06
3.05331e-06
1.84508e-06
1.05061e-06
5.56862e-06
1.72699e-06
2.13964e-06
3.95662e-06
4.17609e-06
5.32318e-06
2.67366e-05
3.10526e-06
4.48464e-06
1.90164e-06
9.53898e-06
9.92921e-06
5.19325e-06
1.1705e-05
2.89492e-05
3.05457e-05
2.57885e-05
1.75258e-05
9.09397e-06
1.45235e-05
7.82772e-06
6.99688e-06
1.15825e-05
3.18967e-05
1.02147e-05
3.85489e-06
1.25749e-06
1.91101e-05
2.60005e-06
9.39524e-06
1.75036e-05
4.30047e-07
3.28878e-06
5.63279e-06
5.21912e-06
4.30722e-06
3.57891e-06
2.97944e-06
1.2109e-06
3.0317e-07
6.92689e-06
7.3044e-06
1.19734e-05
4.11265e-06
5.2697e-06
3.83412e-06
7.03306e-06
6.91596e-06
2.97654e-06
5.00688e-06
2.1636e-05
1.32532e-05
2.03958e-06
3.43675e-06
7.43792e-06
2.6115e-06
2.04014e-06
9.13922e-07
8.62644e-06
4.65436e-05
3.1708e-05
9.27833e-06
5.67829e-06
1.16528e-05
1.40243e-06
3.95901e-06
4.95888e-06
4.11251e-06
7.01644e-06
1.97328e-05
1.10366e-05
2.65112e-06
8.15935e-06
1.46786e-06
2.64688e-06
4.81864e-06
1.30896e-05
7.54352e-06
2.24293e-06
3.84359e-06
1.27875e-05
1.52025e-05
2.07895e-06
3.22474e-06
2.40751e-06
1.23783e-05
4.18457e-06
1.57843e-06
1.7975e-06
4.21724e-06
9.49508e-06
1.71136e-05
3.4525e-06
7.06142e-06
5.01931e-05
5.25452e-05
1.23878e-05
2.65167e-06
3.23042e-05
4.20747e-05
3.86572e-05
1.23747e-05
2.61282e-06
2.16671e-05
1.37973e-05
3.92337e-06
3.39029e-06
7.52477e-06
1.00419e-05
4.02689e-06
7.68147e-06
2.8119e-05
1.96799e-05
3.59348e-06
8.11584e-06
1.36199e-05
5.31869e-06
8.93162e-06
1.10458e-05
4.20076e-06
2.29007e-06
1.4343e-05
1.23827e-05
3.06658e-06
1.09692e-06
6.67642e-06
2.05172e-06
1.3111e-06
1.66174e-06
1.48944e-05
3.46578e-05
5.82037e-06
1.75621e-06
1.16317e-05
3.77081e-05
3.15044e-05
1.12842e-05
1.85382e-05
3.73046e-05
1.93402e-05
3.04079e-05
1.01486e-05
6.58326e-06
1.05615e-05
1.13592e-05
7.13104e-06
5.63841e-06
2.06459e-05
3.30742e-05
3.23931e-05
2.78954e-05
1.0907e-05
7.04975e-06
7.86394e-07
7.17675e-06
1.33614e-05
1.18264e-05
1.51335e-05
3.38176e-05
4.732e-05
5.61064e-05
6.86335e-05
5.96976e-05
1.79147e-05
2.25713e-06
5.022e-06
3.87942e-06
2.10781e-06
1.34617e-05
2.54373e-05
8.07361e-06
1.6629e-07
4.97525e-06
4.26493e-06
4.43864e-06
3.2526e-06
2.751e-06
3.59089e-05
3.62245e-05
6.78461e-06
8.86006e-06
1.13349e-06
5.40694e-06
1.29088e-06
2.59886e-06
6.09502e-06
2.14934e-05
3.65998e-05
3.00285e-05
2.59468e-05
1.15e-05
1.0385e-05
6.08393e-06
1.93045e-06
6.30527e-06
5.72546e-06
2.51194e-06
1.65238e-06
1.236e-06
7.2501e-06
3.79974e-05
3.52134e-05
2.92194e-05
1.15495e-05
5.08686e-06
4.81363e-06
2.94017e-06
6.15593e-06
1.80473e-05
1.33215e-05
2.1444e-06
1.00601e-06
4.13353e-06
4.22925e-06
2.33394e-06
4.67462e-06
4.00082e-06
2.17814e-05
9.54372e-06
5.85654e-06
3.81081e-06
2.65205e-06
3.02509e-06
1.45039e-06
8.90632e-07
1.21037e-06
4.23788e-06
1.28693e-05
6.2162e-06
4.94327e-06
1.78018e-06
5.1164e-06
7.78923e-07
1.00588e-05
1.68494e-05
6.62798e-06
8.30469e-06
1.98363e-05
2.00505e-06
4.53945e-06
1.05149e-05
2.74715e-05
2.38712e-05
6.15812e-06
4.49132e-06
4.21198e-06
2.25078e-06
1.10295e-05
6.20709e-06
6.70884e-07
1.31539e-06
3.66703e-06
3.38633e-06
3.98914e-06
4.52324e-06
4.68385e-06
2.35205e-06
1.2739e-05
2.74369e-05
2.22236e-06
7.13092e-06
2.73702e-06
2.0591e-06
3.47273e-06
1.09767e-06
6.38357e-06
1.7611e-05
2.01976e-05
1.87881e-06
4.53382e-06
5.52508e-06
1.3828e-06
7.96077e-06
3.43812e-05
4.29172e-06
2.35359e-06
1.16352e-05
2.42342e-06
2.09441e-06
2.6865e-06
2.95213e-05
4.1067e-05
3.14754e-05
1.33915e-05
6.18968e-06
2.93324e-06
2.4755e-06
4.54837e-06
3.9295e-06
1.98751e-06
2.17455e-06
3.04567e-06
4.96948e-06
1.87205e-06
6.89196e-06
8.19009e-06
2.95243e-06
8.96171e-06
4.06867e-05
1.54835e-06
3.54447e-06
4.6317e-06
2.06496e-05
6.46858e-06
2.2246e-06
5.76219e-06
2.27287e-05
1.575e-05
8.58515e-07
1.06752e-05
1.00213e-05
2.1692e-06
3.54024e-05
2.12048e-05
3.18808e-06
4.19016e-06
5.6266e-06
4.85443e-06
8.12621e-06
6.3821e-06
1.23287e-05
4.61643e-05
2.57163e-05
1.23597e-05
5.66296e-06
1.22183e-06
1.23762e-06
1.61328e-06
8.82835e-07
1.11766e-06
6.90197e-06
3.63384e-05
1.65887e-05
4.19913e-06
1.63214e-06
2.99068e-06
3.54384e-06
1.79011e-06
2.23218e-06
1.61641e-06
5.08985e-07
1.43181e-06
1.9193e-06
3.34959e-06
3.3042e-06
1.17219e-05
3.1355e-05
2.30751e-05
4.81355e-07
5.02431e-06
5.45067e-06
3.04521e-07
3.93589e-05
9.842e-06
7.91718e-06
2.14953e-05
5.76458e-07
1.22826e-06
4.5554e-06
4.01278e-06
6.92321e-06
1.10258e-05
3.35711e-05
1.01388e-05
1.15275e-06
2.81069e-06
3.02819e-06
1.75708e-06
2.54561e-06
6.80635e-07
5.23361e-05
5.72212e-05
5.50809e-06
7.39445e-06
5.13887e-06
4.01316e-06
5.07694e-06
7.01019e-06
1.49537e-06
3.82696e-06
2.65007e-06
1.83017e-06
1.12608e-06
2.63869e-06
1.75e-06
1.12951e-05
1.43269e-05
5.14124e-06
5.36862e-06
2.68373e-05
1.28017e-05
9.2181e-07
1.84724e-05
3.24077e-06
3.17796e-05
3.10219e-05
5.31575e-06
1.21136e-06
4.05398e-06
6.11539e-06
8.07693e-06
8.73143e-06
8.79729e-06
6.7168e-06
1.1821e-05
3.10297e-06
3.76425e-06
9.58121e-06
5.14936e-06
3.13139e-05
6.44558e-05
3.95435e-05
2.803e-06
6.2975e-06
6.87348e-06
4.55654e-06
8.51063e-06
3.5555e-05
2.08884e-05
2.20294e-05
4.12551e-05
3.71345e-06
6.6682e-07
2.36532e-06
1.29974e-05
4.42846e-06
8.70901e-07
1.04768e-06
2.32278e-06
9.09854e-06
6.09631e-06
1.50184e-05
5.58866e-06
4.51299e-06
4.25266e-05
2.1893e-05
2.46993e-06
5.27157e-06
2.9426e-06
5.32335e-06
3.26975e-06
1.33516e-06
4.68307e-07
4.05806e-05
3.97975e-05
6.48022e-06
4.90811e-06
6.0074e-06
6.26745e-06
2.39317e-05
3.67706e-05
4.56944e-06
3.78979e-06
3.57074e-06
9.21316e-06
1.0843e-05
1.45285e-05
6.05325e-05
2.97807e-05
1.10881e-05
1.88604e-05
2.03864e-06
2.75832e-06
5.01394e-05
3.75665e-05
5.40962e-07
5.28581e-07
1.20007e-06
4.4633e-06
8.54306e-06
3.25664e-06
2.76633e-05
7.65109e-06
1.2867e-06
4.60326e-05
1.39452e-05
3.9456e-06
4.00113e-06
4.2147e-07
3.44828e-06
3.35623e-06
1.22325e-06
2.90622e-05
5.93861e-05
4.41975e-05
1.92147e-06
1.95981e-05
3.36448e-06
4.86859e-06
6.73682e-06
6.05155e-06
5.68427e-06
4.41425e-06
4.42168e-06
1.25076e-05
1.56037e-05
3.19968e-05
3.35847e-05
2.57697e-05
2.52906e-06
2.91892e-06
1.71467e-06
1.24673e-05
4.8295e-05
1.3328e-06
2.86971e-06
1.10286e-06
1.60022e-06
3.84064e-06
4.17777e-06
5.11589e-06
3.34299e-05
2.44182e-06
8.55851e-06
4.32738e-05
2.64913e-06
5.0561e-06
2.1504e-06
9.26809e-08
2.22624e-06
3.347e-06
5.0555e-06
5.38914e-05
4.95213e-05
8.8312e-06
3.62158e-06
1.82461e-05
2.68041e-06
3.89377e-06
5.67695e-06
7.41274e-06
5.60495e-06
6.1932e-06
5.6587e-06
1.84811e-05
1.67766e-05
1.19622e-05
2.31494e-05
1.43557e-05
5.53486e-06
3.78691e-06
4.66743e-06
2.0327e-05
1.47091e-05
3.09698e-06
3.21828e-06
6.59701e-07
1.13393e-07
1.96569e-06
7.2275e-06
1.40715e-05
7.83236e-06
2.26741e-06
1.93295e-05
2.73279e-05
1.70288e-06
3.18662e-06
2.38689e-07
8.10468e-07
1.72992e-06
9.18969e-07
2.8025e-05
4.2443e-05
6.3293e-06
3.67461e-06
2.30233e-06
1.78098e-06
2.35534e-06
4.09227e-06
7.01318e-06
5.48517e-06
2.2628e-06
3.95838e-06
4.46901e-06
3.19908e-05
1.44001e-05
9.17542e-06
1.7237e-05
1.05952e-05
3.59029e-06
8.7971e-06
1.15191e-05
1.92345e-05
6.38694e-07
2.27786e-06
3.52385e-06
1.20301e-05
6.47533e-06
6.00986e-06
7.13513e-06
7.59985e-06
1.95688e-06
6.04599e-06
2.75482e-05
3.0391e-06
2.03604e-06
1.54484e-06
7.13069e-07
1.70138e-06
1.89171e-06
3.09522e-06
3.06703e-05
2.52528e-05
1.88483e-06
3.21552e-06
2.8868e-06
1.79209e-06
1.64382e-06
3.74617e-06
5.33261e-06
4.64361e-07
6.05947e-07
2.8993e-06
1.17352e-05
1.19083e-05
7.0412e-06
2.10794e-05
5.69126e-06
5.62921e-06
7.26906e-07
7.59646e-06
1.44338e-05
7.32991e-07
6.33716e-07
9.87839e-07
2.8536e-06
6.30369e-06
5.05893e-06
4.64179e-06
7.14366e-06
7.97063e-07
7.3512e-06
1.08041e-05
4.5867e-05
4.53546e-07
2.27092e-06
1.2475e-06
1.49024e-06
2.62585e-06
2.27944e-06
1.45919e-05
3.19866e-05
3.03745e-05
4.04062e-06
2.30809e-06
2.06071e-06
4.88167e-06
1.46248e-06
2.2911e-06
1.53601e-06
6.07188e-07
1.22205e-06
4.19791e-06
6.69311e-06
3.03818e-06
7.6086e-06
2.89582e-06
2.78185e-06
8.62562e-07
2.58217e-06
8.85122e-06
5.07356e-06
1.91718e-08
1.97158e-07
1.64171e-07
2.84728e-07
1.15114e-06
3.90529e-06
5.36049e-06
8.34208e-07
1.75185e-06
4.05542e-06
2.58183e-05
1.20097e-05
1.22662e-06
2.14264e-06
7.59154e-07
2.38408e-06
4.09909e-06
6.38201e-06
1.87756e-05
3.4413e-05
2.18298e-05
4.67414e-06
1.76644e-06
1.84846e-06
1.765e-06
6.43436e-07
7.76706e-07
1.51348e-06
1.21426e-06
4.97257e-07
7.60837e-06
6.98298e-07
1.49667e-06
1.89816e-05
7.62913e-07
4.30093e-07
4.68455e-08
4.66958e-07
2.90306e-07
9.0857e-10
2.46936e-09
1.32655e-08
1.12722e-07
5.25971e-08
6.52492e-08
1.06591e-06
2.22795e-07
2.20756e-07
2.74023e-06
1.42454e-05
2.78554e-05
2.53236e-07
1.70915e-06
1.17474e-06
5.203e-07
3.99088e-06
4.17747e-06
1.08587e-05
2.8379e-05
1.00579e-05
8.3651e-07
9.08642e-07
5.24929e-07
4.17208e-07
1.34735e-07
4.56847e-07
3.76283e-07
2.58445e-07
7.16532e-08
6.05189e-06
3.29763e-06
1.90698e-06
9.12478e-06
1.96313e-07
1.442e-07
7.686e-08
2.14136e-08
4.3631e-08
7.81473e-09
4.62553e-10
7.51896e-10
2.56438e-08
8.29436e-08
9.12068e-09
3.67097e-08
5.89506e-08
7.20338e-09
3.82204e-07
5.08526e-06
8.6484e-06
1.10438e-07
6.80202e-07
1.0543e-06
2.44577e-07
6.25948e-07
4.02626e-06
9.49454e-06
1.05099e-05
2.46769e-06
2.85384e-07
4.65372e-08
1.35595e-07
8.18286e-08
2.37924e-08
4.28218e-08
2.05713e-07
2.04704e-06
1.89892e-06
1.19064e-07
1.31627e-07
3.9913e-07
5.73091e-08
1.12355e-07
6.68549e-08
3.37104e-08
5.0084e-08
8.45441e-08
1.96438e-09
1.3517e-09
1.84811e-09
5.44845e-09
1.98315e-08
1.63142e-08
1.00443e-09
2.20219e-08
6.56692e-09
1.58465e-08
2.29071e-07
3.57593e-07
2.90458e-08
1.93291e-07
4.43609e-07
2.24812e-07
3.95239e-08
8.34713e-08
6.27741e-08
5.03356e-08
1.23225e-07
8.18626e-08
1.21562e-08
1.69806e-08
2.93805e-08
1.66125e-08
6.56173e-09
5.146e-09
1.23336e-07
1.71993e-07
1.33683e-08
5.27929e-08
5.38219e-08
4.18148e-08
5.27603e-08
4.27889e-08
2.08827e-08
2.0842e-08
4.21167e-08
1.63071e-08
1.00686e-09
2.30971e-09
3.26772e-09
2.62029e-09
1.68109e-09
5.19268e-11
5.14265e-09
7.95405e-09
8.78396e-09
1.87297e-08
1.64879e-08
5.16155e-09
4.18678e-08
1.2137e-07
9.33604e-08
2.28347e-08
9.64569e-09
3.07828e-09
2.56793e-10
4.12052e-09
1.3497e-08
3.7782e-09
2.41902e-09
1.42959e-08
8.4224e-09
3.03566e-09
1.9173e-10
8.07929e-10
4.3553e-09
1.9966e-08
5.00664e-08
2.73651e-08
1.22997e-08
1.59287e-08
2.58485e-08
1.58924e-08
5.56743e-09
8.96137e-09
1.10155e-08
3.09926e-09
5.76172e-10
1.19395e-09
9.33451e-10
8.04823e-10
1.17051e-10
4.27512e-10
1.58862e-09
3.16184e-09
2.59673e-09
1.13694e-09
5.54037e-10
4.79868e-09
2.11416e-08
2.77237e-08
1.29178e-08
4.23662e-09
1.70647e-09
3.37697e-10
4.88979e-10
3.20301e-09
2.49405e-09
8.98552e-11
5.33739e-09
4.83518e-09
3.97909e-10
5.304e-10
1.53782e-09
4.80202e-09
1.30718e-08
2.17723e-08
1.52294e-08
6.29056e-09
4.61417e-09
6.26378e-09
7.40359e-09
2.5432e-09
8.68207e-10
2.24225e-09
3.17494e-09
1.25947e-09
6.02711e-11
8.27626e-11
7.12855e-11
5.20392e-10
1.36959e-10
1.77545e-11
8.27259e-11
3.47904e-10
2.4984e-10
6.11118e-11
1.36862e-11
3.00137e-10
2.7459e-09
4.22984e-09
2.87147e-09
9.44661e-10
2.84258e-10
1.09391e-10
1.40607e-10
4.34368e-10
1.44926e-10
4.08072e-11
1.05341e-09
5.87707e-10
8.54873e-13
7.54948e-11
3.07634e-10
8.90486e-10
1.81489e-09
2.76451e-09
2.23498e-09
9.93531e-10
5.90084e-10
5.34068e-10
5.47818e-10
8.68958e-11
1.38839e-11
2.47445e-10
6.12479e-10
2.53367e-10
8.05944e-06
1.69959e-05
1.67296e-05
9.39233e-06
1.92712e-05
1.50287e-05
2.07421e-06
1.66137e-06
4.7117e-06
7.63886e-06
4.67289e-06
7.78862e-07
5.01909e-07
2.10856e-06
9.18799e-07
3.67804e-06
6.28378e-06
3.17965e-06
2.34566e-06
2.42276e-06
1.86622e-06
3.42403e-07
6.22082e-06
2.35456e-05
3.04545e-05
2.04443e-05
3.0582e-06
6.84632e-06
7.83086e-06
8.63181e-06
8.4048e-06
1.36455e-05
2.71871e-05
1.31859e-05
3.75085e-06
5.70495e-07
1.96773e-05
1.80572e-05
3.47521e-06
6.26723e-07
1.3503e-06
7.91342e-07
3.69727e-07
1.65712e-06
1.79722e-05
3.349e-05
1.30514e-05
5.54203e-06
9.74985e-06
3.42506e-06
4.5834e-06
4.48796e-06
4.61916e-06
2.71329e-06
6.96289e-07
4.72774e-07
1.12841e-06
2.02481e-06
3.7056e-06
4.14867e-06
2.82215e-06
1.05259e-06
1.73643e-06
3.47513e-06
2.56404e-06
5.1727e-06
1.51677e-05
4.09436e-05
4.12934e-05
1.83842e-05
2.63444e-05
3.11266e-05
1.06317e-06
3.92668e-06
6.61842e-06
1.34661e-05
7.6213e-06
6.43519e-06
2.3133e-06
1.10751e-06
1.27841e-05
7.13166e-06
7.2178e-06
1.72596e-05
3.68268e-05
2.43259e-05
7.00647e-06
1.22349e-05
5.65748e-06
3.92483e-06
5.9638e-06
2.31698e-05
8.48547e-06
3.90822e-07
5.27771e-06
6.19546e-06
3.39553e-06
3.2679e-06
3.1975e-06
1.95456e-06
5.98545e-06
1.17744e-05
4.86517e-06
4.89139e-06
1.55638e-05
1.01683e-05
4.00451e-05
3.75025e-05
6.76955e-06
2.5893e-06
1.644e-05
9.54891e-06
1.90913e-06
3.50837e-06
4.4585e-06
6.81228e-07
4.69344e-06
5.22429e-06
1.71792e-06
1.13952e-05
3.68799e-05
9.79674e-06
1.27408e-06
1.7661e-05
8.06864e-06
3.82742e-06
8.0072e-06
8.33007e-06
4.91821e-06
3.09274e-05
5.14351e-05
2.0231e-05
1.69598e-06
3.16075e-05
4.44911e-05
1.31163e-05
3.36581e-06
2.94068e-06
2.05989e-06
3.67824e-06
1.07735e-05
9.29504e-06
3.80505e-06
4.74885e-06
1.06401e-05
1.6343e-05
3.01767e-05
1.36487e-05
1.13637e-06
2.47387e-06
2.52759e-06
2.08507e-06
2.87914e-06
1.31951e-06
1.10552e-05
4.07991e-05
1.17184e-05
5.3886e-06
5.38438e-06
3.97752e-05
1.0534e-05
1.01841e-06
4.2429e-06
1.33081e-05
9.8145e-06
2.39485e-06
3.50315e-06
4.0108e-06
1.22119e-05
3.66228e-05
4.54882e-05
1.01632e-05
9.7862e-06
3.00728e-05
2.15497e-05
8.47939e-06
5.86044e-06
5.39489e-06
3.70836e-06
4.12018e-06
4.80587e-06
5.03746e-06
6.41761e-06
4.87364e-06
7.98224e-07
1.21937e-05
3.00283e-05
6.39282e-07
3.07244e-07
4.12173e-06
7.96727e-06
1.10919e-05
3.27983e-06
2.09615e-06
2.40092e-05
6.53378e-06
5.89506e-06
2.40761e-06
4.614e-06
2.31003e-05
5.15819e-06
3.1024e-06
1.38649e-06
1.42916e-06
5.52192e-06
9.43523e-06
9.38931e-06
3.80321e-05
5.32291e-05
4.29399e-05
3.87416e-05
2.54999e-05
1.79551e-05
1.1544e-05
8.52437e-06
2.45324e-06
8.75503e-06
1.20026e-05
1.06056e-05
2.43308e-06
6.16414e-06
1.23072e-05
4.79141e-05
2.87389e-05
8.21384e-06
2.43945e-06
3.87989e-06
2.45921e-06
1.67286e-06
1.34992e-07
2.47475e-06
4.25049e-06
4.13465e-06
5.53222e-06
1.2725e-05
8.8178e-06
3.11398e-06
1.47334e-05
1.06553e-05
5.55087e-06
2.21369e-06
5.87143e-06
4.44612e-06
2.54378e-06
5.83095e-07
4.1289e-06
5.71709e-06
3.15083e-06
1.83896e-05
2.29105e-05
3.66721e-05
6.38871e-06
7.87737e-06
5.72977e-06
6.08553e-06
6.56037e-06
6.36188e-06
7.55326e-06
1.09719e-05
4.74025e-06
1.72762e-05
2.71785e-05
3.04308e-05
8.82121e-06
5.345e-06
6.66463e-06
3.99544e-06
2.6127e-06
1.98096e-05
1.61231e-05
1.11137e-05
2.07664e-06
2.0895e-06
4.21504e-06
7.42353e-06
4.5241e-06
3.6018e-06
3.88854e-05
3.59652e-05
1.74427e-05
1.18805e-05
1.04081e-05
4.16482e-06
1.41283e-06
5.02265e-06
2.92503e-07
2.32043e-06
3.32749e-06
9.82207e-06
1.11081e-05
1.12047e-06
1.71908e-05
1.163e-06
1.51937e-06
5.63063e-06
4.36244e-06
2.11064e-06
1.35719e-05
2.48437e-05
7.05735e-06
2.61115e-06
3.47212e-05
3.58456e-05
2.61094e-05
2.9802e-05
1.35438e-05
5.81885e-07
1.4171e-05
7.7369e-06
3.9703e-06
4.81384e-06
4.09226e-06
9.76896e-06
4.01337e-07
7.45958e-06
4.35347e-06
4.77493e-06
4.17303e-05
4.43728e-05
1.78864e-05
2.28553e-05
1.31904e-05
1.73015e-06
7.81557e-06
8.39537e-07
1.56331e-06
3.52922e-06
1.0958e-05
1.35713e-05
8.55995e-06
7.53157e-06
8.33477e-06
8.11404e-06
1.70583e-06
1.90172e-05
3.06428e-05
3.33185e-05
2.82502e-05
1.58115e-05
2.59965e-06
6.35326e-06
6.24042e-06
2.93232e-05
1.77296e-05
5.55168e-06
3.75056e-06
5.56156e-06
4.88464e-06
2.58331e-06
3.13834e-06
1.65373e-05
1.87798e-05
2.6274e-05
1.06892e-05
2.52769e-06
4.26895e-06
4.41983e-06
4.49524e-05
2.00435e-05
4.80039e-06
2.59241e-06
3.3622e-06
4.96865e-06
3.02441e-07
1.33894e-06
4.38544e-07
6.47617e-06
2.54721e-05
1.9279e-05
3.64033e-07
5.02748e-06
5.09111e-06
4.27191e-06
3.89329e-06
2.28045e-05
3.12293e-05
1.0536e-05
2.04753e-06
2.9609e-06
2.46384e-06
2.16933e-06
9.31456e-07
8.30125e-06
9.17134e-06
1.10282e-05
5.26889e-06
2.80659e-06
3.71227e-06
2.76882e-06
2.42829e-06
1.53978e-05
3.65699e-05
3.64433e-05
6.09274e-06
1.98981e-06
2.99056e-06
1.48946e-05
7.60372e-06
2.7926e-06
2.51405e-06
5.1997e-06
1.87947e-06
7.01701e-07
2.76436e-06
3.22571e-06
1.47523e-06
6.80077e-07
9.06854e-07
8.62417e-07
2.97841e-06
2.91135e-06
2.73557e-06
2.40879e-06
6.62817e-06
5.83353e-06
2.4075e-05
2.28451e-05
9.54613e-06
2.15453e-06
2.09157e-06
3.57872e-06
3.91506e-06
9.17731e-06
1.92285e-05
1.0741e-05
1.75175e-06
3.53309e-06
1.44307e-06
1.13651e-06
6.16771e-06
1.51055e-05
3.49143e-05
1.80076e-05
2.65527e-06
1.52128e-06
1.16518e-05
1.28218e-05
4.60351e-06
5.96831e-06
8.80461e-06
1.16711e-05
2.92313e-06
2.95674e-06
4.73209e-06
3.34244e-06
9.34788e-07
3.37393e-07
1.4786e-07
1.40935e-06
6.98444e-06
3.03001e-06
6.81318e-06
5.19143e-06
8.9687e-07
2.34074e-06
2.31402e-05
2.45932e-05
4.84851e-07
2.86001e-06
4.80782e-06
9.73431e-06
3.62124e-06
1.06095e-05
1.97019e-05
2.76007e-05
4.5813e-05
3.81356e-05
1.48497e-05
1.74615e-05
8.04347e-06
1.16987e-05
2.01133e-05
9.75236e-06
2.16137e-06
8.18877e-07
1.03611e-05
9.71057e-06
3.995e-06
2.11035e-05
1.97882e-05
4.11254e-05
3.53909e-06
4.21865e-06
6.99912e-06
2.05187e-06
1.19761e-05
3.22417e-06
1.23412e-06
1.27714e-06
1.95394e-06
6.22056e-06
5.83916e-06
3.12381e-07
1.16977e-05
7.57614e-07
1.26266e-05
5.58666e-06
7.51217e-07
1.83034e-06
7.47004e-06
1.85387e-05
6.32287e-06
4.03982e-06
7.24539e-06
2.14584e-05
2.31178e-05
5.14905e-06
2.68499e-06
3.37751e-05
2.51574e-05
1.11708e-05
6.82908e-06
8.31753e-06
1.41555e-06
3.3848e-06
8.04721e-06
6.496e-06
4.04787e-06
4.37351e-06
2.44857e-05
6.49177e-06
3.63298e-06
6.3914e-06
5.10593e-06
2.6907e-05
2.1199e-06
1.99633e-06
3.33887e-06
1.35873e-06
1.44117e-06
2.81015e-06
3.1722e-07
1.63876e-05
1.86908e-05
5.4479e-06
1.53483e-05
9.62865e-06
7.36164e-07
3.26894e-06
6.37799e-06
2.97513e-05
9.26548e-06
3.49632e-06
3.13593e-06
6.50687e-06
3.19049e-06
1.50829e-05
4.03114e-06
4.57057e-05
5.24728e-05
1.55465e-05
8.76637e-06
4.99748e-06
2.30222e-06
4.14574e-06
9.7613e-06
5.78105e-06
5.93618e-06
8.76481e-06
5.44982e-06
1.60229e-06
1.58342e-06
3.76289e-06
1.99681e-05
1.76744e-05
2.83167e-06
9.38543e-07
2.72931e-06
4.1362e-06
4.25658e-06
9.99799e-07
6.39537e-06
4.14039e-05
7.14019e-06
1.01724e-05
1.39315e-05
3.09316e-06
7.56242e-07
1.09039e-06
1.78959e-05
3.29237e-05
6.99873e-06
3.60983e-06
1.57286e-05
5.43986e-06
9.74647e-06
8.25476e-06
3.31356e-06
4.82737e-05
2.41327e-05
1.38396e-05
1.71073e-05
8.98471e-06
5.98341e-06
9.18712e-06
1.02289e-05
3.95887e-06
8.59595e-06
8.69948e-06
2.36538e-06
1.53009e-06
8.48574e-07
3.73399e-06
2.05045e-05
1.01942e-05
1.77697e-06
1.40603e-06
1.96399e-05
1.45856e-05
1.28117e-05
3.6916e-06
3.72863e-05
3.19499e-05
7.5036e-06
9.26284e-06
2.20292e-06
5.15981e-07
2.93997e-06
5.80453e-07
2.27934e-05
1.47017e-05
5.2714e-06
2.69055e-06
2.62188e-06
8.92461e-07
6.15529e-06
9.49136e-06
1.12955e-05
2.93527e-05
8.89144e-06
2.46946e-05
3.11145e-05
8.38341e-06
3.25812e-06
9.0467e-06
3.6951e-06
2.35769e-06
2.41447e-06
6.68013e-06
1.83092e-06
1.4827e-06
6.11634e-07
5.79664e-06
1.3862e-05
2.86027e-06
6.73859e-07
1.75472e-06
1.7904e-06
2.42142e-06
2.79687e-06
1.34975e-05
4.208e-05
3.76117e-06
6.16933e-06
9.84361e-07
2.75934e-07
1.34951e-06
6.32112e-07
3.33924e-06
7.63554e-06
8.12804e-06
5.80935e-06
4.03644e-06
9.60315e-07
2.26484e-07
1.22316e-05
1.9127e-05
1.05859e-05
3.22781e-06
6.56822e-06
3.30597e-05
3.99171e-05
9.30147e-06
5.60653e-07
1.2738e-05
1.69526e-06
6.12498e-06
3.54172e-06
2.98954e-06
4.69886e-06
3.5944e-08
2.39181e-06
9.5178e-06
2.68117e-06
2.03351e-07
2.10269e-07
5.74301e-07
8.35029e-07
2.65193e-06
1.56106e-06
2.09671e-05
1.33239e-05
3.37038e-06
3.57511e-06
9.4858e-07
2.62106e-07
2.81259e-06
4.44489e-07
1.7866e-06
4.15742e-06
6.68571e-06
4.96294e-06
1.24923e-06
5.63874e-07
1.26881e-07
1.82463e-05
6.81298e-06
3.02929e-06
5.56195e-06
4.22903e-06
2.27929e-05
4.66766e-05
2.89695e-06
1.01578e-06
1.08626e-06
5.93271e-06
4.05614e-06
2.50695e-06
2.87334e-06
1.79962e-06
1.5013e-06
5.33463e-06
2.27313e-06
1.16747e-07
9.01471e-08
3.98921e-07
1.40752e-06
1.09286e-06
8.17772e-07
1.45337e-06
9.53437e-06
3.99231e-07
4.31832e-06
1.18913e-06
6.30146e-07
8.40195e-07
1.82677e-06
3.84097e-07
9.75743e-07
3.11443e-06
4.4269e-06
1.42393e-06
5.30836e-07
9.62628e-07
1.15202e-06
2.16632e-05
1.1889e-05
1.15705e-06
2.06447e-06
1.62123e-06
1.74617e-05
3.89553e-05
1.64939e-06
6.20073e-06
7.19512e-06
2.06973e-06
6.59589e-07
1.38375e-06
1.43095e-06
6.11624e-08
2.34972e-06
1.44196e-06
2.66988e-07
1.4872e-07
5.41972e-07
1.54695e-06
2.6395e-06
1.80943e-06
7.23722e-07
1.81505e-07
2.62571e-07
1.20552e-07
3.22219e-06
3.02064e-06
1.01815e-07
1.72181e-06
3.53278e-07
2.22936e-07
5.55612e-07
2.71002e-06
2.32624e-06
3.35728e-07
1.47561e-06
1.49578e-06
1.34998e-06
1.09155e-05
3.88318e-07
1.26845e-07
4.36006e-07
1.01965e-05
2.77386e-05
2.88126e-06
1.76662e-06
8.14141e-07
1.22786e-05
2.55247e-07
1.85965e-07
1.17842e-06
2.56249e-07
3.73378e-07
6.51797e-07
3.79249e-07
3.17268e-07
3.72443e-07
2.35753e-07
2.97232e-07
7.73791e-07
5.17319e-07
8.1283e-08
5.7721e-09
1.35239e-07
1.52885e-06
1.41101e-06
9.18965e-08
3.5059e-07
4.5812e-07
1.96722e-07
1.79705e-07
3.24059e-07
4.51479e-06
4.57203e-06
8.93133e-07
1.54909e-06
1.48547e-07
4.56749e-07
7.2795e-07
1.6886e-08
1.54144e-07
6.95192e-07
1.87503e-05
1.76011e-05
7.02868e-08
1.87883e-07
1.17435e-07
1.90664e-07
1.83694e-08
6.30061e-07
8.03309e-07
2.04906e-08
3.68192e-07
1.8607e-07
1.43195e-07
6.78421e-08
3.35821e-08
8.94628e-09
6.73085e-08
8.42166e-08
2.25971e-08
8.6359e-09
7.46989e-10
7.04468e-08
1.11679e-07
2.55963e-08
4.49802e-08
1.65234e-07
1.94081e-07
1.785e-07
2.04869e-08
5.949e-07
1.24739e-06
4.54606e-07
5.93767e-07
4.17215e-07
9.16551e-10
1.4418e-07
5.6412e-08
8.86141e-09
3.65779e-08
9.10209e-06
3.56827e-06
1.81876e-08
1.21484e-07
8.04905e-08
4.97859e-09
1.0449e-08
1.73876e-07
6.55439e-07
3.26148e-07
3.39137e-09
1.07417e-07
2.68679e-08
9.33051e-09
3.81126e-09
1.47623e-09
1.77114e-09
9.8939e-09
3.45912e-09
1.7218e-09
9.86999e-11
9.14164e-10
5.22768e-09
5.56475e-09
8.8812e-09
1.7509e-08
6.17168e-08
7.93261e-08
3.05653e-09
1.44775e-08
1.67144e-08
4.87372e-10
7.04557e-08
2.49631e-07
6.13867e-08
2.02961e-09
5.15309e-08
1.11289e-08
8.75157e-10
1.20671e-08
1.81975e-08
1.52827e-08
4.17061e-08
4.73623e-08
2.41095e-08
1.39625e-08
3.89558e-08
1.94875e-07
3.41053e-07
7.55002e-08
8.40653e-10
2.7096e-08
2.17258e-09
9.32261e-10
1.8474e-10
3.79652e-12
1.64467e-10
3.69661e-10
2.22461e-10
8.22289e-11
5.22018e-12
5.11051e-10
2.38905e-09
3.22616e-09
1.39978e-09
4.01227e-09
1.19197e-08
3.56829e-09
4.22748e-10
5.84996e-10
6.6043e-11
7.38906e-09
4.30049e-08
3.56546e-08
2.13235e-09
5.94869e-09
1.43156e-08
1.35802e-09
5.80698e-10
5.64e-09
9.7508e-09
1.04661e-08
1.83081e-08
2.59041e-08
1.41078e-08
9.10981e-09
1.94792e-08
7.38197e-08
9.47765e-08
1.38258e-08
1.06488e-10
3.33193e-09
2.79752e-10
1.59668e-10
1.27202e-11
3.90401e-12
2.05939e-13
6.66986e-12
1.0663e-11
5.00567e-12
1.36171e-12
4.99591e-11
1.82157e-10
1.27439e-10
1.08983e-11
3.13272e-10
1.15693e-09
6.04942e-10
1.06045e-10
1.82338e-11
8.92685e-11
8.77144e-10
2.30738e-09
2.15142e-09
1.24176e-10
9.31987e-10
1.82482e-09
1.08025e-10
1.93326e-10
8.05577e-10
1.49133e-09
2.80823e-09
3.84518e-09
4.29786e-09
1.4502e-09
2.88066e-10
1.01423e-09
1.02614e-08
2.01888e-08
3.06626e-09
6.28181e-13
2.66338e-10
9.58767e-07
1.59717e-06
3.00071e-06
7.04771e-06
1.25994e-05
9.65364e-06
5.15683e-08
1.1823e-06
1.62991e-06
1.83561e-06
3.35021e-06
2.5103e-06
6.39218e-07
4.64912e-07
5.41905e-06
4.63e-06
2.66564e-06
2.53538e-06
3.25714e-06
4.15962e-06
3.86039e-06
5.39698e-06
2.92904e-06
2.43169e-06
2.38091e-06
7.58073e-06
1.98379e-05
2.18121e-05
1.32937e-05
3.11297e-06
6.40143e-07
6.92668e-06
1.67678e-05
9.84736e-06
3.96573e-06
3.08781e-06
4.89644e-06
2.57242e-06
3.50459e-06
1.70016e-06
8.92315e-07
3.62232e-07
7.48511e-07
2.42249e-06
4.70449e-06
6.85437e-06
1.08396e-05
1.46446e-05
2.45961e-06
5.64268e-06
5.25686e-06
3.71396e-06
1.34977e-06
5.5531e-07
2.28711e-07
2.11649e-07
5.55961e-07
1.78316e-06
4.39836e-06
3.94369e-06
5.03929e-06
3.08088e-05
4.87745e-06
5.43454e-06
4.16411e-06
1.51465e-06
5.07424e-06
2.33348e-05
2.44627e-05
1.4236e-05
2.91118e-05
7.77004e-06
1.53959e-06
4.77202e-06
5.59663e-06
4.7493e-06
4.37423e-06
6.93485e-06
5.84114e-06
2.98698e-06
1.08127e-05
9.55543e-06
3.82158e-06
5.61831e-06
2.87413e-05
2.83837e-05
1.21437e-05
1.00769e-05
6.74391e-06
6.25481e-06
5.7242e-06
3.2418e-06
1.1732e-06
1.28521e-06
2.98769e-06
1.39955e-06
5.61091e-07
2.24244e-06
2.82479e-06
6.8776e-06
2.57958e-05
2.75327e-05
5.59067e-07
1.01467e-05
8.60957e-06
3.87582e-06
3.8584e-05
4.15987e-05
4.50226e-06
2.63133e-05
2.33022e-05
2.77783e-06
2.97338e-06
2.3138e-06
1.52306e-06
1.95615e-06
1.73357e-06
1.24503e-08
5.44372e-06
1.03142e-05
7.24794e-07
9.48444e-07
5.32359e-06
1.44255e-05
9.54167e-06
4.76506e-06
7.16034e-06
6.14972e-06
1.13405e-06
3.70653e-05
5.54536e-05
2.1285e-05
2.56423e-06
6.26434e-06
3.51671e-05
1.15789e-05
3.76787e-06
2.62499e-06
5.07671e-06
1.52432e-05
1.12957e-05
1.63996e-05
4.75889e-06
9.8464e-06
1.29931e-05
2.10219e-05
4.00881e-05
1.3437e-05
1.25179e-06
4.99164e-06
4.44518e-06
5.28698e-06
2.72095e-06
1.71555e-06
1.60442e-06
5.47347e-06
5.7167e-06
7.77656e-06
9.45883e-06
1.37005e-05
2.80927e-06
2.24785e-06
3.19133e-06
8.45612e-06
6.76675e-06
1.47961e-06
6.24534e-06
1.66073e-05
4.83428e-05
7.52595e-05
7.24312e-05
4.24731e-05
1.37357e-05
1.45311e-05
4.04694e-05
1.10864e-05
5.15574e-06
8.59785e-06
8.58631e-06
2.96127e-06
1.5768e-06
4.7795e-06
5.43618e-06
3.51748e-06
1.02637e-05
4.49608e-06
5.57232e-06
2.3038e-06
3.16434e-06
5.25967e-07
1.8474e-06
6.92998e-06
5.93187e-06
1.35133e-06
8.29897e-06
7.13128e-06
5.20385e-06
6.0059e-06
4.53889e-06
1.63491e-06
5.27568e-06
7.55457e-06
5.55435e-08
5.19886e-06
4.40612e-06
3.74924e-06
1.86917e-05
2.12742e-05
1.90067e-05
4.54934e-05
6.7452e-05
3.71563e-05
1.08678e-05
9.76598e-06
1.21609e-05
8.54981e-06
5.10326e-06
4.22324e-06
3.25148e-06
2.05666e-06
2.03115e-06
1.71517e-06
2.92989e-06
1.01428e-05
1.42217e-05
1.93409e-05
3.76137e-06
2.24651e-05
1.19595e-05
7.63701e-07
2.70642e-06
2.18978e-06
1.0662e-06
3.17597e-06
8.37823e-06
4.8625e-06
9.80982e-06
9.68981e-06
1.03338e-06
2.05103e-06
5.12789e-06
6.61383e-06
9.17709e-06
9.38467e-06
8.68705e-06
4.54732e-06
1.20323e-05
1.80517e-05
1.34964e-05
2.21093e-05
6.45134e-05
1.52312e-05
3.83793e-06
4.30953e-06
5.61156e-06
6.81882e-06
8.74734e-06
5.15406e-06
8.76648e-07
5.26111e-06
7.65189e-06
1.12885e-05
7.9563e-06
4.91369e-06
6.20348e-06
8.20141e-06
2.53468e-05
5.21536e-05
1.00125e-05
1.22523e-06
4.30972e-06
5.1906e-06
2.91247e-06
4.02773e-06
2.35396e-06
8.46103e-06
6.07306e-06
6.39815e-06
3.69915e-06
6.35627e-06
6.21725e-06
1.27347e-05
3.62707e-05
2.16196e-05
9.24286e-06
6.34837e-06
4.16833e-05
7.62496e-06
8.81963e-06
1.87403e-05
3.166e-06
2.03908e-06
2.66401e-06
3.10098e-06
3.19837e-06
5.12348e-06
2.02887e-05
2.95134e-05
2.39425e-05
3.77683e-05
5.88605e-05
5.60939e-05
2.62057e-05
8.41214e-06
6.32862e-06
1.89866e-06
2.36718e-05
4.30411e-05
1.97069e-05
5.85117e-06
4.93651e-06
6.84349e-06
3.07318e-06
3.15888e-05
4.6302e-05
6.97066e-06
8.85458e-08
1.58089e-05
4.24304e-06
4.68303e-06
5.94014e-06
6.98391e-06
1.4933e-05
9.47748e-06
5.7853e-06
9.98426e-06
1.99906e-07
1.98395e-05
4.64277e-05
7.81673e-06
2.79353e-06
2.65368e-06
1.91757e-06
8.19872e-07
5.78174e-06
2.2558e-05
1.36765e-05
1.10685e-05
4.02553e-06
4.7449e-06
1.54102e-06
3.55946e-05
4.43857e-05
3.18756e-05
8.76214e-06
4.84026e-06
1.65902e-05
1.28578e-05
2.6828e-06
2.2864e-06
2.43135e-06
5.8732e-06
1.07113e-05
4.65225e-05
2.74994e-05
2.39175e-06
7.97625e-06
8.16381e-06
4.90149e-07
7.159e-06
9.8386e-06
1.37927e-06
5.2798e-06
1.07827e-06
1.12653e-06
2.18265e-06
2.29958e-06
5.20791e-06
7.00324e-06
4.81232e-06
4.99787e-06
3.05566e-06
3.25113e-06
6.60155e-06
3.03649e-05
3.58852e-05
4.93728e-06
8.96582e-07
5.46244e-06
6.49897e-06
6.33899e-06
4.33321e-06
5.78491e-06
5.25063e-06
4.7248e-06
4.63173e-06
6.16155e-06
1.492e-06
2.02471e-06
3.94345e-06
1.89875e-05
2.24487e-05
2.28772e-05
4.11398e-05
1.72707e-05
3.36998e-06
6.59055e-06
2.76443e-05
6.29493e-06
4.43038e-06
1.82953e-05
2.69889e-06
5.64379e-06
3.0679e-06
6.59381e-06
2.50484e-05
1.61232e-05
5.21288e-06
1.34529e-05
5.37176e-06
1.83886e-06
6.14934e-06
4.02567e-06
5.74294e-06
2.30382e-05
1.1745e-05
5.70396e-06
2.1192e-06
4.76594e-06
3.94567e-06
4.31941e-06
2.49021e-06
3.34988e-06
6.26328e-06
2.80017e-06
3.64075e-06
1.84154e-06
1.443e-06
1.68332e-06
2.64197e-05
2.12761e-05
1.41188e-05
1.81634e-05
3.32986e-05
6.40191e-06
3.50059e-06
1.49506e-05
6.32899e-05
2.00586e-05
1.28741e-06
3.98301e-06
5.59449e-06
3.96772e-06
3.19637e-06
1.69087e-05
4.19511e-06
1.33759e-06
1.67816e-05
1.61173e-05
4.50577e-06
4.24722e-06
7.43102e-06
3.56992e-06
2.61022e-06
1.7784e-05
2.04653e-06
2.12755e-06
7.81568e-07
6.17367e-06
7.09689e-06
5.17485e-06
1.75033e-07
7.40673e-06
3.73215e-06
4.70676e-06
3.18879e-06
3.59097e-06
5.036e-07
2.53992e-05
5.4649e-05
3.02387e-05
3.03479e-06
6.62391e-07
6.25382e-06
5.79854e-06
5.21618e-06
4.21777e-05
5.61758e-05
1.90114e-06
7.2949e-06
1.2677e-05
5.32219e-06
4.49594e-06
1.76148e-06
2.01736e-06
9.58171e-07
5.60608e-09
1.37297e-06
1.06219e-05
3.22465e-06
7.85915e-06
8.36619e-06
1.62753e-06
4.30967e-05
2.72111e-05
7.81565e-07
1.42091e-07
5.66288e-07
1.10638e-05
1.06704e-05
3.57019e-05
1.50087e-05
2.02121e-06
5.24568e-06
1.81819e-06
6.16924e-06
4.63317e-06
3.55738e-06
4.89701e-05
8.08745e-05
2.57262e-05
4.85057e-06
6.80039e-06
1.34788e-06
2.88197e-06
1.05825e-06
4.85718e-05
2.15478e-05
1.15358e-06
4.70792e-06
3.12607e-06
4.13061e-06
3.27004e-06
1.32513e-06
8.97927e-07
2.88294e-06
4.15319e-06
3.96017e-06
2.62627e-06
4.24208e-07
1.77023e-06
3.8286e-06
2.9066e-05
6.11889e-05
1.22762e-05
8.29919e-07
3.7439e-07
2.96784e-06
8.48491e-06
9.08971e-06
4.92395e-05
1.17843e-05
3.61012e-06
1.60674e-05
3.54872e-06
2.35824e-06
2.68091e-06
1.0146e-05
2.12478e-05
4.0604e-05
1.41539e-06
3.58858e-06
1.81182e-06
7.85081e-07
6.06638e-06
2.60318e-05
3.33891e-05
1.05382e-05
1.46522e-06
7.8554e-06
2.8122e-06
2.76062e-06
1.87227e-07
1.19692e-07
3.71849e-06
3.26162e-06
2.24338e-06
7.38535e-06
3.63344e-07
2.85467e-06
3.28e-06
1.75761e-06
2.98648e-05
3.54142e-05
7.17074e-06
2.65305e-06
3.60582e-06
5.54902e-06
6.20541e-06
1.78804e-05
3.78544e-05
5.80546e-06
1.35799e-05
2.86955e-06
1.56369e-06
1.30228e-06
2.37904e-06
6.20421e-06
3.24569e-06
3.43429e-06
1.5384e-06
1.86937e-06
4.06019e-06
2.68108e-06
4.24097e-06
8.02228e-06
3.69751e-05
2.90377e-05
4.17675e-06
2.51202e-07
2.44134e-07
2.27965e-07
3.60567e-08
3.72898e-07
4.9436e-06
3.83274e-06
3.41365e-06
3.85987e-06
3.69043e-06
5.94589e-06
5.61973e-07
1.35016e-06
1.846e-05
2.28288e-05
4.97054e-06
3.19571e-06
6.10137e-06
3.6575e-06
3.3276e-06
4.65492e-06
2.43482e-06
2.36136e-06
7.82802e-06
4.48429e-06
2.70663e-06
3.65974e-08
7.88208e-06
4.63475e-07
6.29803e-06
2.71029e-06
3.00624e-07
3.53043e-06
1.3972e-06
8.93555e-06
5.83324e-06
2.92134e-06
1.29646e-05
3.87617e-06
2.24087e-07
1.17752e-07
3.50442e-06
1.84016e-07
1.77269e-08
2.05158e-06
1.11112e-05
6.81582e-06
3.42963e-06
1.22457e-05
7.26567e-06
8.54869e-07
1.35493e-07
3.13785e-06
9.32274e-06
5.2658e-06
1.1481e-06
3.15395e-06
7.06196e-06
4.11762e-06
3.5162e-07
2.6104e-07
2.07837e-07
2.23073e-06
3.18213e-07
9.49175e-07
1.34812e-07
5.04916e-06
1.00735e-06
3.4723e-06
4.61154e-06
4.38488e-06
1.33947e-05
7.47588e-07
2.86951e-06
2.49829e-06
9.36266e-08
2.83505e-06
3.21965e-06
6.72005e-07
3.3763e-07
1.52179e-06
8.06693e-07
9.70518e-09
2.43301e-07
7.01268e-06
1.13865e-05
4.35252e-06
7.58886e-06
3.45231e-06
3.67948e-07
1.77174e-08
4.53954e-07
1.22368e-06
1.29284e-06
1.00251e-06
8.25547e-07
4.99989e-06
5.52081e-06
1.10917e-06
7.15761e-08
9.52864e-08
1.12895e-06
1.67227e-06
1.92241e-07
7.38468e-08
6.79306e-07
2.29481e-06
8.92386e-07
1.03209e-06
3.32259e-06
1.38979e-06
8.36331e-06
1.62439e-06
5.80689e-07
2.40167e-07
4.5879e-07
1.38443e-06
3.83329e-07
5.35687e-07
9.18239e-07
2.3947e-06
5.40934e-08
7.36506e-08
1.50924e-06
4.41347e-06
1.504e-06
3.48363e-07
1.85606e-07
7.81279e-08
1.70238e-07
1.12918e-07
1.49354e-07
2.17282e-07
4.30554e-07
5.069e-07
6.80839e-07
5.57938e-06
3.34534e-06
5.96194e-07
1.71334e-07
7.62717e-07
1.66297e-06
6.71367e-07
1.19331e-06
2.18702e-06
2.13502e-07
1.06282e-07
1.30016e-06
6.70712e-06
7.6838e-07
3.98409e-07
7.36075e-07
7.91052e-07
3.54309e-07
6.36837e-08
7.44014e-08
1.72107e-07
6.9422e-07
6.12834e-07
1.13172e-06
8.07977e-07
1.53827e-08
2.12338e-07
3.58685e-07
1.66131e-07
1.01396e-07
7.28048e-08
2.05624e-07
1.28906e-06
5.13217e-07
3.42342e-08
8.30567e-08
1.17941e-07
2.18061e-07
2.01076e-07
2.07962e-06
2.27773e-06
6.67252e-07
2.35531e-07
7.35995e-07
1.20463e-06
5.97528e-07
2.87221e-06
1.34657e-05
9.26398e-08
3.29778e-07
2.41235e-08
2.40937e-06
1.49083e-06
1.39437e-07
3.31252e-07
1.44578e-07
2.91063e-07
1.1011e-07
2.28689e-08
1.81812e-07
3.5806e-07
2.3223e-07
9.67196e-07
8.39776e-07
1.05172e-07
1.49801e-08
3.72057e-08
6.29815e-08
3.13845e-07
9.97457e-07
9.8805e-07
8.15602e-07
3.70348e-07
1.30027e-08
3.90589e-08
4.50404e-08
4.44211e-08
4.63307e-08
1.86373e-07
4.63687e-07
3.54973e-07
1.25722e-07
1.87657e-07
7.68929e-07
8.69057e-07
4.88412e-06
1.80433e-05
8.36974e-08
3.03071e-07
2.85883e-08
4.02651e-07
1.0927e-06
1.11575e-07
2.09372e-07
2.17761e-07
9.47047e-08
1.31807e-07
7.9183e-08
1.53214e-08
4.901e-08
1.79739e-07
6.50238e-07
7.72435e-07
2.13716e-07
1.56144e-08
3.23507e-09
2.98494e-08
1.75302e-07
5.18853e-07
4.29779e-07
1.14373e-07
1.81108e-08
1.01125e-09
8.54439e-09
4.65894e-08
1.78624e-08
2.09166e-08
4.38974e-08
1.21645e-07
2.1168e-07
8.74955e-08
2.67808e-08
1.2592e-07
5.13163e-07
2.36509e-06
6.40849e-06
2.10055e-07
5.95977e-08
9.73296e-08
3.6571e-09
3.84645e-07
1.74441e-07
1.6902e-08
1.14006e-07
5.68221e-08
2.25429e-08
2.36864e-08
4.16987e-08
1.31471e-07
2.71496e-07
3.2713e-07
2.96657e-07
1.8165e-07
3.85353e-08
3.26068e-09
5.50383e-09
3.13881e-08
6.7233e-08
8.36856e-08
2.68368e-08
1.36095e-09
9.68194e-10
3.47572e-09
1.46443e-08
1.85003e-08
2.89027e-09
2.65789e-08
9.35946e-08
1.54242e-07
8.02341e-08
1.45466e-08
7.93712e-09
4.96665e-08
2.68829e-07
4.95804e-07
6.58715e-08
3.91416e-09
4.43841e-08
1.23421e-08
1.90446e-08
9.07803e-08
2.44901e-08
2.93577e-09
1.50403e-08
3.35847e-09
2.93371e-09
8.97984e-09
1.53955e-08
4.23644e-08
6.29377e-08
5.26406e-08
3.65306e-08
2.68202e-08
6.1661e-09
5.38529e-10
2.42153e-09
5.23582e-09
7.91349e-09
8.62027e-09
1.3318e-09
2.19591e-10
2.21506e-09
3.30016e-09
5.53788e-09
3.07039e-09
7.71787e-10
2.04489e-08
3.90831e-08
2.6818e-08
5.80886e-09
4.89448e-10
1.85783e-10
4.08329e-09
2.02922e-08
9.2024e-09
1.89436e-10
8.29956e-09
1.22422e-08
1.55491e-10
1.02819e-08
2.08262e-08
7.53441e-09
2.43723e-10
4.31188e-10
2.07439e-10
1.36914e-09
8.56857e-10
9.95897e-10
3.31861e-09
4.41032e-09
2.74988e-09
3.24578e-09
4.42223e-09
1.6954e-09
5.73637e-10
7.24369e-11
2.66815e-10
6.55079e-10
9.64859e-10
2.20587e-10
2.12033e-11
3.68977e-10
4.05134e-10
7.49358e-10
6.20435e-10
2.50547e-11
1.66711e-09
2.21178e-09
7.43368e-10
7.66549e-11
4.92665e-10
1.80347e-10
4.46094e-11
9.81088e-10
4.82079e-10
6.30264e-12
8.80946e-10
8.94004e-10
1.39486e-11
1.79956e-09
6.23935e-09
5.30084e-09
3.36682e-10
4.02113e-12
3.43686e-11
8.01341e-11
2.55536e-11
2.37772e-11
1.29265e-11
1.37586e-10
8.11786e-11
1.11955e-10
4.42951e-10
3.80246e-10
6.4617e-11
1.49863e-06
7.4088e-07
1.08117e-06
1.85316e-06
1.41175e-06
6.01952e-07
6.07919e-07
1.59372e-07
5.10166e-06
1.03091e-05
7.9649e-06
3.01152e-06
4.63398e-07
4.04777e-07
6.65874e-07
7.74542e-07
1.8378e-06
3.6864e-06
5.7777e-06
4.33258e-06
4.11597e-06
2.31629e-05
1.64213e-05
1.2795e-06
5.33443e-07
8.88823e-06
2.64556e-05
3.26824e-05
1.58888e-05
7.21281e-07
4.46989e-06
2.16761e-05
1.91219e-05
1.4829e-05
1.25972e-05
8.12066e-06
4.37758e-06
6.11522e-06
6.56135e-06
4.06272e-06
2.89343e-06
2.82697e-06
2.76905e-06
3.12608e-06
2.9571e-06
2.52271e-06
9.99591e-06
2.62947e-05
4.93663e-06
1.8439e-06
2.49398e-06
3.01218e-06
2.27347e-06
1.70272e-06
1.81054e-06
2.32779e-06
1.80756e-06
4.68936e-06
5.11828e-06
2.22483e-06
5.05344e-06
1.63624e-05
4.97045e-06
3.10727e-06
3.53203e-06
3.26405e-06
1.80906e-05
3.07197e-05
1.05644e-05
5.74454e-06
2.42884e-06
3.38633e-06
4.80067e-06
3.97062e-06
2.03822e-06
2.35647e-06
4.80804e-06
4.76738e-06
3.70215e-06
3.88749e-06
7.84035e-07
2.51839e-06
3.96854e-06
1.67463e-05
2.51727e-05
2.80535e-05
1.44964e-05
7.32616e-06
6.06801e-06
5.64832e-06
5.22535e-06
3.0866e-06
3.26825e-07
5.82951e-07
2.31129e-06
1.73374e-06
2.09327e-06
1.76698e-06
5.61311e-07
2.53882e-05
3.78212e-05
1.42988e-06
1.72731e-06
1.38347e-05
2.55092e-06
1.17469e-05
2.68783e-05
1.95343e-06
1.44534e-06
5.84924e-06
1.32932e-06
2.46378e-06
1.65712e-06
5.23757e-07
2.87837e-06
4.44794e-06
1.08499e-06
1.18967e-05
1.06285e-05
4.28089e-06
7.31945e-06
5.01293e-06
6.10642e-06
1.59608e-05
9.39159e-06
6.14427e-06
8.18398e-06
5.68532e-06
5.05823e-06
1.43122e-05
3.91953e-05
1.80098e-05
6.07988e-06
1.53791e-05
9.19993e-07
5.39139e-07
3.52248e-06
1.22126e-05
3.30436e-05
3.40066e-05
8.2804e-06
2.24372e-06
1.55967e-05
1.24099e-05
4.04539e-06
2.78013e-05
2.89934e-05
2.31639e-06
3.59026e-06
2.06018e-06
6.32936e-06
9.52645e-06
4.78848e-07
1.73391e-06
4.9833e-06
4.71216e-06
3.91484e-06
4.90939e-06
1.83248e-06
2.56425e-06
8.4102e-06
8.18683e-06
2.49368e-06
5.39402e-06
5.52305e-06
1.02174e-05
1.21878e-05
1.48265e-05
5.58512e-05
9.0237e-05
7.56035e-05
3.69998e-05
4.492e-06
2.08694e-06
6.6992e-06
2.09148e-05
3.14778e-05
1.83287e-05
1.94874e-06
5.34639e-06
9.67195e-06
6.66861e-06
2.02284e-06
7.38662e-06
5.21899e-06
6.24419e-06
2.77445e-05
2.2291e-06
2.38832e-06
4.76817e-06
2.4888e-05
1.19146e-05
1.08926e-05
8.76193e-06
3.83193e-06
3.28289e-06
8.18481e-07
2.15407e-06
1.64585e-05
1.70541e-05
2.25892e-06
2.04957e-05
2.24209e-05
1.39091e-05
1.07551e-06
1.19184e-05
1.40132e-05
1.24862e-05
5.64458e-05
7.07528e-05
4.0624e-05
5.26408e-06
3.43037e-06
2.89296e-06
7.01836e-06
3.77472e-05
1.01099e-05
3.05596e-06
5.07363e-06
2.55047e-06
1.18579e-06
8.48954e-06
7.62815e-06
5.92397e-06
5.28828e-06
1.34054e-05
4.45502e-06
3.18922e-07
1.4237e-05
1.26003e-05
8.36376e-06
3.74574e-06
2.22902e-06
1.67644e-06
2.05623e-06
6.08381e-06
1.04896e-06
2.53825e-06
1.56075e-05
3.71696e-06
2.5512e-06
1.09633e-05
4.50774e-05
1.6385e-05
5.89713e-07
1.24602e-05
1.04761e-05
2.88299e-06
1.37991e-05
1.23125e-05
3.91845e-06
5.60939e-06
6.07911e-06
3.41328e-06
3.8808e-06
1.42168e-05
4.61207e-06
4.63572e-06
5.05007e-06
9.28357e-06
9.50303e-06
5.2638e-06
1.91257e-06
3.72446e-06
9.27057e-06
2.37529e-06
9.05972e-06
3.29455e-05
1.24639e-05
4.69856e-06
1.07556e-06
6.54951e-07
2.04607e-06
1.37142e-05
4.42502e-05
1.30357e-05
1.43445e-06
3.55328e-06
5.987e-06
8.70615e-06
2.46347e-06
3.17834e-05
6.03147e-05
1.26514e-05
4.36067e-06
2.88326e-05
3.07765e-06
7.67742e-06
4.16718e-06
5.39925e-06
3.44918e-06
6.5066e-07
2.49181e-06
3.93906e-06
6.26382e-06
2.6521e-06
1.4562e-06
3.80185e-06
7.7483e-06
1.45508e-05
1.84406e-05
1.3066e-05
6.25824e-06
6.99432e-06
7.41191e-06
6.63261e-06
3.81125e-05
4.62692e-05
2.04496e-05
3.3322e-06
1.86882e-06
2.38377e-06
1.86787e-05
4.00497e-05
3.42419e-05
1.425e-06
7.28915e-07
1.07616e-06
1.5427e-07
1.05025e-06
1.51665e-06
4.76296e-05
2.47091e-05
3.13857e-06
7.78284e-06
2.07108e-06
3.30453e-06
1.90109e-06
3.07519e-05
4.3109e-06
2.90598e-06
4.41536e-06
2.5227e-06
8.86605e-07
6.80052e-07
2.17214e-06
2.50499e-06
2.09981e-06
2.77025e-06
1.31726e-05
3.37618e-05
3.63666e-05
1.30136e-05
1.07393e-05
5.3708e-06
1.02532e-05
3.66435e-05
3.36423e-05
6.0259e-06
1.09928e-06
9.22703e-07
6.09577e-06
3.38195e-05
9.22409e-06
3.43845e-07
1.5543e-06
3.30218e-06
3.30243e-06
2.27832e-06
3.98666e-07
2.07236e-06
3.17552e-05
3.86439e-06
5.56356e-07
4.23246e-06
7.43071e-06
1.61621e-06
3.31293e-06
3.03558e-06
4.07052e-06
4.70988e-06
4.36034e-06
1.11892e-06
3.0154e-07
5.34103e-06
8.37671e-06
4.80902e-06
1.97615e-06
5.88749e-06
1.14493e-05
1.59095e-05
3.28269e-05
6.74782e-06
3.45756e-06
2.84092e-06
1.26296e-05
3.30898e-05
5.99315e-06
1.67335e-05
1.57853e-05
4.42794e-06
9.7157e-06
1.76864e-05
3.12242e-06
4.96446e-06
5.36034e-06
2.78934e-06
3.40633e-06
1.79735e-06
2.86586e-06
1.27053e-06
1.04755e-05
3.18399e-06
2.60203e-07
2.31003e-06
5.27653e-06
5.67161e-06
1.97929e-05
9.17364e-07
2.82085e-06
6.38899e-06
5.26645e-06
2.60845e-06
7.42967e-06
1.30632e-05
8.41215e-06
2.79372e-06
3.77165e-06
4.06021e-06
6.09065e-06
8.33572e-06
1.4255e-05
3.48791e-06
3.65679e-06
6.88198e-06
2.54653e-05
6.05533e-06
1.21532e-05
1.36789e-05
9.87837e-06
2.62082e-06
1.24842e-05
4.40472e-06
6.80405e-06
2.27396e-06
2.32119e-06
3.82937e-07
2.9841e-06
7.129e-06
4.46373e-06
1.69525e-06
5.41517e-06
2.38681e-06
8.75454e-07
4.78782e-06
4.35296e-06
8.09319e-06
3.04136e-06
2.0925e-06
2.32748e-06
2.19895e-06
6.29438e-06
2.29548e-06
3.19097e-06
1.08831e-05
6.1284e-06
4.39184e-06
7.51937e-06
7.12487e-06
4.90138e-06
4.25289e-06
1.77115e-06
2.86009e-06
4.0905e-06
4.76118e-06
1.11222e-05
7.79e-06
9.00908e-06
6.33823e-06
5.08401e-06
1.23738e-05
1.10181e-06
5.5461e-06
1.64673e-06
3.81423e-06
3.29336e-06
5.74761e-06
8.27119e-06
8.99986e-06
3.41366e-06
3.36498e-06
4.90147e-06
4.38001e-07
1.16432e-06
3.70566e-06
2.31011e-06
4.3222e-06
4.46382e-06
4.79915e-06
3.6912e-06
2.19705e-06
4.04918e-06
2.98081e-06
1.70767e-06
3.55862e-06
4.45088e-06
1.68134e-05
2.8086e-05
1.83179e-05
3.3323e-06
3.11006e-06
5.64671e-06
2.08208e-06
2.5527e-06
1.15645e-05
5.19386e-06
4.74091e-06
7.90903e-06
8.37484e-06
2.64688e-06
9.63855e-06
9.19646e-06
1.90184e-06
3.04996e-06
2.46387e-06
1.17025e-06
2.88047e-06
6.91715e-06
5.06913e-06
2.77663e-06
1.31645e-05
6.42104e-06
1.84531e-07
1.5093e-06
2.70048e-06
5.42328e-07
1.88745e-06
4.00791e-06
4.98736e-06
3.39767e-06
1.79421e-06
1.41715e-06
3.16455e-06
1.45688e-06
1.55519e-06
1.14353e-05
4.30717e-05
4.44065e-05
2.65261e-05
1.8737e-05
3.37535e-05
2.19502e-06
7.49404e-06
1.23734e-05
3.8349e-06
2.92164e-07
2.21246e-06
7.37568e-06
7.96086e-06
4.47633e-06
1.21363e-05
8.04563e-06
1.24483e-06
1.30046e-06
1.15949e-06
2.79373e-07
2.36611e-07
2.25111e-06
3.21864e-06
4.85979e-06
2.7176e-06
7.02106e-07
2.44212e-07
4.18258e-07
3.56971e-07
2.69894e-06
4.44287e-06
3.38132e-06
2.56319e-06
1.21806e-06
5.56161e-07
1.12848e-06
1.02273e-06
1.34091e-06
2.98333e-06
2.65897e-05
2.07709e-05
1.64043e-05
2.2228e-05
1.90646e-05
2.18188e-06
3.01762e-06
4.63897e-06
2.485e-06
4.02575e-06
5.99296e-06
3.05474e-06
1.72108e-06
1.30564e-06
2.08117e-06
7.27455e-06
6.07287e-06
1.7178e-06
1.31145e-06
1.43657e-06
8.04554e-07
2.72143e-06
7.28384e-06
2.55505e-06
8.50038e-07
4.63883e-07
1.47096e-07
2.71812e-07
2.92693e-07
1.51378e-07
4.10022e-06
6.18438e-06
1.01391e-06
2.81027e-06
1.67487e-06
1.08489e-06
7.93785e-07
1.10826e-06
4.85716e-06
1.71727e-05
1.3054e-05
1.21694e-05
2.24342e-05
4.2558e-06
6.16092e-07
1.90113e-07
9.19603e-07
1.52697e-06
2.65514e-06
5.68098e-06
5.72074e-06
1.36645e-06
3.99691e-06
8.97845e-07
1.51117e-06
6.26236e-06
2.84925e-06
1.59361e-06
1.90978e-07
1.00593e-06
1.84037e-06
3.01774e-06
3.1911e-06
6.59049e-07
1.37947e-06
1.62935e-06
1.79213e-06
9.02559e-07
1.02802e-07
4.43988e-07
7.81244e-06
9.33186e-06
6.37484e-06
1.01321e-06
1.20719e-06
7.01397e-07
1.93115e-06
6.65076e-06
9.40498e-06
6.91492e-06
1.21184e-05
8.47483e-06
3.48091e-07
1.35004e-07
1.20167e-07
1.73451e-07
7.02715e-07
2.7058e-06
7.82794e-06
3.32568e-06
4.94964e-07
1.21755e-06
2.58197e-06
1.2126e-06
5.26325e-06
3.45903e-06
2.52431e-05
1.26232e-05
1.75712e-06
1.03384e-06
1.24721e-06
2.9059e-06
5.53335e-06
4.50591e-06
2.54553e-06
5.4028e-07
6.48574e-07
3.46066e-07
7.64994e-08
2.80197e-06
1.44918e-05
4.93836e-06
9.6047e-08
6.92156e-07
4.03877e-07
7.91244e-07
4.20405e-06
8.92956e-06
2.67845e-06
9.63921e-06
5.60988e-06
9.3513e-07
1.52538e-07
4.16336e-07
1.59685e-05
9.17538e-06
2.18891e-06
5.00824e-06
1.18193e-06
1.3112e-07
6.33346e-08
5.74179e-07
8.1882e-06
9.13071e-06
3.3592e-06
7.17709e-07
5.82926e-07
1.38402e-07
1.15241e-06
3.32494e-06
5.49631e-06
5.79202e-06
5.07999e-06
4.51245e-06
6.78354e-07
2.38551e-07
3.85235e-07
5.43842e-08
2.79298e-08
6.99695e-07
1.21602e-06
1.71576e-07
3.60786e-08
1.59429e-07
2.02159e-07
7.81994e-07
6.37203e-06
7.90048e-06
5.70931e-06
5.56016e-06
3.75453e-06
2.3184e-06
7.7384e-06
2.00545e-05
6.75429e-06
1.00315e-06
2.29844e-06
5.21838e-07
6.81964e-09
7.46343e-08
5.40378e-08
2.68225e-07
3.56525e-06
7.01723e-07
1.4637e-06
1.87631e-06
1.38098e-06
9.85577e-07
7.23114e-07
9.84692e-07
2.57835e-06
4.09178e-06
4.61854e-06
2.46945e-06
2.77062e-08
4.70037e-08
5.09312e-08
2.34647e-08
9.85921e-09
9.5475e-08
2.39656e-07
5.73558e-08
2.68295e-08
1.08614e-07
5.76315e-08
1.30644e-06
6.33561e-06
4.45073e-06
4.99248e-06
7.12058e-06
6.39668e-06
6.71234e-06
7.0799e-06
3.41781e-07
5.51403e-08
3.13118e-07
2.48444e-07
5.97796e-08
1.29833e-07
1.06526e-07
1.16258e-07
2.04074e-07
3.23913e-06
5.18801e-06
2.64162e-06
1.82766e-06
1.43327e-06
4.5455e-07
1.11233e-07
2.03987e-07
1.04251e-06
1.87839e-06
1.05637e-06
1.28377e-07
3.69398e-09
1.65473e-08
1.43323e-08
2.58529e-09
1.32396e-08
1.48274e-07
2.79893e-07
1.08053e-07
8.2943e-09
4.15946e-09
2.02535e-07
1.61805e-06
2.09231e-06
2.1413e-06
2.62914e-06
2.30977e-06
1.54736e-06
1.02665e-06
1.30708e-07
8.59252e-09
2.42837e-08
3.02947e-08
1.60908e-07
2.21303e-07
1.11525e-07
1.45235e-07
4.81383e-08
6.74041e-07
2.81838e-06
2.19285e-06
9.95241e-07
6.74187e-07
1.95903e-07
2.14923e-08
2.84861e-08
5.53347e-08
2.52051e-07
2.20019e-07
6.00221e-08
7.56271e-09
1.5501e-09
1.49859e-09
2.19547e-09
1.88738e-09
5.06472e-08
2.55989e-07
4.20459e-07
2.17105e-07
3.89532e-08
6.41546e-08
4.31306e-07
7.85684e-07
5.63233e-07
4.36072e-07
3.62845e-07
1.84757e-07
1.09589e-07
5.75555e-08
7.35016e-09
6.02503e-09
1.92135e-08
3.44803e-07
4.14337e-07
6.96941e-08
4.57455e-08
2.57032e-08
4.69395e-08
6.08009e-07
8.43582e-07
4.26533e-07
1.44303e-07
5.27893e-08
8.01229e-09
7.82795e-09
8.12006e-09
2.3137e-08
7.94457e-08
4.99462e-08
1.16915e-08
1.64647e-09
1.86367e-10
5.00346e-10
2.36462e-10
9.52332e-09
5.86298e-08
1.66029e-07
2.55965e-07
1.68439e-07
6.51355e-08
8.75049e-08
1.96966e-07
2.01856e-07
1.10125e-07
4.85695e-08
1.54814e-08
5.40856e-09
6.68526e-09
5.03957e-09
3.73073e-09
3.5779e-08
3.44182e-07
5.42256e-07
1.95662e-07
1.81969e-08
9.02446e-09
8.75313e-10
5.24658e-08
1.85988e-07
1.6826e-07
7.14473e-08
1.78012e-08
3.88909e-09
1.5511e-09
2.41928e-09
2.29815e-09
1.43e-08
3.18478e-08
1.26305e-08
2.64156e-09
6.93979e-10
2.74795e-11
1.35076e-11
4.82435e-10
6.47644e-09
2.68142e-08
7.74969e-08
1.36174e-07
8.55578e-08
2.86756e-08
2.57039e-08
4.24594e-08
3.82702e-08
1.63782e-08
3.73962e-09
5.46442e-10
4.64089e-10
2.10225e-09
5.45854e-09
1.73926e-08
1.02094e-07
2.83458e-07
2.42039e-07
5.29068e-08
9.21417e-10
2.04904e-09
1.52557e-10
1.0711e-08
3.70944e-08
3.52309e-08
1.22856e-08
1.47346e-09
2.48089e-10
3.33629e-10
4.94494e-10
4.93668e-10
3.69054e-09
7.69582e-09
2.91383e-09
4.69372e-10
1.28606e-10
1.00928e-11
3.38638e-12
6.57266e-12
2.26768e-10
1.99967e-09
9.7059e-09
2.9972e-08
1.66118e-08
2.30617e-09
1.08917e-09
3.1097e-09
3.92101e-09
1.53686e-09
2.17152e-10
1.41443e-10
9.52076e-10
4.58571e-09
6.37354e-09
8.90142e-09
2.68421e-08
5.01565e-08
3.88095e-08
6.29523e-09
1.00195e-11
5.15782e-10
5.00236e-11
2.27542e-10
3.11953e-09
5.27064e-09
1.38288e-09
3.28799e-11
2.5954e-13
4.16211e-12
3.49015e-11
1.76817e-11
1.48949e-10
8.14886e-10
4.57901e-10
9.47112e-11
1.47306e-10
6.85857e-11
6.35698e-06
3.05033e-06
2.72258e-06
2.85615e-06
2.80933e-06
2.70859e-06
1.6787e-06
3.77232e-06
1.2494e-05
2.10349e-05
2.28427e-05
2.54821e-06
1.15982e-06
5.34807e-06
4.26071e-06
2.01635e-07
1.65602e-06
4.22326e-06
6.0189e-06
2.39893e-06
8.66419e-06
8.07627e-06
1.36275e-06
1.77425e-06
3.44579e-07
1.28391e-05
1.95674e-05
1.86916e-05
8.3443e-07
9.02372e-07
1.21578e-05
3.30739e-05
1.51022e-05
1.04897e-05
1.54012e-05
2.49781e-05
7.60424e-06
7.17829e-06
4.62938e-06
5.80306e-06
6.42585e-07
1.01126e-06
4.84787e-06
5.51259e-06
5.0209e-06
5.00166e-06
1.52122e-05
1.75159e-05
8.66478e-06
4.61233e-06
2.2202e-06
1.00392e-06
8.93914e-06
9.05342e-06
3.80501e-06
4.52521e-06
6.33247e-07
9.31117e-07
7.40932e-06
1.70157e-06
8.30626e-06
1.10182e-05
2.93882e-06
1.49915e-06
4.27366e-06
3.75321e-06
2.45677e-06
6.22718e-06
5.15176e-06
1.63296e-06
9.9173e-06
3.63039e-06
4.232e-06
7.33354e-06
1.12788e-05
3.73323e-06
1.86375e-06
2.59661e-06
1.57887e-05
8.45482e-06
5.44683e-07
2.24026e-06
7.6189e-07
2.67697e-06
1.04512e-05
2.18191e-05
1.23401e-05
2.2992e-06
3.71028e-06
4.26763e-06
2.8312e-06
8.89204e-07
1.37438e-06
1.60243e-06
1.85907e-06
2.41316e-06
2.37311e-06
2.22757e-06
5.06388e-07
2.51863e-06
1.96045e-05
2.8868e-06
2.43322e-06
1.08751e-05
1.73721e-06
3.67878e-06
4.21115e-06
2.64637e-06
3.42264e-06
4.05575e-07
1.69133e-06
1.03375e-06
1.33337e-05
3.33814e-05
1.1274e-05
1.35869e-06
1.38437e-05
3.31479e-05
4.75794e-06
2.73616e-09
5.45864e-06
5.16406e-06
5.77184e-06
8.10232e-06
4.55664e-06
1.10015e-05
9.343e-06
2.36097e-06
4.96963e-06
6.56118e-06
6.86618e-06
7.48844e-06
4.30779e-06
8.22498e-06
4.21961e-06
2.89994e-06
2.95462e-06
4.59232e-06
1.12325e-05
1.62633e-05
1.40937e-06
2.39016e-06
8.75638e-06
1.16069e-05
2.27713e-06
5.34107e-06
4.68502e-06
2.32602e-06
6.11805e-06
1.80873e-05
2.27969e-05
3.40782e-05
3.31704e-05
2.30076e-05
4.33952e-06
6.43645e-07
4.69861e-06
7.55329e-06
8.69546e-06
7.92103e-06
8.68201e-06
1.15647e-05
3.54831e-05
3.10105e-05
1.12434e-05
5.97757e-06
5.96319e-06
2.65519e-05
6.00388e-05
6.51456e-05
4.45161e-05
5.7647e-06
6.04465e-06
5.20956e-06
1.22453e-06
2.48993e-06
3.25417e-06
2.91858e-06
6.60454e-06
8.89686e-06
2.98479e-06
2.96973e-06
1.40575e-05
2.27879e-06
8.31346e-06
2.74771e-05
2.97528e-05
5.59251e-06
4.15573e-06
2.2682e-06
1.69719e-05
3.28554e-05
2.3727e-05
1.16414e-05
5.04837e-06
1.21414e-06
5.3649e-06
9.51224e-06
1.62461e-05
1.65733e-05
1.50426e-05
1.14673e-05
2.44615e-05
2.65816e-05
7.14837e-06
2.12292e-06
2.91699e-06
3.55067e-05
7.3383e-05
6.96739e-05
2.48448e-05
2.57792e-06
3.44525e-06
8.88345e-06
7.56082e-06
4.36705e-06
1.24333e-05
2.26688e-05
4.89752e-06
5.82933e-06
4.41867e-06
2.60774e-06
3.76515e-07
3.66308e-06
1.4429e-05
1.26597e-05
1.3628e-06
4.60777e-06
3.20329e-06
1.45168e-05
2.76415e-05
3.02217e-05
3.23447e-05
2.12483e-05
1.12124e-05
1.2071e-05
1.58349e-05
1.62658e-05
1.02936e-05
1.10939e-05
9.91422e-06
2.97873e-06
1.94407e-05
1.81064e-05
8.77404e-06
1.10607e-05
2.4005e-07
3.97743e-06
4.66769e-06
1.96332e-05
8.75341e-06
3.35426e-06
3.42168e-06
1.75166e-05
2.40451e-05
2.99775e-05
6.54651e-06
3.81619e-06
3.47453e-06
4.20795e-06
3.78838e-06
2.51962e-06
1.56333e-06
2.46509e-06
9.98785e-06
3.28137e-06
3.6501e-06
3.72817e-06
5.02271e-06
1.15529e-05
1.5622e-06
1.09495e-06
2.8673e-07
6.89455e-06
1.55178e-06
9.97742e-06
2.45232e-05
1.08426e-05
9.87267e-06
1.46474e-05
6.11236e-06
4.96849e-06
3.69377e-05
6.74678e-06
2.98992e-06
1.63165e-05
8.15861e-06
1.00701e-05
1.54685e-05
8.8752e-06
2.40478e-06
1.24884e-05
1.33364e-05
9.83778e-06
9.15536e-06
6.6443e-06
4.89962e-06
5.19122e-06
4.62517e-06
3.83404e-06
3.52454e-06
3.37158e-06
3.59231e-06
6.35516e-06
9.23656e-06
3.10697e-05
7.21296e-06
6.11189e-06
7.22344e-06
5.48956e-06
7.38688e-06
2.56486e-06
1.80176e-06
2.13297e-06
5.26568e-06
2.22975e-05
4.38822e-06
7.91838e-07
5.47191e-06
7.64437e-06
5.6203e-06
4.27513e-06
1.1562e-05
3.48264e-06
2.44608e-05
7.83479e-06
4.22015e-06
6.42824e-06
6.68401e-06
2.72415e-06
1.05015e-05
7.55791e-06
3.89641e-06
1.49187e-06
5.78116e-07
4.30239e-06
4.52511e-06
2.5492e-06
9.43914e-06
1.53534e-05
1.12026e-05
6.01372e-06
3.83424e-06
4.77898e-06
1.4669e-05
1.01855e-05
1.9902e-05
2.24794e-05
9.87516e-06
1.36659e-05
7.47835e-06
3.27632e-06
2.31531e-06
2.94525e-06
6.42732e-06
2.6083e-06
3.42552e-06
4.99757e-06
4.61591e-06
4.6575e-07
1.06528e-06
5.43108e-07
1.37896e-05
1.1037e-05
1.58877e-05
8.6754e-06
6.92703e-07
3.50676e-06
2.67043e-06
1.23188e-06
3.50207e-06
1.37654e-05
6.83367e-06
1.83582e-07
3.90531e-06
4.49775e-06
2.70361e-06
9.74945e-06
3.42746e-05
2.06782e-05
7.9963e-06
9.50115e-06
3.04564e-06
2.54955e-07
4.32843e-06
8.3454e-06
7.37207e-06
3.27679e-07
5.50049e-06
7.35786e-06
6.1233e-06
1.89184e-05
1.9643e-06
2.76875e-06
7.58476e-06
5.61167e-06
3.30065e-06
1.89215e-06
3.51042e-07
3.27593e-07
7.93423e-07
4.27839e-06
3.99214e-06
2.91115e-06
3.10285e-06
5.67803e-06
2.47229e-06
6.84462e-06
4.02163e-06
1.62978e-06
1.79744e-06
4.61572e-06
1.95545e-06
2.79172e-06
4.16939e-06
4.97448e-06
6.1223e-06
2.10025e-05
4.66498e-06
3.07522e-06
1.74553e-06
5.50377e-06
6.54126e-06
1.23867e-07
3.64455e-05
2.09543e-05
3.19031e-07
1.01758e-05
3.84673e-06
5.55067e-06
8.83489e-06
2.09823e-05
9.88504e-06
5.87462e-06
6.02368e-06
3.8522e-06
1.92487e-06
9.68111e-07
3.88514e-07
1.17285e-06
3.64807e-06
2.86919e-06
2.17969e-06
2.71005e-06
2.76114e-06
1.91049e-06
2.05812e-06
1.24699e-05
1.26303e-05
6.43169e-06
2.04909e-06
6.69797e-06
9.47334e-07
3.23195e-06
2.84848e-06
1.00841e-05
1.90026e-05
2.32555e-05
2.54605e-09
3.26411e-06
1.12328e-05
1.47076e-05
1.48714e-06
2.00203e-05
3.59542e-05
1.37663e-05
4.12725e-06
8.75596e-06
3.31257e-06
5.87025e-06
9.73513e-06
7.09707e-06
8.30616e-06
7.98478e-07
6.86777e-06
2.24387e-06
1.67675e-06
8.29164e-07
2.38482e-07
1.35234e-06
2.44088e-06
1.29994e-06
3.50649e-06
2.88458e-06
8.86942e-06
2.96766e-06
2.42653e-06
3.32366e-07
3.07488e-06
4.10101e-06
2.67635e-06
2.40296e-06
3.78282e-06
5.82473e-06
2.19989e-06
7.10758e-06
2.56549e-05
2.52485e-05
2.70669e-05
1.71264e-05
1.50448e-05
2.88891e-06
4.50092e-06
3.31624e-06
1.92687e-05
1.9889e-06
3.18843e-05
2.85036e-05
6.15166e-06
5.75584e-05
3.13931e-05
5.4121e-06
5.07384e-06
4.90152e-07
1.03205e-05
6.54976e-06
3.33075e-06
1.1837e-06
2.45695e-07
2.24407e-06
1.54722e-06
5.01657e-06
6.16875e-06
8.71413e-06
2.54483e-05
2.29905e-05
2.67017e-06
8.24558e-07
1.91055e-06
2.64062e-06
2.39078e-06
4.33861e-07
5.13385e-07
3.14643e-06
3.10761e-06
3.30093e-06
1.85382e-05
1.59386e-05
3.24931e-05
1.25136e-05
2.62607e-05
5.55494e-06
4.32804e-06
9.76549e-08
4.75252e-06
5.20902e-06
4.48252e-06
2.5436e-06
1.16472e-06
1.26462e-05
3.31863e-06
7.66258e-06
3.73121e-06
1.49675e-05
1.68678e-05
5.58538e-06
2.03984e-06
1.0186e-06
2.15574e-07
9.24715e-07
1.15739e-05
1.09275e-05
5.94295e-06
4.04532e-06
6.07448e-06
1.3399e-05
3.10585e-06
2.73317e-06
1.48263e-06
1.44263e-06
7.81605e-07
1.49734e-07
1.74899e-07
1.28259e-06
6.6749e-07
4.10161e-06
1.3314e-05
3.12693e-05
8.32001e-06
5.74779e-06
1.87076e-05
1.4572e-05
2.78493e-06
1.29902e-06
2.72672e-06
6.1287e-07
4.96517e-06
3.9541e-06
1.15571e-06
4.69153e-06
2.93087e-06
7.13896e-07
2.12509e-05
4.57768e-05
1.98926e-05
3.50464e-06
5.78441e-07
5.02867e-07
4.17992e-07
3.66102e-06
2.90277e-06
2.92892e-07
1.56258e-07
3.18483e-07
3.30588e-07
4.10268e-07
1.98207e-06
1.14381e-06
8.16281e-07
2.62824e-07
1.09846e-07
1.70219e-08
2.31038e-07
5.92921e-07
2.42575e-06
2.0047e-05
3.33275e-05
3.09813e-06
2.83727e-06
9.15741e-07
4.14309e-06
1.25017e-05
4.0634e-06
1.95039e-06
6.82957e-06
3.67165e-05
4.02049e-05
6.92471e-06
3.04447e-06
3.59096e-06
3.79222e-06
1.57959e-05
3.84871e-05
3.55199e-05
1.14735e-05
3.05527e-06
5.41035e-07
1.49582e-07
1.02189e-05
1.41647e-05
8.57714e-08
1.42649e-07
8.7952e-08
7.70838e-08
1.74574e-07
4.98198e-07
5.62479e-07
6.39072e-07
3.51866e-07
4.0235e-08
1.04e-07
1.07355e-06
5.84634e-06
1.84759e-05
3.31341e-05
3.12299e-05
3.37879e-06
1.10238e-06
4.41701e-06
5.58045e-06
5.94809e-06
1.63252e-05
1.1445e-05
1.14752e-05
7.78019e-06
1.5553e-05
6.36303e-06
4.55159e-06
5.75722e-06
1.79476e-05
1.76838e-05
1.551e-05
2.33611e-05
3.4103e-05
7.6093e-06
5.36921e-07
8.84323e-07
2.75297e-06
7.42419e-06
8.72428e-08
2.19438e-07
2.1375e-07
2.37825e-07
1.63957e-07
1.70947e-07
1.23756e-07
2.26043e-07
4.77874e-07
1.85451e-07
2.58126e-06
5.79468e-06
1.18798e-05
1.47987e-05
3.17339e-05
3.39458e-05
5.96951e-06
1.19531e-06
3.51965e-08
1.35028e-06
1.8492e-06
1.5265e-05
2.94367e-05
3.11785e-06
2.21298e-06
5.97865e-06
5.86381e-06
3.01801e-06
3.669e-06
1.2978e-05
2.11948e-05
1.90372e-05
1.33767e-05
2.18725e-05
1.00662e-05
8.22725e-07
1.48272e-06
3.74159e-07
2.76022e-06
6.05575e-07
7.33553e-09
2.76829e-07
1.72842e-07
6.2718e-08
1.45718e-07
6.45813e-07
1.52633e-06
2.03675e-06
2.7622e-06
8.77157e-06
1.32264e-05
1.46642e-05
1.03187e-05
1.63193e-05
2.08321e-05
1.09872e-05
2.62871e-06
1.18044e-06
7.88737e-07
8.17996e-07
3.10671e-06
2.97427e-05
7.76107e-06
3.13938e-07
2.28472e-07
6.60489e-07
1.56247e-06
6.09301e-07
2.06038e-06
4.38812e-06
7.74766e-06
6.91497e-06
2.90382e-06
7.10385e-07
1.29639e-07
2.10831e-07
1.18241e-07
2.3207e-07
9.3514e-07
8.25356e-08
9.44412e-08
6.69296e-08
6.63228e-08
1.75879e-07
6.04859e-07
1.45757e-06
2.72608e-06
4.93648e-06
9.874e-06
1.3713e-05
1.53972e-05
1.41841e-05
1.76681e-05
2.48417e-05
1.64286e-05
5.70212e-06
5.58604e-06
1.04551e-06
4.70677e-07
1.07968e-06
1.63377e-05
1.61374e-06
2.36288e-07
4.41771e-08
4.42927e-08
1.4217e-07
1.63659e-07
6.10506e-08
4.51901e-08
2.01759e-08
8.75189e-08
1.03487e-07
4.77229e-08
1.46565e-08
8.95491e-09
1.80531e-08
1.60732e-08
7.77219e-08
2.47859e-08
1.82595e-08
8.4965e-08
5.87754e-08
1.22526e-07
2.69056e-07
5.5134e-07
1.05485e-06
2.12752e-06
4.92943e-06
1.00553e-05
1.35385e-05
1.52338e-05
1.63136e-05
1.17102e-05
6.9404e-06
3.98057e-06
2.68237e-06
5.60521e-07
4.8683e-08
1.92153e-06
4.84593e-06
1.58773e-07
1.14423e-07
4.94572e-08
1.97695e-08
2.88858e-08
1.48612e-07
3.11775e-07
3.33193e-07
8.85007e-08
2.86575e-08
6.32941e-08
3.11463e-08
8.36398e-09
4.70142e-10
6.87494e-09
1.97093e-08
8.69492e-09
8.55513e-10
1.33205e-09
1.41713e-08
3.57175e-08
2.86497e-08
8.40578e-08
1.40563e-07
1.69757e-07
2.31609e-07
5.35933e-07
1.66649e-06
3.53006e-06
3.76479e-06
1.97389e-06
3.18929e-07
5.49816e-08
4.05737e-08
4.76311e-08
5.68079e-08
1.66347e-08
1.30108e-08
2.09112e-09
1.9223e-08
4.45798e-08
4.62937e-08
2.842e-08
1.82039e-08
6.79979e-08
3.25872e-07
3.20711e-07
5.83343e-08
8.48193e-09
5.6449e-08
5.04563e-08
1.10604e-08
6.65291e-10
2.03098e-09
1.14112e-08
5.27651e-09
5.43419e-10
4.47671e-10
1.0583e-09
4.9748e-09
1.23438e-08
8.23056e-09
1.31403e-08
9.14192e-09
6.70009e-09
1.07193e-08
4.68161e-08
2.0212e-07
3.38323e-07
1.81326e-07
2.50502e-08
2.46073e-09
2.62978e-09
2.92929e-09
7.2139e-09
8.26238e-09
1.07602e-09
6.54281e-10
5.38799e-09
1.12147e-08
2.5281e-08
4.33803e-08
3.5256e-08
1.84005e-08
4.1736e-08
8.9639e-08
4.20024e-08
6.18172e-10
1.31255e-08
2.7091e-08
1.50135e-08
3.67426e-09
2.15365e-09
5.86227e-09
4.71203e-09
1.32233e-09
1.618e-09
1.96666e-09
3.50811e-10
7.11942e-10
1.83055e-09
1.02515e-10
4.86331e-11
2.77141e-11
2.90328e-10
2.64597e-10
1.95635e-09
2.14797e-08
2.99338e-08
8.79603e-09
5.29608e-10
2.45466e-10
1.54576e-10
8.77983e-10
1.51174e-09
1.38185e-10
2.00008e-10
1.21092e-09
3.46942e-09
1.46812e-08
4.29389e-08
3.9185e-08
1.31774e-08
2.03858e-09
4.26939e-09
1.81375e-08
1.07388e-08
4.67822e-11
2.56775e-09
6.82734e-09
6.06141e-09
3.10632e-09
2.60669e-09
3.15184e-09
1.9793e-09
9.86565e-10
1.24865e-09
6.20052e-10
7.15195e-12
1.8214e-10
5.15703e-11
3.71965e-11
3.11573e-11
9.68375e-11
2.90942e-10
2.83702e-10
4.55609e-12
8.57829e-10
1.68435e-09
4.08162e-10
2.56614e-11
7.44877e-12
2.15084e-11
2.13566e-10
1.32284e-10
8.42724e-12
3.36194e-12
1.09167e-10
6.43149e-10
2.885e-09
7.59507e-09
6.6163e-09
1.38334e-09
8.7266e-11
2.64166e-10
5.71157e-09
5.40811e-09
3.68653e-10
2.50616e-11
7.01121e-10
1.31589e-09
8.93086e-10
8.14985e-10
7.86143e-10
5.90776e-10
3.00859e-10
2.65508e-10
1.26335e-10
6.88588e-12
3.20002e-10
2.13763e-10
1.13906e-06
1.15235e-06
3.45529e-06
6.36424e-06
5.97619e-06
3.62919e-06
4.33942e-06
1.06541e-05
1.39831e-05
1.17575e-05
7.10618e-06
3.70987e-06
2.13607e-06
9.5391e-07
1.60799e-06
3.63816e-07
7.1317e-06
1.17901e-05
2.92622e-05
3.4438e-05
1.47988e-05
5.66377e-06
4.85899e-06
1.49961e-06
2.34395e-08
5.22876e-07
2.13899e-06
4.24327e-06
4.18896e-06
2.9189e-06
1.7513e-06
1.41218e-06
1.58504e-06
2.34972e-06
6.60929e-06
1.05652e-05
1.78012e-06
3.87915e-06
3.81894e-06
2.37817e-06
2.6345e-06
7.37344e-07
2.51701e-06
5.64023e-06
1.17908e-05
2.78305e-05
3.38631e-05
3.24327e-05
2.59786e-05
1.66027e-05
9.89251e-06
6.87089e-06
1.31625e-05
9.23055e-06
5.48543e-06
9.36282e-06
3.76701e-06
8.19743e-07
4.26131e-06
1.90309e-05
1.13614e-05
1.69183e-06
1.59767e-06
1.34659e-07
4.14766e-06
1.98078e-06
1.80262e-06
2.91245e-06
3.553e-06
1.94612e-06
1.82333e-06
4.97579e-06
5.14577e-06
1.13039e-05
9.76294e-07
2.20726e-06
2.55539e-06
1.02224e-05
1.03935e-05
5.90949e-06
1.34462e-05
9.02627e-06
4.39928e-06
5.62553e-06
1.2017e-05
2.06062e-05
1.73835e-05
6.32735e-06
2.46366e-06
1.7759e-06
2.55882e-06
1.0615e-05
1.65561e-05
9.03867e-06
5.48882e-06
3.95766e-06
1.89793e-06
3.75699e-07
1.9695e-06
5.2508e-06
1.91804e-05
1.03997e-06
1.56029e-06
4.60527e-07
1.26817e-06
2.61252e-06
2.73374e-06
1.53897e-06
2.91617e-06
1.00787e-06
5.89282e-06
1.39676e-05
4.25112e-05
4.65338e-05
1.79275e-05
1.12143e-06
1.22808e-05
2.98806e-05
2.66258e-05
1.37031e-05
7.87959e-06
7.6862e-06
6.59835e-06
7.30085e-06
6.87589e-06
1.00916e-05
4.41378e-06
2.19683e-06
4.12756e-06
4.93335e-06
2.69535e-06
2.0691e-06
1.04478e-06
8.62687e-07
4.74053e-06
7.85803e-07
8.59719e-07
3.41832e-06
4.0244e-06
5.4533e-06
2.84822e-06
2.43853e-06
5.41279e-07
3.23962e-06
1.54066e-06
4.09468e-06
6.54883e-06
9.29221e-07
2.13753e-06
6.16693e-06
1.30375e-05
3.52345e-05
5.24177e-05
3.43911e-05
2.21245e-06
4.28883e-06
4.40657e-06
1.35423e-05
9.56225e-07
6.20332e-06
7.99919e-06
9.05009e-06
1.51853e-05
1.01151e-06
1.76071e-06
2.40722e-06
2.88254e-06
2.78248e-06
4.05529e-06
5.33722e-06
1.81525e-06
2.81887e-07
4.40087e-06
1.04196e-05
4.60515e-06
1.31124e-06
5.99486e-06
2.21651e-05
3.34946e-05
3.10266e-05
3.03358e-06
8.25839e-07
4.2923e-06
8.78006e-06
2.20021e-06
5.71083e-06
8.58684e-06
2.67206e-07
3.52681e-06
2.56747e-06
2.85593e-06
3.16903e-05
4.74667e-05
1.98786e-05
3.99008e-06
2.25943e-06
6.34572e-06
1.5261e-05
1.01369e-05
8.61366e-06
9.49002e-06
3.05982e-05
3.43446e-05
5.00318e-06
1.98965e-06
1.22795e-06
7.81868e-06
3.5818e-05
3.42141e-05
1.14665e-05
5.21237e-06
1.23647e-05
1.65236e-05
7.14883e-06
1.02968e-07
2.89252e-05
4.82235e-05
4.71976e-05
2.7683e-05
1.25883e-06
2.96827e-06
2.19478e-06
1.3614e-06
1.05365e-05
9.12245e-06
6.59883e-06
4.70025e-06
1.3863e-06
2.16267e-06
1.87798e-06
3.14813e-06
1.01715e-05
1.57011e-05
3.12903e-05
3.14837e-05
2.55388e-06
3.37566e-06
2.15672e-05
1.96758e-05
1.12392e-05
8.89247e-06
8.25729e-06
1.18589e-05
6.03473e-06
7.63377e-06
3.00082e-06
1.38414e-06
4.39781e-06
1.09276e-05
9.65026e-06
7.61353e-06
4.26523e-06
6.41131e-06
1.2289e-05
5.06436e-05
4.93472e-05
2.08777e-05
4.33491e-06
3.66463e-06
9.94616e-06
5.01221e-07
1.90294e-06
2.20249e-06
2.23189e-06
1.61787e-06
4.77566e-06
7.06217e-06
5.26796e-06
4.99892e-06
1.73727e-06
2.63622e-06
2.42191e-06
5.80864e-06
1.64636e-05
1.40415e-05
3.42039e-06
4.18445e-06
1.01009e-05
5.93606e-06
6.55479e-06
6.42678e-06
6.64084e-06
3.47661e-05
6.23729e-06
4.63109e-06
1.3675e-05
7.00292e-06
7.27369e-06
1.33295e-06
4.58072e-06
7.79432e-06
6.8641e-06
3.29552e-06
2.83945e-05
4.06203e-06
8.11965e-07
3.21584e-06
2.95963e-06
7.26961e-06
2.73769e-07
8.37475e-07
2.03332e-06
2.17189e-06
1.18078e-06
2.81078e-05
4.78107e-05
7.61874e-06
4.70022e-06
2.70372e-06
2.45609e-06
5.96533e-06
2.515e-05
3.50214e-05
1.30994e-05
2.16695e-06
2.23604e-06
3.17045e-06
2.75913e-06
2.353e-06
6.34857e-06
1.50112e-05
1.09915e-05
4.02191e-05
2.25483e-05
1.01764e-05
1.8836e-05
5.74755e-06
3.53042e-06
1.02408e-05
6.53794e-06
3.45194e-06
4.21101e-06
1.3886e-05
9.05265e-06
3.04006e-06
2.57112e-06
3.68891e-06
1.46673e-06
6.0476e-07
1.3089e-06
9.69169e-07
1.60895e-06
3.30649e-06
1.2602e-05
4.24379e-05
4.18121e-05
5.87083e-06
9.17691e-07
3.93981e-06
3.38374e-06
8.01235e-06
3.61188e-05
3.61281e-05
2.01245e-06
4.29763e-06
4.47146e-06
1.21132e-05
1.21484e-05
1.96721e-06
9.16956e-06
2.06731e-05
3.62463e-06
1.97892e-07
2.97255e-06
1.62845e-05
2.43448e-05
3.84961e-06
5.76223e-06
3.74701e-06
5.61129e-06
1.63099e-05
2.07016e-05
7.36547e-06
1.18054e-06
1.67288e-06
2.61565e-06
2.34541e-06
6.23169e-07
2.22528e-06
3.91557e-06
3.21856e-06
2.18796e-06
1.45267e-06
1.4779e-06
1.12207e-05
2.56437e-05
8.92992e-06
2.5849e-06
2.8831e-06
2.49158e-06
4.92012e-06
3.87312e-05
2.83344e-05
4.53063e-06
3.80027e-06
6.21324e-06
3.31823e-06
9.87298e-06
2.9187e-06
7.68864e-06
1.96828e-06
5.35739e-06
4.4652e-06
4.48081e-06
5.76515e-06
9.18013e-06
1.33463e-06
1.21296e-06
4.7258e-06
4.44092e-06
5.21623e-06
1.70888e-05
3.14704e-06
3.45351e-06
3.04548e-06
4.13927e-06
2.7083e-06
1.14665e-06
4.92414e-06
4.32681e-06
3.20574e-06
1.53336e-05
1.80853e-05
4.82551e-06
5.96413e-07
3.51251e-06
3.21282e-06
7.36771e-06
2.96971e-05
1.21878e-06
1.12286e-05
3.74003e-05
1.7602e-05
1.14725e-05
1.2893e-05
7.04227e-06
2.00939e-06
1.2141e-06
5.48759e-06
5.10015e-06
5.855e-06
4.81696e-06
4.31901e-06
6.32202e-06
7.03853e-06
9.5595e-06
7.6969e-06
2.64164e-06
1.51883e-06
3.1844e-06
7.50659e-06
1.00798e-05
1.82779e-06
1.68259e-06
1.38231e-06
5.8592e-06
3.98408e-06
1.83581e-06
1.86085e-06
1.06144e-06
2.038e-06
1.17098e-05
2.62032e-05
8.75735e-06
1.87105e-06
3.02862e-06
8.973e-07
2.31398e-05
3.9703e-05
2.65983e-06
1.97766e-05
2.93223e-05
1.28025e-06
1.27477e-05
2.22015e-05
7.58938e-06
5.72582e-06
4.87074e-06
2.55723e-06
3.79528e-06
2.29298e-06
1.28892e-06
6.04908e-06
6.05097e-06
1.705e-06
7.55647e-06
1.55178e-05
1.28081e-06
6.39904e-07
2.60528e-07
2.44718e-07
6.60645e-06
5.06812e-06
2.83307e-06
7.12993e-07
2.85363e-06
5.89751e-06
2.9428e-06
1.8338e-06
5.45129e-07
2.229e-06
1.3258e-05
1.50515e-05
3.26417e-06
5.66246e-06
5.34043e-06
1.90831e-06
3.62046e-05
2.83716e-05
7.44939e-06
4.24152e-05
3.76393e-05
9.41605e-07
2.98339e-05
3.69841e-05
1.5675e-05
2.23189e-06
1.68954e-06
1.34764e-06
1.45703e-06
1.05064e-07
8.9634e-07
3.81371e-06
3.01168e-06
6.27397e-07
5.77644e-06
1.02574e-05
2.07748e-06
2.64942e-06
1.13988e-06
3.52322e-08
1.43238e-06
2.87756e-06
2.69645e-06
1.92451e-06
6.80148e-07
1.88032e-06
5.24048e-06
4.30406e-06
1.92433e-06
9.37228e-07
4.3919e-06
5.25349e-06
2.9936e-06
5.6775e-07
9.25478e-06
3.29808e-06
4.74004e-05
1.05832e-05
4.85033e-06
3.04554e-05
1.4459e-05
4.48599e-06
4.02182e-05
2.6034e-05
5.08639e-06
3.50528e-07
4.92349e-07
5.71528e-07
3.80816e-07
1.31743e-06
1.73189e-06
6.00869e-06
1.19028e-07
2.19993e-06
6.9597e-06
1.14444e-05
3.13478e-06
3.12422e-06
5.36081e-07
4.07743e-08
1.34131e-06
3.77612e-06
5.09968e-06
3.64382e-06
2.91601e-06
4.33388e-06
9.91098e-06
4.6078e-06
2.30237e-06
1.60935e-06
4.80995e-06
1.58161e-06
3.7028e-07
4.83947e-06
5.64009e-06
1.12798e-06
1.97877e-05
6.65835e-06
3.57137e-06
7.1943e-06
5.97408e-06
1.76533e-05
3.29295e-05
1.07614e-05
4.13683e-06
1.69842e-06
1.00823e-06
5.09999e-06
5.32354e-06
1.10735e-08
5.82708e-06
7.91605e-06
7.95093e-07
2.04951e-06
1.94571e-05
2.39226e-06
1.08403e-06
1.6242e-07
3.32677e-08
9.8316e-07
3.78233e-06
6.7943e-06
5.16967e-06
4.09106e-06
5.21162e-06
3.29864e-06
4.56202e-09
1.11751e-06
2.03094e-06
1.00384e-06
1.34089e-06
1.26476e-06
1.4173e-06
1.61925e-05
1.00827e-05
4.72413e-07
8.03738e-06
1.04325e-05
5.93317e-06
2.86949e-06
3.63824e-06
1.4561e-05
3.57718e-05
2.25274e-05
1.13208e-05
3.2193e-06
4.88911e-06
5.65518e-06
6.45545e-07
6.2006e-06
1.97791e-05
4.44673e-07
9.16282e-07
4.45172e-06
1.27969e-06
8.43362e-07
2.80439e-07
1.06329e-07
6.29947e-07
3.64965e-06
7.34323e-06
6.71158e-06
3.11748e-06
3.62129e-06
2.38931e-06
3.56541e-07
8.06225e-08
5.75176e-07
1.32367e-06
1.95574e-06
2.07508e-06
1.47009e-06
1.66077e-07
7.40947e-06
3.04096e-06
3.28179e-06
5.73241e-06
4.48001e-06
9.77079e-07
6.03202e-06
2.08698e-06
1.56032e-05
2.49635e-05
1.07489e-05
1.24845e-05
1.90299e-07
1.29849e-06
5.34583e-07
3.24495e-07
2.43755e-05
5.05652e-06
1.9477e-06
2.12643e-06
3.238e-07
5.2459e-07
7.00579e-07
9.49037e-07
1.12671e-06
2.69985e-06
3.70721e-06
5.39265e-06
2.09854e-06
5.2025e-06
2.31679e-06
3.52845e-06
2.17672e-06
2.38649e-08
2.51979e-06
3.17376e-06
1.87412e-06
9.56547e-07
9.62385e-07
8.52582e-07
2.11432e-06
5.79031e-07
1.52408e-06
5.48189e-06
3.44999e-06
3.07355e-06
7.29402e-06
4.03438e-06
3.44067e-06
3.22383e-06
1.30715e-05
5.93378e-07
6.54051e-07
3.30819e-07
2.12896e-07
1.26566e-05
1.00643e-05
1.0604e-05
1.81473e-06
2.32301e-08
6.18358e-08
2.74172e-07
1.20603e-06
2.40348e-06
4.68199e-06
3.16256e-06
2.09584e-06
2.10109e-06
2.57995e-06
8.3258e-06
4.85635e-07
3.05056e-06
1.73647e-07
7.87778e-07
2.6901e-06
4.56138e-07
1.5473e-06
1.42277e-06
4.18929e-06
3.89182e-06
6.78114e-06
7.82102e-07
1.6675e-06
4.36125e-06
3.5436e-06
2.72026e-07
9.35931e-07
3.6954e-06
5.5405e-06
4.55477e-07
7.67268e-07
4.3739e-07
2.33823e-07
5.65521e-08
1.48398e-05
2.12755e-05
1.52794e-05
9.99015e-08
1.38826e-08
1.15084e-08
4.8276e-08
3.02726e-07
1.39617e-06
2.34216e-06
7.61556e-06
3.07957e-06
1.63785e-06
2.53235e-06
3.63531e-06
3.43275e-06
1.85597e-06
5.8104e-07
1.17954e-06
7.63934e-07
3.9162e-06
1.40713e-05
7.58057e-06
6.7946e-06
6.59237e-06
6.17276e-07
6.81307e-07
6.56746e-07
7.12714e-07
7.9837e-07
2.22737e-07
8.82202e-09
3.27188e-08
1.19978e-08
5.9575e-08
9.28651e-08
7.46016e-08
8.28249e-08
1.58268e-07
5.64185e-06
1.94853e-05
1.77616e-05
1.17085e-08
3.54397e-08
1.75912e-08
8.63665e-09
3.57941e-08
2.51915e-07
1.41687e-07
2.45679e-06
2.17332e-06
4.13812e-07
1.61532e-06
1.30882e-06
2.95903e-06
2.65705e-06
1.37928e-06
2.85021e-06
1.59929e-06
1.93101e-06
2.04152e-05
1.79874e-05
5.38934e-06
1.18329e-06
1.89469e-07
2.919e-08
4.4887e-08
2.58463e-08
5.29526e-08
4.62792e-08
1.22505e-08
2.32846e-09
4.33799e-09
9.12154e-09
6.87364e-09
8.73271e-09
2.74594e-08
2.00911e-07
7.92e-07
6.74037e-07
6.01175e-07
1.92703e-07
2.5119e-08
3.07141e-08
6.71304e-09
3.42478e-09
2.35513e-08
6.18833e-08
1.82424e-08
5.39676e-09
4.74845e-09
8.51036e-09
3.67661e-08
1.03546e-07
6.7862e-07
6.00224e-07
3.85036e-07
3.41308e-07
4.43233e-08
3.29835e-06
2.48501e-06
1.94343e-07
2.04967e-07
6.82152e-08
1.46972e-08
4.52669e-09
1.07598e-09
4.5026e-09
4.88078e-09
1.07296e-08
8.24893e-09
1.90627e-09
9.57117e-10
4.87954e-10
1.95323e-10
6.65393e-09
6.13018e-08
5.70324e-08
1.63377e-08
7.22873e-09
1.43166e-08
1.95198e-09
2.63682e-08
1.24835e-08
1.65353e-09
1.56184e-09
9.13471e-09
2.34118e-08
2.26178e-08
9.1582e-09
3.97964e-09
1.89712e-09
1.2728e-11
2.23061e-08
9.4711e-08
9.41012e-08
4.30857e-08
2.71412e-08
1.65153e-08
2.88082e-08
9.42748e-08
6.42638e-08
1.22887e-08
4.9998e-09
2.73278e-09
3.93943e-10
2.01616e-09
2.8324e-09
9.35534e-10
3.27404e-09
1.62386e-09
3.64759e-10
2.8998e-10
4.7234e-09
2.03796e-08
1.08868e-08
1.06399e-09
7.72011e-10
8.56294e-10
3.70537e-09
4.09188e-10
7.6072e-09
8.34816e-09
2.3622e-09
2.99123e-10
3.61592e-10
2.41858e-09
6.5726e-09
4.79805e-09
1.42755e-09
6.99349e-10
1.87242e-10
1.45054e-09
8.01931e-09
1.18134e-08
1.00635e-08
9.26944e-09
9.83353e-09
1.60462e-08
2.08055e-08
1.11518e-08
6.07156e-09
5.62513e-09
3.3434e-09
2.24833e-10
1.0339e-10
7.38171e-10
9.06292e-10
3.66593e-10
1.00584e-09
1.37206e-10
4.1911e-10
1.9273e-09
7.75734e-09
1.00139e-08
1.23469e-09
2.29082e-12
1.58226e-11
3.86982e-10
1.62399e-10
4.76835e-10
5.67259e-09
8.21256e-10
1.78261e-10
8.25741e-12
8.78157e-12
2.13328e-10
8.36013e-10
6.41417e-10
2.32358e-10
1.23826e-10
1.1024e-10
3.29763e-10
6.69432e-10
7.7128e-10
7.13284e-10
4.9645e-10
4.43556e-10
6.90834e-10
1.04151e-09
1.75979e-09
1.26919e-09
3.63165e-10
1.01831e-10
2.6272e-11
1.45128e-12
5.95747e-11
3.2361e-10
5.3964e-11
1.94556e-10
4.19433e-11
4.79217e-11
3.41927e-10
1.44064e-09
1.63627e-09
7.64633e-11
3.31581e-11
7.51924e-12
5.62903e-12
4.23207e-12
4.55255e-11
5.30683e-10
1.15129e-06
6.71226e-07
9.36499e-07
2.3651e-06
5.21365e-06
8.64646e-06
1.28632e-05
1.75666e-05
1.64926e-05
1.17384e-05
1.31658e-05
9.51595e-06
1.01643e-06
8.40253e-07
2.36137e-06
2.29115e-06
6.09535e-06
2.04514e-05
2.73244e-05
2.50041e-05
5.02699e-06
2.43701e-06
2.2954e-06
7.05813e-06
2.01627e-06
2.3907e-06
2.00501e-06
9.25924e-06
4.55497e-06
4.03398e-06
2.45323e-06
1.632e-06
2.27256e-06
2.66355e-06
3.66304e-06
7.08786e-06
8.69182e-06
5.96385e-06
3.13024e-06
1.88497e-06
1.98519e-06
2.3244e-06
1.74992e-06
2.21766e-06
9.85605e-06
2.61474e-05
2.50042e-05
2.41107e-05
2.66991e-05
2.36483e-05
1.20966e-05
8.54475e-06
7.60863e-06
5.53711e-06
2.72529e-06
4.33915e-06
7.57607e-06
2.33438e-06
4.01866e-06
1.83071e-05
6.92677e-06
4.29598e-06
3.01569e-06
8.72437e-07
4.23107e-07
3.28228e-06
9.26337e-07
2.17006e-06
1.89793e-06
1.84222e-06
4.69643e-06
9.89202e-06
7.37032e-06
6.97546e-06
7.41249e-07
3.13332e-06
5.45293e-06
3.7516e-06
1.46245e-06
1.0606e-06
7.95244e-06
1.06396e-05
1.18907e-05
1.0121e-05
9.35122e-06
7.72052e-06
6.31178e-06
6.89882e-06
1.33582e-05
2.47453e-05
1.9451e-05
2.06631e-05
3.31782e-05
2.38393e-05
4.529e-06
1.47305e-05
1.55502e-05
1.21446e-06
4.38455e-06
2.38906e-06
5.24187e-06
3.83316e-06
1.14763e-06
1.714e-06
2.52268e-05
1.23052e-05
2.11552e-06
2.15744e-06
3.08988e-06
3.30922e-06
1.0004e-06
3.57353e-06
4.18773e-06
2.64145e-05
8.10524e-06
7.09947e-07
4.06298e-06
1.13225e-05
1.9987e-05
1.86643e-05
8.67221e-06
3.74077e-06
3.20178e-06
3.64441e-06
5.54023e-06
9.06523e-06
5.5568e-06
3.82205e-06
3.34278e-06
1.20625e-06
1.75204e-07
8.02564e-06
7.58067e-06
2.64861e-06
3.32653e-06
6.34366e-06
5.24891e-07
1.74102e-06
2.06293e-06
3.05703e-06
1.64695e-06
9.29902e-07
1.66556e-06
1.43218e-05
2.3702e-05
6.42001e-06
1.57982e-05
3.50335e-06
1.76096e-06
2.74872e-06
2.60164e-06
3.00094e-06
2.78998e-05
1.44485e-05
7.8987e-06
4.34152e-06
1.53325e-05
3.08948e-05
2.02062e-05
6.79447e-06
4.54538e-06
2.09494e-06
2.63077e-07
1.34954e-06
2.01399e-06
1.62706e-06
3.9042e-06
5.21271e-06
4.36452e-06
1.67073e-06
6.07417e-07
9.60682e-07
4.23485e-07
3.25552e-06
2.91442e-06
1.33656e-06
1.80741e-06
1.92673e-06
7.38083e-06
5.03046e-06
1.08458e-06
1.57493e-06
2.57241e-06
3.07092e-06
6.98545e-06
5.11829e-06
2.77933e-05
2.01365e-05
1.57808e-06
3.13631e-06
5.38941e-06
1.25727e-05
1.17077e-05
1.24213e-05
1.76047e-05
1.10023e-05
2.39853e-05
3.70822e-05
2.07121e-05
6.77144e-06
5.99719e-06
4.15693e-06
1.46555e-05
8.02197e-06
3.20544e-06
2.61825e-06
6.48498e-06
3.8863e-06
4.47519e-06
1.61464e-06
4.69501e-07
1.25407e-05
1.70332e-05
9.34501e-06
3.12171e-06
7.22057e-07
2.34187e-06
1.73952e-06
2.08374e-06
1.28859e-06
2.00129e-06
1.81043e-06
3.56427e-06
4.13183e-06
1.44902e-06
5.94355e-06
2.08468e-05
2.72637e-05
8.41233e-07
2.3438e-06
4.24073e-06
1.72431e-05
2.23235e-07
6.67775e-06
2.7415e-05
1.34727e-05
1.22619e-05
1.90461e-05
4.95888e-06
5.22212e-06
2.6364e-06
2.99237e-05
7.94243e-06
5.97627e-06
8.14937e-06
8.85152e-06
1.58581e-05
1.15954e-05
3.59941e-06
3.32877e-05
4.88594e-05
4.13194e-05
1.54525e-05
3.2353e-06
2.5497e-06
4.33463e-06
6.04701e-06
4.89022e-06
2.2953e-06
2.07212e-06
9.59736e-07
1.65531e-06
2.40198e-06
2.3538e-06
2.69271e-06
4.49926e-06
3.61514e-05
2.73944e-05
2.25985e-06
2.36301e-06
1.86713e-06
2.12017e-05
1.67679e-05
1.18282e-05
7.55379e-06
3.53074e-06
5.08325e-06
1.10728e-05
6.7568e-06
4.2209e-06
3.21558e-05
1.24648e-05
4.76321e-06
1.64069e-06
5.85924e-06
4.35171e-05
2.27395e-05
2.30685e-06
1.0469e-05
1.1133e-05
1.46504e-06
2.48705e-06
1.24855e-06
3.35051e-06
4.42867e-06
5.62586e-06
3.37049e-06
7.11923e-07
1.25089e-05
7.11906e-06
2.96121e-07
2.609e-06
3.07892e-06
1.90218e-06
1.61275e-06
2.1286e-05
2.48586e-05
1.27974e-05
4.91469e-06
4.3135e-06
2.76845e-06
3.12025e-05
5.7079e-06
2.96591e-06
2.71505e-06
5.06335e-06
2.05622e-06
2.20243e-06
3.76198e-06
1.19452e-05
2.51905e-05
1.01387e-06
9.95703e-07
3.1483e-06
2.04966e-06
2.97657e-05
2.94625e-05
3.59264e-06
2.24897e-06
5.76594e-06
5.01335e-06
6.58497e-06
8.27104e-06
3.68152e-07
1.79237e-06
1.78697e-06
3.75401e-06
1.84105e-05
1.99883e-05
5.49242e-06
2.91218e-06
1.55377e-06
3.52742e-06
2.72611e-06
3.02697e-06
5.93116e-06
5.73748e-06
1.28992e-05
1.10626e-06
2.04617e-06
6.20322e-06
4.31696e-06
7.46076e-07
3.94811e-06
4.29904e-06
6.3769e-07
2.10553e-06
4.66229e-06
3.15753e-06
2.97535e-05
1.55303e-05
2.44531e-06
6.03047e-07
2.14251e-06
1.75443e-06
5.39882e-06
1.15826e-05
9.49395e-06
3.39405e-06
4.52907e-06
8.46163e-06
1.89106e-05
9.04084e-06
4.67804e-07
2.11559e-06
3.23251e-06
5.00707e-06
9.96069e-06
1.00723e-05
3.09395e-06
1.48545e-05
3.46285e-05
2.1011e-05
2.31585e-06
2.31565e-06
3.82258e-06
5.12121e-06
7.70527e-06
1.19041e-05
5.15952e-06
1.09788e-05
1.48139e-07
2.34524e-06
4.52092e-06
1.9957e-06
7.42734e-07
5.81353e-06
3.27464e-06
1.04483e-05
3.17724e-05
1.2307e-05
3.09739e-06
1.4801e-06
1.94758e-06
3.84021e-06
4.4954e-06
2.737e-06
1.89622e-06
8.40945e-06
1.85098e-06
5.32331e-06
2.51023e-05
1.37853e-05
5.45691e-08
2.11021e-06
2.44575e-06
2.79413e-06
1.16446e-05
1.9125e-05
2.2871e-05
3.29288e-05
3.27584e-05
1.7567e-05
1.76189e-06
3.63232e-06
4.93465e-06
4.67423e-06
6.26833e-06
3.62914e-06
5.82602e-06
2.58555e-05
1.49995e-06
6.36505e-06
7.22111e-06
3.72848e-06
1.37802e-06
5.09339e-06
9.51764e-06
2.20115e-05
1.9518e-05
9.83811e-08
1.66555e-06
1.4652e-05
1.0006e-05
7.10633e-06
4.64398e-06
1.004e-06
2.09764e-06
2.96712e-06
3.28139e-06
4.91853e-06
8.40314e-06
4.69209e-06
3.49523e-06
5.07942e-06
2.92372e-06
6.48194e-07
7.21378e-06
1.34354e-05
1.91429e-05
1.93888e-05
2.56101e-05
3.76469e-06
2.05042e-06
1.25567e-06
1.48265e-05
5.93124e-06
1.1693e-06
6.05362e-06
8.87361e-06
3.83174e-05
6.56035e-06
1.22538e-05
1.21966e-05
5.52394e-06
1.24298e-05
8.81496e-06
4.56613e-06
1.14465e-06
9.31692e-08
1.62207e-07
4.99217e-06
2.47246e-05
1.73806e-05
5.9423e-06
2.81018e-06
3.74291e-06
1.20213e-06
1.15133e-06
7.96525e-06
1.70965e-05
5.64019e-06
1.49293e-06
6.03291e-08
2.48118e-06
1.17477e-06
7.56633e-07
5.92653e-06
8.36864e-06
4.26973e-06
3.43427e-06
4.49143e-06
3.37502e-06
3.18133e-06
1.11849e-06
4.39754e-06
1.80405e-06
5.93971e-07
5.30355e-06
2.73088e-05
4.35573e-05
3.37174e-05
2.43846e-05
1.5603e-05
3.93791e-06
1.15933e-05
4.68934e-06
2.16754e-06
1.35152e-06
3.45697e-07
3.81743e-06
7.20152e-06
1.23349e-05
9.64295e-06
3.48377e-06
2.81827e-06
2.17503e-06
5.28801e-07
7.85044e-07
2.78606e-06
2.8078e-06
1.33502e-06
1.22083e-06
4.62707e-06
2.9693e-06
2.38386e-06
2.18849e-06
6.21951e-06
8.16887e-06
5.73483e-06
2.68451e-06
8.64669e-07
1.47195e-06
3.19211e-06
6.53201e-06
4.65701e-06
2.01101e-06
7.36742e-06
1.00749e-05
1.24464e-05
2.33218e-05
2.37026e-05
2.03507e-05
1.07324e-05
2.23572e-06
9.1696e-06
3.48462e-06
2.50237e-06
1.09425e-06
1.07645e-06
4.88323e-07
2.4937e-06
2.70069e-06
6.38062e-07
5.4855e-06
4.45934e-06
2.50402e-06
5.50343e-07
2.26547e-07
6.0697e-07
1.78692e-06
1.88392e-05
1.11798e-05
2.24516e-06
2.30715e-06
2.2507e-07
4.38052e-07
9.82043e-07
7.18938e-07
6.58614e-06
8.51541e-07
5.76398e-06
2.21179e-06
1.11902e-06
2.71078e-06
4.00974e-06
1.75162e-05
2.44399e-05
9.13239e-06
3.52145e-06
6.46588e-06
1.00681e-05
1.26381e-05
8.24535e-06
2.22989e-06
3.10252e-06
2.97838e-06
3.0307e-06
5.87717e-06
3.71047e-06
2.78109e-07
2.59852e-06
1.03239e-06
3.43081e-08
8.94204e-07
2.35346e-07
3.68724e-07
1.04817e-07
4.61604e-08
8.1503e-08
2.12562e-05
2.68892e-05
3.86744e-06
1.77321e-06
1.17742e-06
8.38618e-07
4.89706e-07
1.95298e-07
4.62299e-07
2.18862e-06
4.08992e-07
6.64009e-06
6.98196e-06
1.66566e-06
4.57297e-06
2.12199e-06
3.70127e-05
5.24525e-05
1.46892e-05
5.55674e-07
7.13301e-07
4.15342e-06
7.23485e-06
4.95104e-06
2.45961e-06
1.54973e-05
6.72341e-06
4.57302e-06
4.64391e-06
2.35021e-06
8.61882e-07
3.24701e-06
5.9003e-08
5.59563e-07
2.69737e-07
1.37674e-07
1.81925e-07
3.20028e-08
1.46412e-07
2.07109e-06
2.14081e-05
2.06095e-05
1.92939e-06
7.82023e-06
2.71548e-06
1.2846e-06
4.29085e-09
5.29853e-06
5.41318e-06
1.52806e-06
5.14732e-06
4.72027e-06
6.43423e-07
1.84379e-07
7.43654e-07
2.41062e-05
4.38149e-05
4.78566e-05
5.44688e-06
2.41144e-06
1.67169e-06
1.63745e-06
2.94979e-06
3.83054e-06
7.4206e-06
1.16789e-05
2.21608e-06
6.03258e-06
7.57605e-06
5.1443e-06
6.09905e-06
1.6368e-07
1.27122e-06
4.62107e-07
1.86872e-08
2.60242e-07
7.40756e-09
6.49674e-07
1.73919e-06
4.95103e-06
8.84393e-06
9.68022e-06
1.65156e-07
2.18919e-06
1.62972e-06
2.37017e-07
2.23414e-05
1.41858e-05
5.35337e-07
4.87333e-06
6.68586e-06
2.89053e-07
2.61067e-08
1.55081e-08
1.56013e-06
3.26945e-05
4.34887e-05
1.08472e-05
1.24649e-06
2.69542e-06
1.50184e-06
1.80592e-06
5.2575e-06
8.05692e-06
1.09644e-05
1.07661e-06
4.56982e-06
1.64794e-06
1.86146e-05
1.55631e-07
2.0343e-07
1.69607e-06
1.16723e-06
3.05295e-08
3.58542e-07
4.25384e-08
6.40598e-07
5.23587e-06
3.79718e-06
4.55724e-06
5.50296e-06
2.74439e-06
3.85635e-07
6.44854e-07
7.60971e-08
5.58204e-06
6.56195e-07
1.14106e-06
7.51716e-06
4.8329e-06
1.05648e-07
1.21301e-07
3.05601e-08
7.91626e-09
6.07884e-07
6.15877e-06
8.5563e-07
6.94621e-07
2.93689e-06
7.24576e-07
1.0062e-06
2.70933e-06
1.19492e-06
5.57891e-07
1.83157e-07
7.36679e-07
1.91171e-06
2.60021e-06
2.32145e-06
4.87584e-06
7.85845e-07
8.8233e-07
4.02768e-08
5.70341e-07
1.56525e-07
6.78851e-07
5.77154e-06
6.49117e-06
3.5223e-06
2.64039e-06
1.32687e-06
6.8895e-07
9.59525e-07
4.34634e-07
4.36721e-07
3.1716e-07
1.48488e-07
1.74304e-07
7.39242e-08
1.15986e-07
8.45659e-08
3.75036e-08
1.0272e-09
2.67567e-08
8.28641e-08
2.91846e-08
1.30022e-07
5.86421e-07
1.48398e-07
8.77989e-08
2.15768e-08
9.36661e-09
2.58586e-08
4.51041e-08
2.05462e-07
7.15392e-07
7.50584e-07
5.87064e-06
1.05634e-06
5.96222e-07
7.91182e-07
3.07009e-08
1.9751e-07
1.86708e-07
2.00826e-07
2.37825e-06
2.59623e-06
1.31806e-07
5.83353e-08
2.1205e-07
4.16854e-07
1.00352e-06
1.4333e-06
2.60123e-07
8.48101e-08
1.2131e-07
3.64979e-07
1.36338e-06
6.77777e-07
1.14067e-07
1.12491e-08
2.0127e-09
3.29206e-08
7.63355e-09
6.69842e-09
2.40309e-08
5.24566e-08
1.56939e-07
4.15693e-08
2.1944e-09
1.22956e-09
9.31967e-09
1.63012e-08
1.00348e-07
2.70733e-07
1.51115e-06
3.64995e-06
2.62445e-07
9.44049e-07
1.35403e-07
5.70948e-08
2.58912e-08
5.96715e-08
1.50093e-08
1.2902e-07
2.43358e-07
1.10823e-08
1.93744e-08
7.00164e-08
4.22278e-08
1.02388e-07
6.0404e-07
2.31822e-07
2.54913e-08
1.03919e-08
1.02232e-08
6.37761e-08
1.30566e-07
6.02001e-08
3.5719e-09
3.02075e-09
5.23988e-09
2.76718e-09
1.38903e-07
4.41212e-07
3.49177e-07
6.20854e-08
2.31029e-09
1.32931e-09
1.38858e-10
2.42182e-09
9.83697e-10
7.71823e-09
1.2192e-07
7.01544e-07
2.58293e-07
7.58251e-08
4.17781e-07
6.68331e-09
3.12551e-07
4.04651e-09
1.38884e-08
8.24446e-09
1.38385e-09
1.02721e-08
1.75463e-09
1.52204e-09
1.12856e-08
4.30533e-09
4.8628e-09
5.51887e-08
4.63169e-08
5.04114e-09
1.64439e-08
3.51347e-08
1.07928e-08
1.47679e-09
2.91865e-09
1.47721e-09
1.64812e-10
1.60474e-10
2.6344e-09
6.05756e-08
1.7045e-07
1.17777e-07
9.87557e-09
2.33796e-11
1.71191e-09
1.04527e-09
1.41318e-11
1.91131e-09
3.9827e-09
1.98887e-08
2.60094e-08
8.652e-09
2.15627e-09
5.01776e-08
9.08368e-09
2.95318e-08
2.55002e-08
1.72427e-09
3.07016e-09
6.86645e-10
7.47806e-11
4.06374e-10
1.2562e-11
5.31299e-10
7.4872e-10
3.84159e-11
2.38727e-09
2.48117e-09
5.15648e-10
1.4942e-08
4.73419e-08
2.94433e-08
5.1777e-09
1.78948e-10
1.43124e-09
1.42435e-09
9.00603e-11
9.34115e-11
2.87804e-09
1.37952e-08
1.67726e-08
5.388e-09
1.70157e-11
1.10616e-09
2.77755e-09
7.32746e-10
1.6111e-11
3.0897e-10
8.98228e-10
3.42785e-10
4.21918e-10
3.62883e-10
5.54561e-10
1.80659e-09
1.33944e-09
4.13101e-09
1.56932e-09
1.40016e-10
4.02189e-10
6.05581e-11
1.88733e-12
3.61319e-11
3.44931e-13
1.55486e-11
2.40776e-11
5.29763e-13
1.05297e-10
2.07371e-11
6.10696e-10
5.55421e-09
7.1268e-09
2.05012e-09
3.88911e-11
1.24412e-10
1.19523e-09
6.46663e-10
1.49383e-11
1.39878e-13
2.47483e-11
5.11183e-10
9.96483e-10
3.93391e-10
6.73853e-13
3.00038e-10
4.393e-10
5.95683e-11
9.37982e-12
3.25987e-11
2.72545e-11
1.3687e-12
2.2821e-10
8.09676e-11
2.52815e-12
2.67257e-11
7.97364e-11
2.19399e-10
9.4837e-11
4.65316e-06
1.58883e-06
1.1581e-06
1.66297e-06
2.17735e-06
2.70489e-06
8.72117e-06
2.38861e-05
2.90894e-05
2.28233e-05
7.6024e-06
2.82758e-07
2.26302e-06
6.74919e-06
7.54328e-06
5.84111e-06
1.75804e-06
8.6803e-06
8.64307e-06
3.87527e-06
2.89732e-07
2.62706e-07
2.06626e-06
8.94705e-07
2.24526e-06
2.62785e-06
2.2395e-06
1.17534e-06
1.03721e-06
2.70296e-06
1.88855e-06
2.39896e-06
3.25503e-06
2.53569e-06
2.3972e-06
3.6633e-06
7.91911e-06
4.76483e-06
2.205e-06
6.59187e-06
8.8987e-07
1.09018e-06
1.12285e-06
1.27419e-06
1.56718e-06
1.48258e-06
4.40532e-06
1.52512e-05
2.75801e-05
2.8375e-05
1.89905e-05
8.64825e-06
5.28883e-06
4.93065e-06
3.74671e-06
3.06553e-06
3.53196e-06
2.37984e-06
1.75541e-06
1.46821e-05
1.98831e-05
2.66308e-06
4.79028e-06
5.96067e-06
2.43112e-06
1.08252e-06
7.01846e-06
4.15923e-06
1.2502e-06
1.01939e-06
2.10679e-06
8.41825e-06
1.04763e-05
6.7256e-07
6.74588e-06
3.07135e-06
4.33099e-06
2.59644e-06
9.53367e-07
4.46317e-07
1.65813e-06
2.38814e-06
3.5272e-06
4.57104e-06
2.82684e-06
1.20331e-06
4.48149e-07
6.29517e-08
1.17318e-06
6.16882e-06
1.08078e-05
1.56111e-05
2.07011e-05
1.2516e-05
3.72614e-07
1.34711e-05
1.15134e-05
2.89136e-06
8.44709e-06
9.90829e-06
2.74614e-06
1.72847e-06
2.91509e-06
1.88346e-06
3.38778e-06
7.48727e-06
1.10005e-06
1.78907e-07
2.00138e-06
2.69268e-06
4.08655e-06
2.59528e-06
2.94788e-06
3.19588e-06
6.67889e-06
4.10287e-06
5.04735e-06
2.54306e-06
2.25533e-06
1.19062e-06
3.46058e-06
7.44681e-06
6.65172e-06
5.71079e-06
3.4412e-06
1.11356e-06
2.38839e-07
3.17829e-07
9.57805e-07
1.81005e-06
3.14974e-06
5.90523e-06
8.14855e-06
1.92815e-06
3.4756e-06
1.41398e-05
1.67749e-06
2.01111e-06
2.172e-06
1.31433e-06
1.23339e-06
1.5955e-06
4.17406e-06
3.20243e-06
1.83277e-06
7.58365e-07
3.20063e-06
2.06698e-05
2.47555e-05
3.2433e-06
4.64892e-06
1.85815e-06
1.46571e-06
3.47747e-06
7.14117e-06
6.13235e-06
6.36118e-06
3.7707e-06
8.22525e-06
5.41776e-06
2.68475e-06
5.48217e-07
4.01109e-07
9.56012e-07
1.1522e-06
5.02837e-07
6.69282e-07
1.25314e-06
8.91137e-07
2.36864e-07
1.27392e-06
6.80434e-06
8.83933e-06
8.58185e-07
4.96862e-06
8.19554e-06
4.31367e-06
3.70139e-06
2.58469e-06
1.77848e-06
1.27997e-06
3.02109e-06
5.52006e-06
1.16985e-06
3.6029e-06
6.20606e-06
3.11817e-06
3.1469e-05
2.34253e-05
3.90352e-06
4.44135e-06
3.21134e-06
3.54295e-06
5.38776e-06
1.52918e-05
3.2418e-05
2.1223e-05
2.03239e-05
3.9875e-05
9.31629e-06
5.11674e-06
2.38075e-06
2.79514e-06
3.45641e-06
9.68116e-07
6.77148e-07
3.75805e-06
5.50446e-06
3.81361e-06
8.37898e-07
1.34477e-06
4.79077e-06
3.85473e-06
5.46656e-06
1.87516e-05
1.65235e-05
1.8929e-06
1.23365e-06
1.73149e-06
3.66508e-06
5.14886e-06
7.46351e-06
1.60495e-06
5.48542e-06
7.04671e-06
3.85834e-06
6.51113e-06
4.02452e-05
3.33113e-05
5.38652e-06
1.62473e-06
4.46554e-06
3.15628e-06
2.43696e-06
1.44546e-05
3.57626e-05
6.40871e-06
1.77417e-06
2.65926e-05
6.36194e-06
3.86943e-06
1.22709e-05
3.43614e-05
2.98136e-05
1.3233e-05
2.82001e-05
1.46143e-05
5.94581e-06
2.55885e-06
1.13555e-05
2.69106e-05
1.61023e-05
8.4477e-06
1.42523e-05
8.81093e-06
9.49118e-07
1.65598e-06
1.81634e-06
3.20713e-06
6.56281e-06
2.98224e-06
5.05168e-07
2.65736e-06
5.33202e-06
5.66921e-06
2.93744e-06
2.1872e-05
4.22272e-05
3.66409e-05
1.00516e-06
7.31169e-06
1.71115e-06
8.19255e-07
8.01805e-06
1.43661e-05
1.68762e-06
2.75378e-06
2.22219e-06
2.32097e-06
3.54712e-06
2.63814e-05
1.11259e-05
3.46628e-07
2.40854e-06
7.37993e-06
3.32576e-05
2.59373e-05
1.19361e-05
3.84101e-05
4.17359e-05
2.66343e-05
8.98893e-06
6.08036e-07
6.42477e-07
9.7638e-08
2.36481e-06
2.60784e-06
1.13941e-06
2.40048e-06
2.27753e-06
1.00227e-06
6.16205e-07
2.0019e-06
1.33844e-06
1.35822e-06
7.7579e-07
7.44027e-06
1.67683e-05
7.91231e-06
5.33806e-06
3.74819e-06
3.85406e-06
8.89896e-06
8.788e-06
9.23417e-07
8.75888e-07
1.2586e-06
1.6883e-06
7.82182e-07
1.50257e-06
2.38764e-06
1.83795e-06
3.21019e-06
2.51168e-06
2.81568e-06
4.44879e-06
9.5926e-07
3.46927e-06
4.53787e-06
3.29987e-06
1.19887e-06
1.01198e-05
1.16063e-05
7.38817e-06
1.34036e-06
2.47169e-06
1.47316e-06
1.30934e-05
1.20539e-05
3.83488e-06
4.78652e-07
1.38277e-06
4.26389e-06
5.19778e-06
3.41503e-06
4.06828e-06
1.94457e-06
2.22483e-06
6.27901e-06
1.41698e-05
1.62307e-06
2.40212e-06
1.09568e-05
3.88594e-07
2.08832e-06
6.73277e-07
3.20286e-07
1.268e-06
5.26441e-06
4.42653e-06
1.86561e-06
1.15996e-06
2.02222e-06
7.1168e-07
2.49477e-06
1.35057e-06
4.50504e-07
3.28766e-06
3.60518e-06
2.71176e-06
8.83772e-07
8.77441e-06
3.24639e-05
1.44144e-05
3.12844e-06
1.53595e-06
2.21929e-06
5.90436e-06
6.65775e-06
3.41305e-06
5.04916e-06
5.84344e-06
3.27301e-06
2.93005e-06
1.94618e-06
4.88689e-06
5.72507e-06
2.63825e-06
9.1432e-06
9.41225e-08
2.37724e-06
7.63673e-06
3.45688e-06
5.07753e-07
9.96104e-07
9.99426e-07
2.15875e-06
2.8606e-06
3.09217e-06
1.81401e-06
6.1319e-06
1.72241e-06
1.20269e-06
5.53106e-07
3.91189e-07
9.62773e-07
3.03977e-06
7.87508e-07
5.78462e-06
3.0768e-05
1.25391e-05
6.93061e-06
3.47036e-05
3.49007e-05
1.36072e-05
2.56043e-06
1.93554e-06
2.10665e-06
1.71792e-06
7.98662e-06
8.36373e-06
2.37635e-06
4.55591e-06
2.97998e-06
1.1421e-06
5.67265e-06
4.25132e-06
2.92713e-06
2.22883e-06
4.09488e-06
1.71779e-06
6.07423e-06
3.71266e-06
2.41859e-06
3.58176e-06
2.13632e-06
3.01113e-06
2.11349e-06
1.36512e-06
4.38854e-06
4.25358e-06
2.0984e-06
3.35703e-06
5.85109e-06
5.26735e-06
1.51736e-06
8.29608e-06
1.52831e-06
7.3965e-06
2.94841e-05
6.33432e-06
2.17443e-06
2.05443e-05
1.87954e-05
3.69546e-06
1.194e-06
1.2662e-05
3.01404e-06
2.95012e-06
2.76636e-06
1.30793e-06
3.05429e-06
1.26362e-05
2.09198e-06
3.89784e-06
4.23366e-06
7.51896e-07
2.27765e-06
3.96401e-06
1.63798e-06
2.08632e-06
5.45038e-06
3.82217e-06
2.64433e-06
1.03505e-06
1.75669e-06
7.18373e-06
5.96017e-06
1.24402e-06
2.47815e-06
1.90045e-06
1.80228e-06
9.39062e-07
3.16413e-06
5.03815e-06
1.61411e-06
2.6797e-06
7.14886e-07
1.92307e-05
1.9943e-05
1.27547e-06
2.61173e-06
4.09978e-06
6.08525e-07
1.73445e-06
1.24527e-05
1.89543e-05
3.60077e-06
4.44361e-06
4.27638e-06
2.11996e-06
3.60997e-06
3.9733e-07
8.62032e-07
3.8353e-07
1.59027e-08
5.71536e-07
2.81821e-06
1.25102e-06
7.1987e-06
1.58966e-05
1.18184e-05
1.852e-06
1.98736e-06
3.26093e-06
4.28157e-06
2.93921e-06
1.52493e-06
1.53451e-06
7.12208e-07
4.00414e-06
7.60062e-07
1.29418e-06
4.32107e-06
1.03068e-06
2.48032e-06
1.4853e-06
5.02221e-06
1.39161e-05
2.69563e-06
3.48194e-06
6.38481e-06
1.88815e-05
4.85505e-06
2.34638e-06
1.17779e-05
1.46609e-05
2.86328e-07
3.78041e-06
3.67531e-06
3.95998e-06
9.2043e-06
1.34381e-06
5.49582e-07
7.25917e-07
6.81504e-08
1.50846e-06
2.66294e-06
1.59125e-06
7.8765e-06
1.08747e-05
7.12107e-06
4.75438e-06
6.20942e-06
3.54134e-06
1.50904e-06
2.3881e-06
9.43048e-07
2.27944e-06
4.05764e-06
2.53177e-06
2.85953e-06
1.62467e-06
1.17969e-06
2.11654e-07
2.44885e-07
9.24195e-08
6.99814e-07
1.27088e-06
1.32926e-06
4.39347e-06
1.89674e-05
2.631e-05
1.16692e-06
8.1092e-07
6.86427e-07
8.70686e-08
8.90526e-07
2.83823e-06
4.79916e-06
4.78532e-06
7.5967e-06
3.00888e-06
9.26759e-08
9.36162e-07
1.30089e-07
1.62449e-06
1.66761e-06
2.38694e-06
4.2002e-06
3.62208e-06
4.80385e-06
5.52027e-06
1.59616e-06
1.16481e-06
2.45136e-06
8.93847e-06
9.67497e-07
2.76098e-06
5.29474e-06
2.7048e-06
3.69229e-07
6.53159e-07
3.55074e-07
3.45843e-08
9.46593e-09
1.01095e-07
2.62211e-07
3.27453e-07
1.85486e-06
1.43427e-05
9.7003e-06
4.05288e-07
2.24579e-06
2.84396e-07
9.92359e-08
4.02223e-07
2.07963e-06
3.42961e-06
3.55991e-06
4.91869e-06
2.8552e-06
7.41768e-07
4.91876e-07
1.72934e-06
2.49837e-06
2.91685e-06
1.52999e-06
3.40477e-06
3.03911e-06
1.38976e-06
4.34587e-06
5.80702e-06
2.56286e-05
4.31394e-06
1.67389e-05
3.33854e-05
1.19685e-06
1.1078e-06
2.03148e-06
3.84837e-07
7.53978e-07
3.58159e-07
3.23868e-08
1.84535e-07
2.07573e-08
1.57907e-07
8.44868e-08
6.81713e-07
1.8931e-05
6.54773e-06
9.50885e-07
2.05669e-06
6.80383e-07
5.25556e-07
6.18795e-07
1.96549e-06
1.0902e-06
1.74451e-06
7.59989e-06
2.87808e-06
2.96518e-07
1.23749e-06
5.06794e-06
1.1088e-06
2.24909e-06
9.59473e-07
1.68644e-06
1.04649e-06
8.66654e-07
2.16115e-06
4.89645e-06
9.11503e-06
6.6639e-06
5.07218e-06
1.79762e-05
3.58496e-06
4.4593e-06
3.91048e-07
4.97698e-07
8.06095e-07
9.63263e-07
1.42582e-07
1.46645e-07
1.17835e-07
4.48238e-08
1.98016e-07
9.89212e-08
5.80093e-06
5.61867e-06
2.08857e-08
5.78008e-07
7.6619e-07
7.25492e-07
8.2727e-07
2.19859e-07
7.6455e-08
2.65523e-07
2.66565e-06
1.88418e-06
6.61314e-07
2.24518e-06
5.87239e-06
2.21617e-06
1.65708e-06
1.17626e-06
3.20307e-06
1.65316e-06
1.48016e-07
2.89938e-06
6.42715e-06
1.33442e-06
3.47525e-06
5.69648e-06
1.51311e-06
3.04776e-06
8.56549e-07
7.41525e-07
3.21092e-06
6.55264e-07
3.71851e-06
1.87449e-06
1.13839e-07
3.70227e-07
1.61129e-08
1.52081e-07
1.37663e-07
8.70807e-08
5.08325e-07
6.0982e-08
4.19362e-08
2.76508e-07
5.58874e-07
1.59412e-06
8.72688e-07
7.50114e-08
2.76923e-07
1.62913e-07
3.5237e-07
4.99882e-07
1.11119e-06
2.42548e-06
2.77217e-06
9.90044e-07
2.36846e-07
7.80281e-07
4.58447e-06
1.79407e-06
3.29008e-06
1.19467e-05
1.1247e-06
4.04044e-06
1.81256e-06
2.06685e-06
1.36573e-06
1.26161e-06
5.08829e-06
2.48769e-06
7.23744e-07
1.336e-06
3.5432e-06
6.58566e-08
1.41997e-06
1.0142e-06
1.01026e-08
1.5724e-08
4.24744e-09
2.72233e-08
1.13111e-07
3.93893e-08
2.87835e-08
2.47246e-07
1.19528e-06
2.27761e-06
2.45054e-07
1.83096e-06
5.83143e-06
4.02454e-06
3.31895e-07
2.34598e-08
4.93932e-08
4.90439e-07
1.27631e-06
3.73397e-07
2.52927e-07
3.24296e-06
4.83767e-06
1.042e-05
2.45305e-06
6.97837e-07
5.02077e-08
4.38144e-06
8.36621e-07
2.68966e-07
6.92311e-07
2.75099e-06
1.29318e-06
5.19476e-07
8.89195e-07
3.49356e-06
1.82034e-07
4.14987e-07
1.00606e-06
3.16985e-07
8.66165e-09
4.99487e-09
3.50171e-08
1.79563e-07
2.03606e-07
4.31166e-08
1.39206e-08
5.24833e-07
1.63294e-06
1.70076e-07
4.6497e-07
1.85366e-06
2.48867e-06
2.64402e-06
2.30461e-06
1.95078e-06
2.31192e-06
1.32744e-06
1.64854e-07
3.78238e-08
7.35495e-07
7.19679e-06
6.91427e-06
3.16303e-07
3.72032e-08
1.63417e-07
8.25067e-09
5.23161e-08
1.17308e-07
2.92538e-07
6.31035e-06
2.23902e-07
3.21031e-07
2.41555e-07
1.51549e-06
3.42683e-06
1.39704e-07
5.19153e-07
3.50945e-07
8.70461e-08
3.30163e-08
6.62432e-08
1.2542e-07
1.26044e-07
6.77664e-08
7.38592e-09
1.81786e-08
2.20519e-07
1.48012e-08
1.74487e-07
6.56445e-07
6.66381e-07
4.33304e-07
3.99737e-07
6.93661e-07
1.25036e-06
1.23504e-06
3.66448e-07
4.72702e-08
3.10844e-08
5.24965e-08
3.18223e-08
2.20346e-08
8.77221e-09
9.85015e-09
1.26117e-09
1.13955e-09
1.98105e-08
5.19388e-08
1.27662e-05
2.56606e-06
5.93018e-08
6.30888e-08
4.26102e-07
1.96605e-06
3.96173e-07
2.61904e-07
2.71833e-07
1.50533e-07
8.72011e-08
8.16724e-08
7.17492e-08
4.34302e-08
2.8637e-08
1.98092e-08
7.2757e-09
1.89748e-09
2.25576e-09
6.27323e-08
2.8736e-07
4.29422e-07
3.36427e-07
2.13026e-07
1.86102e-07
2.19532e-07
2.26628e-07
1.31472e-07
4.03794e-08
9.14037e-09
3.88871e-09
6.87527e-10
1.62551e-09
1.00451e-08
1.84343e-09
2.14817e-12
4.48967e-10
1.40986e-10
4.27076e-09
2.10701e-07
5.72011e-08
2.3014e-08
3.21051e-08
1.15482e-07
6.8437e-07
4.0509e-07
1.49519e-08
1.192e-07
9.00876e-08
6.14602e-08
5.0787e-08
3.72424e-08
1.89298e-08
9.56836e-09
8.70571e-09
9.56512e-09
9.39465e-09
1.1556e-08
1.87657e-08
6.23005e-08
1.4366e-07
1.55711e-07
9.38732e-08
4.67561e-08
3.20815e-08
3.10192e-08
2.3914e-08
1.04459e-08
2.19638e-09
5.82539e-10
2.24495e-10
5.76076e-11
2.53726e-09
3.0288e-09
3.51866e-10
2.20103e-10
7.96565e-11
1.50891e-11
7.2232e-10
1.22508e-09
3.9247e-09
9.08266e-09
3.16479e-08
1.5176e-07
1.86295e-07
3.11731e-09
3.69736e-08
1.12008e-08
9.28932e-09
6.94855e-09
7.24894e-09
4.2268e-09
1.62313e-09
8.11994e-10
9.74828e-10
1.97436e-09
3.00096e-09
3.99556e-09
5.39338e-09
1.21044e-08
2.02298e-08
1.63202e-08
6.95631e-09
2.10596e-09
9.1121e-10
1.07016e-09
9.52053e-10
3.97506e-10
8.11087e-11
3.55558e-11
1.55297e-11
4.10619e-11
4.23207e-10
5.23936e-10
7.76075e-11
1.2014e-11
1.04691e-11
2.78132e-11
8.4609e-11
1.51907e-10
1.67199e-10
8.12551e-10
5.2057e-09
2.48876e-08
1.72446e-08
2.15619e-10
3.14031e-09
3.07755e-06
1.93067e-06
2.72067e-06
1.99292e-06
1.9903e-06
2.0188e-06
1.71458e-06
8.59351e-06
1.42428e-05
9.09489e-06
2.79597e-06
2.67639e-06
5.45102e-06
8.65704e-06
9.76081e-06
8.0841e-06
6.28216e-06
4.29829e-06
2.36707e-06
8.64797e-07
2.40581e-06
1.41798e-05
2.31683e-06
6.51499e-08
6.94037e-06
1.58461e-05
1.56815e-06
2.09216e-06
2.27822e-06
8.43933e-07
4.93201e-07
1.59522e-06
7.38739e-07
2.342e-06
2.06932e-06
3.42123e-06
1.15417e-05
1.2192e-05
1.26033e-06
1.46726e-06
3.04914e-06
2.17458e-06
1.10683e-06
5.72519e-07
5.88104e-07
7.19556e-07
7.33584e-07
9.9814e-07
4.59132e-06
7.56309e-06
6.72698e-06
6.1786e-06
8.24602e-06
3.07265e-06
1.455e-06
1.86408e-06
1.36401e-06
2.06695e-06
2.68627e-06
2.69944e-06
3.17169e-06
1.30665e-06
5.50914e-07
1.46119e-06
3.67316e-06
4.04708e-06
2.59084e-06
2.3322e-06
2.06197e-06
1.47726e-06
1.11733e-06
4.72932e-06
1.50594e-05
7.84771e-06
2.42243e-06
6.36152e-06
8.8995e-06
3.76833e-06
1.04408e-06
2.69214e-06
2.71976e-06
2.82177e-06
1.62282e-06
2.88735e-07
2.0345e-06
2.21976e-06
1.09638e-06
7.51501e-07
1.07448e-06
2.2153e-06
4.54028e-06
1.0735e-05
1.67721e-05
7.29842e-06
4.74917e-06
5.62341e-06
2.83272e-06
4.85688e-06
5.90184e-06
4.66197e-06
2.84869e-07
1.2456e-05
2.57815e-05
7.15494e-06
1.40186e-06
1.44609e-06
6.97989e-07
7.15504e-07
2.96963e-06
4.71491e-06
1.81427e-06
3.20541e-06
2.8356e-06
2.22253e-06
1.50924e-06
7.59633e-06
7.01898e-06
5.35603e-06
2.74577e-06
2.58266e-06
4.61074e-06
1.03408e-06
3.76007e-06
2.10568e-06
1.32384e-06
8.96845e-07
1.16163e-06
2.08641e-06
3.40855e-06
4.30098e-06
4.88054e-06
6.08293e-06
9.20538e-06
9.03664e-06
8.88897e-06
1.47181e-05
7.46323e-06
6.88664e-06
3.43779e-06
1.33899e-06
2.23174e-06
3.05793e-06
4.80174e-06
6.44531e-06
3.59877e-06
2.11728e-06
2.23077e-06
5.49248e-07
1.38011e-05
2.02719e-05
2.78093e-06
2.33144e-06
2.95774e-06
5.37633e-06
2.05044e-06
6.14529e-06
1.00798e-05
2.88465e-06
1.73484e-06
1.51828e-05
9.97755e-06
1.58583e-06
7.60357e-06
1.27838e-06
1.42754e-06
2.65752e-06
1.38467e-06
1.12866e-06
1.81637e-06
2.27449e-06
1.69706e-06
2.16202e-06
6.58166e-06
7.69345e-06
6.01605e-06
5.10867e-06
2.43179e-06
2.43073e-06
6.64433e-07
1.67414e-06
2.0828e-06
5.32244e-07
9.20045e-06
1.94712e-06
4.85056e-06
5.67393e-06
4.31042e-06
1.33795e-06
1.41582e-05
1.13363e-05
2.79643e-07
6.56723e-07
2.77669e-06
2.88411e-06
6.54707e-06
3.87436e-05
3.07299e-05
3.96188e-08
3.76073e-05
5.05113e-05
5.19922e-06
7.14785e-06
5.62917e-06
2.13149e-06
4.28894e-09
1.03775e-06
9.12971e-07
7.49281e-07
9.04819e-07
8.45015e-07
4.03522e-07
1.71671e-06
3.00481e-06
1.47438e-06
2.02662e-06
2.85904e-06
6.80099e-07
9.71826e-07
4.29836e-06
4.28376e-06
1.78612e-06
2.37658e-05
6.60457e-06
1.21746e-06
6.22733e-06
6.1735e-06
3.96503e-06
1.77912e-06
1.31226e-05
6.68541e-06
6.25725e-07
1.30183e-06
1.91203e-06
4.34499e-06
1.46066e-05
2.90161e-05
4.80446e-06
2.35618e-06
2.16366e-06
2.5225e-05
3.57555e-06
1.86627e-06
7.25624e-06
7.55555e-06
1.68308e-06
2.05359e-06
3.69986e-06
3.02573e-06
5.39368e-07
9.83416e-07
7.51961e-06
7.43007e-06
3.72212e-06
1.73388e-06
2.58894e-06
3.43744e-06
1.92223e-06
1.31617e-06
1.471e-06
5.70875e-06
1.90901e-05
5.14143e-06
9.79866e-07
2.87392e-06
3.7425e-06
2.90732e-06
2.27615e-06
4.17028e-06
1.34768e-05
1.57991e-05
1.17099e-05
3.9228e-06
3.49082e-06
2.00891e-06
1.36377e-05
1.77003e-06
2.49651e-06
1.49625e-06
7.85648e-07
5.02692e-07
2.61943e-06
1.46218e-05
3.67218e-06
2.69903e-06
4.55691e-06
4.7688e-06
3.0943e-06
1.72777e-05
3.87993e-05
1.49462e-05
3.72983e-06
3.62139e-06
4.67964e-06
8.96093e-06
1.96291e-05
8.46451e-06
1.96918e-06
5.28972e-07
5.2947e-07
3.76457e-06
2.15273e-06
2.2388e-06
2.23724e-06
3.08685e-07
1.04306e-06
2.62031e-06
3.49447e-06
3.97e-06
1.14618e-06
3.84428e-06
1.73336e-06
4.09009e-06
4.38963e-06
1.12774e-06
2.28384e-06
2.71334e-06
2.9841e-06
9.77149e-07
7.54982e-07
4.95272e-07
9.00562e-07
9.46957e-07
1.29724e-06
3.11171e-06
1.43541e-06
2.31589e-06
7.38524e-06
2.20092e-05
3.21314e-05
2.16713e-05
1.83595e-06
2.82958e-06
3.41128e-06
2.03959e-05
1.60785e-05
1.09227e-06
2.05186e-06
3.81956e-07
1.64004e-06
6.0428e-06
6.09534e-06
4.80723e-06
2.33431e-06
9.24012e-08
9.79662e-06
2.26183e-05
1.31704e-05
4.46172e-06
2.99691e-06
2.28399e-06
5.1313e-06
6.25004e-06
4.82161e-06
2.12506e-06
3.78066e-06
7.5041e-06
5.39614e-06
1.03764e-06
1.2656e-06
1.72132e-06
1.77474e-06
2.59321e-06
1.48562e-06
5.66064e-07
1.03973e-06
3.51312e-06
7.42431e-06
7.66921e-06
3.37723e-06
4.80346e-06
3.03698e-06
1.12184e-06
1.93099e-06
2.56752e-06
1.81409e-06
1.17781e-06
9.81599e-07
5.54223e-07
8.22397e-07
2.56353e-06
3.93181e-06
5.55125e-06
3.01435e-06
9.13326e-07
3.21719e-05
2.93607e-05
8.96604e-06
3.91578e-06
2.45316e-05
5.25487e-06
6.13439e-06
6.84921e-06
3.85154e-06
3.31055e-06
7.37281e-06
1.2064e-05
3.89569e-06
1.93915e-06
2.27662e-06
2.06309e-06
3.78347e-06
1.98618e-06
6.20753e-07
1.13093e-06
5.46422e-07
8.73883e-07
2.96257e-06
1.03499e-06
2.65809e-06
3.78763e-06
2.78151e-06
6.03898e-06
5.92742e-06
4.1968e-06
2.92407e-06
2.99002e-07
2.67708e-07
3.42708e-07
8.78832e-07
2.71164e-06
4.82871e-06
6.06848e-06
3.57273e-06
3.69673e-06
1.71889e-05
1.08994e-05
3.40212e-06
3.41089e-05
4.40455e-06
2.70515e-06
3.90164e-06
4.73965e-06
1.89103e-06
3.63875e-06
6.29133e-06
1.48447e-05
9.25946e-06
1.28814e-06
2.36959e-06
2.46686e-06
3.24309e-06
4.13115e-06
5.08519e-06
3.88504e-07
1.24983e-07
5.29583e-07
7.33351e-07
1.05498e-06
1.26559e-06
1.24197e-06
1.65712e-05
3.45356e-05
1.0037e-05
3.34901e-06
8.66394e-06
1.65873e-06
1.55084e-06
2.22095e-06
5.85847e-06
7.31587e-06
3.84912e-06
4.79105e-06
6.24529e-06
3.63394e-06
2.14809e-06
3.36274e-07
4.37263e-06
1.85193e-06
1.72982e-07
4.16452e-07
5.48476e-07
1.53377e-06
2.17126e-06
4.06166e-06
1.09392e-05
3.36363e-05
2.55111e-05
6.35275e-06
3.49968e-06
1.66021e-07
1.24327e-06
3.78565e-06
2.33886e-06
1.71591e-07
2.44604e-08
4.9275e-08
2.07483e-06
3.55425e-06
1.59505e-06
1.12097e-06
1.5088e-05
9.14637e-06
3.88632e-07
5.76896e-06
1.17862e-05
5.12212e-06
5.51501e-06
5.84798e-06
4.51441e-06
3.00131e-06
3.80937e-06
5.48509e-06
3.82885e-06
1.8354e-06
7.4749e-07
1.72278e-06
2.28403e-06
3.09493e-06
3.32122e-06
4.39521e-07
4.87319e-07
1.19713e-06
2.59454e-06
5.35917e-07
2.5885e-06
1.44811e-05
5.92537e-06
3.90926e-06
3.57118e-06
2.8289e-06
2.4211e-06
2.49546e-06
1.26029e-06
3.657e-07
8.8691e-07
3.30058e-06
5.11906e-06
5.01513e-06
8.47205e-07
1.37895e-06
3.3814e-06
7.4855e-06
7.31188e-07
4.38598e-06
3.74922e-06
3.81808e-06
1.19011e-05
7.87416e-06
1.18546e-06
2.39703e-06
8.2351e-06
9.65468e-06
8.06166e-06
1.86983e-06
6.31632e-07
1.24249e-06
1.66824e-06
2.64557e-06
1.66246e-06
6.61658e-08
7.38704e-07
3.70253e-06
5.20787e-06
4.01281e-06
3.42176e-06
5.6917e-06
1.88908e-06
9.12201e-07
1.08941e-06
8.79973e-06
2.15699e-06
7.73773e-07
9.95657e-07
1.24999e-06
2.22909e-06
2.95509e-06
3.87121e-06
2.10889e-06
8.44728e-07
6.28919e-06
5.36368e-06
2.87592e-07
2.08868e-06
2.49836e-06
2.81596e-06
4.21514e-06
2.7229e-05
2.65509e-05
1.18761e-06
5.78309e-06
1.56531e-05
2.0255e-05
1.37015e-05
4.09817e-06
2.09848e-06
1.14315e-06
9.84519e-07
1.89538e-06
1.2984e-06
1.4339e-06
3.00775e-06
1.77798e-05
1.1576e-05
1.99215e-06
2.72004e-05
9.79345e-06
8.1411e-07
7.93152e-07
8.78631e-07
3.30936e-06
8.97052e-07
5.23023e-07
7.76308e-06
3.30678e-06
3.08946e-06
8.97215e-07
1.83362e-06
1.85019e-06
1.38584e-05
1.42305e-05
1.16966e-06
1.35928e-07
4.69946e-07
2.04537e-07
1.04915e-06
5.61741e-06
1.33827e-05
1.69774e-05
6.09988e-06
6.68461e-06
1.99497e-05
2.31332e-05
1.34954e-05
5.93108e-06
2.64125e-06
9.77849e-07
5.31673e-07
1.50297e-06
1.1083e-06
1.29221e-06
2.66055e-06
3.42769e-05
9.96852e-06
9.27029e-07
2.39858e-05
8.29592e-06
1.46261e-06
2.81243e-06
8.73224e-07
2.41057e-08
5.65642e-07
3.37713e-07
1.84858e-06
1.23175e-06
3.61082e-06
3.8066e-06
5.38388e-06
5.75093e-06
1.63793e-05
2.63397e-06
2.09412e-06
4.34379e-07
3.38444e-07
2.55488e-07
5.78376e-07
9.9254e-06
2.18216e-05
1.40978e-05
9.61786e-06
4.42738e-06
1.19454e-05
1.42108e-05
1.11847e-05
6.51285e-06
2.71743e-06
7.76822e-07
4.91093e-07
1.13426e-06
9.49823e-07
2.70711e-07
1.03646e-05
3.20868e-05
7.2777e-07
3.70453e-06
4.79414e-06
1.29283e-05
5.36449e-06
2.41317e-06
1.70804e-06
2.21053e-06
7.38508e-08
5.39059e-08
6.46669e-07
1.64972e-07
2.54911e-06
5.98444e-06
4.26214e-06
2.3559e-05
7.25881e-06
2.8635e-06
3.1662e-06
5.1871e-07
3.28161e-07
8.69636e-07
3.11595e-06
5.67185e-06
5.8213e-06
3.8585e-06
4.82923e-06
5.51337e-06
4.33208e-06
4.69566e-06
4.78141e-06
3.20213e-06
2.34124e-06
4.69452e-07
1.85858e-07
3.60233e-06
2.91563e-06
4.22643e-07
2.61345e-05
1.63466e-05
2.08365e-06
3.35491e-06
3.82259e-06
1.20032e-06
4.19438e-06
2.76532e-06
8.97264e-08
7.04027e-08
3.26815e-08
2.43355e-06
1.88361e-06
3.43009e-08
7.88439e-08
1.48949e-06
1.06986e-05
2.82387e-06
1.42972e-07
1.19264e-06
9.39544e-07
2.2907e-07
9.31679e-07
6.44176e-06
1.09501e-05
5.60912e-06
1.21182e-06
2.18464e-06
5.22187e-06
6.8666e-06
5.5944e-06
3.2037e-06
1.46184e-06
1.10865e-06
2.13035e-06
4.20466e-07
1.8998e-07
7.75736e-06
2.1143e-06
4.11708e-07
2.19965e-05
1.78625e-05
1.66967e-06
1.53999e-06
4.97341e-06
6.34267e-06
2.69495e-06
4.05953e-08
3.46029e-09
2.56408e-08
1.30097e-05
2.06037e-05
6.74968e-06
2.24188e-06
3.17001e-06
1.92506e-06
2.47356e-07
1.25692e-08
2.0588e-07
4.60046e-07
3.15945e-07
2.23175e-07
4.4795e-06
1.61541e-05
1.55144e-05
6.34757e-06
8.29917e-07
8.53203e-07
2.91181e-06
5.51874e-06
6.78562e-06
6.56803e-06
4.84495e-06
8.23579e-06
1.91772e-06
7.90472e-07
8.05087e-06
5.08199e-06
1.59039e-06
1.37723e-06
2.21251e-05
2.68315e-07
1.91387e-07
2.55055e-06
6.14295e-06
3.87728e-07
7.09339e-08
1.08037e-08
2.71318e-09
4.46437e-07
2.14479e-05
4.75556e-06
8.08948e-07
6.50805e-07
1.56493e-07
6.3456e-09
1.8327e-08
4.9649e-08
7.5665e-08
1.00862e-07
9.67833e-08
7.48148e-07
1.00546e-05
1.24473e-05
5.73614e-06
1.18615e-06
1.65164e-07
2.15157e-07
3.44913e-07
9.45791e-07
2.93527e-06
7.34161e-06
1.09185e-05
1.12485e-05
6.86278e-06
1.07474e-05
3.02984e-06
1.25973e-06
4.58455e-08
6.07258e-06
2.52021e-07
5.83275e-08
1.14883e-08
7.52294e-06
1.4914e-07
9.16381e-08
7.60074e-08
2.74311e-09
1.11991e-06
1.96673e-05
5.02139e-07
1.12975e-08
4.74446e-09
3.76931e-09
1.474e-08
3.98115e-08
2.77246e-08
6.0141e-09
6.31877e-09
1.72539e-08
2.25625e-08
3.82071e-07
9.61929e-07
5.53906e-07
2.25707e-07
8.77297e-08
3.46753e-08
6.54078e-08
5.44433e-08
2.14824e-08
7.51572e-08
9.25178e-07
2.72151e-06
9.24869e-07
4.9419e-08
3.68732e-07
6.23583e-07
5.2692e-08
6.14042e-08
1.28227e-07
2.90103e-09
3.36393e-09
2.90447e-06
2.12844e-08
8.0029e-08
2.01455e-07
7.37737e-08
2.34516e-07
7.94712e-06
6.47497e-06
2.46091e-09
7.33777e-09
6.3937e-09
1.09423e-08
2.63463e-08
2.27489e-08
2.8064e-09
5.60415e-10
1.2922e-09
7.81578e-10
1.43635e-09
6.35183e-10
6.21497e-09
9.36936e-09
7.11222e-09
3.74057e-09
7.57459e-09
1.58965e-08
9.50496e-09
2.16459e-09
4.92536e-09
4.13153e-08
3.38515e-08
2.0856e-10
2.95417e-08
8.40169e-08
2.10119e-08
6.50147e-10
1.37837e-08
2.43085e-11
6.54845e-11
2.88678e-09
9.29084e-10
3.94637e-08
1.81754e-07
1.96076e-07
6.31836e-12
5.68117e-07
5.13403e-07
3.33368e-08
2.93799e-09
3.07892e-09
2.93935e-09
6.33653e-09
1.15227e-08
5.77332e-09
1.54707e-10
6.31303e-11
1.16816e-10
6.24842e-09
9.60982e-09
8.45933e-10
8.82872e-11
1.12275e-10
2.48303e-10
1.05927e-09
3.00802e-09
3.34361e-09
9.22018e-10
1.21545e-10
1.17317e-09
2.15983e-09
1.25255e-10
7.35788e-10
4.5886e-09
4.03599e-09
1.65697e-10
1.55752e-09
6.80667e-10
4.74436e-13
3.66298e-11
9.11981e-10
1.27578e-08
6.47508e-08
1.41701e-07
2.86789e-08
5.72375e-09
2.68176e-08
6.54816e-09
1.23938e-09
6.40877e-12
2.06497e-11
9.98955e-11
6.05366e-10
1.44586e-09
6.23592e-10
7.43531e-12
1.55276e-12
1.58359e-10
2.38839e-09
2.23109e-09
1.51778e-10
3.10729e-13
2.58408e-12
4.50824e-11
1.35002e-10
2.49735e-10
1.77461e-10
7.08274e-12
2.85643e-11
2.24925e-10
2.24459e-10
4.88332e-11
7.89879e-12
2.00595e-10
4.41098e-10
1.6642e-11
6.11808e-11
2.46128e-12
1.07412e-11
1.60063e-11
2.24942e-10
3.61025e-09
1.8388e-08
1.88399e-08
7.46065e-10
1.39187e-09
2.63148e-09
1.1535e-09
1.43572e-10
7.69235e-06
1.35678e-05
2.23396e-06
2.27542e-06
3.86864e-06
3.72267e-06
1.23723e-06
2.52505e-06
6.90724e-06
7.17127e-06
6.6097e-06
5.49316e-06
2.97112e-06
1.63737e-06
2.05879e-06
2.23093e-06
2.10931e-06
2.17548e-06
2.48274e-06
1.51622e-06
2.54551e-06
3.80768e-06
3.58252e-06
1.75686e-06
4.39992e-07
2.63186e-06
2.57216e-06
2.26115e-06
2.18202e-06
1.00185e-06
1.23161e-06
2.35016e-06
3.11884e-07
9.37871e-07
2.15136e-06
2.36956e-06
4.59514e-06
8.05282e-06
2.00409e-06
2.96953e-06
9.83717e-06
3.37424e-06
1.33068e-06
3.1038e-07
6.05047e-07
4.13656e-06
8.61369e-06
7.88012e-06
7.91172e-06
8.61601e-06
8.3024e-06
7.30999e-06
3.82456e-06
1.82207e-06
2.39945e-06
1.35049e-06
2.52682e-07
3.0554e-06
4.33216e-06
3.44879e-06
2.74847e-06
3.80309e-06
4.63451e-06
1.89603e-06
3.29677e-06
4.91902e-06
1.3254e-06
5.28831e-07
1.82941e-06
4.85646e-06
1.63839e-07
9.96168e-06
2.33672e-05
2.09629e-05
7.32196e-06
3.17388e-06
2.40345e-06
2.26832e-06
1.05201e-06
5.2724e-06
5.56358e-07
1.16015e-06
9.75721e-07
9.00594e-07
6.82955e-06
2.33624e-05
1.79516e-05
3.95044e-06
1.59185e-06
1.68583e-06
2.80534e-06
5.99329e-06
5.42698e-06
5.32468e-06
3.21629e-06
5.50714e-07
1.25243e-06
7.52012e-06
4.93463e-06
2.94084e-06
2.59789e-06
2.71132e-05
3.31896e-05
1.99835e-05
7.06968e-06
3.05533e-06
1.32459e-06
9.14077e-07
2.08597e-07
5.1499e-07
3.11682e-06
6.88854e-06
9.61401e-06
2.11933e-06
1.96667e-06
3.89789e-07
2.02625e-06
2.82711e-06
2.16736e-06
1.24094e-06
2.33734e-05
8.08185e-06
3.94627e-06
4.36903e-06
5.49865e-06
7.74097e-06
6.90867e-06
2.66641e-06
1.88655e-06
3.02668e-06
4.53693e-06
4.73784e-06
8.15531e-07
2.47369e-06
2.37024e-06
8.86358e-07
7.4854e-06
1e-05
7.47941e-06
9.21088e-06
2.11919e-05
2.44948e-05
2.50725e-05
9.13732e-06
1.51943e-06
1.46151e-06
2.00621e-06
2.53597e-07
1.13761e-06
7.27747e-07
7.66811e-07
7.58654e-06
1.11092e-05
4.02546e-06
4.67016e-06
1.61457e-05
7.75414e-06
2.41741e-06
1.08501e-06
6.28084e-06
3.52382e-05
2.39893e-05
6.97957e-06
2.92485e-06
2.34087e-06
6.44141e-07
1.10741e-06
1.61896e-06
2.07883e-06
3.20708e-06
3.53318e-06
1.69231e-06
1.52767e-06
2.24618e-06
1.07324e-06
3.41366e-07
5.24758e-06
4.32904e-06
5.8022e-06
1.6515e-05
2.24207e-05
4.2527e-06
1.84687e-06
1.36789e-06
5.97215e-06
5.4468e-06
1.87799e-06
1.30126e-06
4.2771e-06
2.40699e-06
8.4952e-07
2.13007e-06
3.0586e-06
2.20419e-06
2.87249e-06
1.91862e-05
1.43835e-05
4.51904e-07
1.33465e-06
2.74682e-05
2.24294e-05
1.43865e-06
2.44573e-06
5.62997e-06
8.08663e-06
4.63199e-06
3.78763e-06
2.61233e-06
1.46115e-06
1.07774e-06
6.90239e-07
2.99566e-07
1.06571e-06
1.1844e-06
1.0028e-07
1.56257e-06
1.87532e-06
2.39311e-06
2.26508e-06
3.68633e-06
3.53469e-06
1.57093e-06
7.5747e-07
7.9151e-07
1.09704e-06
2.78442e-06
3.49085e-06
3.13294e-06
2.64251e-06
6.70506e-07
2.70121e-07
1.11227e-06
2.06392e-06
2.71012e-06
4.06744e-06
8.69642e-06
7.72591e-06
1.10206e-06
3.6683e-06
1.41776e-05
5.52669e-06
5.80971e-06
3.9906e-06
3.6706e-06
2.0144e-06
1.31881e-06
1.55297e-06
1.99055e-06
2.77866e-06
2.86086e-06
2.09778e-06
6.81676e-06
4.38736e-06
1.13364e-06
1.76532e-07
9.90721e-07
2.46196e-06
4.28807e-06
1.69426e-06
1.29502e-06
5.10871e-06
1.19452e-05
1.54881e-06
2.40094e-07
3.25123e-06
4.83963e-06
4.70643e-06
3.47233e-06
1.66787e-06
1.44742e-06
1.97832e-06
2.67626e-06
4.05951e-06
3.4593e-06
1.86681e-06
5.0376e-06
8.6613e-07
4.06043e-06
5.08105e-06
4.46262e-06
2.0198e-06
2.40835e-06
2.71578e-06
3.12644e-06
3.50496e-06
2.81964e-06
1.8787e-06
1.45915e-06
3.29726e-07
1.07286e-05
2.14696e-05
2.37047e-06
1.88441e-06
2.82506e-06
1.20627e-06
1.28467e-07
5.89223e-07
1.03855e-06
3.0164e-07
4.93364e-06
8.57212e-06
4.2729e-06
1.41519e-06
1.00913e-05
1.87713e-05
1.22945e-05
5.04222e-06
2.47809e-06
2.63051e-06
3.84195e-06
2.62237e-06
4.89704e-06
4.91738e-06
4.76483e-06
5.98745e-06
2.05405e-06
1.66385e-06
2.58247e-06
7.57389e-07
9.24492e-07
2.03626e-06
8.26535e-07
9.87063e-07
9.32045e-07
5.08029e-07
1.55685e-06
1.74224e-06
7.06527e-06
1.65228e-05
2.8475e-05
1.96121e-05
1.86957e-06
2.3462e-06
1.15241e-06
4.65091e-07
1.0022e-07
3.17179e-07
1.54819e-06
5.95891e-07
8.85635e-07
3.25745e-06
3.96386e-06
4.95186e-06
2.64874e-05
3.54819e-05
9.16785e-06
1.98781e-06
2.17198e-06
3.04696e-06
4.61519e-06
3.4871e-06
6.42619e-06
4.65496e-06
1.63952e-05
1.6703e-06
1.73558e-05
1.02328e-05
7.21093e-07
2.59418e-06
6.30542e-06
8.70249e-07
8.40032e-07
1.97641e-06
2.93094e-06
3.00145e-06
1.09139e-06
1.18893e-06
5.58753e-06
1.34732e-05
2.47817e-05
5.82132e-06
3.9078e-06
2.66475e-06
1.57481e-06
5.08465e-07
1.36539e-06
7.40696e-07
3.18217e-06
1.03637e-06
5.89201e-07
5.60965e-06
5.20607e-06
4.40171e-06
2.0717e-05
3.09121e-05
2.17434e-05
2.31863e-05
1.61305e-05
1.0156e-05
6.2065e-06
3.43093e-06
2.8087e-06
7.01221e-06
3.97375e-06
3.85497e-06
2.21055e-05
3.87537e-06
2.98492e-07
1.43368e-05
1.53961e-05
6.38308e-06
2.21722e-07
3.37881e-06
2.95499e-06
3.0019e-06
3.08498e-06
1.93195e-06
1.4026e-06
3.37311e-08
2.6196e-06
3.55682e-06
4.79446e-06
4.02735e-06
4.86365e-06
4.63051e-06
3.79259e-06
1.86099e-06
2.56008e-06
2.32799e-06
2.35152e-06
2.32201e-05
9.22869e-06
8.3533e-06
7.15323e-06
3.18198e-06
2.15153e-06
1.8202e-05
6.99478e-06
2.79031e-06
2.92292e-06
1.80579e-06
2.22994e-06
4.63379e-06
1.01748e-06
6.34281e-07
5.61283e-06
1.14649e-06
2.32201e-07
9.6394e-06
1.71114e-05
4.52607e-06
3.77295e-06
2.08476e-06
2.10507e-06
9.43065e-07
1.0381e-07
8.93174e-08
3.39826e-07
1.59545e-06
1.35567e-06
2.07654e-06
2.32504e-06
4.40665e-05
1.54416e-05
2.17465e-06
1.29044e-05
1.9863e-06
2.31683e-06
1.35512e-06
2.298e-05
3.01107e-05
3.32313e-05
1.52898e-05
5.46253e-06
7.47311e-06
3.26771e-06
2.46919e-06
3.70765e-06
4.22694e-06
2.68523e-06
2.32676e-06
5.71581e-06
4.32165e-06
1.82371e-06
1.81658e-07
6.70445e-06
1.93942e-06
5.67308e-07
4.1431e-06
4.9419e-06
1.9015e-06
8.86892e-08
3.74307e-07
1.27927e-06
8.56427e-07
7.68523e-07
2.59214e-06
2.42722e-06
2.49013e-06
4.54788e-06
6.81953e-06
1.82096e-05
4.04155e-05
1.51647e-05
2.13512e-06
5.96307e-06
3.34157e-06
3.06178e-06
2.50762e-05
2.71497e-05
3.01626e-05
1.84861e-05
9.72242e-06
9.89209e-06
5.01772e-06
2.39839e-07
2.59411e-06
4.61328e-06
2.05052e-06
9.43353e-07
5.14683e-06
9.05675e-06
6.24978e-06
3.4548e-06
1.14833e-06
6.47459e-06
4.25254e-07
1.97273e-06
3.37304e-06
2.70893e-06
3.04978e-06
3.68642e-07
1.05706e-06
1.45127e-06
8.24858e-07
4.60325e-06
5.90746e-06
2.23034e-06
2.68212e-06
4.71532e-06
5.26685e-06
6.89145e-06
1.4673e-05
2.30261e-05
4.70618e-06
3.0468e-06
4.41488e-06
4.42693e-06
3.59396e-05
3.821e-05
9.62143e-06
2.27847e-06
1.6292e-06
2.09305e-06
1.42909e-06
1.00764e-06
1.4093e-05
1.34034e-05
7.80307e-06
2.16866e-06
7.08815e-06
4.82119e-06
4.13762e-06
3.60125e-06
1.56038e-06
1.69334e-06
1.56444e-06
4.51528e-06
3.20403e-06
3.22257e-06
4.10573e-06
9.31492e-07
1.05913e-06
3.66161e-06
2.05116e-06
1.00425e-05
5.03691e-06
2.56638e-06
1.15416e-06
2.13135e-06
3.22245e-06
7.88728e-06
1.03122e-05
1.1954e-05
2.81429e-06
1.71172e-06
7.44414e-07
1.06743e-05
4.0728e-05
2.81308e-05
2.75176e-06
1.1418e-06
5.57093e-07
1.27432e-06
3.89822e-06
1.3288e-05
2.29465e-05
1.55099e-05
1.21227e-05
3.37128e-06
4.79039e-06
5.01576e-06
4.69977e-06
3.47765e-06
2.37425e-06
2.74165e-06
2.27001e-06
2.06163e-06
2.26455e-07
6.60729e-06
3.30576e-06
2.46958e-06
6.23749e-07
4.21806e-06
3.9649e-06
1.53777e-05
1.13525e-06
3.77142e-06
1.87853e-06
8.45889e-07
4.86399e-06
6.26765e-06
8.83983e-06
3.023e-06
2.16744e-06
2.88086e-06
1.03976e-06
8.73112e-06
3.58886e-05
8.66375e-06
3.38865e-06
1.32293e-06
3.3251e-07
2.47139e-06
8.7491e-06
1.97257e-05
2.21311e-05
1.08262e-05
5.80846e-06
3.44848e-06
4.80241e-06
5.77636e-06
4.7101e-06
1.32618e-06
1.53988e-06
1.66494e-06
1.03758e-06
4.69574e-07
8.04898e-06
8.6067e-06
2.15098e-06
2.32741e-06
1.36809e-06
2.63728e-06
1.37809e-05
1.74721e-06
2.77402e-06
4.38073e-06
5.92172e-07
4.57661e-07
9.11427e-07
7.23623e-06
1.21644e-06
1.03442e-06
1.35892e-06
2.92429e-06
9.27938e-07
4.15431e-06
1.48687e-05
5.85171e-06
4.96992e-06
1.92246e-06
7.27945e-07
3.33593e-06
7.11083e-06
1.33845e-05
1.33242e-05
6.0937e-06
3.02641e-06
3.47216e-06
3.81219e-06
3.50932e-06
2.34012e-06
1.51979e-06
1.34002e-06
9.55198e-07
1.20022e-06
8.66735e-06
1.89338e-05
3.70404e-06
5.9499e-07
3.20526e-06
6.35466e-06
2.44324e-06
6.53708e-06
2.06424e-06
2.18339e-07
2.03556e-06
6.31775e-07
4.36592e-06
1.88157e-07
1.92784e-06
1.64898e-06
9.99424e-07
1.61654e-06
2.31823e-06
1.78675e-06
9.08279e-07
1.14629e-06
5.0454e-06
5.5303e-06
3.27055e-06
1.84852e-06
3.1294e-06
3.27095e-06
7.60112e-06
7.04077e-06
4.55756e-06
3.55544e-06
2.43393e-06
2.1122e-06
1.50634e-06
1.34077e-06
3.53388e-06
8.31385e-07
1.22884e-06
9.71957e-06
1.91747e-05
1.68875e-05
2.64799e-06
2.34411e-06
5.60471e-06
5.34683e-06
7.27545e-07
3.71628e-06
7.98552e-07
1.92031e-06
1.42112e-06
2.72595e-06
3.08363e-07
1.39913e-06
3.63456e-07
1.10646e-06
7.22918e-07
4.93436e-07
1.27348e-06
2.58219e-06
1.30223e-06
1.80975e-06
3.46056e-06
3.51328e-06
4.04829e-06
4.46678e-06
3.55221e-06
1.52112e-06
2.94871e-06
2.19528e-06
3.89537e-06
1.83505e-06
2.83353e-06
2.27328e-06
8.07263e-07
2.50245e-07
8.70998e-07
6.41264e-07
9.43276e-07
1.55062e-05
1.71826e-05
1.07566e-05
3.30008e-06
1.69371e-06
2.48745e-06
7.87934e-08
2.46355e-06
1.21324e-06
4.31568e-06
3.36386e-06
2.18581e-06
3.35026e-06
4.71101e-06
1.59589e-07
4.47411e-07
1.36043e-07
6.32425e-09
6.26519e-07
7.00235e-07
1.87838e-06
4.75878e-07
7.69331e-07
2.34798e-06
1.59321e-06
2.96325e-06
4.28048e-06
5.16417e-06
1.55284e-06
1.10564e-06
2.8655e-06
8.95953e-08
3.43816e-06
3.01142e-06
9.5548e-07
3.81901e-07
4.00883e-08
2.7484e-08
3.66663e-07
3.38761e-07
2.44058e-06
3.99315e-06
3.13798e-06
1.35952e-06
5.07849e-09
6.06668e-08
1.34377e-06
3.49293e-06
2.37041e-06
4.58235e-06
3.07884e-06
4.72046e-07
4.4778e-08
1.56047e-08
5.42746e-08
3.65513e-08
2.32968e-09
2.1641e-07
2.34826e-07
8.51741e-07
9.83018e-07
6.64318e-07
2.00796e-06
2.47608e-06
3.92276e-06
1.06441e-05
1.23878e-05
8.61462e-07
5.33967e-07
2.99841e-06
1.52268e-07
3.18832e-07
2.72404e-06
1.97553e-07
2.37696e-07
4.62525e-08
3.87575e-08
3.3853e-09
1.07915e-07
1.7974e-08
1.60608e-07
3.35345e-07
1.82034e-07
1.43656e-08
6.31663e-08
1.5491e-07
8.37624e-07
2.14968e-06
1.86223e-06
7.04113e-07
1.5449e-07
1.46124e-08
3.54307e-09
8.02831e-10
1.74005e-08
4.49382e-09
2.17921e-08
9.97173e-08
2.47816e-07
4.45669e-07
5.07226e-07
5.14722e-07
1.05954e-06
9.61845e-07
3.2963e-07
4.96979e-08
3.16773e-08
1.02579e-07
1.1976e-07
6.72959e-08
1.00293e-09
4.03829e-07
2.64053e-08
7.90473e-08
3.33433e-08
2.94517e-09
2.53141e-09
2.29454e-08
3.26586e-08
5.59619e-10
2.51094e-08
3.0143e-08
1.48397e-09
2.10235e-08
2.56288e-08
7.35302e-08
2.18851e-07
3.45903e-07
1.9964e-07
4.28403e-08
5.34246e-09
1.76748e-09
1.52946e-11
4.80015e-09
8.66374e-09
5.33777e-09
1.71508e-08
2.02633e-08
6.3157e-09
4.95346e-08
4.30801e-08
8.47089e-08
1.59307e-07
1.37503e-07
7.59192e-08
6.48066e-08
6.71511e-08
3.93003e-08
1.54849e-08
3.22234e-10
1.26857e-08
7.22083e-09
9.12751e-09
6.32369e-09
1.8777e-10
1.16109e-10
9.8164e-09
5.19875e-08
2.224e-08
1.25952e-10
1.24438e-08
8.25359e-09
1.17847e-08
2.15504e-08
2.61069e-08
4.2902e-08
4.91724e-08
2.76101e-08
1.18755e-08
9.25816e-09
4.52622e-09
4.25689e-10
2.33398e-10
2.16981e-09
5.23522e-09
6.67229e-09
2.43407e-09
1.16882e-10
8.30416e-10
3.6073e-09
5.96972e-09
1.39151e-08
2.58568e-08
2.84982e-08
2.68169e-08
2.58891e-08
1.44117e-08
4.8353e-09
1.28474e-09
8.79346e-10
2.22397e-09
1.21936e-09
5.89822e-10
4.7122e-10
7.72519e-10
5.63636e-09
2.25984e-08
2.19035e-08
1.00628e-09
4.3498e-09
7.52148e-09
2.70594e-09
4.98284e-09
1.31773e-08
1.68451e-09
1.62544e-09
2.02047e-09
3.62052e-09
4.45659e-09
2.24718e-09
6.09072e-10
9.14941e-11
6.59379e-11
3.41839e-10
1.23525e-09
1.56317e-09
2.73363e-10
2.69338e-11
7.55643e-11
1.23023e-10
1.4929e-10
7.15095e-10
2.65656e-09
3.96374e-09
3.84704e-09
2.48751e-09
8.27102e-10
3.0943e-10
1.87516e-10
1.30769e-10
1.06844e-10
8.85108e-12
2.33905e-11
1.3209e-10
4.8355e-10
1.27956e-09
2.31339e-09
8.0366e-10
5.94888e-11
1.58758e-09
9.20669e-10
9.01393e-11
6.51362e-10
1.49256e-09
8.61733e-06
1.17631e-05
9.97294e-06
4.79241e-06
3.79217e-06
1.76983e-06
3.28989e-06
8.98954e-06
6.82174e-06
5.74079e-06
4.17887e-06
1.99038e-06
3.95786e-07
6.27151e-07
4.24984e-07
1.18792e-06
1.48972e-06
1.95881e-06
2.63724e-06
3.57151e-06
1.86061e-06
1.72198e-06
6.25165e-06
1.76313e-05
2.23168e-07
1.4312e-06
4.04854e-06
4.28518e-06
3.768e-06
2.41682e-06
1.35886e-06
1.75816e-06
1.89214e-06
2.04541e-06
4.70547e-06
3.77938e-06
4.94441e-06
7.52602e-06
4.71574e-06
5.35901e-06
4.09012e-06
2.44425e-06
4.88268e-07
1.0221e-07
5.10286e-06
1.27734e-05
1.97455e-05
2.46298e-05
1.94175e-05
1.30857e-05
9.59501e-06
6.78448e-06
1.24029e-06
1.02785e-06
9.10001e-07
8.11273e-07
3.30411e-06
3.37754e-06
2.91172e-06
2.5089e-06
3.06962e-06
6.12268e-06
5.14245e-06
2.54021e-06
4.60259e-06
3.98633e-06
3.12777e-06
4.64472e-06
6.26756e-06
7.89437e-06
8.88799e-06
2.45085e-06
1.88607e-05
2.01063e-05
6.6611e-06
1.68178e-06
2.10273e-06
1.84181e-06
1.89123e-06
7.72174e-07
6.37311e-07
1.02419e-06
1.33589e-06
1.64425e-06
1.15179e-05
3.02091e-05
3.29444e-05
2.2786e-05
1.42906e-05
1.10373e-05
8.59386e-06
4.3525e-06
9.55267e-07
1.60479e-06
2.08074e-06
2.01182e-06
8.28142e-07
2.44109e-06
1.81552e-06
5.85014e-07
3.42546e-06
3.01326e-05
3.27372e-05
2.09599e-05
8.69176e-06
2.78736e-06
2.2154e-06
2.06478e-06
5.48524e-07
6.82398e-07
1.46376e-06
1.51395e-06
4.61863e-06
7.23237e-06
1.35953e-06
1.18158e-06
1.87454e-06
3.29393e-06
2.80394e-06
2.11378e-06
7.47924e-06
9.46262e-06
8.33831e-06
1.06937e-05
1.22951e-05
1.20393e-05
1.4809e-05
7.46851e-06
2.14384e-06
5.27697e-06
6.77086e-06
2.69857e-06
2.19078e-06
2.59458e-06
1.94639e-06
1.31447e-06
3.72318e-06
4.779e-06
1.43551e-06
5.74768e-06
2.51051e-05
3.24246e-05
2.67107e-05
6.78031e-06
1.16749e-06
1.09301e-06
1.29108e-06
2.45384e-06
4.06264e-06
3.19948e-06
2.42302e-06
1.85999e-06
1.75215e-06
1.08146e-06
3.29592e-06
1.29575e-05
1.09986e-05
2.67787e-06
4.34295e-06
3.08982e-06
2.86926e-06
9.61566e-06
1.41333e-05
5.02576e-06
1.77714e-06
2.39952e-06
1.80291e-06
3.11834e-06
9.03297e-06
9.95396e-06
3.69028e-06
1.4069e-06
3.04102e-06
2.21462e-06
1.4112e-06
3.82409e-06
3.46247e-06
3.89868e-06
1.66914e-05
3.26988e-05
3.83128e-05
3.53917e-05
2.25094e-05
9.4601e-07
1.87367e-06
3.1404e-06
4.37486e-06
4.84524e-06
4.80647e-06
3.6075e-06
2.26503e-06
2.44972e-06
2.14931e-06
1.72176e-06
9.48915e-07
9.77079e-06
8.8247e-06
1.28303e-06
3.75249e-06
2.82799e-06
1.65736e-05
2.70786e-05
1.9018e-05
1.70353e-07
3.79518e-06
3.49448e-06
2.40232e-06
4.50247e-06
6.68295e-06
3.8145e-06
5.76926e-07
1.48431e-06
2.5003e-06
1.92741e-06
1.35396e-06
3.04915e-06
3.17729e-06
2.65395e-06
1.03556e-05
1.44925e-05
1.19606e-05
9.16008e-06
2.18182e-06
2.36715e-06
4.14989e-06
4.6061e-06
3.18042e-06
2.7329e-06
2.63214e-06
2.42216e-06
1.84634e-06
1.43208e-06
1.82382e-06
2.42784e-06
1.58774e-06
1.07775e-06
4.59374e-06
3.99756e-06
1.86874e-06
3.06024e-06
2.76917e-06
1.8508e-06
5.50584e-07
1.30693e-07
3.98417e-07
5.30315e-06
4.92333e-06
3.78632e-06
2.65533e-06
9.53553e-07
9.72633e-07
8.43481e-06
6.1203e-06
4.2202e-06
2.02521e-06
2.29375e-06
1.29339e-06
1.49331e-06
1.6502e-06
7.36525e-07
2.42009e-06
8.62133e-06
7.77531e-06
4.82385e-06
3.34302e-06
2.23566e-06
1.76626e-06
1.99115e-06
2.05468e-06
1.64012e-06
3.66338e-07
3.36039e-07
1.88746e-06
1.8658e-06
7.84334e-07
3.85717e-06
9.65733e-06
7.13255e-06
1.18493e-06
1.78277e-06
2.87303e-06
1.78106e-06
1.75755e-06
3.99797e-06
6.40577e-06
5.42565e-06
3.36119e-06
6.09323e-06
9.4621e-06
8.04977e-06
9.20752e-06
1.923e-06
1.17253e-06
2.54934e-06
3.15512e-06
2.50683e-06
1.70396e-06
1.98142e-06
7.31622e-07
2.78467e-06
1.30717e-05
7.05509e-06
5.45148e-06
8.09879e-06
6.50219e-06
1.02183e-06
1.69442e-06
2.73529e-06
1.30731e-06
1.09364e-06
1.64819e-06
2.82062e-06
2.66908e-06
6.01709e-06
1.63532e-05
6.89767e-06
9.47983e-07
2.82303e-06
2.89166e-06
6.91497e-06
5.1738e-06
3.82052e-06
1.44958e-06
9.19869e-07
2.47313e-06
5.44707e-06
3.2139e-06
2.85926e-06
3.11283e-06
4.5019e-06
4.31218e-06
2.55481e-06
4.41049e-07
3.13594e-06
2.80854e-06
1.66272e-06
2.31274e-06
1.72293e-06
6.88781e-07
3.07418e-06
2.82968e-06
2.7559e-06
1.17545e-05
2.15398e-05
8.60122e-06
1.45099e-06
2.80049e-06
1.11255e-06
7.48298e-07
1.68089e-06
5.31616e-06
3.18154e-06
4.97297e-06
2.53671e-05
6.53457e-06
1.66885e-06
3.23013e-06
5.39214e-06
4.93814e-06
2.55716e-06
7.75365e-06
2.47945e-06
3.11069e-06
1.78708e-06
1.37234e-06
1.62811e-06
1.3566e-06
1.12021e-06
2.62774e-06
3.25342e-06
5.45548e-07
4.40441e-07
1.96921e-06
4.07261e-06
2.71331e-06
1.27873e-06
1.74024e-06
7.93427e-07
1.10378e-06
1.29197e-06
4.29321e-06
2.3166e-05
3.55653e-05
2.19494e-05
1.67798e-06
1.44128e-06
7.18497e-06
2.70777e-05
9.38438e-06
1.97872e-06
1.57077e-05
4.26044e-06
2.29969e-05
2.31645e-05
2.19412e-06
4.14077e-06
6.56095e-06
4.86913e-06
8.97322e-06
5.59645e-06
1.17237e-05
3.99705e-06
3.34866e-06
4.83049e-06
2.79308e-06
1.37624e-06
5.34477e-07
1.65402e-07
2.41686e-07
1.57428e-07
4.77073e-06
2.11812e-06
4.11058e-06
4.95369e-06
2.65138e-06
1.54302e-06
7.9558e-07
1.28863e-07
1.32061e-06
2.1338e-06
2.7462e-05
4.71823e-05
4.6795e-05
1.6654e-05
4.97952e-06
1.13643e-06
3.16877e-05
2.70538e-05
5.3292e-06
3.4003e-06
2.99815e-06
1.3837e-05
3.83272e-05
2.42599e-05
1.6219e-06
5.91591e-06
6.61706e-06
3.98944e-06
1.30366e-05
2.2017e-05
5.32755e-06
1.69221e-06
3.50136e-06
4.55753e-06
3.85615e-06
2.2453e-06
1.17462e-06
6.26e-07
5.9e-07
7.08177e-06
3.93666e-06
2.82654e-06
2.73062e-06
7.24758e-07
2.72421e-06
3.1378e-06
9.4811e-07
2.67414e-06
5.99708e-06
1.39218e-05
2.55543e-05
4.00471e-05
4.13786e-05
1.30962e-05
7.164e-06
5.07622e-06
9.66034e-06
1.99742e-06
2.34061e-06
5.40377e-06
2.54076e-06
2.78518e-05
4.2832e-05
3.55924e-06
5.29477e-06
5.61411e-06
8.53379e-06
3.88842e-06
1.34787e-05
1.97763e-05
1.23791e-06
1.21335e-06
2.28754e-06
2.81378e-06
2.318e-06
3.66222e-06
3.33536e-06
2.9686e-06
1.42508e-05
1.7782e-05
1.11885e-05
1.85774e-06
1.56368e-05
7.37577e-06
1.56646e-06
4.62111e-06
1.31892e-05
9.69365e-06
7.01986e-06
2.57915e-05
4.08508e-05
3.71875e-05
7.02467e-06
3.43561e-08
3.01578e-07
8.01361e-07
2.48191e-07
2.37645e-07
5.12034e-06
1.4279e-05
8.23023e-06
3.19202e-05
2.53611e-05
1.35036e-06
3.45705e-06
3.58919e-06
1.78184e-06
2.58631e-06
3.23046e-06
1.94814e-05
1.55452e-06
1.65028e-06
2.09801e-06
4.06062e-06
8.00288e-06
1.53289e-05
2.10412e-05
2.57189e-05
2.46231e-05
4.99419e-06
4.66138e-06
7.17061e-07
2.23296e-05
2.03635e-05
6.30896e-06
6.43707e-06
6.66531e-06
6.77647e-06
1.25536e-06
1.32122e-05
2.92708e-05
1.45699e-05
1.05194e-06
6.31785e-07
8.08936e-07
2.46378e-07
3.47941e-07
1.18301e-06
9.59199e-06
8.13758e-06
1.82722e-06
2.17881e-05
1.04279e-05
2.26453e-06
3.13457e-06
2.56696e-06
2.85393e-07
1.20903e-06
2.67033e-06
7.21639e-06
1.81941e-06
1.94569e-06
4.57124e-06
6.54331e-06
3.16061e-06
7.13808e-07
6.49596e-06
2.80474e-05
1.54452e-05
2.21083e-06
4.21684e-06
6.03853e-06
1.32154e-05
1.99081e-05
1.1576e-05
5.91158e-06
1.44197e-05
9.17248e-07
1.68726e-06
6.30019e-06
2.88517e-05
2.00652e-05
3.89792e-06
5.007e-06
2.1619e-06
4.63719e-07
2.65395e-06
1.76157e-06
1.10178e-05
9.52573e-06
2.44723e-06
1.47992e-05
6.69526e-06
2.4358e-06
3.51589e-06
5.7551e-07
6.40791e-07
1.92635e-06
7.76073e-06
1.5479e-06
1.99986e-06
1.15312e-06
8.59588e-06
8.12951e-06
8.26884e-06
4.31723e-06
7.25671e-07
1.03472e-05
1.50003e-05
7.70856e-07
6.50718e-06
6.77175e-06
8.16195e-06
1.0558e-05
1.04978e-05
2.53799e-05
1.37615e-06
5.16491e-07
1.53462e-06
1.32567e-05
2.71678e-05
4.40637e-06
2.21859e-06
2.3046e-06
9.86656e-07
3.72249e-06
4.29085e-06
2.41538e-06
5.72031e-06
3.31973e-06
4.59391e-06
7.17531e-06
1.55183e-06
4.13146e-06
1.96857e-06
1.48138e-06
1.40384e-06
3.99939e-06
2.0305e-05
9.10101e-07
5.53983e-07
8.29835e-07
4.25092e-06
1.06272e-05
1.61206e-05
6.05952e-06
5.2546e-07
1.40342e-06
4.93525e-06
2.56212e-06
4.21474e-06
2.79496e-06
4.63573e-06
3.63414e-06
1.2332e-06
3.21301e-07
5.69096e-07
2.0526e-06
6.9609e-07
2.46014e-06
3.55705e-06
1.26246e-06
5.18868e-07
7.11913e-07
2.9744e-06
3.03161e-06
5.02414e-06
5.15816e-06
9.06628e-06
1.45393e-05
4.06654e-06
3.61368e-06
8.8929e-07
1.18968e-06
3.67284e-06
2.00733e-06
1.06002e-06
1.44134e-05
2.00342e-05
1.63741e-06
4.80106e-07
6.15697e-07
8.51484e-07
6.03029e-06
7.8018e-06
5.27421e-06
8.25974e-07
2.69258e-07
2.86282e-06
2.3758e-06
2.75396e-06
3.6775e-06
2.20613e-06
9.76278e-07
3.04226e-07
3.23899e-07
1.92262e-06
1.49441e-06
3.2553e-07
1.09126e-06
2.19612e-06
2.2133e-06
1.82545e-06
1.44713e-06
2.60185e-06
2.78042e-06
6.78596e-06
7.96426e-06
8.60419e-06
7.51698e-06
3.63184e-06
1.92961e-06
5.53993e-07
1.75449e-06
3.06585e-06
6.77983e-07
1.28079e-06
1.36503e-05
1.06671e-05
3.02189e-06
1.79862e-06
3.52664e-06
8.6925e-07
4.97678e-06
3.82347e-06
9.06318e-06
7.57135e-07
2.36612e-06
1.2142e-06
1.84071e-06
2.31594e-08
1.65936e-07
2.77482e-07
2.07234e-07
2.09943e-07
2.86229e-07
7.43146e-07
3.50218e-07
1.25891e-06
2.71938e-06
3.69942e-06
4.97465e-06
7.8332e-06
4.20649e-06
1.34367e-06
1.0117e-06
7.32791e-06
6.67411e-06
8.24516e-06
3.46132e-07
5.40985e-07
9.1042e-07
2.81637e-06
2.3251e-06
1.22294e-06
4.57325e-06
6.20326e-06
6.36141e-06
2.0835e-06
5.13033e-07
1.598e-06
3.20024e-06
8.07422e-06
9.28193e-06
1.36107e-05
2.45263e-06
8.87657e-07
2.07464e-07
2.15529e-07
7.53134e-08
1.23274e-07
1.79857e-07
1.49823e-07
2.36231e-07
5.95505e-08
1.26087e-07
1.71214e-07
5.20795e-06
1.12171e-05
9.04982e-06
5.57483e-06
9.65794e-06
3.79305e-06
1.16911e-06
1.51245e-06
6.79076e-07
7.81991e-06
2.36333e-06
1.18729e-05
9.78349e-07
5.34694e-07
1.06166e-06
3.58894e-07
3.39622e-07
5.714e-07
7.88542e-07
1.26312e-06
5.65444e-07
1.14283e-07
5.34938e-07
1.38841e-07
4.67556e-07
8.27719e-06
1.24642e-07
4.41938e-07
1.98056e-07
5.60538e-08
4.91244e-08
9.97044e-09
8.32785e-08
2.08485e-07
1.46139e-07
1.31894e-07
6.29586e-08
2.10244e-08
3.3597e-08
6.64615e-06
2.52314e-05
2.33264e-05
1.40312e-05
8.53838e-06
6.16606e-06
3.6215e-06
7.43329e-07
1.21115e-06
1.30607e-06
1.24898e-06
3.38214e-06
3.38442e-07
3.97814e-07
3.22506e-07
1.51785e-07
1.76864e-08
1.58765e-08
1.69181e-09
1.18901e-08
9.12659e-08
7.75044e-07
2.85772e-06
3.25081e-06
1.54346e-08
2.05142e-07
2.37359e-08
9.72898e-08
7.28038e-08
2.99851e-08
2.20437e-08
1.63523e-08
1.07183e-08
1.58217e-07
9.49656e-08
5.48324e-08
7.2657e-08
8.19698e-09
2.89248e-08
3.26077e-06
2.31189e-05
2.82961e-05
1.82246e-05
8.5441e-06
8.78759e-06
7.43881e-06
2.85976e-07
6.17154e-07
8.82517e-07
5.11305e-07
1.99062e-06
2.31626e-08
1.57373e-07
1.54012e-07
6.44677e-08
7.48912e-09
1.63316e-08
6.08725e-08
8.47162e-08
7.16638e-08
1.48594e-07
4.23061e-07
4.10486e-07
5.11573e-09
4.7606e-09
2.16351e-08
3.09848e-08
1.35893e-08
7.86799e-09
8.92186e-09
2.2287e-08
3.03481e-09
1.73902e-08
2.32857e-08
7.70553e-09
1.42646e-07
2.48509e-07
2.93987e-07
9.52217e-07
3.36647e-06
4.51911e-06
1.46794e-06
1.19527e-07
8.28789e-09
9.2908e-10
3.76966e-08
1.12811e-07
1.81546e-07
1.51866e-07
6.26473e-09
4.08596e-09
4.12533e-08
6.69502e-08
2.21077e-08
2.53599e-09
1.05428e-08
3.29738e-08
4.08723e-08
2.42024e-08
1.91454e-08
1.30515e-08
2.47873e-09
2.89397e-09
3.87105e-09
1.78128e-08
1.3834e-08
1.05878e-08
1.01398e-08
5.91393e-09
3.98177e-09
7.61582e-09
2.26231e-10
3.00982e-09
3.07281e-09
4.34235e-09
8.8916e-08
1.57286e-07
1.16699e-07
7.46013e-08
4.27041e-08
9.61606e-09
3.91214e-10
2.48386e-10
1.32674e-09
4.14677e-09
7.81493e-09
1.66825e-08
2.46754e-08
1.13994e-08
2.39001e-09
3.74269e-09
1.52143e-08
1.39465e-08
5.08759e-10
8.79273e-10
3.37907e-09
7.38966e-09
1.15317e-08
1.14727e-08
3.90168e-09
5.71409e-10
3.7483e-10
4.2461e-09
1.39899e-08
3.13073e-09
4.79437e-09
4.38448e-09
2.4055e-09
6.74093e-10
2.47095e-10
6.07013e-10
5.49104e-11
2.78143e-10
8.63705e-10
2.19616e-11
1.30828e-09
3.72038e-09
1.76465e-09
3.95339e-10
1.26948e-10
2.42525e-11
1.94074e-11
3.45137e-11
3.37513e-11
6.07703e-11
2.96774e-10
9.28722e-10
1.06763e-09
5.09496e-10
1.86599e-10
6.9352e-10
3.06296e-09
2.08606e-09
1.86595e-11
1.18251e-10
6.18316e-10
2.12958e-09
2.64793e-09
1.10804e-09
1.44046e-10
1.28836e-11
8.43913e-11
4.37356e-10
1.46668e-09
3.29635e-06
3.34974e-06
3.08006e-06
1.48094e-06
1.72869e-06
1.01362e-06
1.59183e-06
2.75951e-06
1.07038e-06
2.79411e-06
2.8559e-06
1.5804e-06
5.67916e-08
1.14806e-06
1.19807e-06
1.37807e-06
1.87498e-06
3.61364e-06
5.28997e-06
3.89578e-06
1.38589e-06
8.3043e-06
2.76849e-05
2.68674e-05
3.29127e-06
8.79914e-07
5.43595e-06
6.57559e-06
5.63945e-06
4.13978e-06
4.75444e-06
3.87946e-06
3.11829e-06
1.73182e-06
5.61394e-06
3.19914e-05
2.58227e-05
1.2134e-05
4.31257e-06
2.16156e-06
9.17114e-07
2.74198e-06
4.03364e-06
4.39826e-07
1.0995e-07
8.1999e-07
8.61327e-06
2.24768e-05
1.37737e-05
5.08204e-06
1.6707e-06
3.98394e-07
4.23623e-07
1.53569e-06
2.73696e-06
3.14572e-06
2.5286e-06
1.72446e-06
1.09808e-06
7.4889e-07
1.5188e-06
2.91305e-06
3.88494e-06
7.76359e-06
9.76363e-06
3.36698e-06
2.31014e-06
3.6481e-06
7.11818e-06
8.57401e-06
3.53803e-06
2.13136e-06
3.97607e-06
2.80612e-06
3.365e-06
1.67668e-06
1.88187e-06
2.24288e-06
2.23057e-06
3.11792e-06
2.03877e-06
9.85841e-07
7.84865e-07
2.75956e-07
3.5284e-07
9.97259e-06
2.09204e-05
2.19011e-05
2.03871e-05
1.38378e-05
2.83728e-06
2.50252e-07
2.3462e-06
3.7799e-06
2.94323e-06
1.96824e-06
1.35346e-06
1.27251e-06
9.8218e-07
3.93099e-07
2.18694e-06
2.52327e-05
3.48854e-05
2.86783e-05
7.88851e-06
1.93509e-06
2.6199e-06
3.55126e-06
3.04433e-06
2.81282e-06
3.61088e-06
3.55942e-06
2.3983e-06
1.29966e-06
1.53278e-06
1.58457e-06
1.31642e-06
2.30237e-06
3.1546e-06
3.04975e-06
6.33771e-07
5.09151e-07
1.52412e-05
1.16563e-05
2.40034e-08
6.93409e-07
4.19957e-06
1.08362e-05
1.53249e-05
9.5577e-06
2.37452e-06
1.51313e-06
3.19008e-06
3.31872e-06
2.37552e-06
2.57605e-06
1.10739e-06
2.27924e-06
3.62629e-07
1.10917e-06
1.4731e-05
2.74099e-05
2.95929e-05
1.38389e-05
7.47648e-07
1.87328e-06
2.85148e-06
3.12098e-06
3.48178e-06
3.96428e-06
4.41047e-06
4.08255e-06
2.11962e-06
1.4247e-06
1.24809e-06
5.49518e-06
1.94592e-05
1.35114e-05
4.58271e-06
3.35858e-06
4.90509e-06
5.92508e-06
4.55149e-06
3.18166e-06
3.19052e-06
3.48364e-06
7.93389e-06
1.23451e-05
1.65549e-05
1.27187e-05
5.04522e-06
2.78677e-06
3.50029e-06
4.95479e-06
7.11641e-06
3.04788e-06
1.98235e-06
2.60543e-06
1.42173e-05
3.04827e-05
3.23984e-05
2.90328e-05
1.29172e-05
6.86645e-07
2.56605e-06
3.13901e-06
3.05965e-06
2.76692e-06
2.30082e-06
1.26838e-06
1.1567e-06
4.45286e-06
4.29089e-06
1.80277e-06
1.46837e-06
1.4861e-07
3.07976e-07
6.61613e-07
2.47012e-06
3.92236e-06
2.24875e-06
2.84544e-06
1.83421e-06
2.3885e-06
3.87287e-06
7.5634e-06
6.28305e-06
7.82706e-06
8.05799e-06
1.19959e-06
2.60768e-06
3.04827e-06
4.76966e-06
8.68291e-06
1.34799e-05
4.22293e-06
2.2765e-06
1.0439e-05
2.37726e-05
2.55251e-05
2.19958e-05
1.5511e-05
7.72031e-06
4.21158e-06
3.2074e-06
2.77308e-06
2.3154e-06
2.37397e-06
6.08113e-06
4.37482e-06
2.1123e-06
2.41834e-06
1.50273e-06
5.36841e-07
1.86249e-06
2.63585e-06
2.80487e-06
1.93814e-06
3.50018e-07
4.66577e-07
1.81801e-06
2.04807e-06
2.14105e-06
1.54376e-06
5.5847e-07
4.41695e-06
3.27567e-06
3.29385e-06
1.44014e-06
7.06821e-07
1.14363e-06
2.23843e-06
5.08231e-06
2.04573e-05
1.90786e-05
1.53477e-06
4.97245e-06
1.96838e-05
1.36033e-05
7.45083e-06
1.07646e-05
1.4832e-05
8.61473e-06
3.84129e-06
2.41648e-06
2.29252e-06
3.41258e-06
1.30411e-05
6.54455e-06
2.21877e-06
2.10658e-06
1.58564e-06
1.25741e-06
1.27014e-06
1.37408e-05
1.08016e-06
1.80421e-06
4.03584e-06
7.02664e-06
2.37976e-06
1.64513e-06
1.08489e-06
1.4735e-06
1.42724e-06
4.13481e-07
6.24661e-07
9.86484e-07
3.79163e-07
1.20222e-06
2.98449e-06
2.93044e-06
2.02408e-06
2.39102e-06
1.11296e-05
3.90074e-06
1.0199e-06
8.29722e-06
1.10748e-05
3.85748e-06
4.72082e-06
8.48879e-06
7.06471e-06
5.25702e-06
3.68909e-06
3.06267e-06
1.10508e-06
9.7858e-07
5.15735e-06
2.42309e-06
2.76498e-06
1.20021e-05
4.88851e-06
1.09988e-06
6.71418e-06
1.04009e-06
5.13262e-06
3.12039e-06
7.53134e-07
3.44966e-05
7.71648e-06
1.62384e-06
2.35731e-06
2.57035e-06
1.70988e-06
8.24153e-07
6.24134e-07
8.6614e-07
2.90776e-07
3.49168e-07
1.70805e-06
2.92845e-06
1.91231e-06
3.07151e-06
6.69784e-06
4.38053e-06
1.59039e-06
7.1667e-06
3.10445e-06
2.97788e-06
1.98257e-06
2.73326e-06
4.8197e-06
4.18719e-06
7.18214e-06
3.93945e-06
5.92852e-08
1.20246e-06
8.30535e-07
2.58168e-06
9.71049e-06
2.32955e-05
8.21457e-06
9.9768e-06
3.45828e-06
9.23378e-07
2.33611e-06
1.36022e-06
2.34719e-06
1.69497e-05
1.03082e-05
1.15839e-05
2.83751e-06
4.49919e-06
3.22169e-06
1.03973e-06
5.79648e-07
5.39227e-07
1.31481e-07
5.35573e-08
6.18659e-07
2.14311e-06
3.44186e-06
4.54081e-06
5.2657e-06
3.71145e-06
1.97005e-06
2.49892e-06
2.01766e-06
1.96318e-06
4.2207e-07
3.75407e-06
5.38554e-06
4.60553e-06
5.56147e-06
1.92976e-06
2.47177e-06
2.42066e-06
6.75522e-06
3.09927e-06
4.77581e-06
5.66404e-06
6.10956e-06
1.13628e-05
2.8896e-06
1.71808e-06
3.45489e-06
9.49407e-06
3.83029e-06
4.88221e-06
2.79045e-05
6.15012e-06
6.56637e-06
5.39612e-06
4.26267e-06
3.33314e-06
2.36767e-06
1.84713e-06
7.28676e-07
1.22289e-07
5.03396e-07
2.55943e-06
3.1053e-06
3.36049e-06
3.20456e-06
1.97074e-06
1.28015e-06
5.02619e-07
6.61055e-07
1.09813e-06
2.0063e-06
6.62164e-06
1.83835e-05
1.99978e-05
7.24235e-06
1.08586e-05
3.46062e-06
2.91549e-06
4.14506e-06
2.90506e-06
1.03635e-05
1.85801e-05
5.58489e-06
2.79433e-05
1.97657e-05
4.00598e-06
4.33583e-06
1.03304e-05
5.26035e-06
9.82426e-07
6.98931e-06
5.45295e-06
2.76069e-06
3.51455e-06
6.71049e-06
1.03146e-05
1.22421e-05
8.68535e-06
3.30638e-06
2.2415e-06
4.28123e-06
2.8936e-07
2.22093e-06
2.27113e-06
2.7002e-06
1.50815e-06
9.01467e-07
6.93129e-07
5.65493e-07
9.66038e-07
2.4891e-06
4.51851e-06
1.86838e-05
8.49837e-06
5.02869e-06
2.00951e-05
4.73976e-06
4.33611e-06
6.06725e-06
5.33404e-06
1.26245e-05
2.37676e-05
2.53201e-06
1.63233e-05
3.48409e-06
6.25588e-07
3.99789e-06
9.71462e-06
1.07729e-06
6.22988e-06
8.1767e-06
4.25291e-06
4.33451e-06
3.28038e-06
3.84552e-05
3.19719e-05
2.63021e-05
2.6289e-05
2.07457e-05
2.26854e-05
2.02972e-05
2.30735e-05
1.88185e-05
1.17508e-06
2.46206e-06
2.86432e-06
3.20952e-07
3.08244e-06
2.25097e-06
9.13556e-07
2.51617e-06
4.04772e-06
5.33228e-06
3.13542e-07
1.8326e-05
2.83447e-05
8.74202e-06
3.22008e-06
3.44603e-06
2.414e-06
1.43731e-05
8.42233e-06
4.83474e-06
1.67682e-06
3.54219e-06
1.41452e-06
7.91425e-06
4.15206e-06
9.39443e-08
4.54395e-06
3.81547e-06
5.35583e-06
4.55068e-06
3.49547e-05
3.94537e-05
2.05008e-05
9.33735e-06
8.04334e-06
2.0496e-05
2.59703e-05
2.1807e-05
1.93253e-05
7.91737e-06
3.84505e-06
1.0112e-06
3.86724e-06
3.04264e-06
3.95297e-06
1.05196e-06
1.26891e-07
2.33047e-06
4.78294e-06
1.83733e-06
1.61095e-05
3.35031e-05
2.31108e-05
1.29877e-06
6.57673e-07
2.50236e-06
2.30686e-06
9.22835e-06
6.48757e-06
7.33333e-06
3.54089e-06
3.72186e-06
8.57302e-06
1.22155e-06
1.81687e-06
1.46886e-07
5.62144e-06
6.72049e-06
3.078e-06
3.95929e-05
4.57475e-05
3.50469e-05
1.73147e-05
3.36067e-06
5.69561e-06
2.11679e-05
1.31917e-05
2.30005e-07
2.8034e-06
3.64317e-06
2.68633e-06
3.78518e-07
7.36005e-06
3.21433e-06
2.26464e-06
7.88777e-07
1.8933e-06
2.88719e-06
9.04375e-06
4.69421e-06
7.76314e-06
5.7614e-06
2.04447e-07
9.0693e-07
2.00116e-07
1.18604e-06
1.10591e-06
4.47972e-06
9.16717e-06
5.33201e-06
1.98617e-06
3.01851e-06
1.7129e-06
1.10051e-06
1.64308e-06
7.89225e-06
5.59722e-06
6.51504e-06
5.16903e-06
4.32947e-05
3.87392e-05
1.36462e-05
4.85288e-06
2.07923e-05
1.24947e-05
1.30813e-05
1.64575e-06
2.88542e-06
1.01478e-06
1.88692e-06
1.95408e-06
5.87162e-06
6.5459e-06
7.1006e-08
2.33692e-06
2.78629e-06
1.04996e-06
1.50663e-06
8.15863e-06
8.55201e-07
4.14973e-07
1.6595e-07
6.73786e-07
9.19097e-07
1.68939e-07
5.04824e-07
5.06641e-06
3.69505e-06
7.91605e-06
3.05823e-07
2.95091e-07
3.88708e-06
3.60906e-07
5.43773e-06
2.07151e-06
1.75551e-06
3.80682e-06
4.11908e-06
5.24521e-06
2.12872e-05
3.4018e-06
5.83855e-06
2.92802e-06
7.60907e-06
1.09974e-05
5.82903e-06
2.41154e-06
1.52441e-06
4.32326e-06
6.25258e-07
1.33488e-06
3.35431e-06
6.39523e-06
1.39648e-07
2.80046e-06
3.35547e-06
1.26323e-06
1.53717e-05
1.71299e-06
1.55695e-06
1.0464e-07
8.3583e-07
1.79403e-06
9.53757e-07
2.28067e-06
4.95166e-06
4.44592e-06
6.95193e-06
1.30533e-06
3.20738e-07
3.58437e-06
9.46188e-07
4.98711e-06
1.69498e-06
1.55533e-06
1.02512e-06
1.87771e-06
9.43784e-07
1.28549e-06
1.23467e-06
2.49983e-06
3.66331e-06
9.41887e-06
1.20059e-05
5.70357e-06
4.49052e-06
8.29867e-06
3.36582e-06
9.06746e-07
5.7055e-06
4.2532e-06
7.98634e-07
2.81236e-07
9.68747e-07
3.7923e-06
1.29743e-05
3.78643e-06
2.71918e-07
7.74772e-07
1.16974e-07
4.9525e-07
9.56259e-07
3.99498e-07
3.35177e-06
1.04527e-06
5.52398e-06
1.67632e-05
7.48212e-06
1.71433e-06
1.17415e-05
9.79497e-07
1.2615e-06
1.82445e-07
1.14335e-06
6.04924e-07
5.04427e-07
8.37682e-07
3.03119e-07
1.96221e-07
2.89961e-07
2.79361e-07
2.8463e-06
1.81748e-05
1.43337e-05
1.59787e-06
3.13528e-06
3.69836e-06
2.05923e-07
9.36498e-08
5.32878e-07
2.85336e-07
6.67479e-09
8.65949e-07
2.27748e-06
1.89587e-06
1.63788e-07
1.43608e-07
1.03125e-07
1.80797e-07
6.77114e-07
1.82717e-06
4.07541e-07
1.38693e-06
4.79466e-06
1.06432e-06
1.94877e-06
2.79739e-07
3.44245e-07
7.50486e-07
3.38088e-07
4.61804e-07
2.87838e-08
2.49042e-07
3.75115e-07
1.74966e-07
4.67254e-07
1.20425e-06
4.43837e-07
8.98074e-08
6.39929e-08
2.75657e-08
3.7055e-06
1.09081e-05
1.59423e-06
8.37936e-08
4.57339e-07
3.14983e-07
1.07832e-08
8.2574e-08
1.2482e-07
3.20795e-08
4.09753e-07
3.52234e-07
7.37788e-08
1.00244e-07
1.1952e-07
1.36253e-08
1.71863e-08
4.20491e-07
7.96515e-06
9.93988e-06
7.06819e-06
5.93311e-06
1.37277e-05
3.39446e-07
1.22344e-07
4.04774e-07
2.72289e-07
1.23416e-07
8.54259e-08
5.01848e-08
4.009e-08
5.25873e-08
3.65108e-08
3.85259e-07
2.63045e-06
2.04435e-06
1.25096e-07
3.60451e-08
4.84103e-09
1.68249e-07
7.68435e-07
1.38613e-07
2.38217e-08
5.31389e-08
3.00409e-08
8.44355e-09
4.39108e-08
5.26944e-08
2.15851e-08
1.51276e-08
6.23164e-08
9.42353e-08
1.02302e-07
8.60004e-08
7.50516e-09
1.33575e-07
1.62401e-06
5.96803e-06
1.4665e-05
5.31777e-06
1.0592e-05
7.87985e-06
1.61838e-07
4.31217e-07
1.72461e-07
2.90578e-07
1.35203e-07
3.68103e-08
6.54902e-08
2.38565e-08
1.36002e-08
3.4558e-08
3.00802e-07
2.29149e-06
3.24823e-06
2.05168e-07
2.87867e-08
1.32862e-08
9.96575e-10
1.3794e-08
4.27933e-09
1.22871e-08
2.80047e-08
1.4246e-08
1.63527e-09
2.9026e-08
1.00654e-08
4.01662e-08
9.83574e-08
2.66036e-08
9.68803e-09
4.44936e-08
4.94407e-08
9.99006e-10
5.25177e-07
3.75226e-06
4.48581e-06
2.89342e-06
6.74354e-06
2.25353e-05
4.2766e-06
7.29095e-09
1.15897e-07
9.29902e-08
1.85989e-08
5.97475e-08
1.72556e-07
1.01551e-07
1.729e-08
4.21958e-08
3.27504e-08
1.06894e-08
4.42771e-08
2.53691e-07
5.97372e-08
1.18828e-08
2.4595e-08
5.04364e-09
1.50998e-09
1.65835e-08
2.55203e-08
2.03344e-08
2.0128e-08
6.85502e-09
1.05135e-08
7.83567e-09
4.1805e-09
8.13396e-08
4.88644e-08
1.4476e-09
9.62213e-09
1.12664e-08
5.46312e-10
2.23785e-07
1.06785e-06
1.07092e-06
3.57491e-07
7.57816e-08
7.48677e-08
5.61433e-08
3.37099e-09
2.02912e-08
7.55513e-08
4.49703e-08
4.24467e-09
3.74146e-08
5.59459e-08
7.4547e-09
8.24245e-09
6.7844e-09
6.4526e-10
1.25012e-09
4.86245e-10
4.35658e-09
6.01164e-09
9.35758e-09
1.55793e-08
3.0609e-10
2.07617e-08
4.22932e-08
1.93415e-08
1.4246e-08
3.15761e-08
2.79025e-08
5.09627e-09
5.85596e-10
5.93659e-09
4.04633e-08
1.53113e-08
2.10388e-10
4.40529e-10
1.49052e-09
2.74846e-08
7.66585e-08
6.87351e-08
3.15883e-08
6.79538e-09
7.59665e-10
6.09028e-10
5.96127e-10
3.0385e-09
2.54226e-08
4.50767e-08
6.03203e-09
4.26529e-09
2.55741e-08
2.19129e-08
2.71521e-09
4.04762e-10
3.75927e-10
9.47913e-10
5.88692e-10
5.10328e-11
2.57714e-09
9.51908e-09
1.31782e-08
7.06163e-09
9.82699e-10
9.90966e-09
1.14001e-08
5.20395e-09
6.93689e-09
2.33597e-08
1.08382e-08
4.03452e-10
6.62427e-11
9.71329e-10
1.43905e-08
1.09161e-08
7.89496e-10
1.74641e-10
5.41022e-10
1.90618e-09
3.18797e-09
2.65372e-09
1.32665e-09
3.3686e-10
4.11368e-11
4.05225e-11
8.88534e-11
1.04974e-09
6.46401e-09
7.27026e-09
3.03376e-10
5.5749e-10
4.76599e-09
9.45611e-09
2.50562e-09
2.30823e-10
5.93888e-11
4.61779e-11
2.18019e-11
8.36102e-11
1.72129e-09
4.30236e-09
2.74041e-09
8.35578e-11
2.13025e-06
3.02206e-06
2.61925e-06
1.89861e-06
2.17011e-06
1.97765e-06
7.62666e-07
4.22048e-06
4.01605e-06
4.09183e-06
3.12412e-06
1.40326e-06
3.15844e-06
3.49481e-06
1.87643e-06
2.69586e-06
2.70679e-06
9.03639e-06
1.36032e-05
1.0095e-05
8.65388e-06
1.53981e-05
2.74946e-05
2.77637e-05
8.90883e-06
7.00997e-07
4.2705e-06
9.80695e-06
4.76661e-06
3.7111e-06
6.08323e-06
7.17393e-06
4.88188e-06
2.69766e-06
6.84603e-07
2.36972e-05
4.16593e-05
3.22801e-05
1.85263e-05
4.5814e-06
4.15625e-06
3.09915e-06
9.55807e-07
2.56745e-07
6.46448e-09
7.91101e-08
1.69653e-06
8.33818e-07
1.59139e-06
1.35445e-06
5.67589e-07
3.24865e-07
3.50781e-07
2.18647e-06
3.39553e-06
3.4945e-06
1.8559e-06
5.37917e-07
5.58833e-07
3.88058e-07
1.30663e-07
8.3188e-07
4.37283e-06
7.95429e-06
5.88571e-06
2.56533e-06
1.53857e-06
2.38405e-06
2.83955e-06
2.66863e-06
3.62188e-06
2.60885e-06
2.8916e-06
3.93923e-06
3.84167e-06
2.26755e-06
1.50272e-06
1.71766e-06
1.70881e-06
3.2101e-06
2.24127e-06
1.49478e-06
6.98376e-07
1.97819e-07
1.88703e-06
1.25297e-05
1.10481e-05
1.76366e-07
1.06724e-06
9.21463e-07
5.5463e-08
3.83697e-07
2.85714e-07
2.58405e-06
4.52645e-06
3.3991e-06
1.99112e-06
1.84164e-06
1.5118e-06
1.93118e-06
9.22267e-06
2.5064e-05
2.92442e-05
1.54622e-05
1.96103e-06
2.26153e-06
7.0032e-06
7.50772e-06
4.09799e-06
2.67774e-06
4.21596e-06
4.35549e-06
3.17761e-06
2.42427e-06
5.17455e-06
2.02028e-06
1.48952e-06
2.01303e-06
2.09305e-06
2.13587e-06
2.40583e-07
4.86411e-07
2.13482e-06
2.9639e-06
3.24652e-06
3.44118e-06
8.25834e-06
9.37915e-06
2.8716e-06
1.68711e-06
2.05254e-06
9.14165e-06
7.11736e-06
2.48383e-06
2.92705e-06
2.8512e-06
2.74795e-06
2.74734e-06
1.09631e-06
5.44338e-06
1.67712e-05
2.63065e-05
1.88504e-05
3.60757e-07
2.22826e-06
3.49137e-06
3.9797e-06
5.03906e-06
5.54378e-06
4.65192e-06
4.48692e-06
4.35117e-06
2.8197e-06
1.59569e-06
2.04698e-06
8.33608e-07
3.06642e-06
5.97513e-06
3.97551e-06
1.52206e-06
1.16432e-06
2.09056e-06
7.40383e-07
3.83303e-07
3.039e-06
1.29406e-05
1.93281e-05
1.311e-05
3.1646e-06
1.74542e-06
4.51755e-06
6.78128e-06
4.82457e-06
6.86752e-06
5.03636e-06
1.2643e-06
4.11935e-06
1.93398e-06
5.43255e-06
2.61057e-05
2.41683e-05
7.03067e-06
2.3696e-06
3.1601e-06
3.8656e-06
3.97407e-06
3.74051e-06
3.34532e-06
1.78326e-06
1.38064e-06
1.24903e-06
9.13303e-07
1.23685e-06
1.88304e-06
1.99736e-06
1.30409e-06
2.04189e-06
3.33701e-06
2.23016e-06
5.99043e-07
4.29904e-06
1.33246e-06
2.50761e-07
8.19135e-06
1.72525e-05
1.21936e-05
5.17974e-06
3.92467e-06
2.4754e-06
1.12835e-06
1.51432e-06
3.09053e-06
1.23066e-05
2.54793e-05
5.93977e-06
3.20792e-06
3.14954e-06
1.1489e-05
1.71181e-05
5.96033e-06
3.57395e-06
4.01535e-06
4.09342e-06
4.22243e-06
3.78468e-06
3.21727e-06
3.26856e-06
6.11644e-06
2.80282e-06
1.75674e-06
1.88537e-06
6.08092e-06
1.59288e-05
5.24517e-06
1.54149e-06
3.39315e-06
4.83003e-06
2.75241e-06
3.74823e-06
5.77586e-06
4.07347e-06
5.1494e-06
5.69644e-06
1.16727e-05
1.19542e-05
7.91151e-06
4.77288e-06
1.50205e-06
2.68103e-07
2.66412e-07
7.33253e-07
7.34831e-06
3.66638e-05
3.8841e-05
3.03382e-06
3.18798e-06
1.58934e-05
2.00253e-05
8.34373e-06
2.58304e-06
1.93803e-06
3.74204e-06
4.59134e-06
4.86159e-06
3.17192e-06
9.18787e-07
1.03603e-05
2.02996e-05
5.34234e-06
3.23099e-06
1.99492e-06
5.81946e-06
1.90065e-05
6.63698e-06
1.7293e-06
3.02149e-06
9.166e-07
8.64807e-06
3.5422e-05
8.76337e-06
1.40896e-06
2.08164e-05
3.74938e-05
3.48481e-05
1.90181e-05
7.70758e-06
3.48883e-06
1.72173e-06
1.01235e-06
5.99382e-07
2.27453e-06
2.4162e-05
4.21069e-05
2.36562e-05
9.02512e-07
1.94083e-05
3.44339e-05
2.18696e-05
8.04732e-06
2.32337e-06
1.9037e-06
4.24403e-06
5.3955e-06
3.22863e-06
2.83977e-07
5.5253e-07
2.54795e-05
9.23529e-06
1.74865e-06
1.98028e-06
1.14978e-06
8.75533e-07
7.35352e-06
2.02835e-06
4.82891e-06
1.99932e-06
8.38578e-07
2.66213e-05
3.50584e-05
8.80251e-06
1.85551e-06
8.79641e-06
3.90112e-05
4.57817e-05
4.35056e-05
3.73896e-05
3.40167e-05
3.22706e-05
1.98698e-05
4.31784e-06
3.27983e-06
1.48802e-05
2.22892e-05
7.84622e-06
9.73824e-06
2.62255e-05
2.22192e-05
1.02738e-05
5.03919e-06
3.1856e-06
6.60117e-06
7.03626e-06
4.80652e-06
1.37912e-06
4.70343e-07
1.68676e-07
3.46476e-06
1.19875e-06
2.18609e-06
7.58117e-07
4.44289e-06
1.36491e-06
1.71197e-06
2.27604e-06
2.14645e-05
1.89235e-05
1.16914e-06
3.23363e-05
1.5463e-05
2.6896e-06
3.45e-06
2.92214e-06
1.13688e-05
2.29515e-05
1.9181e-05
2.07426e-05
2.24488e-05
2.41773e-05
2.13666e-05
1.56036e-05
8.57047e-06
3.71192e-06
5.64073e-06
5.27826e-06
4.98385e-06
1.88338e-05
2.16762e-05
1.40405e-05
3.43477e-06
3.17208e-06
5.99938e-06
4.78262e-06
3.07958e-06
3.15e-06
3.31883e-06
1.03385e-06
8.45567e-06
6.95938e-06
2.66366e-06
7.87519e-06
1.92373e-06
9.41369e-07
5.3421e-07
9.08977e-07
1.11342e-05
8.92998e-06
5.35191e-06
1.03285e-05
1.26809e-06
3.77384e-06
1.10678e-06
2.62118e-06
3.2221e-06
8.21236e-06
6.40232e-06
5.34243e-06
4.74589e-06
9.24103e-07
6.298e-07
2.52062e-06
4.50187e-06
3.1902e-06
4.72068e-06
7.53364e-07
1.12871e-06
2.40733e-05
1.77767e-05
6.7461e-06
1.21295e-06
4.48752e-06
4.3986e-06
2.41074e-06
1.54395e-06
1.53017e-05
1.48093e-06
1.86833e-06
3.98861e-06
6.43296e-06
1.02911e-05
2.48001e-05
2.0506e-06
1.87933e-06
4.26031e-06
2.33333e-06
3.38551e-06
4.46154e-06
1.22251e-06
9.96954e-06
5.54037e-06
7.14081e-07
5.11873e-06
1.20232e-06
2.06948e-05
1.5322e-05
1.72439e-06
2.45706e-06
3.68955e-06
3.43723e-06
2.59377e-06
1.24912e-06
7.73757e-06
1.58526e-05
6.53605e-06
1.68402e-06
3.74768e-06
1.5832e-05
1.91092e-06
2.15013e-06
3.37112e-06
3.78475e-06
2.44736e-06
1.21856e-06
2.81987e-05
2.6826e-05
1.8256e-05
3.48612e-06
6.02023e-06
2.86289e-06
2.75097e-06
2.78342e-05
1.44266e-05
1.49354e-06
2.43727e-06
5.37625e-06
8.74418e-06
2.44159e-06
3.11689e-05
9.76529e-06
7.97731e-07
2.57938e-06
3.75291e-06
1.78516e-05
2.22074e-05
1.26358e-05
2.88878e-06
1.95169e-06
6.85431e-06
6.09631e-06
2.33889e-06
1.06129e-06
5.37828e-06
2.20744e-05
5.84221e-06
1.10195e-06
5.86884e-06
5.7191e-06
2.0121e-06
4.10144e-06
2.93832e-06
2.79445e-06
2.16092e-06
1.81148e-05
3.63662e-05
1.22817e-05
4.5848e-06
7.07814e-06
4.24921e-06
1.01224e-06
4.9634e-06
1.93333e-05
1.35999e-05
6.5008e-06
3.38146e-06
3.15782e-05
1.30314e-06
3.45258e-06
1.73357e-05
1.69972e-06
2.14732e-06
4.20563e-06
3.65934e-06
2.41061e-05
6.12846e-06
6.31202e-07
4.24563e-07
3.88811e-07
2.67038e-07
8.17437e-07
3.33773e-07
8.15627e-07
1.33945e-05
2.3099e-05
8.99278e-06
1.0214e-05
2.28677e-06
1.77213e-06
5.33866e-06
3.01041e-06
9.20478e-07
3.55117e-06
4.0731e-06
1.09294e-05
9.78756e-06
3.45745e-06
2.90108e-06
3.65223e-06
3.76245e-06
2.78209e-06
4.10334e-06
1.51402e-05
6.7347e-06
5.95249e-06
1.01911e-05
1.41637e-05
4.0291e-06
4.44914e-06
5.80521e-06
4.21533e-06
4.5619e-06
4.15052e-06
6.66979e-06
4.02468e-06
1.02041e-06
5.88211e-07
7.35388e-06
1.80695e-06
3.24326e-07
1.61588e-06
1.31356e-06
5.0747e-07
3.09212e-06
4.04611e-06
1.36775e-06
9.67429e-07
1.52124e-06
4.25558e-06
3.67107e-06
9.17262e-07
1.06278e-06
1.25288e-06
2.20117e-06
3.11388e-06
4.507e-06
3.74715e-06
8.97833e-07
1.60632e-06
2.52999e-06
3.17159e-06
1.62673e-06
4.79801e-06
4.47189e-06
9.02797e-06
6.34042e-06
9.73125e-06
4.79054e-07
2.53041e-06
4.31219e-06
5.13939e-06
8.33531e-06
3.2569e-06
7.76732e-06
3.09688e-06
1.15648e-06
3.63085e-06
8.28864e-06
2.45082e-06
1.47724e-05
3.95558e-06
1.78862e-06
1.34266e-06
2.03022e-06
2.63335e-06
1.44139e-06
1.20462e-06
3.57483e-06
2.56391e-06
8.25346e-07
4.00105e-07
5.20724e-07
1.69277e-06
3.3749e-06
2.7135e-06
1.31324e-06
3.15499e-07
2.67898e-08
1.41999e-07
3.60889e-06
1.11441e-05
1.09384e-06
2.41283e-06
1.22982e-05
4.82044e-06
4.31855e-06
7.80077e-07
9.23783e-07
2.47296e-06
4.38987e-06
6.2028e-06
6.57037e-06
5.72011e-07
5.38435e-06
3.84171e-06
3.08867e-06
3.58411e-06
5.77749e-06
4.95062e-06
2.08204e-05
7.12006e-06
2.55008e-07
1.34632e-06
2.26456e-05
1.86233e-05
2.05739e-05
8.8498e-06
3.86925e-06
7.27768e-07
1.29587e-06
1.15402e-07
2.52704e-07
8.88543e-07
1.23632e-06
7.69726e-07
3.35194e-07
1.59195e-07
1.05435e-07
2.3333e-06
2.40777e-06
3.48616e-07
1.55159e-07
9.38975e-06
4.6728e-06
1.08526e-06
6.35347e-07
1.12323e-06
1.49109e-06
1.87059e-06
3.62055e-06
5.61337e-06
1.46431e-06
2.42178e-06
2.03905e-06
2.43277e-06
1.74406e-06
2.45601e-06
5.59613e-06
2.45523e-06
1.87381e-05
1.38771e-05
1.31546e-06
5.47415e-06
1.60965e-06
8.15607e-07
2.89744e-06
2.88281e-05
9.17372e-07
2.92959e-06
7.52782e-07
2.80603e-06
2.80353e-07
8.52128e-07
7.44992e-07
1.37059e-07
1.0385e-07
4.80432e-07
2.02151e-06
1.58758e-06
2.22609e-07
2.62103e-07
3.13804e-06
4.12315e-06
1.00031e-06
2.47492e-07
7.66285e-07
2.13965e-06
1.60416e-06
8.58109e-07
1.76897e-06
1.36873e-06
2.7147e-06
1.84926e-06
1.2168e-06
1.75917e-06
1.41133e-06
3.28617e-06
4.11209e-06
1.03631e-06
1.02532e-05
3.73525e-06
1.4179e-06
2.04969e-06
2.04038e-06
8.38911e-06
2.02316e-05
2.3037e-06
1.9822e-06
2.7795e-06
5.38971e-09
9.08619e-08
6.39679e-07
1.02474e-06
2.71477e-07
7.21114e-08
1.51983e-07
8.14274e-07
6.76586e-07
1.64606e-08
3.43195e-07
2.86579e-07
3.89456e-06
1.696e-06
9.86629e-07
3.74121e-07
1.90441e-06
2.2421e-06
6.31573e-07
2.4068e-07
6.25562e-07
4.89977e-06
2.04376e-06
5.57267e-07
9.36557e-07
1.80549e-06
2.55893e-06
4.9122e-06
2.36489e-06
2.94324e-06
1.99356e-06
4.29427e-08
9.62686e-07
2.0207e-06
8.57091e-07
2.25353e-06
3.8657e-06
1.77414e-06
8.91782e-07
6.72189e-08
8.07462e-08
4.2745e-07
9.25514e-07
6.14032e-07
6.74986e-08
5.02717e-09
2.55649e-08
3.87885e-07
3.45535e-07
2.03549e-07
5.00825e-08
5.38983e-07
2.93973e-06
4.57173e-08
1.09492e-07
7.18061e-07
1.52286e-06
4.67846e-07
3.53278e-08
1.76548e-07
3.01289e-06
2.12695e-06
3.14694e-07
2.03561e-07
1.32374e-06
2.36207e-06
3.53161e-06
2.97661e-06
1.8666e-06
6.03628e-07
2.8864e-08
3.12492e-07
1.71862e-06
6.82378e-07
4.29761e-07
8.32663e-07
2.93906e-06
5.68718e-07
3.92722e-07
2.07563e-07
2.84855e-07
3.50598e-07
1.95643e-07
4.57234e-08
1.49501e-09
1.5606e-08
1.71719e-07
6.98211e-07
2.6516e-07
9.68151e-08
7.03627e-08
6.83057e-08
1.36006e-06
3.71823e-07
1.89641e-08
4.13054e-07
3.2715e-07
2.68418e-08
3.02046e-08
3.27928e-07
1.02921e-06
3.63693e-07
1.15796e-07
2.95733e-07
1.39114e-06
1.75291e-06
1.30584e-06
1.93582e-07
8.76153e-08
4.55051e-08
6.12193e-08
5.33367e-07
1.87829e-07
1.06666e-07
1.50165e-07
1.16133e-07
1.62695e-07
3.54094e-07
2.59151e-07
1.06759e-07
4.10046e-08
1.94295e-08
1.04264e-08
4.37852e-09
3.03096e-08
1.51447e-07
3.44791e-07
1.88267e-07
2.91063e-08
1.65255e-08
6.51037e-08
1.09528e-06
1.04416e-06
4.51827e-08
7.98621e-08
2.86327e-07
2.97322e-08
1.69746e-08
2.82684e-08
1.82867e-07
4.3768e-07
2.49709e-07
1.51097e-07
5.1372e-07
5.23307e-07
2.67383e-07
2.59036e-08
9.84029e-09
9.21806e-09
8.26024e-09
6.94774e-08
1.21114e-08
1.1883e-08
2.70447e-08
3.003e-09
1.74766e-08
1.10119e-07
1.45495e-07
6.43156e-08
9.30575e-09
2.24103e-09
1.50789e-09
5.48888e-09
1.20608e-08
1.48936e-08
2.95591e-08
3.68348e-08
2.84065e-08
1.74398e-08
3.6553e-08
2.39901e-07
2.84606e-07
1.28e-08
5.52191e-08
2.8877e-07
6.21901e-08
5.58371e-09
4.374e-09
8.06098e-09
9.68129e-08
2.3278e-07
1.08441e-07
7.80141e-08
3.13757e-07
5.10738e-08
3.28179e-09
6.63807e-10
1.08117e-09
7.06077e-10
4.37436e-09
3.37915e-10
1.994e-10
1.21391e-09
2.55004e-09
6.89876e-11
1.39342e-08
5.07805e-08
5.09235e-08
1.19401e-08
6.08542e-10
2.65515e-10
2.22542e-09
2.89194e-09
1.47459e-09
2.34667e-09
8.08565e-09
1.84885e-08
3.5706e-08
4.43227e-08
3.64596e-08
1.05518e-08
1.69041e-09
3.32729e-08
1.27731e-07
8.62463e-08
1.34545e-08
1.52656e-09
1.44668e-10
1.87451e-10
1.77834e-08
4.05271e-08
1.56945e-08
2.3036e-08
7.5191e-08
1.12059e-09
9.61484e-13
1.02553e-10
2.88798e-11
8.58063e-11
7.46777e-11
1.56197e-10
1.8714e-10
4.97672e-11
7.77376e-10
8.24224e-12
3.56182e-09
1.34791e-08
7.82758e-09
7.11652e-10
1.79963e-12
1.12587e-11
2.01654e-11
2.3259e-11
7.31132e-11
7.74099e-10
4.46297e-09
1.00782e-08
1.61202e-08
1.18952e-08
3.34738e-09
1.86464e-10
1.3024e-09
7.16552e-09
1.83298e-08
1.52398e-08
5.03196e-09
1.20919e-09
6.9173e-10
7.68195e-11
5.37132e-10
2.60928e-09
7.04468e-10
1.12497e-09
3.82653e-09
1.97576e-06
1.80688e-06
3.69436e-06
5.49207e-06
2.91565e-06
3.92494e-06
5.36656e-06
3.70153e-06
2.06973e-06
2.26677e-06
3.96234e-06
4.83128e-06
2.40378e-06
1.25927e-07
3.00808e-06
4.25534e-06
3.60052e-06
4.682e-06
8.34732e-06
5.06617e-06
3.11833e-06
3.78562e-06
6.06364e-06
4.22093e-06
3.93346e-07
1.85462e-07
8.3562e-08
4.96519e-08
1.6078e-07
1.10367e-06
5.59014e-06
8.59147e-06
6.60177e-06
2.33761e-06
1.43066e-06
5.41895e-06
3.12277e-05
3.19163e-05
2.24003e-05
1.3245e-05
1.75543e-06
2.69257e-07
1.37644e-07
5.72032e-07
6.2629e-07
1.06066e-05
1.06271e-05
4.20623e-06
1.71002e-06
4.20925e-06
7.01378e-06
2.10033e-06
1.86098e-06
3.25357e-06
3.47983e-06
3.2307e-06
2.56001e-06
1.28989e-06
5.71198e-07
4.41324e-07
4.46127e-07
1.05576e-06
2.49055e-06
3.57353e-06
2.93399e-06
1.45293e-06
7.62094e-07
1.02975e-06
1.60925e-06
9.19665e-06
2.91711e-05
3.83165e-05
2.87865e-05
6.02565e-06
2.68933e-06
3.49273e-06
4.66855e-06
6.92568e-06
1.10973e-05
5.01247e-06
7.08278e-06
1.01959e-05
2.22729e-06
2.65175e-07
7.91758e-07
2.11111e-06
1.18526e-06
1.30236e-06
7.68595e-07
1.49425e-06
7.663e-06
8.30902e-06
1.94767e-06
4.15692e-06
6.62599e-06
5.95394e-06
1.5083e-05
1.27398e-05
5.21884e-06
4.80232e-06
9.92766e-06
1.89481e-05
1.98405e-05
6.69206e-06
9.54447e-07
6.63605e-06
1.02019e-05
3.85627e-06
4.2818e-06
1.88092e-05
1.46074e-05
3.84415e-06
3.13499e-06
2.49505e-06
5.7471e-06
7.48808e-06
3.24663e-06
2.66821e-06
2.20628e-06
2.25581e-06
1.50649e-06
2.82936e-06
1.49723e-06
7.5778e-07
6.47699e-06
1.1566e-05
4.32965e-06
1.27682e-06
1.61094e-06
2.39011e-06
4.93257e-06
1.03045e-05
1.04251e-05
6.0032e-06
3.43032e-06
3.04734e-06
1.8355e-05
9.39873e-06
4.93199e-06
3.26024e-06
1.92037e-05
1.69474e-05
5.40222e-06
1.81714e-06
1.20488e-06
2.38919e-06
4.75656e-06
1.29244e-05
1.26245e-05
6.86998e-06
3.79997e-06
3.42644e-06
4.35614e-06
4.48099e-06
2.98446e-06
2.28551e-06
2.03164e-06
1.37036e-06
4.62525e-07
5.8348e-07
3.90041e-06
3.2785e-06
1.42433e-06
2.94509e-05
4.13895e-05
3.6059e-05
8.76586e-06
1.44505e-07
1.37385e-07
5.66185e-07
5.3263e-06
1.50105e-05
1.25469e-05
6.9372e-07
2.64948e-06
4.05692e-06
4.21199e-06
2.25102e-06
3.1356e-06
2.36228e-05
7.78472e-06
3.38633e-06
2.81952e-06
3.14696e-06
2.94609e-06
2.59975e-06
5.95279e-06
1.48201e-05
8.72863e-06
2.9504e-06
3.71373e-07
1.63916e-06
7.4399e-06
4.20732e-06
1.77633e-06
2.1692e-06
2.2207e-06
1.43721e-06
1.57088e-06
2.7788e-06
1.87713e-06
1.99741e-06
6.54693e-06
1.38397e-05
1.87143e-05
6.87459e-06
2.79398e-07
5.84955e-06
8.61294e-06
5.58557e-06
8.63455e-06
1.64822e-05
9.81964e-06
1.17779e-05
2.53753e-06
3.66438e-06
2.78675e-06
4.87551e-07
2.20174e-06
8.1931e-06
5.55414e-06
1.44305e-06
1.07002e-06
2.42598e-06
3.20377e-06
2.68821e-06
4.20583e-06
1.32226e-05
5.41096e-06
8.79704e-07
1.73549e-07
4.9138e-06
4.65057e-06
1.02683e-06
3.34976e-06
2.58044e-06
2.53714e-06
1.76296e-06
2.48274e-06
2.73013e-06
2.58602e-06
2.1954e-06
3.62595e-06
7.11943e-06
5.86143e-06
2.53437e-06
2.02843e-06
1.58659e-06
1.60666e-06
4.41944e-07
2.00101e-06
2.34425e-05
3.56599e-05
8.31215e-06
1.44349e-06
4.48755e-06
4.58839e-06
5.73568e-06
7.63377e-06
7.5156e-06
4.41261e-06
1.61695e-06
1.61147e-06
2.33012e-06
1.63973e-06
4.60032e-06
3.47486e-05
3.1859e-05
3.96717e-06
9.20387e-07
3.66366e-07
5.51027e-06
4.90009e-06
4.56377e-07
9.16077e-07
4.23218e-07
1.68534e-06
1.70705e-06
1.64395e-06
2.64452e-06
1.68188e-06
4.28997e-06
1.52615e-05
1.40676e-05
3.35784e-06
8.33033e-07
2.72955e-06
3.9356e-06
4.46959e-06
7.79851e-06
2.76271e-05
4.14254e-05
2.50386e-05
3.79856e-07
1.00097e-06
3.29493e-06
1.1654e-05
1.02956e-05
5.84683e-06
5.33272e-06
4.76831e-06
3.60258e-06
2.60482e-06
1.77197e-06
1.42197e-06
2.00067e-05
4.88298e-05
2.47813e-05
3.96673e-06
2.08383e-06
7.4652e-07
9.0961e-07
5.93556e-08
2.67321e-06
2.60339e-06
4.48329e-07
2.6332e-06
1.51622e-05
1.94793e-05
3.1707e-06
3.49974e-06
3.66105e-05
3.82409e-05
1.31594e-05
4.30243e-06
5.27615e-06
1.01905e-05
1.35358e-05
2.01901e-05
2.34572e-05
2.26499e-05
2.23739e-05
3.54296e-06
3.37799e-07
1.42062e-06
7.14996e-06
7.34322e-06
7.5642e-06
1.18569e-06
2.47572e-06
3.63422e-06
3.72577e-06
3.04061e-06
2.15325e-06
2.60802e-06
9.17191e-06
4.1969e-05
1.29573e-05
4.98905e-06
2.21033e-06
1.30929e-06
3.54437e-06
1.39438e-07
7.40301e-06
1.17984e-05
9.51795e-07
1.54908e-05
2.32338e-05
7.79151e-06
3.64196e-06
3.21277e-06
2.72671e-05
3.1495e-05
2.20534e-05
6.87547e-06
2.59047e-06
4.25688e-06
1.5564e-05
2.28746e-05
1.8029e-05
8.73967e-06
5.68939e-06
3.28467e-06
6.18884e-06
1.15875e-05
1.34881e-05
2.6618e-05
2.41707e-05
5.73533e-07
3.13529e-06
3.0321e-06
4.34289e-06
3.57367e-06
3.92022e-06
3.81253e-06
5.04943e-06
9.16902e-06
4.79922e-06
1.80603e-06
1.08212e-06
6.07324e-06
1.28632e-05
2.83904e-06
9.1744e-06
8.89761e-06
1.55115e-06
2.6162e-05
2.2924e-05
1.65774e-06
3.91954e-06
2.79476e-06
1.45158e-05
3.58334e-05
3.29196e-05
7.33847e-06
8.15753e-07
1.93983e-06
1.76724e-06
8.10838e-07
1.91791e-06
1.36695e-06
4.19352e-06
4.57473e-06
7.76117e-06
6.89919e-06
2.52593e-05
3.86466e-05
1.59398e-05
3.96086e-07
2.93218e-06
4.91063e-06
2.33541e-06
2.80322e-06
4.18085e-07
4.60757e-05
6.33537e-07
8.1563e-06
5.34782e-06
6.85614e-06
7.35444e-06
5.84993e-06
1.98755e-07
1.41554e-06
4.43499e-06
1.46836e-06
1.83929e-06
2.30661e-06
4.64697e-07
4.56771e-07
3.43164e-06
3.32334e-06
1.31362e-05
6.47222e-06
5.44976e-06
3.53067e-06
5.58169e-06
3.42589e-06
3.61419e-06
5.24045e-06
2.81576e-06
2.98876e-06
1.37122e-06
3.59978e-06
3.68847e-06
5.73179e-06
2.91752e-05
2.52055e-05
7.20033e-06
3.47523e-06
2.78546e-06
2.19684e-06
2.46648e-06
3.48613e-06
2.74808e-05
4.8859e-05
1.29695e-05
5.76493e-06
2.99339e-06
3.88539e-06
1.40301e-06
4.98488e-06
2.95987e-06
1.26038e-06
3.59605e-06
8.48156e-06
1.41681e-05
1.10927e-06
2.44291e-07
8.04579e-07
3.00336e-06
1.79331e-05
2.23561e-05
2.36448e-06
6.33524e-06
2.30871e-06
2.37929e-06
3.35007e-06
4.20955e-06
2.94752e-06
1.81153e-06
2.05164e-06
1.5868e-06
3.55068e-06
1.38109e-06
1.35175e-05
2.53099e-05
2.22073e-05
3.37899e-06
2.13286e-06
1.91893e-06
2.3293e-06
6.41113e-06
1.14676e-06
8.68698e-07
1.7691e-05
8.78634e-06
3.75742e-06
2.04734e-06
2.86523e-06
2.18058e-06
4.62651e-06
1.55541e-06
1.35108e-06
3.60491e-06
5.65105e-06
2.38191e-06
9.13311e-07
1.30052e-07
5.46103e-06
1.37442e-05
2.09742e-05
2.42524e-05
2.36013e-06
5.83381e-06
2.80635e-06
3.77146e-06
6.96146e-07
2.5857e-06
2.40688e-06
5.36418e-06
2.88785e-06
2.46273e-06
2.08813e-06
5.7433e-07
2.09065e-05
2.87056e-05
7.7751e-06
8.48023e-07
1.87749e-06
6.37592e-07
1.98049e-05
9.24437e-06
6.30366e-06
3.38074e-06
5.23673e-06
3.53593e-06
4.44043e-06
2.27963e-06
4.65109e-06
7.00912e-06
3.75425e-06
1.62423e-06
6.37297e-07
2.55905e-06
2.25071e-06
1.88172e-07
9.60917e-07
5.47133e-07
1.25075e-05
3.02934e-05
3.47162e-06
8.1954e-06
1.51609e-05
2.39657e-06
4.38197e-06
6.80693e-06
7.82086e-07
3.53277e-06
4.94476e-06
1.25558e-05
3.78234e-06
3.31431e-06
5.11543e-06
1.99046e-06
1.05499e-05
1.12165e-05
3.57652e-07
2.78189e-07
1.39316e-06
3.56739e-07
1.62953e-05
5.28787e-06
8.49627e-06
3.43397e-06
1.57888e-06
3.33404e-06
3.96516e-06
1.20995e-06
1.20788e-05
5.6549e-06
2.84534e-06
9.17404e-07
6.89711e-07
5.24574e-06
7.65899e-07
2.83817e-07
1.00498e-06
3.5755e-06
3.61421e-05
1.83251e-05
1.93102e-06
9.4462e-06
8.00563e-06
1.97189e-06
4.05798e-06
3.25664e-06
1.00302e-06
2.89926e-06
1.54605e-06
6.67491e-06
4.38802e-07
5.08631e-06
4.42405e-06
3.79471e-06
4.62032e-06
5.96586e-07
3.99521e-08
5.86637e-06
1.52228e-06
8.798e-06
7.29947e-06
2.09108e-06
1.04411e-05
1.93136e-06
1.89934e-07
4.27923e-06
4.08968e-06
1.06424e-06
7.48644e-06
2.25464e-06
4.8719e-06
1.08001e-06
3.60988e-06
1.23432e-06
1.49358e-06
1.57298e-06
3.49324e-06
1.67548e-05
3.04116e-05
9.45125e-06
2.93089e-06
6.82044e-06
7.9422e-06
3.15973e-06
2.10946e-06
3.57562e-06
1.70081e-06
1.69281e-05
2.70581e-05
1.42902e-05
1.68518e-07
1.30242e-06
6.091e-07
1.19202e-06
1.58767e-06
1.98907e-07
5.31891e-07
1.49216e-06
1.19804e-06
2.3626e-06
2.40063e-06
8.84804e-06
4.51401e-06
3.44176e-06
5.59063e-06
6.22496e-06
3.60675e-06
7.54002e-06
4.56122e-07
2.54084e-07
5.54417e-07
1.77799e-06
3.01137e-06
3.334e-06
2.08506e-06
4.21123e-06
1.40584e-05
2.77415e-05
2.43574e-05
1.53632e-05
7.90225e-06
8.66753e-06
2.00539e-05
5.5058e-07
2.90066e-06
5.5389e-06
3.00586e-06
3.2657e-05
1.97022e-05
3.57791e-06
1.82212e-07
1.65866e-07
4.03704e-07
1.43974e-06
3.68341e-06
3.38844e-07
1.13313e-06
2.70749e-06
6.13881e-07
1.62977e-07
2.59886e-06
6.01506e-06
1.44907e-06
3.43315e-06
1.99057e-06
1.04879e-06
3.15465e-07
1.28428e-07
2.09466e-08
1.48981e-06
4.95451e-07
1.17967e-05
2.6812e-06
2.32509e-06
1.56277e-07
1.47605e-05
2.13047e-05
1.72548e-05
2.13568e-05
2.0173e-05
2.51515e-05
1.02131e-05
1.43348e-06
3.86465e-07
5.16022e-06
2.97077e-06
2.32016e-06
2.48033e-05
1.08578e-05
1.04651e-06
1.00287e-06
5.91797e-07
2.13499e-06
1.69365e-05
5.727e-06
8.53083e-07
1.50017e-06
1.04715e-06
8.8049e-08
6.53206e-06
1.30588e-05
1.1124e-07
7.34707e-07
3.48145e-07
7.90463e-09
3.99465e-07
4.01025e-07
3.15227e-07
6.7772e-07
9.7308e-08
1.25956e-06
4.5069e-06
3.2521e-06
6.80089e-07
4.53198e-07
1.72595e-05
2.77702e-05
1.91211e-05
1.96071e-05
1.81496e-05
1.55682e-06
8.47546e-07
5.03963e-08
8.81798e-07
1.68499e-06
1.27597e-07
8.56432e-06
1.81115e-05
4.06587e-07
5.37139e-07
3.90365e-07
4.36669e-06
1.72006e-05
1.45768e-05
2.91725e-06
3.31052e-07
1.26666e-06
1.93282e-06
1.09411e-05
1.45957e-05
1.21488e-07
1.21203e-07
2.15146e-07
6.96149e-08
6.89383e-08
1.44592e-07
8.03837e-08
2.9782e-07
7.2132e-06
9.35483e-08
2.84509e-06
5.83025e-06
2.48109e-06
2.68196e-07
1.72036e-07
4.02075e-06
4.11699e-05
3.35737e-05
5.20965e-06
6.55325e-07
4.82706e-07
9.96171e-08
6.40129e-08
5.07402e-07
7.38629e-08
5.88801e-07
1.51212e-05
7.37839e-06
2.63332e-07
9.64936e-08
1.79812e-07
5.25962e-06
1.13485e-05
1.86914e-06
1.55806e-08
6.97108e-07
1.00325e-05
2.35476e-05
1.36032e-05
6.55684e-08
4.93719e-08
1.37152e-07
1.08474e-07
6.01502e-08
2.2466e-07
1.06022e-07
5.1122e-08
9.74644e-07
9.97095e-07
1.13971e-06
2.86696e-06
4.03257e-06
3.28183e-07
1.45848e-07
3.7145e-08
2.23198e-06
1.09415e-05
1.95347e-07
4.91398e-08
8.50547e-08
1.41787e-07
2.52999e-09
1.05651e-07
7.74034e-08
6.77909e-08
2.22496e-06
8.80455e-06
4.40994e-07
1.08937e-07
2.03168e-08
6.28607e-08
5.87219e-07
2.18969e-07
9.44928e-10
2.07124e-07
3.88933e-06
1.19711e-05
2.81804e-06
2.2808e-09
7.2561e-08
6.33598e-08
4.0683e-08
2.07016e-08
6.61167e-08
1.19099e-07
8.50121e-08
1.3881e-06
3.44764e-06
3.40609e-06
1.21734e-06
1.28865e-06
5.72782e-07
7.37278e-08
3.95806e-08
6.60467e-08
5.39833e-07
2.11225e-07
2.6527e-08
1.01803e-08
1.17504e-07
2.43101e-09
1.37234e-08
2.58554e-08
1.46949e-08
2.61235e-08
7.35224e-07
2.35749e-07
1.27904e-07
4.20911e-08
6.12328e-09
2.12482e-09
1.24055e-08
2.33377e-09
4.5033e-08
4.76683e-07
5.07676e-07
5.17501e-08
3.16807e-09
4.62495e-08
3.10913e-08
9.86198e-09
3.73021e-09
3.91084e-09
1.28576e-08
1.01475e-08
3.04492e-08
8.89849e-08
7.02798e-07
5.47604e-07
3.13383e-07
2.02114e-07
4.56185e-08
2.54805e-08
8.06421e-08
1.08082e-07
1.40447e-07
5.82755e-08
1.71793e-08
9.01581e-09
4.76952e-08
2.66909e-10
2.82784e-09
2.64054e-09
4.45778e-11
7.18237e-09
4.22062e-08
5.30088e-08
1.63204e-08
6.69583e-09
2.06904e-09
3.95958e-10
7.10019e-10
1.20799e-09
2.15995e-08
1.95714e-08
6.83174e-10
6.49178e-09
1.80846e-08
1.58842e-08
5.35761e-09
6.87939e-10
2.25515e-10
2.82935e-10
4.50795e-10
6.12105e-11
8.8976e-10
3.07551e-08
6.89841e-08
5.73329e-08
4.3702e-08
3.02907e-08
4.13795e-09
2.85883e-08
7.77454e-08
5.4703e-08
4.31227e-08
1.92807e-08
4.99601e-09
2.83263e-09
4.55009e-09
4.42114e-11
1.25183e-10
1.63225e-10
3.15244e-10
1.42623e-09
2.04621e-09
7.85682e-10
5.62569e-10
1.17498e-09
9.72557e-10
2.05219e-10
2.16881e-11
4.35899e-11
4.03116e-10
2.34781e-10
5.51022e-10
3.51158e-09
2.65109e-09
1.16852e-09
2.51911e-10
2.42998e-11
8.10951e-11
1.56556e-10
1.42047e-10
1.48557e-10
2.076e-10
4.89885e-10
2.17083e-09
5.29149e-09
6.41362e-09
5.96894e-09
6.30886e-10
3.64521e-09
8.63608e-09
4.70582e-09
5.38355e-09
3.68216e-09
7.73274e-10
2.10671e-10
3.77342e-10
3.94283e-06
1.88608e-06
1.54024e-06
2.19373e-06
6.89915e-07
9.54919e-07
4.97898e-07
6.5106e-07
1.32522e-06
2.71191e-06
3.41023e-06
3.89823e-06
2.42499e-06
1.00668e-06
3.12944e-06
4.06679e-06
3.33648e-06
2.2932e-06
3.6971e-06
4.00483e-06
2.76428e-06
1.83488e-06
1.39242e-06
1.31594e-06
1.30165e-06
7.20386e-07
2.39963e-07
6.72507e-07
1.90064e-06
3.03839e-06
3.68605e-06
3.17723e-06
2.95032e-06
4.45898e-06
7.93789e-06
1.31762e-05
2.05212e-05
2.66247e-05
3.27283e-05
2.82525e-05
3.01101e-06
4.53548e-06
4.50808e-06
5.52237e-07
7.62134e-07
1.37483e-05
8.14521e-06
2.94998e-06
1.21241e-06
1.54624e-06
2.02057e-06
5.58411e-07
8.65266e-07
3.62455e-06
4.16004e-06
3.80929e-06
3.17354e-06
3.03987e-06
2.87076e-06
1.83196e-06
1.11952e-06
2.41112e-06
3.29355e-06
3.13922e-06
2.71497e-06
1.30658e-06
1.01469e-07
9.74845e-07
4.17758e-06
1.20278e-05
1.78787e-05
6.97925e-06
7.46093e-07
3.33468e-06
1.29681e-05
1.35458e-05
9.05346e-06
5.89262e-06
4.99138e-06
5.21437e-06
1.23168e-06
6.39281e-06
2.54666e-06
7.04762e-07
1.74864e-06
7.09071e-06
3.42993e-06
1.29082e-06
1.57511e-06
3.65734e-06
1.3851e-05
1.72249e-05
3.0658e-06
7.40243e-07
2.33352e-06
3.12159e-06
7.45634e-06
6.22956e-06
4.24624e-06
1.81198e-06
5.69284e-07
3.31031e-06
1.18561e-06
1.14334e-06
2.57093e-06
3.59831e-06
3.55601e-06
2.72877e-06
8.09636e-06
1.72576e-05
1.29756e-05
4.12413e-06
6.67115e-06
1.22237e-05
5.34444e-06
3.70204e-06
4.23484e-06
3.71636e-06
2.33308e-06
9.07882e-07
1.50048e-06
1.50012e-06
1.04954e-06
5.83113e-07
7.36603e-06
5.55011e-06
2.24668e-06
1.19455e-06
8.4197e-07
1.59782e-06
8.12579e-06
1.52378e-05
1.37951e-05
3.35812e-06
2.29171e-06
8.11266e-06
2.24913e-05
4.9756e-06
2.93792e-06
5.63035e-06
4.34261e-06
3.0031e-06
2.1388e-06
1.69327e-06
2.98609e-06
1.97255e-06
3.00259e-06
1.20863e-05
2.26187e-05
9.0748e-06
3.79573e-07
1.22984e-05
1.31269e-05
3.62642e-06
7.94368e-07
1.47994e-06
2.87486e-06
1.78671e-06
5.62433e-07
1.3509e-06
2.19834e-06
1.24125e-06
8.77861e-07
1.43994e-05
2.72044e-05
7.76795e-06
3.62027e-07
6.38008e-07
1.81702e-06
3.01094e-06
6.98751e-06
2.13608e-05
1.64274e-05
4.52907e-06
2.02694e-06
4.78968e-06
1.17981e-06
2.1537e-06
7.06039e-06
7.1568e-06
2.60079e-06
2.25022e-06
1.25222e-06
4.43045e-06
3.85539e-06
2.74273e-06
4.38143e-06
1.71218e-05
1.84153e-05
1.0235e-05
1.69217e-05
2.3691e-05
2.08639e-05
1.61092e-05
3.35642e-07
1.75833e-06
1.09782e-06
1.0249e-06
2.66776e-06
2.33739e-06
2.98318e-06
1.22948e-05
2.23696e-05
2.49698e-05
1.74235e-06
2.09263e-06
4.60326e-07
4.37845e-06
7.33776e-06
4.04522e-06
1.02481e-05
1.08493e-05
2.59544e-06
2.32724e-06
4.27553e-06
1.66502e-06
1.83373e-06
2.63748e-06
3.80023e-06
7.01241e-06
3.96912e-06
3.6206e-07
1.86183e-06
3.20922e-06
2.57976e-06
2.28717e-06
1.10951e-05
3.29221e-05
3.90069e-05
3.49997e-05
1.70358e-05
8.10263e-06
1.46629e-05
7.71033e-06
3.21889e-06
4.30372e-06
7.75042e-06
1.75491e-06
3.21517e-06
1.91094e-06
1.27564e-05
2.74475e-05
3.69244e-05
8.15502e-06
1.23003e-06
1.30717e-05
3.29413e-05
3.74595e-05
3.0002e-05
8.92838e-06
4.11773e-06
3.96342e-06
2.06345e-06
5.051e-06
1.68936e-06
3.35803e-06
2.73769e-06
1.12891e-06
5.04961e-06
2.18045e-05
1.1817e-05
2.3079e-06
1.71547e-06
2.76653e-06
3.11506e-06
5.18081e-06
2.83588e-05
4.07064e-05
3.71364e-05
3.24292e-05
2.77728e-05
1.38075e-05
2.43294e-06
1.32862e-06
3.16407e-06
1.43909e-05
1.39984e-06
3.0789e-06
1.6763e-06
2.76438e-06
3.44467e-06
6.9323e-06
8.19921e-06
1.57455e-06
1.62511e-06
5.94457e-06
2.55201e-05
8.50905e-07
4.97395e-06
2.49605e-06
3.79037e-06
1.46721e-05
1.41657e-05
1.49945e-06
2.69501e-06
2.12042e-06
1.72248e-06
3.08255e-05
2.90581e-05
1.27844e-05
4.52859e-06
8.63731e-06
3.74846e-06
4.11817e-06
4.45406e-06
4.68898e-06
1.51603e-05
1.86033e-05
2.45432e-05
2.56134e-05
7.12543e-06
6.70305e-07
3.88113e-06
3.78674e-06
1.92152e-06
7.79251e-06
1.16831e-05
5.01351e-06
4.62294e-06
4.3397e-06
1.24082e-05
9.14184e-06
3.82204e-06
3.9198e-06
2.55888e-06
1.04678e-06
2.85803e-06
3.55113e-06
2.92905e-06
2.13281e-05
3.38393e-05
2.40038e-05
5.74505e-06
2.06853e-06
1.05099e-06
3.14345e-06
1.5061e-05
2.53534e-05
1.25117e-05
3.16795e-06
4.4124e-06
1.67485e-05
1.62311e-06
6.18386e-07
1.56563e-05
1.09927e-05
9.79655e-06
1.18252e-05
5.46205e-06
2.26435e-07
6.96992e-07
5.41154e-06
5.43501e-06
4.66928e-07
5.33875e-06
5.35894e-06
1.99953e-05
5.00442e-06
1.02738e-05
1.14814e-05
1.64502e-06
1.63378e-06
1.06617e-06
3.42754e-06
4.8173e-06
2.22062e-06
6.7045e-07
4.17236e-07
2.21375e-06
1.09102e-06
5.04419e-06
1.00356e-05
6.38968e-06
1.16475e-06
3.23563e-06
2.42306e-05
1.55914e-05
6.97713e-06
2.4716e-06
2.27641e-06
1.50836e-06
1.12708e-05
2.93886e-06
1.84575e-05
5.23653e-05
4.04391e-05
1.07225e-05
5.57238e-06
2.38588e-06
3.72847e-06
7.18751e-06
9.72247e-06
5.75503e-06
6.24656e-06
3.35833e-06
1.23458e-05
2.15472e-05
3.85624e-06
5.94352e-06
5.22107e-07
1.07251e-07
6.50798e-06
3.26195e-06
1.43293e-06
5.0286e-06
9.15897e-07
8.20022e-06
1.53865e-06
1.01904e-06
2.12016e-06
5.37962e-06
3.32886e-06
3.23226e-06
5.33021e-06
3.53299e-05
4.01982e-05
2.64157e-05
1.47373e-06
3.05898e-06
1.22712e-06
1.80321e-06
4.92247e-07
5.2688e-06
2.34643e-05
2.7068e-05
1.19258e-05
1.97669e-05
1.93496e-05
3.4132e-06
1.6789e-06
7.76949e-06
1.51846e-06
2.77378e-06
2.68411e-06
2.69377e-06
1.51788e-05
1.62755e-07
4.92132e-06
3.47167e-06
2.45427e-06
2.61926e-06
3.82597e-06
6.34255e-07
1.6902e-06
1.24197e-05
8.40831e-06
1.77637e-05
1.41131e-05
1.03618e-06
1.40147e-06
1.88579e-06
2.67045e-06
2.76787e-06
3.63749e-06
1.76444e-05
2.39521e-05
3.11315e-06
4.31861e-06
2.85246e-06
1.16993e-06
1.18235e-05
7.27078e-06
1.50984e-05
2.99815e-05
2.2559e-05
4.65354e-06
1.45171e-05
2.47797e-05
2.11158e-06
2.45054e-06
1.17839e-06
1.45528e-06
7.53256e-07
1.78173e-06
2.45788e-05
1.37958e-05
1.50363e-06
2.36301e-06
5.07928e-06
1.48932e-06
3.87826e-06
3.38134e-06
3.33761e-06
1.59545e-06
3.16559e-05
5.92564e-06
1.74646e-05
1.41613e-05
2.01932e-06
4.68576e-06
3.68497e-06
2.85102e-06
2.17778e-06
4.01859e-06
1.29364e-06
3.84832e-06
2.40858e-06
4.15412e-06
2.19672e-06
1.26569e-05
3.14413e-05
2.28281e-05
1.66373e-05
1.55014e-05
1.68931e-06
1.07495e-05
1.15011e-05
5.63276e-06
1.58002e-05
3.07338e-06
2.10734e-06
2.38264e-06
3.90601e-06
7.21351e-06
2.05412e-05
7.13242e-06
5.65596e-07
3.45358e-06
1.19945e-05
2.92181e-05
2.06624e-05
2.69912e-06
1.22932e-05
3.62548e-05
2.9911e-05
1.66932e-06
7.20259e-06
5.63986e-06
1.86977e-05
7.91637e-06
5.71139e-06
1.4367e-06
8.39335e-07
1.16633e-05
1.96094e-06
1.23114e-06
3.16616e-06
4.51791e-06
2.11962e-06
3.50564e-06
8.69627e-06
7.38261e-06
2.97075e-06
2.83776e-06
3.73295e-06
3.11882e-06
7.78607e-06
6.69928e-06
4.35579e-07
2.13112e-06
5.82904e-06
6.308e-06
3.65485e-06
8.68227e-06
2.45737e-06
4.32405e-06
5.23522e-07
3.54213e-06
2.02646e-05
3.31158e-05
1.73921e-05
6.98268e-07
1.47607e-05
2.93303e-05
1.66496e-05
2.01716e-06
8.11475e-06
1.33696e-05
1.87065e-05
7.24616e-06
1.25827e-05
1.76069e-06
5.04469e-06
4.15582e-06
6.27728e-07
1.88305e-06
3.97637e-06
2.78376e-06
1.19292e-06
5.54784e-06
1.11376e-05
2.6661e-06
4.16432e-06
2.52857e-06
1.85093e-06
8.8364e-07
4.32621e-06
8.78983e-06
1.86432e-06
7.6036e-06
9.03116e-06
2.57379e-06
2.25203e-07
1.71619e-05
2.04807e-07
7.07738e-07
1.31294e-06
1.7358e-05
8.52897e-06
2.7621e-05
6.01137e-06
6.67982e-07
2.02316e-05
2.53943e-05
3.05009e-06
5.55799e-06
1.07895e-05
1.11528e-05
1.25788e-05
3.38868e-06
5.1498e-06
4.46298e-06
2.21832e-06
8.38278e-07
1.25736e-05
2.97983e-06
3.42193e-06
1.918e-06
3.38129e-06
6.87401e-06
4.9418e-06
7.74814e-06
1.00767e-06
1.19862e-06
1.3948e-06
7.29278e-07
3.06846e-06
4.50277e-06
3.81201e-07
1.08289e-05
2.68729e-05
8.68114e-06
1.56087e-06
8.19271e-06
2.41537e-06
1.03214e-06
5.08317e-06
1.3805e-05
3.60195e-06
2.05198e-05
1.74912e-06
3.27987e-06
1.70851e-05
7.83625e-06
2.84202e-06
1.73945e-05
1.12826e-05
2.47323e-06
9.63124e-06
6.19507e-07
9.007e-06
3.97419e-06
1.43209e-06
3.87543e-07
1.21358e-05
2.67335e-06
2.67545e-06
8.45123e-07
2.90887e-06
1.19335e-05
2.84832e-05
6.83613e-07
5.42584e-07
4.81944e-07
4.41196e-07
5.83598e-07
3.26905e-06
9.38435e-06
1.65772e-06
1.00772e-05
1.34225e-05
6.11115e-06
6.55553e-06
1.62612e-06
2.96946e-06
1.62124e-06
2.27852e-05
1.98007e-06
2.23638e-06
1.44443e-05
3.65295e-06
5.07199e-07
6.8403e-06
9.51172e-06
2.24314e-05
9.07546e-06
1.16422e-06
1.21638e-06
1.03927e-06
7.5643e-07
1.41419e-06
2.88569e-06
3.00002e-06
7.14898e-07
4.68406e-06
2.14256e-06
6.06137e-07
8.30385e-08
1.22454e-05
3.07524e-05
1.25667e-06
3.70142e-07
1.9811e-07
9.80966e-08
6.07639e-08
3.21918e-07
5.56888e-06
1.32034e-05
4.59573e-06
1.4004e-05
1.36318e-06
2.97253e-06
3.65379e-06
1.81366e-06
1.54944e-06
3.56232e-06
1.38833e-06
3.89755e-07
1.34326e-05
2.84648e-06
4.09646e-07
6.64135e-07
1.94535e-05
1.48224e-05
2.67583e-06
1.89723e-06
3.49674e-06
1.13463e-05
2.46501e-06
8.37342e-07
1.44114e-06
3.5574e-06
4.50907e-07
2.28e-06
6.03065e-06
9.50885e-07
2.2096e-07
1.85466e-06
1.54112e-05
9.38585e-07
9.48235e-07
2.6529e-07
5.50836e-08
7.66424e-08
2.19776e-07
9.44856e-07
1.0573e-05
1.09257e-05
8.61039e-06
4.92304e-06
2.61519e-06
1.76297e-06
3.51898e-07
6.44306e-07
7.35801e-07
8.12368e-06
1.05747e-06
1.0217e-05
3.43108e-06
2.11713e-06
4.29552e-07
3.06428e-06
7.22262e-06
4.72452e-07
7.94057e-08
1.3146e-05
5.60952e-06
1.01923e-06
9.10145e-07
5.908e-07
1.17175e-06
1.3624e-06
1.39245e-06
6.00484e-06
1.005e-05
1.42029e-06
5.39032e-07
1.25377e-06
1.1883e-05
5.40515e-07
1.61118e-07
6.78136e-08
5.30321e-07
3.34642e-07
4.75324e-07
4.61715e-06
1.28032e-05
8.29308e-06
2.67848e-06
1.424e-06
7.07049e-07
4.02195e-07
4.60211e-08
2.65529e-07
1.19142e-07
7.67739e-06
2.34722e-05
1.05038e-06
6.88145e-07
4.85751e-07
2.25597e-08
4.93746e-07
1.60631e-07
4.58443e-08
3.27237e-06
9.3897e-06
2.39406e-07
2.58488e-07
3.27521e-07
1.69754e-07
1.20279e-06
2.99195e-06
7.06099e-06
1.27896e-05
3.81249e-06
2.01414e-07
1.68525e-06
2.53277e-06
3.09821e-07
5.39539e-07
4.80521e-07
5.88321e-07
4.18645e-07
3.76763e-08
6.42468e-07
4.25138e-06
6.08929e-06
1.6173e-06
2.56963e-07
4.35641e-07
2.29996e-07
1.30824e-08
1.61015e-07
1.27515e-07
1.9815e-06
2.10736e-05
2.36809e-07
4.10549e-07
4.58763e-08
8.30409e-08
9.49535e-09
5.28593e-08
3.2365e-08
3.57758e-07
5.88879e-06
2.2231e-06
9.44233e-08
1.74265e-07
1.52632e-07
4.02107e-07
1.44443e-06
2.85549e-06
3.20693e-06
3.33157e-07
9.30469e-08
9.74998e-06
3.63936e-06
5.32462e-07
5.32296e-07
5.67121e-07
2.67808e-07
6.20422e-08
9.06771e-09
2.57658e-08
3.57256e-07
9.03309e-07
6.80872e-07
1.39752e-07
3.86101e-08
4.62254e-08
6.10773e-09
2.41407e-08
1.72146e-07
1.59632e-07
3.07693e-07
1.3086e-08
1.08646e-07
3.15716e-08
2.59486e-09
4.80806e-09
1.58065e-08
1.43732e-08
1.09208e-08
3.10273e-08
3.36195e-07
1.40059e-07
2.28422e-08
2.72134e-07
6.13911e-08
2.51805e-07
3.65869e-07
1.6245e-07
2.17775e-08
1.3354e-08
3.71288e-07
1.2483e-06
2.92613e-07
2.19951e-07
2.35925e-07
1.34497e-07
1.81692e-08
1.06406e-09
1.86638e-09
1.44114e-08
3.39628e-08
4.87654e-08
3.57949e-08
1.1183e-08
2.36792e-09
1.30742e-09
2.59395e-08
1.14174e-07
5.93757e-08
5.73669e-09
3.1022e-09
6.3251e-10
9.58112e-09
3.24646e-09
1.28351e-09
1.14372e-09
6.90861e-09
1.29092e-09
7.70397e-10
1.49734e-08
2.03067e-08
3.03485e-09
8.87099e-08
1.52873e-07
1.2283e-08
5.26117e-08
4.08339e-08
1.1169e-08
2.64905e-09
1.78511e-10
2.03214e-08
8.87497e-08
6.77838e-08
4.19019e-08
3.90995e-08
2.14191e-08
1.63538e-09
6.13465e-11
1.68187e-10
2.3847e-10
4.10734e-10
1.54086e-09
2.67848e-09
2.96196e-09
1.22136e-08
3.85992e-08
4.87708e-08
2.94714e-08
9.95091e-09
4.17915e-09
9.28789e-09
1.3981e-09
9.01977e-10
8.25216e-10
6.8697e-10
9.91773e-10
5.14669e-10
2.45712e-11
4.05573e-10
1.36673e-09
4.22538e-10
1.29439e-09
2.71019e-08
2.1847e-08
7.34014e-10
2.09655e-09
3.10945e-09
8.80548e-10
1.14282e-10
1.11451e-11
5.35465e-10
1.51044e-09
2.5934e-09
5.33822e-09
8.10265e-09
3.80577e-09
3.09102e-10
7.43453e-12
6.23234e-12
2.59419e-11
3.99412e-11
2.51549e-11
9.2055e-10
6.02653e-09
1.69145e-08
1.81792e-08
1.16066e-08
9.47859e-09
8.80445e-09
5.92547e-09
5.18299e-09
1.82804e-09
5.6176e-11
2.22035e-10
4.92222e-10
7.06203e-11
1.02624e-06
1.93988e-06
3.1336e-06
1.82369e-06
4.54969e-07
7.48361e-07
1.63396e-07
1.03686e-07
3.16767e-06
4.42931e-06
2.27115e-06
1.93926e-06
8.9829e-07
3.79084e-06
8.56965e-07
2.32977e-06
2.43132e-06
2.68804e-06
3.51657e-06
4.34798e-06
3.54653e-06
2.04411e-06
8.81535e-07
6.33857e-07
1.26027e-06
2.23158e-06
1.65305e-06
1.19055e-06
2.79238e-06
3.86374e-06
4.68891e-06
5.42801e-06
4.16114e-06
1.96739e-06
1.59402e-06
6.93738e-06
1.66161e-05
2.51382e-05
3.35648e-05
2.66082e-05
3.91773e-06
2.2826e-06
2.10786e-06
1.60003e-06
2.67961e-06
7.70344e-06
2.96364e-06
1.8874e-06
7.81484e-07
1.3673e-06
2.73293e-06
2.88813e-06
1.45441e-06
1.68493e-06
3.82141e-06
4.88191e-06
4.59809e-06
5.73036e-06
3.80706e-06
2.02686e-06
8.84857e-07
2.29077e-07
2.32691e-06
3.55596e-06
2.97324e-06
3.80379e-06
7.7761e-06
4.31424e-06
3.38265e-06
3.53589e-06
1.66317e-06
4.74434e-07
7.93557e-07
3.12967e-06
3.17633e-06
2.33963e-06
1.7736e-05
2.63744e-05
2.72844e-05
1.90427e-05
8.23704e-06
7.06055e-06
3.20702e-06
1.6908e-06
7.65607e-07
3.42144e-06
1.23627e-06
3.33471e-06
2.72991e-06
1.08023e-06
4.08885e-06
2.25468e-05
1.88862e-05
7.11055e-06
2.9267e-06
6.39522e-06
2.63844e-05
1.55028e-05
5.24745e-06
2.7951e-06
3.04632e-06
1.8641e-06
1.30045e-06
1.43003e-06
1.85362e-06
3.41931e-06
4.41828e-06
2.91373e-06
1.68768e-06
1.20084e-06
1.47832e-06
2.1744e-06
1.90438e-06
3.94735e-06
2.75138e-06
3.8485e-07
3.65703e-06
7.43074e-06
3.22916e-06
1.94456e-06
3.50119e-06
3.58654e-06
4.80815e-06
7.17772e-06
9.35165e-06
2.81208e-06
1.42059e-06
1.60924e-06
6.70214e-07
1.82112e-06
1.13208e-05
2.25265e-05
1.56883e-05
6.03117e-06
2.76059e-06
2.48447e-06
2.97327e-06
3.80834e-06
4.23027e-06
3.73397e-06
2.01514e-06
9.39178e-07
1.0211e-06
5.18976e-06
2.1187e-06
9.13527e-06
2.83552e-05
3.52209e-05
2.44259e-05
7.10586e-06
9.55096e-06
2.44551e-05
2.80995e-05
8.22016e-06
2.27659e-06
2.95502e-06
4.34793e-06
3.97256e-06
6.30055e-06
1.11041e-05
5.96522e-06
4.29538e-06
2.45834e-06
1.29034e-06
1.50001e-06
2.2235e-06
1.26623e-06
3.48919e-07
2.09788e-06
9.34044e-06
2.15017e-05
2.66843e-05
1.98486e-05
3.36307e-06
2.74522e-06
4.36511e-06
4.68369e-06
5.88544e-06
6.52446e-06
4.69545e-06
3.20395e-06
5.98516e-06
6.46115e-06
7.69819e-06
1.09541e-05
4.30843e-06
4.44322e-06
4.74756e-06
2.98643e-05
4.02902e-05
4.1349e-05
3.41933e-05
2.3094e-05
1.20759e-05
2.72685e-07
3.93551e-06
1.11459e-06
1.83462e-06
5.88299e-06
5.7764e-06
1.6415e-06
1.60855e-06
1.43084e-06
2.20635e-06
2.34781e-06
7.5816e-07
5.36715e-07
1.45315e-05
2.67228e-05
2.42981e-05
1.72495e-05
1.27798e-05
2.15513e-06
5.13654e-06
5.70071e-06
3.71504e-06
6.9007e-06
7.68296e-06
5.31015e-06
5.40227e-06
1.01374e-05
8.78842e-06
3.6009e-06
2.32076e-06
2.42526e-06
3.09716e-06
3.80017e-06
9.52305e-06
3.38772e-05
5.05652e-05
4.83077e-05
4.44255e-05
3.83502e-05
1.54453e-05
5.45792e-06
5.25991e-06
3.06471e-06
1.92428e-06
2.80409e-06
2.01629e-06
3.87945e-06
4.92722e-06
5.83415e-07
1.54718e-06
2.72967e-06
1.09422e-05
1.76687e-05
4.98933e-06
1.08132e-05
7.81443e-06
6.08761e-06
5.93689e-06
5.78558e-06
2.84507e-06
3.08218e-06
6.76825e-06
7.22051e-06
4.60034e-06
7.44398e-06
2.44362e-05
2.71138e-05
3.064e-05
2.21474e-05
4.66179e-06
2.74421e-06
6.72518e-07
3.013e-06
1.49624e-05
4.54847e-05
5.1398e-05
4.09685e-05
2.45749e-05
4.84555e-06
3.46487e-06
1.97395e-06
4.05729e-06
8.61015e-08
7.12914e-07
6.19492e-07
2.06903e-06
2.13991e-07
1.19585e-05
5.79268e-06
5.76513e-06
3.07029e-06
6.93856e-07
1.2805e-06
9.51667e-06
1.42244e-05
4.20419e-06
6.81192e-06
6.13028e-06
7.37786e-07
2.26461e-06
4.0735e-06
4.1954e-06
3.67571e-06
2.32735e-05
1.90967e-05
1.26473e-05
2.11118e-05
3.36364e-05
9.16692e-07
6.05165e-06
2.33779e-06
2.47343e-06
4.89251e-06
1.45735e-05
3.53234e-05
6.17978e-06
1.71117e-06
6.91707e-06
4.6665e-06
2.97158e-06
7.42731e-06
1.2653e-06
3.61408e-07
8.35931e-06
4.87387e-06
4.58506e-06
1.67286e-05
8.75286e-06
7.98846e-06
3.44511e-06
3.25724e-06
2.89922e-06
1.89374e-06
3.76116e-06
7.2593e-06
1.03579e-05
9.71013e-06
1.04637e-06
3.81299e-06
6.23516e-06
6.57784e-06
4.8272e-06
1.39686e-06
7.17838e-06
3.95284e-06
3.34925e-06
1.54626e-06
9.25372e-06
3.05403e-06
3.58306e-06
8.4789e-07
6.45366e-06
7.94508e-06
7.17721e-06
3.19429e-06
4.81818e-06
7.00889e-06
8.20457e-06
4.03147e-06
5.35374e-06
3.30428e-06
1.24346e-06
4.29762e-06
6.12953e-06
5.11259e-06
1.04311e-05
5.33885e-06
4.7775e-06
2.73303e-06
4.12101e-06
4.34038e-06
4.7332e-06
3.27722e-06
2.83454e-06
1.90562e-06
3.91466e-07
4.74015e-06
2.78783e-06
4.99649e-06
4.88241e-06
1.48546e-06
4.48415e-06
2.94204e-06
2.89595e-06
2.71244e-06
1.96989e-06
4.70021e-06
9.57468e-07
3.67499e-06
5.09142e-06
7.15612e-06
7.73255e-06
5.40978e-06
9.60952e-06
1.43599e-06
4.63691e-06
6.91011e-06
6.75976e-06
4.59563e-06
5.86503e-06
6.54584e-06
2.49939e-05
1.51768e-06
2.16106e-06
4.10921e-06
3.47563e-06
7.33867e-06
1.06569e-05
3.73327e-06
6.46836e-06
2.25408e-05
6.50132e-06
5.34107e-06
3.2389e-05
8.03084e-06
1.22021e-06
8.41578e-06
2.79678e-06
7.53809e-07
4.14986e-05
4.69395e-05
2.01188e-05
3.26324e-06
4.08367e-06
2.54203e-06
9.60666e-06
2.5246e-06
2.04377e-06
1.48282e-06
3.27391e-05
1.37349e-05
4.88056e-06
2.23003e-05
3.17005e-05
2.11914e-06
9.15988e-07
2.2058e-06
4.54019e-06
2.30476e-06
4.61253e-06
8.822e-06
4.45645e-05
2.31371e-05
7.69224e-06
1.81091e-06
2.00265e-06
1.11026e-06
6.46378e-06
6.78998e-06
9.24632e-06
8.57278e-06
1.26272e-06
9.91431e-06
2.25007e-05
1.78302e-06
3.70571e-06
2.31437e-05
6.79478e-06
2.34387e-05
3.82292e-05
3.19362e-05
4.00529e-06
3.63041e-06
4.96325e-06
2.93383e-06
1.42371e-06
2.7362e-06
1.99321e-06
2.56149e-05
4.62114e-05
2.2547e-05
2.19304e-06
6.0505e-05
3.17263e-05
8.36735e-06
2.88178e-06
7.85513e-06
5.88894e-06
3.52664e-06
6.98933e-06
5.09339e-05
4.7193e-05
1.49359e-05
7.92106e-06
5.57098e-06
3.34128e-06
2.49148e-06
6.67396e-06
1.51452e-05
1.57281e-05
8.85841e-06
3.66239e-06
1.536e-06
4.59526e-06
1.2879e-06
6.034e-06
2.38384e-05
4.75733e-06
7.65332e-06
1.81594e-05
8.10965e-06
7.69226e-07
1.52978e-06
1.06041e-06
1.05684e-06
7.68413e-07
1.33046e-05
4.23041e-05
3.83582e-05
2.94746e-05
7.11153e-06
1.15554e-06
5.67882e-05
5.40076e-05
6.40516e-06
1.45476e-05
1.97324e-05
1.79256e-05
8.57564e-06
5.07984e-05
7.38961e-05
3.30984e-05
9.28761e-06
1.26091e-05
6.25877e-06
1.57586e-06
3.61851e-06
1.16713e-05
1.69872e-05
3.09052e-05
6.61598e-06
2.24278e-06
2.68683e-06
9.53717e-06
6.43177e-06
9.43696e-06
6.92831e-06
7.22602e-06
9.56964e-06
3.18592e-06
1.14994e-06
2.20855e-06
1.71045e-06
2.27484e-06
3.37266e-07
1.76795e-07
1.27636e-05
3.7173e-05
4.10883e-05
1.6249e-05
2.62248e-06
2.51458e-06
3.92989e-05
3.46541e-05
2.52423e-08
2.89626e-05
3.97977e-05
2.32106e-05
2.18669e-05
5.94406e-05
5.0121e-05
1.63071e-05
7.7744e-06
1.06e-05
2.4359e-06
1.90411e-06
8.53265e-06
9.82313e-06
1.33643e-05
1.88375e-05
2.98001e-06
1.27328e-06
4.04969e-06
2.07682e-05
1.98905e-05
1.76244e-05
1.12255e-05
1.63316e-05
3.77929e-05
1.58815e-05
4.25482e-06
2.10279e-06
4.2134e-06
1.08264e-06
5.2358e-07
9.19488e-07
4.10208e-06
6.53476e-06
3.5558e-06
3.1239e-07
4.37074e-07
2.30562e-05
3.4799e-05
2.46887e-05
1.4932e-06
1.53082e-05
5.91652e-06
3.69948e-06
2.0065e-05
4.46296e-05
2.80492e-05
4.64721e-06
7.03915e-06
4.97309e-06
5.10772e-06
9.07969e-07
3.46728e-06
7.49251e-06
4.5759e-06
1.20662e-06
2.10261e-06
1.50441e-07
1.55424e-05
3.31917e-05
1.73903e-05
1.9797e-05
1.17754e-05
1.91946e-05
2.76552e-05
6.8873e-06
1.34339e-06
5.64486e-06
1.52494e-06
7.30813e-07
8.29764e-07
6.07129e-07
4.66457e-07
4.13737e-07
3.05405e-07
8.49593e-07
4.17913e-06
4.4301e-05
2.0013e-05
1.97971e-07
2.8296e-06
2.64212e-06
5.77141e-06
8.56521e-06
1.79058e-05
3.14115e-05
7.42515e-06
1.30753e-06
4.03773e-06
4.43637e-07
3.63802e-06
2.59805e-06
6.74285e-06
1.74111e-06
9.59936e-07
6.99322e-07
5.18481e-07
2.91841e-06
4.01147e-05
2.78821e-05
7.78223e-06
1.29155e-05
1.31526e-05
5.33087e-06
7.92065e-06
2.04976e-06
4.2417e-06
2.88634e-06
6.72338e-07
9.36671e-07
3.92361e-07
6.74468e-07
1.09188e-07
1.39519e-07
7.99302e-07
8.77826e-07
1.37175e-05
3.55685e-05
1.6698e-06
4.96623e-07
5.5073e-07
2.79867e-07
1.23619e-05
2.04619e-05
1.24812e-05
3.25831e-05
1.94054e-06
8.26295e-07
3.94177e-07
1.25203e-07
3.0695e-06
8.62489e-06
1.93178e-06
1.07516e-06
3.93215e-07
3.59898e-07
1.57603e-06
2.45434e-05
2.83165e-05
4.36358e-06
6.06224e-07
1.38711e-06
2.16616e-07
4.44784e-07
2.87058e-06
1.07752e-06
6.56758e-06
1.16735e-06
1.92502e-06
5.84968e-06
1.23502e-05
3.65256e-06
1.9387e-07
1.03485e-07
3.84845e-07
2.02422e-06
1.4716e-05
7.75509e-06
8.85232e-08
9.72568e-07
4.27518e-06
7.4679e-07
1.41077e-05
1.15109e-05
1.08578e-05
1.04395e-05
3.62038e-06
1.51084e-06
2.27373e-07
3.39424e-07
6.69867e-06
1.52573e-06
6.27748e-07
5.02756e-07
1.08532e-07
1.22021e-06
1.21774e-05
7.92714e-06
3.42033e-06
5.62646e-08
2.1455e-07
3.49707e-07
3.37812e-07
1.40017e-06
2.54124e-06
4.11535e-06
2.93841e-06
6.67628e-07
1.35379e-05
2.66314e-05
2.39681e-05
6.44886e-06
1.22469e-06
7.21344e-07
8.97573e-07
2.78051e-06
3.18124e-06
3.41801e-07
5.42514e-07
1.31341e-06
1.06996e-05
4.21911e-06
4.42689e-06
7.48166e-06
9.9658e-06
3.47214e-06
2.59985e-05
5.32148e-07
2.75942e-07
2.49991e-06
7.67216e-08
5.51817e-07
7.35393e-07
3.24152e-07
3.54615e-07
6.21297e-06
3.08897e-06
7.76212e-07
1.28695e-07
1.34427e-07
6.9952e-07
2.21981e-06
3.00325e-06
1.12724e-06
1.79974e-06
1.53567e-06
2.74811e-07
2.58784e-06
3.06488e-05
3.14072e-05
1.50348e-05
1.36077e-06
6.38123e-07
6.61519e-07
7.34032e-07
9.3697e-07
2.99893e-07
6.65913e-08
4.67866e-07
4.45484e-06
7.42143e-06
6.23989e-06
5.23433e-06
5.1874e-06
3.03452e-06
1.9446e-06
2.66736e-06
2.69298e-07
6.26462e-06
3.47381e-07
1.49821e-07
1.88793e-07
1.0616e-06
1.41764e-07
2.4574e-06
2.68647e-06
2.32458e-07
1.09067e-07
1.23987e-07
1.92417e-07
6.37965e-06
1.05683e-05
2.0999e-06
1.51981e-07
1.58443e-07
7.04537e-08
4.1215e-07
1.03537e-05
3.32301e-05
1.51993e-05
1.33458e-07
6.66706e-08
1.2756e-07
3.51357e-07
3.55019e-07
2.14681e-07
6.77803e-08
3.55863e-07
1.89709e-06
3.30804e-06
3.10959e-06
1.53911e-06
5.67526e-07
7.90683e-07
1.15711e-06
3.9707e-06
1.02332e-06
3.09808e-06
3.90698e-07
2.8298e-07
7.68543e-08
4.27958e-07
1.30588e-07
4.16386e-07
1.42607e-06
4.36739e-07
1.71875e-08
2.23098e-07
1.31359e-08
2.57517e-06
3.55159e-06
3.65171e-07
8.57775e-09
1.04219e-08
8.6173e-08
2.60741e-07
8.73194e-07
6.01338e-06
3.00207e-06
6.03552e-09
6.89305e-08
5.17119e-08
5.15703e-08
8.82011e-08
9.92601e-08
1.64317e-07
3.79893e-07
6.13008e-07
8.37937e-07
9.87486e-07
7.5075e-07
3.34379e-07
1.46657e-07
4.39505e-08
2.51179e-06
2.1088e-06
8.05749e-07
2.33653e-07
1.96247e-07
1.52519e-07
8.01835e-08
4.35163e-07
3.89912e-09
2.95702e-07
3.50361e-07
1.97977e-08
2.40017e-08
5.65223e-09
5.45162e-07
1.68147e-06
3.22318e-07
1.4717e-08
5.95708e-10
2.40849e-08
7.89313e-08
3.52181e-08
1.39954e-08
1.8839e-08
7.08443e-09
1.65002e-08
1.66356e-08
1.5668e-08
3.47985e-08
3.98237e-08
8.50758e-08
1.69954e-07
1.48e-07
1.25049e-07
1.90913e-07
2.89691e-07
2.50012e-07
1.50194e-07
5.1164e-08
3.53592e-08
3.01089e-07
3.58561e-07
1.20379e-07
7.27251e-08
2.00569e-07
1.37418e-07
3.92862e-08
9.1969e-08
6.96672e-10
7.25648e-08
4.44152e-08
6.87114e-10
1.4576e-09
2.95948e-08
4.59429e-07
4.13475e-07
7.28326e-08
1.16887e-08
6.53095e-09
1.7828e-08
1.31385e-08
4.74585e-08
1.20412e-07
5.05405e-08
4.29795e-09
5.92046e-10
1.32444e-09
8.01261e-09
1.40407e-08
1.82139e-08
3.29502e-08
3.60211e-08
2.24889e-08
2.94769e-08
7.16689e-08
1.14397e-07
7.54254e-08
3.11155e-08
3.04121e-09
4.70045e-09
3.69133e-08
5.28316e-08
5.90075e-08
7.09784e-08
1.36358e-07
5.81453e-08
1.17587e-08
1.15378e-08
1.43841e-10
3.84059e-09
3.64425e-09
3.59534e-11
1.48168e-10
1.22533e-08
1.01804e-07
7.93269e-08
2.72596e-08
1.53077e-08
9.36425e-09
4.59002e-09
1.64903e-09
1.54814e-08
2.11255e-08
1.2973e-09
2.52845e-10
4.0693e-10
2.91014e-11
4.517e-10
1.29362e-09
1.94089e-09
3.07264e-09
3.13482e-09
2.14382e-09
4.18369e-09
9.98476e-09
1.41434e-08
8.78914e-09
3.84845e-09
5.83122e-10
8.38492e-11
4.27964e-09
1.35417e-08
1.0004e-08
9.69245e-09
3.46743e-08
1.76527e-08
2.2765e-09
4.02617e-09
3.59748e-06
3.19414e-06
2.11671e-06
6.35479e-07
1.38285e-06
1.7036e-06
1.76509e-07
1.35519e-06
8.61014e-06
8.28106e-06
1.10711e-06
1.03457e-06
4.64021e-06
4.22498e-06
3.80061e-06
1.6253e-06
2.86335e-06
5.75598e-06
6.52155e-06
2.80077e-06
5.65721e-07
1.10089e-06
1.91885e-06
2.63302e-06
6.57203e-06
1.1323e-05
1.14375e-05
5.31043e-06
2.06353e-06
2.77301e-06
3.07601e-06
3.03622e-06
2.01183e-06
9.41074e-07
1.00321e-06
1.80371e-06
3.03706e-06
1.28594e-05
1.90589e-05
9.07801e-06
1.35526e-06
3.38129e-06
3.59483e-06
2.48724e-06
2.79382e-06
3.93744e-07
1.85831e-06
2.63953e-06
2.64077e-06
3.82718e-06
2.92641e-06
2.12545e-06
2.80521e-06
6.10754e-06
6.04514e-06
3.17119e-06
4.65551e-06
6.86702e-06
1.25949e-05
1.56514e-05
5.2152e-06
1.26426e-06
2.25363e-06
3.62488e-06
4.54148e-06
8.41183e-06
6.63194e-06
7.83153e-06
1.84717e-05
1.63389e-05
5.77055e-06
2.63038e-06
2.69013e-06
3.29167e-06
4.41401e-06
1.91254e-05
4.64124e-05
5.74142e-05
5.08534e-05
1.03903e-05
1.74664e-06
2.05868e-06
1.26619e-06
6.567e-07
8.96872e-07
1.93119e-06
2.97011e-06
3.63244e-06
3.01528e-06
8.51293e-07
5.44531e-06
1.90213e-05
2.12224e-05
4.59916e-06
9.80418e-06
3.16518e-05
3.37271e-05
1.06159e-05
7.17509e-07
6.26342e-06
8.04574e-06
4.28496e-06
1.60117e-06
5.11613e-07
3.65955e-07
1.39071e-06
6.95267e-06
2.04235e-05
2.36773e-05
1.42891e-05
7.2737e-06
4.00135e-06
2.11318e-06
9.46301e-06
2.22386e-05
3.36245e-05
3.87634e-05
3.09399e-05
2.15777e-07
1.8357e-06
4.94403e-06
1.62694e-06
6.54981e-07
6.38556e-10
9.36579e-07
2.9995e-06
4.52289e-06
3.5459e-06
9.66093e-07
5.13488e-07
6.03856e-06
8.02563e-06
1.08721e-05
4.85623e-06
1.01009e-06
1.96063e-05
1.14753e-05
2.73347e-06
2.47695e-06
2.67885e-06
3.02868e-07
1.7252e-06
3.10894e-06
1.44718e-06
1.91267e-06
1.84546e-05
3.8523e-05
3.1488e-05
3.38679e-06
2.23049e-06
4.10371e-06
2.70415e-05
3.89557e-05
3.13576e-05
9.81294e-06
3.96578e-06
3.7808e-06
1.11097e-05
2.67757e-05
2.05721e-05
5.53778e-07
2.45185e-06
2.73679e-06
1.38049e-06
7.22967e-07
8.3701e-07
1.32666e-06
1.78776e-06
3.31395e-06
5.34672e-06
4.63895e-06
1.70213e-05
2.00836e-05
1.61028e-06
2.71626e-06
8.46707e-06
2.74683e-06
5.13871e-06
6.09108e-06
1.05292e-06
6.54539e-06
1.2689e-05
7.91059e-06
4.3693e-06
2.19506e-06
5.99529e-06
8.96693e-06
4.14391e-06
2.05594e-06
2.21199e-05
3.84911e-05
2.98813e-05
1.70817e-05
2.74835e-06
2.06357e-06
4.52708e-06
2.07964e-05
2.49047e-05
7.77698e-06
2.35849e-06
4.69263e-06
2.26744e-06
5.50796e-06
3.20259e-06
6.85008e-07
2.32807e-06
3.11453e-06
1.99489e-06
3.2495e-06
5.561e-06
2.15996e-05
2.25389e-05
2.34337e-06
4.60824e-06
3.9417e-06
4.10863e-06
7.76786e-06
8.62872e-06
7.77081e-06
5.87833e-06
2.59747e-06
3.0491e-06
5.13429e-06
7.43291e-06
6.33504e-06
1.01227e-06
5.35087e-07
5.72503e-07
1.55265e-06
1.73288e-05
3.04293e-05
2.81354e-05
1.94012e-05
2.12893e-06
2.63519e-06
1.45842e-06
6.71413e-07
1.57738e-06
2.16886e-06
7.23161e-06
8.12747e-06
9.75636e-06
3.4356e-05
3.32782e-05
2.28396e-05
5.11672e-06
2.8519e-06
1.46657e-06
1.92021e-06
1.14091e-05
1.05248e-05
3.44542e-06
5.02666e-06
6.51707e-06
6.95798e-06
5.90376e-06
2.06214e-06
1.36023e-05
3.87274e-05
1.00236e-05
6.46279e-07
9.74342e-06
2.07946e-05
2.30565e-05
1.14971e-05
2.92518e-06
1.52172e-06
3.59256e-06
1.67035e-05
1.68116e-05
9.89465e-06
1.84773e-06
5.96395e-06
5.05494e-06
2.2458e-06
1.77688e-06
6.34218e-06
7.04481e-06
5.99081e-06
4.25226e-06
1.33155e-05
3.96848e-05
4.10128e-05
3.43992e-05
5.46938e-06
7.11293e-06
2.58479e-06
3.20335e-06
7.0171e-06
7.19303e-06
6.99882e-06
2.8718e-05
1.9249e-05
8.28976e-06
5.29874e-06
1.46349e-06
3.58215e-06
3.67249e-05
1.94273e-05
5.55133e-06
8.25292e-07
2.67699e-05
2.95609e-05
8.11469e-06
4.51832e-06
7.52747e-06
4.54455e-06
2.19236e-06
3.79249e-06
2.47806e-06
4.20426e-06
5.76056e-06
5.62113e-06
2.21331e-06
3.8503e-06
1.24274e-06
4.11136e-06
4.34736e-06
8.69202e-06
6.69299e-07
2.13784e-05
1.07185e-05
2.81915e-06
3.10666e-06
9.65964e-06
3.61855e-06
2.69418e-06
3.96245e-06
5.30569e-07
1.52208e-06
1.90363e-05
1.03479e-05
6.69472e-06
9.513e-06
5.19404e-06
3.83837e-06
5.55368e-06
1.69645e-05
1.20852e-05
3.22343e-06
4.52499e-06
2.78012e-05
1.54695e-06
3.56908e-06
1.4873e-05
1.39497e-05
2.42419e-06
5.47093e-06
2.1204e-06
1.92064e-06
4.64813e-06
8.14486e-06
3.64725e-06
2.04666e-06
9.22501e-07
2.143e-05
8.99042e-06
3.53864e-06
1.44782e-06
2.26148e-06
3.88273e-06
3.83203e-07
6.46533e-07
1.05517e-07
1.97413e-06
2.25985e-05
5.86103e-06
3.2869e-06
1.98227e-06
7.6435e-07
6.44218e-06
8.59591e-06
7.63401e-06
5.9619e-06
2.20162e-06
1.16159e-06
5.28024e-06
1.77162e-05
5.39543e-06
2.31921e-06
1.16936e-05
3.35423e-06
2.95873e-06
4.89821e-06
1.1026e-05
4.49468e-06
6.19993e-06
2.40266e-06
4.94095e-06
4.82269e-06
5.63236e-06
1.01032e-05
6.63128e-06
6.45545e-06
1.56281e-06
6.2204e-06
2.08778e-05
1.82482e-07
6.17198e-06
1.12925e-06
2.4754e-06
3.92953e-06
1.22751e-06
2.2216e-06
5.37441e-07
4.96806e-07
4.58169e-06
3.51193e-06
1.56544e-06
1.63384e-06
1.13929e-05
3.47416e-05
3.94735e-05
3.48261e-05
2.09725e-05
2.54318e-06
8.83273e-06
7.7037e-06
3.42149e-06
2.60028e-06
4.67473e-06
4.87131e-06
2.11843e-06
1.32822e-05
4.57805e-06
3.75078e-06
2.69399e-06
2.96588e-06
3.29479e-06
5.85178e-06
7.62497e-06
4.67191e-06
7.42623e-06
3.2643e-06
6.69185e-06
3.63961e-05
2.60409e-05
3.1865e-06
5.92609e-06
5.08953e-06
1.33451e-06
9.19832e-06
2.30656e-06
5.61668e-06
4.46349e-06
4.99781e-06
3.54823e-06
1.50416e-06
1.09494e-06
3.56378e-06
4.69675e-05
4.60768e-05
2.06295e-05
1.06106e-05
2.56093e-06
8.23106e-06
1.48867e-05
1.24105e-05
5.0916e-06
3.47446e-06
5.34716e-06
2.87055e-06
2.14696e-05
1.15712e-05
6.81796e-06
7.33628e-06
6.06674e-06
4.07753e-06
2.69925e-06
4.66088e-06
1.0997e-06
3.75885e-07
8.79289e-06
2.0237e-05
7.28667e-06
1.73074e-05
7.59898e-06
7.87587e-06
2.6715e-06
8.79619e-07
2.40749e-06
1.4726e-06
4.60678e-06
6.3381e-06
7.35516e-06
5.07825e-06
2.69569e-06
1.16944e-06
2.21912e-06
1.32659e-05
3.13292e-05
4.91735e-06
6.29594e-06
6.07969e-06
6.22624e-06
1.62804e-05
2.92112e-05
2.5862e-05
1.26004e-05
2.74461e-06
4.26833e-06
1.59709e-05
1.96199e-05
1.19433e-05
6.01147e-06
5.38596e-06
1.5523e-05
4.45935e-06
6.20285e-06
2.71546e-06
4.87862e-05
7.39156e-05
5.02793e-05
1.6586e-05
4.54187e-07
4.51632e-06
3.67486e-06
4.27368e-06
1.62822e-06
2.30713e-06
1.27809e-05
5.72747e-06
5.8443e-06
3.71663e-06
2.60375e-06
4.09352e-06
2.8131e-06
1.51337e-06
3.04869e-06
1.16604e-05
1.54704e-05
4.54801e-06
5.0782e-06
3.68176e-06
1.8078e-06
3.31736e-05
3.65468e-05
2.10254e-05
6.11278e-06
4.43281e-07
1.01214e-06
1.14603e-05
1.08349e-05
1.23399e-05
5.46809e-06
2.52358e-06
2.92835e-06
3.19016e-06
4.33955e-06
1.94407e-05
6.30702e-05
7.42552e-05
3.23776e-05
8.81088e-06
2.25578e-06
2.66906e-06
6.92219e-07
4.99122e-06
8.05637e-06
8.5873e-07
2.03153e-05
6.28252e-06
3.69452e-06
1.5835e-06
2.16937e-06
1.36418e-06
4.20379e-06
1.62173e-06
2.56283e-06
8.47913e-06
2.8817e-05
9.92888e-07
3.33221e-06
2.10961e-06
2.50724e-05
5.22157e-05
9.23803e-06
7.38095e-07
5.5294e-07
3.04226e-07
1.32744e-06
5.40608e-06
1.1801e-05
1.1204e-05
5.10759e-06
2.04224e-06
6.10246e-06
5.934e-06
5.41518e-06
2.27671e-05
3.9447e-05
3.79479e-05
3.35868e-05
1.0952e-05
1.70754e-07
5.47907e-06
2.96001e-05
3.42852e-06
1.24244e-06
5.61479e-05
1.5865e-06
1.32729e-06
4.13984e-07
7.66171e-07
1.316e-05
7.00941e-06
1.44308e-06
3.5817e-06
5.25702e-06
4.78851e-06
1.295e-05
4.00471e-06
6.92764e-06
8.0591e-07
6.55446e-05
2.47254e-06
5.94582e-07
5.63496e-07
1.22299e-06
3.56179e-06
3.12734e-06
5.64537e-06
6.65398e-06
5.4785e-06
2.8533e-06
8.55516e-07
9.9452e-06
3.39182e-06
1.06726e-06
1.73398e-05
1.80376e-05
2.03959e-05
2.17468e-05
7.18357e-06
7.76831e-07
2.27432e-05
3.35198e-05
2.58475e-06
9.74226e-07
1.52453e-05
4.9389e-07
6.72379e-07
1.34575e-06
1.04517e-05
2.28911e-05
3.30235e-07
2.1501e-06
6.28311e-06
8.85909e-06
5.63549e-06
3.55916e-06
4.87554e-06
6.89082e-06
4.86484e-05
8.46347e-06
1.04663e-06
8.50556e-07
1.1791e-06
2.52656e-06
6.38286e-06
7.74563e-06
3.93196e-06
1.94376e-06
3.0122e-07
6.84868e-06
1.92249e-07
2.47623e-06
4.926e-06
8.38132e-07
9.26383e-06
2.10706e-05
2.03528e-05
1.59676e-05
1.24256e-06
2.27812e-06
2.08613e-05
1.03249e-05
6.24828e-07
3.96696e-07
6.98972e-07
1.79267e-07
2.85151e-06
7.28651e-06
2.19715e-05
9.38774e-06
1.41223e-06
1.06813e-06
1.08337e-05
1.01975e-05
6.33262e-06
1.11725e-06
2.92918e-06
9.36654e-06
1.65858e-05
5.91036e-08
2.1874e-06
1.59235e-06
1.01453e-06
1.93043e-08
1.25819e-06
2.17031e-06
1.55604e-06
1.34113e-06
9.40371e-06
1.63852e-06
5.10559e-06
6.21113e-06
4.27857e-06
5.86459e-08
1.11688e-05
2.48322e-05
3.30415e-05
2.83056e-05
6.49429e-06
4.93712e-06
8.9765e-06
3.38019e-06
1.86608e-08
4.31855e-07
2.97392e-07
1.50323e-06
5.4089e-06
1.30144e-05
1.53445e-05
1.24948e-07
9.26533e-07
3.15182e-06
1.78532e-05
1.41043e-05
3.36643e-06
1.01138e-06
4.70516e-06
2.29275e-06
4.22638e-07
5.26826e-06
5.00131e-07
2.60493e-06
3.73325e-07
2.28527e-06
9.88197e-07
5.27386e-07
1.67814e-06
2.9832e-06
3.59457e-06
1.06828e-06
7.2399e-07
1.6945e-06
1.27545e-06
6.41827e-07
1.54731e-05
2.36255e-05
2.86085e-05
9.03052e-06
1.69758e-06
3.03224e-06
4.25258e-06
5.27187e-07
3.62787e-07
7.50912e-07
7.68933e-08
3.29673e-06
3.48798e-06
5.21221e-06
7.76663e-07
1.67053e-07
3.67638e-07
9.71923e-06
2.6248e-05
1.03469e-05
1.2935e-06
2.70953e-06
3.98518e-07
9.34022e-07
4.91942e-06
1.7174e-06
3.08441e-06
1.8715e-07
8.19154e-06
9.05061e-06
2.51809e-06
1.0263e-06
2.10468e-06
1.60762e-06
5.44825e-08
2.90005e-08
1.31049e-07
3.60758e-07
3.24277e-08
3.49625e-06
9.47156e-06
9.01396e-06
5.85874e-06
1.32085e-06
8.89617e-07
1.5936e-06
9.01031e-07
3.15735e-07
8.71579e-07
3.30842e-08
7.7353e-07
1.15835e-06
6.18458e-07
2.3069e-07
4.26515e-08
4.35994e-08
4.93755e-07
1.35739e-05
2.56418e-05
1.65556e-06
2.68036e-06
3.08533e-06
3.96031e-06
3.79064e-06
1.78942e-06
1.90205e-07
1.91722e-07
2.66538e-07
1.09045e-05
5.41255e-06
1.03203e-06
2.46045e-07
2.43192e-08
8.35986e-09
6.68321e-09
1.0905e-08
5.81583e-08
7.75678e-08
9.51087e-08
1.31099e-06
9.79209e-07
6.9909e-07
6.72855e-07
4.0963e-07
4.37427e-07
2.87517e-07
9.22197e-08
2.94488e-07
4.91638e-08
2.08364e-07
9.42567e-07
2.18687e-07
5.54915e-08
2.0741e-08
2.22498e-08
1.72621e-08
6.01899e-07
7.4591e-06
8.03379e-06
1.13812e-06
5.53644e-07
1.48106e-06
1.79247e-06
2.44063e-07
1.09693e-08
1.15814e-07
1.34417e-10
1.38104e-06
2.52019e-06
2.4564e-07
5.35057e-08
2.00891e-08
5.42898e-09
9.50699e-09
1.16659e-08
4.85909e-09
7.58985e-09
3.94065e-09
5.07962e-08
9.76343e-08
4.05638e-08
4.14563e-08
7.98606e-08
7.04293e-08
8.17412e-08
5.46671e-08
5.12224e-08
2.28277e-08
2.84722e-08
8.1876e-08
2.02508e-07
3.21414e-08
6.82131e-09
1.41217e-08
9.20648e-09
2.80787e-09
1.68575e-07
7.01491e-07
2.79267e-08
2.85368e-08
1.28944e-07
2.91292e-07
1.40874e-07
2.44018e-09
3.51173e-08
6.65559e-09
6.69211e-08
6.96351e-07
2.50393e-07
2.31513e-08
1.19791e-08
5.71758e-09
4.96283e-09
6.92512e-09
1.15479e-09
1.64051e-09
2.20127e-09
1.06711e-09
4.35329e-09
7.35577e-09
2.87748e-09
2.54043e-09
4.84016e-09
5.07245e-09
2.1445e-08
4.99183e-08
1.31595e-08
2.9184e-09
6.8068e-09
1.71308e-08
3.89054e-08
6.02015e-09
2.29355e-09
4.29672e-09
4.30878e-10
9.38786e-10
1.04033e-08
1.08837e-08
1.45273e-10
9.66454e-09
3.82512e-08
7.76153e-08
3.77876e-08
1.13943e-09
1.10827e-08
3.17105e-08
1.4224e-07
1.63958e-07
6.39502e-08
6.94157e-09
4.56579e-09
2.46625e-09
9.48945e-10
4.33607e-10
1.35793e-10
4.69901e-09
1.42907e-09
5.9345e-11
7.05772e-11
4.02525e-10
4.89194e-10
1.3909e-09
2.22924e-09
1.07781e-08
6.20148e-08
4.47601e-08
2.91793e-09
2.74358e-10
1.063e-09
4.80697e-09
8.44746e-09
7.63564e-10
1.74427e-10
1.53218e-10
2.23991e-13
1.79172e-10
1.16081e-10
5.32674e-10
4.79376e-12
1.29072e-09
8.48917e-09
2.04157e-08
1.51134e-08
2.87372e-10
9.5692e-09
2.38087e-08
2.45793e-08
2.28015e-08
1.48349e-08
1.21886e-09
5.3195e-10
5.67673e-10
8.89393e-11
1.76497e-12
1.0342e-10
1.29944e-09
3.58114e-11
3.74047e-10
1.72183e-10
1.3607e-11
7.00016e-11
3.49408e-10
1.52774e-09
7.81285e-09
2.09555e-08
9.26413e-09
5.90119e-10
8.35002e-12
3.39577e-11
6.22139e-10
1.22979e-09
2.86703e-06
3.47349e-06
3.22962e-06
2.40382e-06
2.096e-06
7.16801e-06
9.61957e-06
1.28981e-06
7.41379e-07
4.58456e-06
7.86562e-06
8.58525e-06
4.4817e-06
4.67322e-07
6.74318e-06
1.38532e-06
1.82754e-06
5.01729e-06
3.04105e-06
1.01641e-07
1.02031e-05
1.72426e-05
1.09011e-05
2.2645e-06
8.41684e-07
3.48079e-06
6.60108e-06
2.7979e-06
1.5831e-07
2.42256e-07
5.10213e-07
2.5106e-06
1.74435e-05
2.44508e-05
1.59165e-05
4.61529e-06
2.75333e-06
4.19544e-06
3.74324e-06
2.71771e-06
3.53585e-06
3.50388e-06
2.72419e-06
6.49265e-07
2.75241e-05
1.21605e-05
2.57217e-07
2.11666e-06
2.52536e-06
1.26086e-05
5.67858e-06
1.78906e-06
1.0066e-05
1.28862e-05
4.76538e-06
2.81895e-06
1.07022e-06
6.81628e-06
2.20663e-05
2.97071e-05
2.38536e-05
2.44743e-06
5.59874e-07
1.51411e-06
2.70432e-06
2.47926e-06
1.77457e-06
2.69393e-06
1.3557e-05
2.1968e-05
1.27331e-05
1.61247e-06
2.00907e-06
2.90711e-06
2.75329e-06
4.31425e-05
5.72222e-05
5.57703e-05
3.11132e-05
3.03789e-06
2.37845e-06
2.95379e-06
2.52748e-05
2.60879e-05
7.25354e-06
5.21233e-07
1.17005e-06
2.96403e-06
3.71744e-06
9.90158e-06
2.31145e-05
2.02421e-05
1.02814e-05
7.35496e-06
2.04512e-05
3.23141e-05
3.52813e-05
1.77182e-05
5.32006e-06
7.23984e-06
5.59535e-06
3.82472e-06
2.56152e-06
1.23588e-06
3.86422e-07
2.33512e-06
6.22118e-06
1.34404e-05
1.86442e-05
7.40357e-06
1.55848e-06
3.09438e-06
1.94563e-06
5.43414e-06
4.88585e-05
6.169e-05
4.86562e-05
7.55177e-06
6.14528e-06
5.49459e-06
2.46064e-06
3.62433e-06
6.61538e-06
2.87924e-06
1.78771e-06
2.79006e-06
4.23408e-06
5.58699e-06
7.53751e-06
1.87231e-05
1.59658e-06
3.49381e-06
3.35715e-06
4.63806e-07
2.31624e-05
2.0929e-05
9.05678e-06
3.00317e-06
2.44369e-06
5.61571e-06
4.10708e-06
1.06257e-06
2.00976e-06
2.8477e-06
3.36899e-06
1.28441e-05
2.54694e-05
1.21128e-05
9.79484e-07
2.78312e-06
2.88123e-06
2.19213e-06
2.89161e-05
3.8868e-05
3.57839e-05
2.72685e-05
3.2292e-06
2.78578e-06
3.1247e-06
2.31911e-06
1.51877e-06
2.72341e-06
3.25116e-06
3.17087e-06
2.97555e-06
2.63895e-06
3.42306e-06
2.14392e-07
1.92817e-06
1.1697e-06
1.02838e-06
1.37827e-06
5.96095e-06
1.51773e-05
2.72282e-05
3.92383e-05
2.36202e-05
6.13739e-06
2.17724e-06
6.12607e-06
2.13718e-05
3.03377e-05
1.87611e-05
1.95563e-06
1.12768e-06
6.49136e-06
6.76604e-06
2.33007e-06
1.96009e-06
1.08267e-06
3.79454e-06
2.77753e-05
3.3093e-05
6.79218e-06
2.44022e-06
1.5081e-05
3.69436e-05
1.06087e-05
8.80289e-07
6.37784e-07
1.53835e-05
1.30127e-05
9.73438e-07
2.59578e-06
2.21231e-06
7.37664e-06
4.16418e-06
1.28622e-06
1.93424e-06
9.10808e-06
2.4639e-05
2.71556e-05
4.33264e-06
4.78105e-06
1.94244e-05
7.71343e-06
7.66465e-07
1.01249e-05
4.38557e-05
4.95377e-05
3.97475e-05
4.75106e-06
1.03126e-06
6.85419e-07
9.05616e-08
2.1154e-06
2.99519e-06
1.37983e-06
4.38711e-06
7.22697e-06
1.10374e-05
2.0117e-05
5.07659e-06
2.3586e-06
3.55205e-07
3.67026e-06
7.94441e-06
1.52303e-06
7.70184e-07
3.82789e-06
1.06066e-05
1.19661e-06
3.08968e-06
7.57725e-06
2.09053e-05
6.76069e-06
3.52076e-06
5.91636e-06
1.41898e-05
2.75218e-05
2.56847e-05
9.29791e-06
1.50016e-05
2.3127e-05
1.80584e-06
4.83289e-06
9.69796e-06
5.64321e-05
5.83944e-05
2.02455e-05
2.47817e-06
3.24763e-06
3.98081e-06
1.17059e-06
1.81264e-06
5.76198e-06
1.65583e-06
4.95426e-06
3.93661e-06
4.14467e-06
5.76703e-06
1.42004e-06
2.155e-06
4.92445e-06
1.10123e-05
3.2772e-05
1.54103e-05
5.77988e-06
4.40386e-06
2.44104e-05
1.49522e-06
3.90231e-06
4.80494e-05
1.06221e-05
1.18069e-07
4.68951e-06
2.52538e-06
1.01473e-05
1.08257e-05
3.99074e-06
3.83066e-06
1.20866e-05
3.46496e-05
1.58049e-05
3.52237e-06
2.8135e-06
1.17366e-05
5.35459e-05
9.45698e-06
4.92037e-06
2.98602e-06
1.92421e-06
1.40374e-06
1.71802e-05
2.93705e-05
1.53137e-06
1.61791e-06
3.23272e-06
2.78197e-06
1.37719e-06
2.26007e-06
1.13637e-06
1.81068e-06
1.03221e-05
2.2759e-05
1.75868e-05
8.72319e-06
2.8167e-06
7.67911e-06
4.23381e-06
3.54174e-05
1.85364e-05
6.95633e-07
1.66983e-05
6.59162e-06
3.41235e-05
4.86703e-05
2.84947e-06
5.22982e-06
2.03502e-06
5.61851e-06
1.58761e-05
4.80779e-06
3.18844e-06
3.40925e-06
2.25237e-06
7.35946e-06
1.68656e-05
1.31546e-06
1.4921e-06
1.66063e-06
1.60331e-05
3.77209e-05
4.92145e-05
2.91135e-05
3.16411e-06
3.19245e-06
4.42353e-06
4.62559e-06
4.30889e-06
3.09316e-06
3.34456e-06
1.82924e-05
2.19072e-05
1.10719e-05
1.94067e-06
2.75626e-06
4.01585e-06
5.00872e-06
7.08229e-06
1.11816e-05
1.89333e-06
2.31868e-05
2.3689e-05
3.51539e-05
4.0439e-05
1.09176e-06
5.27121e-06
6.08708e-06
2.19514e-06
2.09618e-06
4.09073e-06
3.11766e-06
3.02696e-06
6.72044e-07
1.32858e-06
1.2797e-05
7.25193e-06
7.63237e-07
1.88345e-06
6.14977e-06
1.86806e-05
8.87058e-06
2.22961e-07
4.59785e-06
1.04966e-05
1.16464e-06
5.22343e-06
6.18183e-06
1.19218e-05
9.61132e-06
1.43173e-05
1.39571e-05
4.4839e-07
8.10413e-07
3.28576e-06
1.83531e-05
3.35629e-05
2.67831e-05
1.76297e-05
2.05909e-05
8.98416e-06
5.39869e-06
3.38193e-06
4.10175e-05
2.91537e-06
4.42409e-06
2.52043e-06
1.03197e-05
1.9805e-05
3.0131e-06
6.3872e-06
6.68495e-06
1.1448e-05
4.997e-06
5.92412e-07
4.47024e-06
2.89885e-06
2.02138e-06
1.57528e-06
9.85429e-07
1.09268e-06
5.76352e-06
4.21254e-06
1.69678e-06
1.21105e-05
7.90888e-08
5.67257e-06
2.14503e-06
3.92298e-06
1.29968e-05
1.01723e-05
6.68662e-06
4.21854e-06
1.24702e-06
4.90704e-06
6.26853e-05
4.40937e-05
5.58188e-06
9.70762e-07
1.31156e-05
3.14624e-06
2.11631e-06
1.80142e-05
2.66267e-05
1.42757e-06
5.10694e-07
3.42001e-06
3.53249e-05
6.45041e-06
2.95022e-06
1.32648e-06
7.8025e-07
1.15181e-05
1.58311e-06
1.60473e-06
4.55216e-06
8.22796e-06
4.78194e-06
1.00249e-06
1.83815e-06
1.40708e-05
4.31222e-06
1.98438e-06
3.73771e-06
2.24801e-07
5.86354e-06
5.18084e-06
7.82078e-06
4.0904e-06
4.19967e-06
6.2025e-06
2.89504e-06
7.65622e-07
1.31082e-06
6.96992e-06
5.24972e-06
5.63984e-06
2.39428e-06
7.20551e-06
1.81058e-06
9.35294e-07
2.60389e-06
2.38281e-05
4.6188e-05
8.7244e-06
9.00294e-07
2.98596e-06
9.62792e-06
2.12944e-06
2.74029e-06
6.32712e-06
1.82764e-05
1.00271e-05
1.0064e-07
1.73728e-07
3.70284e-06
6.90753e-06
2.86511e-06
5.16448e-06
2.1732e-05
1.71862e-05
2.53887e-06
6.01509e-07
4.72605e-07
2.03101e-06
3.73659e-06
2.6463e-06
1.61802e-05
7.66779e-06
1.22756e-06
3.54039e-07
2.32747e-06
5.39952e-06
1.50991e-05
5.57541e-06
3.44337e-06
9.29426e-07
3.26981e-07
1.60542e-06
1.27127e-06
3.21894e-06
1.85442e-05
5.34162e-05
4.01556e-05
1.62788e-06
7.14611e-08
9.35797e-07
1.80596e-06
2.15585e-06
1.35053e-06
1.2391e-05
1.48427e-05
4.78927e-07
9.86911e-07
5.85117e-06
7.96309e-06
7.47955e-06
6.58956e-06
9.07673e-06
6.12772e-06
1.3101e-06
6.81979e-07
1.06241e-06
3.51876e-06
5.91356e-06
3.11845e-06
2.24878e-06
4.98673e-06
1.09814e-06
5.008e-06
9.40297e-06
1.0437e-05
5.92824e-06
4.1183e-06
9.03209e-06
4.44747e-06
1.19359e-06
5.64143e-07
1.31552e-06
7.79062e-06
3.24613e-05
4.1722e-05
4.9635e-05
1.6111e-05
7.36644e-08
1.07768e-07
1.38021e-06
1.32965e-06
1.90223e-06
2.80475e-06
8.90139e-06
4.66162e-06
8.35897e-07
9.60232e-06
6.40501e-06
3.67293e-06
4.4266e-06
3.43642e-06
2.72544e-06
5.27417e-07
5.20796e-07
9.16397e-07
2.94182e-06
3.54164e-06
6.02253e-06
1.47841e-06
1.19654e-06
1.02818e-06
1.12122e-06
5.21796e-07
1.13394e-06
3.36757e-06
7.17014e-06
7.73155e-06
3.46481e-07
1.35041e-05
4.61603e-07
2.66766e-06
2.87121e-06
1.00494e-05
9.18654e-06
2.41085e-05
3.13807e-05
3.7033e-06
5.70139e-08
1.51224e-07
1.46356e-06
1.77228e-06
2.50867e-06
5.54558e-06
6.02479e-06
2.02027e-06
6.10451e-07
7.2983e-06
4.22573e-06
5.40305e-06
2.90028e-06
3.26688e-06
6.17323e-07
1.62525e-08
6.8355e-08
1.0518e-06
2.6899e-06
3.58499e-06
4.0908e-06
9.76202e-07
5.60675e-07
2.22597e-07
2.97623e-07
7.02421e-07
2.16825e-06
3.53638e-06
3.26119e-06
3.21572e-06
2.56874e-06
5.63511e-06
2.54614e-06
1.9143e-08
6.85993e-07
7.44265e-06
3.39071e-06
2.36712e-05
1.41314e-05
1.35735e-06
1.91667e-07
5.54297e-07
2.56682e-06
2.03283e-06
3.01683e-06
6.84249e-06
3.65701e-06
2.59695e-06
1.63851e-06
5.05412e-06
5.53055e-06
2.828e-06
8.98572e-07
1.25301e-07
4.9221e-08
1.46649e-08
5.48084e-08
7.93112e-07
1.73729e-06
2.17508e-06
1.17687e-06
4.74434e-07
4.39544e-07
4.10019e-07
3.69924e-07
1.67411e-06
5.04507e-06
1.17326e-05
7.88842e-06
4.25306e-06
4.82265e-06
8.53772e-07
3.1101e-06
1.00731e-05
1.36352e-05
4.45205e-06
2.78801e-06
3.37856e-05
7.61809e-06
4.18827e-07
7.29537e-07
1.01008e-06
3.83301e-06
2.7359e-06
2.06338e-06
5.809e-06
2.14638e-06
8.64903e-07
1.28713e-06
6.51897e-06
3.99205e-06
2.3781e-05
1.90413e-07
9.89782e-08
4.71521e-08
1.89545e-08
9.27804e-09
2.99559e-07
4.12026e-07
2.15216e-07
3.97398e-07
3.27793e-07
3.28357e-07
1.24215e-07
1.33943e-06
6.81179e-06
1.21766e-05
1.62979e-05
7.28914e-06
2.04459e-06
5.28046e-06
4.94156e-06
7.8264e-06
1.13803e-05
1.20305e-05
3.29555e-06
2.62466e-05
1.52708e-05
1.49485e-06
1.26828e-07
6.27434e-07
3.8813e-07
8.98062e-06
3.75685e-07
6.56426e-07
4.75478e-06
7.90636e-06
4.50577e-07
6.61342e-07
9.54875e-06
1.40096e-06
2.35488e-06
1.72755e-06
3.55802e-07
8.87652e-08
2.61148e-08
9.86567e-08
1.00574e-07
7.44069e-08
2.38352e-07
2.72499e-07
3.35997e-07
1.37378e-07
1.9419e-07
3.88122e-06
6.32084e-06
6.30036e-06
4.06263e-06
2.22091e-07
1.60342e-06
3.23714e-06
5.60029e-06
5.96319e-06
9.85706e-06
9.87732e-06
1.29915e-05
2.51545e-06
2.9258e-07
4.95738e-09
1.03886e-07
4.58993e-08
5.56386e-07
2.61176e-06
7.19934e-08
5.77135e-07
1.61308e-05
4.15824e-07
3.43663e-07
2.09923e-06
1.89062e-06
3.2944e-06
2.81861e-06
2.22816e-06
2.73971e-07
4.4929e-08
2.20589e-08
3.38627e-08
7.36353e-08
1.53527e-07
1.71093e-07
1.6588e-07
1.5034e-07
3.32972e-08
7.06865e-07
2.96653e-06
1.86394e-06
1.1975e-06
2.38454e-07
6.78446e-08
5.74812e-07
1.58578e-06
4.11989e-06
6.35056e-06
1.38042e-05
1.28377e-05
2.65856e-07
1.38408e-08
7.2558e-09
1.27798e-09
1.84773e-08
2.83188e-08
2.44725e-07
1.74181e-07
4.75193e-08
2.374e-06
1.00594e-05
4.46728e-07
2.41478e-08
6.81938e-06
1.00567e-06
5.036e-06
2.06551e-06
6.88272e-07
1.32254e-07
3.60466e-07
3.08092e-08
6.57546e-09
2.69105e-08
3.86979e-08
4.73955e-08
3.16752e-08
1.35059e-08
1.21859e-07
8.36503e-07
7.39856e-07
3.58193e-07
2.26168e-07
3.13334e-08
4.04135e-08
3.50066e-07
1.26685e-06
3.07599e-06
6.25457e-06
7.79592e-06
3.58744e-06
7.73004e-10
2.75131e-08
1.18616e-08
3.33632e-09
4.42512e-08
9.33143e-10
7.78574e-08
2.49647e-08
4.71283e-08
3.1195e-06
2.17811e-07
1.72638e-07
4.72011e-09
3.54787e-06
5.45381e-06
3.48322e-07
9.70895e-07
8.81052e-08
5.18555e-07
4.98047e-07
5.13038e-08
5.54723e-10
3.20493e-09
9.12881e-09
6.84289e-09
4.00338e-10
1.05868e-08
1.17033e-07
2.17584e-07
1.20432e-07
8.01656e-08
6.72094e-08
4.06124e-08
1.21862e-07
3.65452e-07
8.16332e-07
1.21343e-06
9.381e-07
3.26476e-07
5.36028e-08
1.5503e-08
3.26317e-08
3.43089e-10
3.12833e-08
1.86774e-08
4.82914e-09
1.28685e-08
2.46832e-10
8.21731e-08
1.01707e-07
9.03143e-08
5.28186e-08
1.20527e-08
5.90511e-06
1.48968e-08
2.76569e-07
2.74938e-07
2.10477e-08
4.08319e-07
1.78476e-07
8.8706e-09
1.59244e-10
2.62858e-09
2.80177e-09
1.11626e-09
1.33915e-11
4.79589e-09
2.85887e-08
3.2864e-08
2.48698e-08
2.62385e-08
3.87169e-08
6.00901e-08
1.17407e-07
1.82252e-07
2.36095e-07
1.47779e-07
5.03465e-08
1.16986e-08
1.78017e-10
9.42342e-09
3.59442e-09
2.51728e-09
1.85895e-08
3.58282e-10
3.03537e-09
1.95843e-09
4.58981e-09
2.50342e-08
2.52393e-08
1.1529e-08
9.71725e-09
7.35495e-09
2.14957e-09
1.82143e-08
9.28245e-08
6.44227e-08
1.46716e-08
1.39696e-07
3.64238e-08
4.656e-10
3.53383e-10
1.24086e-09
1.06584e-09
7.28897e-10
1.46988e-10
3.94725e-10
3.47478e-09
4.55534e-09
5.45875e-09
7.73947e-09
1.56563e-08
2.34873e-08
2.8424e-08
3.34791e-08
3.21744e-08
1.63898e-08
3.97127e-09
4.15746e-10
3.9395e-10
3.9658e-10
7.34068e-11
1.06679e-09
2.31771e-09
7.86732e-12
5.85281e-10
4.41658e-10
6.03141e-10
1.19711e-09
1.15892e-09
1.21584e-09
1.56616e-09
3.19615e-10
2.33682e-11
1.07201e-09
2.99116e-08
2.15361e-08
7.86711e-10
1.97951e-08
5.23449e-09
1.37364e-11
1.61558e-10
3.34482e-10
3.50256e-10
4.34058e-10
2.64379e-10
4.76239e-11
7.41531e-10
7.4162e-10
5.73823e-10
9.1177e-10
2.15984e-09
2.24996e-09
1.40431e-09
2.10273e-09
2.73957e-09
1.44722e-09
3.25042e-10
1.07454e-10
1.65694e-11
9.16431e-07
2.05626e-06
2.94419e-06
1.71844e-06
7.84378e-06
2.1864e-05
1.38935e-05
2.97416e-06
4.57263e-07
2.31803e-06
5.9638e-06
7.6376e-06
5.52617e-08
3.12756e-07
8.48528e-06
1.34235e-05
1.30143e-05
5.27732e-06
1.07359e-07
4.07196e-06
3.14278e-05
3.89763e-05
2.80026e-05
8.01526e-06
1.90479e-06
4.13667e-06
5.9368e-06
2.18597e-06
1.18022e-07
4.6069e-09
1.21934e-07
8.0423e-07
1.5841e-06
2.51259e-06
3.3028e-06
3.31325e-06
2.67598e-06
2.08399e-06
1.08047e-06
3.66533e-07
5.29786e-06
7.45079e-06
8.8559e-06
9.0548e-06
6.45765e-06
2.86022e-06
7.58965e-07
1.52352e-06
1.47726e-06
4.52722e-06
9.3302e-06
9.19878e-06
1.67087e-05
2.13693e-05
7.9995e-06
2.62908e-06
1.98086e-06
1.46419e-06
1.63279e-05
2.94269e-05
3.52222e-05
3.14415e-05
4.55251e-06
1.29915e-06
1.77546e-06
2.05073e-06
1.78487e-06
1.17607e-06
2.25017e-06
1.83034e-05
2.47628e-05
2.83181e-06
2.81878e-06
2.97634e-06
1.12805e-06
1.48974e-05
3.18943e-05
1.36946e-05
3.56439e-06
3.04808e-06
1.09931e-05
1.14236e-05
5.39339e-06
2.59232e-06
9.1847e-07
1.33666e-06
2.76198e-06
3.10412e-06
9.45886e-06
2.84939e-05
3.37305e-05
2.41043e-05
6.23286e-06
5.25422e-06
1.3989e-05
1.06818e-05
3.82941e-07
3.96184e-06
1.33497e-05
8.57046e-06
2.52066e-06
3.50338e-06
3.44848e-06
1.71604e-06
1.50747e-06
9.65507e-06
4.49068e-06
3.30023e-06
5.98315e-06
2.74652e-06
2.98928e-06
5.00703e-06
3.3596e-06
4.82529e-07
2.58997e-05
4.12515e-05
5.56994e-06
1.87387e-06
2.57951e-06
3.35199e-06
2.612e-06
2.56919e-06
4.64084e-06
5.32264e-06
2.37625e-06
1.883e-06
3.092e-06
2.33783e-05
3.54646e-05
3.35785e-05
3.79281e-06
1.8803e-06
6.68389e-07
3.57337e-05
2.70048e-05
3.34457e-06
2.42215e-06
3.40549e-06
7.20289e-06
5.69695e-06
3.75695e-06
2.43522e-06
7.1478e-07
1.17635e-06
5.86851e-06
8.40607e-06
2.77589e-05
1.80621e-06
4.9273e-06
5.75547e-06
4.31415e-06
3.05662e-06
4.56772e-06
1.42255e-05
2.80389e-05
6.53398e-06
3.81394e-06
5.0758e-06
6.41899e-06
5.2556e-06
1.90744e-06
4.4203e-06
1.23476e-05
5.71551e-06
4.01531e-06
1.72608e-05
2.50336e-05
1.39689e-05
2.33355e-06
1.56049e-06
2.14832e-06
2.91569e-06
2.39084e-05
3.45258e-05
3.88237e-05
3.74177e-05
2.17518e-05
5.00405e-06
1.05493e-05
1.41273e-05
1.26038e-05
1.72344e-05
2.53746e-05
1.26862e-05
2.53039e-06
1.92853e-05
3.59216e-05
4.13974e-06
4.95295e-06
6.50562e-06
2.45462e-05
5.18926e-05
4.06914e-05
1.33784e-06
6.45878e-06
8.59247e-06
2.07116e-06
2.05849e-06
3.0283e-06
1.88636e-06
1.67488e-05
4.97038e-05
3.7077e-05
1.19328e-06
1.20536e-06
4.12584e-07
1.75038e-06
3.75769e-06
4.50879e-06
4.15894e-06
2.82621e-06
3.01592e-06
5.864e-06
1.3983e-05
3.26114e-05
3.96289e-05
1.14598e-05
5.31681e-06
7.36729e-06
1.29136e-05
1.26325e-05
9.35048e-06
3.17918e-06
2.54796e-07
1.49071e-06
1.68824e-05
8.76429e-06
4.09952e-07
4.92173e-06
5.41811e-07
2.94457e-06
1.667e-06
1.5543e-06
3.24246e-06
5.8805e-06
4.85967e-06
3.14457e-06
3.86864e-06
3.86291e-06
2.68489e-06
6.37852e-05
2.64613e-05
4.00514e-06
1.78863e-06
2.20075e-06
7.7804e-07
2.64788e-07
2.34455e-06
3.64933e-06
3.64239e-06
1.04375e-05
5.12852e-06
1.94717e-06
5.81042e-06
2.26554e-05
7.91694e-06
3.67495e-06
7.96253e-08
5.64515e-07
1.03732e-06
2.43218e-06
1.43852e-06
2.16547e-06
1.95295e-06
7.22164e-06
1.18344e-05
2.01912e-06
2.42143e-06
1.4633e-06
1.22993e-06
6.28506e-07
1.37012e-06
2.10058e-06
7.51659e-07
3.57342e-06
2.78138e-05
2.70997e-05
6.32293e-06
9.13719e-06
4.83384e-05
2.29878e-05
3.90009e-06
5.98439e-06
2.81241e-06
5.14189e-06
8.25878e-07
4.51408e-06
1.46063e-05
3.22532e-05
1.75614e-05
1.47078e-06
3.77088e-06
2.15051e-06
7.25473e-06
6.52626e-06
7.54543e-06
6.37619e-06
4.49599e-06
2.75496e-06
2.29667e-06
2.41546e-06
1.54956e-06
9.04338e-07
1.3363e-06
1.96798e-05
1.02748e-06
4.5739e-06
1.87128e-06
3.78428e-06
1.03538e-06
6.31569e-07
3.16725e-06
1.17647e-05
9.3213e-07
2.11272e-06
1.71046e-05
1.06067e-05
1.8691e-05
4.06002e-05
5.10039e-05
1.31571e-05
5.12355e-06
4.42186e-06
1.27772e-05
2.96165e-06
9.19875e-06
1.41182e-05
3.39464e-05
6.11614e-06
4.17162e-06
4.86167e-06
4.35113e-06
2.54185e-06
5.77114e-07
7.03913e-06
8.52851e-06
8.74608e-06
6.90547e-06
3.86789e-06
6.90702e-06
7.45897e-07
2.93681e-06
1.54015e-05
3.27736e-05
7.0817e-06
6.99224e-06
5.29145e-07
2.72039e-06
1.72133e-06
1.49582e-05
2.93677e-06
5.22346e-06
2.78983e-06
5.65238e-07
2.60974e-06
2.21424e-05
2.96606e-05
4.8018e-05
5.08013e-05
3.34099e-05
1.79474e-05
7.74119e-06
4.66105e-06
4.91412e-06
5.614e-06
8.52848e-06
1.30289e-06
2.37509e-06
4.25308e-06
3.82108e-06
1.61229e-06
3.04178e-06
2.14286e-05
1.09052e-05
2.13138e-05
3.65006e-05
7.27936e-06
1.12139e-06
8.55669e-06
6.0858e-06
2.66214e-06
2.73072e-06
9.24575e-07
2.15216e-06
4.14851e-06
4.60618e-06
1.46649e-06
1.21385e-06
4.15398e-05
1.16522e-05
4.19059e-06
6.74633e-06
1.13052e-06
1.37292e-06
8.69343e-07
3.46527e-06
1.42445e-05
4.60332e-05
4.8852e-05
4.43284e-05
2.23341e-05
1.60192e-05
7.39245e-06
4.79735e-06
4.83627e-06
2.04984e-06
1.46166e-06
3.92357e-06
2.28021e-06
2.32647e-06
1.73452e-05
2.01872e-05
1.93929e-05
2.96197e-05
2.96443e-05
2.12149e-06
4.42752e-06
6.33376e-06
3.40843e-06
1.24602e-06
1.88779e-06
1.66864e-06
8.03967e-07
2.07171e-06
3.28991e-06
4.62015e-06
3.33847e-06
3.41893e-05
6.27871e-05
6.61065e-06
2.43788e-06
5.4496e-06
6.1391e-06
1.17585e-05
1.07013e-05
4.85989e-07
5.22458e-06
1.5459e-05
2.16833e-05
2.55019e-05
8.06116e-06
6.48001e-06
3.34826e-06
3.83847e-06
3.1953e-06
2.60978e-06
7.46026e-07
8.24329e-07
4.13631e-06
1.87987e-05
1.01416e-05
4.31657e-06
9.12265e-06
2.41605e-05
6.17551e-07
3.70384e-06
2.6347e-06
1.23506e-06
5.02481e-06
6.35899e-06
2.37207e-06
1.33549e-07
6.16071e-07
9.58607e-07
2.20615e-06
5.32326e-06
1.92981e-05
1.70028e-05
9.94591e-06
7.36443e-06
6.72233e-06
3.33545e-06
2.56101e-05
6.29898e-05
2.33879e-05
4.63507e-06
6.98269e-06
4.69306e-06
1.55308e-06
1.40254e-06
3.66722e-06
4.16069e-06
2.20669e-06
8.89844e-06
4.53037e-06
2.88864e-06
2.66586e-07
1.23329e-06
1.53572e-05
1.28411e-05
4.66679e-06
2.65325e-06
2.25094e-05
1.34806e-06
2.92178e-06
1.84547e-06
4.64529e-07
4.79175e-07
1.44809e-06
1.59588e-06
1.30208e-06
2.75516e-06
4.34199e-07
8.06398e-07
1.65794e-07
7.42523e-06
8.19973e-06
3.58777e-06
4.60673e-06
1.36546e-06
8.47042e-06
4.67821e-05
4.8481e-05
1.78783e-05
4.21014e-06
5.5225e-07
6.8293e-06
5.36317e-06
1.27086e-06
8.72175e-07
1.48814e-05
9.78687e-06
1.28658e-05
5.84512e-06
1.86303e-06
2.17538e-06
6.14011e-07
1.43843e-05
1.72948e-05
4.69257e-06
2.20012e-06
2.32064e-05
2.19343e-06
3.96129e-06
1.76362e-06
1.28052e-06
4.36261e-06
1.47522e-06
1.86766e-06
1.89337e-06
9.73009e-07
1.49831e-06
1.10612e-06
7.47912e-07
8.01687e-07
9.80629e-07
1.44469e-06
7.3699e-07
3.23868e-06
1.2737e-07
1.34695e-05
3.22234e-05
1.90692e-05
8.56247e-06
1.54475e-06
4.7603e-06
1.30884e-06
4.77116e-06
2.14692e-06
5.40024e-06
2.45345e-06
4.1703e-06
8.28619e-06
5.05833e-07
9.27424e-07
2.78897e-06
1.59255e-06
2.5353e-05
4.75277e-06
2.36409e-06
2.05469e-06
2.44584e-06
1.66089e-06
1.78838e-06
2.19311e-06
1.04291e-05
2.76323e-06
9.97735e-07
2.15552e-06
6.6584e-07
1.95843e-06
1.94387e-06
3.56251e-07
2.85911e-07
7.16448e-07
3.2531e-07
1.55602e-07
2.351e-08
1.93161e-06
1.67577e-06
2.13347e-06
1.04755e-05
5.50597e-07
4.89075e-07
4.93989e-06
8.75522e-06
9.54802e-06
4.99165e-06
6.30924e-07
1.2716e-06
3.23802e-07
4.43915e-06
2.80723e-06
1.71636e-07
1.57168e-06
3.38156e-06
1.45624e-06
7.83099e-06
9.11275e-07
1.17694e-06
5.05337e-07
2.0014e-07
7.23613e-07
8.97814e-07
9.95316e-06
1.12566e-05
2.68762e-06
1.44692e-06
4.67889e-07
7.88112e-07
3.50914e-06
3.07132e-06
1.23553e-06
2.53391e-07
3.76194e-09
3.24786e-08
3.81914e-07
5.97996e-07
1.18039e-06
1.71524e-06
5.98503e-07
1.41604e-06
1.25818e-06
5.697e-07
1.16631e-06
3.82123e-06
6.13776e-06
8.95646e-07
1.91842e-08
2.53099e-07
1.15509e-06
6.4415e-06
2.5373e-06
7.94296e-07
3.02676e-06
1.55671e-06
4.24749e-07
4.05987e-07
8.94235e-07
1.06359e-07
2.25069e-07
1.20415e-08
1.17392e-06
5.45629e-07
1.1232e-05
7.88849e-06
1.1004e-06
7.41429e-07
2.88052e-07
3.43872e-07
1.52625e-06
1.86999e-06
8.98418e-07
4.18613e-07
8.56069e-08
2.64353e-08
7.32512e-07
3.68913e-07
2.27206e-06
1.15119e-06
1.00948e-06
1.31353e-06
5.86758e-07
3.80833e-07
3.61129e-07
1.96694e-06
4.33465e-06
2.1055e-06
7.14905e-07
1.33294e-07
3.77594e-06
7.66515e-07
7.72264e-08
1.81551e-06
1.48612e-06
7.17659e-07
3.29186e-07
2.34417e-07
2.31318e-07
1.26242e-08
8.13428e-08
2.21893e-07
7.50855e-07
1.33704e-06
1.13268e-05
3.99189e-06
1.8484e-06
5.78537e-07
2.92761e-07
1.17883e-08
2.35281e-07
3.61884e-07
3.18743e-07
2.09558e-07
1.20649e-08
2.78698e-07
1.80188e-07
5.58528e-06
2.97443e-06
8.76476e-07
1.05529e-06
4.97351e-07
3.13689e-07
4.81246e-07
1.67737e-07
7.77336e-07
1.45373e-05
1.35443e-06
7.10998e-07
2.20116e-06
6.22216e-07
5.86303e-06
1.99885e-06
3.89736e-06
5.99008e-07
2.65018e-07
5.46356e-08
3.062e-08
1.72335e-08
4.20159e-08
7.85049e-08
6.75215e-07
1.95672e-07
6.13704e-06
8.85014e-06
9.84461e-06
5.76684e-06
7.28864e-07
3.29858e-07
5.04268e-08
1.87425e-08
3.29494e-08
5.27474e-08
6.67517e-09
1.20659e-07
1.30037e-07
1.02556e-05
1.46888e-05
4.34754e-07
9.3403e-07
4.70243e-07
1.45633e-07
5.20519e-07
3.15611e-07
2.55404e-07
1.35747e-06
1.78999e-05
1.16753e-06
3.7706e-06
1.70989e-06
1.43655e-07
5.43093e-06
3.24642e-06
5.1832e-07
3.19411e-07
6.54674e-08
2.43082e-08
5.52788e-09
6.32046e-09
4.89047e-08
6.85e-07
9.07499e-07
2.43247e-07
1.0893e-05
5.59832e-06
2.84229e-05
6.75194e-07
3.43761e-07
2.95209e-07
2.2876e-07
2.32213e-08
1.02087e-08
6.89411e-09
5.61452e-09
4.24231e-07
1.11531e-05
1.41801e-05
6.41776e-07
4.10638e-07
6.06055e-07
1.58722e-07
3.36735e-07
8.99399e-07
5.50892e-07
2.44323e-06
6.24399e-06
1.20914e-06
8.02573e-07
3.75876e-07
4.51091e-08
2.95129e-06
3.49216e-07
2.23041e-07
2.22105e-07
1.18302e-07
2.16511e-08
4.43264e-08
7.56616e-09
6.59908e-09
2.53675e-07
2.63049e-06
2.44119e-06
2.43682e-06
8.66313e-06
1.20066e-05
1.2515e-05
4.45598e-08
5.66721e-08
6.53222e-07
4.91272e-07
1.04043e-07
6.07231e-08
1.44946e-07
6.3806e-07
2.19338e-06
2.31032e-06
4.17392e-07
5.03689e-08
3.83015e-07
1.52211e-07
1.27438e-07
7.54251e-07
1.91534e-06
3.85505e-06
1.60334e-06
1.40819e-07
8.41728e-08
9.78644e-08
4.83326e-09
1.05712e-08
1.26899e-08
3.11357e-08
9.10667e-08
1.28669e-07
1.60053e-08
3.20512e-08
2.50857e-08
3.94544e-09
3.90003e-08
1.37979e-06
2.54671e-06
8.58506e-08
1.16051e-06
9.7197e-07
2.99551e-06
1.23882e-07
7.58351e-08
9.36471e-08
6.25462e-07
1.96711e-07
4.8735e-08
4.37914e-08
6.33097e-08
6.36221e-08
5.20002e-08
2.89203e-08
4.04772e-09
8.3144e-08
1.70466e-07
1.80727e-08
8.97314e-08
4.12675e-07
7.4223e-07
3.40021e-07
2.87599e-08
8.87103e-09
3.25482e-08
7.26393e-09
6.27909e-10
1.97124e-08
1.49369e-09
2.63359e-08
8.17889e-08
4.4633e-08
2.59064e-09
1.92576e-08
8.54145e-09
6.62678e-09
1.99729e-07
4.90174e-07
4.61469e-08
5.32671e-08
1.2072e-07
1.83845e-08
7.45109e-08
3.29558e-08
1.27656e-08
1.75683e-07
7.22129e-08
4.76977e-09
3.61532e-10
4.70882e-11
7.43189e-11
8.06503e-11
2.37768e-10
1.17495e-09
1.16923e-08
4.32311e-08
3.57042e-08
1.76452e-09
1.71529e-08
6.62431e-08
7.16455e-08
2.47853e-08
4.68448e-09
4.54233e-09
9.24135e-09
1.48928e-09
9.57246e-10
1.52016e-09
3.04026e-09
2.30804e-08
3.23597e-08
5.47582e-09
1.4274e-09
1.66783e-09
2.82186e-09
1.17497e-08
5.76739e-08
3.82504e-08
4.58007e-09
6.08424e-09
3.53595e-11
6.67317e-09
1.65809e-08
6.39965e-09
2.36848e-08
2.39796e-08
7.78382e-10
4.66584e-10
1.18867e-09
1.08603e-09
1.29586e-09
2.03508e-09
2.92479e-09
3.30885e-09
6.14779e-09
1.33903e-08
1.29429e-08
1.05108e-09
1.44506e-09
8.62599e-09
1.27603e-08
7.5361e-09
2.08712e-09
1.41849e-09
1.44714e-09
2.05506e-10
1.20564e-10
1.70913e-10
1.567e-10
4.26788e-09
5.34966e-09
1.37866e-09
1.3763e-10
3.32179e-12
3.84189e-10
2.43944e-09
6.64627e-09
4.10339e-09
2.30794e-10
6.10447e-11
4.36665e-11
8.50387e-10
1.30894e-09
8.76297e-11
2.69284e-09
1.29736e-09
1.15761e-11
3.70342e-10
4.64298e-10
2.43681e-10
1.90569e-10
2.42319e-10
2.43678e-10
2.23984e-10
6.91461e-10
3.27667e-09
5.56879e-09
1.7039e-09
5.47101e-12
4.3575e-10
1.47516e-09
1.20448e-09
1.74078e-10
6.35412e-11
1.20937e-10
2.7783e-11
1.69706e-11
2.4518e-11
1.75667e-06
4.56083e-06
2.74232e-06
1.30977e-06
1.35836e-05
2.57386e-05
2.19311e-05
8.89016e-07
1.87788e-06
6.83904e-06
9.13828e-06
6.1554e-06
3.14489e-07
2.11209e-06
6.59818e-06
1.76855e-05
1.74166e-05
3.65189e-06
5.72819e-07
2.10209e-06
3.41589e-05
4.3693e-05
3.66861e-05
1.79114e-05
2.72957e-06
1.01068e-06
2.86325e-06
2.39029e-06
1.03614e-06
4.66589e-07
1.30389e-06
2.14136e-06
2.33464e-06
2.83105e-06
3.24371e-06
2.98298e-06
1.81809e-06
7.83388e-07
1.16049e-06
1.06491e-06
5.14592e-06
7.64112e-06
6.5333e-06
3.00705e-06
4.47523e-06
1.12038e-05
2.56567e-06
2.73527e-06
1.87042e-06
6.83416e-06
1.87222e-05
2.05769e-05
1.46863e-05
5.60341e-06
2.32521e-06
3.88966e-06
3.82482e-06
3.1197e-06
1.52524e-06
2.13327e-05
3.18158e-05
2.95791e-05
3.67849e-06
6.73344e-07
2.50261e-06
2.27794e-06
1.76893e-06
1.96237e-06
3.2026e-06
4.33056e-06
7.38767e-06
2.50106e-06
1.17794e-06
1.24336e-06
1.5752e-06
2.45257e-06
2.72001e-06
2.39616e-06
2.02545e-06
2.96517e-06
3.72835e-07
1.87069e-06
4.36668e-06
6.19452e-06
4.73458e-06
9.71575e-07
1.4132e-06
2.6712e-06
5.99516e-06
1.90106e-05
2.97091e-05
2.12299e-05
3.28767e-06
4.66432e-06
1.20399e-05
1.6367e-05
6.00426e-06
2.82829e-06
3.67227e-06
4.86279e-06
2.64403e-06
2.20104e-06
2.10615e-06
3.27641e-06
1.99856e-06
3.56988e-06
1.07284e-05
3.306e-06
5.02886e-07
2.33509e-06
3.59554e-06
3.78054e-06
4.14357e-06
3.95485e-06
4.28495e-06
3.56446e-06
2.69462e-06
3.51271e-06
1.97407e-07
3.16546e-08
2.75958e-07
2.95191e-07
7.32782e-07
3.46044e-07
6.27264e-07
7.27458e-06
2.9534e-05
3.84932e-05
3.68768e-05
2.84113e-05
9.20022e-06
1.8348e-06
1.50706e-05
3.10938e-05
1.52795e-05
6.32332e-06
1.17447e-06
2.39622e-06
5.47771e-06
1.90747e-06
2.06528e-07
1.3333e-06
3.27878e-06
1.98227e-06
1.11832e-05
7.97917e-06
4.55386e-07
5.21116e-06
6.40229e-06
5.9125e-06
4.64887e-06
4.70282e-06
5.26975e-06
3.88471e-06
3.49599e-06
2.084e-06
6.80332e-08
2.93012e-08
6.9433e-08
3.12495e-07
1.7005e-06
1.06575e-06
1.94628e-06
3.57927e-06
4.90099e-06
2.68439e-05
4.5338e-05
4.52616e-05
3.16752e-05
2.24317e-06
1.58949e-06
1.10112e-05
3.02742e-05
3.70006e-05
1.64837e-05
6.08065e-07
1.07552e-06
5.75849e-06
1.57176e-05
6.17869e-06
1.37095e-06
2.45251e-06
1.08192e-05
6.17376e-06
2.43742e-06
2.20625e-07
4.46742e-06
5.2582e-06
5.0871e-06
5.02175e-06
2.19325e-06
2.63691e-06
5.83244e-06
1.0675e-05
2.0621e-06
1.52061e-07
3.52001e-07
5.41635e-07
1.05003e-06
1.65289e-06
1.01878e-05
3.73642e-05
2.2614e-05
4.35473e-06
1.349e-05
1.40057e-05
6.90793e-06
2.08189e-06
3.39798e-06
1.69907e-06
1.85888e-06
2.79266e-06
3.22645e-05
3.73393e-05
2.08615e-05
5.72113e-06
5.15503e-06
1.89294e-05
2.19667e-05
8.92784e-06
1.48895e-06
3.73347e-06
1.20535e-05
5.15435e-06
2.03851e-06
2.30257e-06
4.584e-06
5.49861e-06
3.06554e-06
9.7304e-07
8.9432e-07
4.0542e-06
1.56983e-05
1.31256e-05
3.15294e-06
1.22353e-06
3.11483e-06
8.09101e-06
6.40804e-06
6.83339e-06
1.25478e-05
2.0497e-06
2.42781e-06
1.16479e-06
5.14161e-06
2.72755e-06
1.26676e-06
2.381e-06
5.36336e-06
1.65356e-06
1.17272e-06
2.32292e-05
2.5926e-06
3.04319e-07
3.39654e-07
4.08254e-06
1.41696e-05
1.96928e-05
7.85851e-06
3.39495e-06
3.13934e-06
1.97865e-06
9.63931e-07
2.41315e-06
4.39828e-07
6.46454e-06
1.03857e-05
7.00402e-06
2.55677e-06
4.26218e-06
2.37074e-05
1.39523e-05
4.4753e-06
3.74903e-06
4.16906e-06
1.85406e-06
1.20568e-06
2.72406e-06
4.01901e-06
8.82776e-06
8.30496e-06
6.58596e-06
1.06349e-05
2.17684e-05
7.56672e-07
7.21805e-07
6.35462e-07
3.60539e-06
7.7698e-06
4.72948e-06
1.35538e-06
6.73867e-07
1.00677e-06
1.39539e-06
1.29981e-06
1.10371e-05
2.06941e-05
8.70819e-06
5.65508e-06
4.02035e-06
3.99338e-06
3.27923e-06
1.16443e-07
1.38198e-06
6.25123e-07
6.54938e-06
4.44189e-06
2.32006e-06
4.7069e-07
4.13204e-05
2.48904e-05
1.40586e-06
4.36429e-06
6.26773e-06
5.20993e-06
3.17911e-06
4.23477e-06
1.61903e-05
3.34426e-05
1.73191e-05
1.65016e-06
5.38207e-06
1.56748e-05
6.43929e-06
1.63523e-06
9.03988e-07
2.6418e-06
5.45564e-06
1.01484e-05
5.23434e-06
6.06649e-06
4.96281e-06
4.04549e-06
2.64442e-05
3.24639e-05
4.01112e-05
3.08376e-05
1.53976e-06
3.21324e-06
2.46576e-06
1.11392e-05
3.75472e-06
1.11753e-05
1.0343e-06
3.85249e-06
6.13053e-06
3.23815e-06
3.08513e-06
3.13745e-05
2.81404e-05
9.47389e-07
1.38974e-06
2.7696e-06
4.17575e-06
3.8353e-06
3.01276e-06
9.80423e-06
3.4434e-05
3.24528e-05
9.8351e-06
7.77205e-07
4.73024e-06
1.78485e-05
4.86647e-06
2.47735e-06
3.6735e-06
3.10261e-06
3.91981e-06
4.51851e-06
3.28647e-06
5.28069e-06
2.57846e-06
4.43639e-05
4.93223e-05
4.23261e-05
4.07486e-05
1.33996e-05
1.31792e-06
1.62844e-06
1.99128e-06
2.92138e-06
9.00537e-06
3.94637e-06
1.90327e-06
5.78212e-06
5.80348e-06
1.19253e-06
2.35655e-05
4.88859e-05
5.98589e-06
4.1153e-06
4.25481e-06
3.53575e-06
3.31048e-06
4.28777e-06
4.12869e-06
2.66222e-06
8.22492e-06
9.6517e-06
6.62762e-07
1.81127e-06
1.3159e-05
1.15546e-05
5.59907e-06
3.35528e-06
8.8368e-06
4.79918e-06
1.84799e-06
2.7596e-06
2.73551e-06
1.06959e-06
2.32575e-05
3.59579e-05
3.90751e-05
3.05162e-05
7.98082e-06
1.83784e-06
3.14588e-07
2.32122e-07
3.22339e-06
1.13589e-05
3.14002e-06
2.03995e-07
4.43882e-06
7.6613e-06
2.93949e-06
2.02655e-06
1.00607e-05
4.35851e-05
2.53902e-06
2.04928e-06
2.90081e-06
1.93075e-06
1.96908e-06
4.91711e-06
3.60808e-06
4.20705e-06
6.84094e-06
3.82958e-06
8.92843e-07
3.29508e-06
1.03897e-05
8.46693e-06
1.18742e-05
3.58609e-06
3.23787e-06
2.12338e-06
3.55202e-06
1.6047e-06
1.99755e-06
1.38806e-05
2.09871e-05
2.69852e-05
2.85707e-06
4.4992e-07
1.33782e-06
3.71676e-06
5.09895e-06
1.98073e-06
2.60751e-06
5.46938e-06
3.08573e-06
1.82753e-07
4.02349e-07
2.21523e-06
1.33642e-06
5.51289e-06
7.40491e-06
3.3722e-05
2.88862e-06
5.74891e-06
3.32092e-06
5.78511e-06
3.81589e-05
4.37677e-05
1.93203e-05
3.71889e-06
3.71304e-06
1.1027e-06
5.8792e-07
1.22592e-05
1.05901e-05
1.11591e-05
1.23376e-05
4.61031e-06
2.04241e-06
1.56992e-06
4.60587e-06
9.30111e-07
4.1418e-06
1.31289e-05
1.46146e-05
1.40305e-06
3.36435e-06
6.81925e-07
5.68189e-06
1.7185e-05
1.10226e-05
2.1379e-06
2.5577e-06
3.56245e-06
3.99498e-06
3.43289e-06
1.61976e-06
1.25799e-06
6.36617e-06
7.05041e-06
5.37994e-06
6.68868e-06
4.32745e-06
3.84968e-06
2.94282e-06
2.95388e-05
1.65497e-05
2.6383e-05
2.76152e-05
1.17994e-05
1.43468e-05
1.17692e-05
1.23658e-05
8.39751e-06
5.33827e-06
6.66773e-06
5.60584e-06
2.47397e-06
1.83043e-06
5.74859e-06
6.34811e-06
4.12255e-07
1.90377e-06
4.14058e-06
2.90047e-06
4.54467e-06
5.73323e-07
9.0216e-06
2.1884e-05
2.23418e-05
9.95048e-06
2.92619e-06
2.75998e-06
1.35841e-06
3.41426e-07
8.04764e-08
4.68199e-07
6.77278e-07
7.40457e-06
6.34765e-06
4.10373e-06
2.85944e-06
2.23038e-06
5.75174e-07
1.27246e-05
1.48131e-05
7.49672e-07
8.0976e-06
1.43639e-05
4.42704e-07
2.02431e-06
9.33328e-06
1.34083e-05
8.2975e-07
1.72111e-06
5.08017e-06
1.25804e-06
7.99397e-06
1.25029e-06
6.62323e-06
6.88897e-06
2.50462e-06
3.45654e-06
1.05246e-06
2.49854e-06
2.35107e-06
1.33058e-05
2.77645e-05
2.555e-05
1.98833e-05
5.67464e-06
1.41934e-06
4.63641e-07
1.45512e-07
3.65522e-08
1.20277e-08
4.80514e-07
3.6208e-07
4.63532e-06
6.88042e-06
5.48299e-06
5.1641e-06
7.42812e-07
1.70487e-06
1.57963e-05
1.88152e-05
2.48985e-06
6.57298e-06
8.67708e-06
6.40998e-07
1.48227e-06
3.60063e-06
4.17575e-06
2.60533e-06
8.13152e-06
2.57262e-06
5.8431e-06
1.68644e-06
1.7431e-07
1.8795e-06
4.06278e-06
1.87563e-06
7.21481e-07
4.22741e-07
6.90847e-07
2.62655e-06
2.79248e-05
2.79629e-05
2.26065e-05
3.72417e-06
4.60935e-07
1.77084e-07
1.02545e-07
2.77618e-08
2.20268e-08
6.95095e-07
2.18223e-06
2.63015e-06
5.61349e-06
8.84334e-06
6.7934e-06
4.30765e-06
9.37112e-07
3.99732e-06
5.46116e-06
1.26997e-06
2.88962e-06
7.64498e-07
1.63038e-06
3.75487e-06
3.81994e-06
5.10228e-06
3.41197e-06
1.73964e-06
2.1439e-07
1.03744e-06
7.40408e-07
8.8216e-08
8.04716e-08
9.52059e-07
1.49496e-07
1.17142e-06
1.38871e-07
1.76958e-08
1.13228e-07
7.58268e-06
2.94854e-05
1.86768e-05
4.98302e-07
3.07128e-08
1.91759e-08
3.43532e-09
3.5087e-08
2.99448e-07
7.1663e-07
2.15115e-06
3.54397e-06
4.77204e-06
7.53741e-06
9.24825e-06
4.92712e-06
1.52022e-06
2.12083e-06
1.68306e-06
1.32681e-06
2.62104e-06
1.24552e-06
3.40095e-07
1.09096e-06
5.32361e-07
5.10673e-07
6.87209e-06
5.60942e-06
1.83041e-08
3.92675e-07
7.16586e-07
5.79649e-08
3.77704e-08
3.49529e-07
2.0861e-07
1.52266e-07
3.24631e-07
1.82667e-06
9.69796e-08
7.29894e-08
8.2292e-06
7.94705e-06
1.15164e-07
1.10121e-09
1.24477e-08
1.53331e-07
4.47761e-07
1.08795e-06
1.99018e-06
1.35968e-06
1.38221e-06
2.30649e-06
4.29461e-06
6.98121e-06
6.6799e-06
5.08354e-06
7.50579e-07
3.24547e-06
6.47483e-07
1.08923e-06
1.28548e-06
6.15752e-07
3.17576e-07
2.22698e-07
1.46753e-07
7.65335e-08
2.29745e-06
3.63801e-07
9.08613e-08
5.82682e-07
8.71279e-08
9.12342e-08
1.45513e-07
3.22645e-06
4.37317e-06
1.07791e-05
1.445e-05
1.39246e-07
8.93579e-08
2.49405e-08
1.21685e-06
1.64927e-07
9.87407e-10
1.36817e-08
1.46127e-06
3.85084e-06
2.64878e-06
2.42601e-06
2.02989e-06
7.38256e-07
6.80073e-07
1.75213e-06
3.85064e-06
5.56483e-06
5.19553e-06
2.97366e-06
1.19452e-06
1.77361e-06
2.50082e-07
5.8745e-07
3.66117e-07
2.18964e-07
5.27023e-07
4.84682e-07
4.1008e-07
2.53587e-07
6.44841e-08
7.26386e-10
1.8074e-07
7.12591e-08
7.00934e-08
1.70386e-07
3.86538e-06
1.31892e-05
1.80437e-05
1.51722e-05
8.58047e-08
1.69399e-07
1.21944e-08
9.52991e-08
3.54274e-07
7.70916e-09
2.79084e-09
2.71028e-06
1.21176e-05
6.37918e-06
2.9166e-06
2.07592e-06
1.72717e-06
1.06347e-06
1.12552e-06
1.91855e-06
2.91381e-06
2.55252e-06
1.4004e-06
8.67171e-07
4.8465e-06
2.85785e-07
1.56887e-07
1.99362e-07
1.33007e-07
2.88965e-07
7.42482e-07
2.00973e-07
5.51485e-08
2.40002e-08
2.46813e-09
2.00661e-08
1.9933e-08
1.97457e-09
2.41124e-08
1.05858e-06
2.62419e-06
2.568e-06
1.60623e-06
3.9594e-08
1.24684e-07
1.05402e-07
4.94178e-09
4.32631e-07
1.77574e-07
4.24843e-09
3.22003e-07
8.04238e-06
7.46966e-06
3.67446e-06
2.05237e-06
8.82194e-07
1.12021e-06
1.00345e-06
8.39466e-07
8.29985e-07
4.377e-07
1.49144e-06
3.41377e-06
5.14764e-06
8.70926e-07
6.51938e-08
3.79427e-08
3.7446e-08
4.51321e-08
1.48083e-07
4.8703e-08
9.11275e-09
1.62199e-08
1.76618e-08
2.19429e-08
2.23171e-08
3.13675e-08
6.5567e-08
3.33615e-07
3.32581e-07
1.65133e-07
1.33205e-07
3.4924e-08
9.92337e-09
1.22994e-07
7.85007e-09
4.14423e-07
5.80436e-07
1.41279e-08
1.73311e-08
6.84768e-07
1.87653e-06
1.43176e-06
1.18228e-06
2.4919e-07
8.04653e-09
1.20536e-08
8.14712e-09
4.9927e-09
1.05008e-09
9.44714e-08
8.10344e-07
8.65443e-07
4.80762e-07
1.5681e-07
1.82224e-08
4.50832e-09
2.56219e-09
6.55197e-09
7.35947e-09
1.64907e-09
1.09755e-08
2.3265e-08
1.79649e-08
2.41573e-09
1.82626e-08
9.80738e-08
1.23879e-07
6.5042e-08
1.7883e-08
9.43518e-09
2.08993e-08
2.79315e-09
1.24375e-08
1.08328e-08
9.08782e-08
4.37164e-07
4.86889e-08
1.04903e-09
1.16217e-08
2.0669e-07
4.84017e-07
4.61009e-07
1.12509e-07
2.97258e-09
5.50593e-09
8.77902e-09
6.2269e-09
5.238e-09
1.10618e-08
3.88083e-08
9.07988e-08
1.09344e-07
9.34564e-08
4.64553e-08
1.16045e-08
3.48528e-09
9.11906e-10
8.93429e-10
1.09823e-09
5.84445e-09
7.61661e-09
1.58976e-09
4.1055e-10
8.65185e-09
3.87357e-08
4.67181e-08
2.42586e-08
5.31584e-09
1.65032e-09
2.78811e-09
1.06139e-08
8.49377e-10
1.98975e-09
1.19855e-09
5.09021e-08
5.04443e-08
4.6896e-10
2.38043e-09
2.5648e-09
1.34989e-07
2.31701e-07
5.26754e-08
9.09537e-10
1.64253e-09
5.35381e-09
4.43929e-09
3.11784e-09
3.4986e-09
5.85608e-09
1.08839e-08
1.58309e-08
2.32203e-08
3.5236e-08
2.46321e-08
8.02275e-09
2.87118e-09
6.72783e-10
4.91663e-10
9.40071e-10
1.55817e-09
4.76337e-10
3.47023e-10
3.27959e-09
1.03305e-08
2.73421e-08
6.94244e-09
2.57282e-09
5.04396e-10
4.93849e-10
2.1429e-09
5.14381e-09
6.4021e-10
3.80209e-10
5.08168e-10
2.0416e-09
2.64781e-09
1.44668e-11
3.51913e-10
1.32192e-09
3.92289e-08
2.49836e-08
1.73702e-09
2.01115e-12
3.22312e-10
6.25787e-10
4.25991e-10
2.73751e-10
2.2244e-10
2.58027e-10
5.5252e-10
1.59816e-09
4.47001e-09
7.72756e-09
4.38751e-09
1.24496e-09
5.89993e-10
1.90715e-10
1.35874e-10
1.1355e-10
4.07605e-11
3.442e-11
4.99443e-10
6.01048e-10
9.97183e-10
3.53687e-09
8.45855e-06
1.33937e-06
4.30314e-07
1.98298e-06
4.5071e-06
3.93745e-06
1.12736e-07
1.01468e-05
2.65476e-05
2.53473e-05
1.50112e-05
2.35759e-06
1.70962e-06
4.97844e-06
9.49373e-06
1.54184e-05
1.24729e-05
6.71381e-06
3.17826e-06
2.37234e-06
2.18754e-06
3.97248e-06
9.90669e-06
1.34362e-05
4.6655e-06
7.49591e-07
3.53099e-07
1.30179e-06
3.53549e-06
2.71877e-06
5.25527e-07
3.13601e-06
5.80825e-06
3.89143e-06
2.67645e-06
2.44967e-06
1.93993e-06
6.72112e-07
4.02124e-07
2.12235e-06
6.39058e-06
2.57466e-06
8.4144e-07
2.67634e-06
1.34225e-05
3.38137e-06
2.52143e-06
7.84171e-07
8.29681e-06
1.59262e-05
1.55502e-05
8.34017e-06
9.21366e-07
1.87458e-06
2.17757e-06
1.83526e-06
1.30913e-06
7.2509e-06
1.53415e-05
2.61415e-05
2.92959e-05
2.13589e-05
5.2351e-06
3.19703e-06
2.4987e-06
2.99328e-06
6.96807e-06
6.78345e-06
2.44463e-06
1.15895e-06
5.18857e-06
1.08978e-05
5.397e-06
1.18156e-06
1.00072e-07
1.22347e-07
2.92573e-06
3.1184e-06
2.24289e-06
5.42004e-06
3.73431e-06
5.17913e-06
6.22941e-06
4.42044e-06
1.26453e-06
2.59494e-06
2.18068e-06
1.33449e-06
1.66055e-06
1.46267e-05
2.12154e-05
2.97347e-06
3.35189e-06
4.62065e-06
1.79461e-05
2.47685e-05
6.71125e-06
2.51069e-06
2.24788e-06
4.34475e-06
3.23898e-06
3.50772e-06
2.29435e-06
1.16434e-06
2.79638e-06
1.03898e-06
1.09022e-06
2.21377e-06
2.98426e-06
1.72194e-06
2.04659e-06
1.50331e-06
1.37455e-06
2.65999e-06
3.7149e-06
2.31458e-06
2.16968e-06
1.04499e-06
1.43467e-06
2.634e-06
2.42422e-06
5.0513e-06
2.54106e-05
2.49768e-05
6.18323e-06
1.29133e-06
6.56321e-07
4.50799e-07
1.90223e-05
3.64987e-05
2.69971e-05
4.51363e-07
6.47877e-06
2.98003e-05
4.18637e-05
2.63284e-05
3.99716e-06
2.98026e-06
2.56301e-06
9.68959e-07
1.19683e-06
2.80089e-06
3.37225e-06
1.44119e-05
2.95203e-05
2.37377e-05
5.05014e-06
2.58434e-06
3.34565e-06
2.84546e-06
1.42802e-06
1.10082e-06
1.90056e-06
2.45319e-06
4.42762e-06
6.16501e-06
6.66372e-06
5.24693e-06
4.27845e-06
3.48498e-06
6.13606e-06
7.46563e-06
1.16477e-06
1.49075e-06
2.37324e-06
1.54682e-06
2.23022e-07
2.56825e-05
2.69641e-05
1.11562e-05
9.39013e-07
3.00404e-06
1.87288e-05
1.05612e-05
1.62739e-06
2.90631e-06
2.83792e-06
2.35315e-05
1.82025e-05
4.93176e-06
5.7299e-06
1.04001e-05
6.43522e-06
1.37495e-05
2.70806e-05
5.07044e-06
5.21903e-06
3.91474e-06
2.18687e-06
2.10391e-06
1.63283e-06
1.0389e-06
4.37464e-06
4.58977e-06
2.28436e-06
3.11537e-06
3.30584e-06
2.27259e-06
9.8539e-07
2.05357e-06
6.63578e-06
3.63266e-06
3.93741e-06
4.90511e-06
4.28877e-06
7.90978e-06
4.97853e-06
1.85953e-06
1.06719e-06
1.28744e-06
1.22047e-06
2.70124e-06
1.29456e-05
2.11883e-05
2.51941e-06
2.63416e-06
1.43509e-05
3.71437e-05
2.51575e-05
3.1271e-06
3.70498e-06
2.25917e-06
2.33884e-06
1.74502e-06
3.92754e-06
9.23678e-07
1.31263e-06
3.34087e-06
4.62904e-06
6.89593e-06
4.37176e-06
4.00501e-06
2.74588e-06
2.3879e-06
2.59773e-06
2.85551e-06
1.91759e-06
1.10318e-06
3.065e-06
7.72873e-06
2.87448e-06
3.24668e-06
2.84786e-06
7.60752e-07
1.07872e-05
1.26564e-05
3.57295e-06
5.04987e-06
1.49579e-06
5.92298e-07
2.65965e-06
8.40958e-06
1.34265e-05
1.66081e-06
1.72209e-06
1.55228e-05
2.91229e-05
2.19869e-05
6.31042e-06
2.74181e-06
4.34004e-06
4.28193e-06
4.06408e-06
2.21597e-06
2.87671e-07
7.77136e-07
2.89267e-06
3.43931e-06
6.57834e-06
2.13993e-06
4.08621e-07
5.14157e-06
3.90693e-06
3.94988e-06
3.10117e-06
4.59624e-06
2.93408e-06
1.70736e-06
5.7424e-06
4.64986e-06
5.22942e-06
5.17898e-06
9.2617e-07
6.54538e-06
7.52317e-06
3.49849e-06
4.24869e-06
6.76828e-06
1.20651e-05
1.90556e-06
7.95391e-06
5.03948e-07
1.43141e-07
1.25059e-06
1.1619e-05
1.77236e-05
7.38494e-06
3.74659e-06
5.66765e-06
8.27875e-06
1.74313e-06
8.19626e-07
7.81432e-07
2.61864e-06
2.72516e-06
4.212e-06
4.71734e-06
1.82707e-07
3.84971e-06
1.49668e-06
1.70375e-05
5.08327e-06
5.93256e-07
4.1251e-06
3.81367e-06
2.38981e-06
2.96078e-06
4.95267e-06
3.58658e-06
3.94269e-06
3.94135e-06
1.31682e-06
7.4457e-07
1.96084e-06
3.88118e-06
3.92365e-06
5.06092e-06
3.53358e-06
6.19262e-07
6.98745e-06
1.09879e-06
1.0025e-06
1.56288e-06
1.11085e-05
2.20672e-05
7.91542e-06
1.05497e-06
6.65243e-06
2.07167e-05
1.25245e-05
5.62092e-06
6.89627e-06
8.42419e-07
4.20434e-06
5.50892e-06
7.60059e-06
6.95277e-06
2.65835e-06
1.0813e-06
2.50684e-05
9.62476e-06
5.10806e-07
3.87803e-06
3.16493e-06
3.44042e-06
2.88443e-06
4.84346e-06
6.01447e-06
5.41198e-06
4.41264e-06
1.58691e-06
5.74498e-07
1.14033e-06
2.25542e-06
3.88255e-06
2.55198e-06
2.6457e-06
1.46496e-06
2.21495e-06
4.37378e-07
1.86875e-06
1.93932e-06
5.83245e-06
2.11547e-05
2.02693e-05
5.49072e-06
9.04316e-06
3.44163e-05
3.06213e-05
7.92363e-06
1.52635e-06
1.2375e-06
3.88749e-06
3.18613e-06
2.64526e-06
5.58056e-06
1.3977e-05
2.99757e-06
2.91565e-05
4.84647e-05
3.51133e-06
4.17362e-06
2.19444e-06
1.50084e-06
2.18836e-06
3.33262e-06
6.62571e-06
2.38824e-06
3.84735e-06
3.0381e-06
1.71466e-06
3.29321e-06
9.89833e-07
4.41162e-06
2.85361e-06
8.23961e-07
1.74094e-05
4.03005e-06
2.76295e-06
1.66633e-07
1.28685e-06
2.83641e-06
1.17993e-05
1.69481e-05
1.1945e-05
5.52698e-06
2.03967e-05
3.84659e-05
2.07862e-05
5.31451e-06
3.24309e-06
3.20538e-06
2.1035e-06
2.61555e-06
3.0123e-06
2.84227e-06
2.1069e-06
7.08712e-06
2.51e-05
4.02989e-05
7.1801e-07
4.13391e-06
2.94238e-06
2.02695e-06
1.35395e-05
2.35152e-05
8.37579e-06
5.79044e-06
2.32108e-06
1.27484e-06
2.74906e-06
1.4308e-06
9.65611e-07
5.49199e-06
3.09365e-06
7.29481e-06
1.6299e-05
8.66957e-06
1.54685e-06
3.32693e-07
3.6511e-07
6.52295e-06
1.12152e-05
1.31002e-05
3.34469e-06
1.01465e-05
3.24474e-05
3.53465e-05
1.65715e-05
7.68337e-06
4.58986e-06
1.90478e-06
1.80455e-06
1.89415e-06
1.34608e-06
3.84492e-06
2.21821e-06
7.01218e-06
1.18542e-05
1.87358e-05
2.25706e-06
5.84655e-06
4.73456e-06
8.80821e-06
1.29354e-05
1.4371e-05
1.52672e-06
5.16249e-06
4.04862e-06
1.81527e-06
2.01582e-06
1.2463e-06
2.88363e-06
3.68348e-06
3.42224e-06
6.75053e-06
1.65614e-05
1.15506e-06
3.92694e-06
2.50526e-06
7.14289e-07
1.96204e-07
4.96898e-06
1.05799e-06
1.26015e-06
2.78756e-05
4.91825e-05
3.72931e-05
7.65678e-06
4.58635e-06
4.01997e-06
1.86939e-06
2.87523e-06
7.97216e-07
5.57183e-07
4.86818e-06
5.67321e-06
5.16588e-06
3.95153e-06
2.03338e-06
3.8125e-06
3.48137e-06
5.24401e-06
7.67915e-06
5.66748e-06
7.92156e-06
6.99949e-07
3.52949e-06
3.42766e-06
2.06263e-06
1.9755e-06
1.93937e-06
7.71368e-07
2.0622e-06
3.5862e-06
7.73233e-06
5.6496e-06
2.24526e-06
1.1361e-05
7.09543e-07
1.49671e-07
2.94578e-06
1.93388e-06
2.32202e-07
1.53039e-05
4.53617e-05
5.58981e-05
9.457e-06
1.5794e-06
3.06475e-06
6.76907e-06
6.13153e-06
2.85952e-06
2.42761e-07
5.56442e-07
1.25447e-05
1.31799e-05
2.17084e-06
7.86431e-06
4.25266e-06
1.74511e-06
9.81027e-07
7.95234e-06
7.77432e-06
5.82039e-06
6.13585e-06
1.66426e-06
1.66517e-06
1.24352e-06
1.76069e-06
6.00826e-06
2.32708e-06
6.19029e-06
4.66089e-06
4.93582e-06
1.20233e-05
1.25623e-06
5.10665e-06
1.17697e-05
3.8344e-07
1.93629e-07
8.9438e-07
2.4387e-06
1.47691e-05
2.82693e-05
5.20776e-05
1.96976e-05
2.09735e-06
2.40913e-06
1.70344e-06
1.81232e-06
1.72442e-06
2.58638e-07
9.53459e-07
7.86146e-06
2.09918e-05
1.56042e-05
9.3043e-06
1.02583e-05
4.83253e-06
1.85903e-06
4.30596e-07
1.10591e-05
1.34112e-05
1.1584e-05
1.06494e-05
7.90363e-06
2.88015e-06
1.51746e-06
3.63e-06
7.42037e-06
1.20312e-05
8.24413e-06
1.23697e-05
2.02718e-05
7.88747e-06
5.62034e-07
2.27467e-06
2.73212e-06
1.28298e-07
4.91057e-07
2.20666e-06
5.54385e-06
1.45796e-05
3.85486e-05
2.91326e-05
6.1276e-06
3.09065e-06
1.27342e-06
9.09926e-07
5.09006e-07
1.07026e-07
5.46598e-06
1.83502e-05
1.60096e-05
1.68116e-05
1.40221e-05
7.51361e-06
5.06672e-06
5.31361e-06
2.91217e-06
3.68172e-07
6.66918e-06
2.90529e-07
3.86377e-06
1.0236e-05
1.5636e-05
4.1503e-06
2.44286e-06
9.79812e-06
5.32562e-06
3.32883e-06
7.8018e-07
1.14084e-06
2.43414e-06
1.48068e-06
1.74615e-07
3.47613e-07
7.4682e-07
6.83411e-07
1.28623e-06
3.09547e-06
6.83484e-06
2.15164e-05
2.1128e-05
1.47247e-05
6.30049e-07
4.30409e-07
5.51129e-07
2.80226e-07
5.51235e-08
4.81207e-06
1.71756e-05
1.32699e-05
1.36926e-05
2.77756e-06
1.10138e-07
7.63251e-08
1.54885e-06
3.05743e-06
1.24103e-06
1.67329e-06
2.44558e-06
1.49856e-06
3.20305e-06
1.39936e-05
8.00584e-06
2.07168e-06
4.12149e-06
7.83427e-06
1.89997e-06
3.15841e-07
1.25926e-07
3.87777e-07
1.36524e-06
1.23521e-06
6.29912e-07
4.67917e-06
1.17099e-05
5.1486e-06
3.19341e-06
7.93702e-06
8.4972e-06
4.39338e-06
1.80729e-06
5.58028e-07
2.20763e-07
1.3015e-07
1.00162e-07
1.28845e-07
2.61452e-06
5.45014e-06
3.67984e-06
3.27324e-06
9.78636e-07
1.45243e-07
3.29118e-07
1.59662e-06
3.75231e-06
2.46979e-06
4.45193e-07
9.17764e-07
8.9087e-07
7.41526e-07
4.9053e-06
5.46502e-06
4.34886e-06
2.66102e-06
4.50682e-06
2.76204e-06
3.67234e-07
1.54637e-07
2.13067e-07
1.16987e-06
4.28881e-06
8.90963e-07
4.08037e-06
1.69538e-05
7.46584e-06
4.06556e-06
1.94788e-06
1.53179e-05
2.08515e-06
1.07541e-06
8.21276e-07
2.36609e-07
6.00763e-08
2.69479e-08
2.94737e-07
1.38313e-06
1.58368e-06
9.46577e-07
4.95458e-07
3.06757e-07
2.88082e-07
2.06976e-06
1.31089e-05
1.75765e-05
8.3003e-06
2.1307e-06
1.69509e-07
7.82597e-07
6.97076e-07
1.04133e-06
1.95773e-06
1.89025e-06
1.41311e-06
2.39497e-06
1.45323e-06
1.1398e-06
6.47869e-07
5.16389e-07
1.94963e-06
1.42442e-05
6.52948e-06
1.12682e-06
1.98146e-05
1.36327e-05
3.84045e-06
2.20852e-08
3.12849e-05
8.62844e-06
3.98366e-07
4.40706e-07
2.18775e-07
1.31468e-07
4.11798e-08
7.48874e-07
9.4358e-07
7.96891e-07
9.34202e-07
8.77765e-07
7.78817e-07
9.78405e-07
4.78134e-06
2.29597e-05
3.02251e-05
2.3694e-05
1.22312e-05
7.21999e-08
5.94416e-07
1.12577e-06
1.33934e-06
5.47873e-07
5.93118e-07
4.26223e-07
1.98583e-06
9.85939e-07
3.27528e-07
4.88086e-07
2.92889e-07
6.99783e-07
1.29664e-05
1.02345e-05
6.85896e-08
1.14124e-06
1.93745e-06
1.36914e-06
3.81814e-07
3.63315e-07
9.52403e-08
7.90524e-08
1.12299e-07
1.58473e-07
1.13891e-07
1.08589e-07
1.38385e-06
1.27242e-06
8.83457e-07
1.38803e-06
2.58215e-06
3.77042e-06
4.43191e-06
7.43735e-06
1.64993e-05
2.61272e-05
3.03315e-05
2.63778e-05
4.6083e-07
4.30811e-07
7.26334e-07
8.12084e-07
1.69152e-07
2.50467e-08
2.71433e-08
5.09678e-08
1.52776e-07
3.95197e-08
2.02214e-07
4.02949e-07
1.44522e-08
5.43091e-07
8.03017e-07
1.82166e-09
1.09207e-08
1.18359e-08
1.20752e-08
7.88148e-08
2.16534e-08
1.31844e-08
1.02356e-08
2.01926e-08
7.16823e-08
1.02291e-07
3.03892e-08
6.51006e-07
1.1152e-06
8.61159e-07
9.89508e-07
1.78587e-06
3.18481e-06
4.06039e-06
4.34244e-06
5.40013e-06
5.96464e-06
4.50075e-06
1.11625e-06
8.2924e-09
5.14077e-08
9.75583e-08
1.47475e-07
1.14606e-07
3.76223e-08
1.77359e-08
2.9878e-08
2.77556e-08
3.55233e-09
2.81586e-08
3.08928e-08
1.72819e-08
4.04595e-10
2.86995e-09
1.0731e-10
5.17826e-09
2.71039e-09
1.3985e-09
1.54004e-08
4.69378e-08
2.35908e-08
5.44194e-09
8.97202e-09
3.52863e-08
1.79946e-08
2.40195e-08
1.04639e-07
3.66321e-07
3.95758e-07
3.22285e-07
3.56928e-07
4.79085e-07
5.10683e-07
3.68207e-07
2.23368e-07
1.52932e-07
8.84553e-08
2.51363e-08
1.17091e-09
3.77808e-09
1.17217e-08
1.77269e-08
2.50581e-08
2.72783e-08
2.69063e-08
3.2258e-08
1.81141e-08
1.73024e-09
3.71029e-09
4.48148e-09
1.18541e-08
1.7584e-08
1.36409e-09
1.21451e-10
8.59438e-11
4.98449e-10
1.07376e-09
1.91717e-09
9.20099e-09
2.13826e-08
2.23081e-08
4.79832e-09
5.43945e-09
2.58844e-09
1.53286e-09
1.21716e-08
2.51719e-08
5.94442e-08
5.0548e-08
3.01413e-08
2.52843e-08
3.20263e-08
3.51235e-08
1.93703e-08
5.66888e-09
2.44477e-09
1.97283e-09
6.52418e-10
5.54335e-11
4.79077e-10
1.86354e-09
3.67412e-09
6.33539e-09
1.01853e-08
1.23482e-08
8.00827e-09
1.62277e-09
1.1915e-09
3.95008e-09
1.07892e-08
8.44036e-09
3.85467e-09
2.2733e-10
6.13587e-13
9.61821e-13
1.23009e-11
6.37129e-11
1.63433e-10
2.04044e-09
7.09152e-09
4.01312e-09
6.30091e-11
4.09349e-10
4.65626e-10
1.04283e-10
7.41872e-10
1.70502e-10
8.8783e-10
8.01835e-10
2.91145e-10
3.93282e-10
1.58331e-09
2.84837e-09
1.51777e-09
3.39312e-10
1.85584e-10
3.25486e-10
2.91797e-10
8.20844e-11
4.86818e-12
1.01345e-10
2.92886e-10
5.84317e-10
1.13718e-09
9.97549e-10
3.41595e-10
6.1428e-11
1.05056e-10
7.58955e-10
1.76182e-09
9.86785e-10
5.54676e-10
2.42773e-05
2.51494e-05
1.02591e-05
3.14675e-06
1.64408e-06
9.41092e-07
4.22274e-06
2.9235e-05
4.0304e-05
2.4419e-05
1.37267e-06
4.40906e-07
2.53618e-06
1.00313e-05
1.81305e-05
2.07111e-05
8.07867e-06
2.381e-06
3.27318e-06
4.17583e-06
4.15963e-06
3.73696e-06
3.6473e-06
4.48478e-06
6.03463e-06
5.25106e-06
2.98708e-06
2.10213e-06
9.58391e-07
4.45474e-07
1.72825e-06
2.78601e-06
3.73046e-06
2.51562e-06
1.21107e-06
8.34336e-07
8.16952e-07
1.27462e-06
1.38754e-06
7.5705e-06
3.48921e-05
1.18033e-05
5.46165e-06
6.10173e-06
4.53358e-07
5.76443e-06
1.11424e-05
8.79056e-06
4.8331e-06
4.12386e-06
1.60576e-06
2.45705e-06
2.96808e-06
4.64059e-06
1.10087e-05
1.78088e-05
1.25847e-05
5.2689e-06
1.36489e-06
1.30661e-06
2.32421e-06
1.52984e-06
5.33996e-07
1.6776e-06
3.18352e-06
2.42029e-06
7.16663e-07
6.01794e-07
1.13834e-06
3.94996e-06
5.17571e-06
1.81333e-06
1.36105e-06
8.13911e-07
3.96422e-07
1.70826e-06
2.03917e-06
6.99956e-07
1.12621e-07
2.29574e-05
2.15268e-06
1.89013e-06
1.39741e-06
4.62004e-06
4.2145e-06
2.65193e-06
2.25567e-06
3.18396e-06
4.14646e-06
3.48502e-06
3.83118e-07
2.28883e-06
2.62475e-06
1.69059e-06
7.22522e-06
1.21675e-05
3.0774e-06
3.35941e-06
1.78788e-05
6.41435e-06
1.62156e-06
2.36459e-06
8.73347e-06
4.32486e-06
1.70169e-06
6.70088e-07
1.32012e-06
1.61407e-06
8.26194e-07
1.69112e-06
4.3479e-06
2.22667e-06
2.39021e-06
7.12038e-06
7.44908e-06
3.21218e-06
1.06317e-06
1.44691e-06
7.40498e-06
3.20107e-06
1.55181e-06
5.73221e-06
2.18838e-05
2.40376e-05
2.00928e-05
1.18896e-05
5.53237e-06
4.64164e-06
1.27917e-05
2.36317e-05
6.54661e-06
9.46744e-07
1.99906e-06
3.03886e-06
4.25433e-06
4.16476e-06
6.62646e-06
3.54832e-06
1.48908e-06
8.87926e-07
1.98233e-06
1.46308e-06
5.55598e-07
1.85555e-06
3.98275e-06
5.30025e-06
1.58308e-06
3.55149e-06
3.83316e-06
1.17057e-06
1.5231e-06
4.77355e-06
5.64974e-06
8.26468e-07
1.33301e-06
1.63236e-06
5.04644e-06
7.30991e-06
6.5945e-06
4.59878e-06
8.40762e-06
1.49446e-05
1.20816e-05
2.87246e-06
4.86684e-07
1.11886e-06
6.91362e-07
1.5069e-06
7.12709e-06
4.52411e-06
2.50535e-06
2.51406e-06
2.79394e-06
2.12844e-06
8.75375e-07
2.27153e-06
1.68322e-06
7.35264e-07
1.91338e-05
1.45349e-05
3.29167e-06
4.79135e-06
3.31037e-06
2.55176e-06
6.73096e-06
6.99845e-06
2.76035e-06
3.53595e-06
8.24913e-07
1.92883e-06
2.16656e-06
1.89584e-07
1.64016e-06
2.87709e-06
1.82561e-06
1.21031e-06
1.22509e-06
1.11408e-06
7.83276e-07
1.56384e-06
6.79687e-06
2.90344e-06
2.51396e-06
2.16217e-06
2.20131e-06
1.88671e-06
4.46042e-06
1.348e-06
1.16021e-06
1.56445e-06
1.24229e-06
2.3333e-06
1.20625e-07
2.18702e-06
7.7619e-08
2.47914e-06
2.89877e-07
3.17609e-05
3.29315e-05
6.30177e-07
2.52825e-06
5.79358e-07
9.2218e-07
5.23399e-06
3.27874e-06
2.62504e-07
5.94402e-07
1.81934e-06
5.33683e-06
4.86365e-06
1.05085e-06
9.59425e-07
1.50255e-06
1.51909e-06
5.01281e-07
2.27964e-07
5.17407e-07
1.47748e-06
5.37941e-06
9.98276e-06
5.21392e-06
2.97878e-06
2.12638e-07
2.49332e-07
6.21544e-08
2.76692e-06
1.09018e-06
3.20671e-06
2.17113e-06
2.00603e-06
2.0122e-06
3.29759e-06
5.92322e-06
4.85558e-06
3.84974e-06
4.00573e-06
1.21389e-05
3.86784e-05
1.8065e-05
1.41248e-05
1.33519e-06
1.0916e-05
2.21433e-05
5.64878e-06
6.47497e-07
1.66998e-07
1.56353e-06
4.05955e-06
1.53075e-05
9.90098e-06
5.37427e-06
2.24189e-06
5.65807e-07
1.33305e-06
1.01212e-06
3.2057e-07
5.44737e-08
1.27892e-06
4.07878e-06
3.36055e-06
2.62646e-06
7.23338e-07
4.68733e-07
1.85425e-06
9.12496e-06
3.73844e-06
2.57361e-06
2.4101e-06
1.27163e-06
5.56621e-06
8.31179e-06
4.60474e-06
1.13082e-06
3.46136e-06
5.99244e-06
7.30511e-06
1.93523e-05
2.31646e-05
1.09489e-05
3.78073e-06
4.31224e-06
7.372e-06
8.31782e-06
1.30317e-06
9.94265e-07
1.78594e-06
3.42301e-06
4.31524e-06
7.78749e-06
5.94021e-06
2.58143e-06
1.57694e-06
2.02228e-06
3.70246e-06
3.38311e-06
1.01428e-06
9.16807e-07
4.35146e-06
1.09169e-06
1.4606e-06
1.11424e-06
6.61516e-07
6.41346e-06
1.24936e-06
2.24149e-06
2.61123e-06
2.53463e-06
3.78957e-06
1.99538e-06
1.55366e-05
1.41659e-05
1.11984e-06
2.5022e-06
5.24825e-06
5.78443e-06
7.24697e-06
8.13796e-06
6.86137e-06
4.3011e-06
1.59584e-06
1.9248e-06
1.07554e-06
2.10417e-06
3.09739e-06
2.94267e-06
3.58874e-06
5.50198e-06
6.96893e-06
5.13255e-06
1.52066e-06
2.04717e-05
1.43973e-06
5.25963e-06
2.98687e-06
1.52131e-06
5.65124e-07
5.99832e-06
4.8719e-06
2.49316e-06
2.4049e-06
1.02259e-06
4.62787e-06
3.08525e-06
1.46506e-06
6.60045e-06
5.55512e-06
3.02439e-06
2.156e-06
3.56044e-06
2.42373e-05
1.38023e-05
3.33979e-06
4.64824e-06
4.71337e-06
4.46949e-06
4.24264e-06
5.73671e-06
6.02875e-06
8.34925e-07
6.73143e-07
1.11036e-06
1.15945e-06
4.25905e-06
7.65179e-06
2.04265e-06
6.7591e-06
9.24776e-06
3.59452e-06
3.71316e-06
7.33318e-06
2.11436e-05
5.70247e-06
5.4083e-06
1.87831e-06
6.20199e-08
8.46036e-06
4.85058e-06
1.54509e-06
2.3226e-06
1.46891e-06
3.22494e-06
3.65147e-06
1.38601e-06
4.49822e-06
1.15477e-05
7.70927e-06
2.84793e-06
2.82774e-06
2.92594e-06
2.5489e-05
1.50512e-05
2.53434e-06
3.19776e-06
2.363e-06
1.87131e-06
2.77834e-06
5.10864e-06
5.10129e-06
2.43039e-06
1.53544e-06
1.65393e-06
1.2217e-06
5.22265e-06
1.59603e-05
2.27386e-06
3.52211e-06
1.49544e-05
2.06891e-06
2.59223e-06
6.5478e-06
4.84806e-06
3.49706e-06
2.84369e-06
2.33183e-06
8.99895e-06
1.28389e-05
1.68679e-06
4.67937e-07
4.43844e-07
4.29082e-07
4.77921e-06
1.41827e-06
6.64318e-07
6.43698e-06
1.18181e-05
3.61064e-06
5.31782e-06
8.68097e-06
1.55592e-05
3.31207e-05
1.33697e-05
1.85033e-06
2.14983e-06
1.7861e-06
8.11643e-07
2.66035e-06
1.0925e-05
7.03973e-06
2.64687e-06
2.35123e-06
2.24386e-06
2.02725e-06
1.50684e-06
1.19775e-05
2.03451e-06
1.12038e-06
8.2377e-06
1.38584e-05
6.65046e-07
2.57379e-06
6.31113e-07
3.49568e-06
1.85743e-06
5.58739e-06
7.29649e-06
6.97475e-06
3.55339e-06
1.23721e-06
1.37836e-06
4.323e-06
1.80041e-06
5.75725e-07
1.38817e-06
6.18294e-06
8.76227e-06
8.17783e-07
3.9828e-06
2.37105e-06
1.82911e-05
2.61827e-05
5.21182e-06
2.70636e-06
3.21356e-06
4.29534e-06
4.29749e-07
5.7649e-06
2.99368e-05
5.16241e-06
2.80156e-06
2.0331e-06
5.86487e-07
1.77515e-06
1.77216e-06
1.67652e-06
2.98272e-06
2.77907e-06
1.13812e-05
1.13957e-05
3.38329e-07
1.257e-06
2.84951e-06
2.24677e-06
2.20312e-06
8.50005e-06
6.70358e-06
9.17919e-06
1.35906e-05
1.04956e-05
7.53878e-06
3.85797e-06
1.4872e-06
1.67303e-07
3.28443e-06
6.3436e-06
3.87056e-06
1.11657e-06
2.68546e-06
3.14535e-06
1.6042e-05
1.84176e-05
2.37242e-06
2.25921e-06
2.40324e-06
8.47117e-06
9.60956e-07
1.02167e-05
1.50552e-05
2.07541e-06
2.65333e-06
1.72595e-06
3.39228e-06
2.76356e-06
4.05736e-06
5.05703e-06
4.83143e-06
1.58797e-05
2.26101e-05
8.86309e-06
2.41221e-07
1.77067e-06
4.13246e-06
5.00457e-06
6.75425e-06
3.36549e-06
1.2088e-06
1.34337e-06
1.34377e-06
2.99101e-06
4.16408e-06
2.67562e-06
2.96438e-07
4.85204e-07
5.76925e-06
2.49036e-06
1.15263e-06
1.73477e-06
1.7651e-06
1.78439e-06
3.89572e-06
7.05856e-07
3.70762e-06
2.94235e-06
4.24035e-06
1.13055e-05
5.42727e-06
9.86161e-06
1.1087e-06
4.9857e-06
7.01296e-07
1.59538e-06
6.211e-06
1.91513e-05
3.09618e-05
1.31491e-05
4.78074e-06
9.42108e-06
1.92e-05
8.91811e-06
9.82599e-07
7.36731e-07
4.61321e-06
4.56131e-06
1.77025e-06
2.59544e-06
2.26809e-06
5.64173e-07
1.02652e-07
1.18879e-06
2.22805e-06
1.80295e-06
2.51561e-07
2.46245e-06
4.56238e-06
8.00548e-07
6.61687e-07
5.68232e-07
1.19935e-07
3.17708e-07
1.54174e-06
5.31753e-08
4.30014e-07
5.17506e-06
4.78744e-07
6.12556e-07
2.09251e-06
2.21751e-06
8.89865e-06
2.65638e-06
4.08279e-07
1.88172e-06
2.01155e-05
4.01123e-05
3.68908e-05
1.64647e-05
1.62691e-06
3.95983e-06
1.80813e-06
1.01059e-05
4.24011e-06
4.73803e-06
1.32291e-05
2.96363e-06
2.39872e-06
2.92332e-06
1.4336e-06
2.54322e-07
3.69799e-07
1.81778e-06
1.92469e-06
1.66245e-06
9.76828e-07
4.53611e-06
6.33691e-06
3.00953e-06
2.94629e-06
4.3582e-07
1.39306e-08
6.17819e-07
2.43861e-06
3.11565e-06
2.02716e-06
6.7632e-07
4.83498e-07
7.04943e-07
1.14818e-05
9.03353e-06
4.7786e-06
1.39413e-06
3.53237e-07
9.95299e-06
4.23395e-05
4.59763e-05
3.58867e-05
1.01085e-05
3.68225e-06
9.27682e-07
2.4405e-07
3.83848e-07
8.52721e-07
2.10113e-06
5.18143e-06
1.05639e-06
8.0083e-07
3.90089e-07
2.90186e-08
1.08243e-07
5.02727e-07
1.74997e-06
3.9086e-06
1.36303e-06
1.69488e-06
4.1248e-06
3.489e-06
3.30239e-06
2.90699e-06
1.03881e-06
7.96051e-07
6.2752e-07
1.77817e-06
3.29093e-06
2.27132e-07
7.29944e-07
4.47139e-06
9.77583e-07
2.43507e-06
3.48988e-06
3.14753e-06
5.83367e-07
4.49718e-06
3.29662e-05
3.64223e-05
2.89229e-05
1.18764e-05
8.80365e-07
9.25002e-07
1.50535e-07
1.46037e-07
1.12769e-07
2.17815e-07
6.8168e-06
1.05971e-05
9.48896e-07
5.17854e-07
3.3757e-07
6.03327e-07
5.6712e-07
1.14993e-06
4.97702e-06
4.87084e-06
9.398e-07
1.55192e-06
2.30896e-06
2.18588e-06
1.78059e-06
8.9954e-07
2.49208e-07
1.74554e-06
1.19168e-06
1.45421e-06
2.06631e-06
5.55189e-06
2.90682e-06
3.5496e-08
2.41751e-07
1.12151e-06
2.57604e-06
7.77815e-07
1.82577e-06
2.10345e-05
1.45376e-05
4.2359e-06
3.39742e-07
9.46508e-08
5.83064e-07
6.51886e-07
2.522e-07
5.16733e-08
2.20814e-07
5.53285e-06
1.45065e-05
6.11236e-06
1.09503e-06
1.04246e-06
8.59028e-07
8.43065e-07
8.50325e-07
2.98656e-06
8.38681e-06
6.20198e-06
1.60873e-06
1.49038e-06
1.99649e-07
6.92774e-07
3.6092e-07
2.03948e-08
6.08511e-07
1.23843e-06
1.1645e-06
1.51872e-06
8.32158e-06
1.53509e-06
7.73022e-08
2.42142e-08
1.2588e-07
4.37614e-07
1.32615e-07
5.50671e-07
6.32508e-06
2.60674e-06
2.98083e-07
5.73547e-08
2.30699e-08
9.69194e-08
2.04705e-07
1.88124e-07
4.0301e-09
2.26711e-06
1.11902e-05
1.45964e-05
8.11558e-06
1.02716e-06
1.11656e-06
3.33742e-06
6.6965e-06
5.37613e-06
2.67579e-06
8.33799e-06
1.194e-05
6.16002e-06
1.19142e-06
1.07803e-06
3.04598e-06
2.22012e-07
9.02364e-08
9.59623e-09
3.11856e-07
6.76759e-07
2.52331e-07
4.03195e-08
6.88616e-08
1.354e-07
1.20498e-07
5.48126e-08
7.54925e-09
5.44677e-08
3.04714e-07
6.72538e-07
1.91602e-07
4.37251e-08
2.18448e-08
1.36426e-08
1.4253e-08
1.87697e-08
2.3913e-08
9.97421e-09
1.80948e-06
1.05958e-05
1.40099e-05
7.95499e-06
1.10784e-06
4.53869e-08
2.4754e-07
4.73369e-06
9.28085e-06
3.50223e-06
2.92045e-06
4.69765e-06
1.52032e-06
1.1032e-06
1.52224e-06
1.87419e-07
1.26818e-07
1.10352e-07
4.55168e-08
7.61111e-08
2.88407e-07
1.34344e-07
2.34759e-09
5.83439e-09
6.0292e-08
2.42846e-07
8.7142e-08
7.05806e-10
1.77919e-07
1.89044e-07
3.07686e-08
1.50231e-08
1.52631e-08
8.31584e-09
5.62918e-09
3.33688e-09
1.23751e-08
3.72877e-08
5.71192e-08
2.59524e-07
1.23757e-06
2.3233e-06
2.05832e-06
7.26256e-07
2.68627e-08
8.73193e-09
1.32386e-08
1.02742e-07
1.7074e-07
4.54334e-08
1.29091e-08
3.26246e-08
1.68939e-06
3.18991e-06
8.97081e-07
1.78691e-08
3.20696e-08
3.66251e-08
2.27713e-08
4.35092e-08
4.84475e-08
6.39811e-09
4.55194e-09
1.28245e-08
7.13829e-08
5.59404e-08
1.55251e-09
3.96674e-08
6.17296e-08
4.54868e-09
1.54286e-08
2.61524e-08
1.27366e-08
1.64712e-09
6.08349e-09
7.1455e-08
1.795e-07
1.42288e-07
8.15933e-08
1.26934e-07
2.63825e-07
3.0629e-07
2.13705e-07
4.38936e-08
3.54406e-10
4.44329e-09
4.27844e-09
1.39536e-09
1.92971e-09
3.04343e-09
5.4767e-09
3.95137e-08
3.30141e-07
2.63134e-07
5.72504e-08
4.92451e-09
1.24249e-08
9.40068e-09
5.0441e-09
8.49077e-09
1.10409e-08
6.7414e-09
2.88621e-09
6.09637e-09
1.67284e-08
1.47309e-08
9.11681e-11
4.18111e-09
2.18204e-09
6.69446e-09
2.62949e-08
1.57839e-08
7.76037e-10
4.86514e-09
4.70213e-08
1.17078e-07
1.16794e-07
5.90019e-08
3.31398e-08
4.38853e-08
7.04499e-08
6.90694e-08
3.9941e-08
5.98572e-09
1.89297e-11
1.52089e-09
1.83355e-09
7.6812e-10
5.19464e-10
7.47137e-10
2.61808e-09
2.16833e-08
3.59982e-08
1.4236e-08
3.28106e-09
6.99063e-10
1.0731e-09
7.47599e-10
4.50281e-10
8.94075e-10
1.36991e-09
6.55829e-10
6.90487e-11
6.86002e-10
4.78736e-09
4.7773e-09
2.7344e-11
2.65748e-10
2.17965e-10
1.38528e-09
3.42629e-09
2.86378e-10
6.07317e-10
6.99776e-09
1.75924e-08
2.43847e-08
2.03985e-08
9.67575e-09
4.69779e-09
6.39058e-09
1.24195e-08
1.41164e-08
7.55126e-09
1.18288e-09
8.86905e-13
2.77215e-10
1.76649e-10
2.04298e-11
1.92123e-11
6.71084e-11
2.78328e-10
6.13866e-10
8.03296e-10
8.01427e-10
5.6118e-10
3.16298e-05
4.1682e-05
3.7291e-05
1.58962e-05
1.49506e-06
2.07511e-06
2.62174e-05
4.08135e-05
3.25703e-05
1.99852e-06
2.49419e-06
1.48934e-06
3.81891e-07
6.33665e-07
2.44168e-07
8.28927e-07
8.40087e-07
1.04488e-06
1.67431e-06
2.86384e-06
3.84696e-06
3.54817e-06
2.12637e-06
1.97604e-06
2.34303e-06
2.525e-06
2.63723e-06
2.15435e-06
3.76151e-06
1.03925e-05
4.58613e-06
7.01331e-07
1.6278e-06
9.3649e-07
8.14812e-07
4.64252e-06
7.37826e-06
3.97907e-06
3.98372e-07
7.55204e-06
1.96725e-05
2.15131e-05
4.41283e-06
6.09616e-07
3.13089e-06
1.26638e-05
1.82914e-05
1.07946e-05
2.33349e-06
1.17927e-06
1.02825e-06
2.73489e-06
6.59364e-06
9.73661e-06
1.27076e-05
5.75626e-06
2.7119e-06
4.16271e-06
3.82276e-06
1.52643e-06
1.19857e-06
2.14153e-07
2.39426e-07
2.26018e-06
5.30364e-06
5.83909e-06
5.15662e-06
4.88427e-06
2.8683e-06
2.36618e-06
1.20039e-06
8.1444e-07
7.93418e-07
4.27559e-07
5.34759e-06
2.08312e-05
1.43225e-05
2.13467e-06
2.73671e-06
1.16802e-06
4.12677e-06
2.16079e-06
2.5116e-06
3.83875e-06
8.02851e-06
1.61752e-05
1.26979e-05
4.31279e-07
2.69378e-07
2.68219e-06
1.80563e-06
2.02958e-06
5.81248e-06
1.50139e-05
1.22256e-05
3.29059e-06
2.40887e-06
2.62955e-06
2.94292e-06
1.42977e-06
1.06978e-05
1.39836e-05
1.85523e-05
2.18152e-05
2.17788e-05
6.61787e-06
7.65023e-07
1.02342e-06
8.27209e-07
8.52112e-07
1.99049e-06
3.33718e-06
1.10735e-06
2.33593e-06
4.75678e-06
6.83166e-06
4.11778e-06
2.86568e-06
8.22014e-06
1.4168e-05
4.15775e-06
5.06965e-06
8.01765e-06
8.98767e-06
6.93828e-06
4.2782e-06
7.17931e-07
2.62456e-07
1.61534e-07
8.26103e-07
1.87931e-06
2.88182e-06
3.63377e-06
3.64545e-06
4.98839e-06
5.27443e-06
3.24973e-06
1.40707e-06
2.33839e-06
1.39635e-06
1.77827e-06
1.30591e-06
1.07032e-06
4.14722e-06
3.33174e-06
1.50041e-06
5.74319e-07
3.34285e-07
4.10913e-06
4.35119e-06
1.59101e-06
4.40074e-06
1.18895e-05
9.08781e-06
1.97949e-06
2.64592e-06
5.15312e-06
3.90742e-06
1.32895e-06
2.27781e-06
1.13753e-05
1.43428e-05
9.62287e-06
1.63385e-06
1.79388e-07
8.82908e-07
2.3293e-06
5.88776e-06
4.55817e-06
1.1771e-06
1.54319e-06
2.08976e-06
2.34786e-06
2.57994e-06
3.99015e-06
2.95492e-06
6.10312e-07
1.20805e-06
1.10953e-05
1.99139e-06
3.48395e-06
4.66757e-06
5.83918e-06
5.26936e-06
5.63362e-06
8.86998e-06
2.2659e-06
3.44303e-06
1.10272e-05
3.35949e-06
1.0363e-06
5.90179e-07
1.99416e-06
2.33233e-06
2.40086e-06
1.2456e-06
1.29101e-06
1.49782e-06
1.7472e-06
3.74985e-06
1.96736e-05
9.58076e-06
3.14258e-06
1.90249e-06
1.14549e-06
3.90866e-07
4.3349e-06
5.62395e-06
2.80331e-06
4.08147e-07
1.1368e-06
2.06676e-06
1.55547e-06
1.82155e-06
1.14223e-06
1.63941e-06
1.10128e-06
3.79029e-07
1.7467e-06
1.8343e-06
7.78685e-07
1.63529e-06
8.34835e-07
1.4489e-05
2.87106e-05
1.12181e-05
1.56524e-06
1.34842e-06
4.09051e-06
4.1213e-06
1.34624e-06
1.54744e-07
5.95435e-07
1.02574e-06
1.23902e-06
1.74877e-06
2.14854e-06
3.73494e-07
4.19465e-06
1.62451e-05
7.30018e-06
3.33521e-06
2.60937e-06
1.5051e-06
2.69726e-06
1.72559e-06
8.40282e-07
8.16641e-07
3.5274e-07
4.68426e-06
4.04129e-06
1.43194e-06
4.16494e-06
2.53661e-06
5.17866e-06
5.7034e-06
4.0608e-06
3.43815e-06
3.11823e-06
2.35129e-05
3.39033e-05
3.65291e-06
2.91566e-05
3.39946e-05
8.65055e-06
9.96422e-07
2.09872e-06
8.88458e-06
6.79862e-06
3.31746e-06
3.6327e-06
1.92477e-06
9.07453e-07
1.49631e-06
2.18225e-06
1.51703e-06
3.79897e-07
1.55542e-05
2.91288e-05
1.81609e-05
5.51783e-06
5.8364e-06
1.37897e-06
2.03398e-06
2.08432e-06
3.93296e-07
8.21829e-08
3.18432e-07
3.91153e-07
2.1413e-07
1.78735e-06
1.25668e-05
3.96075e-06
4.27821e-06
5.55843e-06
5.63187e-06
4.8936e-06
1.48595e-06
1.6866e-05
2.22172e-05
9.76096e-08
2.04406e-06
4.67219e-06
6.53374e-06
8.33351e-06
9.35452e-06
1.84634e-05
7.23297e-06
2.6476e-06
3.58864e-06
1.12263e-05
6.32266e-06
2.81894e-06
2.71963e-06
2.38731e-06
2.45282e-07
1.68155e-05
3.30334e-05
9.27386e-06
5.02282e-06
1.92038e-06
9.80362e-07
3.82144e-07
6.16962e-07
1.08025e-06
2.87479e-06
5.74495e-06
7.0931e-06
2.64272e-06
7.64937e-06
2.59401e-05
3.59865e-05
1.67012e-06
3.6289e-06
6.12898e-06
8.05748e-06
5.07908e-06
1.23854e-06
1.39829e-06
3.19037e-06
1.82119e-06
1.96704e-06
2.31783e-06
2.61812e-06
2.75724e-06
2.31676e-05
2.41405e-05
1.15239e-05
4.79845e-06
4.08532e-06
1.92392e-06
1.90609e-06
3.27901e-06
3.14644e-06
2.19608e-06
4.68384e-06
2.38036e-05
4.92482e-06
2.29234e-06
4.18783e-06
2.0587e-06
2.60082e-07
1.54192e-07
5.79739e-07
3.0201e-06
4.90172e-06
1.8585e-06
8.98355e-06
1.61484e-05
2.02052e-05
3.10286e-05
1.52107e-05
8.29952e-06
5.51683e-06
8.00383e-06
9.28585e-06
1.94402e-06
3.86914e-06
2.33031e-06
1.33939e-06
7.20087e-07
2.06104e-06
3.1325e-06
2.1032e-06
1.62286e-06
3.79005e-06
1.321e-05
3.511e-05
1.03271e-05
4.64232e-06
2.88298e-06
6.17137e-06
2.72503e-06
3.27017e-06
1.01593e-06
1.37093e-05
3.50859e-06
7.04278e-07
1.80283e-06
4.8716e-07
9.60603e-08
4.05646e-07
1.15466e-06
8.58444e-06
1.0854e-05
1.58897e-06
1.62541e-05
1.54844e-05
7.51247e-06
3.72759e-06
3.42378e-06
3.26832e-06
1.25082e-05
1.42424e-05
5.13714e-06
1.69114e-06
1.50706e-06
9.10754e-06
4.22392e-06
1.12532e-05
1.263e-07
1.20552e-06
3.52327e-06
1.64725e-06
1.45109e-06
3.24614e-06
7.51192e-06
1.53734e-05
6.65729e-06
4.32173e-06
1.02445e-05
1.09116e-05
1.75769e-06
2.98093e-06
8.24309e-06
2.35149e-05
1.34926e-06
9.73684e-07
1.39563e-06
4.64629e-06
5.31376e-07
3.87848e-07
3.61621e-06
1.32846e-05
8.41063e-06
2.85338e-05
3.26843e-05
1.57325e-05
2.58762e-07
4.06534e-06
1.88067e-07
2.65764e-06
1.43444e-05
1.8984e-05
7.20076e-06
4.58075e-06
1.22886e-05
8.06966e-06
1.42021e-05
2.48894e-06
2.95203e-07
2.15204e-06
3.20036e-06
2.23868e-06
4.87899e-07
7.07733e-07
4.2915e-06
1.73295e-05
7.58299e-06
7.45201e-06
1.99299e-05
1.48964e-05
3.32841e-06
2.77931e-06
1.52499e-05
1.79062e-05
8.93903e-06
9.82882e-07
9.29015e-08
1.62398e-07
5.97333e-07
1.82812e-06
7.80395e-06
3.28901e-06
1.39268e-05
2.62643e-05
3.49801e-05
4.61195e-06
5.84809e-06
5.63272e-06
1.54835e-06
2.81626e-06
8.13968e-07
1.18753e-05
1.79328e-05
2.16874e-05
9.82814e-06
3.52046e-06
6.72786e-06
2.82471e-06
1.41116e-06
9.1686e-07
2.69044e-06
8.3547e-06
3.3599e-07
5.88802e-07
1.68359e-05
2.66505e-05
1.17896e-05
1.55391e-05
3.08627e-05
6.73211e-06
3.3402e-06
1.86682e-06
1.82231e-05
7.91267e-06
3.04158e-07
2.3864e-08
6.46899e-08
3.37408e-07
2.9194e-06
5.36141e-06
1.02448e-05
1.12819e-05
1.52741e-05
1.39255e-05
2.61981e-06
5.16311e-06
5.60619e-06
3.14248e-06
3.96071e-07
3.62853e-07
2.15334e-06
5.68642e-06
1.32954e-05
9.88003e-06
1.32083e-06
4.39803e-06
7.47594e-06
1.68299e-06
1.88851e-06
5.33226e-07
9.57547e-06
3.20638e-06
1.3454e-07
5.59755e-06
7.98597e-06
1.5267e-05
6.36727e-06
1.74976e-05
1.75005e-05
4.58442e-06
4.5621e-06
1.8755e-06
3.02525e-06
7.52578e-07
8.21927e-08
8.19084e-08
1.24446e-06
1.63552e-06
4.45484e-06
5.13308e-06
1.13121e-05
7.67253e-06
2.43829e-05
1.21934e-06
2.16503e-06
3.10109e-06
4.56749e-06
8.71356e-07
7.7579e-07
4.73381e-07
2.36019e-06
4.53712e-06
4.54509e-06
4.15437e-06
4.7994e-06
4.04712e-06
1.9037e-06
2.25724e-06
3.13669e-06
5.97459e-07
8.82007e-06
4.15016e-07
2.88181e-07
2.62352e-06
4.43024e-06
1.90477e-06
6.9948e-07
3.53426e-06
2.40306e-06
9.59155e-07
2.27057e-06
4.5378e-06
3.79923e-06
3.48209e-07
2.4567e-06
8.96052e-06
2.30381e-06
2.12147e-06
2.16144e-06
1.86039e-05
1.6471e-06
9.15795e-06
2.64493e-07
1.48074e-06
1.35579e-06
2.0393e-06
2.68111e-06
5.3825e-06
2.17184e-06
5.0924e-07
1.90171e-06
4.2021e-06
2.28611e-06
1.07232e-05
4.5617e-06
3.21282e-06
6.15691e-07
2.96404e-06
4.01521e-06
7.96569e-07
1.6272e-06
8.30143e-07
3.03369e-07
4.44175e-06
7.85985e-07
4.4726e-06
4.23232e-06
2.31175e-06
9.84977e-07
3.268e-07
1.5567e-06
5.30779e-06
9.60252e-06
7.1912e-06
6.45797e-06
2.82977e-06
1.22808e-06
3.09975e-06
1.39395e-05
1.4795e-06
1.21136e-06
1.38661e-06
1.42797e-06
6.81061e-07
6.65614e-07
1.1271e-06
4.10885e-06
7.1063e-06
1.80411e-06
4.08344e-07
2.86408e-07
1.43172e-06
8.76787e-06
3.48846e-06
2.03311e-06
3.19616e-07
1.6681e-06
4.59018e-06
1.63205e-06
3.08824e-06
4.39717e-06
4.31066e-06
1.5942e-06
8.62686e-07
9.98394e-07
6.50594e-06
4.02817e-06
2.17179e-06
4.23781e-07
3.40811e-07
2.89727e-06
3.99484e-06
6.04152e-06
6.92078e-06
4.25653e-06
2.75038e-06
9.48374e-07
1.28465e-06
4.50164e-06
2.06106e-06
3.3921e-06
1.46553e-06
6.69896e-07
1.59193e-07
2.0778e-07
5.42589e-07
9.11666e-07
1.28038e-06
6.01388e-07
1.06342e-07
4.35751e-07
3.62979e-06
2.63643e-06
4.0306e-07
2.23204e-07
8.42818e-07
4.87145e-06
1.57014e-06
5.60117e-07
2.08675e-06
2.53428e-06
6.21499e-06
4.80251e-07
1.24126e-06
7.50699e-07
1.73293e-06
3.18624e-06
1.0234e-06
7.02243e-07
1.99715e-06
4.88411e-06
2.94107e-06
3.75947e-07
6.05252e-07
5.71946e-08
1.26445e-07
7.44498e-07
1.70907e-05
4.89932e-06
4.3399e-06
1.4701e-06
6.31171e-07
1.93748e-07
1.19013e-08
7.60539e-08
8.13041e-08
1.31801e-07
1.61379e-07
1.45122e-08
3.74844e-10
3.23365e-07
1.33804e-06
2.65483e-08
8.41464e-08
1.31274e-07
5.22989e-06
5.44427e-07
1.57129e-07
1.46176e-06
4.35897e-06
5.0216e-06
3.74868e-06
1.28071e-07
1.44234e-07
1.84085e-07
8.68244e-07
1.45292e-06
2.40198e-07
2.6069e-06
3.77103e-06
2.63085e-06
3.8246e-07
2.34957e-07
1.42434e-07
6.25879e-08
2.58933e-07
2.38705e-05
6.39904e-06
6.54025e-07
1.00346e-06
4.54342e-07
1.65843e-07
6.18353e-09
2.98992e-08
4.41222e-08
1.42658e-08
1.04218e-08
3.55014e-09
2.25248e-08
1.8084e-08
1.95547e-07
9.24115e-08
7.26264e-09
8.10674e-08
1.42429e-06
8.92453e-08
1.02422e-06
5.30568e-06
4.48421e-06
8.88099e-06
1.07566e-06
1.88875e-07
1.1102e-08
2.15513e-08
1.8747e-07
8.67062e-07
5.36722e-07
2.41509e-07
1.12105e-06
2.29004e-06
1.3102e-06
5.10413e-07
1.43481e-06
5.35366e-07
6.09601e-07
2.26189e-05
1.07542e-05
1.82667e-05
2.20741e-07
2.01262e-07
8.94052e-08
2.35553e-09
2.00071e-08
3.85989e-08
4.34263e-09
2.54727e-09
2.87638e-09
5.71243e-09
8.25505e-09
4.31256e-08
2.71602e-07
4.98811e-07
8.13483e-07
7.1521e-07
5.78149e-09
1.36051e-06
5.79112e-06
1.00845e-05
2.34128e-06
1.92514e-07
1.48985e-07
1.97151e-08
1.02055e-08
1.05614e-07
5.24894e-07
4.10717e-07
1.55128e-07
3.59512e-07
8.49917e-07
1.47969e-06
2.03623e-06
3.51068e-06
2.31148e-06
1.69446e-06
1.48031e-05
2.57368e-05
3.96122e-06
8.65001e-08
9.10964e-08
6.86246e-08
4.08835e-09
1.12476e-08
2.16939e-08
1.98716e-09
1.96111e-09
1.76942e-10
7.54926e-09
1.82037e-08
1.76325e-08
1.00469e-07
5.58241e-07
1.12262e-06
2.23555e-07
5.0886e-08
5.51394e-07
5.24306e-07
4.85839e-07
2.02666e-08
3.70436e-08
5.76515e-08
5.31764e-08
3.40189e-08
4.66086e-08
1.54436e-07
1.76128e-07
5.19694e-08
1.97775e-07
3.8148e-07
4.15676e-07
5.61054e-07
1.00487e-06
1.26255e-06
9.37225e-07
1.25767e-06
1.69171e-06
1.50173e-07
2.26816e-08
4.53242e-08
4.04649e-08
7.28074e-09
1.70188e-09
6.24656e-09
5.5434e-10
6.76906e-10
9.30968e-11
2.19452e-08
4.86887e-08
1.54353e-08
1.16149e-08
6.32557e-08
1.09428e-07
9.10618e-09
1.77759e-08
4.56502e-08
1.4762e-08
9.78761e-09
1.48394e-08
1.23692e-08
2.39086e-08
8.14679e-08
9.05176e-08
3.1775e-08
2.18549e-08
2.61539e-08
8.0454e-09
2.93164e-08
1.4135e-07
1.61536e-07
9.97215e-08
9.47969e-08
1.55309e-07
1.75283e-07
1.12238e-07
4.63325e-08
1.05166e-08
3.95243e-09
1.50823e-08
4.13996e-08
9.40565e-09
7.47249e-10
4.46964e-10
2.95782e-10
7.47449e-11
2.37327e-11
3.15575e-09
2.002e-08
9.44964e-09
1.35583e-09
2.9332e-09
1.07571e-08
4.06888e-09
1.92689e-10
8.19723e-09
1.50577e-08
1.45064e-08
1.10427e-08
9.58087e-09
2.15427e-08
5.99231e-08
8.06003e-08
4.60232e-08
1.15938e-08
4.3937e-09
2.27399e-09
5.34932e-10
9.0461e-09
2.90328e-08
2.27513e-08
9.89921e-09
1.00096e-08
1.76642e-08
1.44545e-08
3.87027e-09
4.74949e-10
1.15054e-09
5.72437e-09
1.59982e-08
1.85052e-08
2.10583e-09
4.7129e-10
2.28739e-11
1.49955e-11
7.85943e-12
7.65023e-13
9.72512e-10
2.14746e-09
3.91549e-10
2.31565e-11
1.94559e-10
5.31652e-10
6.88415e-11
1.24805e-10
1.02136e-09
8.92058e-10
9.91226e-10
1.77546e-09
3.96061e-09
7.28124e-09
1.56419e-08
2.03642e-08
9.22909e-09
1.70422e-09
5.42778e-10
6.709e-10
3.72508e-10
1.75802e-10
1.22467e-09
1.25146e-09
2.84033e-10
3.71031e-10
1.39357e-09
1.34717e-09
2.36579e-10
2.98289e-11
1.98888e-10
9.05495e-10
2.31597e-09
2.8684e-09
2.12546e-06
2.77953e-06
3.57353e-06
2.85192e-06
2.33834e-06
1.20051e-05
3.0209e-05
2.99406e-05
1.19179e-05
7.71532e-07
1.18066e-06
2.26352e-06
1.51856e-06
2.84055e-07
6.66381e-07
1.6945e-06
1.42621e-06
9.20212e-07
1.01429e-06
4.6148e-07
1.60655e-06
2.3899e-06
2.66244e-06
2.55737e-06
2.19053e-06
2.07546e-06
1.73722e-06
1.97553e-06
5.353e-06
6.99862e-06
6.40117e-06
6.9441e-06
5.96773e-06
4.28209e-06
3.2494e-06
2.37134e-06
1.07557e-05
1.14286e-05
4.96797e-06
1.87051e-06
1.86582e-06
1.79217e-06
1.93209e-06
2.19875e-06
2.77335e-06
2.08569e-06
4.82205e-06
8.72144e-06
4.37215e-06
5.55744e-06
6.76053e-07
2.27329e-07
2.53411e-06
1.21255e-06
9.20877e-07
1.83089e-06
1.29766e-06
1.60315e-06
7.12073e-07
7.11752e-06
5.33885e-06
2.0872e-06
9.20647e-07
9.16036e-07
6.38492e-06
1.64506e-05
1.12766e-05
3.6608e-06
8.17188e-07
8.15942e-07
1.07218e-06
1.09601e-06
1.25939e-06
2.37648e-06
6.34464e-06
1.57028e-05
1.03574e-05
4.31543e-07
2.3003e-06
2.61283e-06
2.55189e-07
2.48242e-06
1.44522e-06
1.55066e-07
4.44646e-07
3.05385e-06
6.11702e-06
1.21953e-05
1.47508e-05
7.65075e-06
2.16824e-06
3.11898e-06
4.8531e-07
2.22897e-06
3.12493e-06
3.36458e-06
2.54133e-06
4.3612e-07
2.76714e-06
7.19261e-06
1.09342e-05
1.56455e-05
1.83802e-05
2.1991e-05
2.8224e-05
2.16681e-05
2.28445e-06
1.18025e-06
1.60041e-06
8.56918e-07
5.40875e-06
8.99209e-06
6.91905e-06
6.81682e-06
6.87196e-06
7.22879e-06
4.00965e-06
1.37527e-05
2.35625e-05
1.52925e-05
4.35292e-06
4.226e-06
1.58126e-06
1.68018e-06
4.53352e-06
6.36599e-06
2.50277e-06
2.81661e-06
2.55077e-06
4.71421e-07
2.20214e-06
1.05175e-06
1.59922e-06
2.72297e-06
2.03126e-06
2.51549e-06
2.80027e-06
1.63862e-06
2.56699e-06
1.45046e-05
2.37117e-05
2.13568e-05
1.38227e-05
8.4312e-06
5.32072e-06
6.97574e-06
5.14509e-06
2.74862e-06
5.87351e-06
7.98884e-06
6.04052e-06
6.75833e-06
6.21661e-06
2.82832e-06
4.51939e-06
8.14031e-06
7.81899e-06
5.91264e-06
2.25187e-06
6.26499e-07
9.13092e-06
5.83552e-06
2.37176e-06
1.44833e-06
6.65936e-08
9.56623e-07
1.83038e-06
2.10191e-06
3.791e-06
3.0745e-06
5.45367e-07
2.14455e-06
4.58328e-06
3.01515e-06
2.87051e-06
3.59202e-06
4.85308e-06
2.25371e-06
1.16945e-06
7.0177e-06
4.26892e-06
2.86303e-06
3.15163e-06
4.75272e-06
1.10054e-05
1.48426e-05
1.051e-05
9.97695e-06
2.10337e-06
4.34697e-07
1.99714e-06
2.59715e-06
2.30856e-06
1.83776e-06
8.33802e-07
3.68365e-07
1.15886e-06
1.22396e-06
2.13209e-06
5.86203e-06
2.5082e-06
1.78041e-06
3.91521e-06
2.72519e-06
8.96791e-07
1.24758e-06
4.82385e-06
7.05634e-06
5.17527e-06
7.59861e-07
7.66605e-07
3.2564e-06
2.9702e-06
2.55247e-06
1.54133e-05
1.5526e-05
6.55184e-06
3.54278e-06
9.38484e-07
8.7505e-06
2.54623e-05
1.01753e-05
1.09866e-06
1.06538e-05
3.16796e-05
2.31432e-05
7.49802e-06
2.58185e-06
1.87841e-06
1.70159e-06
2.84959e-06
4.18322e-06
4.67013e-06
2.80573e-06
7.79387e-07
1.14656e-06
2.37676e-06
2.2218e-06
2.53944e-06
3.42525e-06
3.44988e-06
6.27522e-06
2.52507e-07
7.16097e-07
3.65539e-06
4.41924e-06
3.13579e-06
1.70889e-06
9.07148e-08
3.13628e-07
9.5775e-07
1.31522e-06
1.95486e-06
1.15104e-05
6.79764e-06
3.76189e-06
3.74593e-06
4.21704e-06
1.01424e-06
2.28997e-05
2.47377e-05
2.28921e-06
1.11409e-06
2.33729e-05
3.08806e-05
5.68488e-06
4.28471e-06
5.63722e-06
2.81332e-06
1.76075e-06
1.60005e-06
1.19323e-05
1.95487e-05
9.58789e-06
1.87059e-06
2.34934e-06
3.50618e-07
5.87704e-06
5.8012e-06
3.51396e-06
7.7785e-06
2.19832e-09
1.39291e-06
4.07382e-06
5.13276e-06
3.55163e-06
9.89391e-07
7.31741e-07
6.18407e-07
1.84108e-07
4.25064e-07
1.44097e-06
4.29431e-06
4.03734e-06
2.27288e-06
4.07005e-06
6.99298e-06
4.43743e-06
9.15638e-07
2.75852e-06
2.20765e-06
2.40254e-06
3.92356e-06
5.57495e-06
4.15246e-06
1.3117e-05
1.84596e-05
1.1577e-05
3.72438e-06
3.35186e-06
3.78842e-06
1.33642e-05
2.87867e-05
2.16147e-05
4.99925e-06
2.99157e-06
2.39537e-05
1.04246e-05
2.00414e-06
1.20028e-05
6.15868e-07
2.34184e-06
2.6165e-06
2.3327e-06
9.02338e-07
4.31935e-07
1.51976e-06
8.2671e-07
1.15641e-06
1.7061e-06
5.33455e-06
7.11871e-06
7.10072e-06
6.82446e-06
4.81025e-06
1.19957e-05
1.19634e-05
4.99246e-06
2.59152e-06
2.55375e-06
2.49145e-06
5.02373e-06
6.20468e-06
3.36743e-06
6.22615e-06
2.03533e-05
2.00798e-05
3.59127e-05
4.1562e-05
6.55127e-06
2.3124e-06
2.45344e-05
2.05482e-05
1.01953e-06
6.90821e-07
2.09211e-05
1.72873e-05
2.5308e-06
1.00681e-05
1.36281e-05
2.40796e-06
2.73237e-06
4.21406e-06
4.70005e-06
3.23439e-06
4.20267e-06
2.97195e-05
8.20186e-06
1.26564e-06
3.11018e-06
2.99848e-06
4.95846e-06
4.08715e-06
5.23232e-06
2.40521e-05
2.46111e-05
2.34603e-05
2.52642e-05
1.09973e-06
1.09415e-06
2.06967e-06
1.04244e-05
2.76416e-06
2.91851e-06
4.24131e-06
6.10223e-06
8.01972e-06
2.79455e-05
2.45286e-05
3.46324e-06
6.39228e-06
3.83125e-05
1.5981e-05
1.34141e-06
1.16069e-05
1.4771e-05
2.81773e-06
3.42368e-06
1.16624e-05
1.64396e-06
1.75884e-06
2.62161e-06
2.59246e-06
4.87424e-06
7.89651e-06
3.05202e-05
3.31688e-05
8.59661e-06
3.13252e-06
2.94556e-06
4.57604e-06
4.97945e-06
2.86371e-06
7.40709e-06
1.96858e-05
2.65429e-05
4.4942e-05
3.3559e-05
2.09937e-06
4.47516e-06
2.06117e-05
1.89707e-05
3.81137e-06
5.58125e-06
1.89985e-05
3.40975e-06
1.38665e-06
2.60115e-05
2.73247e-05
2.70549e-06
1.94433e-06
3.09694e-05
2.15784e-05
3.92312e-06
4.51516e-06
3.98096e-06
3.13114e-06
7.21819e-07
5.08879e-07
8.19818e-07
3.22268e-06
3.25089e-06
3.51066e-06
1.90127e-05
3.73254e-05
4.14976e-05
9.22424e-06
2.8044e-06
2.95611e-06
7.99956e-07
2.90349e-06
2.15251e-06
3.43391e-06
7.68604e-06
1.40189e-06
1.80921e-05
4.82688e-05
4.70261e-05
2.67153e-05
1.25545e-05
1.05865e-05
5.76902e-06
2.62701e-06
1.49564e-07
1.79476e-06
1.48375e-06
8.68785e-07
1.17623e-06
3.19042e-06
1.46974e-06
1.25747e-05
4.11284e-05
1.52307e-05
1.97049e-06
5.41971e-06
1.10279e-05
1.71865e-07
4.26825e-07
1.23875e-06
2.4913e-06
1.91705e-06
3.03778e-06
1.09678e-05
4.35971e-05
4.46786e-05
1.15068e-05
3.23604e-06
8.51592e-06
1.57579e-07
2.16164e-06
3.0507e-06
4.02585e-06
5.25105e-06
4.36335e-06
6.05885e-07
2.40148e-05
5.70338e-05
5.16789e-05
2.14736e-05
6.71493e-07
9.68971e-07
1.84138e-06
1.492e-06
1.83943e-06
2.51011e-06
8.78626e-06
6.56133e-06
3.32007e-06
9.60411e-07
6.92535e-06
2.2813e-05
3.33263e-05
1.30323e-05
4.37912e-06
2.63984e-05
1.6839e-05
4.42046e-06
1.63918e-06
2.2733e-06
2.07256e-06
2.09524e-06
2.64566e-06
3.30465e-05
4.96339e-05
3.09768e-05
1.70095e-06
4.79122e-06
3.98769e-07
4.94582e-07
1.21049e-06
6.17877e-06
6.04502e-06
5.35434e-06
4.81268e-06
1.18738e-05
4.6143e-05
4.85977e-05
1.84709e-05
2.03644e-06
7.36194e-07
8.01581e-07
2.04017e-06
1.39901e-06
1.55334e-06
1.14155e-05
7.07144e-06
2.64458e-06
5.34659e-07
1.6753e-05
2.05094e-05
1.32979e-05
1.62203e-05
1.79767e-05
2.38001e-05
3.11287e-05
1.94243e-05
7.58258e-06
2.31724e-06
2.83703e-06
2.99131e-06
2.19514e-06
1.15127e-05
3.87595e-05
4.54806e-05
3.91894e-06
4.30523e-06
5.63589e-07
3.8062e-07
2.01151e-06
5.87251e-06
7.18705e-06
6.52152e-06
6.61011e-06
6.83896e-06
1.50487e-05
1.90602e-05
5.44552e-06
2.8398e-06
1.01503e-06
4.23413e-07
1.29223e-06
3.00323e-06
2.84302e-06
6.42313e-07
7.72182e-06
3.63308e-06
2.85873e-06
1.52134e-05
2.92967e-05
9.35956e-07
5.73699e-06
8.13272e-06
9.69571e-06
2.02821e-05
2.81204e-05
1.97025e-05
6.04299e-06
4.70038e-06
3.06476e-06
1.08906e-06
4.82744e-06
1.82952e-05
2.87928e-05
3.21829e-05
3.5989e-06
2.16332e-06
9.94499e-07
3.37679e-07
4.34009e-06
9.34353e-06
4.19454e-06
3.96205e-06
2.20075e-06
6.70026e-07
2.22602e-06
2.82027e-06
1.57157e-06
1.5513e-06
4.37909e-07
2.11e-07
1.72403e-06
3.78352e-06
2.62093e-06
9.01879e-07
1.16262e-05
1.74995e-06
3.30992e-06
2.20728e-05
3.4841e-06
2.41738e-06
1.06381e-06
1.30694e-05
1.58503e-05
1.5559e-05
1.68113e-05
1.20166e-05
8.13148e-06
3.776e-07
7.04166e-07
6.49403e-07
9.96464e-06
1.003e-05
1.23159e-05
1.35106e-05
1.61177e-06
1.47292e-06
3.64612e-07
6.17579e-07
1.35847e-06
1.40954e-06
1.46725e-06
9.52462e-07
2.22632e-07
1.23629e-07
1.30772e-06
9.99526e-07
1.44983e-06
1.23555e-06
3.91271e-07
1.32829e-07
2.41267e-06
3.92331e-06
7.09441e-07
6.51244e-07
5.95575e-06
5.4658e-07
8.17028e-06
2.16725e-05
7.9398e-07
1.01027e-06
4.07124e-06
3.06655e-05
1.67327e-05
9.24561e-06
5.04593e-06
2.50155e-07
1.49633e-07
3.41256e-07
1.87647e-07
1.961e-07
7.16506e-06
4.8149e-06
3.50342e-06
1.20224e-07
2.98926e-07
5.00098e-07
1.55572e-07
2.11269e-07
4.85298e-07
9.7439e-07
1.35104e-06
1.17088e-06
9.26772e-07
3.06019e-06
9.30721e-06
1.32942e-06
1.54932e-06
9.45634e-07
9.19248e-07
7.88015e-07
1.24034e-06
8.19868e-07
9.37604e-07
2.81589e-07
3.29409e-06
5.50939e-06
3.09149e-05
6.56184e-07
1.16083e-06
3.14355e-07
8.5352e-06
1.36157e-05
1.12779e-05
6.549e-06
1.14495e-06
1.99721e-07
1.62135e-07
2.88038e-07
2.43755e-07
1.39448e-06
7.12204e-06
4.88652e-07
7.70719e-08
1.78764e-07
6.73056e-07
2.16121e-07
7.22143e-08
1.22237e-07
8.79929e-07
1.66029e-06
2.36745e-06
2.9288e-06
5.0956e-06
1.28923e-05
6.74746e-06
2.41919e-06
1.27655e-06
9.84126e-07
5.40077e-06
8.60293e-07
9.02496e-07
2.44606e-06
1.64244e-07
2.13436e-06
6.52573e-06
2.18748e-05
8.47431e-07
8.15939e-07
4.91742e-07
5.26305e-07
3.87121e-06
5.91728e-06
1.07711e-06
5.00657e-07
2.75568e-07
9.34814e-08
1.99396e-07
4.39221e-07
5.79117e-07
3.92462e-06
4.03596e-08
2.78043e-08
7.25955e-08
9.12565e-07
8.88111e-07
1.5783e-08
1.10222e-08
3.75918e-07
1.15859e-06
1.05624e-06
8.58918e-07
1.17714e-06
5.41172e-06
6.18555e-06
2.13152e-06
5.81296e-07
3.13374e-07
1.56581e-06
2.27949e-06
4.07529e-07
1.35755e-06
8.75174e-06
2.71761e-06
6.97578e-07
2.83994e-07
2.18611e-08
2.83166e-07
4.27206e-07
6.01623e-08
9.05711e-07
2.72372e-06
4.73761e-07
7.52591e-08
1.89159e-07
9.97627e-08
1.025e-07
2.31047e-07
1.98117e-07
1.11915e-06
1.0784e-06
3.53834e-09
2.52305e-08
8.15093e-07
1.56791e-06
1.89518e-08
9.82845e-09
8.1846e-09
6.98352e-08
8.48635e-08
4.74843e-08
4.03142e-08
1.90019e-07
7.53668e-07
4.36123e-07
5.038e-08
2.96547e-07
6.82705e-07
4.88555e-07
1.73905e-07
1.72005e-07
3.62505e-06
2.65004e-07
2.3023e-08
1.55711e-08
6.09004e-09
5.8015e-08
1.54587e-07
6.57792e-08
3.18382e-08
7.29846e-08
4.41735e-08
9.99245e-09
5.40906e-08
7.95122e-08
5.58844e-08
4.77661e-08
4.1043e-08
4.04161e-07
4.14673e-07
6.61957e-08
9.14358e-08
5.52629e-07
7.36244e-07
2.28623e-08
1.00675e-08
8.65603e-09
2.33435e-09
9.1754e-10
5.80146e-10
1.09202e-09
1.01853e-08
4.84752e-08
5.26189e-08
3.32251e-10
8.28263e-08
3.26735e-07
2.2709e-07
5.46191e-08
1.32973e-08
2.77083e-09
7.52009e-09
5.60911e-08
2.91425e-08
5.69274e-09
8.63756e-09
2.69564e-08
2.98124e-08
3.92659e-08
2.6548e-08
3.60812e-09
9.98151e-10
4.35141e-09
1.55868e-08
1.96158e-08
6.75063e-09
1.49606e-08
1.84874e-07
2.92869e-07
1.89503e-07
8.61738e-08
2.13294e-07
1.46256e-07
7.49131e-09
2.73191e-09
6.60281e-09
3.14272e-09
3.38531e-10
2.23722e-11
3.01223e-10
2.56541e-09
8.44701e-09
9.04123e-09
5.81477e-10
3.91483e-09
2.32411e-08
1.9958e-08
1.29517e-08
2.17769e-08
3.35546e-08
2.33099e-08
1.89593e-08
2.37798e-08
1.49118e-08
3.29065e-09
1.70496e-09
6.27935e-09
2.66985e-08
5.59535e-08
3.46234e-08
5.84785e-09
3.07141e-10
5.06713e-10
1.7106e-09
1.17151e-09
5.11384e-09
6.57166e-08
1.46187e-07
1.68511e-07
1.6412e-07
1.56228e-07
2.5755e-08
3.18951e-09
1.45923e-10
1.18337e-09
1.49633e-09
7.02266e-10
3.98354e-11
8.10392e-11
6.55697e-10
1.48415e-09
1.72661e-09
4.30411e-10
5.44797e-11
2.35106e-09
5.64194e-09
7.22349e-09
1.1357e-08
1.55099e-08
1.30082e-08
9.39593e-09
1.16277e-08
1.2123e-08
5.09735e-09
1.01759e-09
8.23931e-10
4.75907e-09
2.00294e-08
3.0762e-08
1.36992e-08
1.86636e-09
3.29279e-11
3.77019e-10
2.26679e-10
4.60036e-10
9.86258e-09
4.20636e-08
6.27349e-08
6.89388e-08
6.82882e-08
5.19507e-08
1.78957e-09
2.43903e-10
6.80282e-12
5.69164e-11
1.06026e-10
5.34481e-11
3.79029e-12
2.0731e-11
4.68641e-11
4.58963e-11
4.86785e-11
8.93176e-13
4.2057e-11
3.18413e-10
4.18434e-10
5.77179e-10
1.16869e-09
2.52586e-09
2.63475e-09
1.53537e-09
1.31518e-09
1.13433e-09
4.30315e-10
5.81796e-11
3.87225e-11
5.34381e-10
3.26216e-09
5.99057e-09
2.79038e-09
4.11417e-10
9.8588e-12
1.8703e-10
4.54404e-11
3.56275e-11
1.36093e-09
4.7068e-09
7.40572e-09
8.1294e-09
7.17365e-09
4.28678e-09
1.12761e-06
2.20809e-06
2.39293e-06
2.31203e-06
4.11428e-06
1.47761e-05
2.72024e-05
2.62929e-05
1.48922e-05
3.01767e-06
1.24386e-06
1.40893e-06
9.81098e-07
1.74257e-06
6.18696e-06
1.38454e-06
1.53296e-06
1.63871e-06
7.20419e-07
3.41258e-06
2.34447e-06
1.03594e-06
8.77949e-07
1.23273e-06
1.54619e-06
1.23986e-06
1.81514e-06
6.18343e-06
5.1313e-06
2.24157e-06
1.80617e-06
1.67739e-06
2.00993e-06
2.66382e-06
2.42195e-06
2.48045e-06
2.5169e-06
1.1317e-06
3.65356e-06
1.11616e-06
1.54605e-06
1.60676e-06
1.18876e-06
2.1986e-06
5.9899e-06
7.43893e-06
6.14314e-06
4.91997e-06
9.63248e-06
6.188e-06
1.59615e-06
2.55401e-06
2.636e-06
1.22832e-05
9.51576e-06
5.54874e-06
4.25498e-06
2.66946e-07
2.18242e-06
3.00689e-06
3.20661e-06
3.55807e-06
3.17844e-06
2.0411e-06
2.65713e-06
1.19918e-05
2.03781e-05
1.58668e-05
2.29976e-06
1.21252e-06
1.4929e-06
5.45665e-06
1.17956e-05
5.9705e-06
2.57723e-06
2.13269e-06
1.57905e-06
3.12896e-06
3.32629e-06
2.35451e-06
3.6341e-06
1.47247e-06
7.85717e-07
1.44267e-06
4.62102e-06
3.92898e-06
1.26078e-06
3.48058e-06
5.7463e-06
3.13583e-06
2.2163e-06
6.20124e-07
7.66528e-06
3.21655e-06
3.15778e-07
6.26034e-07
8.56586e-06
1.91524e-05
1.5452e-05
7.81155e-06
1.65333e-05
1.88016e-05
5.05435e-06
6.81649e-06
1.75551e-05
1.8594e-05
1.07665e-05
1.25633e-06
8.88869e-07
1.06028e-08
6.79116e-06
1.3269e-05
1.427e-05
9.37838e-06
1.15999e-06
3.04218e-06
3.54382e-06
3.2841e-06
7.52114e-06
9.12037e-06
4.27414e-06
2.68283e-06
2.54512e-06
6.29903e-06
1.18137e-05
9.53039e-06
5.36674e-07
3.33517e-07
1.74842e-06
3.10601e-06
3.44936e-06
1.7896e-06
1.37323e-06
6.45751e-06
6.44347e-06
5.03074e-06
3.82558e-06
2.65844e-06
7.58082e-06
2.13167e-05
2.64908e-05
2.401e-05
1.79906e-05
1.15315e-05
8.04018e-06
4.70174e-06
1.87771e-06
7.22811e-07
1.82914e-06
4.68275e-06
3.93637e-06
1.92388e-06
2.61772e-06
1.49842e-06
8.34518e-07
4.89243e-07
7.40773e-08
1.62401e-07
9.14835e-07
2.47819e-06
3.34327e-08
1.05692e-06
1.72215e-06
1.69284e-06
1.95747e-07
1.16356e-06
2.12156e-06
3.49298e-06
4.87933e-06
4.67068e-06
4.5035e-06
2.93319e-06
1.88602e-06
2.1959e-06
4.55362e-06
1.57213e-06
3.11414e-06
1.9517e-06
3.939e-07
8.62247e-07
7.11007e-07
2.63155e-06
1.45995e-06
3.54447e-07
8.12597e-06
1.80635e-05
1.24889e-05
9.68297e-06
5.10954e-06
1.82119e-06
4.39498e-07
5.27331e-07
9.79872e-07
1.04779e-06
1.75045e-06
2.16616e-06
2.18008e-06
7.04917e-07
5.18205e-08
3.41555e-07
2.00332e-06
2.08138e-06
2.5115e-06
6.17491e-06
6.59198e-06
2.22151e-06
4.29094e-06
5.60429e-06
4.74343e-06
5.50805e-06
3.70754e-06
2.8049e-06
3.25954e-06
3.95176e-06
4.16528e-05
4.74163e-05
1.23715e-05
4.69151e-07
2.8164e-06
3.45191e-06
3.65221e-06
2.38998e-06
2.46648e-06
7.34476e-07
4.74305e-06
1.88855e-05
1.09843e-05
4.77823e-06
1.43173e-06
1.55013e-06
3.91302e-06
3.80209e-06
2.64248e-06
9.13724e-07
7.0095e-07
1.67055e-06
1.29323e-06
1.32797e-06
3.96314e-06
3.24907e-06
3.52826e-06
9.78877e-07
1.48465e-06
3.60708e-06
8.24737e-07
1.65027e-06
4.01085e-06
3.54186e-06
3.48616e-06
3.96304e-06
3.31393e-06
1.26428e-06
1.24063e-06
3.90863e-05
4.32985e-05
1.5683e-05
3.97831e-06
2.24552e-06
1.87551e-06
2.97686e-06
2.07325e-06
3.56799e-06
3.22993e-06
5.87972e-06
2.50484e-05
1.5061e-05
8.78249e-06
1.17664e-06
2.89284e-06
4.13772e-06
3.55266e-06
3.92197e-06
2.13252e-05
2.49595e-05
4.82951e-06
5.76227e-07
2.18571e-07
3.41849e-06
4.6036e-06
5.6391e-06
2.26368e-08
7.11929e-08
4.76251e-07
1.00835e-06
3.12114e-06
4.08378e-06
4.44026e-06
3.58333e-06
4.64383e-06
4.38294e-06
2.63531e-06
9.75863e-06
2.69592e-05
3.3472e-05
2.70006e-05
9.70134e-06
4.3842e-06
2.50939e-06
6.46423e-06
4.37527e-06
1.88414e-06
2.59475e-06
6.94436e-06
3.51616e-06
5.41179e-06
7.26676e-06
1.3386e-05
1.04023e-05
4.31731e-05
4.34172e-05
3.116e-06
2.0497e-05
4.10475e-05
2.04737e-05
4.14958e-06
1.12023e-06
4.0814e-06
5.04864e-06
1.02051e-05
2.74168e-06
3.9972e-07
1.25298e-06
4.55715e-06
3.0383e-06
1.96949e-06
4.61819e-06
2.8872e-06
2.26665e-06
3.95764e-06
2.50674e-05
4.62715e-05
4.3006e-05
2.44352e-05
8.78591e-06
2.14656e-06
1.69369e-06
1.03255e-06
1.91476e-06
6.49935e-06
5.49674e-07
2.3684e-06
2.14827e-06
4.35166e-06
2.47518e-06
2.27922e-06
2.17354e-05
1.85436e-05
2.17193e-06
4.33749e-05
2.58915e-05
2.96444e-06
7.66417e-06
2.35584e-05
3.3988e-06
2.28972e-07
1.84376e-06
4.13213e-06
5.57243e-06
3.11216e-06
6.18358e-07
1.68194e-06
1.60606e-06
2.90906e-06
5.9551e-06
6.43245e-06
7.68393e-06
5.34824e-06
3.71076e-06
5.89552e-06
2.67693e-05
3.76583e-05
1.98239e-06
3.91325e-06
1.69158e-06
3.65792e-06
8.33022e-07
1.85988e-06
5.75681e-06
1.63736e-06
1.71268e-06
3.14948e-06
1.81601e-06
6.41869e-06
4.85272e-06
2.74997e-06
1.92042e-05
5.03763e-06
1.53247e-06
1.14594e-05
5.55724e-06
4.28227e-06
2.32294e-06
2.4951e-06
1.54212e-05
1.65949e-05
1.0335e-06
5.20387e-06
1.3483e-05
1.26392e-06
1.2626e-06
1.488e-06
1.16611e-06
5.22542e-06
1.45172e-05
1.22271e-05
8.84226e-06
9.34512e-06
4.50645e-06
8.29716e-06
2.73584e-05
1.65471e-05
3.70343e-06
4.04481e-06
6.82269e-07
1.34383e-05
2.53926e-05
2.02632e-05
9.36836e-06
1.73697e-06
2.43015e-06
2.663e-06
1.2852e-06
3.26452e-06
1.66795e-06
4.00775e-06
3.35841e-06
4.12498e-06
4.05747e-06
2.92846e-06
3.12552e-06
2.73883e-06
2.47894e-06
4.51142e-06
9.57837e-06
1.94214e-06
7.35903e-07
1.48564e-05
5.15221e-06
4.0748e-08
1.59481e-06
3.11034e-06
2.0002e-06
3.41232e-06
8.4854e-06
2.08629e-06
3.11428e-06
2.64115e-06
8.65034e-06
2.87324e-05
2.81992e-05
4.28617e-06
3.99647e-06
4.31338e-06
2.55894e-06
5.45627e-06
1.70898e-05
2.06195e-05
2.00911e-05
1.69585e-06
2.76383e-06
2.29294e-06
3.29394e-06
6.82132e-06
8.22375e-06
6.38293e-06
6.16538e-06
1.12154e-06
5.16646e-07
7.02161e-07
1.51071e-06
3.64859e-06
5.66864e-06
3.37316e-06
8.00089e-07
3.43918e-06
3.95649e-06
1.31308e-05
2.42551e-06
2.2098e-06
2.65225e-06
2.99616e-06
1.91369e-06
6.34888e-06
5.16516e-06
3.1931e-07
3.09221e-06
8.7522e-06
1.63601e-05
3.21078e-05
3.04518e-06
2.76524e-06
2.08302e-06
3.31994e-06
1.80237e-06
3.85982e-06
1.74208e-05
2.16082e-05
3.98071e-06
2.49181e-06
1.1991e-06
2.1593e-06
4.80198e-06
4.33335e-06
7.04379e-06
1.03283e-05
4.05921e-06
1.48281e-06
4.39376e-07
5.789e-07
1.96159e-06
3.04842e-06
3.97609e-06
1.76014e-06
3.0335e-06
2.97212e-06
7.03673e-06
1.00028e-05
6.42637e-06
9.79436e-07
2.83049e-06
1.7121e-06
2.0223e-06
8.81007e-06
7.84159e-06
2.11921e-06
3.51916e-06
7.25975e-06
4.78657e-06
4.22749e-07
1.1042e-06
1.95582e-06
9.53102e-06
1.03498e-05
1.69112e-06
3.52077e-06
7.68454e-06
1.07718e-06
1.79563e-06
1.44102e-06
8.27816e-07
3.68411e-06
2.87853e-06
5.7601e-06
8.64131e-06
3.57843e-06
3.64572e-06
9.12089e-07
1.18837e-05
1.08817e-05
3.68554e-06
3.31405e-06
2.78517e-08
2.37496e-06
4.65147e-06
3.12806e-07
7.54595e-06
9.65172e-06
5.97174e-06
9.73827e-07
9.13107e-07
1.06721e-06
2.25847e-05
3.33825e-05
9.63632e-06
3.1856e-06
5.33185e-06
5.32792e-06
3.84687e-06
1.57945e-06
4.67264e-06
1.55229e-05
1.1864e-05
4.41919e-06
5.73983e-07
1.73409e-06
2.86246e-06
2.15507e-06
2.58568e-06
1.82053e-06
1.62199e-06
7.26911e-06
3.19738e-06
5.45526e-07
4.85948e-07
1.81232e-06
2.60948e-06
1.61646e-05
1.66107e-05
1.44407e-05
5.75935e-06
3.73119e-06
7.77859e-06
6.13667e-06
3.26376e-06
2.29213e-06
6.21322e-06
7.04957e-06
2.99435e-06
6.46956e-07
7.19178e-07
1.8215e-06
3.24171e-05
2.30384e-05
4.19053e-06
3.74127e-06
3.12441e-06
2.14163e-06
1.68562e-06
1.6739e-06
1.43093e-05
1.43707e-05
4.09426e-06
3.03806e-07
9.1531e-08
7.50739e-07
2.20537e-06
1.92053e-06
1.40352e-06
1.35083e-06
1.37034e-06
1.47002e-06
9.9859e-07
3.1491e-07
9.5709e-07
5.14655e-06
1.79616e-05
2.47147e-06
5.90014e-07
7.77342e-07
4.97076e-06
3.40641e-05
4.6371e-05
1.79699e-05
4.66279e-06
2.30289e-06
3.05049e-06
2.71367e-06
1.02316e-06
5.56733e-07
4.26552e-07
4.07053e-06
3.69301e-05
1.17257e-05
6.71703e-06
2.23622e-06
1.40525e-06
2.10413e-07
7.94246e-07
7.39533e-07
5.08966e-06
2.90619e-06
2.46663e-07
3.64384e-08
7.38255e-08
2.80367e-07
7.99558e-07
6.50605e-07
6.91026e-07
4.14589e-07
2.92741e-06
4.36575e-07
5.31869e-08
1.96663e-07
4.98062e-06
1.60283e-05
4.12167e-07
4.0938e-07
1.60472e-07
1.73549e-07
1.31388e-05
5.74889e-05
4.60001e-05
1.87289e-06
1.10909e-06
8.65258e-07
8.44444e-07
2.61232e-07
5.4714e-07
6.07453e-07
2.34269e-07
7.6795e-06
2.20015e-05
1.00294e-05
3.45821e-06
7.26578e-07
6.79207e-06
9.08134e-07
3.49405e-07
8.78944e-08
8.12764e-07
4.60883e-07
6.07058e-08
5.59961e-08
2.81296e-08
3.013e-08
2.54733e-07
6.93392e-07
2.49274e-06
2.14939e-06
1.26731e-07
1.68391e-08
5.32963e-08
5.68699e-06
9.46506e-06
2.5719e-07
1.18548e-06
1.73541e-07
2.40385e-07
1.82731e-07
1.75829e-05
1.98958e-05
2.2543e-06
8.39634e-07
5.60397e-07
7.83511e-07
5.64298e-07
1.64439e-07
3.23686e-07
3.80522e-07
4.31864e-07
5.22838e-06
5.27288e-06
2.73735e-06
3.50135e-06
7.62238e-06
4.76935e-07
2.05178e-07
5.06285e-08
1.64648e-07
4.10259e-07
3.24949e-07
5.78724e-08
1.57548e-08
7.82577e-09
2.73327e-08
5.36935e-07
3.74704e-06
5.28756e-06
5.40439e-07
5.30761e-08
6.08603e-09
4.71166e-06
6.68551e-06
8.96743e-08
3.282e-07
6.71337e-07
1.2042e-07
7.16932e-07
1.02346e-06
5.34009e-06
2.95092e-06
3.18332e-07
1.16701e-06
2.20894e-06
7.51561e-07
4.57066e-07
1.99473e-07
7.61932e-08
2.66158e-07
7.16552e-07
1.94184e-06
1.22024e-06
1.16003e-05
4.96657e-06
3.93554e-07
1.83788e-07
9.80667e-08
1.45065e-07
5.38262e-07
9.54056e-07
2.20498e-07
3.24745e-10
1.53356e-08
3.3972e-09
2.38391e-07
3.81727e-06
1.15182e-05
1.09126e-05
4.94628e-06
2.61596e-06
2.15002e-06
8.69047e-07
3.23321e-08
3.36612e-08
3.61246e-07
1.98933e-07
4.55004e-07
1.84175e-06
2.35544e-06
3.04476e-06
1.32166e-06
1.17143e-06
1.23755e-06
6.22891e-07
1.06561e-06
2.73561e-07
3.65104e-08
3.54439e-08
5.26416e-08
5.36153e-07
3.84034e-07
2.10451e-06
1.02353e-05
1.13177e-07
1.30043e-07
1.31906e-07
1.19706e-07
4.81542e-07
6.15217e-07
1.20126e-07
1.57261e-09
2.52488e-09
1.99436e-09
1.73068e-07
3.50662e-06
1.19289e-05
1.60354e-05
8.80647e-06
1.12817e-06
1.11157e-08
1.84199e-09
9.08192e-10
5.08893e-09
6.06345e-08
8.4023e-08
2.09431e-07
1.93439e-06
1.94224e-06
9.91192e-07
7.49945e-07
2.86643e-07
3.8158e-08
2.5246e-07
3.57883e-07
1.7871e-07
2.82876e-08
1.47863e-08
1.76178e-08
3.80678e-08
4.62626e-07
6.80757e-08
2.93131e-06
5.23688e-08
5.81598e-08
9.11452e-08
5.10635e-08
2.85752e-08
4.7239e-08
1.57171e-08
2.03874e-09
1.40047e-09
3.99606e-09
9.04251e-08
1.13784e-06
2.72262e-06
1.8928e-06
2.85176e-07
5.20462e-10
3.57675e-08
5.05921e-08
1.53881e-08
9.18302e-10
4.27556e-09
1.48091e-08
2.28164e-08
2.78769e-07
4.82156e-07
8.11901e-08
1.24438e-08
7.13597e-09
5.95658e-10
2.50144e-09
2.53482e-08
3.47357e-08
1.3965e-08
7.54534e-09
6.86004e-09
2.05077e-09
5.14551e-08
7.92998e-08
2.59073e-09
1.03872e-08
1.7373e-08
3.49382e-08
4.29982e-08
1.13325e-08
3.10749e-09
2.17467e-09
8.32595e-10
6.35204e-10
1.86517e-09
7.68083e-09
3.55641e-08
5.45323e-08
2.15649e-08
2.21279e-09
3.47378e-09
1.40181e-08
2.00726e-08
1.06516e-08
4.24883e-10
3.91996e-09
8.93398e-09
3.73262e-09
3.24008e-09
2.09606e-08
1.17055e-08
3.07166e-10
5.63489e-10
1.32378e-09
8.5726e-10
8.50673e-11
3.17474e-09
5.62337e-09
7.50635e-09
7.39955e-09
1.10852e-09
4.03736e-09
1.47321e-08
6.09149e-09
4.36468e-10
2.1247e-09
8.67395e-09
2.00117e-08
1.71345e-08
3.03568e-09
3.62262e-10
2.25811e-10
2.00315e-10
3.41018e-10
2.95113e-10
1.92466e-10
1.52146e-09
2.98166e-09
1.69845e-09
6.79838e-10
9.93285e-10
2.09609e-09
2.3038e-09
5.06979e-10
1.19824e-10
3.29608e-09
2.1151e-09
3.5061e-11
1.01462e-10
4.87024e-10
1.8795e-10
2.62665e-11
2.69724e-10
1.62592e-09
6.44282e-10
2.02719e-11
1.3377e-09
4.41214e-09
8.30963e-09
4.29398e-09
5.33338e-11
1.5962e-09
1.39059e-09
2.34928e-10
1.30742e-11
2.56864e-10
1.61318e-09
4.00698e-09
4.01305e-09
1.2637e-09
2.6034e-11
2.90795e-11
7.28432e-11
8.14642e-11
2.66735e-12
5.60488e-11
3.359e-10
1.85039e-10
2.71032e-11
3.90857e-12
2.80331e-12
6.52089e-11
1.26332e-10
2.59825e-11
3.87425e-11
4.66158e-10
1.12971e-10
9.11002e-12
6.88103e-11
2.11178e-11
7.09309e-11
2.71158e-11
1.42039e-10
6.3816e-10
2.83236e-10
7.62386e-13
1.95914e-10
7.95933e-10
1.2603e-09
5.40447e-10
1.22027e-11
3.26639e-11
3.78008e-11
2.04296e-11
)
;

boundaryField
{
    bottomWall
    {
        type            zeroGradient;
    }
    topWall
    {
        type            zeroGradient;
    }
    sides1_half0
    {
        type            cyclic;
    }
    sides1_half1
    {
        type            cyclic;
    }
    sides2_half0
    {
        type            cyclic;
    }
    sides2_half1
    {
        type            cyclic;
    }
    inout1_half0
    {
        type            cyclic;
    }
    inout1_half1
    {
        type            cyclic;
    }
    inout2_half0
    {
        type            cyclic;
    }
    inout2_half1
    {
        type            cyclic;
    }
}


// ************************************************************************* //
