/*--------------------------------*- C++ -*----------------------------------*\
| =========                 |                                                 |
| \\      /  F ield         | OpenFOAM: The Open Source CFD Toolbox           |
|  \\    /   O peration     | Version:  v2006                                 |
|   \\  /    A nd           | Website:  www.openfoam.com                      |
|    \\/     M anipulation  |                                                 |
\*---------------------------------------------------------------------------*/
FoamFile
{
    version     2.0;
    format      ascii;
    class       volScalarField;
    location    "1000";
    object      p;
}
// * * * * * * * * * * * * * * * * * * * * * * * * * * * * * * * * * * * * * //

dimensions      [0 2 -2 0 0 0 0];


internalField   nonuniform List<scalar> 
60000
(
5.23358e-05
2.40954e-05
-6.75184e-05
-0.00015578
-0.000143032
-7.24348e-05
-9.77308e-05
-0.000210704
-0.00029229
-0.000277282
-0.000208702
-0.000122325
-1.8975e-05
2.90139e-05
-1.71229e-05
-5.768e-05
-4.92719e-05
-6.89945e-05
-0.000150073
-0.000246358
-0.000247579
-0.00014269
-2.73894e-05
1.40919e-05
-2.79892e-05
-9.52732e-05
-0.000158822
-0.000209745
-0.000208786
-0.000155778
-0.000101461
-6.82958e-05
-5.35468e-05
-5.77278e-05
-6.30945e-05
-7.15896e-05
-7.89736e-05
-5.46036e-05
1.47203e-06
4.6173e-05
5.32525e-05
2.57594e-05
-6.64412e-05
-0.000156316
-0.000143878
-7.15349e-05
-9.65656e-05
-0.000210168
-0.000293028
-0.000278725
-0.000211183
-0.00012381
-1.91149e-05
3.01523e-05
-1.61392e-05
-5.65165e-05
-4.80884e-05
-6.73163e-05
-0.000149657
-0.000248655
-0.000251843
-0.000145944
-2.76713e-05
1.55766e-05
-2.69132e-05
-9.46951e-05
-0.000158606
-0.000209849
-0.000208906
-0.000155545
-0.000101129
-6.78034e-05
-5.27373e-05
-5.69073e-05
-6.27291e-05
-7.12582e-05
-7.89962e-05
-5.46711e-05
2.23641e-06
4.70351e-05
5.45266e-05
2.79798e-05
-6.57511e-05
-0.000158593
-0.000145971
-6.98291e-05
-9.34772e-05
-0.000210503
-0.00029694
-0.000283379
-0.000215298
-0.000126394
-1.90611e-05
3.27396e-05
-1.28404e-05
-5.4942e-05
-4.71097e-05
-6.62209e-05
-0.000150962
-0.000254735
-0.000261821
-0.000153274
-2.80491e-05
1.92048e-05
-2.39311e-05
-9.40316e-05
-0.000158613
-0.000210184
-0.000209112
-0.000155205
-0.000100745
-6.73434e-05
-5.12936e-05
-5.58146e-05
-6.26281e-05
-7.13237e-05
-7.93517e-05
-5.46981e-05
3.60586e-06
4.85255e-05
5.57421e-05
3.01038e-05
-6.65293e-05
-0.000163544
-0.000149692
-6.78011e-05
-8.88082e-05
-0.000210514
-0.000302841
-0.000291352
-0.000221899
-0.000130199
-1.9142e-05
3.61687e-05
-8.94114e-06
-5.2968e-05
-4.59815e-05
-6.53725e-05
-0.00015412
-0.000263805
-0.000278235
-0.000166008
-2.97274e-05
2.46214e-05
-1.88811e-05
-9.36023e-05
-0.00015898
-0.000210788
-0.000209462
-0.00015491
-0.000100497
-6.65373e-05
-4.93419e-05
-5.47697e-05
-6.33291e-05
-7.22167e-05
-8.03889e-05
-5.48033e-05
5.60743e-06
5.03133e-05
5.66304e-05
3.17137e-05
-6.95419e-05
-0.000172074
-0.00015531
-6.71973e-05
-8.52196e-05
-0.000210149
-0.000305472
-0.000297645
-0.000230058
-0.000136742
-2.08737e-05
3.92718e-05
-4.63067e-06
-5.17145e-05
-4.56299e-05
-6.42964e-05
-0.000155607
-0.000270269
-0.000298593
-0.000182482
-3.23857e-05
3.29765e-05
-1.23897e-05
-9.3354e-05
-0.000159607
-0.000211175
-0.00021031
-0.000155894
-0.000101287
-6.57536e-05
-4.72964e-05
-5.40832e-05
-6.55289e-05
-7.46201e-05
-8.26258e-05
-5.5635e-05
7.663e-06
5.19247e-05
5.56499e-05
3.29795e-05
-7.42068e-05
-0.000184841
-0.000163996
-6.80139e-05
-8.2278e-05
-0.000211705
-0.00030409
-0.000295956
-0.000234469
-0.000146351
-2.69835e-05
3.97694e-05
-2.03986e-06
-5.3548e-05
-5.109e-05
-6.40252e-05
-0.000147053
-0.000269603
-0.000307984
-0.000192138
-3.07266e-05
4.4958e-05
-3.50011e-06
-9.26482e-05
-0.000160095
-0.000210997
-0.000210278
-0.000157888
-0.000106278
-6.81831e-05
-4.55114e-05
-5.39352e-05
-6.94727e-05
-7.88671e-05
-8.66116e-05
-5.79241e-05
8.12009e-06
5.08961e-05
4.67951e-05
3.04541e-05
-8.09201e-05
-0.000199801
-0.000176854
-7.13279e-05
-8.01477e-05
-0.000211779
-0.000300094
-0.000289093
-0.000234819
-0.000157979
-3.96358e-05
3.56072e-05
-1.62646e-06
-6.01434e-05
-6.82618e-05
-7.74234e-05
-0.000128652
-0.000239213
-0.000285995
-0.000183649
-2.03412e-05
5.80396e-05
4.37454e-06
-9.27344e-05
-0.000159195
-0.000209096
-0.000209211
-0.000158961
-0.000113048
-7.73748e-05
-5.06085e-05
-5.7174e-05
-7.42225e-05
-8.3542e-05
-9.51343e-05
-6.52735e-05
4.4509e-06
4.30317e-05
3.1606e-05
2.20634e-05
-9.04406e-05
-0.000218078
-0.000192786
-7.82555e-05
-7.75836e-05
-0.000203415
-0.000291321
-0.000279577
-0.000234467
-0.00017328
-6.06333e-05
2.36506e-05
-4.96499e-06
-7.107e-05
-9.02969e-05
-0.00010297
-0.000128104
-0.000179153
-0.000232406
-0.000152902
-7.07408e-06
6.3596e-05
7.41947e-06
-9.80674e-05
-0.000158363
-0.00020746
-0.000205783
-0.000158044
-0.000119274
-9.14086e-05
-6.61379e-05
-7.08235e-05
-8.0457e-05
-8.58418e-05
-0.000104428
-7.88433e-05
-5.21716e-06
3.13288e-05
2.35024e-05
2.20785e-05
-9.33524e-05
-0.00023445
-0.000211403
-8.65272e-05
-7.75456e-05
-0.000197151
-0.000280099
-0.000271735
-0.000229297
-0.000179758
-7.80634e-05
3.34027e-06
-1.61611e-05
-8.03643e-05
-0.000101098
-0.000111985
-0.000137975
-0.000161373
-0.000190431
-0.000125283
-8.5496e-06
5.523e-05
-1.70645e-06
-0.000109355
-0.00015625
-0.000200338
-0.000202482
-0.000156333
-0.000123837
-0.000108387
-9.17699e-05
-9.15652e-05
-8.57836e-05
-8.77774e-05
-0.000117176
-9.75557e-05
-1.86238e-05
2.33107e-05
2.69631e-05
4.24246e-05
-7.50106e-05
-0.00023476
-0.00023149
-0.000100654
-8.20008e-05
-0.000202074
-0.000275654
-0.000266733
-0.000218424
-0.00017038
-8.44456e-05
-8.44072e-06
-3.0341e-05
-9.13117e-05
-0.000101076
-9.9609e-05
-0.000125174
-0.000159543
-0.000178379
-0.000117561
-7.19381e-06
4.16722e-05
-2.13715e-05
-0.000127682
-0.000157631
-0.000188192
-0.000192983
-0.000151071
-0.000121197
-0.00012374
-0.000120272
-0.000110531
-8.84568e-05
-8.9818e-05
-0.000129703
-0.000119016
-3.78152e-05
1.30037e-05
1.90504e-05
4.94939e-05
-5.0518e-05
-0.000212325
-0.000246488
-0.000117654
-8.51866e-05
-0.000200466
-0.000263604
-0.000262991
-0.000215107
-0.000163795
-8.82972e-05
-1.91877e-05
-4.28847e-05
-9.98929e-05
-0.000103948
-8.90583e-05
-9.41523e-05
-0.000124172
-0.000172339
-0.000123833
-8.36105e-06
3.43262e-05
-3.78436e-05
-0.00012806
-0.000156721
-0.00017745
-0.000185743
-0.000142031
-0.000105021
-0.000125823
-0.000140119
-0.000124122
-9.0503e-05
-9.33565e-05
-0.000150052
-0.000145348
-4.81895e-05
1.4563e-05
1.96596e-05
2.8019e-05
-4.48565e-05
-0.000188716
-0.000243131
-0.000122635
-9.3884e-05
-0.000206903
-0.000257443
-0.000254721
-0.000216774
-0.000168416
-0.000115037
-4.34035e-05
-5.62617e-05
-0.000107136
-0.000111608
-9.40516e-05
-9.23859e-05
-0.000126472
-0.000171502
-0.000131927
-3.31951e-05
3.60111e-06
-7.13067e-05
-0.000154649
-0.000172586
-0.000171518
-0.000165523
-0.000113891
-8.26927e-05
-0.000132622
-0.000169635
-0.000141617
-9.68545e-05
-0.000107753
-0.000174396
-0.000173388
-6.51649e-05
2.64883e-05
6.07236e-05
3.86897e-05
-3.5463e-05
-0.000161945
-0.000219553
-0.000115605
-0.000108467
-0.000234426
-0.000271118
-0.000252901
-0.000209658
-0.000172091
-0.000133079
-0.000102556
-8.21261e-05
-0.0001137
-0.000121648
-0.00010181
-9.6175e-05
-0.000135135
-0.000188179
-0.000161503
-7.23297e-05
-5.98431e-05
-0.000127994
-0.000189048
-0.000194083
-0.000171605
-0.000150036
-9.78174e-05
-6.12474e-05
-0.000126524
-0.000184976
-0.000145099
-9.92789e-05
-0.000123268
-0.000206929
-0.000204808
-7.62511e-05
3.96789e-05
9.34962e-05
0.000102626
-9.20541e-06
-0.000131524
-0.000193897
-0.000123461
-0.00011667
-0.00022329
-0.000270828
-0.000253917
-0.000215652
-0.000176937
-0.000140268
-0.000116681
-0.000103969
-0.000105784
-0.000102508
-9.9404e-05
-9.44261e-05
-0.000114499
-0.000171601
-0.000187478
-0.000115375
-0.000117391
-0.000176908
-0.000212767
-0.000191723
-0.000170445
-0.000147607
-8.71547e-05
-3.38841e-05
-8.12361e-05
-0.000156122
-0.000122127
-9.50714e-05
-0.000134933
-0.000216912
-0.000234825
-0.000126483
2.27775e-05
6.88317e-05
0.00011054
1.55988e-05
-0.000110338
-0.000161915
-0.000126986
-0.000135264
-0.000218235
-0.000260951
-0.000245006
-0.000204949
-0.000173003
-0.000128821
-0.000103754
-0.000100882
-9.54145e-05
-8.66978e-05
-8.69012e-05
-9.8084e-05
-6.54406e-05
-6.96897e-05
-0.000140533
-0.00013681
-0.000162264
-0.000211933
-0.000206532
-0.000197456
-0.000203123
-0.000133742
-5.30696e-05
2.24758e-05
-2.06049e-05
-8.04878e-05
-8.39886e-05
-7.99106e-05
-0.000144458
-0.000226225
-0.000245147
-0.000157713
-2.10237e-05
-2.25777e-05
4.43133e-05
6.0843e-05
-6.77281e-05
-0.000115015
-0.000121387
-0.000149682
-0.00021119
-0.000249502
-0.000239491
-0.000203595
-0.000172078
-0.000127432
-0.000114686
-0.000119934
-0.000140536
-0.000102482
-7.37665e-05
-9.73353e-05
-6.83663e-05
-1.18324e-06
-3.7576e-05
-9.12184e-05
-0.000162613
-0.000217127
-0.000192735
-0.000175653
-0.000188755
-0.000181041
-8.02459e-05
7.15492e-05
3.65997e-05
-1.45831e-05
-4.5667e-05
-7.08413e-05
-0.000138971
-0.000204748
-0.000217756
-0.00018357
-0.000104103
-6.68528e-05
-1.0252e-06
1.60482e-05
-6.89451e-05
-0.0001021
-0.000120174
-0.000164644
-0.000197329
-0.000219758
-0.000218427
-0.000205774
-0.000191835
-0.000143465
-0.0001286
-0.000144363
-0.000171547
-0.00013096
-8.93159e-05
-9.16532e-05
-7.54004e-05
-1.87491e-05
-4.65335e-06
-2.9093e-05
-0.000128666
-0.000154718
-0.000135399
-0.000169486
-0.000206577
-0.000185421
-8.64253e-05
1.69367e-05
1.26222e-05
-3.34748e-05
-4.16749e-05
-7.22639e-05
-0.00012903
-0.000183544
-0.00019524
-0.000171465
-0.00013554
-9.22177e-05
-3.16787e-05
-9.29825e-06
-6.9904e-05
-0.000104666
-0.000130487
-0.000166335
-0.000179705
-0.000189783
-0.00019161
-0.000196026
-0.000198122
-0.000180308
-0.000155375
-0.000152061
-0.000148484
-0.000126356
-9.97749e-05
-9.9718e-05
-9.14895e-05
-4.52374e-05
-3.71731e-05
-6.59849e-05
-0.000116497
-0.000132039
-0.000123665
-0.000154244
-0.000193018
-0.000183399
-0.00010479
-1.78303e-05
-5.65125e-06
-4.92457e-05
-5.13504e-05
-7.80614e-05
-0.000124309
-0.000156018
-0.000158597
-0.000142139
-0.000143697
-8.58611e-05
-3.9337e-05
-4.03561e-05
-8.14014e-05
-0.000108028
-0.000120901
-0.000150782
-0.000169041
-0.000176212
-0.000171689
-0.000170434
-0.000178211
-0.000176387
-0.00015909
-0.000145731
-0.000136573
-0.000129808
-0.000112755
-0.000105015
-9.61674e-05
-0.000102
-7.15397e-05
-9.43219e-05
-0.00012229
-0.000122537
-0.000115935
-0.000142744
-0.000175646
-0.000172172
-0.000119979
-5.44658e-05
-3.05109e-05
-3.12982e-05
-3.91898e-05
-6.20864e-05
-9.40703e-05
-0.000113946
-0.000109995
-0.000105797
-9.80904e-05
-8.30548e-05
-6.15197e-05
-6.27297e-05
-8.86899e-05
-0.000108765
-0.000124034
-0.000140133
-0.000153553
-0.000154392
-0.000146491
-0.000140094
-0.000142611
-0.000148752
-0.000145592
-0.000140807
-0.000133119
-0.000129869
-0.000123395
-0.000120674
-0.000100414
-7.45004e-05
-5.86723e-05
-7.83508e-05
-0.000118032
-0.000138192
-0.000134704
-0.000121326
-0.000144567
-0.000146142
-0.000124167
-7.87908e-05
-4.06611e-05
-2.4099e-05
-3.93808e-05
-5.04965e-05
-7.55999e-05
-9.30452e-05
-9.50209e-05
-9.53815e-05
-0.000104031
-9.88742e-05
-8.99114e-05
-9.24468e-05
-0.000101854
-0.000106633
-0.000118575
-0.000137113
-0.000147123
-0.000147546
-0.000142945
-0.000135995
-0.000128493
-0.000128766
-0.000131701
-0.000130689
-0.000122307
-0.000119012
-0.000120123
-0.000120902
-0.000109815
-8.06276e-05
-5.68277e-05
-7.31615e-05
-0.000100368
-0.000121494
-0.000126761
-0.000117561
-0.000119217
-0.000121261
-0.000111301
-8.37172e-05
-4.71069e-05
-1.68814e-05
-9.5432e-06
-2.42024e-05
-5.29724e-05
-7.85452e-05
-8.93119e-05
-9.07476e-05
-9.46256e-05
-9.02128e-05
-9.64084e-05
-0.000111234
-0.000123597
-0.000126576
-0.000126796
-0.000135845
-0.000145116
-0.000146042
-0.00013805
-0.0001265
-0.000121256
-0.00012019
-0.000119703
-0.000117037
-0.000110967
-0.000103111
-0.000101792
-0.000104297
-0.000100881
-8.99951e-05
-7.9808e-05
-8.75222e-05
-0.000102418
-0.000113924
-0.00011427
-0.000109786
-0.000105959
-0.000103944
-8.71456e-05
-6.43549e-05
-5.21384e-05
-4.18623e-05
-2.56535e-05
-1.50049e-05
-3.54406e-05
-6.06308e-05
-7.57549e-05
-8.14315e-05
-8.53731e-05
-8.79557e-05
-9.84605e-05
-0.000113754
-0.000130454
-0.000141511
-0.000145165
-0.000150315
-0.000147221
-0.000135985
-0.000126415
-0.000117437
-0.000110096
-0.000106217
-0.000108648
-0.000110715
-0.000108972
-0.00010396
-0.000101837
-0.000101427
-9.82121e-05
-9.38522e-05
-9.09316e-05
-9.61319e-05
-0.000102166
-0.000108605
-0.000110554
-0.000106709
-0.000103953
-9.81592e-05
-8.24752e-05
-6.19424e-05
-5.49926e-05
-5.6472e-05
-5.90089e-05
-5.60565e-05
-5.12833e-05
-5.48199e-05
-6.69665e-05
-7.32803e-05
-7.8685e-05
-8.48134e-05
-9.47774e-05
-0.000102401
-0.000117025
-0.0001379
-0.000159982
-0.00017012
-0.000156478
-0.000138405
-0.0001183
-0.000104268
-0.000104909
-0.000102023
-0.000105062
-0.000107082
-0.00010568
-0.0001
-9.85471e-05
-0.000100487
-0.000103066
-0.000104003
-0.000100846
-9.61652e-05
-0.000102617
-0.000109409
-0.000111379
-0.000105734
-9.61907e-05
-9.25098e-05
-8.11414e-05
-6.82357e-05
-6.48888e-05
-7.29393e-05
-8.25709e-05
-7.81141e-05
-6.96658e-05
-6.85241e-05
-7.03787e-05
-7.33027e-05
-7.45588e-05
-9.26782e-05
-9.94931e-05
-0.000104495
-0.000118242
-0.000143267
-0.000167557
-0.000184592
-0.000186713
-0.000159698
-0.000133215
-0.000116265
-0.000104388
-9.64266e-05
-9.69066e-05
-9.82505e-05
-9.34987e-05
-9.00974e-05
-9.18218e-05
-9.51402e-05
-0.000101467
-0.000105015
-0.000104962
-0.000106134
-0.000113999
-0.00012305
-0.00012367
-0.000114864
-9.98576e-05
-8.64333e-05
-8.02694e-05
-7.08927e-05
-6.2503e-05
-6.17622e-05
-6.75876e-05
-6.92683e-05
-6.436e-05
-6.20341e-05
-6.4426e-05
-7.26152e-05
-8.2552e-05
3.86612e-05
2.13903e-09
-6.42213e-05
-0.000107055
-6.40076e-05
3.70143e-05
5.70126e-05
-6.7626e-05
-0.000180038
-0.00019033
-0.000176257
-0.000165521
-0.000109258
-7.05831e-05
-8.69424e-05
-0.000125601
-0.000166709
-0.000215353
-0.000236545
-0.000216965
-0.000228062
-0.000271606
-0.000244238
-0.000146991
-6.59415e-05
-7.19154e-05
-0.000156319
-0.000248102
-0.000259436
-0.000184653
-0.000112368
-7.89933e-05
-5.67671e-05
-4.99961e-05
-7.79564e-05
-0.000137199
-0.000172688
-0.000115514
-9.80219e-06
4.93859e-05
3.85419e-05
-6.05879e-07
-6.55135e-05
-0.000108389
-6.46492e-05
3.77463e-05
5.94974e-05
-6.58862e-05
-0.00017955
-0.000190017
-0.000175755
-0.000165941
-0.000108542
-6.86049e-05
-8.5841e-05
-0.000124956
-0.000166354
-0.000215465
-0.000235844
-0.000216185
-0.000228238
-0.000273755
-0.000247698
-0.000148571
-6.50901e-05
-7.0661e-05
-0.000155
-0.000247939
-0.000259697
-0.000184361
-0.000111949
-7.94427e-05
-5.71529e-05
-4.87364e-05
-7.64875e-05
-0.000136834
-0.000173652
-0.000117279
-1.0971e-05
4.89941e-05
3.9007e-05
-9.20293e-07
-6.762e-05
-0.000110475
-6.49658e-05
4.03242e-05
6.39721e-05
-6.32796e-05
-0.000179444
-0.000189951
-0.00017687
-0.000169038
-0.000108632
-6.71814e-05
-8.47809e-05
-0.000125224
-0.000170023
-0.00022528
-0.000249141
-0.000225963
-0.000234754
-0.000281104
-0.000255533
-0.000151376
-6.33963e-05
-6.85704e-05
-0.0001538
-0.00024914
-0.000261474
-0.000184994
-0.000112182
-8.1058e-05
-5.82748e-05
-4.73064e-05
-7.45995e-05
-0.000136805
-0.000175941
-0.000121176
-1.37769e-05
4.87427e-05
4.00076e-05
-8.55686e-07
-7.05373e-05
-0.00011335
-6.46323e-05
4.56954e-05
7.11099e-05
-5.91357e-05
-0.000179942
-0.000191381
-0.000180969
-0.000175449
-0.000108898
-6.71213e-05
-8.56564e-05
-0.000125596
-0.000170989
-0.000239894
-0.000280956
-0.000255912
-0.000253059
-0.000297943
-0.000269357
-0.00015585
-6.1695e-05
-6.57934e-05
-0.000153208
-0.000252678
-0.000266708
-0.000188834
-0.000114898
-8.47377e-05
-6.0468e-05
-4.58761e-05
-7.30557e-05
-0.000137417
-0.000179016
-0.00012538
-1.62693e-05
4.89775e-05
4.17712e-05
-1.22282e-06
-7.49221e-05
-0.000117556
-6.41126e-05
5.36796e-05
8.16467e-05
-5.26679e-05
-0.00018022
-0.000194245
-0.000189147
-0.000186685
-0.000108983
-6.24784e-05
-8.82855e-05
-0.000131641
-0.000163283
-0.000233931
-0.000312212
-0.000306994
-0.000286613
-0.000325864
-0.000291462
-0.000163062
-5.92423e-05
-6.31012e-05
-0.000152591
-0.000257437
-0.000275295
-0.000199302
-0.000125647
-9.37027e-05
-6.47194e-05
-4.47061e-05
-7.23243e-05
-0.00013906
-0.000182577
-0.000128367
-1.68671e-05
5.03736e-05
4.65208e-05
-2.57923e-06
-8.2587e-05
-0.000124865
-6.45545e-05
6.25456e-05
9.27893e-05
-4.41893e-05
-0.000179777
-0.000196475
-0.000199924
-0.00020402
-0.000111843
-5.07305e-05
-8.95649e-05
-0.000146864
-0.000162348
-0.000201092
-0.000296803
-0.00034728
-0.000321982
-0.000347585
-0.000312156
-0.00016844
-5.45283e-05
-5.7704e-05
-0.000150588
-0.000260757
-0.000283535
-0.000212114
-0.000145688
-0.000115446
-7.72245e-05
-4.73164e-05
-7.19441e-05
-0.000140618
-0.00018576
-0.000129871
-1.63756e-05
5.56196e-05
4.63013e-05
-9.72499e-06
-9.93185e-05
-0.000138864
-6.82549e-05
7.03299e-05
0.000100015
-3.50969e-05
-0.000180388
-0.000197774
-0.000209921
-0.000223962
-0.00011635
-3.32576e-05
-8.00271e-05
-0.000163649
-0.000189848
-0.000174008
-0.000241179
-0.000330961
-0.000330204
-0.000340946
-0.000311297
-0.000162142
-4.26659e-05
-4.76775e-05
-0.00014396
-0.000259604
-0.000289624
-0.000223073
-0.000166534
-0.000145712
-0.000103435
-6.34133e-05
-7.69999e-05
-0.000138879
-0.000183565
-0.000129936
-1.90673e-05
5.57229e-05
3.457e-05
-2.92095e-05
-0.00012849
-0.00016396
-8.00131e-05
6.94133e-05
0.000110307
-2.81663e-05
-0.000181926
-0.000199757
-0.000217479
-0.00024209
-0.000116425
-1.09773e-05
-6.48985e-05
-0.000173846
-0.000217908
-0.000198957
-0.000196992
-0.00025798
-0.000286159
-0.000303479
-0.000275745
-0.000144439
-2.2489e-05
-3.12265e-05
-0.00013111
-0.000250718
-0.000292898
-0.00023094
-0.000181043
-0.000177621
-0.000144058
-9.5382e-05
-8.89078e-05
-0.000132495
-0.000173575
-0.00012554
-2.45326e-05
4.62222e-05
1.75694e-05
-5.07333e-05
-0.000154493
-0.000200046
-0.000102109
6.0172e-05
0.00010723
-1.69963e-05
-0.000181026
-0.000202564
-0.000219647
-0.000252801
-0.000122897
2.02396e-06
-5.32663e-05
-0.000188282
-0.000233163
-0.000216869
-0.000191535
-0.000194052
-0.000217152
-0.000252116
-0.000253584
-0.000137427
-2.96353e-05
-1.60423e-05
-0.00011245
-0.000232932
-0.000284577
-0.000240349
-0.000187873
-0.000204727
-0.000193094
-0.000140882
-0.000105092
-0.00012475
-0.000164585
-0.00012287
-3.77652e-05
2.70079e-05
-1.83912e-05
-7.66035e-05
-0.000154917
-0.000230307
-0.000135797
3.68985e-05
9.82248e-05
-9.84581e-06
-0.000183158
-0.000207253
-0.000217159
-0.000249626
-0.000133278
5.58449e-06
-5.06918e-05
-0.000203307
-0.000250207
-0.000169735
-0.000149706
-0.000179131
-0.000183854
-0.000226125
-0.0002463
-0.000147721
-5.35602e-05
-2.13055e-05
-0.000101443
-0.00020692
-0.000266776
-0.00023777
-0.000189149
-0.000220259
-0.000241223
-0.000192729
-0.000122438
-0.000123454
-0.000176835
-0.000176527
-6.99313e-05
-7.04693e-06
-4.23968e-05
-0.000114841
-0.000165048
-0.00022271
-0.000131798
1.41209e-05
7.59866e-05
-2.48338e-05
-0.000196528
-0.00021367
-0.00020061
-0.000238535
-0.000153467
-1.40401e-05
-5.88776e-05
-0.000204504
-0.000249285
-0.000160974
-0.000113186
-0.000144756
-0.00016396
-0.000203294
-0.000248255
-0.000165318
-8.69326e-05
-4.93418e-05
-9.52473e-05
-0.00018977
-0.000244539
-0.000212964
-0.000158512
-0.000189506
-0.000254601
-0.000232566
-0.000152928
-0.000141463
-0.000204811
-0.000209617
-9.5043e-05
-2.81908e-05
-2.21294e-05
-0.000108338
-0.000185717
-0.000234547
-0.000123018
1.32876e-05
6.65145e-05
-3.98519e-05
-0.000207256
-0.000228395
-0.000194444
-0.000222457
-0.00017101
-5.40128e-05
-7.79056e-05
-0.000209694
-0.000247092
-0.000158825
-0.000102385
-0.000125676
-0.000149018
-0.000177195
-0.000229633
-0.00019065
-0.000123189
-8.73265e-05
-9.68614e-05
-0.000174584
-0.000231539
-0.000205304
-0.000140947
-0.000148161
-0.0002354
-0.000244411
-0.000181687
-0.000161403
-0.000225478
-0.000219339
-9.45309e-05
-1.33535e-05
2.14144e-05
-6.77265e-05
-0.000184818
-0.000248204
-0.000131222
1.238e-05
6.01974e-05
-5.10378e-05
-0.00021593
-0.000243911
-0.000243526
-0.000221307
-0.000177696
-9.44582e-05
-0.000100993
-0.000212934
-0.000237471
-0.000145611
-8.69148e-05
-9.25763e-05
-0.000117538
-0.000148982
-0.000229618
-0.000240096
-0.000165321
-0.000111776
-8.75682e-05
-0.000179999
-0.000246003
-0.000217187
-0.00013009
-0.000105618
-0.000199837
-0.000231222
-0.000188222
-0.000174781
-0.000219019
-0.000230015
-0.000106047
1.12352e-05
4.33e-05
-2.37583e-05
-0.00015233
-0.000243502
-0.000145669
4.04545e-06
4.75302e-05
-7.56262e-05
-0.00021871
-0.000243526
-0.000221571
-0.000206193
-0.000172429
-0.000110865
-0.000109761
-0.00018625
-0.000214132
-0.000144926
-7.09507e-05
-3.29226e-05
-5.33451e-05
-0.000102976
-0.000222235
-0.000297538
-0.000217452
-0.000117351
-7.91731e-05
-0.000149981
-0.000242887
-0.000223669
-0.000123696
-8.57289e-05
-0.000147863
-0.000178833
-0.00016111
-0.00017291
-0.000208916
-0.000222929
-0.000132895
-5.14756e-06
2.09912e-05
1.10271e-05
-8.82473e-05
-0.000195829
-0.000155812
-2.85607e-05
1.41256e-05
-8.22969e-05
-0.000200572
-0.000237939
-0.000232042
-0.000193374
-0.000150955
-0.000109583
-0.000126475
-0.000168448
-0.000174072
-0.000129724
-9.14462e-05
-2.14272e-05
2.58433e-05
-3.20321e-05
-0.000177356
-0.000311241
-0.000252562
-0.000147486
-0.000124891
-0.00014498
-0.000134235
-0.000112803
-4.988e-05
-5.0079e-05
-0.000108264
-0.000128335
-0.000125304
-0.000170604
-0.000209962
-0.000205173
-0.000148474
-6.45188e-05
-5.71369e-05
-4.19818e-05
-6.34669e-05
-0.000115296
-0.00012653
-7.02357e-05
-4.58606e-05
-0.000101119
-0.000188064
-0.000217746
-0.000230939
-0.000213067
-0.00015617
-0.000115934
-0.000149378
-0.000185377
-0.000170979
-0.000100349
-8.93176e-05
-4.36422e-05
2.47056e-05
5.77548e-06
-9.30651e-05
-0.000207201
-0.000231762
-0.000151288
-0.000117504
-0.000142768
-0.000169941
-6.76831e-05
3.85812e-05
1.31556e-05
-7.49396e-05
-9.10076e-05
-9.23109e-05
-0.000154302
-0.000218673
-0.000196697
-0.000132394
-9.3736e-05
-9.03883e-05
-6.09935e-05
-7.03228e-05
-9.61662e-05
-0.000111514
-8.89265e-05
-9.49696e-05
-0.00013102
-0.000182294
-0.000207
-0.000218548
-0.000212449
-0.00016693
-0.000128325
-0.000148658
-0.00018682
-0.000175619
-0.000140111
-0.000111315
-6.07346e-05
-1.93764e-05
-2.54004e-05
-7.39638e-05
-0.000150673
-0.000144199
-0.000119734
-0.00012628
-0.000149571
-0.000150721
-8.44237e-05
1.54602e-05
2.8508e-05
-3.68458e-05
-5.74005e-05
-7.047e-05
-0.000131633
-0.000196484
-0.000177321
-0.000119345
-0.000102247
-0.000101582
-6.47367e-05
-6.43176e-05
-7.97929e-05
-0.000106807
-0.000111156
-0.000127519
-0.000143982
-0.000167876
-0.00019016
-0.000210256
-0.000215761
-0.000186657
-0.000142755
-0.000137596
-0.000161085
-0.000151918
-0.000137929
-0.000128729
-9.5249e-05
-3.50462e-05
-2.49792e-05
-7.00859e-05
-0.000132616
-0.000154341
-0.000123329
-0.000127572
-0.000141724
-0.0001431
-9.15439e-05
-1.73959e-05
7.2056e-06
-2.89615e-05
-3.89596e-05
-6.54629e-05
-0.000119512
-0.00015923
-0.000141697
-0.000104895
-0.000100799
-0.000111308
-8.43316e-05
-7.07043e-05
-8.97175e-05
-0.000116173
-0.000135872
-0.000146162
-0.000150227
-0.000158596
-0.000166594
-0.00017702
-0.000188582
-0.000179507
-0.000146192
-0.000128244
-0.000139816
-0.000130094
-0.000119394
-0.000114024
-0.00010164
-8.6732e-05
-6.10883e-05
-8.48481e-05
-0.000122739
-0.000136295
-0.000106837
-9.20898e-05
-0.000118347
-0.000131555
-0.00011097
-6.30803e-05
-2.92222e-05
-3.04064e-05
4.35923e-06
-5.18916e-05
-9.11083e-05
-0.00011804
-0.000104232
-8.69663e-05
-9.16217e-05
-7.1947e-05
-7.26649e-05
-7.20716e-05
-9.12584e-05
-0.000116438
-0.000135978
-0.000151689
-0.000151155
-0.000150954
-0.00014727
-0.000150419
-0.000154184
-0.000153805
-0.000136081
-0.000131664
-0.000129176
-0.000130445
-0.000125609
-0.000121494
-0.00010594
-8.33837e-05
-7.07698e-05
-8.83039e-05
-0.000123085
-0.000146723
-0.000135115
-0.000104484
-9.7185e-05
-0.000112368
-0.000113559
-8.96145e-05
-5.37774e-05
-3.55425e-05
-5.09402e-05
-6.09474e-05
-8.24183e-05
-9.6478e-05
-9.61788e-05
-9.28287e-05
-9.06587e-05
-9.11436e-05
-8.62551e-05
-8.64237e-05
-9.52988e-05
-0.000106681
-0.000123109
-0.00014075
-0.000147766
-0.000150828
-0.000150088
-0.000137366
-0.000127485
-0.000126899
-0.000133058
-0.000133084
-0.000126822
-0.000118608
-0.00011609
-0.000116455
-0.000109997
-9.67573e-05
-8.1392e-05
-8.62582e-05
-0.000100232
-0.000115916
-0.00011837
-0.000112565
-0.00010987
-0.000117146
-0.000115237
-9.71737e-05
-6.04749e-05
-2.37368e-05
-1.7173e-05
-4.67706e-05
-6.6094e-05
-8.31759e-05
-8.70435e-05
-8.91364e-05
-9.46731e-05
-9.10771e-05
-9.5044e-05
-0.000107505
-0.000127238
-0.000134238
-0.000137796
-0.000144007
-0.000146608
-0.000144843
-0.000142189
-0.000136758
-0.000128334
-0.000125065
-0.000123618
-0.000119547
-0.00011247
-0.000104759
-0.000103785
-0.000106451
-0.000107002
-0.000103241
-9.60009e-05
-9.7664e-05
-0.000101982
-0.000105123
-0.000102499
-0.000101062
-0.000100359
-0.000105317
-9.49688e-05
-8.56542e-05
-7.95874e-05
-6.28084e-05
-3.67091e-05
-1.39448e-06
-3.92373e-05
-5.97281e-05
-7.19439e-05
-7.88318e-05
-8.57218e-05
-8.71191e-05
-9.48464e-05
-0.000110354
-0.000133121
-0.000151794
-0.000160088
-0.000159739
-0.000148359
-0.000134163
-0.000129005
-0.000124111
-0.000114859
-0.0001104
-0.000112302
-0.000112331
-0.000107165
-0.000100724
-0.000101868
-0.000106698
-0.000109143
-0.000107117
-0.00010431
-0.000106954
-0.000106829
-0.000107263
-0.000106738
-0.000106278
-0.000106784
-0.00010597
-9.39161e-05
-8.35892e-05
-8.19043e-05
-8.33405e-05
-7.45883e-05
-7.25254e-05
-5.64708e-05
-6.1177e-05
-7.07221e-05
-7.46393e-05
-7.87544e-05
-7.93184e-05
-8.85552e-05
-0.000100764
-0.000124912
-0.000155794
-0.000180951
-0.000183691
-0.000161838
-0.000131856
-0.000116888
-0.000123873
-0.000113997
-0.000108427
-0.000108518
-0.000105592
-0.000100632
-9.55271e-05
-9.69117e-05
-0.000100923
-0.000105151
-0.000106055
-0.000104488
-0.000103313
-0.000110145
-0.000111309
-0.000112755
-0.000106795
-0.000100058
-9.62967e-05
-8.1987e-05
-7.23868e-05
-7.48356e-05
-8.45851e-05
-8.4044e-05
-7.69138e-05
-6.40302e-05
-6.22323e-05
-6.71579e-05
-7.12966e-05
-7.47674e-05
-8.99038e-05
-9.48248e-05
-9.94954e-05
-0.000117885
-0.00014837
-0.000176242
-0.000185287
-0.000172566
-0.000143909
-0.000123175
-0.000115942
-0.000108272
-0.000100347
-9.76203e-05
-9.66812e-05
-9.11259e-05
-8.78559e-05
-9.08285e-05
-9.31602e-05
-0.000102142
-0.000105269
-0.000107252
-0.000112589
-0.00012222
-0.00013134
-0.000126079
-0.000114526
-9.86114e-05
-8.07762e-05
-7.77551e-05
-6.99557e-05
-6.48798e-05
-6.5162e-05
-6.8786e-05
-6.69213e-05
-5.8294e-05
-5.36679e-05
-5.8114e-05
-6.86898e-05
-8.02349e-05
-1.51289e-05
-5.15455e-05
-0.000143869
-0.000197826
-0.000102005
2.54913e-05
1.83157e-05
-0.00010304
-0.000175602
-0.000140068
-0.000117178
-0.000163756
-0.000188428
-0.000183511
-0.000178376
-0.000181903
-0.000208944
-0.000226831
-0.00011193
9.71027e-05
8.82913e-05
-4.2132e-05
-0.000209975
-0.000238477
-0.000178751
-0.00014909
-0.000190622
-0.000252055
-0.000229693
-0.000128593
-3.48773e-05
3.33258e-06
-2.62254e-05
-7.8401e-05
-0.000101917
-0.000125307
-0.000117249
-4.3054e-05
2.2669e-05
-4.1281e-06
-1.60785e-05
-5.17046e-05
-0.000144325
-0.000200308
-0.000103473
2.65578e-05
2.03132e-05
-0.000102337
-0.000175871
-0.000139635
-0.000115795
-0.000163456
-0.000188982
-0.000184952
-0.000180545
-0.00018309
-0.000209328
-0.000231392
-0.00011593
9.7786e-05
9.25107e-05
-3.94965e-05
-0.000210619
-0.000240308
-0.000179528
-0.000148049
-0.000190399
-0.000252939
-0.000230709
-0.000128764
-3.35453e-05
5.22954e-06
-2.51986e-05
-7.91908e-05
-0.000102413
-0.000124191
-0.000117216
-4.32903e-05
2.28491e-05
-5.11805e-06
-1.89167e-05
-5.22865e-05
-0.000145533
-0.000205017
-0.000105607
2.98209e-05
2.5739e-05
-0.000100749
-0.00017654
-0.000139777
-0.000114894
-0.000165039
-0.000192402
-0.000186683
-0.000180902
-0.000186234
-0.000218784
-0.000236922
-0.000122763
9.96836e-05
0.000101577
-3.65701e-05
-0.000214365
-0.000245465
-0.000181511
-0.000146778
-0.000190462
-0.000255383
-0.000232345
-0.000129146
-3.03418e-05
6.68292e-06
-2.46574e-05
-8.07108e-05
-0.000101829
-0.00012256
-0.000118651
-4.46373e-05
2.28728e-05
-7.53966e-06
-2.48583e-05
-5.33936e-05
-0.000147485
-0.000212331
-0.000108555
3.60674e-05
3.4406e-05
-9.752e-05
-0.000177412
-0.000140926
-0.000114987
-0.000167124
-0.0001977
-0.000190864
-0.00018272
-0.000187663
-0.000226097
-0.00026178
-0.000140455
9.7318e-05
0.000112689
-3.3565e-05
-0.000223275
-0.000255611
-0.000185174
-0.000145131
-0.000190347
-0.000259092
-0.000237257
-0.000133168
-3.11242e-05
4.84083e-06
-2.89463e-05
-8.6018e-05
-9.96855e-05
-0.000118415
-0.000121399
-4.8442e-05
2.05444e-05
-1.12424e-05
-3.26381e-05
-5.48019e-05
-0.000149235
-0.000221623
-0.000112589
4.5554e-05
4.71901e-05
-9.20411e-05
-0.000176918
-0.000141445
-0.000115707
-0.000171328
-0.00020263
-0.000195161
-0.000185161
-0.000193454
-0.00023483
-0.000275206
-0.000178468
7.10029e-05
0.0001149
-3.11674e-05
-0.000238025
-0.000272149
-0.000191619
-0.000141579
-0.00018881
-0.000265063
-0.000244914
-0.00014554
-4.53149e-05
-7.1756e-06
-4.07591e-05
-9.95469e-05
-0.000102561
-0.00011085
-0.000121876
-5.484e-05
1.56918e-05
-1.15763e-05
-3.47355e-05
-5.46013e-05
-0.00014857
-0.000230169
-0.000117578
5.70491e-05
6.42714e-05
-8.55781e-05
-0.000174522
-0.000137561
-0.000114989
-0.000178634
-0.000206591
-0.00019274
-0.000182033
-0.000200521
-0.000259721
-0.000298108
-0.000213772
2.29664e-05
9.56677e-05
-3.69542e-05
-0.000252333
-0.000295503
-0.000203217
-0.000138843
-0.000183768
-0.000264618
-0.000249144
-0.000160378
-7.41169e-05
-3.67456e-05
-6.59541e-05
-0.000124312
-0.000117501
-0.000106472
-0.000117763
-6.11004e-05
9.16643e-06
-1.25771e-05
-2.96491e-05
-4.8253e-05
-0.000145251
-0.000236634
-0.000124548
6.54764e-05
8.32152e-05
-7.91177e-05
-0.000173512
-0.000128171
-0.000110149
-0.000189882
-0.000216108
-0.000183993
-0.000173835
-0.000200244
-0.000286514
-0.000347707
-0.000250216
-4.35569e-05
5.47373e-05
-4.8818e-05
-0.000254443
-0.000320157
-0.000219986
-0.000140256
-0.00017902
-0.000263107
-0.00024665
-0.000166044
-0.000105668
-7.89915e-05
-0.000104626
-0.000158278
-0.000145875
-0.000114825
-0.000113677
-6.58997e-05
1.44434e-06
-1.24632e-05
-2.83945e-05
-3.63035e-05
-0.000136592
-0.000246074
-0.000143584
6.299e-05
9.77806e-05
-7.27484e-05
-0.000176034
-0.000119092
-0.000103403
-0.000205631
-0.00023487
-0.000174514
-0.000155874
-0.000186038
-0.000271603
-0.000356625
-0.000298601
-0.000124549
1.07924e-05
-5.51426e-05
-0.000238788
-0.000327224
-0.000233447
-0.000143181
-0.000175482
-0.000257521
-0.00023955
-0.00016536
-0.000120474
-0.000119791
-0.00015653
-0.000202048
-0.000178843
-0.000134076
-0.000116398
-7.04428e-05
-6.55434e-06
-1.99524e-05
-3.34545e-05
-2.87661e-05
-0.00011886
-0.000255587
-0.000183751
3.78965e-05
0.000106908
-6.67807e-05
-0.000184031
-0.000115314
-9.56012e-05
-0.000221475
-0.000260881
-0.00016915
-0.000127944
-0.000172281
-0.000251324
-0.000314659
-0.000299295
-0.000165339
-2.70916e-05
-4.95831e-05
-0.000203488
-0.000301786
-0.000225643
-0.000146526
-0.000172378
-0.000248972
-0.000228319
-0.000160187
-0.000129522
-0.000154559
-0.000214567
-0.000257883
-0.000214774
-0.000158577
-0.000128057
-8.06309e-05
-1.98672e-05
-3.04387e-05
-4.14306e-05
-3.13382e-05
-9.76458e-05
-0.000237804
-0.000217585
-8.42739e-06
9.60658e-05
-5.92189e-05
-0.000195214
-0.000134962
-0.000101469
-0.000228491
-0.000278878
-0.000171092
-0.000106733
-0.000160603
-0.000264537
-0.000290671
-0.000252809
-0.000168177
-5.37753e-05
-5.44512e-05
-0.000183604
-0.00027653
-0.000214724
-0.000148622
-0.000170403
-0.00024435
-0.000222351
-0.000148688
-0.000132395
-0.000172105
-0.000268817
-0.00032272
-0.000254283
-0.000180988
-0.000146594
-0.000102666
-4.258e-05
-4.14453e-05
-4.96564e-05
-3.27015e-05
-8.28785e-05
-0.000199428
-0.000218453
-4.04467e-05
7.79514e-05
-6.5444e-05
-0.000209684
-0.000168532
-0.000123628
-0.000228912
-0.000281473
-0.000175835
-0.000100338
-0.00015304
-0.00026188
-0.000290458
-0.000227524
-0.000153024
-6.76186e-05
-6.79488e-05
-0.000181799
-0.000266065
-0.000210141
-0.000151852
-0.000171943
-0.000249929
-0.000225637
-0.000152038
-0.000135786
-0.000176787
-0.000320011
-0.000382466
-0.000300916
-0.000206443
-0.000173463
-0.000131285
-6.85289e-05
-5.30066e-05
-6.00633e-05
-3.82335e-05
-7.54149e-05
-0.000169762
-0.000203303
-5.8556e-05
7.79126e-05
-3.32147e-05
-0.000202298
-0.000186339
-0.00013965
-0.000227906
-0.00028713
-0.000194881
-0.000116022
-0.000155861
-0.000244821
-0.000274252
-0.000214743
-0.000144344
-7.93815e-05
-7.44741e-05
-0.00018627
-0.00026496
-0.00020129
-0.000158202
-0.000181464
-0.00026852
-0.000241185
-0.000166514
-0.000152275
-0.000184489
-0.000311092
-0.000409035
-0.000347098
-0.000236392
-0.000203806
-0.000157134
-9.52652e-05
-7.11624e-05
-8.05477e-05
-5.27807e-05
-8.23748e-05
-0.00016376
-0.000194384
-7.16645e-05
7.79597e-05
-2.62942e-06
-0.000179846
-0.000187796
-0.000154611
-0.00020512
-0.000277441
-0.000207624
-0.000142085
-0.000165096
-0.000230008
-0.00025512
-0.000201581
-0.000131359
-7.69782e-05
-8.07923e-05
-0.000195058
-0.000281834
-0.000196572
-0.000153386
-0.000212552
-0.000285551
-0.000258641
-0.00017152
-0.000157346
-0.000194854
-0.00026694
-0.000369512
-0.000358273
-0.000257107
-0.000231071
-0.00017709
-0.000119467
-8.87226e-05
-9.90368e-05
-6.83939e-05
-8.2936e-05
-0.000155235
-0.0001823
-8.15093e-05
4.94409e-05
2.66687e-06
-0.000159904
-0.00018542
-0.000158606
-0.000171899
-0.000222494
-0.000191051
-0.000154099
-0.000167849
-0.000215397
-0.000238008
-0.000188806
-0.000116202
-6.63577e-05
-7.90555e-05
-0.000186445
-0.000261296
-0.000182713
-0.000134072
-0.00016244
-0.000254869
-0.000252156
-0.000165849
-0.000129094
-0.000143488
-0.000184524
-0.000272528
-0.000300205
-0.000272802
-0.000243612
-0.000187469
-0.000133269
-0.000111286
-9.82296e-05
-7.24209e-05
-7.28841e-05
-0.000139717
-0.000171027
-9.11316e-05
7.76539e-06
-9.1674e-06
-0.000132787
-0.000177441
-0.000158943
-0.000160669
-0.000186753
-0.000175814
-0.000160532
-0.000170166
-0.000189161
-0.000222818
-0.000174058
-0.000107437
-5.91004e-05
-6.83914e-05
-0.000141423
-0.000198863
-0.000157199
-0.000126443
-0.000139142
-0.000204815
-0.000218371
-0.000144364
-8.57974e-05
-9.2268e-05
-0.000122843
-0.000179759
-0.000202971
-0.000224986
-0.000232988
-0.000198127
-0.000123351
-9.77942e-05
-7.82012e-05
-6.60501e-05
-6.67178e-05
-0.000116317
-0.000156595
-0.00013472
-5.62299e-05
-5.23636e-05
-0.000121142
-0.000167421
-0.000167117
-0.00017425
-0.000177431
-0.000171628
-0.000179629
-0.000179928
-0.000176241
-0.000217965
-0.000168093
-0.000118294
-6.49483e-05
-5.6783e-05
-9.99337e-05
-0.00014253
-0.000127427
-0.000117074
-0.000140848
-0.000178525
-0.000198074
-0.000127521
-4.41395e-05
-4.77602e-05
-0.000100466
-0.000134474
-0.000134123
-0.000162332
-0.000221105
-0.00020087
-0.000120195
-8.03778e-05
-7.58903e-05
-6.07649e-05
-5.87129e-05
-0.000106633
-0.000137906
-0.000138245
-8.16832e-05
-8.42398e-05
-0.000133038
-0.000173452
-0.000182559
-0.000188499
-0.000170482
-0.000155083
-0.000167632
-0.000175613
-0.000167675
-0.000169655
-0.000164656
-0.000130525
-8.11594e-05
-6.1501e-05
-8.30906e-05
-0.000112628
-0.000106592
-0.000120027
-0.000149392
-0.000154908
-0.000157021
-0.000111275
-4.9004e-05
-3.87067e-05
-8.68566e-05
-0.000118128
-0.000108199
-0.000129009
-0.000184588
-0.000173083
-0.000106392
-7.42801e-05
-8.14581e-05
-6.7039e-05
-5.97575e-05
-7.64487e-05
-0.000114838
-0.000130479
-0.000102822
-9.37341e-05
-0.000121785
-0.000153756
-0.000171198
-0.000180745
-0.000165185
-0.000148217
-0.000159097
-0.000165459
-0.000150424
-0.000141102
-0.000144733
-0.000123375
-8.80255e-05
-6.84375e-05
-8.57279e-05
-0.00011135
-0.000103656
-0.000105189
-0.000107125
-0.00013211
-0.000134862
-0.000102527
-5.45255e-05
-3.77873e-05
-6.88702e-05
-0.000102852
-0.000101259
-0.000119278
-0.000152391
-0.00014141
-9.77492e-05
-7.898e-05
-9.2771e-05
-8.48452e-05
-7.31789e-05
-8.42608e-05
-0.000107992
-0.000129981
-0.000136029
-0.000115273
-0.000133825
-0.000152238
-0.000156827
-0.000158735
-0.00014942
-0.000136097
-0.000137897
-0.000149733
-0.000136731
-0.0001258
-0.000120855
-0.000107121
-9.05009e-05
-8.1195e-05
-9.50144e-05
-0.000108996
-0.000104088
-9.22515e-05
-9.17614e-05
-0.000112893
-0.000129563
-0.000113851
-6.9015e-05
-3.62364e-05
-5.42484e-05
-8.86313e-05
-8.83553e-05
-0.000103558
-0.000121474
-0.000110598
-8.68869e-05
-8.35966e-05
-8.88624e-05
-8.14209e-05
-7.65464e-05
-8.39759e-05
-0.000109918
-0.000130836
-0.00013857
-0.000126717
-0.000135024
-0.000148942
-0.000153756
-0.000154099
-0.000147464
-0.000123265
-0.000132147
-0.000134668
-0.000125892
-0.000124491
-0.000124145
-0.000115875
-9.85767e-05
-8.56642e-05
-9.44706e-05
-0.000107797
-0.00010582
-9.38122e-05
-9.6654e-05
-0.0001133
-0.000130512
-0.000120701
-8.48602e-05
-4.90301e-05
-4.29775e-05
-6.60012e-05
-8.4014e-05
-9.75546e-05
-0.000105669
-9.93611e-05
-8.98086e-05
-8.92816e-05
-8.75835e-05
-7.95944e-05
-7.81554e-05
-8.15155e-05
-9.48137e-05
-0.000118572
-0.000139081
-0.000139922
-0.000138453
-0.000142811
-0.000143067
-0.000143275
-0.000143698
-0.000148469
-0.000137868
-0.000134128
-0.00012728
-0.000124299
-0.000123392
-0.000117016
-0.000105098
-9.04705e-05
-9.39148e-05
-0.000101349
-0.000102715
-9.94179e-05
-9.89111e-05
-0.000104041
-0.000120754
-0.000126593
-0.000107465
-6.75167e-05
-3.75504e-05
-4.23936e-05
-6.95242e-05
-9.16168e-05
-9.90362e-05
-9.75233e-05
-9.58823e-05
-8.9974e-05
-9.76954e-05
-9.2062e-05
-9.50287e-05
-0.000107676
-0.00012075
-0.00013306
-0.000142076
-0.000142324
-0.000139987
-0.00014039
-0.00013607
-0.00013344
-0.000130613
-0.000129081
-0.000123065
-0.000117857
-0.000116701
-0.000122626
-0.000127572
-0.000125535
-0.000115415
-0.000101066
-0.000101042
-0.000108938
-0.000109119
-0.000102374
-9.85184e-05
-9.93514e-05
-0.000109788
-0.000109974
-0.000109736
-9.74052e-05
-7.11461e-05
-4.84778e-05
-4.22902e-05
-6.24999e-05
-7.63711e-05
-8.33838e-05
-9.2403e-05
-9.69813e-05
-9.80042e-05
-0.000101811
-0.000107352
-0.00012293
-0.000139698
-0.000151003
-0.000152142
-0.000143304
-0.000131801
-0.000128031
-0.000124503
-0.000118042
-0.000113222
-0.000114312
-0.000110109
-0.000101973
-0.00010004
-0.000106628
-0.000116786
-0.00012299
-0.000120874
-0.000112809
-0.000111055
-0.000112358
-0.000113416
-0.000110495
-0.000105448
-0.000102901
-0.000110697
-0.000105381
-0.000108909
-0.000109951
-0.000100051
-7.91809e-05
-6.72588e-05
-6.24295e-05
-6.69886e-05
-7.23534e-05
-7.50802e-05
-8.68121e-05
-7.84269e-05
-8.98193e-05
-0.000100222
-0.000123294
-0.000153874
-0.000178905
-0.000180576
-0.000161259
-0.00013383
-0.00012101
-0.00012147
-0.000114694
-0.000108852
-0.000110208
-0.000101456
-9.80547e-05
-9.52896e-05
-9.94493e-05
-0.000104271
-0.000107859
-0.000108058
-0.00010686
-0.000107305
-0.000115071
-0.000119669
-0.000117368
-0.000108919
-0.000100492
-8.66121e-05
-8.48154e-05
-7.97486e-05
-8.35928e-05
-8.90467e-05
-8.3002e-05
-7.12438e-05
-6.20858e-05
-6.28713e-05
-6.70915e-05
-6.82567e-05
-6.95368e-05
-8.20556e-05
-9.37647e-05
-0.000100455
-0.000117252
-0.00014393
-0.000166094
-0.000173818
-0.000162495
-0.000140707
-0.000124528
-0.000118981
-0.000112417
-0.000102322
-9.117e-05
-8.98572e-05
-8.54454e-05
-8.55947e-05
-9.16022e-05
-9.5857e-05
-0.000102886
-0.000105441
-0.00010788
-0.000113154
-0.00012304
-0.000130001
-0.000125666
-0.00011298
-9.70733e-05
-8.23939e-05
-7.50204e-05
-6.85495e-05
-6.57261e-05
-6.71898e-05
-6.83329e-05
-6.19514e-05
-4.92212e-05
-4.34997e-05
-4.82189e-05
-5.81603e-05
-6.88181e-05
7.81673e-05
-3.6951e-05
-0.00013376
-0.000190265
-0.000151468
-4.18263e-05
-7.36239e-06
-0.000131111
-0.000223507
-0.000172606
-8.97517e-05
-8.98301e-05
-0.000135455
-0.000142814
-0.000135771
-9.40786e-05
-8.54989e-05
-0.000127544
-0.000117004
-6.82157e-05
2.26391e-05
6.15721e-05
-3.63191e-05
-0.00016792
-0.000198883
-0.000192555
-0.000205585
-0.000238145
-0.00024424
-0.000179741
-6.27483e-05
3.88751e-05
3.13259e-05
-9.57667e-05
-0.000211904
-0.000203324
-7.44042e-05
7.81263e-05
0.000173777
0.000178905
7.95879e-05
-3.66338e-05
-0.000134215
-0.000191204
-0.000152859
-4.21388e-05
-6.42981e-06
-0.000130627
-0.000224188
-0.000174033
-9.1066e-05
-9.08045e-05
-0.000136128
-0.00014336
-0.000137964
-9.83512e-05
-8.88997e-05
-0.000124857
-0.000116284
-6.87677e-05
2.23514e-05
6.32934e-05
-3.37537e-05
-0.000167749
-0.000199392
-0.000193189
-0.000206013
-0.000238513
-0.000245266
-0.000181334
-6.45492e-05
3.80137e-05
3.10136e-05
-9.51808e-05
-0.000213797
-0.000205915
-7.4655e-05
7.89741e-05
0.000174997
0.000180955
8.20353e-05
-3.68835e-05
-0.000135667
-0.000193451
-0.000155559
-4.2402e-05
-5.76817e-06
-0.00013021
-0.000225086
-0.000174324
-9.03623e-05
-9.1812e-05
-0.000140601
-0.00014558
-0.00013688
-9.69747e-05
-9.51732e-05
-0.000136708
-0.000119061
-6.93103e-05
2.29096e-05
6.69826e-05
-2.95247e-05
-0.000168304
-0.000200331
-0.00019325
-0.000205952
-0.000240009
-0.000248554
-0.000183922
-6.59396e-05
3.91434e-05
3.01162e-05
-0.000100299
-0.000216436
-0.000206838
-7.24244e-05
8.25745e-05
0.000179223
0.000185141
8.55934e-05
-3.8725e-05
-0.00013898
-0.000197593
-0.000160105
-4.29069e-05
-4.7236e-06
-0.000129537
-0.000227196
-0.000174724
-8.67438e-05
-9.01805e-05
-0.000147306
-0.000156607
-0.000136834
-9.35785e-05
-9.04876e-05
-0.00015216
-0.000137384
-7.90327e-05
2.20699e-05
7.18119e-05
-2.38627e-05
-0.000170405
-0.000201442
-0.000191194
-0.000203878
-0.000240039
-0.000251731
-0.000191344
-7.49275e-05
3.83702e-05
3.35655e-05
-9.97835e-05
-0.000226627
-0.00021965
-7.20781e-05
8.9665e-05
0.000186753
0.000191793
9.1271e-05
-4.22422e-05
-0.00014563
-0.000205381
-0.00016756
-4.34718e-05
-3.6898e-06
-0.00012898
-0.000230049
-0.000176473
-8.23275e-05
-8.57541e-05
-0.000148035
-0.000170961
-0.000149405
-9.64424e-05
-7.76674e-05
-0.000136058
-0.000148369
-0.000101398
1.55521e-05
7.59852e-05
-1.54199e-05
-0.000174271
-0.000203041
-0.000186648
-0.000199521
-0.000240283
-0.000251441
-0.00019512
-9.29512e-05
1.85769e-05
2.82459e-05
-9.78072e-05
-0.000228135
-0.000233654
-9.31626e-05
7.83585e-05
0.000187371
0.000197761
9.37317e-05
-4.48037e-05
-0.000154638
-0.000217551
-0.000179186
-4.40678e-05
5.01174e-06
-0.000127499
-0.000235752
-0.000180126
-7.84154e-05
-8.61219e-05
-0.00014303
-0.000172409
-0.000172177
-0.000111223
-8.04365e-05
-0.000108212
-0.00012833
-0.000123454
-8.83194e-06
7.73555e-05
-9.45462e-06
-0.000180387
-0.000209812
-0.00017867
-0.000192263
-0.000235523
-0.00024862
-0.000195249
-0.000110008
-1.45681e-05
7.2416e-08
-0.000110387
-0.000228511
-0.000237934
-0.000107892
5.61917e-05
0.000168213
0.000190533
9.17747e-05
-4.27157e-05
-0.000159491
-0.000229807
-0.00019095
-4.66918e-05
1.79051e-05
-0.000121394
-0.000242944
-0.000184721
-7.29285e-05
-8.88211e-05
-0.000128557
-0.000160815
-0.000188999
-0.000133801
-9.43622e-05
-0.000118884
-0.000102958
-0.000115693
-3.87429e-05
6.47197e-05
-1.15809e-05
-0.000190741
-0.000227567
-0.000187388
-0.000189438
-0.000229462
-0.000240778
-0.000186581
-0.000119686
-4.77926e-05
-4.01799e-05
-0.000143328
-0.000242052
-0.000241981
-0.000114575
3.49921e-05
0.000139489
0.000170143
7.87985e-05
-3.53699e-05
-0.000148646
-0.000230741
-0.000202627
-5.30644e-05
2.61518e-05
-0.000112971
-0.000247086
-0.000189867
-6.95494e-05
-9.2334e-05
-0.000149075
-0.000151566
-0.000188226
-0.000154127
-0.00010222
-0.000125698
-0.000105669
-9.50386e-05
-4.71803e-05
5.34944e-05
-1.24423e-05
-0.00019531
-0.000250522
-0.000206581
-0.000193406
-0.000223709
-0.000232996
-0.000175393
-0.000119902
-7.28472e-05
-8.26414e-05
-0.000184649
-0.000268133
-0.000264522
-0.000128281
2.13944e-05
0.000110791
0.000134203
4.56116e-05
-3.88512e-05
-0.000127046
-0.000210505
-0.000211036
-6.49206e-05
2.96151e-05
-0.000103262
-0.000242516
-0.000192359
-7.06257e-05
-9.61485e-05
-0.000172097
-0.000151846
-0.00017246
-0.000158006
-0.000115034
-0.000125717
-0.000112326
-8.34384e-05
-4.31153e-05
4.12253e-05
-1.40855e-05
-0.000197268
-0.00025639
-0.000218919
-0.000198288
-0.00021649
-0.000223974
-0.000165423
-0.000116284
-8.7172e-05
-0.000120684
-0.000229994
-0.000291835
-0.000296064
-0.000160496
2.0565e-06
8.32339e-05
9.01135e-05
1.21016e-05
-5.4316e-05
-0.000119974
-0.000181104
-0.000214529
-9.49574e-05
2.00178e-05
-8.73483e-05
-0.000225602
-0.000190944
-7.74767e-05
-0.000100548
-0.000182317
-0.000163489
-0.000159545
-0.00015448
-0.000128698
-0.000147949
-0.000122934
-8.18394e-05
-4.43781e-05
2.12097e-05
-3.85068e-05
-0.000196182
-0.000246248
-0.000211524
-0.000190945
-0.000206466
-0.000208863
-0.000159872
-0.000111503
-8.84994e-05
-0.000151658
-0.000274955
-0.000317542
-0.000319345
-0.000200387
-3.23095e-05
5.07516e-05
4.77969e-05
-1.15321e-05
-6.69412e-05
-0.000123472
-0.000164906
-0.000221671
-0.000138769
-8.90825e-06
-7.79183e-05
-0.000204576
-0.000185122
-9.04666e-05
-0.000110473
-0.00018335
-0.000169691
-0.00015578
-0.000159744
-0.000145367
-0.000167046
-0.000143634
-8.42514e-05
-4.62748e-05
-3.79031e-06
-6.16405e-05
-0.000182241
-0.00022158
-0.000191595
-0.00018182
-0.000203787
-0.000198005
-0.000156263
-0.000104705
-8.15458e-05
-0.000173421
-0.00031543
-0.000344243
-0.000349201
-0.000244562
-8.06968e-05
1.62376e-05
1.70812e-05
-3.10831e-05
-7.54661e-05
-0.000126983
-0.000153403
-0.000227689
-0.000184774
-5.10616e-05
-7.61747e-05
-0.000187683
-0.000186038
-0.000106192
-0.000121826
-0.000181634
-0.00017517
-0.000166649
-0.000180228
-0.00016732
-0.000173742
-0.00015366
-8.92801e-05
-4.645e-05
-3.41117e-05
-6.62509e-05
-0.000141153
-0.00016258
-0.000159761
-0.000169958
-0.000195109
-0.000184232
-0.000147869
-0.000100815
-7.82086e-05
-0.000179693
-0.000337101
-0.000398383
-0.00039071
-0.000292776
-0.000130497
-1.59437e-05
-6.9924e-06
-4.94751e-05
-8.73805e-05
-0.000124328
-0.000143566
-0.000200779
-0.000212737
-8.98293e-05
-8.17139e-05
-0.000178266
-0.00019389
-0.000125141
-0.000134966
-0.000168442
-0.000174079
-0.000191548
-0.000215239
-0.000193936
-0.000176509
-0.000153773
-8.96816e-05
-5.14804e-05
-5.55857e-05
-8.4031e-05
-0.000135058
-0.00015096
-0.000149923
-0.000161426
-0.000180366
-0.000171256
-0.000142656
-0.000105201
-7.55001e-05
-0.000156187
-0.000311405
-0.000422931
-0.000428085
-0.000340435
-0.000168829
-4.41442e-05
-2.57737e-05
-6.18174e-05
-0.00010216
-0.000130227
-0.000142096
-0.000181186
-0.000232014
-0.000125036
-9.29627e-05
-0.000168093
-0.000193346
-0.000148588
-0.000145086
-0.000151077
-0.000152496
-0.000195133
-0.000233023
-0.000219215
-0.0001854
-0.000155775
-8.82737e-05
-5.07805e-05
-7.30762e-05
-0.000148454
-0.000185983
-0.000173286
-0.00016304
-0.000160752
-0.000168075
-0.000159346
-0.00014171
-0.000113408
-5.49998e-05
-9.56221e-05
-0.000224096
-0.000347317
-0.000393812
-0.000377062
-0.000206923
-7.08202e-05
-3.76402e-05
-6.17644e-05
-0.000103246
-0.000133288
-0.000135138
-0.000173454
-0.000255869
-0.000158194
-0.000105819
-0.000151851
-0.00017421
-0.000158066
-0.000156501
-0.000146285
-0.000136715
-0.00017013
-0.000209801
-0.000209966
-0.000183938
-0.000154485
-9.71755e-05
-6.07398e-05
-8.68516e-05
-0.000166026
-0.000189637
-0.000152201
-0.000144731
-0.000148478
-0.000137892
-0.000145418
-0.000139507
-0.000117167
-4.84028e-05
-2.43264e-05
-0.000114124
-0.000207468
-0.000306358
-0.000377345
-0.000237063
-9.77825e-05
-4.0742e-05
-7.96025e-05
-0.000100631
-0.000108026
-0.000112465
-0.000144782
-0.00020225
-0.000180097
-0.000120264
-0.000135657
-0.000156256
-0.000161607
-0.000171767
-0.000150502
-0.000130259
-0.000156609
-0.000201804
-0.000212312
-0.000170585
-0.00015179
-0.000104785
-7.06524e-05
-8.78299e-05
-0.000141629
-0.000157305
-0.000100441
-8.30308e-05
-0.000122388
-0.000149185
-0.000149973
-0.000142079
-0.000123015
-6.36162e-05
-2.87813e-05
-5.78316e-05
-0.000120925
-0.00020147
-0.000292555
-0.000217055
-0.00011157
-6.44966e-05
-7.59805e-05
-8.90293e-05
-9.43993e-05
-9.40368e-05
-0.000105718
-0.000151512
-0.000177525
-0.000125399
-0.000134664
-0.000153035
-0.000163109
-0.000175817
-0.000156164
-0.000132122
-0.000141536
-0.00017682
-0.000194278
-0.000168798
-0.000154705
-0.000115503
-7.38664e-05
-7.26351e-05
-0.000115965
-0.000143895
-8.93101e-05
-4.10164e-05
-8.81206e-05
-0.000139166
-0.000150271
-0.000138641
-0.000122364
-8.60389e-05
-5.90728e-05
-5.67672e-05
-8.59304e-05
-0.000133259
-0.000206527
-0.000180874
-9.91633e-05
-6.89681e-05
-8.02801e-05
-7.55537e-05
-7.42806e-05
-8.02559e-05
-8.76471e-05
-0.000119432
-0.00014374
-0.000135122
-0.000140829
-0.000146079
-0.000145663
-0.000156224
-0.000150111
-0.000135376
-0.000137962
-0.000157007
-0.000165433
-0.0001582
-0.000138492
-0.000115395
-9.07923e-05
-7.44608e-05
-9.83173e-05
-0.000133755
-0.000117799
-7.28778e-05
-7.21789e-05
-0.000112357
-0.000132218
-0.000124404
-0.000111213
-9.55659e-05
-8.77654e-05
-8.45652e-05
-8.64806e-05
-0.000107893
-0.000152908
-0.000145048
-9.71412e-05
-7.80475e-05
-8.82369e-05
-8.78924e-05
-8.59045e-05
-8.94748e-05
-8.24051e-05
-0.000108576
-0.000128924
-0.000139499
-0.000157655
-0.000168527
-0.000157196
-0.000148843
-0.000139635
-0.000124542
-0.000125827
-0.000138787
-0.000146536
-0.000146034
-0.000133878
-0.000116673
-0.000103448
-8.8662e-05
-9.74566e-05
-0.000117129
-0.000119871
-0.00010194
-9.73489e-05
-0.000103526
-0.000117466
-0.000119819
-0.00011114
-0.000100343
-9.88017e-05
-9.93348e-05
-9.19885e-05
-9.82093e-05
-0.000120786
-0.000113262
-8.52028e-05
-7.96723e-05
-9.15366e-05
-8.42406e-05
-7.78962e-05
-8.45331e-05
-0.000107308
-0.000119629
-0.000137472
-0.000147392
-0.000162434
-0.000172199
-0.000165088
-0.000154512
-0.000143692
-0.000124583
-0.000119472
-0.000124089
-0.000130502
-0.000138154
-0.000140476
-0.000129143
-0.000106039
-9.14325e-05
-9.49188e-05
-0.000108215
-0.000114857
-0.000108304
-0.000104243
-0.000107658
-0.000118593
-0.000118084
-0.000104905
-9.15136e-05
-9.11781e-05
-9.91106e-05
-9.76763e-05
-8.71556e-05
-9.88804e-05
-9.49452e-05
-8.48751e-05
-9.00824e-05
-9.04805e-05
-7.55141e-05
-7.55696e-05
-7.72486e-05
-9.23561e-05
-0.000112735
-0.000134536
-0.000146108
-0.000158154
-0.000166181
-0.000165385
-0.000151197
-0.00014157
-0.000136641
-0.00012782
-0.000127108
-0.000131136
-0.000138843
-0.000140854
-0.000129403
-0.000111108
-0.00010003
-0.000104595
-0.000110006
-0.000110997
-0.000108011
-0.000109284
-0.000108445
-0.000119636
-0.000120112
-0.000111419
-8.79971e-05
-7.0938e-05
-7.80139e-05
-9.38251e-05
-0.000107765
-9.90031e-05
-9.59798e-05
-9.47184e-05
-8.42728e-05
-0.000106074
-9.42256e-05
-8.26429e-05
-8.95634e-05
-0.000105481
-0.000121503
-0.000135337
-0.000140669
-0.000145071
-0.000148343
-0.00013499
-0.000129625
-0.000124898
-0.00012151
-0.000112624
-0.000110291
-0.000121225
-0.000142096
-0.000153466
-0.00014612
-0.000125219
-0.000106101
-0.000105575
-0.000112162
-0.000114559
-0.000109725
-0.000107233
-0.000108927
-0.000118582
-0.000113373
-0.000122041
-0.0001076
-8.16745e-05
-6.48836e-05
-6.46984e-05
-7.99625e-05
-8.74978e-05
-9.42476e-05
-0.000102172
-0.000107958
-0.000112545
-0.000110682
-0.000100918
-0.00010443
-0.000117666
-0.000127725
-0.000138196
-0.000137495
-0.000132959
-0.000129749
-0.000125116
-0.000118224
-0.000115121
-0.000114349
-0.000106862
-0.000102062
-0.000104559
-0.000116133
-0.000129669
-0.000134872
-0.000128244
-0.000116393
-0.000111636
-0.000113915
-0.000114165
-0.000110042
-0.000105689
-0.000103677
-0.000110544
-0.00011526
-0.000120506
-0.000118263
-9.97406e-05
-7.91727e-05
-7.12905e-05
-7.07185e-05
-7.62477e-05
-8.29779e-05
-9.02613e-05
-0.000101495
-9.26714e-05
-0.000101073
-0.000102923
-0.000113
-0.000133636
-0.000149186
-0.000158331
-0.000148521
-0.000131255
-0.000124577
-0.000121489
-0.000114884
-0.00010702
-0.00010211
-0.000102163
-0.000101198
-0.000102672
-0.000105593
-0.000107292
-0.000108359
-0.000108639
-0.000108326
-0.000110243
-0.000116474
-0.000120079
-0.000115461
-0.000107054
-9.98002e-05
-9.34673e-05
-9.14897e-05
-8.84433e-05
-8.87632e-05
-8.55796e-05
-7.66309e-05
-6.70672e-05
-6.02657e-05
-6.06598e-05
-6.85891e-05
-7.64264e-05
-8.26875e-05
-9.72312e-05
-0.00010784
-0.000111449
-0.000119811
-0.000137273
-0.000152423
-0.000159599
-0.000152833
-0.000134316
-0.000122269
-0.000117899
-0.000111435
-0.000101034
-9.04357e-05
-8.642e-05
-8.42333e-05
-8.6971e-05
-9.36992e-05
-9.92518e-05
-0.000103187
-0.000105776
-0.000108455
-0.000113298
-0.000123515
-0.000130317
-0.000126062
-0.000113676
-9.95975e-05
-8.78902e-05
-8.01376e-05
-7.31181e-05
-6.86713e-05
-6.69078e-05
-6.50417e-05
-5.75078e-05
-4.07501e-05
-3.47655e-05
-4.43128e-05
-6.38054e-05
-8.23274e-05
6.7121e-05
-2.88172e-05
-0.000102736
-0.000144849
-0.000138961
-8.8492e-05
-0.000102148
-0.000191048
-0.000198793
-7.86737e-05
-6.35176e-05
-0.000146621
-0.000139222
-8.61127e-05
-9.77756e-05
-0.000148682
-0.000202778
-0.000193448
-0.000136558
-9.52109e-05
-9.8635e-05
-0.000174543
-0.000210747
-0.000197254
-0.000184877
-0.00020357
-0.000234507
-0.000228583
-0.000186755
-0.000134196
-7.21046e-05
-1.77404e-05
-2.88726e-05
-0.000142379
-0.000274772
-0.000313099
-0.000167279
6.12347e-05
0.000175241
0.000155321
6.86812e-05
-2.83446e-05
-0.000102323
-0.000144714
-0.000139352
-8.77801e-05
-0.000101795
-0.000192085
-0.000200891
-7.85054e-05
-6.14439e-05
-0.000146771
-0.000140119
-8.5009e-05
-9.60792e-05
-0.000147363
-0.000203199
-0.00019473
-0.00013667
-9.44848e-05
-9.73251e-05
-0.000173917
-0.000211225
-0.000197618
-0.000184694
-0.000203594
-0.000235305
-0.000230393
-0.000187847
-0.000134988
-7.30545e-05
-1.76371e-05
-2.85808e-05
-0.000143293
-0.000276881
-0.000319181
-0.000171066
6.11041e-05
0.000177257
0.00015687
7.02658e-05
-2.8017e-05
-0.000101904
-0.000144738
-0.000140465
-8.73941e-05
-0.000101052
-0.000194402
-0.000204574
-7.75164e-05
-5.82699e-05
-0.000148218
-0.000141036
-8.17703e-05
-9.40181e-05
-0.000148813
-0.000203874
-0.000198449
-0.000137958
-9.34987e-05
-9.66039e-05
-0.000174979
-0.000213714
-0.000199104
-0.000185249
-0.000204073
-0.00023672
-0.000232598
-0.000189336
-0.000136238
-7.46847e-05
-1.81529e-05
-2.89348e-05
-0.000146513
-0.000280747
-0.000325313
-0.000178485
5.8971e-05
0.000179928
0.000159358
7.10596e-05
-2.83732e-05
-0.00010172
-0.000145035
-0.000142833
-8.7457e-05
-9.94317e-05
-0.000197458
-0.000209145
-7.62631e-05
-5.46132e-05
-0.000152355
-0.000142898
-7.39774e-05
-8.83215e-05
-0.000155372
-0.000205892
-0.000193764
-0.000135808
-9.24882e-05
-9.58019e-05
-0.000177481
-0.00022027
-0.000202657
-0.000186426
-0.000202719
-0.000238767
-0.000234342
-0.000189742
-0.000136288
-7.65371e-05
-1.96585e-05
-2.86214e-05
-0.000146722
-0.000286617
-0.00033209
-0.000188408
5.22101e-05
0.000178346
0.000160716
6.95128e-05
-3.01768e-05
-0.000101759
-0.000145232
-0.000146847
-8.87894e-05
-9.7844e-05
-0.000199996
-0.000213488
-7.48245e-05
-5.11825e-05
-0.000158584
-0.000146629
-6.63273e-05
-7.937e-05
-0.000159188
-0.000208307
-0.000178879
-0.000128267
-9.14833e-05
-9.31974e-05
-0.000174423
-0.000229735
-0.000210232
-0.000188027
-0.000197818
-0.000231782
-0.000233591
-0.000191957
-0.000133619
-7.31361e-05
-2.03156e-05
-3.15227e-05
-0.000144213
-0.000282817
-0.000335303
-0.000199237
4.15932e-05
0.000171281
0.000156063
6.46808e-05
-3.55792e-05
-0.00010253
-0.000143727
-0.000150073
-9.13479e-05
-9.50174e-05
-0.000200153
-0.0002175
-7.51024e-05
-4.63157e-05
-0.00016096
-0.000153818
-6.24148e-05
-7.29288e-05
-0.000154603
-0.000206565
-0.000174468
-0.000119194
-9.27941e-05
-9.45002e-05
-0.000167094
-0.000233597
-0.000220823
-0.000191596
-0.000190145
-0.000218032
-0.000228615
-0.000194033
-0.000132434
-6.56417e-05
-1.36038e-05
-3.5935e-05
-0.000153253
-0.000277174
-0.000326483
-0.000200123
3.40033e-05
0.000165817
0.000148474
5.77202e-05
-4.25059e-05
-0.000106931
-0.000143398
-0.000151627
-9.05373e-05
-9.06075e-05
-0.000195093
-0.000221789
-8.11758e-05
-4.31194e-05
-0.000155111
-0.000163023
-6.75217e-05
-6.90832e-05
-0.000147119
-0.000202583
-0.000183859
-0.000123663
-9.99267e-05
-0.000102445
-0.000162243
-0.000228615
-0.000226764
-0.000198579
-0.000187365
-0.000208882
-0.000224766
-0.000195091
-0.000129422
-5.7547e-05
9.75449e-07
-2.79471e-05
-0.000165837
-0.00029603
-0.000330489
-0.00020276
3.45386e-05
0.000166002
0.000141701
4.93628e-05
-4.6406e-05
-0.000110278
-0.000145434
-0.000155821
-9.20884e-05
-8.98644e-05
-0.000188259
-0.000223702
-9.12792e-05
-4.59403e-05
-0.000148448
-0.000171871
-7.96183e-05
-7.02189e-05
-0.000143446
-0.000195926
-0.000195158
-0.00013789
-0.000107002
-0.000108617
-0.000161614
-0.000219038
-0.000222108
-0.000203961
-0.000191908
-0.000205337
-0.000224299
-0.000199574
-0.00012851
-5.4927e-05
1.64509e-06
-2.05323e-05
-0.000153411
-0.000302266
-0.000360077
-0.00023058
1.33541e-05
0.000159937
0.000134358
4.19484e-05
-4.93811e-05
-0.000109853
-0.00014724
-0.000166347
-0.00010534
-9.17377e-05
-0.000183527
-0.000220346
-9.9918e-05
-5.22097e-05
-0.000144659
-0.000181141
-9.6908e-05
-6.92207e-05
-0.000139245
-0.000189106
-0.000194328
-0.00014773
-0.000107697
-0.000104184
-0.000156032
-0.000212173
-0.000212859
-0.000200622
-0.000195913
-0.000206865
-0.000221131
-0.000200494
-0.0001359
-6.37601e-05
-1.13716e-05
-2.33325e-05
-0.00013701
-0.000267069
-0.000370456
-0.000273987
-3.67817e-05
0.000138328
0.000123431
3.66653e-05
-5.14816e-05
-0.000109286
-0.000144898
-0.00018023
-0.000134097
-9.62158e-05
-0.000175162
-0.000214435
-0.000108401
-6.24532e-05
-0.000144237
-0.000187104
-0.00011236
-6.43292e-05
-0.000124747
-0.000180288
-0.000191774
-0.000148061
-0.000101285
-9.48682e-05
-0.000148881
-0.0002046
-0.000207905
-0.000193047
-0.000190908
-0.000202916
-0.000216881
-0.000197186
-0.000141272
-7.65721e-05
-3.2612e-05
-4.1182e-05
-0.00013054
-0.000219685
-0.000337116
-0.000297287
-8.70176e-05
0.000111068
0.000110851
2.80144e-05
-5.51798e-05
-0.000111753
-0.000138604
-0.000178633
-0.000167075
-0.000109838
-0.000163618
-0.00020967
-0.000119012
-7.44982e-05
-0.000145288
-0.000187102
-0.000124126
-6.0473e-05
-0.000104925
-0.000168207
-0.000191508
-0.00015118
-9.67015e-05
-8.48e-05
-0.000144164
-0.000203484
-0.000207025
-0.000183139
-0.00017994
-0.000198554
-0.000212471
-0.000191221
-0.000139597
-8.32237e-05
-4.90404e-05
-6.32348e-05
-0.000141076
-0.000199421
-0.000291149
-0.000293866
-0.000115055
9.1953e-05
9.80778e-05
1.29775e-05
-6.03962e-05
-0.000112916
-0.00013295
-0.000162081
-0.000182763
-0.000128666
-0.00015379
-0.000202787
-0.000130255
-8.14281e-05
-0.000139617
-0.000180634
-0.000131829
-6.83554e-05
-0.000111125
-0.000170279
-0.000193322
-0.000153711
-9.41303e-05
-7.87144e-05
-0.000144902
-0.000210186
-0.000205758
-0.000169137
-0.000162416
-0.000191741
-0.000197946
-0.000182596
-0.000132372
-7.96195e-05
-5.60567e-05
-7.61084e-05
-0.000150337
-0.000208325
-0.000274131
-0.000279854
-0.000131069
6.33569e-05
7.95357e-05
1.66952e-07
-6.26375e-05
-0.000110768
-0.00012524
-0.000153856
-0.000177496
-0.00013841
-0.000144832
-0.000198864
-0.000146074
-8.42609e-05
-0.00012238
-0.00016357
-0.00013411
-0.000103611
-0.000148293
-0.000194799
-0.000203892
-0.000157377
-8.7163e-05
-7.07156e-05
-0.00014156
-0.000212461
-0.000212785
-0.000167671
-0.000155462
-0.000183539
-0.000196899
-0.000182662
-0.000134049
-8.1307e-05
-5.19338e-05
-6.82764e-05
-0.000138201
-0.000219981
-0.000288049
-0.000285429
-0.000115299
5.3824e-05
6.59066e-05
-5.33889e-06
-5.92315e-05
-0.000104083
-0.000127013
-0.000147643
-0.000166826
-0.000144501
-0.000131715
-0.000185931
-0.000166922
-0.000102973
-0.000113134
-0.000135823
-0.000118646
-0.000106207
-0.000174171
-0.000227051
-0.000217088
-0.000166295
-8.53278e-05
-6.28622e-05
-0.000126327
-0.000213457
-0.000218219
-0.00017457
-0.000165808
-0.000183565
-0.000191135
-0.000180853
-0.000134534
-8.43371e-05
-5.45784e-05
-5.50451e-05
-0.000105611
-0.000188488
-0.000281172
-0.000307116
-0.000132553
3.33699e-05
5.55722e-05
-1.64941e-05
-5.98189e-05
-9.49173e-05
-0.000118038
-0.000152539
-0.000149273
-0.00015052
-0.000122762
-0.00016327
-0.000167166
-0.00012907
-0.000124719
-0.000129578
-0.000115212
-0.000109816
-0.000161513
-0.00022042
-0.00023282
-0.000177205
-0.000103112
-6.97606e-05
-0.000109688
-0.000190618
-0.000202315
-0.000162695
-0.000163254
-0.000182227
-0.000177146
-0.000160423
-0.000117161
-7.21581e-05
-5.62601e-05
-5.36185e-05
-8.27818e-05
-0.0001442
-0.000218674
-0.00027243
-0.000173935
-1.87357e-05
2.19689e-05
-3.65167e-05
-7.21148e-05
-9.16296e-05
-0.000104478
-0.00013313
-0.000156904
-0.00014711
-0.000123456
-0.000148753
-0.000158845
-0.000137831
-0.000131619
-0.000131657
-0.000121196
-0.000124782
-0.000156216
-0.000194699
-0.000207201
-0.000171589
-0.000121497
-8.59161e-05
-9.96316e-05
-0.000152508
-0.000175269
-0.000137278
-0.000131725
-0.000168816
-0.000179487
-0.000153808
-0.000111233
-7.0089e-05
-5.48287e-05
-5.77078e-05
-7.16674e-05
-0.000101764
-0.000152991
-0.000201411
-0.000162716
-4.75135e-05
-5.79633e-06
-3.48523e-05
-6.57928e-05
-8.44834e-05
-8.90181e-05
-0.00010317
-0.000132291
-0.0001316
-0.00012507
-0.000141783
-0.000149408
-0.000138377
-0.000140788
-0.000145463
-0.000129612
-0.000131353
-0.000149148
-0.000171798
-0.000199326
-0.000163365
-0.000130024
-0.000101199
-0.000100338
-0.00013569
-0.000158039
-0.000129863
-0.000111494
-0.000142291
-0.000168613
-0.000151429
-0.000113785
-8.10113e-05
-6.1266e-05
-6.40178e-05
-7.11062e-05
-8.42793e-05
-0.000113747
-0.000149794
-0.000141895
-6.97811e-05
-2.08142e-05
-4.69673e-05
-6.20052e-05
-7.84312e-05
-8.58834e-05
-8.59765e-05
-0.000103511
-0.000126099
-0.000136218
-0.000153153
-0.000155899
-0.000140689
-0.000140702
-0.000147622
-0.000132116
-0.000134433
-0.000142965
-0.000152468
-0.00016015
-0.000147679
-0.00012576
-0.000105948
-0.000102275
-0.000125652
-0.00014647
-0.000136463
-0.000119851
-0.000127714
-0.000146978
-0.000147105
-0.000123932
-9.30863e-05
-6.82228e-05
-6.46036e-05
-7.29206e-05
-8.12253e-05
-0.000100157
-0.000125198
-0.000119594
-7.72562e-05
-4.6871e-05
-6.37179e-05
-6.89645e-05
-8.44231e-05
-9.91124e-05
-0.000102879
-0.000116042
-0.000122251
-0.000139721
-0.000157808
-0.000164534
-0.000151818
-0.00014457
-0.000143025
-0.00013398
-0.00013218
-0.000136783
-0.000139603
-0.000144554
-0.0001425
-0.000128307
-0.000110124
-0.000105189
-0.000120474
-0.000135478
-0.000136375
-0.000125874
-0.000129699
-0.000140067
-0.000144456
-0.000138284
-0.000115164
-8.16385e-05
-6.46006e-05
-6.80469e-05
-7.3134e-05
-8.60277e-05
-0.000106549
-0.000108623
-8.76162e-05
-7.24091e-05
-7.67659e-05
-7.0224e-05
-7.54831e-05
-9.34682e-05
-0.000112924
-0.000130575
-0.000142526
-0.000152021
-0.000165451
-0.000171357
-0.00015979
-0.000148384
-0.000142468
-0.00013018
-0.000126647
-0.00013074
-0.00013368
-0.000135123
-0.000137035
-0.000129274
-0.000115607
-0.00010863
-0.000115867
-0.000127261
-0.000128432
-0.000120414
-0.000125366
-0.000136847
-0.00014742
-0.000150886
-0.000132972
-9.9579e-05
-7.60082e-05
-7.05079e-05
-7.05057e-05
-6.75192e-05
-8.89846e-05
-9.66135e-05
-9.11017e-05
-8.66778e-05
-8.61824e-05
-7.28029e-05
-7.12668e-05
-7.83706e-05
-9.90606e-05
-0.000125734
-0.000149932
-0.000157674
-0.000168112
-0.000168011
-0.000155619
-0.000139663
-0.000136304
-0.000129758
-0.00012743
-0.000132776
-0.000139869
-0.000144799
-0.000143953
-0.000133118
-0.000120194
-0.000114739
-0.000122298
-0.000127317
-0.000125476
-0.000123733
-0.00012915
-0.000146228
-0.000151563
-0.000152938
-0.000136525
-0.000104897
-7.5356e-05
-6.83161e-05
-7.48786e-05
-8.64044e-05
-8.6535e-05
-9.34751e-05
-9.7895e-05
-0.000100379
-9.70635e-05
-8.22466e-05
-7.56078e-05
-8.47297e-05
-0.000104804
-0.00012779
-0.000146712
-0.000152281
-0.000153936
-0.000153658
-0.000141352
-0.000126939
-0.000120531
-0.000117048
-0.000112853
-0.000116338
-0.000125958
-0.000141361
-0.000148113
-0.000143525
-0.000129234
-0.000115486
-0.000114489
-0.000123432
-0.000121444
-0.000117197
-0.000117008
-0.000127446
-0.000143835
-0.000161846
-0.000143117
-0.000120423
-8.94044e-05
-7.09388e-05
-6.78885e-05
-7.25153e-05
-7.73906e-05
-8.73747e-05
-9.83527e-05
-0.000102491
-0.000104443
-0.000100477
-9.32132e-05
-9.43929e-05
-0.000107805
-0.000128679
-0.0001437
-0.000145764
-0.000140837
-0.000136884
-0.000128414
-0.000119663
-0.000117375
-0.000117101
-0.000109795
-0.000108434
-0.000111502
-0.000118228
-0.000126574
-0.000130025
-0.000128498
-0.000119502
-0.00011174
-0.000112153
-0.000111981
-0.000111829
-0.000111047
-0.00011376
-0.000119697
-0.000127598
-0.000126503
-0.000117403
-9.80993e-05
-8.01727e-05
-7.40865e-05
-7.25885e-05
-7.31658e-05
-7.71483e-05
-8.40777e-05
-9.26525e-05
-8.76281e-05
-0.000100804
-0.000106866
-0.000111553
-0.000121879
-0.000135611
-0.000147177
-0.000145628
-0.000135107
-0.000127743
-0.000122553
-0.000115768
-0.00010981
-0.000107351
-0.000114785
-0.000113471
-0.000115149
-0.000113944
-0.000108693
-0.000105869
-0.000107125
-0.000107975
-0.000110321
-0.000118006
-0.000119455
-0.000113239
-0.000104862
-9.71241e-05
-9.41424e-05
-9.45828e-05
-9.19675e-05
-9.07518e-05
-8.69011e-05
-8.05888e-05
-7.28489e-05
-6.565e-05
-5.98456e-05
-6.10133e-05
-6.62927e-05
-7.39963e-05
-9.7e-05
-0.000111443
-0.000120557
-0.000125585
-0.000135774
-0.000143254
-0.000149652
-0.000147642
-0.000137215
-0.000127632
-0.000121025
-0.000112217
-0.000100118
-9.49553e-05
-9.39974e-05
-9.29185e-05
-9.37654e-05
-9.53341e-05
-9.64093e-05
-9.95735e-05
-0.000104782
-0.000108828
-0.000113167
-0.000122356
-0.000128045
-0.00012271
-0.000110835
-9.90224e-05
-9.24028e-05
-8.57211e-05
-7.67353e-05
-6.98787e-05
-6.89499e-05
-6.97615e-05
-6.58658e-05
-4.60981e-05
-3.98229e-05
-4.77056e-05
-6.30754e-05
-7.98314e-05
7.83064e-07
-3.4668e-05
-7.38983e-05
-0.000118252
-0.000145037
-0.000146021
-0.000163697
-0.000204161
-0.000193728
-0.000132432
-0.000114446
-0.000140031
-0.000110144
-7.74971e-05
-0.000113352
-0.000132388
-0.00013273
-0.00015255
-0.000174582
-0.000167582
-0.000135701
-0.000124398
-0.000135054
-0.000121196
-9.68236e-05
-0.00010731
-0.000153782
-0.000158635
-0.000115578
-6.15053e-05
5.45807e-06
5.75647e-05
2.94822e-05
-4.0832e-05
-0.000125235
-0.000214746
-0.000227713
-0.000134361
-3.58392e-05
1.55206e-05
-1.62856e-07
-3.45478e-05
-7.33041e-05
-0.000117003
-0.000144463
-0.000146157
-0.000164149
-0.000205162
-0.000194406
-0.000131769
-0.000113805
-0.000140912
-0.000110339
-7.53826e-05
-0.000111772
-0.000132213
-0.000132377
-0.000152361
-0.000175468
-0.000169505
-0.000137768
-0.00012433
-0.000135415
-0.000122154
-9.70271e-05
-0.000106661
-0.000154371
-0.000159611
-0.000115741
-6.14861e-05
5.22448e-06
5.90789e-05
3.12319e-05
-3.94818e-05
-0.000124682
-0.000215594
-0.000228538
-0.000135097
-3.64948e-05
1.48521e-05
-1.61506e-06
-3.41841e-05
-7.21682e-05
-0.000115461
-0.00014435
-0.000147296
-0.000165554
-0.000207479
-0.000195719
-0.000130835
-0.000113025
-0.000141579
-0.000109865
-7.43814e-05
-0.000113328
-0.000133504
-0.000131011
-0.000151484
-0.000177604
-0.000172489
-0.000143548
-0.000130911
-0.000140183
-0.000118396
-9.34957e-05
-0.000105872
-0.000156335
-0.000161144
-0.000115553
-6.10568e-05
4.9885e-06
6.08122e-05
3.36241e-05
-3.82583e-05
-0.000125059
-0.000221597
-0.000236604
-0.000141689
-3.98927e-05
1.32385e-05
-3.40738e-06
-3.36053e-05
-7.01894e-05
-0.000113528
-0.00014512
-0.000149722
-0.000167503
-0.000210085
-0.000196973
-0.000129594
-0.000112627
-0.00014251
-0.000109455
-7.12131e-05
-0.000114067
-0.000142339
-0.000138489
-0.000151268
-0.000172542
-0.00016681
-0.000145719
-0.000140247
-0.000152723
-0.000140374
-0.000104429
-0.000108875
-0.000155858
-0.00016237
-0.000115316
-6.0812e-05
4.30675e-06
6.44431e-05
3.87081e-05
-3.68363e-05
-0.000123529
-0.000231041
-0.000252388
-0.000157026
-4.86e-05
1.04111e-05
-5.86716e-06
-3.31693e-05
-6.79524e-05
-0.000110361
-0.00014648
-0.00015294
-0.000169651
-0.000214833
-0.000199128
-0.000126853
-0.000111218
-0.000146406
-0.00011164
-6.56522e-05
-0.000109022
-0.000157007
-0.000154033
-0.000160927
-0.000171506
-0.000152646
-0.000135204
-0.000141492
-0.000167986
-0.000157509
-0.000121926
-0.000123454
-0.000162718
-0.000161356
-0.000110424
-6.22673e-05
1.87451e-06
6.79494e-05
4.76016e-05
-3.1371e-05
-0.000112383
-0.000233127
-0.000268836
-0.000179777
-6.38841e-05
5.78835e-06
-7.8708e-06
-3.46051e-05
-6.98287e-05
-0.000107755
-0.000146031
-0.00015523
-0.00016856
-0.000218591
-0.000210077
-0.000129275
-0.000106555
-0.000148313
-0.000119175
-6.24962e-05
-8.83584e-05
-0.000152057
-0.000165153
-0.000178627
-0.000181181
-0.00014518
-0.000119467
-0.000132727
-0.000171656
-0.000172247
-0.000145373
-0.000142325
-0.000165807
-0.000162271
-0.000118215
-6.82953e-05
2.90282e-07
7.27137e-05
5.69374e-05
-2.52907e-05
-9.5633e-05
-0.000214979
-0.000269927
-0.000202797
-8.51817e-05
-1.04836e-06
-1.04445e-05
-3.60231e-05
-7.55141e-05
-0.000110268
-0.000144451
-0.000153249
-0.000161477
-0.000215358
-0.000223684
-0.00014257
-0.000105964
-0.000149564
-0.000131652
-7.10401e-05
-8.36398e-05
-0.000130293
-0.000161138
-0.000195951
-0.000202462
-0.000153843
-0.000109394
-0.000120544
-0.00016823
-0.000179118
-0.000163587
-0.000159949
-0.000173791
-0.000164291
-0.000120845
-7.60643e-05
-1.4957e-05
8.1849e-05
7.34686e-05
-2.20786e-05
-8.73325e-05
-0.000181195
-0.000240713
-0.000210976
-0.000103784
-1.02215e-05
-1.42871e-05
-4.15207e-05
-8.34332e-05
-0.000117719
-0.000146556
-0.000148364
-0.000147534
-0.00020123
-0.000227657
-0.000159703
-0.000111911
-0.000147631
-0.000141077
-8.76582e-05
-9.04785e-05
-0.000129551
-0.00015287
-0.000191439
-0.000221267
-0.000172649
-0.000120467
-0.000115291
-0.000164672
-0.00018027
-0.000175238
-0.000174092
-0.000179519
-0.000166826
-0.000134709
-8.28266e-05
-1.4711e-05
6.95138e-05
6.57402e-05
-1.68292e-05
-8.17254e-05
-0.000156214
-0.000205945
-0.000196094
-0.000108542
-1.8986e-05
-1.86334e-05
-4.51889e-05
-8.72009e-05
-0.000121286
-0.000152603
-0.000148014
-0.000140524
-0.000186221
-0.000220544
-0.000171945
-0.000123343
-0.000148076
-0.000149658
-0.000107539
-0.000104236
-0.000136792
-0.000154866
-0.000181572
-0.000215708
-0.000185094
-0.000132351
-0.000121709
-0.000166839
-0.000183478
-0.000183458
-0.000184848
-0.000186324
-0.000171384
-0.000143176
-9.56215e-05
-2.40846e-05
5.71691e-05
5.88208e-05
-1.6198e-05
-8.07827e-05
-0.000143601
-0.000180037
-0.000174121
-0.000108744
-2.60531e-05
-2.0714e-05
-4.52921e-05
-8.34079e-05
-0.000117664
-0.000150006
-0.000147512
-0.000140721
-0.000177879
-0.000207592
-0.000176796
-0.000140223
-0.000155256
-0.000158322
-0.000128468
-0.000123296
-0.000141884
-0.000153731
-0.000170921
-0.000198198
-0.000180075
-0.000138262
-0.000127396
-0.000171675
-0.000189974
-0.000187594
-0.000191425
-0.000193673
-0.000175754
-0.000148562
-0.000108824
-3.97917e-05
3.72189e-05
4.26827e-05
-1.84691e-05
-6.70178e-05
-0.000133971
-0.000164068
-0.000133621
-9.81723e-05
-2.81872e-05
-2.29668e-05
-4.55092e-05
-8.00693e-05
-0.000109275
-0.000141635
-0.000147018
-0.000142597
-0.000173748
-0.00019682
-0.00017378
-0.000154418
-0.000167649
-0.000169476
-0.000144358
-0.000142881
-0.000143281
-0.000145474
-0.000158417
-0.000179904
-0.000171079
-0.000140589
-0.000132219
-0.000175962
-0.000194653
-0.000188879
-0.000191587
-0.000200304
-0.000183958
-0.000151559
-0.000116956
-5.82645e-05
1.30241e-05
1.70231e-05
-3.18318e-05
-5.75905e-05
-0.000109066
-0.000146749
-0.000111869
-8.40133e-05
-2.61645e-05
-2.73201e-05
-5.26188e-05
-8.29363e-05
-0.000102314
-0.000131414
-0.000144219
-0.000146923
-0.000173371
-0.000191679
-0.000167713
-0.000152346
-0.000167222
-0.000174972
-0.000150919
-0.000162704
-0.000144304
-0.000143152
-0.000148586
-0.000164156
-0.000161747
-0.000142438
-0.00014083
-0.000181178
-0.00019475
-0.000181909
-0.000183735
-0.000200042
-0.000186664
-0.000154549
-0.000121789
-7.04098e-05
-5.35918e-06
-1.09613e-05
-5.7547e-05
-6.69644e-05
-9.53111e-05
-0.000130311
-0.000112357
-6.10456e-05
-2.33449e-05
-3.36659e-05
-5.98402e-05
-8.59462e-05
-0.000101272
-0.000131016
-0.000141307
-0.000145927
-0.000175564
-0.00019401
-0.000168922
-0.000140942
-0.000146065
-0.000170082
-0.000143555
-0.000158841
-0.000153772
-0.000150895
-0.000149398
-0.000154012
-0.000149166
-0.000141239
-0.000148587
-0.000187624
-0.000198082
-0.000178035
-0.000175003
-0.000192818
-0.000180633
-0.000151519
-0.000121168
-7.47666e-05
-2.10404e-05
-2.73886e-05
-7.34619e-05
-8.26772e-05
-0.000101336
-0.000126037
-9.6851e-05
-4.68295e-05
-1.99315e-05
-3.46261e-05
-6.09721e-05
-8.47326e-05
-9.84842e-05
-0.000135138
-0.000146807
-0.000145639
-0.000163797
-0.000179622
-0.000174434
-0.000149752
-0.000132143
-9.43184e-05
-0.000108196
-0.000133334
-0.000154333
-0.000160758
-0.00015676
-0.000147791
-0.000134543
-0.000122094
-0.000145351
-0.000187897
-0.000201163
-0.000179601
-0.000170474
-0.000182089
-0.00017027
-0.000146492
-0.000120278
-7.91e-05
-3.3679e-05
-3.37643e-05
-7.00456e-05
-8.41715e-05
-0.000105137
-0.000127417
-9.44316e-05
-4.5804e-05
-1.91388e-05
-3.95712e-05
-5.88552e-05
-8.34458e-05
-9.66949e-05
-0.000125493
-0.000148188
-0.000147104
-0.000135713
-0.000154082
-0.000155242
-0.000146262
-0.000135598
-9.99809e-05
-8.79602e-05
-0.000109704
-0.000143244
-0.000160485
-0.000159876
-0.000145424
-0.000127174
-0.000115641
-0.000136024
-0.000181683
-0.000199959
-0.000178381
-0.000164809
-0.000168599
-0.00015639
-0.00013571
-0.000114041
-8.1432e-05
-4.59879e-05
-3.80309e-05
-6.50687e-05
-7.76618e-05
-0.000106326
-0.000118915
-8.73075e-05
-4.6463e-05
-2.94813e-05
-3.24521e-05
-5.01237e-05
-7.78233e-05
-9.01241e-05
-0.000115485
-0.000141814
-0.00014175
-0.000132584
-0.000142658
-0.000141976
-0.000136853
-0.000137563
-0.000113284
-8.99174e-05
-0.000107935
-0.000140243
-0.000161057
-0.000160905
-0.000144116
-0.000125868
-0.000112828
-0.000126449
-0.000168905
-0.000193609
-0.000173832
-0.000154898
-0.000154444
-0.000144776
-0.000125272
-0.000107083
-8.29645e-05
-5.75779e-05
-4.59864e-05
-5.97565e-05
-8.13367e-05
-0.000102288
-0.000108817
-9.1004e-05
-5.8775e-05
-3.2533e-05
-4.17518e-05
-5.13398e-05
-7.23793e-05
-7.86223e-05
-9.93837e-05
-0.000134499
-0.000148591
-0.000143075
-0.000145535
-0.000132042
-0.000120939
-0.000132431
-0.000122718
-9.90348e-05
-0.000104034
-0.000133973
-0.000159018
-0.000159455
-0.000142765
-0.00012441
-0.000112094
-0.000118847
-0.000153474
-0.000181849
-0.000171291
-0.000150161
-0.000142562
-0.000136106
-0.000122397
-0.00010722
-8.70044e-05
-6.53597e-05
-5.55505e-05
-6.23024e-05
-8.083e-05
-9.68547e-05
-0.00010129
-9.08645e-05
-7.47487e-05
-5.38608e-05
-5.4787e-05
-5.66505e-05
-7.12926e-05
-6.64477e-05
-8.76406e-05
-0.000122538
-0.000158492
-0.000152769
-0.000161337
-0.000152628
-0.000135078
-0.000134484
-0.00013134
-0.000110258
-0.00010935
-0.00013061
-0.000152951
-0.00015644
-0.000139464
-0.000119562
-0.000107951
-0.000114664
-0.000142373
-0.00016938
-0.000171197
-0.000156892
-0.000144698
-0.00013526
-0.000126029
-0.000114561
-9.39967e-05
-6.91235e-05
-5.68977e-05
-5.9018e-05
-6.86458e-05
-8.48754e-05
-0.000102468
-0.000105696
-9.19572e-05
-7.05726e-05
-5.78608e-05
-6.05096e-05
-8.5867e-05
-0.000110846
-0.000105977
-0.000121921
-0.00014982
-0.000155371
-0.00017307
-0.000172314
-0.000150364
-0.000136762
-0.000132538
-0.000119281
-0.000110773
-0.000123544
-0.000140608
-0.000148693
-0.000139606
-0.000121665
-0.000112419
-0.000119814
-0.000140479
-0.00015993
-0.000161828
-0.000158544
-0.000153506
-0.000145449
-0.00013592
-0.000124001
-0.000102564
-7.19471e-05
-5.49066e-05
-5.41656e-05
-5.83318e-05
-7.34589e-05
-9.5076e-05
-0.000107099
-0.000101744
-7.81642e-05
-6.35677e-05
-4.89276e-05
-6.1751e-05
-9.21326e-05
-0.00011003
-0.000130506
-0.000153699
-0.000167356
-0.000181995
-0.000185154
-0.000166076
-0.000144473
-0.000134848
-0.000123777
-0.000117269
-0.000123083
-0.000135379
-0.000145318
-0.000138799
-0.00012645
-0.00011902
-0.000120125
-0.000136024
-0.000148271
-0.000153168
-0.000156936
-0.000155017
-0.00015519
-0.00015043
-0.000142093
-0.000118152
-8.39688e-05
-6.16603e-05
-5.54927e-05
-5.6877e-05
-6.59426e-05
-8.65295e-05
-0.000101073
-9.7421e-05
-8.80935e-05
-7.45187e-05
-5.66855e-05
-5.38858e-05
-6.89648e-05
-9.65278e-05
-0.00013103
-0.000162002
-0.000179567
-0.000182789
-0.000180119
-0.000162697
-0.000140649
-0.000129161
-0.000119774
-0.000117594
-0.00012494
-0.000135733
-0.00014242
-0.00014237
-0.000133502
-0.000124505
-0.000121167
-0.000129419
-0.000135444
-0.000139043
-0.000145559
-0.000155289
-0.000165871
-0.000158133
-0.000146486
-0.000120725
-8.96726e-05
-6.54866e-05
-6.089e-05
-6.48264e-05
-7.20238e-05
-8.3442e-05
-9.61457e-05
-0.000100159
-9.4872e-05
-7.76328e-05
-6.46397e-05
-6.17622e-05
-7.3688e-05
-9.88308e-05
-0.000131729
-0.000159458
-0.000168047
-0.000164226
-0.000160981
-0.000146089
-0.000124754
-0.000114883
-0.000111338
-0.000110932
-0.000117309
-0.00012558
-0.000135074
-0.000141868
-0.000139377
-0.000129811
-0.000116749
-0.000113281
-0.000125655
-0.000128791
-0.000127641
-0.000128467
-0.000136166
-0.000143733
-0.000142449
-0.000124776
-9.99697e-05
-7.57911e-05
-6.69102e-05
-7.07109e-05
-7.51958e-05
-8.00666e-05
-8.89236e-05
-9.53771e-05
-9.27567e-05
-8.05994e-05
-8.04448e-05
-7.75959e-05
-8.50245e-05
-0.000105119
-0.000130221
-0.000151833
-0.000153407
-0.000144877
-0.00014169
-0.000134746
-0.000123692
-0.00011879
-0.00011505
-0.00010159
-0.000104781
-0.000109458
-0.000120975
-0.000130313
-0.000133316
-0.000129695
-0.000118311
-0.000110291
-0.000114875
-0.000120693
-0.000123889
-0.000122096
-0.00011914
-0.000116373
-0.0001173
-0.000112259
-9.96133e-05
-8.24641e-05
-6.90199e-05
-7.13112e-05
-7.57655e-05
-7.68116e-05
-7.61285e-05
-7.74364e-05
-8.11562e-05
-7.88331e-05
-9.21583e-05
-0.000101023
-0.00010898
-0.000121427
-0.000137956
-0.000153202
-0.000154046
-0.000142422
-0.00013162
-0.000125919
-0.000117859
-0.000110491
-0.000108664
-0.000120615
-0.000111518
-0.000111192
-0.000111637
-0.000110015
-0.000109952
-0.000112915
-0.000111227
-0.000110095
-0.000117345
-0.000122068
-0.000118545
-0.000112054
-0.000105677
-0.000101353
-9.82277e-05
-9.04066e-05
-8.49176e-05
-7.85911e-05
-7.00388e-05
-7.03471e-05
-6.69169e-05
-6.01626e-05
-5.73206e-05
-5.8938e-05
-6.71777e-05
-9.29996e-05
-0.000106081
-0.000123285
-0.000129059
-0.000141474
-0.000150322
-0.000152605
-0.000150755
-0.000141973
-0.00013247
-0.000124166
-0.000114081
-0.00010268
-9.6748e-05
-0.000106819
-9.92654e-05
-9.95121e-05
-9.97109e-05
-9.88173e-05
-0.000101571
-0.000107638
-0.0001105
-0.00011274
-0.000121656
-0.000128564
-0.000124822
-0.000115356
-0.000105376
-0.00010217
-9.57342e-05
-8.29324e-05
-7.16187e-05
-6.73405e-05
-6.58462e-05
-6.13226e-05
-5.00639e-05
-4.65945e-05
-5.32798e-05
-6.43392e-05
-7.8619e-05
-3.87586e-05
-9.48402e-05
-0.000128707
-0.000136327
-0.00013406
-0.000115216
-0.000109653
-0.000137522
-0.000169299
-0.000149619
-0.00011325
-0.000118047
-0.000122579
-8.78159e-05
-5.12894e-05
-4.82788e-05
-6.99315e-05
-8.94375e-05
-0.000101146
-0.000112102
-0.00011685
-0.000122869
-0.000139695
-0.000151666
-0.00012471
-9.15683e-05
-9.19266e-05
-0.000117721
-0.000104943
-2.61825e-05
4.20946e-05
3.75166e-05
2.78169e-05
8.03264e-05
9.71654e-05
2.20971e-05
-5.99429e-05
-4.7131e-05
1.07941e-05
1.46624e-05
-3.86892e-05
-9.53441e-05
-0.00012876
-0.000136406
-0.000134045
-0.000115681
-0.000110138
-0.000137844
-0.000170437
-0.000151163
-0.000114101
-0.000118529
-0.000125388
-9.11095e-05
-5.16913e-05
-4.49276e-05
-6.93574e-05
-8.99895e-05
-0.000101474
-0.000112635
-0.000117628
-0.000124233
-0.000141026
-0.000152932
-0.00012517
-9.13944e-05
-9.11583e-05
-0.000117492
-0.000105945
-2.66863e-05
4.28623e-05
3.73546e-05
2.6666e-05
8.08267e-05
9.9789e-05
2.64358e-05
-6.02014e-05
-4.77273e-05
1.13517e-05
1.5646e-05
-3.92694e-05
-9.68255e-05
-0.000129428
-0.000136557
-0.000133474
-0.000115963
-0.000110061
-0.00013729
-0.000170948
-0.000153219
-0.000116243
-0.000119129
-0.000126178
-9.50659e-05
-6.08781e-05
-5.32466e-05
-6.77578e-05
-8.57174e-05
-0.000100061
-0.00011187
-0.000117391
-0.000124109
-0.000142179
-0.000154666
-0.000127746
-9.21676e-05
-9.00755e-05
-0.000117222
-0.000107463
-2.69629e-05
4.50276e-05
3.75744e-05
2.5079e-05
8.2473e-05
0.000105631
3.262e-05
-6.07011e-05
-4.90267e-05
1.20373e-05
1.65626e-05
-4.10126e-05
-9.85617e-05
-0.00012993
-0.000135536
-0.000133391
-0.000116228
-0.000109433
-0.000135508
-0.00017035
-0.000154234
-0.00011828
-0.000120031
-0.000126481
-9.94063e-05
-7.12487e-05
-6.64567e-05
-8.37836e-05
-9.37175e-05
-0.000100548
-0.000110119
-0.0001165
-0.000122587
-0.000141316
-0.000155559
-0.000130733
-9.75449e-05
-9.22793e-05
-0.000117015
-0.000108715
-2.96363e-05
4.69889e-05
3.9075e-05
2.44823e-05
8.66591e-05
0.000114112
3.99331e-05
-6.34193e-05
-5.17573e-05
1.28638e-05
1.72049e-05
-4.36593e-05
-0.000101109
-0.000130151
-0.000134392
-0.000129768
-0.000115031
-0.00010825
-0.000132699
-0.000169684
-0.000153613
-0.000117265
-0.000120602
-0.000126159
-0.000100434
-8.00865e-05
-8.16139e-05
-9.77923e-05
-0.000104241
-0.000107222
-0.000110922
-0.000116742
-0.000123059
-0.000139757
-0.000155705
-0.000134743
-0.000105972
-0.000102052
-0.000122215
-0.000108215
-3.12146e-05
4.2522e-05
3.86978e-05
2.64871e-05
9.35916e-05
0.000121562
4.90345e-05
-6.95333e-05
-5.72067e-05
1.38729e-05
1.76762e-05
-4.45228e-05
-0.000104796
-0.00013076
-0.000131752
-0.00012521
-0.000111178
-0.000107184
-0.000130068
-0.000168751
-0.000154626
-0.000114834
-0.000118181
-0.000125469
-9.88703e-05
-8.12118e-05
-8.9909e-05
-0.000108632
-0.000114812
-0.000118604
-0.000115025
-0.000117081
-0.000124735
-0.000140298
-0.000154485
-0.000138583
-0.000116819
-0.000115256
-0.000135145
-0.000117827
-3.73556e-05
3.61299e-05
3.47809e-05
2.76711e-05
0.000100619
0.000134437
5.74472e-05
-7.6931e-05
-6.35834e-05
1.59372e-05
2.10591e-05
-3.9289e-05
-0.000105372
-0.000129594
-0.000128682
-0.000120563
-0.000107853
-0.000106834
-0.000130305
-0.000167341
-0.000156174
-0.000114711
-0.000114208
-0.000125477
-9.86055e-05
-7.72803e-05
-8.81142e-05
-0.000112208
-0.000120652
-0.000128646
-0.000121206
-0.000119522
-0.000126391
-0.000142158
-0.000152646
-0.000138975
-0.000125726
-0.000127928
-0.000148447
-0.000131897
-5.26969e-05
2.19286e-05
2.70906e-05
2.06715e-05
9.98645e-05
0.000137255
5.66619e-05
-8.46056e-05
-7.10239e-05
1.28463e-05
2.44312e-05
-3.07772e-05
-9.97533e-05
-0.000126417
-0.000126654
-0.00011807
-0.000106013
-0.000104878
-0.000132818
-0.000170135
-0.000159792
-0.000118075
-0.000114198
-0.000128079
-0.000103246
-7.57598e-05
-8.25599e-05
-0.000109672
-0.000124263
-0.000134095
-0.000125322
-0.000123202
-0.000128978
-0.000144222
-0.000151495
-0.000137883
-0.000134472
-0.000140091
-0.000156413
-0.000141922
-7.23809e-05
2.84698e-06
2.03544e-05
6.22153e-06
7.94974e-05
0.000121972
4.05893e-05
-9.36732e-05
-9.06164e-05
-4.5754e-07
2.64103e-05
-2.45222e-05
-9.08003e-05
-0.000118852
-0.000124022
-0.000116523
-0.000104432
-0.000104539
-0.00013426
-0.000174261
-0.000163338
-0.000122357
-0.000117812
-0.000135246
-0.00011336
-8.15736e-05
-8.23937e-05
-0.000109138
-0.000124417
-0.000133321
-0.000123946
-0.000125728
-0.000129579
-0.000146473
-0.000151629
-0.000134943
-0.00014081
-0.000151473
-0.000161444
-0.000146345
-8.85668e-05
-1.57408e-05
1.04312e-05
-9.73144e-06
4.69613e-05
9.189e-05
1.17269e-05
-0.000105164
-9.51047e-05
-1.12648e-05
2.44343e-05
-2.0601e-05
-8.23218e-05
-0.000111842
-0.000117024
-0.000108236
-9.98042e-05
-0.000106089
-0.000139477
-0.000178657
-0.000166126
-0.000124324
-0.000120691
-0.000142032
-0.000126717
-0.000102774
-9.11752e-05
-0.000114581
-0.000126754
-0.000131743
-0.000124824
-0.000125598
-0.00013013
-0.000149542
-0.000154107
-0.000137842
-0.000142273
-0.000153951
-0.000160051
-0.000148906
-0.000101639
-3.35361e-05
-1.84871e-06
-2.82144e-05
6.35972e-06
5.92466e-05
-1.20944e-05
-0.000120742
-9.4889e-05
-1.74365e-05
1.96935e-05
-2.1367e-05
-7.35442e-05
-0.00010233
-0.000107722
-9.7791e-05
-9.26221e-05
-0.000104325
-0.00014342
-0.000183585
-0.000169193
-0.000127415
-0.000124894
-0.000147667
-0.000136606
-0.000114894
-0.000105769
-0.000124282
-0.000132699
-0.000133294
-0.000124425
-0.000123446
-0.000130207
-0.000153354
-0.000160644
-0.000144041
-0.000140605
-0.000148936
-0.000155299
-0.00014945
-0.000110998
-4.93097e-05
-1.27163e-05
-3.83138e-05
-3.11698e-05
2.15677e-05
-2.67724e-05
-0.000124166
-9.60005e-05
-2.22695e-05
1.17671e-05
-2.21948e-05
-6.69829e-05
-9.68703e-05
-9.97032e-05
-8.65223e-05
-8.48772e-05
-0.000103506
-0.00014745
-0.000184899
-0.000168293
-0.000126636
-0.000125237
-0.000147459
-0.000139475
-0.000123561
-0.000119372
-0.000131048
-0.00013945
-0.000138416
-0.00012589
-0.000121753
-0.000130007
-0.000156703
-0.000168342
-0.000152565
-0.000139562
-0.000141905
-0.00014894
-0.000146902
-0.00011837
-6.43064e-05
-2.46283e-05
-4.08251e-05
-4.96409e-05
-7.60422e-06
-3.86805e-05
-0.000117958
-9.87736e-05
-2.98301e-05
3.84847e-06
-2.14172e-05
-6.21662e-05
-9.30112e-05
-9.74779e-05
-8.21719e-05
-7.83316e-05
-9.60141e-05
-0.000146094
-0.000190619
-0.000179787
-0.000129439
-0.000115061
-0.000130712
-0.000130144
-0.000126926
-0.000120126
-0.000130011
-0.000143343
-0.000144593
-0.000128724
-0.000121036
-0.000130448
-0.000158597
-0.000173378
-0.000159529
-0.000140092
-0.000136093
-0.000141839
-0.000142375
-0.000122618
-7.33152e-05
-3.65362e-05
-4.18323e-05
-5.52696e-05
-3.16128e-05
-5.16695e-05
-0.000116156
-0.000107671
-3.84821e-05
-1.59233e-06
-1.9577e-05
-5.72097e-05
-8.41607e-05
-8.99153e-05
-8.4932e-05
-8.03416e-05
-9.69553e-05
-0.000131868
-0.000175885
-0.000183739
-0.000145558
-0.000118149
-0.000105905
-0.000101118
-9.68926e-05
-0.000107698
-0.000124058
-0.000144244
-0.000151073
-0.000135563
-0.000119596
-0.000131347
-0.000159253
-0.000174057
-0.000161438
-0.000141318
-0.000132386
-0.000133808
-0.000136367
-0.000122965
-7.68073e-05
-4.47802e-05
-3.72033e-05
-5.36894e-05
-4.35975e-05
-6.70063e-05
-0.000118798
-0.000110824
-4.38254e-05
-1.00453e-05
-2.63366e-05
-5.76814e-05
-8.47579e-05
-8.60413e-05
-8.30314e-05
-8.36433e-05
-0.000100818
-0.000122899
-0.000156535
-0.000170991
-0.000149015
-0.000122823
-0.000100266
-8.0817e-05
-7.4581e-05
-9.47454e-05
-0.000116402
-0.000139753
-0.000152531
-0.00014711
-0.000132333
-0.000137963
-0.000161628
-0.000174556
-0.000162307
-0.000142702
-0.000129705
-0.000124789
-0.000125433
-0.000116312
-8.44079e-05
-5.25984e-05
-3.86159e-05
-4.59893e-05
-4.66032e-05
-7.47598e-05
-0.00011631
-0.000105825
-5.72261e-05
-2.50789e-05
-2.12333e-05
-5.49402e-05
-8.76188e-05
-9.15693e-05
-8.88791e-05
-9.21137e-05
-0.000101771
-0.000116455
-0.000136979
-0.000147477
-0.000140689
-0.000127883
-0.000104715
-7.83608e-05
-6.76293e-05
-9.45296e-05
-0.000121785
-0.000140103
-0.000147407
-0.00014716
-0.000139971
-0.000145423
-0.000167314
-0.000179137
-0.000165386
-0.000143253
-0.000127235
-0.000119747
-0.000118865
-0.000111798
-8.87755e-05
-5.85903e-05
-3.49947e-05
-3.72157e-05
-4.47421e-05
-7.43492e-05
-0.000109949
-0.000106167
-6.65428e-05
-2.15724e-05
-2.22687e-05
-4.19542e-05
-7.53604e-05
-9.39526e-05
-0.000105934
-0.000111345
-0.000111759
-0.000123577
-0.000131446
-0.00013655
-0.000127702
-0.000123875
-0.000112293
-9.41061e-05
-8.11123e-05
-0.000100386
-0.000125844
-0.000137077
-0.000134945
-0.00013377
-0.000135888
-0.000145662
-0.000169454
-0.000185305
-0.000174402
-0.000148741
-0.000128399
-0.000120971
-0.00012191
-0.000116161
-9.44453e-05
-6.5083e-05
-4.01677e-05
-3.38744e-05
-3.58973e-05
-6.54635e-05
-0.000102177
-0.000111872
-7.93453e-05
-3.73367e-05
-4.09062e-05
-4.44615e-05
-6.86538e-05
-8.64396e-05
-0.000108123
-0.000124769
-0.000121815
-0.000131172
-0.000149066
-0.000149611
-0.000138842
-0.000133071
-0.000125431
-0.00011363
-9.74284e-05
-0.000109599
-0.000128988
-0.000136635
-0.000127741
-0.000120335
-0.000122254
-0.000137247
-0.000164217
-0.000186757
-0.000187522
-0.000165396
-0.000141767
-0.000128405
-0.000125979
-0.0001192
-9.59414e-05
-6.54753e-05
-4.49579e-05
-3.77828e-05
-4.3223e-05
-6.66625e-05
-0.000104629
-0.000124729
-0.000107047
-6.80354e-05
-4.38759e-05
-4.55468e-05
-8.00386e-05
-0.000108327
-0.00011581
-0.000119999
-0.000131391
-0.00014551
-0.000169676
-0.000176008
-0.000157667
-0.000138662
-0.000130069
-0.000119193
-0.000109649
-0.000118126
-0.000132666
-0.000136366
-0.000127426
-0.000117843
-0.000121704
-0.000136202
-0.000157421
-0.000176933
-0.000185426
-0.00017302
-0.000154338
-0.000138356
-0.00012939
-0.000120726
-9.85661e-05
-6.92424e-05
-4.98283e-05
-4.32726e-05
-4.68527e-05
-6.73456e-05
-0.000101027
-0.000120045
-0.000110631
-7.65504e-05
-4.6708e-05
-2.89575e-05
-4.57192e-05
-8.12534e-05
-0.000110898
-0.000136531
-0.000156313
-0.000168458
-0.000186348
-0.000188096
-0.000164763
-0.000138694
-0.000128319
-0.000121918
-0.0001187
-0.000125609
-0.000138514
-0.000144552
-0.000136985
-0.00012467
-0.000120028
-0.000127791
-0.000144259
-0.000161798
-0.000176215
-0.000176259
-0.000163926
-0.000146766
-0.000132423
-0.000118159
-9.84286e-05
-7.25521e-05
-5.40184e-05
-4.73097e-05
-4.97087e-05
-6.45705e-05
-8.76011e-05
-9.93954e-05
-9.721e-05
-8.02378e-05
-5.82223e-05
-4.02284e-05
-4.06024e-05
-6.55456e-05
-0.000106129
-0.000151727
-0.000182956
-0.000189859
-0.000197891
-0.000182063
-0.000159113
-0.000130312
-0.000116304
-0.000111848
-0.000116835
-0.000129949
-0.000144751
-0.000150369
-0.000145802
-0.000135048
-0.000126517
-0.000121542
-0.000124234
-0.00013848
-0.000153729
-0.000162233
-0.000166642
-0.000146227
-0.000134281
-0.000117916
-9.6626e-05
-7.41896e-05
-5.72331e-05
-5.43675e-05
-5.80332e-05
-6.6839e-05
-8.1327e-05
-9.20417e-05
-9.24155e-05
-8.42283e-05
-6.48922e-05
-5.0802e-05
-5.51313e-05
-7.88524e-05
-0.000115339
-0.000154715
-0.000182451
-0.000183036
-0.000154645
-0.00015717
-0.000136262
-0.00010764
-9.5576e-05
-9.74472e-05
-0.000104853
-0.000118882
-0.000134322
-0.000147259
-0.000151235
-0.000146344
-0.000137249
-0.000124683
-0.000125157
-0.000131095
-0.000137776
-0.000137155
-0.000129946
-0.000127185
-0.000119497
-0.000109197
-9.33369e-05
-7.74197e-05
-6.41931e-05
-6.07019e-05
-6.84569e-05
-7.49632e-05
-7.95891e-05
-8.42651e-05
-8.51521e-05
-8.10312e-05
-7.3648e-05
-6.68278e-05
-6.15347e-05
-7.88299e-05
-0.000115571
-0.00015215
-0.000171356
-0.000163245
-0.000149671
-0.00014825
-0.00013972
-0.000120423
-0.000105814
-9.52381e-05
-8.45602e-05
-8.79314e-05
-0.000103604
-0.000124882
-0.000139573
-0.000146078
-0.000142637
-0.00012909
-0.00011841
-0.000121515
-0.000129429
-0.000135265
-0.000128621
-0.000118536
-0.000107299
-9.8992e-05
-9.00312e-05
-8.002e-05
-7.06843e-05
-6.42982e-05
-7.21629e-05
-7.83331e-05
-7.42953e-05
-6.74525e-05
-6.55513e-05
-7.15894e-05
-7.80583e-05
-9.06476e-05
-9.57155e-05
-0.000103722
-0.000122761
-0.000147535
-0.000166742
-0.000166388
-0.000149864
-0.000135271
-0.000126691
-0.000117298
-0.000110462
-0.000107739
-0.000100934
-9.0051e-05
-8.77836e-05
-9.43569e-05
-0.000103196
-0.000113019
-0.000122167
-0.000123322
-0.000121786
-0.000127908
-0.000132803
-0.000129691
-0.00011959
-0.000108555
-0.000101887
-9.68705e-05
-8.94064e-05
-8.20724e-05
-7.4218e-05
-6.82098e-05
-6.94886e-05
-6.72542e-05
-5.77542e-05
-4.87058e-05
-4.74547e-05
-6.20493e-05
-8.66262e-05
-0.00010369
-0.000119954
-0.000132859
-0.000145875
-0.000155619
-0.000159
-0.000156296
-0.000147324
-0.000137652
-0.000129497
-0.000120404
-0.000109347
-9.92024e-05
-8.68268e-05
-8.86709e-05
-8.9802e-05
-9.12043e-05
-9.24981e-05
-9.90701e-05
-0.000111354
-0.000119434
-0.000124073
-0.000132143
-0.000137997
-0.000137308
-0.000126867
-0.000116367
-0.000106589
-9.76996e-05
-8.67501e-05
-7.8544e-05
-7.2983e-05
-6.8674e-05
-6.40844e-05
-5.83164e-05
-4.84327e-05
-4.66472e-05
-5.14851e-05
-6.63956e-05
6.24778e-05
-4.301e-05
-0.00014689
-0.000198709
-0.000166172
-0.000104487
-9.59054e-05
-0.000153637
-0.000194376
-0.000172041
-0.000126532
-0.000113589
-0.000106076
-8.46728e-05
-7.35054e-05
-8.05676e-05
-8.67675e-05
-9.08574e-05
-0.000101932
-0.000110345
-0.000114068
-0.000131953
-0.000164332
-0.000169457
-0.000138334
-0.000118922
-0.000129645
-0.000124502
-8.67356e-05
-4.07979e-05
-1.08544e-06
9.18963e-06
-1.81498e-05
-3.44611e-05
-1.05849e-05
5.2546e-06
-3.25653e-05
-6.29988e-05
-9.78371e-06
5.93789e-05
6.34202e-05
-4.2104e-05
-0.000146922
-0.000199624
-0.000167428
-0.000104321
-9.50108e-05
-0.000153449
-0.000194996
-0.00017288
-0.000127029
-0.000114104
-0.000106546
-8.46243e-05
-7.34716e-05
-8.08633e-05
-8.67937e-05
-9.07263e-05
-0.0001018
-0.000110361
-0.000114133
-0.000131897
-0.000165084
-0.00017083
-0.000139308
-0.000119258
-0.000130059
-0.00012463
-8.59282e-05
-4.00945e-05
-8.98687e-07
9.10986e-06
-1.89819e-05
-3.56176e-05
-1.10569e-05
5.72798e-06
-3.21176e-05
-6.4128e-05
-1.11355e-05
5.92187e-05
6.43755e-05
-4.04703e-05
-0.000147425
-0.000201894
-0.000169706
-0.000103173
-9.2454e-05
-0.000152898
-0.000197299
-0.000174323
-0.000127782
-0.000114544
-0.000107602
-8.58029e-05
-7.38792e-05
-8.13019e-05
-8.67576e-05
-9.03581e-05
-0.000101233
-0.000109959
-0.000113888
-0.000131988
-0.000165706
-0.000174074
-0.000141487
-0.000120021
-0.000130478
-0.000124501
-8.48095e-05
-3.91361e-05
-4.85632e-07
9.4458e-06
-1.93868e-05
-3.60271e-05
-1.13647e-05
5.59068e-06
-3.24218e-05
-6.51719e-05
-1.26897e-05
5.91798e-05
6.64993e-05
-4.08301e-05
-0.000147766
-0.000204737
-0.000174011
-0.000102656
-8.86455e-05
-0.000151527
-0.00019807
-0.000175411
-0.000128508
-0.000114727
-0.00010798
-8.78303e-05
-7.89909e-05
-8.48746e-05
-8.81732e-05
-9.05708e-05
-0.000100077
-0.000108957
-0.000112767
-0.000131565
-0.000166794
-0.000174767
-0.000144381
-0.000123154
-0.000132695
-0.000124662
-8.3939e-05
-3.92894e-05
-1.4181e-06
9.05874e-06
-1.96384e-05
-3.54529e-05
-7.27496e-06
7.23071e-06
-3.61244e-05
-7.17691e-05
-1.57825e-05
5.88737e-05
6.76061e-05
-3.84183e-05
-0.000147385
-0.000206664
-0.000176367
-0.000103056
-8.99009e-05
-0.000152982
-0.000201257
-0.000175778
-0.000127891
-0.000113478
-0.000106859
-8.93649e-05
-8.41932e-05
-9.16503e-05
-9.22554e-05
-9.22042e-05
-9.95795e-05
-0.000107632
-0.00011055
-0.000129219
-0.000165984
-0.000175694
-0.000147298
-0.000127709
-0.000141448
-0.00013294
-8.75556e-05
-4.07177e-05
-4.0129e-06
5.84038e-06
-2.30297e-05
-3.5914e-05
-7.18276e-08
1.58069e-05
-3.52211e-05
-8.19166e-05
-2.7511e-05
5.27356e-05
6.17894e-05
-3.65617e-05
-0.000146084
-0.000207609
-0.000178166
-0.000104181
-8.59059e-05
-0.000152847
-0.000207105
-0.000181181
-0.000128287
-0.000111449
-0.000104025
-8.78404e-05
-8.63986e-05
-9.63502e-05
-9.79043e-05
-9.50733e-05
-0.000101552
-0.000106956
-0.000108335
-0.000124943
-0.000159923
-0.000171542
-0.000147071
-0.000133486
-0.000152574
-0.000149039
-0.000101591
-5.14785e-05
-1.09612e-05
5.5601e-07
-2.94478e-05
-4.05814e-05
2.72701e-06
2.78201e-05
-2.66064e-05
-8.17952e-05
-4.24209e-05
3.81175e-05
4.76793e-05
-3.72315e-05
-0.000141415
-0.00020295
-0.000175933
-0.00010344
-7.90381e-05
-0.000147026
-0.000210326
-0.00018964
-0.000130409
-0.000110776
-0.000101489
-8.62257e-05
-8.58923e-05
-9.6811e-05
-0.000103137
-9.94627e-05
-0.000103929
-0.000106858
-0.000107991
-0.00012188
-0.00015139
-0.00016109
-0.000139866
-0.000130272
-0.000155415
-0.000163993
-0.000120538
-7.00974e-05
-2.48698e-05
-7.66786e-06
-3.76127e-05
-4.95751e-05
-2.37274e-06
3.19322e-05
-1.57972e-05
-7.32435e-05
-4.90812e-05
2.23259e-05
3.2341e-05
-3.72135e-05
-0.00013278
-0.000189986
-0.000167044
-0.000100346
-7.20352e-05
-0.00013681
-0.000205236
-0.000195533
-0.000136707
-0.000112511
-0.000100028
-8.7658e-05
-8.91853e-05
-9.67923e-05
-0.000104386
-0.000102638
-0.000105898
-0.000108014
-0.00010854
-0.000120787
-0.000146131
-0.00015267
-0.000129532
-0.000120774
-0.000149078
-0.000170112
-0.00013607
-9.2105e-05
-4.24653e-05
-1.69881e-05
-4.50769e-05
-5.78268e-05
-1.15189e-05
2.8977e-05
-1.1077e-05
-6.44804e-05
-5.01748e-05
9.3488e-06
1.77155e-05
-3.64976e-05
-0.000116321
-0.000172027
-0.000158077
-0.000103101
-7.30122e-05
-0.000124506
-0.000192624
-0.000192974
-0.000149126
-0.000117567
-0.0001007
-9.0514e-05
-9.79605e-05
-0.000102772
-0.000106473
-0.000103159
-0.000105513
-0.000108502
-0.000109281
-0.000120399
-0.000140346
-0.000148849
-0.000122614
-0.000111844
-0.000139362
-0.000168553
-0.000145027
-0.000111256
-5.96108e-05
-2.71125e-05
-5.34279e-05
-6.59428e-05
-2.05512e-05
2.03305e-05
-1.07928e-05
-5.83137e-05
-4.98722e-05
-2.93062e-06
4.13554e-06
-3.48751e-05
-0.000104986
-0.000154237
-0.000149571
-0.000111124
-8.64854e-05
-0.000127604
-0.000182081
-0.000184881
-0.000153063
-0.000125035
-0.000105615
-9.41534e-05
-0.000108197
-0.000113959
-0.000113608
-0.000104512
-0.000102389
-0.000107036
-0.000109972
-0.000119859
-0.000138486
-0.000143743
-0.000118136
-0.000102778
-0.000130402
-0.000163957
-0.000146099
-0.000123756
-7.35957e-05
-3.69472e-05
-5.70312e-05
-7.48596e-05
-2.89992e-05
1.18132e-05
-1.41213e-05
-5.81233e-05
-5.066e-05
-1.47967e-05
-8.10171e-06
-3.57642e-05
-9.53943e-05
-0.000135573
-0.000135533
-0.000111638
-9.92374e-05
-0.000135446
-0.000175441
-0.000173402
-0.000151221
-0.000131611
-0.00011044
-9.72781e-05
-0.000113705
-0.000125265
-0.000123977
-0.000108326
-9.99921e-05
-0.000103868
-0.000109588
-0.000119495
-0.000138921
-0.000145248
-0.000118424
-9.40142e-05
-0.000118203
-0.000158601
-0.000148038
-0.000132739
-8.19372e-05
-3.76708e-05
-4.74891e-05
-7.41183e-05
-4.06415e-05
8.6041e-07
-2.07593e-05
-5.7747e-05
-4.89651e-05
-2.33373e-05
-1.83552e-05
-3.87243e-05
-8.91224e-05
-0.0001199
-0.000118678
-0.000103698
-0.000105693
-0.000139944
-0.000167672
-0.000159519
-0.00014207
-0.000132137
-0.000113318
-9.73545e-05
-0.000112817
-0.000130081
-0.000131709
-0.000112986
-0.00010085
-0.00010057
-0.00010774
-0.00011909
-0.000140519
-0.000151533
-0.000127712
-9.51038e-05
-0.000107821
-0.000148513
-0.00014779
-0.000138274
-9.11925e-05
-3.87985e-05
-2.86977e-05
-5.6655e-05
-4.92642e-05
-1.08693e-05
-3.00252e-05
-5.79843e-05
-4.72198e-05
-2.81747e-05
-2.77293e-05
-4.21761e-05
-8.56837e-05
-0.000111524
-0.000112251
-9.87912e-05
-0.000106636
-0.000143148
-0.000166669
-0.000158106
-0.000139741
-0.000129419
-0.00010876
-9.05338e-05
-0.000103652
-0.000124748
-0.000126688
-0.000113005
-0.000102012
-9.75379e-05
-0.000102417
-0.000117314
-0.000142276
-0.000158393
-0.000140527
-0.000106683
-0.000105572
-0.000137843
-0.00014368
-0.00013924
-0.000101886
-4.60531e-05
-2.19292e-05
-4.12041e-05
-4.45296e-05
-1.83916e-05
-3.57798e-05
-5.77946e-05
-4.69111e-05
-3.09986e-05
-2.94761e-05
-4.79852e-05
-8.34564e-05
-0.000108173
-0.000113301
-0.000107426
-0.000112978
-0.000141888
-0.000161865
-0.000157533
-0.000142776
-0.000133301
-0.000106614
-7.99446e-05
-8.66918e-05
-0.000111228
-0.00011921
-0.000110793
-0.000106391
-0.000101408
-0.000100205
-0.000111588
-0.00014189
-0.000164683
-0.000150801
-0.000120539
-0.000111823
-0.000130905
-0.000138355
-0.000134239
-0.000109828
-5.51847e-05
-2.59902e-05
-3.84112e-05
-4.8405e-05
-2.81488e-05
-4.03986e-05
-5.38415e-05
-4.59928e-05
-3.37507e-05
-2.90894e-05
-4.75795e-05
-7.87104e-05
-0.000107773
-0.000120306
-0.000125554
-0.000122814
-0.000140745
-0.000157316
-0.00015825
-0.000145117
-0.000133896
-0.000106174
-7.35008e-05
-7.49841e-05
-0.000101712
-0.000115617
-0.000109841
-0.000111378
-0.000112207
-0.000107955
-0.000116968
-0.000146261
-0.000168104
-0.000157343
-0.000129605
-0.000118883
-0.000129343
-0.000132048
-0.000120829
-9.75714e-05
-5.48073e-05
-2.82352e-05
-4.24009e-05
-6.27166e-05
-5.55411e-05
-5.04505e-05
-5.22803e-05
-4.47192e-05
-3.4539e-05
-2.92366e-05
-4.5307e-05
-7.09048e-05
-9.50462e-05
-0.000117085
-0.000133344
-0.000136615
-0.000137852
-0.000153474
-0.000157164
-0.000148127
-0.00013945
-0.000116386
-7.8028e-05
-6.7443e-05
-9.38019e-05
-0.00011672
-0.000122041
-0.000114205
-0.00011794
-0.000116715
-0.000127147
-0.000156257
-0.000176911
-0.000163882
-0.000137445
-0.000123818
-0.000127329
-0.000125848
-0.000111496
-8.7227e-05
-5.58021e-05
-2.30353e-05
-3.26474e-05
-5.75158e-05
-6.58541e-05
-6.41557e-05
-6.26403e-05
-5.28647e-05
-3.70386e-05
-3.17316e-05
-4.41638e-05
-7.22206e-05
-9.33011e-05
-0.000111655
-0.000132663
-0.000135684
-0.000146991
-0.000160193
-0.000165544
-0.000155797
-0.000143523
-0.000130082
-9.61257e-05
-7.55009e-05
-8.28726e-05
-0.000111838
-0.00011597
-0.000110417
-0.000113491
-0.000119678
-0.000136954
-0.000165972
-0.000188454
-0.000176532
-0.000146589
-0.000128828
-0.00013018
-0.000129498
-0.000112639
-8.50641e-05
-5.30259e-05
-2.30204e-05
-2.53256e-05
-4.72333e-05
-6.8731e-05
-7.88748e-05
-8.32889e-05
-6.74178e-05
-4.50888e-05
-3.78349e-05
-4.29021e-05
-7.21631e-05
-9.67427e-05
-0.000121928
-0.000140853
-0.000156754
-0.00016329
-0.000174006
-0.000174121
-0.00015722
-0.000147619
-0.000128226
-0.000109709
-9.00671e-05
-0.000100111
-0.000115388
-0.000122397
-0.00011754
-0.000110468
-0.000122076
-0.000135419
-0.000160145
-0.000190543
-0.000183494
-0.000155412
-0.000135349
-0.000131391
-0.000131951
-0.000117151
-8.68157e-05
-5.5734e-05
-3.35729e-05
-3.34248e-05
-5.46897e-05
-7.46485e-05
-8.91996e-05
-9.79297e-05
-8.16877e-05
-5.6371e-05
-2.76909e-05
-3.03039e-05
-7.0219e-05
-9.95646e-05
-0.000126293
-0.00014636
-0.000165218
-0.00017948
-0.000193363
-0.000187171
-0.000159352
-0.000141395
-0.000139018
-0.000121346
-0.00010589
-0.000103689
-0.000114956
-0.000123007
-0.000121669
-0.000121258
-0.00012748
-0.000135302
-0.000152101
-0.00017509
-0.000189353
-0.000158494
-0.000136159
-0.000127053
-0.000125783
-0.000117519
-9.18342e-05
-6.15207e-05
-4.31145e-05
-4.40553e-05
-5.92577e-05
-7.42031e-05
-8.85786e-05
-8.37946e-05
-7.39426e-05
-5.05105e-05
-2.11429e-05
-1.613e-06
-2.36173e-05
-7.40599e-05
-0.000121746
-0.000161193
-0.000186924
-0.000197245
-0.000201839
-0.000188192
-0.000153708
-0.000128201
-0.000130359
-0.000138034
-0.00012838
-0.000126212
-0.000127077
-0.000131126
-0.0001298
-0.000129949
-0.000130814
-0.000127982
-0.000135146
-0.000156718
-0.000171275
-0.000160299
-0.000140462
-0.000121765
-0.000113874
-0.000106404
-8.98316e-05
-6.60428e-05
-4.98335e-05
-5.09109e-05
-6.20094e-05
-7.18984e-05
-7.16015e-05
-7.18879e-05
-6.45721e-05
-5.66589e-05
-3.76977e-05
-3.24275e-05
-3.2981e-05
-7.17412e-05
-0.000127214
-0.000180316
-0.00020726
-0.000204345
-0.000192991
-0.000177163
-0.000148536
-0.000118297
-0.000110947
-0.000118533
-0.000130465
-0.000140439
-0.000144056
-0.000144018
-0.00013722
-0.000134161
-0.000134318
-0.000127463
-0.000119991
-0.000131108
-0.000144218
-0.000144178
-0.000137027
-0.000126258
-0.000113342
-0.000102376
-8.69855e-05
-6.7564e-05
-5.31404e-05
-5.28816e-05
-6.24979e-05
-7.21886e-05
-7.31517e-05
-6.856e-05
-6.21492e-05
-5.47353e-05
-5.00754e-05
-4.69583e-05
-5.66086e-05
-8.84095e-05
-0.000132158
-0.000172151
-0.000194503
-0.000186052
-0.0001661
-0.00015181
-0.000128651
-0.000101809
-9.47301e-05
-0.000102884
-0.000113645
-0.000127767
-0.000139014
-0.000145216
-0.000140645
-0.000137178
-0.00013647
-0.000129922
-0.0001222
-0.00012741
-0.000134435
-0.000132235
-0.000122468
-0.000112083
-0.00010415
-9.87427e-05
-9.17174e-05
-7.62538e-05
-5.96869e-05
-5.66157e-05
-6.68953e-05
-7.39657e-05
-7.37708e-05
-6.46923e-05
-5.99829e-05
-5.72152e-05
-6.43881e-05
-6.62947e-05
-6.815e-05
-9.23328e-05
-0.000136282
-0.000165681
-0.000184057
-0.000168591
-0.000152469
-0.000148677
-0.000141115
-0.000117902
-9.69147e-05
-8.43026e-05
-7.9114e-05
-8.73037e-05
-0.000106251
-0.000122525
-0.000131213
-0.000138543
-0.000141369
-0.000130919
-0.000118683
-0.000120922
-0.000132916
-0.000142009
-0.00013601
-0.00012247
-0.000106808
-9.53289e-05
-9.06073e-05
-8.43421e-05
-7.89338e-05
-6.87581e-05
-7.43574e-05
-7.64245e-05
-6.41958e-05
-4.8072e-05
-4.38566e-05
-5.29042e-05
-6.76483e-05
-8.7775e-05
-9.74543e-05
-0.000109233
-0.000131807
-0.000160649
-0.000183097
-0.000181913
-0.000163232
-0.000143909
-0.000128725
-0.000113818
-0.00010581
-9.90997e-05
-8.7904e-05
-7.76096e-05
-8.10788e-05
-9.22017e-05
-0.000103467
-0.000116592
-0.000127685
-0.000127922
-0.000124679
-0.000129972
-0.000140736
-0.000143517
-0.000133241
-0.000117639
-0.000105629
-9.82786e-05
-9.30511e-05
-8.93686e-05
-7.99379e-05
-7.29697e-05
-6.9896e-05
-6.43743e-05
-5.09748e-05
-3.48025e-05
-2.59512e-05
-4.13766e-05
-7.83003e-05
-0.000104729
-0.000124842
-0.000140408
-0.000154525
-0.000164035
-0.000170852
-0.000170786
-0.000159409
-0.000143664
-0.00012957
-0.000118995
-0.000108616
-9.80127e-05
-8.90514e-05
-8.72443e-05
-9.29509e-05
-9.7227e-05
-9.68112e-05
-0.000100271
-0.000109197
-0.000115856
-0.000119267
-0.000126304
-0.000141591
-0.000149293
-0.00013976
-0.000125666
-0.000105773
-9.75849e-05
-8.93952e-05
-8.80503e-05
-8.54259e-05
-7.71668e-05
-6.83237e-05
-5.53914e-05
-4.33906e-05
-3.03629e-05
-2.99918e-05
-4.88329e-05
-3.49112e-05
-7.81649e-05
-0.000128489
-0.000131097
-0.000100922
-8.94566e-05
-0.000117221
-0.000162022
-0.000174673
-0.000143956
-0.000105849
-0.000102955
-0.00011299
-9.90254e-05
-7.94462e-05
-8.46204e-05
-0.000103413
-0.00012257
-0.000122911
-0.000112112
-9.65009e-05
-6.94149e-05
-5.26774e-05
-6.60538e-05
-0.000105823
-0.000158972
-0.000194491
-0.000195319
-0.000153029
-9.27615e-05
-4.13124e-05
-2.32639e-05
-3.53956e-05
-3.71223e-05
-1.05652e-05
-3.13727e-07
-2.88661e-05
-5.74273e-05
-4.02985e-05
-1.60619e-05
-3.49257e-05
-7.88416e-05
-0.000129582
-0.000131547
-0.000100486
-8.83568e-05
-0.000116607
-0.000162378
-0.000175859
-0.000144434
-0.000105746
-0.000102642
-0.000112978
-9.8992e-05
-7.88013e-05
-8.39773e-05
-0.000103164
-0.000122779
-0.000123596
-0.000113396
-9.76459e-05
-7.00311e-05
-5.26836e-05
-6.44846e-05
-0.000104523
-0.000159165
-0.000195864
-0.000196299
-0.000152634
-9.15327e-05
-4.0289e-05
-2.27222e-05
-3.59391e-05
-3.78713e-05
-1.03807e-05
5.98127e-07
-2.86549e-05
-5.80252e-05
-4.0889e-05
-1.64665e-05
-3.44845e-05
-8.04761e-05
-0.000130745
-0.000132044
-9.93234e-05
-8.50445e-05
-0.000115534
-0.00016304
-0.000177315
-0.000144761
-0.00010528
-0.000101997
-0.000113073
-9.92077e-05
-7.82733e-05
-8.3243e-05
-0.000103152
-0.00012332
-0.000125281
-0.000115028
-9.92962e-05
-7.09992e-05
-5.20534e-05
-6.10954e-05
-0.000102394
-0.000160777
-0.000199327
-0.000198696
-0.000152749
-9.01892e-05
-3.9218e-05
-2.27531e-05
-3.7849e-05
-3.98328e-05
-1.03393e-05
1.99283e-06
-2.86191e-05
-5.93436e-05
-4.19935e-05
-1.74639e-05
-3.54971e-05
-8.16218e-05
-0.000132173
-0.000133398
-9.88498e-05
-8.4219e-05
-0.000114963
-0.000163547
-0.00017815
-0.000144352
-0.000104114
-0.000100642
-0.000113019
-9.90391e-05
-7.73323e-05
-8.26163e-05
-0.000103431
-0.000123638
-0.0001272
-0.000116749
-0.000100821
-7.2308e-05
-5.08948e-05
-5.7716e-05
-9.75747e-05
-0.000162681
-0.000204248
-0.000201896
-0.000153026
-8.92988e-05
-3.96297e-05
-2.49193e-05
-4.239e-05
-4.38604e-05
-1.02838e-05
4.59878e-06
-2.87056e-05
-6.2094e-05
-4.38256e-05
-1.84939e-05
-3.71836e-05
-8.30627e-05
-0.000133749
-0.000135362
-0.000103327
-8.54346e-05
-0.000116333
-0.000166644
-0.000178352
-0.000143482
-0.000101614
-9.81958e-05
-0.000112457
-9.85769e-05
-7.59135e-05
-8.128e-05
-0.00010314
-0.000124693
-0.000129339
-0.000119106
-0.00010214
-7.51754e-05
-5.19853e-05
-5.36868e-05
-8.69856e-05
-0.000159715
-0.00020825
-0.000205013
-0.000151334
-8.69921e-05
-4.11839e-05
-2.99601e-05
-5.07097e-05
-5.1407e-05
-1.16229e-05
8.86418e-06
-2.52093e-05
-6.36957e-05
-4.75083e-05
-2.10474e-05
-3.99281e-05
-8.46802e-05
-0.000134655
-0.000136635
-0.000108696
-8.89026e-05
-0.000118755
-0.000171284
-0.000186943
-0.000147848
-0.000101767
-9.77898e-05
-0.000110893
-9.60377e-05
-7.32453e-05
-7.90638e-05
-0.000102887
-0.000122537
-0.000129949
-0.000122396
-0.000104689
-7.66151e-05
-5.63449e-05
-5.56756e-05
-8.07626e-05
-0.000141274
-0.000208429
-0.000208251
-0.00014808
-8.07022e-05
-4.05998e-05
-3.47845e-05
-6.00528e-05
-6.20087e-05
-1.56767e-05
1.21333e-05
-2.04982e-05
-6.35714e-05
-5.12481e-05
-2.38339e-05
-4.11133e-05
-8.56902e-05
-0.000134368
-0.000134887
-0.000111488
-9.2458e-05
-0.000122443
-0.000175417
-0.000197075
-0.00015815
-0.000105737
-9.79039e-05
-0.000112004
-9.71985e-05
-6.94865e-05
-7.3522e-05
-9.94246e-05
-0.000123619
-0.000132016
-0.000126202
-0.000111095
-8.3332e-05
-5.94389e-05
-5.56732e-05
-7.70903e-05
-0.000132821
-0.000209337
-0.00021615
-0.000150106
-7.1187e-05
-3.69302e-05
-3.64073e-05
-6.5242e-05
-7.1324e-05
-2.23192e-05
1.28711e-05
-1.77203e-05
-6.15942e-05
-5.48827e-05
-2.5442e-05
-4.05851e-05
-8.53672e-05
-0.000132916
-0.000130876
-0.000111269
-9.48128e-05
-0.000125879
-0.000177896
-0.000200782
-0.000165984
-0.00010996
-9.34643e-05
-0.000106889
-0.000100713
-7.49075e-05
-7.06742e-05
-9.30268e-05
-0.000120091
-0.00013513
-0.000129535
-0.000117442
-9.4988e-05
-6.97112e-05
-5.78506e-05
-7.02588e-05
-0.000117448
-0.000196781
-0.000219234
-0.000162753
-7.03699e-05
-3.41452e-05
-3.59694e-05
-6.60519e-05
-7.53497e-05
-2.87528e-05
9.60244e-06
-1.86077e-05
-5.93584e-05
-5.55455e-05
-2.65596e-05
-3.35091e-05
-8.31544e-05
-0.000131998
-0.000128119
-0.000109561
-9.54136e-05
-0.000127671
-0.000180291
-0.000200757
-0.000169281
-0.000117387
-9.40661e-05
-0.000100579
-9.89225e-05
-8.1061e-05
-7.48265e-05
-8.94326e-05
-0.000115797
-0.000135484
-0.000126918
-0.000117146
-0.000106579
-8.48682e-05
-6.45348e-05
-6.52336e-05
-9.84065e-05
-0.000173256
-0.00020658
-0.000168319
-8.27235e-05
-3.37291e-05
-3.46546e-05
-6.33069e-05
-7.53009e-05
-3.28491e-05
4.36508e-06
-2.40687e-05
-6.07705e-05
-5.32808e-05
-2.5099e-05
-2.71035e-05
-7.75394e-05
-0.000128894
-0.000127686
-0.000109298
-9.49703e-05
-0.000123262
-0.000178678
-0.000202717
-0.000175096
-0.000127696
-9.94338e-05
-9.75788e-05
-9.74097e-05
-8.50484e-05
-8.14596e-05
-9.15072e-05
-0.000111461
-0.000124946
-0.000120712
-0.000106781
-0.000109546
-9.58675e-05
-8.07596e-05
-6.46295e-05
-8.02162e-05
-0.000146982
-0.000195743
-0.000169162
-8.62034e-05
-3.08423e-05
-2.41206e-05
-5.5058e-05
-7.14304e-05
-3.48072e-05
-9.86883e-07
-3.0574e-05
-6.55796e-05
-5.48932e-05
-2.49746e-05
-2.47033e-05
-7.15537e-05
-0.000121559
-0.000125574
-0.000108774
-9.61973e-05
-0.000117846
-0.000168008
-0.000196901
-0.000180827
-0.000142044
-0.0001114
-0.000100274
-9.68595e-05
-8.89554e-05
-8.61778e-05
-9.75141e-05
-0.000115041
-0.000120053
-0.000116533
-9.8115e-05
-0.000102116
-0.000100158
-9.2631e-05
-7.14082e-05
-6.74905e-05
-0.000121691
-0.000181177
-0.000170757
-9.47672e-05
-2.89477e-05
-3.54798e-06
-3.74785e-05
-6.07705e-05
-3.47864e-05
-7.34174e-06
-3.86451e-05
-7.33496e-05
-5.96934e-05
-2.86014e-05
-2.63883e-05
-6.68285e-05
-0.000110973
-0.000120959
-0.000107394
-9.82665e-05
-0.00011698
-0.000158831
-0.000185987
-0.000179392
-0.000152382
-0.000124413
-0.000105889
-9.56194e-05
-8.93249e-05
-8.90181e-05
-0.000101317
-0.000117986
-0.000118175
-0.000110071
-9.65772e-05
-9.50175e-05
-0.000102092
-0.000100469
-8.05107e-05
-6.60259e-05
-0.000102274
-0.000164795
-0.000173205
-0.000107721
-4.0494e-05
3.14595e-06
-1.80006e-05
-4.6391e-05
-3.23029e-05
-1.32483e-05
-4.64021e-05
-7.92115e-05
-6.62176e-05
-3.41197e-05
-2.89361e-05
-6.28386e-05
-0.000100606
-0.000115657
-0.000107186
-0.000101267
-0.000117611
-0.000153111
-0.000179183
-0.000182141
-0.000165457
-0.000137522
-0.000109421
-9.06116e-05
-8.67167e-05
-8.97225e-05
-9.97747e-05
-0.000112864
-0.000112741
-0.000105688
-9.75061e-05
-9.65711e-05
-0.000105539
-0.000107542
-9.11752e-05
-7.61617e-05
-9.25131e-05
-0.000150198
-0.000171737
-0.000120649
-5.57445e-05
5.088e-07
-2.2112e-06
-4.07569e-05
-3.99223e-05
-2.63308e-05
-4.96135e-05
-7.66709e-05
-6.73709e-05
-3.73389e-05
-2.86945e-05
-5.37218e-05
-9.35928e-05
-0.000112537
-0.000108156
-0.000105921
-0.000118968
-0.000149947
-0.00017414
-0.000184183
-0.000176844
-0.000154274
-0.000119376
-8.9645e-05
-8.53491e-05
-9.06691e-05
-9.346e-05
-9.92671e-05
-0.000102659
-0.000103651
-0.000101429
-0.000101438
-0.000110601
-0.000115215
-0.000102611
-8.87863e-05
-0.000100279
-0.000141752
-0.000161274
-0.000129866
-6.94681e-05
-8.26689e-06
1.54618e-06
-3.64647e-05
-5.86318e-05
-4.91797e-05
-5.33267e-05
-6.94729e-05
-6.45303e-05
-3.66381e-05
-2.63282e-05
-4.53864e-05
-8.67849e-05
-0.000115522
-0.000114692
-0.000112622
-0.000120628
-0.000144503
-0.000175175
-0.000187761
-0.000187763
-0.000172865
-0.00013675
-9.57088e-05
-8.56475e-05
-9.2954e-05
-9.2638e-05
-9.21107e-05
-9.83072e-05
-0.000107699
-0.000109531
-0.000111152
-0.000120259
-0.00012605
-0.000114242
-0.000100309
-0.000108985
-0.000138087
-0.000148167
-0.000126368
-7.28538e-05
-8.0992e-06
1.17803e-06
-3.3422e-05
-7.30082e-05
-5.61479e-05
-5.69892e-05
-6.34951e-05
-6.19821e-05
-3.74483e-05
-2.1994e-05
-3.67478e-05
-7.82012e-05
-0.000116407
-0.000120014
-0.000126109
-0.000130179
-0.000144831
-0.000169981
-0.000186135
-0.000190341
-0.000188751
-0.000162522
-0.000114692
-8.93646e-05
-9.25398e-05
-9.51437e-05
-9.5439e-05
-9.99437e-05
-0.00011706
-0.000119117
-0.000124033
-0.000134219
-0.000137443
-0.00012209
-0.000106911
-0.000114136
-0.000134356
-0.000139442
-0.000120328
-7.63601e-05
-9.0517e-06
1.07293e-05
-1.01739e-05
-3.4471e-05
-5.46487e-05
-6.49017e-05
-6.20506e-05
-6.12161e-05
-3.6459e-05
-2.45717e-05
-3.12036e-05
-7.03259e-05
-0.000112632
-0.000126745
-0.000138345
-0.00014413
-0.000157576
-0.000176189
-0.000189951
-0.000187861
-0.00019744
-0.000182954
-0.000137656
-0.000103965
-9.72231e-05
-9.69839e-05
-9.4591e-05
-0.000101493
-0.000118062
-0.000126109
-0.000131037
-0.000144643
-0.00014814
-0.000131054
-0.000112135
-0.000112996
-0.0001287
-0.000135108
-0.000118673
-8.22006e-05
-3.21623e-05
-4.28371e-07
1.11854e-06
-2.77313e-05
-5.5917e-05
-7.48409e-05
-9.06345e-05
-7.33532e-05
-4.51405e-05
-3.22756e-05
-2.90759e-05
-5.95894e-05
-0.000102936
-0.000134717
-0.000150629
-0.000163325
-0.000180273
-0.000188058
-0.0001902
-0.000185623
-0.000193829
-0.000206308
-0.000159685
-0.000120035
-0.000106821
-0.000109216
-0.000106671
-0.000116226
-0.000131348
-0.000129167
-0.000133727
-0.000146602
-0.000140825
-0.000129426
-0.00011462
-0.000111815
-0.000121096
-0.0001305
-0.000120121
-9.19108e-05
-5.45558e-05
-2.49739e-05
-2.45073e-05
-4.31624e-05
-6.6967e-05
-8.23469e-05
-9.72562e-05
-8.28444e-05
-5.56357e-05
-2.47811e-05
-1.34311e-05
-4.61743e-05
-9.8567e-05
-0.000138141
-0.000158949
-0.000174953
-0.000180842
-0.000189571
-0.000180354
-0.000168965
-0.000178356
-0.000197648
-0.000187904
-0.000144892
-0.000121115
-0.000117431
-0.000116665
-0.000122761
-0.000132637
-0.000134058
-0.0001332
-0.000140782
-0.000145904
-0.000124145
-0.000112088
-0.00010274
-0.000109951
-0.000120309
-0.000119087
-9.99697e-05
-7.17921e-05
-4.89638e-05
-4.34027e-05
-5.56788e-05
-7.31286e-05
-8.08741e-05
-8.27479e-05
-7.54878e-05
-5.03858e-05
-3.16807e-05
-1.30196e-06
-1.44845e-05
-6.67664e-05
-0.000122369
-0.000166366
-0.00019666
-0.000206676
-0.00020135
-0.000176365
-0.000145224
-0.000138918
-0.000162997
-0.000181735
-0.000175404
-0.000154095
-0.000140962
-0.000130315
-0.000124429
-0.00013005
-0.000132415
-0.000124086
-0.000124974
-0.00014016
-0.000141302
-0.0001266
-0.000109067
-9.52049e-05
-9.9968e-05
-0.000104605
-9.89278e-05
-8.06985e-05
-6.02864e-05
-5.23944e-05
-6.08965e-05
-7.27359e-05
-7.28532e-05
-6.58754e-05
-6.8972e-05
-5.2972e-05
-3.33923e-05
-2.37973e-05
-3.39018e-05
-7.57217e-05
-0.000136091
-0.000188454
-0.000207814
-0.000198666
-0.000182668
-0.000163457
-0.000134473
-0.000115429
-0.000121284
-0.000138702
-0.000156558
-0.000159257
-0.000150487
-0.000135563
-0.000121344
-0.000123839
-0.000131839
-0.000125711
-0.000118148
-0.000135289
-0.0001358
-0.000121688
-0.000109745
-0.000103379
-0.00010455
-9.86871e-05
-8.69988e-05
-7.29805e-05
-5.88711e-05
-5.42118e-05
-5.75341e-05
-6.50947e-05
-6.83739e-05
-5.84109e-05
-5.773e-05
-5.00312e-05
-5.05741e-05
-4.97425e-05
-6.09089e-05
-9.68492e-05
-0.000145211
-0.00018737
-0.000199722
-0.000183433
-0.000155347
-0.000138736
-0.000118818
-0.000102874
-0.000102539
-0.000114598
-0.000129728
-0.000150653
-0.000150325
-0.000144919
-0.000128432
-0.00012184
-0.000125108
-0.000120849
-0.000121113
-0.000132982
-0.000142243
-0.00013164
-0.00011748
-0.000106976
-0.000105258
-0.000103427
-9.71883e-05
-8.19727e-05
-5.39605e-05
-5.68046e-05
-5.82817e-05
-5.76056e-05
-5.29797e-05
-4.67024e-05
-4.82274e-05
-5.12023e-05
-7.01174e-05
-8.09653e-05
-8.27685e-05
-0.000105685
-0.000150841
-0.000197581
-0.00019676
-0.000176432
-0.000154824
-0.00014675
-0.000134097
-0.000112074
-9.06741e-05
-8.20703e-05
-8.31571e-05
-9.04494e-05
-0.000114884
-0.000124921
-0.000124506
-0.000127898
-0.000133237
-0.000128271
-0.000120874
-0.000126636
-0.000143624
-0.000155101
-0.000143448
-0.000126919
-0.000112816
-0.000102754
-9.65053e-05
-9.09312e-05
-9.30941e-05
-7.46898e-05
-7.06385e-05
-6.10383e-05
-4.28752e-05
-2.76778e-05
-3.05883e-05
-4.7158e-05
-6.54536e-05
-9.54706e-05
-0.000112652
-0.000122312
-0.000143467
-0.000171692
-0.000192311
-0.000189648
-0.000169492
-0.000148901
-0.000133463
-0.000120687
-0.00011099
-9.66711e-05
-8.3167e-05
-7.62914e-05
-8.74547e-05
-9.70143e-05
-0.000103738
-0.000115285
-0.000127608
-0.000129725
-0.000125811
-0.000130703
-0.000143381
-0.000150498
-0.00014319
-0.000128427
-0.000114078
-0.000103764
-9.7464e-05
-9.51327e-05
-8.57008e-05
-7.77256e-05
-7.03615e-05
-5.87856e-05
-4.15612e-05
-2.02803e-05
-2.47576e-05
-3.33212e-05
-7.27494e-05
-0.000107082
-0.000128077
-0.000142795
-0.000154649
-0.000163668
-0.000174673
-0.000178853
-0.000170334
-0.000153206
-0.000134772
-0.000117223
-0.000106013
-9.8841e-05
-9.50623e-05
-9.58241e-05
-9.97646e-05
-0.00010028
-9.70667e-05
-9.93179e-05
-0.000108177
-0.000116803
-0.000120406
-0.000125542
-0.000139965
-0.000148194
-0.000144998
-0.000130604
-0.000115952
-0.000107144
-0.000100956
-0.000100448
-9.90585e-05
-8.51224e-05
-7.25205e-05
-5.97404e-05
-4.26838e-05
-2.56831e-05
-1.98217e-05
-3.77893e-05
-7.18763e-06
-4.49673e-05
-0.000111575
-0.000159795
-0.000152497
-0.000130063
-0.000122895
-0.000113102
-0.000106514
-0.000105094
-0.00010425
-0.000104335
-0.000101207
-8.41847e-05
-6.73752e-05
-7.56228e-05
-0.000101774
-0.000104184
-8.58353e-05
-6.69456e-05
-5.36781e-05
-3.93397e-05
-5.2323e-05
-7.35481e-05
-8.72096e-05
-9.16204e-05
-0.000147054
-0.000227498
-0.000247529
-0.000187261
-9.19166e-05
-2.25516e-05
1.58397e-06
-2.13023e-05
-3.66252e-05
-2.94366e-05
-2.00048e-05
-2.74709e-05
-2.56601e-05
-6.21263e-06
-7.27693e-06
-4.44899e-05
-0.000111146
-0.000159903
-0.000152697
-0.00013105
-0.000123523
-0.000113223
-0.00010586
-0.000104389
-0.000103905
-0.000104634
-0.000101893
-8.44873e-05
-6.6961e-05
-7.53206e-05
-0.000101638
-0.000104518
-8.60563e-05
-6.72663e-05
-5.40496e-05
-3.91736e-05
-5.14176e-05
-7.28543e-05
-8.66486e-05
-9.07899e-05
-0.000145758
-0.000227702
-0.000248363
-0.000187729
-9.20818e-05
-2.2177e-05
2.02731e-06
-2.11549e-05
-3.68035e-05
-2.95019e-05
-1.95303e-05
-2.72001e-05
-2.54604e-05
-6.04621e-06
-7.13125e-06
-4.3937e-05
-0.000110721
-0.00016055
-0.00015355
-0.000132452
-0.000124662
-0.000113488
-0.000104348
-0.000103038
-0.000103338
-0.000105108
-0.000102892
-8.48571e-05
-6.60087e-05
-7.52234e-05
-0.000101688
-0.00010546
-8.659e-05
-6.78337e-05
-5.45725e-05
-3.85849e-05
-5.01264e-05
-7.14633e-05
-8.6034e-05
-8.98654e-05
-0.00014508
-0.000229823
-0.000250983
-0.000188699
-9.2058e-05
-2.13194e-05
2.34348e-06
-2.15334e-05
-3.78369e-05
-3.05682e-05
-2.00223e-05
-2.76257e-05
-2.51972e-05
-5.71734e-06
-7.42747e-06
-4.32828e-05
-0.000110578
-0.000160778
-0.000154721
-0.0001333
-0.000126234
-0.000114009
-0.000102507
-0.000101357
-0.000102722
-0.000105429
-0.000103416
-8.50778e-05
-6.47498e-05
-7.44594e-05
-0.000101874
-0.000107348
-8.76215e-05
-6.83215e-05
-5.51064e-05
-3.75925e-05
-4.80502e-05
-6.9426e-05
-8.50595e-05
-8.869e-05
-0.000145248
-0.000234212
-0.00025556
-0.000190428
-9.26162e-05
-1.96943e-05
2.97247e-06
-2.2202e-05
-3.96122e-05
-3.27457e-05
-2.24152e-05
-3.05716e-05
-2.85022e-05
-6.58062e-06
-1.13653e-05
-4.39786e-05
-0.00011065
-0.000161524
-0.000156855
-0.000136461
-0.000128696
-0.000114894
-0.000101191
-9.991e-05
-0.000102641
-0.000105891
-0.000103627
-8.45161e-05
-6.35391e-05
-7.2799e-05
-0.000101412
-0.000109863
-8.95496e-05
-7.00249e-05
-5.43144e-05
-3.44715e-05
-4.60405e-05
-6.75946e-05
-8.43863e-05
-8.79599e-05
-0.0001466
-0.00024086
-0.000260712
-0.000190265
-9.35506e-05
-1.85883e-05
3.07593e-06
-2.27841e-05
-4.15069e-05
-3.44744e-05
-2.55282e-05
-3.52031e-05
-3.46886e-05
-1.27415e-05
-1.59734e-05
-4.82904e-05
-0.000112745
-0.000163382
-0.000160248
-0.000141485
-0.000131415
-0.000120311
-0.000103029
-9.76707e-05
-0.000102245
-0.000106063
-0.000102898
-8.56462e-05
-6.46204e-05
-7.14911e-05
-9.94068e-05
-0.000108726
-9.05869e-05
-7.23837e-05
-5.46624e-05
-3.08145e-05
-4.05189e-05
-6.48984e-05
-8.57267e-05
-8.97155e-05
-0.000150378
-0.000250941
-0.000267368
-0.000187105
-8.93275e-05
-1.57034e-05
1.96693e-06
-2.43347e-05
-4.19772e-05
-3.4227e-05
-2.76699e-05
-3.94759e-05
-3.98956e-05
-1.97135e-05
-1.74329e-05
-5.356e-05
-0.000116139
-0.000165404
-0.000163542
-0.000148315
-0.000136611
-0.000126681
-0.000111226
-0.000101844
-0.000102328
-0.000105773
-0.000103502
-8.65098e-05
-7.14013e-05
-8.00168e-05
-0.000104382
-0.000108373
-8.8379e-05
-7.39585e-05
-5.95754e-05
-3.04819e-05
-3.15535e-05
-5.81635e-05
-8.58417e-05
-9.46276e-05
-0.000155375
-0.000264
-0.000276614
-0.000182976
-8.01892e-05
-1.12137e-05
1.56881e-06
-2.68938e-05
-4.16676e-05
-3.21136e-05
-2.91025e-05
-4.39796e-05
-4.50234e-05
-2.5603e-05
-1.79726e-05
-5.69075e-05
-0.000117637
-0.000165244
-0.000163589
-0.000153458
-0.000143646
-0.000133986
-0.000121155
-0.000111564
-0.000108883
-0.000105224
-0.000104396
-9.00638e-05
-7.62646e-05
-8.51716e-05
-0.000113022
-0.000115388
-8.96407e-05
-7.33337e-05
-6.30659e-05
-3.43303e-05
-3.10685e-05
-5.17924e-05
-8.22588e-05
-9.80733e-05
-0.000156582
-0.000271306
-0.000283885
-0.000179263
-6.77028e-05
-3.39866e-06
3.89737e-06
-2.9348e-05
-4.05744e-05
-2.82358e-05
-3.03191e-05
-4.93523e-05
-5.0704e-05
-3.08091e-05
-2.24688e-05
-5.73506e-05
-0.00011579
-0.000162559
-0.000161545
-0.000154178
-0.000149449
-0.00014167
-0.000128708
-0.000118745
-0.000114822
-0.000108004
-0.000102033
-9.47987e-05
-7.89164e-05
-8.28674e-05
-0.00010903
-0.000116192
-9.28319e-05
-7.37471e-05
-6.30412e-05
-3.60613e-05
-3.61871e-05
-4.94523e-05
-7.85228e-05
-9.96949e-05
-0.000154005
-0.000265667
-0.000280763
-0.000175935
-5.74571e-05
6.54299e-06
9.27814e-06
-3.03693e-05
-3.94514e-05
-2.34223e-05
-2.94493e-05
-5.51822e-05
-5.66732e-05
-3.55561e-05
-2.4861e-05
-5.50193e-05
-0.000110336
-0.000157733
-0.000159201
-0.000153078
-0.000152923
-0.000147566
-0.000135259
-0.000124044
-0.000121851
-0.000115759
-0.000101885
-9.49812e-05
-8.81946e-05
-8.37893e-05
-9.64844e-05
-0.000104816
-8.71158e-05
-7.48082e-05
-6.4849e-05
-3.57572e-05
-4.55474e-05
-5.05797e-05
-7.64207e-05
-9.80081e-05
-0.000150012
-0.000248896
-0.000269097
-0.00017296
-5.36143e-05
1.50224e-05
1.66721e-05
-2.94935e-05
-3.91798e-05
-1.86351e-05
-2.76527e-05
-5.7814e-05
-6.22832e-05
-3.94795e-05
-2.5784e-05
-5.0566e-05
-0.000101192
-0.000150848
-0.000155503
-0.000150354
-0.000153828
-0.000150488
-0.000139641
-0.000130281
-0.000131355
-0.00012925
-0.000111448
-9.8939e-05
-9.7696e-05
-9.33769e-05
-9.47965e-05
-9.81444e-05
-8.73581e-05
-7.19974e-05
-6.66971e-05
-4.19708e-05
-6.19426e-05
-5.85311e-05
-7.3605e-05
-9.34717e-05
-0.000145769
-0.000238816
-0.000264899
-0.000175127
-6.44326e-05
1.64455e-05
2.34104e-05
-2.62352e-05
-3.89045e-05
-1.56796e-05
-2.51173e-05
-5.74786e-05
-6.28741e-05
-4.1273e-05
-2.79045e-05
-4.55341e-05
-9.18526e-05
-0.000142454
-0.00015037
-0.000147555
-0.00015258
-0.000148886
-0.000140404
-0.000136997
-0.000143749
-0.000143551
-0.000123054
-0.000104371
-0.000102359
-9.9537e-05
-9.70069e-05
-9.53262e-05
-8.51903e-05
-7.64878e-05
-6.95117e-05
-5.27129e-05
-7.47281e-05
-7.61896e-05
-7.74318e-05
-9.17751e-05
-0.000142796
-0.00022881
-0.000258984
-0.000180261
-8.47606e-05
-2.3098e-06
2.10356e-05
-2.69885e-05
-3.82917e-05
-1.23575e-05
-2.01305e-05
-5.50198e-05
-6.20947e-05
-4.34238e-05
-3.16492e-05
-4.29904e-05
-8.24245e-05
-0.000136552
-0.000145355
-0.000145374
-0.000146641
-0.000142378
-0.000138328
-0.000144548
-0.00015802
-0.000156406
-0.00013135
-0.000106723
-0.000103354
-0.000101039
-9.90367e-05
-9.41524e-05
-8.13783e-05
-7.57452e-05
-7.13795e-05
-6.49587e-05
-8.50046e-05
-8.90673e-05
-8.64553e-05
-9.6199e-05
-0.000140991
-0.000211916
-0.000243251
-0.000176863
-0.000105335
-1.93963e-05
6.52453e-06
-3.14121e-05
-3.88124e-05
-8.8389e-06
-1.05502e-05
-4.69444e-05
-6.09881e-05
-4.74577e-05
-3.70803e-05
-4.35013e-05
-7.76171e-05
-0.000132396
-0.000140356
-0.000145312
-0.000145902
-0.000136229
-0.000132434
-0.000147948
-0.000169848
-0.00016812
-0.000141917
-0.000114389
-0.000108198
-0.000101515
-9.60334e-05
-8.84628e-05
-7.60229e-05
-7.00124e-05
-7.39645e-05
-7.71369e-05
-9.7727e-05
-0.000102675
-9.5489e-05
-0.000100654
-0.000134521
-0.00019133
-0.000216571
-0.000165039
-0.00010547
-3.23549e-05
-6.23295e-06
-3.68584e-05
-3.93447e-05
-6.38938e-06
-2.16105e-06
-3.7626e-05
-5.82522e-05
-5.14404e-05
-3.65628e-05
-4.15939e-05
-7.33394e-05
-0.000119965
-0.000142765
-0.000152298
-0.000148604
-0.000132317
-0.000133872
-0.000155851
-0.000186246
-0.000182277
-0.000158374
-0.000125302
-0.000112667
-0.000102875
-9.15527e-05
-8.10464e-05
-7.30454e-05
-7.45431e-05
-8.1814e-05
-9.04663e-05
-0.000110314
-0.000115207
-0.000105099
-0.000104823
-0.000129995
-0.000172433
-0.000180536
-0.000151255
-9.62181e-05
-3.99352e-05
-1.21785e-05
-3.46636e-05
-4.10091e-05
-9.96107e-06
2.57551e-07
-2.82656e-05
-5.07871e-05
-4.69824e-05
-3.23733e-05
-3.68478e-05
-6.73801e-05
-0.000114965
-0.000150311
-0.000167578
-0.000161496
-0.000140591
-0.000145581
-0.000162862
-0.000190068
-0.000197051
-0.000179039
-0.000140571
-0.00011153
-9.87426e-05
-8.63057e-05
-7.52275e-05
-7.98729e-05
-8.40964e-05
-8.87268e-05
-0.000101354
-0.000119584
-0.000123115
-0.000110344
-0.000107034
-0.000127828
-0.000161494
-0.000166821
-0.000139697
-9.27391e-05
-3.95745e-05
-8.18043e-06
-1.86822e-05
-3.72388e-05
-2.73675e-05
-1.95619e-05
-3.84122e-05
-5.14667e-05
-4.29957e-05
-2.89999e-05
-3.28188e-05
-6.19832e-05
-0.000111949
-0.000153108
-0.000183903
-0.000182541
-0.000163018
-0.000159065
-0.000171529
-0.000187478
-0.0002003
-0.000191175
-0.000161717
-0.000127968
-9.6044e-05
-8.37191e-05
-7.52578e-05
-8.69971e-05
-9.74814e-05
-9.96379e-05
-0.000110671
-0.000129922
-0.000131987
-0.000113794
-0.000105284
-0.000119348
-0.00014977
-0.000162109
-0.000136886
-9.36961e-05
-4.43949e-05
-5.3679e-06
-4.20559e-06
-3.44696e-05
-5.22784e-05
-5.18739e-05
-6.2204e-05
-6.17562e-05
-4.58353e-05
-2.83048e-05
-2.15079e-05
-5.11735e-05
-0.000110717
-0.000163296
-0.000197386
-0.000204265
-0.000188955
-0.000182756
-0.00017923
-0.000182555
-0.000191667
-0.000195486
-0.000176813
-0.000143778
-0.00011455
-0.000105876
-9.03613e-05
-9.65451e-05
-0.000109849
-0.000110748
-0.000117254
-0.000131565
-0.00013384
-0.000115024
-0.000103765
-0.000110281
-0.000135604
-0.000156471
-0.000139474
-9.5529e-05
-5.85064e-05
-2.90135e-05
-2.39577e-05
-3.95245e-05
-7.0447e-05
-7.31021e-05
-7.55987e-05
-7.0218e-05
-5.04333e-05
-2.04014e-05
-1.27514e-06
-2.74495e-05
-8.22896e-05
-0.000150201
-0.000200431
-0.000217533
-0.00020354
-0.000182944
-0.000163227
-0.000154113
-0.00016405
-0.000189319
-0.000194266
-0.000162174
-0.000133253
-0.000124448
-0.0001201
-0.000126492
-0.00013393
-0.000127821
-0.000121113
-0.000127678
-0.000131716
-0.000116192
-0.000108108
-9.79826e-05
-0.000115938
-0.000146552
-0.000152102
-0.000118771
-7.14679e-05
-3.77858e-05
-4.08062e-05
-7.1528e-05
-9.58907e-05
-8.29125e-05
-6.68027e-05
-6.18288e-05
-4.82311e-05
-2.24065e-05
3.09294e-05
5.42385e-07
-5.67082e-05
-0.000125597
-0.000179308
-0.000199516
-0.000192825
-0.000175058
-0.000150703
-0.000130749
-0.000128576
-0.000157977
-0.000193226
-0.000180856
-0.000161532
-0.000145052
-0.000132956
-0.000124904
-0.000128033
-0.000125243
-0.000116034
-0.000121395
-0.000131457
-0.000127608
-0.000117617
-0.000106037
-0.000105625
-0.0001198
-0.000132741
-0.000123727
-9.24067e-05
-5.90722e-05
-4.87864e-05
-6.55585e-05
-7.49868e-05
-6.5054e-05
-5.1844e-05
-5.64109e-05
-4.96964e-05
-2.35282e-05
-5.75029e-07
-2.07603e-05
-6.44721e-05
-0.00012654
-0.000177697
-0.000192755
-0.000186711
-0.000172504
-0.000156007
-0.00012936
-0.000114347
-0.000124634
-0.000134157
-0.000162158
-0.000161485
-0.000151431
-0.000136039
-0.000122261
-0.000123454
-0.000127394
-0.000122243
-0.000128775
-0.000139292
-0.000139881
-0.000126642
-0.000111185
-0.000108148
-0.000119441
-0.00012064
-0.000106315
-8.61983e-05
-6.5979e-05
-5.69947e-05
-5.85096e-05
-6.04094e-05
-4.93727e-05
-4.5067e-05
-4.55724e-05
-4.04333e-05
-3.54668e-05
-3.24969e-05
-5.27465e-05
-0.000100506
-0.000158247
-0.000198671
-0.000203678
-0.000177158
-0.000148036
-0.000140748
-0.000124975
-0.000106474
-0.000103722
-0.000121626
-0.000139206
-0.000151624
-0.000156195
-0.000150223
-0.000136264
-0.000131938
-0.000128591
-0.000122537
-0.000120161
-0.000132087
-0.000144458
-0.000137221
-0.000122125
-0.000113747
-0.000120406
-0.000128301
-0.000120974
-9.90988e-05
-7.24515e-05
-5.88135e-05
-5.52401e-05
-4.98983e-05
-4.20969e-05
-3.79017e-05
-4.04412e-05
-3.97348e-05
-6.83727e-05
-8.24224e-05
-9.09359e-05
-0.00011474
-0.000152471
-0.000181994
-0.000187254
-0.000172301
-0.000151167
-0.000144458
-0.000138042
-0.00011699
-9.4504e-05
-8.94081e-05
-9.16541e-05
-0.000104905
-0.000123932
-0.000131368
-0.000128726
-0.000128543
-0.000129064
-0.000122382
-0.000117215
-0.000128375
-0.000147672
-0.000154679
-0.000143631
-0.000129959
-0.000121504
-0.000116886
-0.000110966
-0.000101251
-9.14927e-05
-7.45785e-05
-6.42084e-05
-4.78352e-05
-2.63891e-05
-1.16865e-05
-2.10889e-05
-4.26364e-05
-6.21807e-05
-8.74095e-05
-0.000105711
-0.000121102
-0.000146166
-0.000172184
-0.000194429
-0.000186043
-0.000167618
-0.000148582
-0.000136309
-0.000122678
-0.000113223
-9.89602e-05
-9.26737e-05
-8.42846e-05
-9.55173e-05
-9.95682e-05
-0.000102858
-0.000114269
-0.000128759
-0.000133047
-0.000128985
-0.000134106
-0.000146736
-0.000152988
-0.000145425
-0.000131468
-0.000120157
-0.000112219
-0.000104982
-9.71854e-05
-8.3589e-05
-7.31145e-05
-6.33813e-05
-5.29343e-05
-3.38825e-05
-9.65733e-06
-1.53391e-05
-3.25569e-05
-7.16167e-05
-9.68784e-05
-0.000112391
-0.000127376
-0.000151471
-0.000160337
-0.000174652
-0.000177928
-0.000169015
-0.000155569
-0.000141511
-0.000123261
-0.000111241
-0.000104826
-0.000100983
-9.9238e-05
-0.000100863
-9.94545e-05
-9.81215e-05
-0.000103249
-0.00011238
-0.000118727
-0.000121673
-0.000127947
-0.000139991
-0.000146393
-0.000140106
-0.000130536
-0.000122315
-0.000114697
-0.00010566
-9.89562e-05
-9.02914e-05
-7.7492e-05
-6.87454e-05
-5.83584e-05
-4.38135e-05
-2.42508e-05
-2.46782e-05
-4.33601e-05
5.22252e-05
-1.41783e-05
-9.29144e-05
-0.000118171
-0.000110014
-0.00011424
-0.000141441
-0.000147583
-0.00013817
-0.000127751
-0.000108703
-9.01584e-05
-0.000109857
-0.000149176
-0.000156201
-0.000139584
-0.000108506
-6.27701e-05
-1.60435e-05
1.0268e-05
2.08707e-05
-1.89966e-06
-5.18218e-05
-0.00011243
-0.000113082
-5.57417e-05
-7.64766e-05
-0.000205182
-0.000290206
-0.00026776
-0.000182855
-4.7907e-05
3.82823e-05
-7.3918e-06
-8.27214e-05
-6.07009e-05
-5.79798e-06
2.31975e-05
4.41574e-05
6.41431e-05
5.25499e-05
-1.36444e-05
-9.31274e-05
-0.000118477
-0.000110099
-0.000114028
-0.000141755
-0.000148158
-0.000138232
-0.000127591
-0.000108696
-8.96844e-05
-0.000109294
-0.000149631
-0.000156996
-0.000140172
-0.000109323
-6.30064e-05
-1.58348e-05
1.06725e-05
2.18205e-05
-1.30709e-06
-5.14634e-05
-0.00011327
-0.00011407
-5.54177e-05
-7.50204e-05
-0.000204401
-0.000290623
-0.000268637
-0.00018417
-4.89824e-05
3.86981e-05
-6.63884e-06
-8.3333e-05
-6.20397e-05
-6.75247e-06
2.25867e-05
4.36743e-05
6.41234e-05
5.34644e-05
-1.27539e-05
-9.35001e-05
-0.000118958
-0.000109984
-0.000113897
-0.000142366
-0.000148901
-0.000138107
-0.00012699
-0.000108578
-8.87902e-05
-0.000108627
-0.000150965
-0.000158689
-0.000140646
-0.000110222
-6.29965e-05
-1.51827e-05
1.22008e-05
2.38294e-05
6.50774e-07
-5.07972e-05
-0.000114231
-0.000115221
-5.45786e-05
-7.32301e-05
-0.000204452
-0.000292904
-0.000271527
-0.000186941
-5.0469e-05
3.97308e-05
-5.73713e-06
-8.49042e-05
-6.47318e-05
-7.86704e-06
2.19559e-05
4.3408e-05
6.50228e-05
5.46852e-05
-1.09744e-05
-9.26617e-05
-0.00011897
-0.000110494
-0.000114933
-0.000143108
-0.000150173
-0.000137835
-0.00012589
-0.000108223
-8.79849e-05
-0.000108199
-0.000153426
-0.000161087
-0.000140843
-0.000110212
-6.24905e-05
-1.43667e-05
1.44548e-05
2.73966e-05
2.60361e-06
-5.00288e-05
-0.000115374
-0.000117043
-5.32171e-05
-7.00266e-05
-0.000204414
-0.00029557
-0.000276324
-0.000193064
-5.2364e-05
4.07608e-05
-3.53843e-06
-8.64784e-05
-6.90813e-05
-9.56597e-06
2.16157e-05
4.28206e-05
6.64248e-05
5.46162e-05
-9.33007e-06
-8.99966e-05
-0.000115512
-0.000109531
-0.000116742
-0.0001461
-0.000152268
-0.000137019
-0.000125094
-0.000108371
-8.81936e-05
-0.000106738
-0.000156153
-0.00016361
-0.000140703
-0.000109053
-6.12791e-05
-1.36552e-05
1.65701e-05
3.01443e-05
4.61608e-06
-4.95424e-05
-0.000117304
-0.000120476
-5.31533e-05
-6.68732e-05
-0.000203684
-0.000295315
-0.000277195
-0.00019692
-6.14134e-05
3.6581e-05
-2.25718e-06
-8.4777e-05
-7.45587e-05
-1.2802e-05
1.86319e-05
4.00499e-05
6.19433e-05
4.82564e-05
-9.81464e-06
-8.74478e-05
-0.000110453
-0.000106256
-0.000116892
-0.000151034
-0.000156814
-0.000137576
-0.000125151
-0.000109276
-8.8783e-05
-0.000106789
-0.000155239
-0.000165391
-0.000140481
-0.00010767
-6.15273e-05
-1.4846e-05
1.73069e-05
3.33893e-05
6.55695e-06
-5.05445e-05
-0.000120343
-0.000126003
-5.52591e-05
-6.5895e-05
-0.000203784
-0.000294019
-0.000274107
-0.000199263
-6.75958e-05
3.04807e-05
-3.41478e-06
-8.31668e-05
-7.95119e-05
-1.60504e-05
1.24707e-05
3.28817e-05
5.53722e-05
3.91689e-05
-1.44645e-05
-8.79959e-05
-0.000107145
-0.000104091
-0.000117295
-0.000157257
-0.000165316
-0.000141231
-0.000126905
-0.000112486
-9.10632e-05
-0.000106361
-0.000152664
-0.000157348
-0.000138209
-0.000113336
-6.80864e-05
-2.05993e-05
1.383e-05
3.605e-05
7.50419e-06
-5.27561e-05
-0.000124647
-0.000133777
-6.22192e-05
-7.10791e-05
-0.000206959
-0.000292876
-0.000265702
-0.000197345
-7.35122e-05
2.43385e-05
-5.32814e-06
-8.07136e-05
-7.74434e-05
-1.67759e-05
3.97977e-06
2.18969e-05
4.63142e-05
3.02789e-05
-1.67959e-05
-8.98758e-05
-0.000106095
-0.000103883
-0.000117696
-0.000165255
-0.000177209
-0.000150254
-0.000132835
-0.000118578
-9.72404e-05
-0.000108722
-0.000154911
-0.00015142
-0.000128983
-0.000115184
-8.28634e-05
-3.92585e-05
-1.44851e-06
2.92316e-05
6.10491e-06
-5.50913e-05
-0.000127638
-0.000141925
-7.40079e-05
-8.14571e-05
-0.000216045
-0.000296289
-0.000254716
-0.000184628
-7.66804e-05
1.76411e-05
-9.51897e-06
-7.77283e-05
-6.4801e-05
-1.31612e-05
-4.32546e-06
9.02576e-06
3.54677e-05
2.02794e-05
-2.14045e-05
-9.14292e-05
-0.000107672
-0.000104324
-0.000117769
-0.000168522
-0.000184776
-0.000159365
-0.00014106
-0.000130554
-0.000110597
-0.00011314
-0.000150119
-0.000145009
-0.000115319
-0.000105316
-9.02926e-05
-6.33723e-05
-3.3223e-05
5.96203e-06
-6.48195e-06
-5.94665e-05
-0.000125077
-0.000146495
-8.91015e-05
-9.63915e-05
-0.000229555
-0.000303614
-0.000244462
-0.000162844
-6.77536e-05
1.37784e-05
-1.62007e-05
-7.20695e-05
-5.23515e-05
-6.167e-06
-8.23897e-06
-1.84789e-06
2.35361e-05
9.62458e-06
-2.65288e-05
-9.16098e-05
-0.000109732
-0.000106846
-0.000119289
-0.000165578
-0.000182524
-0.0001617
-0.000148115
-0.000144493
-0.000129373
-0.000121419
-0.00013987
-0.000135862
-0.000104943
-9.15046e-05
-8.42625e-05
-7.5398e-05
-6.52884e-05
-3.18301e-05
-3.42975e-05
-7.02181e-05
-0.000120837
-0.000143625
-0.000103152
-0.000112001
-0.000246701
-0.000312578
-0.000234524
-0.00013688
-4.83469e-05
9.32103e-06
-2.65712e-05
-7.51759e-05
-4.5201e-05
2.38927e-06
-7.68722e-06
-5.04376e-06
1.40467e-05
3.0549e-06
-3.17984e-05
-9.20162e-05
-0.000113403
-0.000112184
-0.000123267
-0.000158281
-0.000171456
-0.000156078
-0.000150828
-0.000154724
-0.000146402
-0.00013257
-0.000129894
-0.000121876
-0.00010132
-9.1531e-05
-8.45409e-05
-7.86427e-05
-8.30111e-05
-7.34485e-05
-6.8755e-05
-8.58826e-05
-0.000117031
-0.000136578
-0.000112863
-0.000125585
-0.000249775
-0.000314493
-0.000222922
-0.00011347
-2.92387e-05
1.14117e-05
-3.72068e-05
-8.10677e-05
-4.65591e-05
4.91323e-06
-1.68894e-06
-9.98355e-06
7.49683e-06
-2.19415e-06
-3.79276e-05
-8.82455e-05
-0.000116674
-0.000119658
-0.000130508
-0.000149423
-0.000153467
-0.000144142
-0.000149833
-0.000160658
-0.000158404
-0.000142714
-0.000122789
-0.000106147
-9.32765e-05
-9.45319e-05
-9.47799e-05
-8.53767e-05
-8.82467e-05
-8.81225e-05
-9.18705e-05
-9.68734e-05
-0.000107889
-0.000122468
-0.000113588
-0.000140036
-0.000250711
-0.000288806
-0.000203312
-9.04384e-05
-1.48589e-05
9.22216e-06
-4.51961e-05
-8.18377e-05
-4.90397e-05
-6.60052e-06
-6.35337e-06
-1.51669e-05
6.16591e-08
-1.01113e-05
-3.99565e-05
-8.03546e-05
-0.00011706
-0.000129394
-0.000138
-0.000139518
-0.000130354
-0.000127843
-0.000147461
-0.000165124
-0.00016632
-0.000151042
-0.000122968
-9.66319e-05
-7.7517e-05
-8.74576e-05
-0.000100524
-9.63301e-05
-9.40715e-05
-9.31758e-05
-9.56612e-05
-0.000100633
-9.26636e-05
-0.000107515
-0.00011247
-0.000145211
-0.000237611
-0.000270745
-0.000186558
-7.20285e-05
-8.90422e-06
4.37001e-06
-4.58428e-05
-6.96469e-05
-4.65353e-05
-2.58472e-05
-2.46736e-05
-2.59574e-05
-7.80346e-06
-1.69335e-05
-4.28117e-05
-8.78003e-05
-0.000123986
-0.000148149
-0.000149056
-0.000129664
-0.00010233
-0.000104262
-0.000142695
-0.000172035
-0.00017668
-0.000160861
-0.000125539
-9.06311e-05
-5.88573e-05
-7.63942e-05
-0.000103177
-0.000106462
-0.000100706
-9.6387e-05
-9.92773e-05
-0.000109565
-0.000102911
-0.00010297
-0.000110818
-0.000138016
-0.000210043
-0.000251009
-0.00017441
-6.46883e-05
-1.00743e-05
-2.46735e-06
-4.54608e-05
-5.4432e-05
-4.01574e-05
-2.71924e-05
-3.63179e-05
-3.40406e-05
-1.64989e-05
-1.56192e-05
-4.07475e-05
-9.60446e-05
-0.000147009
-0.000175456
-0.000167326
-0.000131361
-8.70544e-05
-9.64356e-05
-0.000142893
-0.000180487
-0.000182213
-0.000165529
-0.00012671
-9.09952e-05
-4.43196e-05
-6.04987e-05
-9.41973e-05
-0.000109309
-0.000108483
-0.000105094
-0.000111383
-0.000124099
-0.000111348
-0.000105588
-0.000109993
-0.000130075
-0.000191263
-0.000230165
-0.000170632
-6.29803e-05
-1.04438e-05
-2.27347e-06
-4.75321e-05
-5.282e-05
-3.32351e-05
-2.95986e-05
-4.25363e-05
-3.85393e-05
-1.60583e-05
-1.36344e-05
-3.16591e-05
-9.0993e-05
-0.000159158
-0.000200634
-0.000195361
-0.000151631
-0.000103741
-9.55229e-05
-0.00014373
-0.000177895
-0.000181471
-0.000170849
-0.000130829
-6.46595e-05
-2.73835e-05
-3.82046e-05
-7.57322e-05
-0.000104228
-0.000113812
-0.000117774
-0.00012013
-0.000133327
-0.000120789
-0.000108063
-0.0001063
-0.000123492
-0.000178244
-0.000213581
-0.000171009
-7.61487e-05
-1.24025e-05
7.0265e-06
-3.43546e-05
-5.45482e-05
-5.46898e-05
-5.18877e-05
-6.03708e-05
-4.92202e-05
-2.0462e-05
-1.01189e-05
-2.19728e-05
-8.01795e-05
-0.000159768
-0.000213374
-0.000221042
-0.000171928
-0.000117938
-0.00010133
-0.000140353
-0.000171668
-0.000174199
-0.000180467
-0.000153633
-9.50893e-05
-3.17113e-05
-3.11744e-05
-6.39616e-05
-0.000101954
-0.000120806
-0.000120958
-0.000120728
-0.000127415
-0.000125717
-0.0001061
-9.89724e-05
-0.000113464
-0.000161962
-0.000203508
-0.000176983
-9.4796e-05
-2.81066e-05
5.91002e-06
-3.13938e-05
-5.37105e-05
-8.25413e-05
-9.53887e-05
-9.1404e-05
-6.37369e-05
-2.59104e-05
-8.26052e-06
-1.59992e-05
-6.08092e-05
-0.000145584
-0.000211681
-0.000225861
-0.000182106
-0.000130159
-0.000116416
-0.000146404
-0.000168684
-0.000166226
-0.000183713
-0.000169259
-0.000128041
-6.19976e-05
-5.33505e-05
-8.12611e-05
-0.000110631
-0.00012487
-0.000123334
-0.00012181
-0.000126292
-0.000121122
-0.000100517
-9.15422e-05
-0.000107538
-0.000145439
-0.000187958
-0.000186901
-0.0001434
-7.55952e-05
-2.30565e-06
-1.13294e-06
-6.1682e-05
-9.01057e-05
-0.00011676
-0.000116105
-8.2246e-05
-4.11772e-05
-1.2209e-05
-1.61228e-05
-3.16795e-05
-0.00010977
-0.000181514
-0.000213438
-0.000188039
-0.000145937
-0.000135224
-0.000143657
-0.000153158
-0.000162392
-0.000185385
-0.000185767
-0.000149052
-0.000110194
-0.000108583
-0.000126866
-0.000143835
-0.000137346
-0.0001161
-0.000112095
-0.000124399
-0.000123389
-0.00010375
-8.95676e-05
-9.81173e-05
-0.000125012
-0.000164166
-0.00017652
-0.00016116
-0.00011176
-7.35159e-05
-4.80167e-05
-6.53608e-05
-7.03311e-05
-8.46704e-05
-8.35642e-05
-6.23166e-05
-4.22783e-05
-2.6494e-05
-2.16713e-05
-2.85715e-05
-8.05814e-05
-0.000138564
-0.00018538
-0.000186367
-0.000163514
-0.000147721
-0.000145212
-0.00014405
-0.000138829
-0.000154161
-0.000171128
-0.000167414
-0.00015252
-0.000133043
-0.000123844
-0.000112183
-0.000112361
-0.000108568
-0.000107182
-0.000122827
-0.000128586
-0.000127942
-0.000120033
-0.000115339
-0.000120901
-0.000142784
-0.000154975
-0.000147051
-0.000126589
-9.0546e-05
-5.97649e-05
-5.09092e-05
-4.39231e-05
-4.17705e-05
-3.87435e-05
-2.85157e-05
-3.61641e-05
-1.6893e-05
-2.79033e-05
-5.7712e-05
-0.000105808
-0.000139263
-0.000177451
-0.000177235
-0.000183697
-0.000160209
-0.000153081
-0.000140707
-0.000132941
-0.000126925
-0.000136986
-0.000148435
-0.000151972
-0.000144743
-0.00012227
-0.000100227
-9.63063e-05
-0.000104207
-0.000112309
-0.000130596
-0.000136003
-0.000141559
-0.00013836
-0.000132879
-0.000134451
-0.000139676
-0.000142965
-0.000134766
-0.000123851
-0.000102429
-6.85236e-05
-4.03271e-05
-3.26264e-05
-4.83671e-05
-4.13545e-05
-3.99897e-05
-2.67683e-05
-2.26528e-05
-3.2783e-05
-7.37346e-05
-0.000127807
-0.000164609
-0.000183151
-0.000178147
-0.000172489
-0.000154827
-0.000144957
-0.000136772
-0.000125203
-0.000112755
-0.000115658
-0.000130092
-0.000149839
-0.000155911
-0.000138007
-0.000114432
-0.000106316
-0.000108747
-0.00010937
-0.000114048
-0.000124229
-0.000143231
-0.00014472
-0.000136356
-0.00013215
-0.000140029
-0.000148791
-0.000145624
-0.000127391
-0.000102387
-7.6933e-05
-5.56718e-05
-3.82899e-05
-2.79146e-05
-2.82051e-05
-3.21408e-05
-2.91638e-05
-5.72377e-05
-6.6704e-05
-8.04629e-05
-0.000112331
-0.00015303
-0.000176988
-0.000170913
-0.000158051
-0.000144729
-0.000139397
-0.000138926
-0.000124476
-0.000105091
-9.35091e-05
-9.55891e-05
-0.000109337
-0.000130806
-0.00013356
-0.000124112
-0.000119092
-0.000120684
-0.000119198
-0.000121996
-0.000142812
-0.000160961
-0.000167337
-0.000154812
-0.000137998
-0.000129224
-0.000125665
-0.000120177
-0.000111066
-9.86329e-05
-7.41186e-05
-5.33697e-05
-3.32157e-05
-1.98457e-05
-1.9865e-05
-2.65767e-05
-4.12664e-05
-5.37392e-05
-7.07435e-05
-8.61053e-05
-0.000111564
-0.000138957
-0.000164275
-0.000172943
-0.000173628
-0.000162655
-0.000146454
-0.000137814
-0.000131278
-0.000118333
-0.000101241
-8.91143e-05
-8.36901e-05
-0.00010714
-0.000106492
-0.000104068
-0.00011349
-0.000130479
-0.000140234
-0.000138253
-0.000140474
-0.000146755
-0.000151054
-0.000147785
-0.000138221
-0.000128946
-0.000120084
-0.000108424
-9.50105e-05
-7.80883e-05
-6.33811e-05
-5.00652e-05
-4.49477e-05
-3.32776e-05
-2.85267e-05
-2.45685e-05
-3.56148e-05
-6.00592e-05
-7.46808e-05
-8.58747e-05
-0.00010037
-0.000114006
-0.000149056
-0.000167857
-0.000173655
-0.000166204
-0.000153897
-0.000142813
-0.000132454
-0.000119641
-0.000110829
-0.000104108
-0.000103151
-0.000108912
-0.00010878
-0.000106287
-0.000109827
-0.00011864
-0.000125948
-0.00013218
-0.000137696
-0.000142615
-0.000137044
-0.000130446
-0.000125032
-0.000121491
-0.000115405
-0.000105237
-9.30921e-05
-7.71088e-05
-5.74695e-05
-4.91125e-05
-5.22395e-05
-4.68217e-05
-4.26e-05
-4.12141e-05
-4.43117e-05
-3.43202e-05
-6.52504e-05
-0.000116003
-0.000140273
-0.000130565
-0.000113181
-0.000106868
-0.000130753
-0.000161351
-0.00016367
-0.000119655
-6.3698e-05
-4.15524e-05
-7.04511e-05
-0.000113968
-0.000129639
-0.000122161
-7.54743e-05
-1.91731e-05
4.06033e-06
8.36966e-06
-1.52708e-05
-6.90346e-05
-0.000129457
-0.000111385
-3.40301e-05
-4.62634e-05
-0.000198749
-0.000307373
-0.000266094
-0.000141012
-2.73749e-07
8.39525e-05
2.4399e-05
-1.31486e-06
6.0071e-05
6.88947e-05
-5.61092e-06
-5.51485e-05
-5.43617e-05
-3.47449e-05
-6.54594e-05
-0.000115963
-0.000140177
-0.000130628
-0.000113437
-0.000106874
-0.000130448
-0.000161715
-0.000164395
-0.000119856
-6.35676e-05
-4.13159e-05
-6.9954e-05
-0.000113689
-0.00012939
-0.00012286
-7.60109e-05
-1.94021e-05
4.17615e-06
8.71708e-06
-1.49075e-05
-6.92645e-05
-0.000131541
-0.000113438
-3.47974e-05
-4.55454e-05
-0.000198768
-0.000308404
-0.000267123
-0.000142438
-6.06707e-07
8.46454e-05
2.38048e-05
-2.81701e-06
6.02385e-05
7.00342e-05
-5.33774e-06
-5.58444e-05
-5.53591e-05
-3.55176e-05
-6.62788e-05
-0.000116179
-0.000139714
-0.000130633
-0.00011378
-0.0001071
-0.000130147
-0.000162625
-0.000165504
-0.000119902
-6.28772e-05
-4.07803e-05
-6.86652e-05
-0.00011286
-0.000128785
-0.000123297
-7.65276e-05
-1.92223e-05
4.42631e-06
9.47624e-06
-1.42476e-05
-6.96696e-05
-0.000133669
-0.000116071
-3.5868e-05
-4.55858e-05
-0.000199588
-0.000310497
-0.000269247
-0.000146562
-3.25273e-06
8.60478e-05
2.34552e-05
-5.05991e-06
6.12823e-05
7.16693e-05
-5.20548e-06
-5.75366e-05
-5.78969e-05
-3.57864e-05
-6.73709e-05
-0.000117503
-0.000141073
-0.000132069
-0.00011439
-0.000108063
-0.000129608
-0.000164015
-0.000167026
-0.000120145
-6.18817e-05
-4.03115e-05
-6.68682e-05
-0.000111163
-0.000127266
-0.000123455
-7.63826e-05
-1.84456e-05
4.76735e-06
1.04319e-05
-1.33561e-05
-7.01225e-05
-0.000133588
-0.000117452
-3.6062e-05
-4.5551e-05
-0.000201246
-0.000314449
-0.000273077
-0.000154397
-8.93368e-06
8.13985e-05
2.15701e-05
-7.53688e-06
6.46194e-05
7.39858e-05
-6.12322e-06
-5.94408e-05
-6.12855e-05
-3.81306e-05
-7.05732e-05
-0.000120339
-0.000143131
-0.000135904
-0.000120817
-0.000111023
-0.000127427
-0.000161896
-0.000168239
-0.000122858
-6.20028e-05
-4.08205e-05
-6.51241e-05
-0.000108409
-0.000126813
-0.000123551
-7.51172e-05
-1.69718e-05
4.22731e-06
1.03705e-05
-1.41094e-05
-7.13414e-05
-0.000135
-0.000118744
-3.46219e-05
-4.47067e-05
-0.000202738
-0.000316985
-0.000277454
-0.000164071
-2.38742e-05
6.51997e-05
9.33476e-06
-1.74711e-05
6.74655e-05
7.76358e-05
-8.07762e-06
-6.23398e-05
-6.23776e-05
-4.57093e-05
-7.81055e-05
-0.000126785
-0.000147471
-0.000139794
-0.000128833
-0.000118182
-0.000126029
-0.000154806
-0.000163229
-0.000128218
-7.2501e-05
-4.55015e-05
-6.46459e-05
-0.000102641
-0.000124987
-0.00012369
-7.48499e-05
-1.43034e-05
1.20451e-06
7.68954e-06
-1.81727e-05
-7.81553e-05
-0.000141668
-0.00012262
-3.36664e-05
-4.2957e-05
-0.000205268
-0.000318251
-0.000277033
-0.000172039
-4.21621e-05
3.84785e-05
-1.32799e-05
-3.69964e-05
6.37891e-05
7.96377e-05
-1.03814e-05
-6.92888e-05
-6.52329e-05
-5.20607e-05
-8.66938e-05
-0.000137373
-0.000155335
-0.000145405
-0.000135376
-0.000125659
-0.000125192
-0.000148268
-0.000158048
-0.000130288
-8.38454e-05
-6.23174e-05
-7.31282e-05
-9.80963e-05
-0.000111275
-0.000115112
-7.58859e-05
-1.6663e-05
-1.54491e-06
2.49755e-07
-2.67569e-05
-8.72626e-05
-0.000153072
-0.000129731
-3.2505e-05
-3.99527e-05
-0.000208566
-0.000318951
-0.000270212
-0.00017688
-6.08039e-05
9.14816e-06
-4.10344e-05
-6.60922e-05
4.97077e-05
7.91302e-05
-1.4348e-05
-7.76791e-05
-7.26787e-05
-5.68965e-05
-9.72144e-05
-0.00014761
-0.000166267
-0.000152866
-0.000140543
-0.000132045
-0.000126828
-0.000139764
-0.000156292
-0.000138492
-0.000102613
-7.82245e-05
-8.38649e-05
-0.000103727
-0.00010421
-0.000100275
-6.87472e-05
-1.9369e-05
-8.0643e-06
-8.39748e-06
-3.53139e-05
-9.10789e-05
-0.000161399
-0.000131453
-3.17783e-05
-3.89385e-05
-0.000212659
-0.000323307
-0.000258193
-0.000171694
-6.96505e-05
-9.88914e-06
-6.29268e-05
-9.80212e-05
2.76676e-05
7.23256e-05
-2.47605e-05
-8.4031e-05
-7.73999e-05
-5.29778e-05
-9.62386e-05
-0.000153298
-0.000173121
-0.000159561
-0.000143796
-0.000135814
-0.000131786
-0.000138761
-0.000157329
-0.000153049
-0.000128142
-0.000102735
-9.35049e-05
-0.000108437
-0.000106172
-9.8839e-05
-6.6409e-05
-2.36711e-05
-1.92578e-05
-2.18838e-05
-4.5118e-05
-8.71104e-05
-0.000144028
-0.000121616
-3.03994e-05
-4.08112e-05
-0.000216307
-0.00033239
-0.00024579
-0.000159599
-6.87008e-05
-1.46684e-05
-6.96895e-05
-0.000105315
1.1349e-05
6.0389e-05
-3.49167e-05
-9.07575e-05
-7.73587e-05
-4.3803e-05
-8.83509e-05
-0.000153215
-0.000175591
-0.000164658
-0.000144886
-0.000137069
-0.000138657
-0.000143701
-0.000160716
-0.000166915
-0.000148399
-0.000127046
-0.000108435
-0.000112215
-0.000108752
-0.000101571
-7.05282e-05
-3.67126e-05
-3.35087e-05
-3.88263e-05
-5.67331e-05
-8.34212e-05
-9.68585e-05
-0.000105937
-3.27296e-05
-3.99759e-05
-0.000220033
-0.000337183
-0.000232956
-0.000153325
-6.61025e-05
-2.39534e-06
-5.68822e-05
-9.57075e-05
2.34034e-06
4.43917e-05
-4.76935e-05
-9.84885e-05
-7.81744e-05
-3.69842e-05
-7.86588e-05
-0.000146301
-0.000175264
-0.000168372
-0.000143436
-0.000137147
-0.00014514
-0.000150936
-0.000164616
-0.000172586
-0.00016072
-0.000140145
-0.000119141
-0.000116773
-0.000113025
-0.000105879
-7.83115e-05
-4.18029e-05
-4.12878e-05
-4.9442e-05
-6.96519e-05
-8.88634e-05
-9.18681e-05
-9.69893e-05
-3.56713e-05
-4.60893e-05
-0.000237111
-0.000340876
-0.000225643
-0.00014319
-6.06429e-05
9.58443e-06
-4.0387e-05
-7.83692e-05
3.02372e-06
3.24359e-05
-5.00741e-05
-9.47673e-05
-8.12246e-05
-3.49932e-05
-7.2158e-05
-0.000145323
-0.000174355
-0.000166643
-0.000134845
-0.000132744
-0.000147564
-0.000157946
-0.000166945
-0.000173804
-0.000168672
-0.000147862
-0.00012084
-0.000113168
-0.000116667
-0.000116673
-9.11084e-05
-5.12982e-05
-4.8342e-05
-5.67923e-05
-8.09948e-05
-9.33848e-05
-9.57838e-05
-0.000101815
-5.54544e-05
-4.98309e-05
-0.000234795
-0.000338082
-0.000248539
-0.000154412
-3.55683e-05
2.96226e-05
-2.60112e-05
-6.10078e-05
1.16501e-05
3.06246e-05
-4.9441e-05
-8.79965e-05
-8.50374e-05
-3.37787e-05
-7.1892e-05
-0.000161733
-0.000177026
-0.000160209
-0.000120683
-0.000121688
-0.000139335
-0.000160387
-0.000166737
-0.000173398
-0.000175389
-0.00015454
-0.000117568
-9.92337e-05
-0.000108694
-0.000129049
-0.000112455
-7.08677e-05
-6.26396e-05
-7.03441e-05
-9.28018e-05
-9.41886e-05
-7.58738e-05
-8.76093e-05
-8.25542e-05
-7.92579e-05
-0.00022102
-0.000299143
-0.000246803
-0.00018766
-4.79203e-05
2.75168e-05
-2.07904e-05
-3.20194e-05
3.02956e-05
3.4067e-05
-4.35278e-05
-7.89556e-05
-8.77173e-05
-2.43286e-05
-5.66164e-05
-0.00015574
-0.000187127
-0.000162002
-0.000110667
-0.000113028
-0.000116529
-0.000151088
-0.000162655
-0.00017778
-0.000185841
-0.000162033
-0.000106625
-6.94534e-05
-8.77287e-05
-0.000131892
-0.000131225
-9.68629e-05
-8.82156e-05
-9.16096e-05
-0.000106598
-9.84533e-05
-5.67499e-05
-6.11007e-05
-8.0972e-05
-0.000108447
-0.000185772
-0.000252083
-0.000188063
-0.000177589
-0.000105004
-3.90885e-05
-3.66843e-05
-1.00291e-05
4.35874e-05
3.33396e-05
-3.49597e-05
-6.89241e-05
-4.54132e-05
-1.59434e-05
-3.0924e-05
-0.000126941
-0.000176488
-0.000172649
-0.000131384
-0.000129121
-0.0001236
-0.00013286
-0.000158929
-0.00018047
-0.000191246
-0.000171056
-0.000109072
-5.07451e-05
-5.16117e-05
-9.30368e-05
-0.000111496
-0.000110647
-0.000113801
-0.000110784
-0.000119371
-0.000102244
-6.10516e-05
-6.5547e-05
-7.54421e-05
-0.000122363
-0.000181833
-0.000239075
-0.000149184
-0.000104058
-0.000110908
-8.75841e-05
-4.67388e-05
-1.25978e-05
3.14796e-05
1.66822e-05
-2.86584e-05
-5.56449e-05
-2.88008e-05
-1.05118e-06
5.3791e-06
-7.89729e-05
-0.0001628
-0.000185388
-0.000172072
-0.000152801
-0.000129393
-0.00013067
-0.00015984
-0.000188877
-0.000195706
-0.000175818
-0.000110477
-4.41261e-05
-4.68847e-05
-8.00115e-05
-0.000101822
-0.000112503
-0.000120774
-0.000121407
-0.000130155
-0.000111233
-0.00011118
-7.15903e-05
-8.19329e-05
-0.000132048
-0.000171726
-0.000229459
-0.000159578
-8.45438e-05
-9.03375e-05
-9.15143e-05
-5.83592e-05
-2.94506e-05
-4.79551e-06
-4.62396e-06
-1.75873e-05
-3.93053e-05
-1.52848e-05
8.44846e-06
3.04462e-05
-3.33388e-05
-0.000132334
-0.000185604
-0.000187319
-0.000154244
-0.000128569
-0.000132532
-0.000156714
-0.000183869
-0.000201751
-0.000206588
-0.000155685
-8.0517e-05
-7.34622e-05
-9.67789e-05
-0.000124895
-0.000123119
-0.000113932
-0.000129678
-0.000139821
-0.00012816
-0.000110281
-6.80068e-05
-7.66935e-05
-0.000130119
-0.000170098
-0.000220153
-0.00018297
-0.000113598
-9.6395e-05
-7.79219e-05
-3.44282e-05
-1.60126e-05
-2.38778e-05
-3.4362e-05
-4.82706e-05
-4.85856e-05
-2.35402e-05
-2.52006e-05
3.11487e-05
2.21788e-06
-0.000106267
-0.00017606
-0.000190388
-0.00016128
-0.000136377
-0.000144133
-0.000161743
-0.000179998
-0.000202179
-0.000211865
-0.000179672
-0.000128182
-0.000128536
-0.000143489
-0.000164137
-0.000161169
-0.000122801
-0.000120146
-0.000127325
-0.000131659
-9.41179e-05
-6.71632e-05
-6.59955e-05
-0.000113475
-0.000171556
-0.000226143
-0.00021613
-0.000145708
-0.000100189
-6.88266e-05
-4.05224e-05
-4.78887e-05
-4.43426e-05
-6.54152e-05
-8.6033e-05
-9.10904e-05
-7.54595e-05
-5.86214e-05
1.07997e-05
1.94136e-05
-9.42198e-05
-0.000178154
-0.000209364
-0.000191139
-0.000155273
-0.000143312
-0.000145505
-0.000152755
-0.00017175
-0.000189204
-0.000177438
-0.000144167
-0.000143391
-0.000165075
-0.00018202
-0.000169233
-0.000122803
-7.93919e-05
-9.55704e-05
-0.000115096
-9.42407e-05
-8.51039e-05
-8.65222e-05
-0.000100666
-0.000137541
-0.000204107
-0.000224344
-0.000190083
-0.000141843
-0.000106371
-7.00301e-05
-3.33183e-05
-9.69467e-06
-3.50943e-05
-6.87683e-05
-8.87527e-05
-0.000110253
-5.58695e-05
-2.88845e-05
-1.89796e-05
-8.43005e-05
-0.000167769
-0.000223893
-0.000228022
-0.000193337
-0.000170239
-0.00015412
-0.000134003
-0.000134205
-0.000154815
-0.000161904
-0.000157006
-0.000168974
-0.000179536
-0.000132966
-9.6463e-05
-8.73219e-05
-8.29305e-05
-9.24416e-05
-0.00010298
-0.000116152
-0.000108918
-0.000118179
-0.000126469
-0.000147197
-0.000175301
-0.000201372
-0.000201871
-0.000174506
-0.000130597
-8.95372e-05
-3.95141e-05
-1.05066e-05
-7.77901e-06
-2.83803e-05
-4.77397e-05
-6.31482e-05
-4.88244e-05
-4.21603e-05
-6.60321e-05
-0.000117807
-0.000173593
-0.000223638
-0.000278763
-0.00020408
-0.000166235
-0.000150719
-0.000128607
-0.000123814
-0.000140319
-0.000161036
-0.000167153
-0.000169527
-0.000162334
-0.000116059
-6.65983e-05
-5.51408e-05
-7.62044e-05
-9.93729e-05
-0.00011126
-0.000119742
-0.000130759
-0.000141256
-0.000146257
-0.000154203
-0.000180666
-0.000211174
-0.000191759
-0.000164054
-0.000128191
-7.61448e-05
-3.76729e-05
-8.61552e-06
1.33058e-05
-1.52368e-05
-2.79993e-05
-3.23346e-05
-2.00036e-05
-4.0427e-05
-8.82798e-05
-0.00013845
-0.000174543
-0.000195835
-0.000209755
-0.000202451
-0.000161244
-0.000135155
-9.63235e-05
-8.80044e-05
-9.74541e-05
-0.000129837
-0.000159152
-0.000182339
-0.000184636
-0.000151672
-0.000103689
-8.07371e-05
-9.01363e-05
-0.000105128
-0.000118117
-0.000124509
-0.000143015
-0.000150801
-0.000148652
-0.000148528
-0.000160925
-0.000177652
-0.000183868
-0.000153404
-0.000117837
-7.85401e-05
-5.05262e-05
-3.45258e-05
-6.36312e-06
-1.4403e-05
-1.78047e-05
-1.73913e-05
-4.86673e-05
-6.01495e-05
-8.14386e-05
-0.000112916
-0.000151542
-0.000177897
-0.000185216
-0.00017538
-0.000147253
-0.00014771
-0.000147075
-9.60383e-05
-7.61341e-05
-8.8693e-05
-0.000120907
-0.000157523
-0.00016422
-0.000153126
-0.000127728
-0.000114956
-0.000120215
-0.000128012
-0.00014461
-0.000163652
-0.000177727
-0.000184691
-0.000169925
-0.00014778
-0.000139853
-0.000142508
-0.000139415
-0.000125927
-0.000102879
-7.25226e-05
-4.80226e-05
-2.98283e-05
-1.86485e-05
-1.75744e-05
-2.46724e-05
-3.44878e-05
-4.73946e-05
-6.30197e-05
-8.68844e-05
-0.000126198
-0.000151363
-0.000166022
-0.000176815
-0.000177694
-0.000176867
-0.000148154
-0.000141236
-0.000135427
-0.00011207
-0.000102299
-0.000107267
-0.000141455
-0.000139882
-0.000118687
-0.000103203
-0.000106126
-0.00012563
-0.000139036
-0.000129653
-0.000136541
-0.000143947
-0.000152789
-0.00015417
-0.000147141
-0.000139142
-0.000132969
-0.000123121
-0.000108602
-8.77508e-05
-6.61572e-05
-5.18764e-05
-4.97235e-05
-3.99908e-05
-2.98506e-05
-2.29875e-05
-3.01844e-05
-4.46494e-05
-5.72974e-05
-7.28571e-05
-8.58242e-05
-0.000122524
-0.000148693
-0.000167062
-0.000172279
-0.00017359
-0.000163603
-0.000153728
-0.000139371
-0.000120549
-0.000104966
-0.000100899
-0.000109156
-0.000121876
-0.00011858
-0.000110287
-0.000113629
-0.000124655
-0.000130643
-0.000130628
-0.000138149
-0.000142776
-0.000134045
-0.00012419
-0.000121459
-0.000121019
-0.000117194
-0.000108613
-9.75376e-05
-8.00972e-05
-5.59456e-05
-4.40054e-05
-4.15566e-05
-4.29462e-05
-4.07084e-05
-2.46715e-05
-3.13485e-05
-8.8783e-06
-9.28834e-05
-0.000166224
-0.000171511
-0.000133207
-0.000113777
-0.000111182
-0.000122877
-0.000163042
-0.000197615
-0.000173461
-0.0001133
-0.000107942
-0.000143587
-0.000154378
-0.000126201
-9.38648e-05
-6.48616e-05
-4.01964e-05
-1.24386e-05
-2.11781e-05
-3.58483e-05
-4.98167e-05
-6.29372e-05
-5.58827e-05
-4.08723e-05
-0.000126023
-0.000294335
-0.000364297
-0.000238632
-1.36497e-05
0.000161437
0.000115076
-1.61227e-05
-4.09826e-05
4.24193e-05
9.5459e-05
7.87085e-05
5.01761e-05
3.24437e-05
-7.43861e-06
-9.27722e-05
-0.000167054
-0.000172225
-0.000132966
-0.000113118
-0.000110743
-0.000122388
-0.00016284
-0.000197906
-0.000173977
-0.000112769
-0.000107401
-0.000143782
-0.000155429
-0.000126622
-9.38258e-05
-6.48715e-05
-4.03887e-05
-1.2518e-05
-2.08643e-05
-3.57216e-05
-5.02409e-05
-6.29679e-05
-5.59422e-05
-3.98532e-05
-0.000125532
-0.000296223
-0.000369003
-0.000242555
-1.42761e-05
0.000164342
0.000119306
-1.62731e-05
-4.20786e-05
4.19051e-05
9.50529e-05
7.81481e-05
5.02636e-05
3.33356e-05
-5.80801e-06
-9.35968e-05
-0.000169169
-0.000173138
-0.000132063
-0.000111949
-0.000110301
-0.000122123
-0.000162973
-0.000198596
-0.000174673
-0.000111724
-0.000106284
-0.000144591
-0.000157341
-0.000127345
-9.32248e-05
-6.44792e-05
-4.07215e-05
-1.26032e-05
-2.02962e-05
-3.57193e-05
-5.1231e-05
-6.31049e-05
-5.54983e-05
-3.84612e-05
-0.000125079
-0.000300307
-0.000375783
-0.000249366
-1.4955e-05
0.000171733
0.000125262
-1.53546e-05
-4.28314e-05
4.14093e-05
9.39399e-05
7.67015e-05
5.0767e-05
3.54797e-05
-4.59289e-06
-9.62242e-05
-0.000172505
-0.000177247
-0.000132924
-0.000111065
-0.000109669
-0.000121748
-0.00016375
-0.000199869
-0.000174967
-0.000110549
-0.000104531
-0.000145951
-0.00015973
-0.000127592
-9.21336e-05
-6.4007e-05
-4.13225e-05
-1.28642e-05
-1.9916e-05
-3.63496e-05
-5.33242e-05
-6.50176e-05
-5.44706e-05
-3.71051e-05
-0.000125232
-0.000303805
-0.000382077
-0.000258322
-1.89652e-05
0.000178061
0.000134069
-1.65602e-05
-4.50015e-05
4.13242e-05
9.21256e-05
7.28192e-05
5.1151e-05
3.87146e-05
-4.01383e-06
-0.000100408
-0.000177403
-0.000180872
-0.000138709
-0.000115547
-0.000113177
-0.000121658
-0.00016219
-0.000199948
-0.00017626
-0.000109686
-0.000102394
-0.000148802
-0.00016251
-0.000126684
-9.05673e-05
-6.38108e-05
-4.34738e-05
-1.44514e-05
-2.0688e-05
-3.86998e-05
-5.84948e-05
-6.72676e-05
-5.15791e-05
-3.41954e-05
-0.000125928
-0.000306303
-0.000384787
-0.000266319
-3.5539e-05
0.000176588
0.000154686
-1.46465e-05
-4.77997e-05
4.2403e-05
8.96689e-05
6.63568e-05
4.82549e-05
4.26351e-05
5.6069e-07
-0.000103808
-0.000183301
-0.000186167
-0.000142698
-0.00012517
-0.000120968
-0.000124858
-0.000159796
-0.000196335
-0.000176014
-0.00011022
-0.000100863
-0.000148354
-0.000163853
-0.00012519
-9.30121e-05
-6.83393e-05
-4.69875e-05
-1.7619e-05
-2.25672e-05
-4.24902e-05
-6.70989e-05
-7.111e-05
-4.47014e-05
-2.32935e-05
-0.000126166
-0.000312696
-0.000386954
-0.00026752
-5.38754e-05
0.000155832
0.000153208
-1.429e-05
-4.66089e-05
4.64799e-05
8.74096e-05
5.92765e-05
4.40375e-05
4.06517e-05
4.08334e-07
-0.000103336
-0.000187074
-0.000193071
-0.000149025
-0.000132494
-0.000135108
-0.000131874
-0.000157334
-0.000189205
-0.000175076
-0.000112052
-9.95969e-05
-0.000154331
-0.000167212
-0.000119082
-9.025e-05
-7.49063e-05
-5.25473e-05
-2.7241e-05
-2.76341e-05
-4.25093e-05
-7.20455e-05
-7.12866e-05
-3.2599e-05
-2.10871e-06
-0.000120337
-0.000325893
-0.000394196
-0.000265361
-6.96261e-05
0.000128266
0.000137
-2.45246e-05
-4.73794e-05
5.25117e-05
8.53405e-05
5.0482e-05
3.56628e-05
3.90528e-05
3.50851e-06
-9.84062e-05
-0.000185703
-0.000197598
-0.000156897
-0.000144558
-0.000148739
-0.000140111
-0.000155638
-0.000188604
-0.000177228
-0.000118222
-9.63378e-05
-0.000148941
-0.000169703
-0.000122802
-8.62494e-05
-7.74243e-05
-5.83676e-05
-4.1797e-05
-3.73598e-05
-4.31711e-05
-5.71347e-05
-5.67128e-05
-1.29047e-05
2.47596e-05
-0.000105597
-0.000349769
-0.000412732
-0.000264321
-8.60459e-05
0.000100021
0.000113109
-4.05627e-05
-5.33178e-05
5.09265e-05
7.91005e-05
3.62884e-05
2.6175e-05
4.23343e-05
1.41852e-05
-9.19063e-05
-0.000182013
-0.000199259
-0.000163648
-0.000160372
-0.000170226
-0.000154884
-0.000157059
-0.000180156
-0.000179221
-0.000133312
-9.70258e-05
-0.000140802
-0.000165483
-0.000129545
-8.8401e-05
-8.40314e-05
-6.79712e-05
-5.50317e-05
-5.23344e-05
-5.14254e-05
-4.64216e-05
-3.17858e-05
9.68035e-06
4.33243e-05
-9.98141e-05
-0.00038456
-0.000449181
-0.000275386
-0.000107599
6.76397e-05
8.74688e-05
-5.51982e-05
-6.32067e-05
4.01887e-05
6.39074e-05
1.76339e-05
1.58316e-05
5.21048e-05
3.22846e-05
-8.02415e-05
-0.000175966
-0.000199289
-0.000167828
-0.00017519
-0.000197115
-0.000180143
-0.000164903
-0.000169356
-0.000175689
-0.000155278
-0.000111425
-0.000134608
-0.000161548
-0.000131329
-9.89903e-05
-9.4786e-05
-8.2357e-05
-6.63125e-05
-6.11218e-05
-5.91762e-05
-4.40657e-05
-1.02499e-05
2.20825e-05
4.29022e-05
-0.000107501
-0.000419816
-0.000482955
-0.000310971
-0.000150614
3.77197e-05
7.11141e-05
-6.53692e-05
-7.77269e-05
2.29088e-05
4.69769e-05
6.74434e-06
1.07151e-05
6.92617e-05
5.48198e-05
-6.51648e-05
-0.000171503
-0.000198909
-0.000170958
-0.000185716
-0.000220074
-0.000209895
-0.000179357
-0.000160185
-0.000164007
-0.000170102
-0.000139265
-0.000138033
-0.000154863
-0.00012067
-0.000113479
-0.000109263
-9.77728e-05
-7.41451e-05
-6.07348e-05
-6.44301e-05
-4.63779e-05
3.4663e-07
2.83479e-05
3.54688e-05
-0.000119611
-0.000418702
-0.000449677
-0.000315293
-0.000211418
-1.43766e-05
4.87437e-05
-7.75328e-05
-9.4484e-05
4.13089e-06
3.78337e-05
2.91323e-06
1.88078e-05
9.67339e-05
7.94689e-05
-4.89596e-05
-0.000162953
-0.000196549
-0.000171967
-0.000192628
-0.000234806
-0.000233165
-0.000194814
-0.000157451
-0.000145639
-0.000173206
-0.000167173
-0.000149619
-0.000147795
-9.95581e-05
-0.000123098
-0.000140033
-0.000120491
-8.5424e-05
-5.59723e-05
-6.78913e-05
-5.44123e-05
-1.73975e-05
2.55715e-05
3.24178e-05
-0.000124429
-0.000395571
-0.000399352
-0.000276494
-0.000193248
-2.41212e-05
4.37305e-06
-0.000114566
-0.000114924
-1.21511e-05
5.34915e-05
1.54548e-05
4.24495e-05
0.000137241
0.000106628
-3.286e-05
-0.000151135
-0.000191181
-0.000170154
-0.000196292
-0.00024152
-0.000247397
-0.000206692
-0.000159474
-0.00014627
-0.000178954
-0.000182223
-0.00015559
-0.000124028
-7.39646e-05
-0.000124395
-0.00018854
-0.00016044
-0.000107331
-4.82058e-05
-7.45212e-05
-6.99038e-05
-3.18448e-05
-1.97919e-06
8.3773e-06
-0.000125307
-0.000301853
-0.000348053
-0.000219349
-9.2453e-05
-5.87376e-06
-4.81543e-05
-0.000146506
-0.000131888
-4.15088e-05
2.25351e-05
1.28646e-05
6.13379e-05
0.000160031
0.000125603
-9.32521e-06
-0.000136125
-0.000180312
-0.000173047
-0.000202926
-0.000234655
-0.000237132
-0.000194291
-0.000164014
-0.000155574
-0.000194618
-0.000189159
-0.000148208
-9.48689e-05
-6.63816e-05
-0.000113176
-0.000220233
-0.000210071
-0.000149869
-5.32092e-05
-7.4427e-05
-9.05825e-05
-5.93943e-05
-2.11973e-05
3.18169e-06
-0.000107692
-0.000286868
-0.000327123
-0.000176649
-5.06127e-05
-3.08403e-05
-9.01649e-05
-0.000141076
-0.000121269
-6.55807e-05
-2.48487e-05
-3.57448e-05
2.20971e-05
0.000125984
0.000110777
1.54568e-05
-0.000109788
-0.000166045
-0.000191588
-0.000231214
-0.000215387
-0.000183328
-0.000158503
-0.000157711
-0.000189069
-0.000209969
-0.000199149
-0.000152499
-8.95799e-05
-6.87874e-05
-0.000113316
-0.000200665
-0.000226528
-0.000156575
-7.12101e-05
-8.70308e-05
-9.71454e-05
-8.80739e-05
-4.90453e-05
-1.0023e-06
-9.43847e-05
-0.000277292
-0.000337944
-0.000204479
-7.86113e-05
-5.84365e-05
-8.1439e-05
-8.41113e-05
-9.42997e-05
-9.52176e-05
-7.74009e-05
-8.87321e-05
-2.69595e-05
7.55143e-05
9.74327e-05
4.22998e-05
-8.87284e-05
-0.000164176
-0.000214472
-0.000256124
-0.000215532
-0.000150371
-0.000126759
-0.000152832
-0.000182365
-0.000209487
-0.000197112
-0.000146887
-9.34024e-05
-0.000114311
-0.000134188
-0.000197169
-0.000218092
-0.000154514
-9.82996e-05
-0.0001247
-0.000118684
-0.000121161
-4.91425e-05
-8.07931e-06
-8.2136e-05
-0.000260023
-0.000367231
-0.000227052
-7.93533e-05
-3.87343e-05
-5.85426e-05
-4.59265e-05
-8.05868e-05
-8.808e-05
-0.00012148
-0.000159619
-7.84815e-05
3.64234e-05
6.3827e-05
3.22037e-05
-8.00554e-05
-0.000158418
-0.000209559
-0.000248903
-0.000224655
-0.000150801
-0.000124525
-0.000148313
-0.00018255
-0.000212478
-0.000203095
-0.000156124
-0.000125445
-0.000159426
-0.000146035
-0.00018179
-0.00021433
-0.000165931
-0.000113862
-0.000135792
-0.000123496
-0.000124744
-7.39575e-05
-2.92042e-05
-8.75515e-05
-0.000232859
-0.000394005
-0.000314051
-0.000137591
-7.54608e-05
-7.26843e-05
-4.56317e-05
-3.90509e-05
-6.00371e-05
-0.000110628
-0.000168737
-0.000112787
-9.19207e-06
2.0433e-05
1.99274e-05
-8.21325e-05
-0.000161
-0.000215283
-0.000236277
-0.000204842
-0.000149314
-0.000135828
-0.000151634
-0.000178143
-0.00019682
-0.000203319
-0.000164833
-0.000148703
-0.00019176
-0.000210551
-0.000182184
-0.00019114
-0.00013229
-9.12564e-05
-0.000104475
-0.000116402
-8.76968e-05
-8.07951e-05
-7.22426e-05
-0.000105429
-0.000202383
-0.00038636
-0.000339024
-0.000207773
-0.000149612
-0.000140351
-9.38919e-05
-5.3193e-05
-4.97599e-05
-9.45012e-05
-0.000153756
-0.00014547
-5.12622e-05
-1.6338e-05
-1.7382e-05
-0.000134233
-0.000178989
-0.000221034
-0.000238174
-0.000215937
-0.000160883
-0.000138943
-0.00013889
-0.000159226
-0.000179122
-0.000179542
-0.000156717
-0.000146424
-0.000177978
-0.000180753
-0.000152847
-0.000127772
-8.61786e-05
-4.258e-05
-8.67498e-05
-0.000118973
-8.5581e-05
-5.60968e-05
-7.75815e-05
-0.000108369
-0.000152512
-0.000269936
-0.000307372
-0.000264528
-0.000211951
-0.000180524
-0.000126591
-7.34918e-05
-5.20059e-05
-6.76093e-05
-0.000121683
-0.000119038
-6.2961e-05
-1.66473e-05
-3.30598e-05
-9.89201e-05
-0.000165391
-0.000210716
-0.000230584
-0.000203389
-0.00016648
-0.000148428
-0.000148384
-0.000156659
-0.000164187
-0.000161639
-0.000141011
-0.000138498
-0.000181852
-0.000186734
-0.000118085
-7.50503e-05
-8.57081e-05
-8.80176e-05
-9.91359e-05
-0.000111539
-9.83515e-05
-8.98491e-05
-0.000107935
-0.000125461
-0.000128939
-0.000136106
-0.000206748
-0.000230672
-0.000211365
-0.000174706
-0.000130957
-5.3145e-05
-2.94453e-05
2.14266e-06
-5.14309e-05
-8.17157e-05
-3.42429e-05
8.5098e-06
-2.26833e-05
-9.85433e-05
-0.000169957
-0.000211965
-0.000230593
-0.000177206
-0.000120141
-9.82453e-05
-0.000116838
-0.00014197
-0.000161986
-0.000169701
-0.000166336
-0.00015914
-0.000172276
-0.000181582
-0.000118949
-4.66922e-05
-2.246e-05
-7.12306e-05
-0.000104058
-0.000125773
-0.000124936
-0.000127152
-0.000137191
-0.000151182
-0.0001622
-0.000173531
-0.000176925
-0.000182716
-0.00016559
-0.000134559
-8.71818e-05
-4.74602e-05
-1.53306e-05
7.16057e-06
-1.97137e-05
-4.15056e-05
1.05131e-06
1.80778e-05
-2.34711e-05
-9.57516e-05
-0.000173638
-0.000206661
-0.000218269
-0.000197781
-0.000123014
-8.64412e-05
-9.69264e-05
-0.00013319
-0.000152782
-0.000153663
-0.000167176
-0.000187029
-0.00020562
-0.000209836
-0.000164423
-9.15499e-05
-5.33674e-05
-7.63159e-05
-0.000115284
-0.000150614
-0.000161775
-0.000161486
-0.000161342
-0.000158934
-0.000160396
-0.000163407
-0.000175316
-0.000162815
-0.000164416
-0.000123726
-8.02714e-05
-5.02382e-05
-3.00309e-05
-1.94239e-05
-1.36337e-05
-1.92777e-05
-1.33534e-06
-3.49776e-05
-5.13501e-05
-8.79411e-05
-0.00015082
-0.000179019
-0.000185504
-0.000173822
-0.000137874
-8.22006e-05
-8.78445e-05
-0.000122808
-0.000159135
-0.000155106
-0.000159571
-0.000170143
-0.000184756
-0.00018156
-0.000165121
-0.000118648
-9.44034e-05
-0.000100754
-0.00012091
-0.000164911
-0.000176347
-0.000197989
-0.000199331
-0.000184042
-0.000162638
-0.000152256
-0.000149222
-0.000138935
-0.000128096
-0.000103756
-7.36041e-05
-4.90851e-05
-3.63173e-05
-3.12599e-05
-2.53238e-05
-2.92624e-05
-1.62937e-05
-4.28999e-05
-4.26377e-05
-8.52176e-05
-0.000142054
-0.000157364
-0.000168326
-0.000174753
-0.000171305
-0.000153587
-0.000132104
-0.000129723
-0.000136845
-0.000136903
-0.000139435
-0.000143965
-0.000161139
-0.000168262
-0.000110252
-8.27164e-05
-7.57593e-05
-9.14498e-05
-0.000106133
-9.46738e-05
-0.000127296
-0.000146793
-0.000164504
-0.00017347
-0.000171819
-0.00016375
-0.000157435
-0.00014673
-0.000131872
-0.000106723
-7.78441e-05
-5.63402e-05
-4.91236e-05
-4.21371e-05
-3.1084e-05
-2.70788e-05
-3.23425e-05
-3.91851e-05
-5.08985e-05
-6.746e-05
-7.3768e-05
-0.000116347
-0.00014284
-0.000163553
-0.000171871
-0.000165085
-0.000156326
-0.000153645
-0.000142577
-0.000129059
-0.000113145
-0.000112683
-0.000121664
-0.000144146
-0.000129381
-9.82233e-05
-9.6071e-05
-0.000109136
-0.000118189
-0.000112609
-0.000121673
-0.00012798
-0.000115974
-0.000108328
-0.000117803
-0.000129773
-0.00013203
-0.000124608
-0.000112439
-9.48914e-05
-7.24981e-05
-5.61111e-05
-5.20257e-05
-5.17941e-05
-4.12823e-05
-2.81939e-05
-2.7253e-05
-4.72076e-05
-9.7071e-05
-0.000168539
-0.000192833
-0.000169244
-0.000139941
-0.000121001
-0.000121887
-0.000166475
-0.000226617
-0.000213866
-0.000114278
-4.98438e-05
-0.000100468
-0.000156435
-0.000169318
-0.000131182
-4.17093e-05
5.09734e-05
6.98429e-06
-7.68113e-05
-7.60289e-05
-2.09581e-05
-9.10434e-06
-2.72805e-05
-3.88757e-05
-0.000107818
-0.000240226
-0.000307018
-0.000242278
-0.000101392
2.05717e-05
1.43852e-07
-6.53433e-05
-4.95765e-05
4.47738e-05
9.1753e-05
3.83772e-05
-2.82274e-05
-3.47222e-05
-4.71511e-05
-9.68607e-05
-0.000168606
-0.000193476
-0.000169428
-0.000139794
-0.000120304
-0.000120992
-0.000165819
-0.00022708
-0.000215533
-0.000115075
-4.89382e-05
-0.00010049
-0.000157003
-0.000170469
-0.000133156
-4.36887e-05
5.17251e-05
8.86729e-06
-7.62666e-05
-7.62988e-05
-1.98881e-05
-7.9519e-06
-2.66458e-05
-3.8676e-05
-0.000107465
-0.000240454
-0.00030811
-0.000243377
-0.000101345
2.19587e-05
1.06838e-06
-6.57427e-05
-5.04842e-05
4.46849e-05
9.23659e-05
3.89701e-05
-2.84264e-05
-3.49782e-05
-4.7908e-05
-9.74741e-05
-0.000169479
-0.000194185
-0.000169447
-0.000139382
-0.0001196
-0.000119776
-0.00016488
-0.000228157
-0.000218286
-0.00011617
-4.69278e-05
-0.000100041
-0.000158031
-0.00017224
-0.000137166
-4.74822e-05
5.3906e-05
1.30292e-05
-7.55471e-05
-7.69416e-05
-1.79323e-05
-5.87192e-06
-2.64351e-05
-3.92267e-05
-0.00010748
-0.000241243
-0.000310936
-0.000245782
-0.000101365
2.36676e-05
1.43233e-06
-6.79103e-05
-5.27636e-05
4.44977e-05
9.31014e-05
3.9962e-05
-2.90045e-05
-3.57586e-05
-4.94867e-05
-9.90601e-05
-0.000171417
-0.000197113
-0.000171115
-0.00013856
-0.000118393
-0.00011847
-0.000163816
-0.000229199
-0.000221321
-0.000116524
-4.37625e-05
-9.89493e-05
-0.000158407
-0.000173512
-0.000142774
-5.37535e-05
5.68271e-05
1.93168e-05
-7.45207e-05
-7.8094e-05
-1.47104e-05
-2.21868e-06
-2.61865e-05
-4.06944e-05
-0.000107955
-0.000242584
-0.000315495
-0.000250101
-0.000101374
2.55556e-05
1.86919e-06
-7.25997e-05
-5.74337e-05
4.36747e-05
9.49887e-05
4.19949e-05
-2.92079e-05
-3.62723e-05
-5.02353e-05
-0.000102883
-0.000175709
-0.000201452
-0.000175857
-0.000142007
-0.000118541
-0.000115579
-0.000161216
-0.000229617
-0.000224619
-0.00011681
-4.04112e-05
-9.43322e-05
-0.000156719
-0.000171141
-0.000146872
-6.19756e-05
5.95457e-05
2.6922e-05
-7.35382e-05
-7.91913e-05
-9.19026e-06
5.08599e-06
-2.29378e-05
-4.10897e-05
-0.000108958
-0.000244527
-0.000322613
-0.000256358
-0.000105379
2.50491e-05
2.42128e-06
-7.84824e-05
-6.43025e-05
4.22879e-05
9.73365e-05
4.71966e-05
-2.86664e-05
-3.51106e-05
-4.87714e-05
-0.000106098
-0.000181863
-0.000209726
-0.000182237
-0.000147098
-0.000122405
-0.000114283
-0.00015399
-0.000224472
-0.000227751
-0.000120574
-3.83576e-05
-9.35367e-05
-0.000156968
-0.000158959
-0.000143591
-6.80563e-05
6.16439e-05
3.76951e-05
-7.42624e-05
-8.14648e-05
6.62866e-07
1.76392e-05
-1.49773e-05
-3.72835e-05
-0.000107124
-0.000244492
-0.0003317
-0.000265108
-0.000110784
2.08605e-05
-1.50736e-06
-8.5188e-05
-7.17443e-05
3.55351e-05
9.92325e-05
5.33863e-05
-2.33868e-05
-3.17015e-05
-4.46376e-05
-0.000103457
-0.000185215
-0.00021977
-0.000190981
-0.000152472
-0.000126952
-0.000113083
-0.000144428
-0.000212741
-0.000226257
-0.000129864
-4.21945e-05
-8.83175e-05
-0.000148573
-0.000161485
-0.000144905
-7.22077e-05
6.33822e-05
4.60705e-05
-7.96538e-05
-8.64064e-05
1.35605e-05
3.80016e-05
-2.5426e-06
-2.97239e-05
-0.000102319
-0.000243417
-0.000337785
-0.000273016
-0.00011624
1.48232e-05
-7.27316e-06
-9.0913e-05
-8.08339e-05
2.35697e-05
9.19011e-05
5.75152e-05
-1.08415e-05
-2.38459e-05
-3.68719e-05
-9.95695e-05
-0.00018375
-0.000227664
-0.000201681
-0.000159063
-0.000130675
-0.000110997
-0.000133004
-0.000201294
-0.000224862
-0.000140069
-4.47533e-05
-8.23586e-05
-0.000146545
-0.000155973
-0.000142237
-0.000102483
3.84511e-05
5.07693e-05
-8.3584e-05
-0.000103443
2.31987e-05
6.10955e-05
1.10012e-05
-2.13982e-05
-9.63321e-05
-0.000241492
-0.000338542
-0.000274902
-0.000117529
6.14422e-06
-1.23065e-05
-8.71387e-05
-8.02353e-05
1.30039e-05
7.6128e-05
5.71033e-05
3.21142e-06
-9.96831e-06
-2.4778e-05
-9.34624e-05
-0.000178625
-0.000231602
-0.000211527
-0.000169748
-0.000137414
-0.000109528
-0.000122165
-0.000189764
-0.000223496
-0.000156511
-6.00068e-05
-7.68131e-05
-0.000133251
-0.000158573
-0.000151308
-0.000111224
-3.68083e-06
2.40689e-05
-0.000102266
-0.000112145
2.85269e-05
8.76347e-05
1.98459e-05
-1.96211e-05
-9.23363e-05
-0.00023916
-0.000339025
-0.000274684
-0.00011924
-6.08218e-06
-1.77123e-05
-7.604e-05
-6.975e-05
8.39416e-06
5.96459e-05
5.47763e-05
2.24821e-05
1.19397e-05
-7.73939e-06
-8.55096e-05
-0.000171288
-0.000229474
-0.000217053
-0.000180985
-0.000149835
-0.000114715
-0.000111241
-0.000173969
-0.000224715
-0.000177701
-8.61428e-05
-8.80646e-05
-0.000125413
-0.000155018
-0.000168085
-0.000132321
-3.53235e-05
1.35429e-06
-0.00011419
-0.000125861
1.54501e-05
8.62902e-05
2.07876e-05
-3.13017e-05
-9.6148e-05
-0.000240754
-0.000321838
-0.000234073
-0.000113671
-1.93102e-05
-3.03667e-05
-7.11442e-05
-5.72976e-05
6.36303e-06
5.35075e-05
5.30922e-05
3.9453e-05
4.12626e-05
1.0207e-05
-7.64461e-05
-0.000162149
-0.000226993
-0.000221561
-0.000192993
-0.000165721
-0.000127419
-0.000106603
-0.000148151
-0.000211723
-0.000193775
-0.000119002
-0.000107843
-0.000122091
-0.0001465
-0.000194014
-0.000164526
-5.96471e-05
-1.55116e-05
-0.000124048
-0.000144415
-8.70269e-06
6.24405e-05
-5.70567e-06
-6.16021e-05
-0.000110883
-0.000246974
-0.000320132
-0.000250397
-0.00014558
-5.6625e-05
-6.0028e-05
-8.16441e-05
-5.01438e-05
3.11832e-06
4.45241e-05
5.46689e-05
5.18023e-05
6.36578e-05
2.22427e-05
-7.10889e-05
-0.000152189
-0.00022222
-0.000224109
-0.000205837
-0.000182633
-0.000148237
-0.000109872
-0.000133156
-0.000191794
-0.000199856
-0.000146348
-0.000120739
-0.000118531
-0.0001473
-0.000223603
-0.000206641
-9.16184e-05
-2.63807e-05
-0.000127924
-0.000166534
-4.78398e-05
2.26013e-05
-2.84843e-05
-8.25665e-05
-0.000125922
-0.000245169
-0.000321457
-0.000283659
-0.000197398
-0.000135609
-0.000134117
-0.000115881
-4.65081e-05
-5.20712e-06
2.66288e-05
5.06451e-05
6.93332e-05
7.58143e-05
3.3049e-05
-6.80931e-05
-0.000147951
-0.000227865
-0.000230941
-0.000223853
-0.000201594
-0.000172753
-0.000124657
-0.000132426
-0.00017757
-0.000198901
-0.000159924
-0.000116041
-0.000104192
-0.000149167
-0.00025379
-0.000265965
-0.000110174
-3.30492e-06
-0.00012261
-0.000204831
-0.000109119
-1.76361e-05
-4.00985e-05
-8.3667e-05
-0.000134154
-0.000222614
-0.00028447
-0.000292548
-0.000226418
-0.000186159
-0.000207143
-0.000151447
-4.13447e-05
-2.16899e-05
-1.67319e-05
2.31285e-05
7.81797e-05
8.97078e-05
2.80043e-05
-6.83463e-05
-0.000156783
-0.000227574
-0.000234022
-0.000236953
-0.00021495
-0.000195345
-0.00015221
-0.000144885
-0.000172493
-0.000189039
-0.000157847
-0.000105373
-9.96601e-05
-0.000146285
-0.000286136
-0.00033733
-0.000156442
3.24121e-05
-9.87151e-05
-0.000226153
-0.000158297
-4.77511e-05
-3.64295e-05
-7.17174e-05
-0.000134912
-0.000228615
-0.000238654
-0.000254267
-0.000221072
-0.00020727
-0.000221554
-0.000143826
-3.27026e-05
-4.21124e-05
-7.65696e-05
-3.86213e-05
3.65445e-05
6.96938e-05
3.06558e-06
-8.06056e-05
-0.000148622
-0.000205769
-0.000230619
-0.000236355
-0.000218427
-0.000201641
-0.000175569
-0.000167062
-0.000176398
-0.000178712
-0.000153375
-0.00010818
-0.000102793
-0.000150144
-0.000277051
-0.000390735
-0.000225745
-2.23925e-05
-6.16209e-05
-0.000208743
-0.000163146
-7.45461e-05
-4.14042e-05
-5.40338e-05
-0.000117204
-0.000234972
-0.000249569
-0.000215336
-0.000204728
-0.000199144
-0.000183942
-0.000115109
-1.68791e-05
-5.18955e-05
-0.000121781
-0.000103293
-2.64784e-05
2.08152e-05
-2.77081e-05
-9.86683e-05
-0.000140367
-0.000185467
-0.000214951
-0.000217273
-0.000197168
-0.000177456
-0.000175229
-0.000189473
-0.000188193
-0.000170543
-0.000134847
-0.000126358
-0.000179098
-0.000194552
-0.000234672
-0.000329651
-0.000261923
-9.81427e-05
-9.00325e-05
-0.000176228
-0.000134739
-6.58939e-05
-5.01518e-05
-6.26143e-05
-0.000104047
-0.000219856
-0.000277268
-0.000225883
-0.000194233
-0.000180297
-0.000146442
-8.16376e-05
-3.94751e-05
-4.40982e-05
-0.000100348
-0.000125767
-7.22519e-05
-2.60927e-05
-2.24336e-05
-8.25099e-05
-0.000145265
-0.000196192
-0.000221133
-0.00021789
-0.000184892
-0.000150312
-0.000153626
-0.000178768
-0.000188021
-0.000171385
-0.0001337
-0.000133646
-0.000205405
-0.000268738
-0.000211578
-0.00020278
-0.000201942
-0.000123206
-0.000123257
-0.000217076
-0.000164006
-8.37604e-05
-5.52571e-05
-6.35227e-05
-9.75271e-05
-0.000208975
-0.00028086
-0.000247063
-0.000199285
-0.000197191
-0.000167027
-0.000100772
-3.93155e-05
6.43895e-06
-4.99784e-05
-0.000114553
-0.000101958
-4.32124e-05
-5.0333e-05
-7.62248e-05
-0.00013741
-0.000191804
-0.000220764
-0.000229287
-0.000203702
-0.000163413
-0.000156292
-0.000171028
-0.000176187
-0.000165586
-0.000130327
-0.000140584
-0.000183905
-0.000261117
-0.000229552
-0.000151754
-9.60623e-05
-6.3295e-05
-0.00013322
-0.000244374
-0.000190276
-9.93169e-05
-5.53014e-05
-6.36115e-05
-0.000103284
-0.000178997
-0.000231317
-0.000255316
-0.000225618
-0.000223055
-0.000206202
-0.000130217
-5.70054e-05
-1.64464e-06
-2.62e-05
-0.000101353
-0.000121154
-7.47239e-05
-6.38664e-05
-9.02894e-05
-0.000150764
-0.00021083
-0.000222253
-0.000221777
-0.000207131
-0.000181208
-0.000169148
-0.000165183
-0.000162504
-0.000155852
-0.000137921
-0.000146889
-0.000168867
-0.000222219
-0.000201452
-0.00011859
-2.69424e-05
1.1315e-06
-6.58931e-05
-0.00015418
-0.000163965
-0.000120877
-8.359e-05
-7.81242e-05
-0.000101238
-0.00014352
-0.000206375
-0.000251529
-0.000253236
-0.000236655
-0.000217787
-0.000139031
-4.98034e-05
1.85165e-05
9.30304e-06
-8.91124e-05
-0.000120828
-8.9966e-05
-4.76049e-05
-8.30685e-05
-0.000141883
-0.000184147
-0.000210358
-0.000216195
-0.000194092
-0.000172191
-0.000166632
-0.000167024
-0.000166356
-0.000162183
-0.00015734
-0.000147907
-0.000177923
-0.000225854
-0.000197918
-8.03194e-05
1.66042e-05
2.77351e-05
-5.11966e-05
-0.000113993
-0.000135478
-0.000119499
-0.000105195
-0.000106953
-0.000124704
-0.000154061
-0.000178391
-0.000224825
-0.000236165
-0.000213291
-0.000154601
-0.000112829
-3.71165e-05
5.31704e-05
5.74128e-05
3.53055e-05
-3.8365e-05
-4.59831e-05
-1.11736e-05
-4.33429e-05
-0.000104895
-0.000160693
-0.000194269
-0.000210812
-0.000201641
-0.00017427
-0.000138798
-0.000133894
-0.000141783
-0.00014519
-0.000153117
-0.00016561
-0.000180883
-0.000197928
-0.000184999
-9.35151e-05
-8.65819e-06
9.15683e-06
-4.98981e-05
-0.00010398
-0.000123026
-0.00012277
-0.000122954
-0.000131329
-0.000140419
-0.000161568
-0.000188361
-0.000219083
-0.000224836
-0.00020057
-0.000153174
-9.98753e-05
-4.72937e-05
1.15555e-06
1.13611e-05
1.01069e-05
-1.41231e-06
-2.09723e-05
-3.19117e-05
-5.23727e-05
-0.000106718
-0.000163375
-0.000191305
-0.000193516
-0.000174833
-0.000147439
-0.000117301
-0.000112349
-0.000131904
-0.000136899
-0.000145566
-0.000157492
-0.000174626
-0.000198336
-0.000215062
-0.000150764
-6.43299e-05
-2.41805e-05
-4.67635e-05
-9.07404e-05
-0.000126749
-0.000143847
-0.000148218
-0.000146397
-0.00014281
-0.000147748
-0.000173091
-0.000195382
-0.000205331
-0.000193034
-0.000151756
-0.000100375
-5.66222e-05
-2.47967e-05
-1.03982e-05
-3.79397e-06
-7.50633e-06
-1.4105e-05
-5.13295e-05
-7.50515e-05
-0.000111354
-0.000156434
-0.000165061
-0.000171728
-0.000169768
-0.000165298
-0.000117471
-0.000100875
-0.000114097
-0.000135571
-0.000143989
-0.000147442
-0.000156586
-0.00016604
-0.000163393
-0.000161505
-0.000122474
-8.44325e-05
-7.51544e-05
-8.51914e-05
-0.00011428
-0.000146163
-0.000171668
-0.00017778
-0.000171101
-0.000151498
-0.0001472
-0.000155196
-0.000153958
-0.000151537
-0.000129317
-9.6406e-05
-6.392e-05
-4.30664e-05
-3.19959e-05
-3.03696e-05
-3.36786e-05
-5.27636e-05
-4.1742e-05
-7.74637e-05
-9.64854e-05
-0.000160537
-0.000166419
-0.000169241
-0.000169777
-0.000165516
-0.000148302
-0.000138611
-0.000138181
-0.000136349
-0.000138677
-0.000137123
-0.000139987
-0.00014643
-0.000120345
-0.000101498
-5.52908e-05
-5.18162e-05
-6.41401e-05
-8.03822e-05
-9.44101e-05
-0.000133279
-0.000148703
-0.00016936
-0.000179622
-0.000180402
-0.000173066
-0.000172105
-0.000163435
-0.000148311
-0.000128717
-0.000103369
-7.68059e-05
-5.83865e-05
-4.14121e-05
-3.04267e-05
-2.47271e-05
-3.05416e-05
-3.3348e-05
-5.31313e-05
-7.55985e-05
-8.55175e-05
-0.000124734
-0.00014515
-0.000160739
-0.000169997
-0.000166143
-0.00015982
-0.000156957
-0.000145778
-0.000131723
-0.000115481
-0.000109702
-0.000110358
-9.13292e-05
-0.00010531
-7.65495e-05
-7.46084e-05
-8.70687e-05
-9.18874e-05
-9.12071e-05
-9.15776e-05
-0.000108118
-9.77595e-05
-9.24992e-05
-0.000109216
-0.000130629
-0.000141488
-0.000138818
-0.000127341
-0.000112928
-9.48451e-05
-7.8104e-05
-6.89834e-05
-5.81896e-05
-3.9714e-05
-2.28335e-05
-1.9414e-05
-9.33633e-05
-0.000126422
-0.000176279
-0.000208883
-0.000197232
-0.000166904
-0.000137627
-0.000110398
-0.000126099
-0.000194714
-0.000216794
-0.000148775
-8.94371e-05
-0.000102447
-0.000141595
-0.00013462
-9.064e-05
-5.2731e-05
-5.87212e-05
-0.000126802
-0.000190259
-0.000145129
-3.85188e-05
1.19987e-05
1.58614e-05
1.61396e-05
-4.31872e-05
-0.000138315
-0.000188885
-0.000196067
-0.000142937
-8.27101e-05
-0.000104922
-0.000162508
-0.000110026
5.11029e-05
0.000144283
0.000135627
3.92298e-05
-5.05005e-05
-9.33462e-05
-0.000127101
-0.000177551
-0.000210439
-0.000197957
-0.000167049
-0.000137692
-0.000110192
-0.000125514
-0.000194844
-0.000217495
-0.000148864
-8.87426e-05
-0.000101689
-0.000142182
-0.000135989
-9.07065e-05
-5.16938e-05
-5.76628e-05
-0.000126699
-0.000191342
-0.000146445
-3.84948e-05
1.20425e-05
1.51553e-05
1.60918e-05
-4.15672e-05
-0.000137924
-0.000188794
-0.000196123
-0.000143569
-8.34645e-05
-0.000105522
-0.000163976
-0.0001124
5.00301e-05
0.000145298
0.000136734
4.10598e-05
-4.98593e-05
-9.5753e-05
-0.000129535
-0.000180071
-0.000212736
-0.000199214
-0.000167173
-0.000137664
-0.000109482
-0.00012393
-0.000194636
-0.000218348
-0.000148542
-8.69255e-05
-0.000100858
-0.000143728
-0.000138019
-9.02015e-05
-4.94479e-05
-5.60025e-05
-0.000126786
-0.000193475
-0.000149029
-3.79127e-05
1.22621e-05
1.37478e-05
1.61246e-05
-4.00224e-05
-0.000137363
-0.000187425
-0.000195403
-0.000144055
-8.46945e-05
-0.000106676
-0.000166304
-0.000116715
4.8575e-05
0.000147944
0.000138745
4.24355e-05
-5.04861e-05
-0.000100925
-0.000132845
-0.000182641
-0.000216381
-0.00020156
-0.000167336
-0.000137531
-0.000108108
-0.000121226
-0.000193606
-0.00021891
-0.000147623
-8.38265e-05
-9.99862e-05
-0.000146623
-0.000140991
-8.8462e-05
-4.5778e-05
-5.41037e-05
-0.000127043
-0.000195773
-0.000152498
-3.66838e-05
1.24284e-05
1.12822e-05
1.62983e-05
-3.79849e-05
-0.000136603
-0.000185996
-0.000191998
-0.000142655
-8.34893e-05
-0.000106675
-0.000168837
-0.000123057
4.63942e-05
0.000152429
0.000141701
4.36595e-05
-5.24739e-05
-0.000105677
-0.000135654
-0.000182864
-0.000218753
-0.000207815
-0.00017338
-0.000138949
-0.000105779
-0.000117802
-0.000192635
-0.000218991
-0.00014581
-8.03931e-05
-9.96821e-05
-0.000150928
-0.000144923
-8.48163e-05
-3.91992e-05
-5.19892e-05
-0.000127894
-0.000199154
-0.000156841
-3.53188e-05
1.16026e-05
7.0134e-06
1.56757e-05
-3.39273e-05
-0.00013541
-0.000183107
-0.000189907
-0.000140144
-7.89313e-05
-0.000102826
-0.00017075
-0.000130814
4.27647e-05
0.000155665
0.000145886
4.60395e-05
-5.40325e-05
-0.000109558
-0.00013537
-0.000180354
-0.000218549
-0.000212616
-0.000182684
-0.000146813
-0.00010546
-0.000113367
-0.000192423
-0.000222163
-0.000144468
-7.7726e-05
-0.000101447
-0.000155801
-0.000151054
-8.0222e-05
-2.9419e-05
-4.92801e-05
-0.00012975
-0.000203757
-0.000162977
-3.68161e-05
7.18894e-06
4.12608e-07
1.41667e-05
-3.14084e-05
-0.000134514
-0.000174907
-0.000184727
-0.000138828
-7.61179e-05
-9.80061e-05
-0.000178157
-0.000151638
3.48325e-05
0.000153013
0.000143156
4.47483e-05
-5.62528e-05
-0.000115187
-0.000133448
-0.000178465
-0.000215905
-0.000214995
-0.000187437
-0.000154735
-0.000108364
-0.000111034
-0.000190605
-0.000227434
-0.000145475
-7.17174e-05
-0.000101861
-0.000162193
-0.000156391
-7.49283e-05
-1.68098e-05
-4.61349e-05
-0.000135486
-0.000210057
-0.000169681
-4.42598e-05
-5.06882e-06
-1.00741e-05
1.28273e-05
-2.82552e-05
-0.000136252
-0.000168288
-0.000173928
-0.000133397
-7.51128e-05
-9.6674e-05
-0.000179645
-0.000190555
-1.52875e-07
0.000136375
0.000133276
3.3942e-05
-6.62186e-05
-0.000132636
-0.000132468
-0.00017243
-0.000208166
-0.000214494
-0.000187182
-0.000155943
-0.000109631
-0.000110658
-0.000188581
-0.000230571
-0.000152824
-7.05571e-05
-9.30057e-05
-0.000157809
-0.000161562
-8.22656e-05
-1.63239e-05
-4.49714e-05
-0.000145559
-0.000220401
-0.000172941
-5.4883e-05
-3.06823e-05
-2.92411e-05
1.00337e-05
-2.34252e-05
-0.000134992
-0.000164835
-0.000162486
-0.000125014
-8.16259e-05
-9.34624e-05
-0.000155555
-0.000185655
-3.69299e-05
0.000113661
0.000125951
2.45185e-05
-9.25037e-05
-0.000171061
-0.000138578
-0.000162718
-0.00019985
-0.000213284
-0.00018808
-0.000154598
-0.000104512
-0.000108169
-0.000182289
-0.00023137
-0.000166125
-7.94319e-05
-8.33989e-05
-0.00014422
-0.000169777
-0.000100602
-3.0853e-05
-5.44743e-05
-0.000160741
-0.000232278
-0.000167599
-5.52053e-05
-6.52735e-05
-6.41124e-05
2.15179e-06
-1.71563e-05
-0.000134344
-0.000160314
-0.000148243
-0.000113315
-9.27176e-05
-0.000110582
-0.000144295
-0.000147768
-4.56722e-05
9.27131e-05
0.00012375
3.72937e-05
-0.000114747
-0.00020636
-0.000155075
-0.000150364
-0.000187361
-0.000212663
-0.000197667
-0.000158551
-0.000104831
-0.000101605
-0.000167026
-0.000225929
-0.000175866
-0.000117139
-8.84831e-05
-0.000127583
-0.000171846
-0.000138655
-7.38704e-05
-6.86353e-05
-0.000154666
-0.000224211
-0.000160495
-5.12143e-05
-8.14979e-05
-0.000107377
-1.31367e-05
-8.98974e-06
-0.000130878
-0.000159184
-0.000134098
-0.000105833
-0.000110191
-0.000133123
-0.000135081
-0.000116032
-3.94069e-05
6.65566e-05
0.000109648
6.73022e-05
-8.02947e-05
-0.000201068
-0.000161812
-0.000142762
-0.000172057
-0.000213585
-0.000212094
-0.000171262
-0.000106362
-9.09112e-05
-0.000157081
-0.000210976
-0.000175243
-0.000122695
-9.94216e-05
-0.000120401
-0.000176048
-0.000183418
-0.00012298
-9.19681e-05
-0.000144655
-0.000200239
-0.000143037
-4.80427e-05
-8.88625e-05
-0.00012301
-2.3466e-05
6.20525e-07
-0.000121366
-0.000164573
-0.000146509
-0.000129387
-0.000146876
-0.000169913
-0.000130693
-8.07316e-05
-1.75159e-05
5.33773e-05
8.80703e-05
7.23508e-05
-3.4482e-05
-0.000179193
-0.000153499
-0.000134897
-0.000163393
-0.000219839
-0.000225439
-0.000188026
-0.000118633
-9.17184e-05
-0.000150727
-0.00019582
-0.000172354
-0.000117593
-9.95099e-05
-0.000113544
-0.000181115
-0.00023352
-0.000173108
-0.000111095
-0.000129288
-0.000187485
-0.000144868
-4.99725e-05
-6.34671e-05
-0.000104452
-3.22685e-05
1.57186e-06
-0.000108944
-0.000172428
-0.000179396
-0.000170248
-0.000182137
-0.000167111
-0.00012214
-5.14563e-05
5.5492e-06
5.24092e-05
7.95081e-05
6.7183e-05
-1.58457e-05
-0.000148125
-0.000136364
-0.000123437
-0.000156585
-0.000230407
-0.000239913
-0.000202405
-0.000141453
-0.00010893
-0.00015505
-0.000200524
-0.000177322
-0.000121905
-9.10006e-05
-0.000112308
-0.000189055
-0.000292802
-0.000221265
-0.000116872
-0.000124933
-0.000201774
-0.000155441
-4.39541e-05
-4.02642e-05
-9.20386e-05
-4.17358e-05
-1.55761e-05
-0.000109712
-0.000185849
-0.000205832
-0.000186164
-0.000175363
-0.000171477
-0.000125337
-4.24774e-05
2.22014e-05
5.28252e-05
6.70507e-05
5.77108e-05
-1.38694e-05
-0.000135925
-0.000116719
-0.000116478
-0.000153982
-0.000220701
-0.00023864
-0.000217964
-0.000174317
-0.000139404
-0.000169246
-0.000202725
-0.000182141
-0.000124612
-9.32657e-05
-0.000144224
-0.000211033
-0.000317199
-0.000255788
-0.000136271
-0.000124395
-0.00019768
-0.000187336
-7.67505e-05
-3.47059e-05
-7.75785e-05
-3.92756e-05
-4.08144e-05
-0.000133347
-0.000195215
-0.000222188
-0.000218175
-0.000201203
-0.000167458
-0.000128047
-4.84313e-05
4.18778e-05
6.98046e-05
5.75571e-05
2.47366e-05
-4.32655e-05
-0.00015039
-0.000116365
-0.00011245
-0.000153484
-0.000201622
-0.000226324
-0.000225567
-0.000202142
-0.000163387
-0.000183976
-0.00019842
-0.000172868
-0.00011685
-0.000106807
-0.000182965
-0.000228718
-0.000298732
-0.000259115
-0.000133253
-9.39431e-05
-0.000190797
-0.000248405
-0.000147708
-5.44099e-05
-5.72063e-05
-2.55706e-05
-3.36177e-05
-0.000146349
-0.000219117
-0.000249363
-0.000252396
-0.000202353
-0.000148681
-0.00011583
-4.75739e-05
5.23048e-05
8.66845e-05
5.60762e-05
7.37997e-06
-7.07403e-05
-0.000129689
-0.000112513
-0.000128797
-0.000168897
-0.000197669
-0.000221022
-0.000232368
-0.000228413
-0.000199448
-0.000204506
-0.000199031
-0.00015985
-0.000111497
-0.000128998
-0.000216804
-0.000236684
-0.000215881
-0.000188529
-9.27511e-05
-8.28818e-05
-0.000216987
-0.000293489
-0.000174226
-6.3721e-05
-6.95088e-05
-3.87581e-05
-3.66168e-05
-0.000136914
-0.000227877
-0.000259045
-0.000249626
-0.000198979
-0.000131599
-9.35306e-05
-3.10851e-05
3.43342e-05
6.81539e-05
3.97122e-05
-4.07039e-06
-6.15478e-05
-8.70948e-05
-9.3915e-05
-0.000134901
-0.000178603
-0.000221237
-0.000249708
-0.000245196
-0.000199247
-0.000186338
-0.000194387
-0.000216195
-0.000164107
-0.00011812
-0.000153033
-0.000239418
-0.000246222
-0.000153028
-8.43183e-05
-2.08868e-05
-5.57703e-05
-0.000255201
-0.000322834
-0.000209008
-9.4377e-05
-9.17525e-05
-5.60852e-05
-5.51643e-05
-0.000142445
-0.00023055
-0.000247865
-0.000224452
-0.00018845
-0.000144655
-9.75538e-05
-3.75856e-05
2.82811e-05
4.22629e-05
1.22054e-05
-2.14746e-05
-5.38972e-05
-8.30775e-05
-9.71604e-05
-0.000148349
-0.000204397
-0.000242919
-0.000261487
-0.000245438
-0.000206149
-0.00018157
-0.000177929
-0.000179735
-0.000154858
-0.000121495
-0.0001541
-0.000243802
-0.000276753
-0.000174961
-6.77955e-05
-1.51088e-05
-3.72876e-05
-0.000172582
-0.000273378
-0.000208691
-0.000120846
-0.000119747
-0.000137181
-0.000107309
-0.000134439
-0.000200364
-0.000241293
-0.000236296
-0.000214448
-0.000172181
-0.000115223
-4.65455e-05
2.5385e-05
4.18615e-05
1.75211e-05
-2.85473e-05
-6.25072e-05
-6.48886e-05
-9.91652e-05
-0.000163207
-0.000228671
-0.000256584
-0.000259171
-0.000236562
-0.000208444
-0.000183867
-0.000172986
-0.000168616
-0.000151262
-0.000140374
-0.000168693
-0.000236853
-0.000261215
-0.000177467
-7.76671e-05
-1.65825e-05
-4.67778e-05
-0.000105987
-0.000169373
-0.00017377
-0.000126913
-0.000112302
-0.000151014
-0.000169661
-0.00015954
-0.000187893
-0.000236672
-0.000247382
-0.000221423
-0.000178112
-0.000140005
-9.36092e-05
1.05661e-05
8.52192e-05
0.000107363
2.02927e-05
-3.98398e-05
-1.07342e-05
-8.60667e-05
-0.000174954
-0.000235317
-0.000257648
-0.000253678
-0.000207754
-0.000188223
-0.000161602
-0.000164104
-0.000164113
-0.000156575
-0.00015306
-0.000166002
-0.00021413
-0.000232821
-0.000160891
-2.96512e-05
3.78987e-05
-2.72515e-05
-9.63523e-05
-0.000158512
-0.000186174
-0.000148233
-0.000101435
-0.000102809
-0.000140485
-0.000164236
-0.000167449
-0.000215153
-0.000219716
-0.00019387
-0.000152044
-0.000111957
-7.85953e-05
-3.84915e-05
7.03831e-06
0.000108524
0.000131631
5.64046e-05
1.89508e-05
-3.62568e-05
-0.000122743
-0.000195082
-0.000243035
-0.000275606
-0.000272659
-0.000199104
-0.000144773
-0.00013134
-0.000140239
-0.000149698
-0.00015156
-0.000148374
-0.000182073
-0.00019875
-0.000171026
-7.53883e-05
2.06672e-05
2.62163e-05
-4.10527e-05
-0.000115428
-0.00015592
-0.000142555
-0.000112122
-0.000108007
-0.000129205
-0.000158622
-0.000188753
-0.000217083
-0.000215381
-0.000191253
-0.000151287
-0.000106553
-6.94681e-05
-3.63159e-05
-9.96503e-06
1.86962e-05
6.7483e-05
3.91139e-05
-2.5019e-06
-4.81657e-05
-0.000123238
-0.000192919
-0.000230342
-0.000234559
-0.000223693
-0.000175972
-0.000125099
-0.000102139
-0.000117066
-0.000138606
-0.000146728
-0.000175384
-0.000186196
-0.000197182
-0.000160266
-0.000112774
-3.83166e-05
1.47596e-05
5.95922e-07
-4.85981e-05
-9.3863e-05
-0.000114813
-0.000118754
-0.000120769
-0.000133649
-0.000154999
-0.000179617
-0.000197145
-0.000196598
-0.000186033
-0.000149219
-0.000103881
-6.78319e-05
-5.17852e-05
-4.01226e-05
-1.05065e-05
1.86024e-05
1.65196e-05
-3.25901e-05
-7.21583e-05
-0.000117281
-0.000160779
-0.000183027
-0.000188192
-0.000197167
-0.000176023
-0.000140412
-0.000105725
-0.000112438
-0.000139635
-0.00015063
-0.000149953
-0.000152898
-0.000156511
-0.000141896
-0.000109997
-0.000105444
-7.33742e-05
-4.75964e-05
-4.88989e-05
-7.22229e-05
-0.000100126
-0.000120789
-0.000131144
-0.000143685
-0.000156119
-0.000164766
-0.000171632
-0.000161399
-0.000153392
-0.000131624
-0.000102058
-7.32802e-05
-5.87794e-05
-5.50435e-05
-4.8756e-05
-3.48481e-05
-3.18036e-05
-3.50634e-05
-6.25148e-05
-8.47352e-05
-0.000158244
-0.000179948
-0.000179009
-0.000173598
-0.000162535
-0.000145474
-0.000133793
-0.000130238
-0.000137092
-0.000138008
-0.000133681
-0.000135779
-0.000139028
-0.000114175
-7.92656e-05
-4.3511e-05
-4.52116e-05
-6.09307e-05
-8.29041e-05
-9.87102e-05
-0.000106296
-0.000105321
-0.00011628
-0.000142225
-0.000165545
-0.000175745
-0.000179825
-0.000177462
-0.000161469
-0.000142603
-0.000118169
-9.20113e-05
-7.09513e-05
-5.9287e-05
-5.43093e-05
-4.29126e-05
-3.3373e-05
-3.63464e-05
-5.46401e-05
-7.72051e-05
-0.000107231
-0.000136107
-0.000154836
-0.000167306
-0.000172103
-0.000166043
-0.000156241
-0.000146977
-0.000141747
-0.000129713
-0.000114473
-0.000107208
-0.000103131
-9.31588e-05
-9.4029e-05
-6.79444e-05
-6.34002e-05
-7.55684e-05
-9.29395e-05
-0.00010117
-8.37646e-05
-6.88992e-05
-5.7389e-05
-7.59774e-05
-0.000112094
-0.000140283
-0.000151746
-0.000148579
-0.000139257
-0.000125498
-0.000109154
-9.1231e-05
-8.00401e-05
-6.80155e-05
-5.2773e-05
-3.59972e-05
-2.34724e-05
-9.50677e-05
-3.35267e-05
-0.000101791
-0.000196915
-0.0002534
-0.000249628
-0.000202501
-0.000153412
-0.000160759
-0.000230353
-0.000266201
-0.000218347
-0.000144879
-9.79953e-05
-8.44631e-05
-9.48786e-05
-0.000112424
-0.000132136
-0.000160048
-0.000231074
-0.000291418
-0.000232671
-7.03366e-05
5.30325e-05
0.000101778
6.7827e-05
-2.5956e-05
-0.000120556
-0.00017353
-0.000198101
-0.000175633
-0.000152443
-0.000198441
-0.000187986
-1.8829e-05
0.000148266
0.000207923
0.00012097
-6.81171e-05
-0.000158543
-9.63529e-05
-3.32886e-05
-0.000102382
-0.000196645
-0.000253533
-0.000249831
-0.000202649
-0.000153224
-0.000160593
-0.000230959
-0.000267509
-0.000219727
-0.00014568
-9.80671e-05
-8.36683e-05
-9.38753e-05
-0.000111666
-0.000132003
-0.000159845
-0.000231276
-0.000292967
-0.000235197
-7.15704e-05
5.26755e-05
0.000102478
6.90175e-05
-2.52979e-05
-0.000120563
-0.000173435
-0.000198664
-0.000175871
-0.000152075
-0.000200375
-0.000192208
-2.16417e-05
0.000148264
0.000210583
0.00012378
-6.70893e-05
-0.0001594
-0.00010238
-3.47673e-05
-0.000103189
-0.000198161
-0.000255453
-0.000251352
-0.000203686
-0.000153604
-0.000161062
-0.000232641
-0.000270313
-0.000222066
-0.000147195
-9.79329e-05
-8.19408e-05
-9.17624e-05
-0.000111212
-0.000132968
-0.000161109
-0.000232725
-0.000296541
-0.000238717
-7.3287e-05
5.29072e-05
0.000104424
7.1251e-05
-2.46891e-05
-0.000121276
-0.000173947
-0.000200861
-0.000177266
-0.000152262
-0.000205437
-0.000200295
-2.65455e-05
0.000148989
0.000218526
0.000130947
-6.88446e-05
-0.000167936
-0.000115721
-3.87751e-05
-0.000104481
-0.000201853
-0.000260195
-0.000255265
-0.000206151
-0.000154703
-0.000162327
-0.000235339
-0.000273616
-0.000224394
-0.000148892
-9.75836e-05
-7.91033e-05
-8.80003e-05
-0.000109782
-0.000133871
-0.00016479
-0.000235985
-0.000302723
-0.000242849
-7.49693e-05
5.43007e-05
0.000108174
7.46308e-05
-2.48774e-05
-0.000123473
-0.000174607
-0.000204705
-0.000179367
-0.000152758
-0.000216224
-0.000211603
-3.24957e-05
0.000148303
0.00022805
0.000142728
-7.0135e-05
-0.000185311
-0.000136686
-4.48056e-05
-0.000102607
-0.000206166
-0.00026945
-0.000264708
-0.000211548
-0.00015637
-0.000163019
-0.000239751
-0.000276585
-0.00022631
-0.000150311
-9.66105e-05
-7.49312e-05
-8.3815e-05
-0.000107154
-0.000133034
-0.000167975
-0.000240566
-0.000310456
-0.000250407
-7.68526e-05
5.63266e-05
0.00011417
8.12699e-05
-2.53037e-05
-0.000132442
-0.000180976
-0.000210139
-0.000180914
-0.000151823
-0.000221475
-0.000226612
-4.49756e-05
0.000143159
0.000234328
0.000168287
-4.93767e-05
-0.000199005
-0.00015159
-5.41544e-05
-9.13252e-05
-0.000206852
-0.000279451
-0.000281082
-0.000227193
-0.000162627
-0.000161985
-0.000239463
-0.000278325
-0.000225109
-0.0001529
-9.7279e-05
-6.89755e-05
-7.90611e-05
-0.000105973
-0.000132088
-0.000165486
-0.000241116
-0.000317786
-0.000261855
-8.45709e-05
5.51622e-05
0.000120995
9.26758e-05
-1.82711e-05
-0.000137605
-0.00019441
-0.00022413
-0.00018846
-0.000149347
-0.000230015
-0.000244138
-9.60343e-05
0.00010708
0.000228623
0.000194138
-3.682e-06
-0.000177626
-0.000139537
-6.03964e-05
-7.8848e-05
-0.000202935
-0.000286016
-0.000298793
-0.000250809
-0.000182077
-0.000166812
-0.000235397
-0.000280802
-0.000223725
-0.000151147
-0.00010255
-7.04403e-05
-7.35561e-05
-0.000106241
-0.000133818
-0.000164
-0.000235344
-0.000319006
-0.000278789
-0.000101534
4.41404e-05
0.000121648
0.00011094
-1.51396e-06
-0.000134717
-0.000198387
-0.000241373
-0.000205556
-0.000150317
-0.000264539
-0.000251667
-0.00015094
2.68019e-05
0.000168142
0.000170963
1.57749e-05
-0.000135961
-0.000105843
-5.05641e-05
-6.78885e-05
-0.000191053
-0.000288048
-0.000316044
-0.000276842
-0.000213423
-0.000183208
-0.00023787
-0.000284376
-0.000226401
-0.000149669
-0.00010155
-7.35989e-05
-8.20932e-05
-0.000115115
-0.00013696
-0.000163373
-0.000232779
-0.000324121
-0.000295508
-0.000125083
2.07314e-05
0.000110227
0.000118665
1.80232e-05
-0.00011993
-0.00018981
-0.000247924
-0.000218746
-0.000151467
-0.000206054
-0.000216705
-0.00013172
-3.6679e-05
0.000108184
0.000122414
-5.43876e-05
-0.000127183
-7.6345e-05
-2.22137e-05
-4.97811e-05
-0.000169174
-0.00028174
-0.000323942
-0.000292871
-0.000242094
-0.000203758
-0.000246315
-0.000288592
-0.000232185
-0.000148387
-9.67549e-05
-7.35727e-05
-9.61591e-05
-0.000135559
-0.000150611
-0.000156289
-0.000218915
-0.000299333
-0.000285914
-0.000134345
-7.18337e-07
9.49119e-05
0.000115895
2.97823e-05
-0.000105899
-0.000170792
-0.000238524
-0.000223987
-0.000154054
-0.00018882
-0.000183249
-7.67775e-05
-2.44122e-05
9.03746e-05
0.000101044
-7.34113e-05
-0.000137999
-7.66752e-05
-6.01948e-06
-2.62222e-05
-0.000139637
-0.000264933
-0.000318813
-0.000288097
-0.000239259
-0.000217166
-0.000253485
-0.000292445
-0.000235936
-0.000150759
-9.5218e-05
-7.01688e-05
-0.000108277
-0.000159645
-0.000171399
-0.00015145
-0.000181032
-0.000245802
-0.000231974
-0.000112891
-7.1768e-07
8.88042e-05
0.000113782
3.10696e-05
-0.000106138
-0.000162132
-0.000215403
-0.000211292
-0.000155915
-0.000186399
-0.000186468
-6.39607e-05
2.92088e-05
0.000100321
9.27395e-05
-5.07425e-05
-0.000147674
-7.39591e-05
-2.07974e-05
-2.00104e-05
-0.000123754
-0.000250722
-0.000290633
-0.000260264
-0.000209533
-0.000209815
-0.000260066
-0.000298295
-0.000238959
-0.000154467
-0.000101426
-8.02986e-05
-0.000117108
-0.000177114
-0.000190072
-0.00014283
-0.000134858
-0.000183341
-0.00018033
-7.46473e-05
3.15363e-05
9.69231e-05
0.000121606
3.46015e-05
-0.000121082
-0.000177482
-0.000198183
-0.000197305
-0.000181465
-0.000191772
-0.000186771
-5.93591e-05
5.64922e-05
0.000117972
8.715e-05
-5.63924e-05
-0.000135391
-7.05466e-05
-2.80028e-05
-1.8917e-05
-0.000117539
-0.000242317
-0.000288493
-0.000256445
-0.000188989
-0.000194571
-0.000255894
-0.000292632
-0.000239553
-0.000157188
-0.000109159
-8.91096e-05
-0.00011534
-0.00018033
-0.000199344
-0.000135336
-9.62677e-05
-0.000137536
-0.000148263
-4.2751e-05
5.38609e-05
0.000100346
0.000121708
3.64975e-05
-0.000132794
-0.000204961
-0.000202635
-0.000185013
-0.000166629
-0.000168418
-0.000180703
-6.69204e-05
6.45626e-05
0.00012586
9.73082e-05
-3.91458e-05
-0.000124312
-8.18206e-05
-2.15692e-05
-1.29612e-05
-0.000117672
-0.000250467
-0.000285301
-0.000257964
-0.000194365
-0.000191355
-0.000249351
-0.000287182
-0.000233862
-0.000146157
-0.000108048
-9.94418e-05
-0.000112532
-0.000169118
-0.000199519
-0.000135495
-0.000104389
-0.000128418
-0.000122926
-1.57002e-05
5.49619e-05
6.6681e-05
9.01679e-05
3.03452e-05
-0.000126185
-0.000216342
-0.000223279
-0.000184822
-0.000112403
-0.000134533
-0.000166212
-8.12078e-05
5.85434e-05
0.000123032
0.000103151
-2.24546e-06
-0.000112278
-8.38711e-05
-5.90548e-06
-1.13848e-05
-0.000135303
-0.000247381
-0.00028685
-0.000261871
-0.000197744
-0.000200183
-0.000246512
-0.000278112
-0.000211684
-0.00012834
-9.7723e-05
-9.496e-05
-0.000136736
-0.000164624
-0.000179954
-0.000139576
-0.000135055
-0.000182118
-0.000152749
-3.03907e-05
2.82201e-05
1.20301e-05
3.70501e-05
6.99518e-06
-0.000108529
-0.000194819
-0.00023168
-0.000229043
-0.00015081
-0.000125146
-0.000157723
-0.000111587
3.6507e-05
0.000117906
9.04003e-05
-1.07741e-05
-0.00011472
-9.39473e-05
-3.0409e-05
-5.1716e-05
-0.000165829
-0.00021199
-0.000243858
-0.000246283
-0.000204955
-0.000174399
-0.000227509
-0.000246691
-0.000194828
-0.000111172
-0.000102488
-0.000128182
-0.00014102
-0.000135884
-0.000137799
-0.000111663
-0.000138086
-0.00024896
-0.00022549
-5.91698e-05
2.51756e-05
-1.50576e-05
-1.587e-05
-3.16024e-05
-0.000106761
-0.000170193
-0.0002283
-0.000276151
-0.000209174
-0.000121786
-0.000132839
-0.000124324
-8.48161e-06
8.59177e-05
7.1096e-05
-1.9331e-05
-0.000103514
-7.12284e-05
-4.92082e-05
-9.10944e-05
-0.000197957
-0.000226708
-0.000213547
-0.000221078
-0.00020633
-0.000194328
-0.000228748
-0.000235549
-0.00015763
-8.55612e-05
-9.83585e-05
-0.000183839
-0.000161387
-8.05118e-05
-6.5136e-05
-6.50296e-05
-0.000123228
-0.000262555
-0.000267894
-8.70584e-05
3.54678e-05
-8.34911e-06
-7.07586e-05
-6.8879e-05
-0.000119308
-0.000166643
-0.000219932
-0.000273074
-0.000248536
-0.000151493
-0.000108261
-0.000104395
-3.93506e-05
3.83159e-05
5.95297e-05
-1.71421e-05
-7.81112e-05
-7.40184e-05
-6.33907e-05
-0.000119344
-0.000211168
-0.000239926
-0.000237434
-0.000239107
-0.000223316
-0.000205745
-0.000219492
-0.00023563
-0.000178226
-0.000110358
-0.000106888
-0.000179612
-0.000216048
-0.000144978
-3.71946e-05
-2.32678e-05
-8.25436e-05
-0.000241792
-0.000295417
-0.00012368
3.69214e-07
-3.50612e-05
-0.000138743
-9.24982e-05
-0.000126983
-0.000179371
-0.000226078
-0.000259309
-0.000252029
-0.000181393
-0.000112233
-8.38709e-05
-3.84873e-05
5.90506e-06
2.30428e-05
-2.13729e-05
-6.80913e-05
-8.67493e-05
-7.71134e-05
-0.000125428
-0.000220256
-0.000266072
-0.00025346
-0.000227846
-0.000208534
-0.000200132
-0.000206613
-0.000204174
-0.000167862
-0.000112782
-0.000138776
-0.000227063
-0.000256129
-0.000177186
-8.17691e-05
-4.11206e-05
-6.80111e-05
-0.000176018
-0.000225737
-0.000130087
-1.8236e-05
-6.23303e-05
-0.000217464
-0.000182119
-0.000168639
-0.000202093
-0.000238023
-0.000254539
-0.000247691
-0.000190263
-0.00011664
-6.89263e-05
-2.34645e-05
-4.22601e-07
2.4304e-06
-3.03322e-05
-7.41532e-05
-7.41572e-05
-9.16564e-05
-0.000150589
-0.000228882
-0.000266686
-0.000259986
-0.000225642
-0.000196895
-0.000193925
-0.000190843
-0.000187748
-0.000159106
-0.000126929
-0.000155042
-0.000241594
-0.000272787
-0.000189714
-7.6448e-05
-2.68756e-05
-6.36831e-05
-0.000143507
-0.000154089
-0.000132552
-3.31638e-05
-4.07509e-05
-0.000182517
-0.000268157
-0.000219291
-0.000212102
-0.000228114
-0.000229898
-0.000220107
-0.00017341
-0.000117461
-6.37557e-05
-2.26657e-05
-4.51406e-06
1.6919e-05
5.75394e-06
-4.08427e-05
-1.65544e-05
-7.98908e-05
-0.000162369
-0.000237545
-0.000274051
-0.000267007
-0.00022722
-0.000187093
-0.000167244
-0.000178224
-0.000188116
-0.000167914
-0.000142694
-0.000155301
-0.000209815
-0.000236982
-0.000186732
-7.25828e-05
3.1919e-06
-2.88933e-05
-9.9339e-05
-0.000144204
-0.000166032
-0.000120836
-8.62882e-05
-0.000117031
-0.00017335
-0.000192972
-0.000220916
-0.000221328
-0.000207255
-0.000158918
-0.000144117
-0.000107018
-7.32475e-05
-2.21896e-05
-1.06354e-05
-3.23961e-06
2.93867e-05
2.58207e-05
-8.756e-06
-5.42605e-05
-0.000125744
-0.000199668
-0.000253146
-0.000278228
-0.000258824
-0.000199152
-0.000145979
-0.000138879
-0.000163313
-0.000166135
-0.000150961
-0.000141468
-0.000178519
-0.000194577
-0.000173077
-9.62912e-05
-4.49968e-06
1.48945e-05
-4.65599e-05
-0.00011176
-0.000148403
-0.000136616
-0.000104589
-0.000100934
-0.000129291
-0.000163912
-0.000198487
-0.000214989
-0.0002061
-0.000190414
-0.000147583
-0.000111552
-8.16588e-05
-3.54222e-05
-2.11877e-05
3.02359e-06
1.128e-05
2.15821e-05
-2.77977e-05
-7.13375e-05
-0.0001365
-0.00019602
-0.000235142
-0.000249733
-0.000244389
-0.000204255
-0.000151607
-0.000120517
-0.000131368
-0.000153238
-0.000155437
-0.000167266
-0.000169749
-0.000177
-0.000161595
-0.000120366
-4.06187e-05
2.93379e-05
3.43915e-05
-1.25428e-05
-6.47103e-05
-8.6058e-05
-8.79998e-05
-9.35359e-05
-0.000118784
-0.000154277
-0.000187399
-0.000203173
-0.000196943
-0.000179184
-0.000145437
-0.000105641
-7.5887e-05
-6.11182e-05
-5.21219e-05
-3.17706e-05
-1.08901e-05
-2.28526e-05
-6.22398e-05
-9.0805e-05
-0.000136626
-0.00016743
-0.000177803
-0.000184412
-0.000197178
-0.000199582
-0.000174422
-0.00013786
-0.000134188
-0.000148368
-0.000145317
-0.000142422
-0.000147246
-0.000153373
-0.000139641
-0.000129048
-0.000106933
-7.72321e-05
-3.62688e-05
-3.39859e-05
-5.17376e-05
-6.48985e-05
-7.16658e-05
-7.77663e-05
-0.000107356
-0.000136177
-0.000161677
-0.000172497
-0.000169259
-0.000159861
-0.000136309
-0.000108233
-7.76857e-05
-6.22454e-05
-6.35028e-05
-5.9394e-05
-5.04087e-05
-4.96579e-05
-4.57125e-05
-7.93986e-05
-0.000154094
-0.000184119
-0.000193386
-0.000176131
-0.000161971
-0.000153782
-0.000146005
-0.000137509
-0.000137324
-0.000142294
-0.000141445
-0.000134125
-0.000132543
-0.00013075
-0.000107667
-7.65956e-05
-5.46619e-05
-5.34922e-05
-6.04539e-05
-7.39515e-05
-8.55918e-05
-8.47404e-05
-7.53707e-05
-7.72213e-05
-0.000102634
-0.000133749
-0.000164001
-0.000170113
-0.000172327
-0.00016772
-0.000155017
-0.000131818
-0.000103024
-7.90636e-05
-6.95567e-05
-6.8608e-05
-6.31743e-05
-4.70127e-05
-4.55319e-05
-6.08791e-05
-9.48885e-05
-0.00012844
-0.000157809
-0.000166891
-0.000168151
-0.000166361
-0.000160271
-0.000151896
-0.000146532
-0.000142227
-0.000129824
-0.000111665
-0.000104171
-9.98265e-05
-9.73357e-05
-9.26784e-05
-7.35599e-05
-6.09745e-05
-6.3867e-05
-7.71247e-05
-8.91375e-05
-8.75216e-05
-7.28391e-05
-6.1598e-05
-7.61324e-05
-0.00010585
-0.000130522
-0.000140873
-0.000142661
-0.000141616
-0.000139445
-0.000130679
-0.000112919
-9.5108e-05
-8.01118e-05
-6.50094e-05
-5.35361e-05
-5.15054e-05
6.63896e-05
0.000197817
0.000158822
-5.5063e-05
-0.000218744
-0.000266359
-0.000220793
-0.000149311
-0.000159924
-0.000261424
-0.000297312
-0.000246331
-0.000154828
-7.88128e-05
-4.37906e-05
-4.81796e-05
-7.95672e-05
-0.000122766
-0.000185545
-0.000261857
-0.000285995
-0.00016466
1.5568e-05
0.00013068
0.000120302
5.45617e-05
-4.28287e-05
-0.000108939
-0.000118315
-0.000140267
-0.000175043
-0.000152959
-0.000151964
-0.000148131
-0.000124034
-0.000129389
-0.000142856
-0.000154052
-0.000150145
-0.000100353
6.47142e-05
0.000198879
0.000163094
-5.2464e-05
-0.000217659
-0.000265825
-0.000220081
-0.000148151
-0.000158999
-0.000262762
-0.000298778
-0.000249058
-0.000157203
-8.06086e-05
-4.45871e-05
-4.7337e-05
-7.77845e-05
-0.000121351
-0.00018525
-0.000262646
-0.000288479
-0.000166306
1.63171e-05
0.000133993
0.000123822
5.72932e-05
-4.17399e-05
-0.000109472
-0.000118484
-0.000139562
-0.000175258
-0.000152811
-0.000150843
-0.000145847
-0.000121631
-0.000129592
-0.000144406
-0.000154798
-0.000153453
-0.000103684
6.26375e-05
0.000203051
0.00017082
-4.78713e-05
-0.000217025
-0.000266
-0.000219737
-0.000147397
-0.000159112
-0.000267906
-0.00030283
-0.000253536
-0.000160212
-8.25887e-05
-4.7102e-05
-4.95208e-05
-7.7302e-05
-0.000120945
-0.000185612
-0.000265172
-0.000294109
-0.000169528
1.92196e-05
0.000140637
0.000129291
5.92841e-05
-4.27204e-05
-0.000112113
-0.000119921
-0.000140102
-0.000178866
-0.000155579
-0.000151742
-0.000146097
-0.000121451
-0.0001326
-0.000150763
-0.000158592
-0.000158807
-0.000109341
5.90265e-05
0.000210234
0.000184078
-4.15319e-05
-0.000218558
-0.000268674
-0.000220894
-0.000147786
-0.000161149
-0.000275062
-0.00030923
-0.000259373
-0.000164362
-8.43263e-05
-4.86879e-05
-5.4246e-05
-8.56266e-05
-0.000125877
-0.000187311
-0.000268698
-0.000302918
-0.000175764
2.41121e-05
0.000151343
0.000137171
5.7937e-05
-4.94339e-05
-0.000118573
-0.000122539
-0.000142022
-0.000186666
-0.000162126
-0.000155191
-0.000149739
-0.00012621
-0.000139197
-0.000154512
-0.000158374
-0.000165252
-0.000119119
4.89304e-05
0.000217347
0.000200055
-3.26474e-05
-0.000224143
-0.000277643
-0.000227033
-0.00015134
-0.000165396
-0.000283712
-0.000317316
-0.000264973
-0.000168802
-8.72935e-05
-4.91322e-05
-5.70823e-05
-9.0636e-05
-0.000132523
-0.000190307
-0.00027166
-0.000310451
-0.000183109
2.64003e-05
0.000161649
0.000150432
5.39361e-05
-6.44516e-05
-0.0001334
-0.000128878
-0.000146414
-0.000197806
-0.000170531
-0.000156142
-0.000149119
-0.000133422
-0.00015034
-0.000164142
-0.000154782
-0.000162583
-0.000129906
3.41078e-05
0.000216476
0.000213079
-1.8826e-05
-0.000231745
-0.00029378
-0.000245667
-0.000163718
-0.000173478
-0.000289327
-0.000324402
-0.000269869
-0.000175322
-9.36057e-05
-5.10075e-05
-5.83306e-05
-9.37072e-05
-0.000136323
-0.000192032
-0.000270243
-0.000314146
-0.00018736
2.64273e-05
0.000171506
0.00017454
5.53554e-05
-8.45343e-05
-0.0001539
-0.000144509
-0.000162161
-0.00021769
-0.000184142
-0.000154464
-0.000130044
-0.000108334
-0.000150945
-0.000176446
-0.000163601
-0.000157938
-0.000137994
1.75823e-05
0.000204704
0.000226006
4.27796e-07
-0.000236526
-0.000311173
-0.000272293
-0.00018869
-0.00018732
-0.00029408
-0.000329413
-0.000271676
-0.000181273
-0.00010863
-6.29141e-05
-6.28807e-05
-9.60638e-05
-0.00013872
-0.000193833
-0.000265035
-0.000314564
-0.00018892
2.76138e-05
0.000173572
0.000203163
7.84459e-05
-9.7643e-05
-0.000170124
-0.000162318
-0.000189644
-0.000255973
-0.000210474
-0.000160488
-0.000117926
-6.73755e-05
-0.000136731
-0.000162276
-0.000155526
-0.000164578
-0.000148109
-1.7258e-05
0.000175495
0.000239879
1.79741e-05
-0.000235733
-0.000319288
-0.000293626
-0.000219119
-0.00020652
-0.0002927
-0.000329269
-0.000272191
-0.000184241
-0.000123053
-9.59787e-05
-8.19182e-05
-0.000107698
-0.000143576
-0.00019198
-0.000267941
-0.000320713
-0.000201484
1.8025e-05
0.000171067
0.000220172
0.000117003
-8.86179e-05
-0.000180286
-0.0001713
-0.000220184
-0.000300321
-0.000227882
-0.000160493
-0.000141682
-0.000101602
-0.000153616
-0.000147829
-0.000125308
-0.000161109
-0.000168788
-7.01597e-05
0.000117546
0.00022033
2.29704e-05
-0.000235663
-0.000310835
-0.000293983
-0.000240743
-0.000227806
-0.000297942
-0.000326263
-0.000269493
-0.000184003
-0.000131887
-0.000115458
-0.000104693
-0.000128058
-0.000155372
-0.000187588
-0.000270273
-0.000320929
-0.000217318
-9.41335e-06
0.00015385
0.000218358
0.000162548
-4.14623e-05
-0.000179863
-0.000185395
-0.000237662
-0.000315944
-0.000232098
-0.00015696
-0.000143211
-0.000118325
-0.000135359
-0.000139316
-0.000106012
-0.00013829
-0.000167302
-9.88522e-05
4.21632e-05
0.000176902
1.20442e-05
-0.000256627
-0.000311519
-0.00027829
-0.000237782
-0.000241191
-0.000313222
-0.000333693
-0.00026529
-0.000180962
-0.000135024
-0.000132764
-0.000126562
-0.000146543
-0.000168695
-0.000189534
-0.000245576
-0.000314082
-0.000247071
-4.23676e-05
0.000127595
0.000175087
0.000147564
3.11559e-06
-0.000160995
-0.000197781
-0.000253094
-0.000308506
-0.000228128
-0.000158505
-0.000156364
-7.93241e-05
-5.65828e-05
-7.57374e-05
-9.38555e-05
-0.000123118
-0.000131096
-8.98583e-05
6.597e-06
9.89185e-05
-2.22939e-05
-0.000241996
-0.000302709
-0.000260862
-0.0002117
-0.000233259
-0.000312436
-0.000340696
-0.000262291
-0.000178338
-0.000140074
-0.000138516
-0.000138704
-0.000155139
-0.000168439
-0.000184748
-0.000246917
-0.000330201
-0.000261628
-2.84564e-05
0.00013565
0.000151858
0.000115814
3.257e-06
-0.000138538
-0.000202992
-0.000258874
-0.00029927
-0.000218104
-0.00014846
-0.000170969
-0.000103121
-1.28438e-05
-2.42909e-06
-4.69901e-05
-0.00011862
-0.000115284
-7.65257e-05
7.56387e-07
6.06416e-05
-2.76374e-05
-0.000218414
-0.000285311
-0.000271286
-0.000183863
-0.000202432
-0.000294789
-0.000332403
-0.000253578
-0.00016891
-0.000137709
-0.000143271
-0.000133667
-0.000147116
-0.000158144
-0.000185212
-0.0002633
-0.000349671
-0.000258818
3.8172e-06
0.000180089
0.000199536
0.000109518
4.30902e-06
-0.000127961
-0.000212011
-0.000259026
-0.000286409
-0.000210772
-0.000149194
-0.000187175
-0.000127782
-2.5006e-05
4.03555e-05
5.64395e-06
-9.65704e-05
-0.000123521
-7.31391e-05
8.9495e-07
2.73172e-05
-5.48158e-05
-0.000235342
-0.000289482
-0.000290403
-0.000192746
-0.000194008
-0.000283852
-0.000327089
-0.000237797
-0.000130636
-0.000121156
-0.000150667
-0.000146957
-0.000133892
-0.000144007
-0.000148149
-0.000225933
-0.000335372
-0.000256535
1.94511e-06
0.000170687
0.000180507
9.42594e-05
-3.41404e-06
-0.000116942
-0.000198818
-0.000254574
-0.000287389
-0.000205992
-0.000140187
-0.000190758
-0.000149186
-4.0279e-05
6.15658e-05
5.18238e-05
-7.05765e-05
-0.000136454
-9.17162e-05
-1.34509e-05
-3.89703e-06
-0.000115199
-0.000259268
-0.000286429
-0.000276831
-0.000195457
-0.000189015
-0.000278881
-0.00032596
-0.000213704
-9.85929e-05
-9.88432e-05
-0.000164086
-0.000173866
-0.000133235
-0.000129027
-0.000140148
-0.000184344
-0.000295232
-0.000278459
-4.10468e-05
0.000141985
0.000138369
6.15442e-05
-2.47265e-05
-0.000112754
-0.000171234
-0.000242542
-0.00029157
-0.000217836
-0.000122713
-0.000180588
-0.000154141
-4.50335e-05
6.8837e-05
7.86371e-05
-6.30055e-05
-0.000153336
-0.0001089
-4.46579e-05
-5.69456e-05
-0.000156527
-0.000230275
-0.000224785
-0.000203091
-0.000185464
-0.000198614
-0.000270726
-0.000278079
-0.000171416
-5.69184e-05
-8.20231e-05
-0.000192294
-0.000212162
-0.000140765
-0.000108119
-0.00011996
-0.000148376
-0.000245011
-0.000258598
-6.6966e-05
0.00013744
0.000125646
3.74502e-05
-4.17402e-05
-0.000108313
-0.0001421
-0.000210586
-0.00029389
-0.000257955
-0.000125242
-0.000144159
-0.000161374
-7.40703e-05
5.3291e-05
6.37572e-05
-6.12798e-05
-0.000167001
-0.00011492
-7.95563e-05
-8.83893e-05
-0.000161437
-0.000229573
-0.000227954
-0.000194823
-0.000172242
-0.000193371
-0.000260792
-0.000292163
-0.000148979
-8.51189e-06
-4.24963e-05
-0.000177844
-0.000251541
-0.000167808
-8.46042e-05
-8.55105e-05
-0.00011895
-0.000166895
-0.000208104
-7.23446e-05
0.000112521
0.00011262
3.19593e-05
-4.37729e-05
-0.000104705
-0.000131699
-0.00017846
-0.000268383
-0.000292214
-0.000168695
-0.000117788
-0.000150859
-0.000101456
-2.8495e-06
2.90601e-05
-5.61156e-05
-0.000148298
-0.00011398
-8.84958e-05
-0.000103776
-0.000171247
-0.000231456
-0.000247625
-0.000220933
-0.000181774
-0.000165265
-0.000224402
-0.000281631
-0.0001974
-6.33946e-05
-6.225e-05
-0.000180906
-0.000261779
-0.000184069
-9.43391e-05
-7.17597e-05
-9.77327e-05
-0.000157169
-0.000187197
-6.70726e-05
3.88894e-05
8.58094e-05
1.92912e-05
-4.886e-05
-9.89355e-05
-0.000146879
-0.000197023
-0.000241077
-0.000253474
-0.000169782
-9.33548e-05
-0.000105592
-9.32084e-05
-3.73972e-05
-9.15757e-06
-5.59823e-05
-0.000127599
-0.000107439
-0.000102019
-0.000124152
-0.00018862
-0.000236288
-0.000243031
-0.000226278
-0.000199757
-0.000185789
-0.000206588
-0.000247839
-0.000226507
-0.000122717
-0.000122073
-0.000228464
-0.000287104
-0.000200191
-0.000116359
-8.23685e-05
-9.72902e-05
-0.000136567
-0.000158785
-8.24481e-05
5.11743e-05
7.73325e-05
2.70113e-05
-7.52995e-05
-0.000131003
-0.000175656
-0.000205532
-0.000215147
-0.000214333
-0.000158246
-8.72908e-05
-8.35538e-05
-8.56263e-05
-5.01062e-05
-3.09187e-05
-4.8101e-05
-9.47997e-05
-8.67736e-05
-0.000108698
-0.000137863
-0.000189984
-0.000225098
-0.000221814
-0.000206145
-0.000194684
-0.000193452
-0.000201992
-0.000222212
-0.000187412
-0.000126107
-0.000136339
-0.000233648
-0.000280978
-0.000218624
-0.00012238
-7.44106e-05
-9.48627e-05
-0.000113935
-0.000137557
-0.000107666
-2.2851e-05
9.64719e-06
-2.73717e-05
-5.94284e-05
-0.000124841
-0.000153127
-0.000172511
-0.000174303
-0.00015662
-0.000120243
-8.09107e-05
-7.5976e-05
-7.5643e-05
-5.32902e-05
-4.49508e-05
-4.70327e-05
-6.6126e-05
-4.94923e-05
-7.5043e-05
-0.000128053
-0.000185244
-0.000220262
-0.000221287
-0.000202209
-0.000181506
-0.000173147
-0.000192321
-0.000214422
-0.000186078
-0.000129075
-0.000132132
-0.000214348
-0.00026472
-0.000217798
-0.000119298
-5.31152e-05
-6.55843e-05
-0.000100102
-0.000121201
-0.000121859
-9.07203e-05
-6.89584e-05
-9.22314e-05
-0.000128302
-0.000160473
-0.000180144
-0.000180531
-0.000172639
-0.000142457
-9.81786e-05
-6.44011e-05
-7.10841e-05
-8.94531e-05
-5.57788e-05
-8.09704e-05
-5.16113e-05
-4.24541e-05
-4.63992e-05
-7.10797e-05
-0.000116688
-0.000174728
-0.000223076
-0.000243588
-0.000230965
-0.000192754
-0.000152551
-0.000153189
-0.000187412
-0.000187534
-0.000146215
-0.000129114
-0.000174217
-0.000216154
-0.000196089
-0.000119325
-4.50968e-05
-2.68889e-05
-5.78631e-05
-9.26724e-05
-0.000112462
-9.85785e-05
-8.03091e-05
-9.69632e-05
-0.000135673
-0.000187549
-0.000205306
-0.000210583
-0.000192903
-0.000161431
-0.000123927
-9.50406e-05
-9.14739e-05
-0.000119443
-6.73386e-05
-4.80433e-05
-6.28959e-05
-3.11831e-05
-6.20293e-05
-8.92349e-05
-0.000135556
-0.000187198
-0.000227072
-0.00024872
-0.000253049
-0.000218915
-0.000169519
-0.000136457
-0.000144819
-0.000164828
-0.000158219
-0.000152452
-0.000165158
-0.000179245
-0.000161161
-0.000101316
-3.67616e-05
2.65277e-06
-5.63972e-06
-3.16699e-05
-6.38303e-05
-5.97231e-05
-5.05769e-05
-5.39505e-05
-9.33555e-05
-0.000148014
-0.000190886
-0.000206388
-0.000196026
-0.000172028
-0.000131742
-9.8639e-05
-8.06098e-05
-8.15846e-05
-7.34873e-05
-6.39486e-05
-5.36099e-05
-5.89794e-05
-6.93245e-05
-9.84544e-05
-0.000138251
-0.000165133
-0.000174786
-0.000188556
-0.000204521
-0.000200623
-0.000165628
-0.000132043
-0.000135581
-0.000162453
-0.000150019
-0.000139428
-0.000138379
-0.00013637
-0.000137941
-0.00012416
-9.17541e-05
-5.05072e-05
-3.64151e-05
-4.30217e-05
-6.39819e-05
-6.22442e-05
-4.17581e-05
-1.5209e-05
-5.36928e-05
-0.000104687
-0.000146395
-0.000162571
-0.000159458
-0.000149618
-0.000128931
-0.000102898
-7.36974e-05
-6.30137e-05
-6.38281e-05
-6.52309e-05
-6.09492e-05
-5.95169e-05
-4.24798e-05
-6.80518e-05
-0.000128224
-0.000172304
-0.000183488
-0.000164011
-0.000157965
-0.000156232
-0.000148036
-0.000136866
-0.000135338
-0.000140867
-0.000138169
-0.000131755
-0.000132625
-0.000132382
-0.00011661
-8.66856e-05
-6.15805e-05
-5.4824e-05
-6.37919e-05
-7.8116e-05
-8.91444e-05
-8.42413e-05
-6.84336e-05
-5.85936e-05
-7.11019e-05
-9.69245e-05
-0.000124966
-0.000141099
-0.000151713
-0.000154679
-0.00014671
-0.000132277
-0.000109242
-8.53622e-05
-7.41167e-05
-7.76299e-05
-7.08252e-05
-4.60646e-05
-4.77643e-05
-5.73375e-05
-9.56752e-05
-0.000141627
-0.000166966
-0.000172953
-0.000166417
-0.00015966
-0.000151093
-0.000142596
-0.00014178
-0.000144232
-0.0001365
-0.000119661
-0.000105207
-9.87419e-05
-9.78082e-05
-9.13494e-05
-7.51771e-05
-6.76689e-05
-8.00103e-05
-9.69318e-05
-0.000100507
-8.6379e-05
-6.81455e-05
-6.07157e-05
-7.6904e-05
-0.00010233
-0.00011955
-0.000125447
-0.000127666
-0.000131014
-0.000137805
-0.000139931
-0.000129025
-0.000109667
-9.09108e-05
-7.57966e-05
-6.39061e-05
-5.48092e-05
0.000104356
0.000312787
0.000174091
-0.000103797
-0.000278297
-0.000338282
-0.000263756
-0.000129153
-7.56192e-05
-0.000106308
-0.000154793
-0.000151271
-0.000115899
-9.78172e-05
-0.000113038
-0.000136371
-0.000163619
-0.000186636
-0.000204821
-0.000232732
-0.000241249
-0.000177504
-8.12293e-05
-2.64608e-05
5.76695e-06
1.82634e-05
2.81359e-05
2.04809e-05
-2.23286e-05
-9.26896e-05
-0.000156926
-0.000158509
-0.000140691
-0.000113117
-5.14051e-05
-1.83816e-05
-2.09748e-05
-8.0769e-05
-0.000150803
-0.000128609
0.000100414
0.000314973
0.000178045
-0.000102026
-0.000278446
-0.000338069
-0.000264215
-0.000128556
-7.3931e-05
-0.000103824
-0.000154557
-0.000150942
-0.000115324
-9.63436e-05
-0.000111697
-0.000135559
-0.000163365
-0.000186856
-0.000205008
-0.000233314
-0.000241835
-0.000177603
-8.01283e-05
-2.64556e-05
5.6351e-06
1.73315e-05
2.87128e-05
2.31643e-05
-2.00893e-05
-9.13811e-05
-0.000157179
-0.000159127
-0.000140828
-0.000113562
-5.2789e-05
-2.09051e-05
-2.32014e-05
-8.11718e-05
-0.000152832
-0.000133139
9.57873e-05
0.000320858
0.000187077
-0.000100521
-0.000278861
-0.000339404
-0.000267044
-0.000129031
-7.24869e-05
-0.000101531
-0.000156853
-0.000153453
-0.00011687
-9.62466e-05
-0.000111782
-0.000135968
-0.000163578
-0.000187684
-0.000205365
-0.000234633
-0.000242974
-0.000178312
-7.96225e-05
-2.61932e-05
5.16835e-06
1.62583e-05
3.27157e-05
2.74282e-05
-1.76776e-05
-9.28523e-05
-0.000161967
-0.000161855
-0.000140961
-0.000113584
-5.38033e-05
-2.1823e-05
-2.5055e-05
-8.99154e-05
-0.000159473
-0.000139362
8.60857e-05
0.000328612
0.000201145
-9.9856e-05
-0.000279292
-0.000342492
-0.000273694
-0.000131916
-7.22678e-05
-0.000103627
-0.000164252
-0.000161408
-0.000123306
-0.000100808
-0.000115056
-0.000140134
-0.000167019
-0.000190029
-0.000205427
-0.000236169
-0.000244557
-0.000179581
-8.24954e-05
-2.77507e-05
4.26348e-06
1.48529e-05
3.43755e-05
3.20838e-05
-1.4191e-05
-9.57395e-05
-0.000172911
-0.000168556
-0.000140765
-0.000112519
-5.13135e-05
-2.29127e-05
-2.61919e-05
-9.81573e-05
-0.000177507
-0.000158561
5.94838e-05
0.000326854
0.000217742
-9.70356e-05
-0.000280649
-0.000347594
-0.000284866
-0.000138259
-7.37783e-05
-0.000111415
-0.000178968
-0.000176784
-0.000135832
-0.00011015
-0.00012249
-0.000149172
-0.000176186
-0.000197053
-0.000206002
-0.000235171
-0.000244874
-0.000181947
-8.42587e-05
-2.45181e-05
1.01858e-06
1.06598e-05
3.38403e-05
3.49963e-05
-1.09089e-05
-9.60167e-05
-0.000185927
-0.00017964
-0.000141375
-0.000112284
-5.19654e-05
-2.7643e-05
-3.56569e-05
-0.000107892
-0.000196626
-0.000187646
1.98691e-05
0.000310422
0.000227233
-9.32879e-05
-0.000284264
-0.000354843
-0.000299859
-0.000149481
-7.69919e-05
-0.00012661
-0.000200416
-0.000198759
-0.000151739
-0.0001215
-0.00013141
-0.000157736
-0.000186576
-0.000209291
-0.000208983
-0.000230012
-0.000242087
-0.000181951
-8.81529e-05
-1.83204e-05
-5.61144e-06
-1.58246e-06
2.55999e-05
3.32166e-05
-8.85732e-06
-9.33243e-05
-0.000199803
-0.000194783
-0.000142606
-0.000114652
-6.1442e-05
-4.58014e-05
-5.28456e-05
-0.000124577
-0.000204937
-0.000212541
-1.39924e-05
0.000270701
0.000224207
-9.28157e-05
-0.000285937
-0.000360813
-0.000320278
-0.000168585
-8.44418e-05
-0.000142211
-0.00022264
-0.000222076
-0.000164403
-0.000126414
-0.000135599
-0.00016399
-0.000190404
-0.000215833
-0.000212248
-0.000222742
-0.000225959
-0.000178185
-9.46038e-05
-1.48879e-05
1.1129e-06
-2.76916e-05
3.58975e-06
2.00705e-05
-9.50231e-06
-8.84512e-05
-0.000215556
-0.000214947
-0.000143859
-0.000118697
-8.82917e-05
-8.70431e-05
-6.99944e-05
-0.000123402
-0.000202129
-0.00022076
-4.88602e-05
0.000237481
0.000209525
-0.000103544
-0.000283671
-0.000351706
-0.000332495
-0.000194669
-0.000102982
-0.000165776
-0.00024504
-0.000244436
-0.000173005
-0.000117718
-0.000124936
-0.000162975
-0.000190444
-0.000214008
-0.000212112
-0.000217122
-0.000219293
-0.000174256
-9.1757e-05
-1.08755e-05
1.18785e-05
-2.56201e-05
-2.85624e-05
-1.08462e-05
-1.96874e-05
-8.61843e-05
-0.000234071
-0.000238534
-0.000141904
-0.00012455
-0.000120968
-0.000139499
-0.000101369
-0.000100796
-0.000181303
-0.00023335
-9.1318e-05
0.000172968
0.000165181
-0.000135998
-0.000285138
-0.000312322
-0.00030655
-0.000211158
-0.00012846
-0.00019429
-0.000268019
-0.000262817
-0.00018289
-0.000104893
-9.93147e-05
-0.000147724
-0.000186628
-0.000209366
-0.000205411
-0.00021501
-0.000231734
-0.000190666
-9.37937e-05
9.98588e-06
2.76775e-05
-5.03787e-07
-4.67232e-05
-5.08963e-05
-6.21472e-05
-0.000103424
-0.000241709
-0.000254427
-0.000133448
-0.000126496
-0.000131271
-0.000150044
-0.000128892
-0.000104616
-0.000161538
-0.000223553
-0.000131855
9.77142e-05
9.17071e-05
-0.000186109
-0.000306654
-0.000248188
-0.000236074
-0.000188755
-0.000138672
-0.000211352
-0.000284628
-0.000274167
-0.000202431
-0.000115996
-7.56655e-05
-0.000124611
-0.000178892
-0.000199669
-0.000186846
-0.000208833
-0.000264522
-0.000245411
-0.000130346
2.85415e-05
5.86063e-05
2.37038e-05
-3.16137e-05
-0.00011346
-0.000140379
-0.000166037
-0.000253895
-0.000230959
-0.000109138
-0.00011802
-0.000126554
-0.000121246
-0.000114372
-0.000120132
-0.000162785
-0.000197227
-0.000133108
4.48703e-05
3.94098e-05
-0.000181908
-0.000318244
-0.000261124
-0.000173059
-0.000138889
-0.000129149
-0.000215627
-0.000288953
-0.000271439
-0.000201619
-0.000136045
-7.66056e-05
-9.34291e-05
-0.000158672
-0.000184065
-0.000164894
-0.000192089
-0.000291232
-0.000317403
-0.000173317
2.3865e-05
7.90738e-05
4.40753e-05
-6.69697e-06
-0.000111514
-0.000204866
-0.000229983
-0.000255401
-0.000197786
-7.75926e-05
-0.000100822
-0.000148721
-0.000101708
-7.78512e-05
-0.000116655
-0.000175
-0.000185727
-0.000128473
2.23984e-05
5.94419e-06
-0.00017841
-0.000305331
-0.000271743
-0.000138637
-0.000107767
-0.000117106
-0.000210234
-0.000281354
-0.000203088
-0.000167994
-0.000142
-0.000103182
-9.71815e-05
-0.00013991
-0.000178688
-0.000168067
-0.000173439
-0.000274329
-0.000309122
-0.000186381
2.42847e-06
7.14317e-05
3.75669e-05
2.82199e-06
-9.69586e-05
-0.000204412
-0.000252723
-0.000254149
-0.000176118
-6.20603e-05
-8.27729e-05
-0.000152255
-0.000105245
-6.04973e-05
-0.000108924
-0.00018954
-0.000201479
-0.000125572
-1.24029e-06
-1.18125e-05
-0.000184997
-0.000318004
-0.000289285
-0.000130434
-9.87859e-05
-0.000102863
-0.00020476
-0.000288236
-0.000218669
-0.000142027
-0.000122299
-0.00011573
-0.00011935
-0.000142875
-0.000177605
-0.000175164
-0.000176772
-0.000253588
-0.000310209
-0.000205371
-1.33301e-05
6.61985e-05
3.84332e-05
3.89097e-06
-7.98995e-05
-0.00021007
-0.000272041
-0.000288178
-0.000190895
-6.514e-05
-6.35957e-05
-0.000139286
-0.000115222
-6.61396e-05
-0.000114264
-0.000202954
-0.000217753
-0.000124644
-2.67832e-05
-3.36321e-05
-0.000190066
-0.000367546
-0.000318428
-0.00014958
-9.02879e-05
-9.05764e-05
-0.000215133
-0.000317059
-0.000233141
-9.67617e-05
-8.33245e-05
-0.00011051
-0.000138382
-0.000162438
-0.000171536
-0.000163269
-0.000169024
-0.0002255
-0.000302945
-0.000208384
-2.77325e-06
9.97969e-05
6.3317e-05
7.2249e-06
-6.87692e-05
-0.000196681
-0.000313799
-0.000344997
-0.000228888
-6.24125e-05
-2.9579e-05
-0.00010591
-0.000102553
-7.32825e-05
-0.000151302
-0.000221931
-0.000217267
-0.000117704
-4.90398e-05
-6.18686e-05
-0.000202915
-0.000335496
-0.000318415
-0.000183226
-0.000118547
-0.000106249
-0.000228411
-0.000320758
-0.000219511
-3.18195e-05
-3.06624e-05
-0.000102977
-0.00017833
-0.000198416
-0.000177295
-0.000155214
-0.000127487
-0.00018513
-0.000251003
-0.000158927
2.1892e-05
9.88619e-05
6.49749e-05
-2.05746e-06
-7.50594e-05
-0.000169074
-0.000284789
-0.000356145
-0.000244226
-5.32343e-05
3.4886e-06
-8.59286e-05
-9.93602e-05
-7.0397e-05
-0.000138459
-0.000221114
-0.000205283
-9.93152e-05
-5.72452e-05
-8.86882e-05
-0.000219623
-0.000328161
-0.000316909
-0.000200494
-0.000127697
-0.000124503
-0.000201491
-0.000295142
-0.000208815
-1.75683e-05
1.04173e-05
-0.000108947
-0.000227472
-0.000222735
-0.000176714
-0.000144398
-0.000115253
-0.000182688
-0.000212093
-0.000118225
4.24218e-05
9.41952e-05
5.83572e-05
-1.45018e-05
-8.57804e-05
-0.000149358
-0.000217311
-0.00028956
-0.000212044
-5.09133e-05
1.83862e-05
-7.06215e-05
-0.000106077
-8.33865e-05
-0.000104861
-0.000161647
-0.000161956
-7.23861e-05
-5.06066e-05
-0.000116692
-0.000247573
-0.000323119
-0.000304612
-0.000210092
-0.000140545
-0.000126383
-0.000171326
-0.000241099
-0.000208899
-6.65416e-05
-3.17312e-05
-0.000118471
-0.000247721
-0.000283072
-0.000196572
-0.000134597
-9.35149e-05
-0.000139177
-0.000196062
-0.000119544
3.37923e-05
0.000101763
7.71819e-05
-2.15967e-05
-0.000107849
-0.000170222
-0.000194462
-0.000225334
-0.000191624
-8.58479e-05
-1.71541e-05
-7.68682e-05
-9.27398e-05
-8.05682e-05
-7.0445e-05
-0.000100863
-0.000106842
-7.51996e-05
-6.62447e-05
-0.000117315
-0.000223142
-0.0002863
-0.000271755
-0.000204854
-0.00014037
-0.000122766
-0.000169274
-0.000226296
-0.000206742
-0.000147265
-9.60212e-05
-0.000168087
-0.000267634
-0.000315475
-0.000219042
-0.000145677
-0.000101728
-0.000104312
-0.000151358
-0.00011591
-3.13052e-06
0.000106478
0.000120082
-4.0576e-06
-0.000114315
-0.00018027
-0.00019987
-0.000192141
-0.000165486
-9.2541e-05
-4.52171e-05
-7.63355e-05
-9.40205e-05
-8.1726e-05
-6.32141e-05
-7.35852e-05
-0.000106793
-6.46352e-05
-7.57314e-05
-0.000109029
-0.00018753
-0.00023737
-0.000231836
-0.000186305
-0.000132226
-9.98176e-05
-0.000148459
-0.000208827
-0.000198943
-0.000132466
-0.000112059
-0.000193416
-0.000287911
-0.000299428
-0.00021747
-0.000142673
-0.000106678
-9.72424e-05
-0.000105642
-8.93036e-05
-4.19427e-05
-2.57562e-07
2.36895e-05
-8.62088e-06
-7.66977e-05
-0.000138036
-0.000165817
-0.000159455
-0.000133646
-8.81125e-05
-5.00325e-05
-6.54583e-05
-8.02574e-05
-6.26179e-05
-5.05066e-05
-6.28149e-05
-6.21403e-05
-5.10823e-05
-6.68633e-05
-0.000104405
-0.000158255
-0.000201947
-0.00021256
-0.000191444
-0.000156106
-0.000115193
-0.000132644
-0.000183555
-0.000184302
-0.000135692
-0.000132639
-0.000202825
-0.00025894
-0.000262908
-0.000185765
-0.000114975
-9.85039e-05
-9.67896e-05
-9.24453e-05
-8.47095e-05
-8.79112e-05
-8.89022e-05
-8.76015e-05
-0.000100953
-0.000131529
-0.000165089
-0.000174733
-0.000165537
-0.000125568
-8.30111e-05
-6.01082e-05
-7.532e-05
-8.73822e-05
-4.93541e-05
-5.40688e-06
-3.64015e-05
-4.41047e-05
-4.35621e-05
-7.25789e-05
-0.000110671
-0.000156481
-0.000195768
-0.000214183
-0.000208371
-0.000172835
-0.000133466
-0.000119187
-0.000150468
-0.00016526
-0.000137381
-0.000134478
-0.000182318
-0.000230204
-0.000230513
-0.000178295
-9.47748e-05
-5.33959e-05
-5.56179e-05
-7.30344e-05
-8.50815e-05
-0.000104106
-0.000114831
-0.000107486
-0.000135597
-0.000159506
-0.000193598
-0.00019219
-0.000173932
-0.00014851
-0.000117686
-9.58596e-05
-9.7834e-05
-9.93219e-05
-6.32536e-05
-3.34901e-05
-5.31616e-06
-1.99618e-06
-5.4478e-05
-8.25469e-05
-0.000127002
-0.000174554
-0.000208749
-0.000224544
-0.00022691
-0.000201239
-0.000160724
-0.000126365
-0.000130234
-0.000146529
-0.000150338
-0.000150522
-0.000166616
-0.000188764
-0.000183187
-0.000139591
-7.56277e-05
-2.43598e-05
-1.73698e-05
-3.71709e-05
-5.89164e-05
-6.62903e-05
-5.77706e-05
-5.47573e-05
-8.34024e-05
-0.000127738
-0.000165839
-0.000176391
-0.000165865
-0.000148123
-0.000127447
-0.000108183
-9.86893e-05
-9.95335e-05
-8.07206e-05
-6.14664e-05
-3.97537e-05
-5.62288e-05
-4.44647e-05
-7.85391e-05
-0.000127422
-0.000167582
-0.000189944
-0.000202418
-0.000207224
-0.000188514
-0.000149386
-0.000122572
-0.000127663
-0.000132795
-0.000138671
-0.000132911
-0.000131384
-0.000131867
-0.000136393
-0.000135498
-0.000119599
-8.03183e-05
-4.52276e-05
-4.33864e-05
-6.00455e-05
-6.88864e-05
-5.93975e-05
-6.81359e-05
-6.74495e-05
-0.000105793
-0.000136187
-0.000146197
-0.000145757
-0.000140348
-0.000122972
-0.000102813
-8.00957e-05
-6.33102e-05
-6.36391e-05
-5.68305e-05
-4.23737e-05
-3.18286e-05
-2.44232e-05
-3.73137e-05
-8.98517e-05
-0.00014561
-0.000177824
-0.000182079
-0.000178386
-0.000170574
-0.000153135
-0.000132854
-0.000126332
-0.000131275
-0.000136908
-0.000131761
-0.000131617
-0.000126647
-0.000113022
-9.50928e-05
-8.22437e-05
-7.615e-05
-7.4471e-05
-7.89966e-05
-8.87482e-05
-9.27901e-05
-8.48097e-05
-7.62042e-05
-7.0516e-05
-8.22423e-05
-0.000104989
-0.000125608
-0.000138191
-0.000137667
-0.000128332
-0.000115916
-9.90242e-05
-7.74448e-05
-6.68844e-05
-6.38895e-05
-6.35371e-05
-4.4843e-05
-4.13374e-05
-4.51803e-05
-8.09888e-05
-0.000126985
-0.00016215
-0.000172901
-0.000168986
-0.000159458
-0.000147878
-0.000138026
-0.000136235
-0.000140211
-0.000134628
-0.000117576
-0.000101823
-9.65472e-05
-0.000100935
-9.84682e-05
-8.48636e-05
-7.0295e-05
-7.60342e-05
-8.80195e-05
-9.47006e-05
-9.07087e-05
-8.35876e-05
-8.26495e-05
-9.23494e-05
-0.000103616
-0.000107924
-0.00010822
-0.000109059
-0.000113487
-0.000121373
-0.00012722
-0.000124937
-0.000113592
-9.60965e-05
-7.93193e-05
-6.40773e-05
-5.06207e-05
-6.48534e-05
3.08871e-05
-9.92574e-05
-0.000330934
-0.000461006
-0.000427088
-0.000264284
-8.06713e-05
-2.70185e-05
-4.27566e-05
-4.32388e-05
-3.81549e-05
-8.44388e-05
-0.000139625
-0.00016479
-0.000181531
-0.000213737
-0.000237525
-0.000223341
-0.000213037
-0.000215822
-0.000197379
-0.000159031
-0.000103443
-5.57468e-05
-5.76786e-05
-4.91187e-05
1.38117e-05
5.49983e-05
2.3981e-05
-6.22381e-06
-2.57079e-05
-8.85385e-05
-0.000189695
-0.000203472
-0.000109461
-2.10458e-05
-3.45345e-05
-0.000129241
-0.00017104
-6.67368e-05
3.14301e-05
-9.89295e-05
-0.000332187
-0.00046279
-0.000430637
-0.000266889
-7.96105e-05
-2.4509e-05
-4.16353e-05
-4.17306e-05
-3.63377e-05
-8.34507e-05
-0.000140101
-0.000165391
-0.000181655
-0.000213802
-0.000237662
-0.000222961
-0.00021254
-0.000215912
-0.000197786
-0.000159485
-0.000103666
-5.58106e-05
-5.84603e-05
-5.13042e-05
1.16489e-05
5.46735e-05
2.43579e-05
-5.09502e-06
-2.32556e-05
-8.66997e-05
-0.000189936
-0.000204901
-0.000110676
-2.10568e-05
-3.34104e-05
-0.000130656
-0.000173901
-7.33837e-05
3.12815e-05
-9.97211e-05
-0.000333964
-0.000466731
-0.000437114
-0.00027204
-7.76373e-05
-2.22489e-05
-4.211e-05
-4.18514e-05
-3.62416e-05
-8.52467e-05
-0.000143614
-0.00016789
-0.000182028
-0.000214728
-0.000239454
-0.000224536
-0.000212776
-0.000217283
-0.000199021
-0.000160501
-0.000104298
-5.67374e-05
-6.09259e-05
-5.59639e-05
7.96659e-06
5.06641e-05
2.1567e-05
-2.39116e-06
-1.86687e-05
-8.4294e-05
-0.000193073
-0.00020962
-0.000113339
-2.11624e-05
-3.18718e-05
-0.000135503
-0.000183398
-8.62951e-05
2.95662e-05
-9.79563e-05
-0.000335702
-0.000472449
-0.000446609
-0.000281019
-7.59266e-05
-2.00063e-05
-4.45466e-05
-4.4995e-05
-3.90655e-05
-9.0455e-05
-0.000151096
-0.000174897
-0.00018344
-0.000211408
-0.000238039
-0.000227531
-0.000215556
-0.000221425
-0.000202112
-0.000159843
-0.000102705
-5.92927e-05
-6.52518e-05
-6.18029e-05
3.73943e-06
4.59585e-05
9.66763e-06
-1.30985e-05
-1.70466e-05
-7.84596e-05
-0.000196007
-0.000216771
-0.000118861
-2.4032e-05
-3.04436e-05
-0.000142767
-0.000199574
-0.000105852
2.52063e-05
-9.50917e-05
-0.000339947
-0.000481662
-0.000460295
-0.000295269
-7.60276e-05
-1.5969e-05
-4.79244e-05
-5.24043e-05
-4.88929e-05
-0.00010174
-0.000159185
-0.000183084
-0.000190125
-0.000210899
-0.000227704
-0.000223366
-0.000218606
-0.000230078
-0.000208335
-0.000160555
-9.84098e-05
-5.68419e-05
-7.1226e-05
-7.03113e-05
-1.23645e-06
4.39169e-05
2.85384e-06
-3.63156e-05
-2.89677e-05
-7.62317e-05
-0.000191118
-0.000221488
-0.00012989
-3.56063e-05
-4.13215e-05
-0.000155162
-0.000219808
-0.000127695
1.76558e-05
-9.21308e-05
-0.000342966
-0.000492607
-0.000480659
-0.000315351
-7.75802e-05
-9.03036e-06
-5.07915e-05
-6.52608e-05
-6.90351e-05
-0.000120402
-0.000172142
-0.00019177
-0.000194323
-0.000221199
-0.000232223
-0.000219958
-0.000215737
-0.000235656
-0.000217582
-0.000162655
-9.46099e-05
-5.20196e-05
-7.61129e-05
-8.5482e-05
-1.07775e-05
4.03608e-05
2.70123e-06
-4.81764e-05
-4.73836e-05
-8.164e-05
-0.000184299
-0.000220877
-0.000149098
-6.22936e-05
-6.6024e-05
-0.000171005
-0.000237844
-0.000143783
8.15133e-06
-9.08266e-05
-0.000344425
-0.000498874
-0.000516719
-0.000338205
-7.80335e-05
4.41697e-06
-4.94178e-05
-8.20498e-05
-9.99895e-05
-0.000145078
-0.00019902
-0.000203951
-0.000199361
-0.000222219
-0.000243361
-0.00023072
-0.000213792
-0.000233171
-0.000224861
-0.000167237
-8.94685e-05
-4.94512e-05
-7.04627e-05
-0.000101655
-2.64341e-05
2.6531e-05
3.81318e-06
-5.0723e-05
-6.20466e-05
-8.99757e-05
-0.000180354
-0.000221375
-0.000175221
-0.000106667
-9.40666e-05
-0.000175313
-0.000246625
-0.000154864
-4.08751e-06
-9.6626e-05
-0.000343839
-0.000491091
-0.000513917
-0.000347931
-6.95978e-05
3.13265e-05
-3.78536e-05
-9.87237e-05
-0.000129314
-0.000170538
-0.000213994
-0.000212593
-0.000204767
-0.000220954
-0.000244237
-0.000239438
-0.000213755
-0.000225079
-0.000225928
-0.000173014
-8.52141e-05
-4.55856e-05
-6.62622e-05
-9.85389e-05
-6.01594e-05
7.25788e-07
-5.7721e-06
-4.75462e-05
-6.82632e-05
-9.78259e-05
-0.000181593
-0.000226493
-0.000200375
-0.00015704
-0.000126983
-0.000167231
-0.000232569
-0.00017015
-2.69292e-05
-0.000107012
-0.000338485
-0.000481274
-0.000514032
-0.000345717
-4.70947e-05
7.46648e-05
-1.58813e-05
-0.000114815
-0.0001572
-0.000197201
-0.000222142
-0.000214025
-0.000199816
-0.000217294
-0.000241694
-0.000231834
-0.000198015
-0.000208813
-0.00022393
-0.00018123
-8.22133e-05
-2.74023e-05
-6.10727e-05
-8.28122e-05
-5.25405e-05
-2.32511e-05
-3.54464e-05
-5.23802e-05
-6.5033e-05
-9.90326e-05
-0.000186062
-0.00023708
-0.000212422
-0.000191406
-0.000165018
-0.000167853
-0.000214244
-0.000154082
-5.137e-05
-0.000115781
-0.000307282
-0.000440812
-0.000527967
-0.000387844
-6.85954e-05
0.000117785
4.81955e-06
-0.000132181
-0.000180145
-0.000222438
-0.00025239
-0.000227958
-0.000188983
-0.000203546
-0.000234299
-0.000214332
-0.000162885
-0.000175809
-0.000221033
-0.000196831
-8.41998e-05
9.86371e-07
-3.14704e-05
-6.7179e-05
-4.5663e-05
-3.34725e-05
-6.10593e-05
-6.98968e-05
-6.88939e-05
-8.64483e-05
-0.000178364
-0.000250994
-0.000221415
-0.000205021
-0.00019582
-0.000179137
-0.000197932
-0.000137344
-6.6794e-05
-0.000112679
-0.00027548
-0.000377497
-0.000478612
-0.000427776
-0.000145311
8.33689e-05
9.27093e-07
-0.000153312
-0.000195419
-0.000234644
-0.000278121
-0.000253968
-0.00018735
-0.000177515
-0.000212147
-0.00019521
-0.000126279
-0.000140841
-0.00022342
-0.00021779
-9.47065e-05
2.1245e-05
7.67708e-06
-4.57134e-05
-3.75748e-05
-4.68066e-05
-9.29129e-05
-0.000107809
-7.48838e-05
-6.61865e-05
-0.000154039
-0.000245944
-0.000240363
-0.00021328
-0.000212053
-0.000191547
-0.000183292
-0.000132537
-8.82142e-05
-0.000115596
-0.000268166
-0.000350879
-0.000391048
-0.000386644
-0.000193106
1.13857e-05
-3.45143e-05
-0.000179563
-0.000195832
-0.00022114
-0.000272975
-0.000258986
-0.000189497
-0.000158284
-0.00018783
-0.000190089
-0.000122808
-0.000129875
-0.000227825
-0.000249889
-9.91496e-05
2.82044e-05
6.96903e-06
-3.62053e-05
-3.28692e-05
-6.67462e-05
-0.000141771
-0.000168211
-0.000102558
-4.45114e-05
-0.000113702
-0.000230055
-0.000256397
-0.000226044
-0.0002223
-0.000193399
-0.000169522
-0.000122342
-8.92025e-05
-0.00010755
-0.000265298
-0.000361153
-0.000334801
-0.00030725
-0.000192471
-5.3246e-05
-7.90707e-05
-0.000188482
-0.000197981
-0.000200878
-0.000247193
-0.00024139
-0.000183595
-0.000148925
-0.000174169
-0.000201698
-0.000154806
-0.000142521
-0.000224594
-0.000238922
-8.81737e-05
4.16085e-05
2.0021e-05
-3.69651e-05
-4.25867e-05
-9.41315e-05
-0.000183295
-0.000242038
-0.000159811
-4.14665e-05
-5.83256e-05
-0.00019106
-0.000237793
-0.000228268
-0.000226624
-0.00019138
-0.000157672
-9.68046e-05
-6.82501e-05
-9.02758e-05
-0.000244769
-0.000380759
-0.000345335
-0.000257615
-0.000166307
-8.20436e-05
-0.000120444
-0.00022277
-0.000214312
-0.000179167
-0.000196039
-0.000206312
-0.000173156
-0.000140944
-0.000153242
-0.000182338
-0.000173207
-0.000151796
-0.000204746
-0.000207265
-6.56976e-05
4.86388e-05
2.8287e-05
-4.36189e-05
-6.17578e-05
-0.000109291
-0.000205157
-0.000288535
-0.000208504
-5.18827e-05
1.52736e-06
-0.000122734
-0.000218395
-0.000250736
-0.000267706
-0.000204574
-0.000132014
-7.00933e-05
-5.17788e-05
-8.49344e-05
-0.000238486
-0.000394739
-0.000419068
-0.000252879
-0.000136152
-7.56902e-05
-0.000145826
-0.000264518
-0.000234866
-0.000154151
-0.000134831
-0.000166519
-0.000168153
-0.000152118
-0.000143321
-0.000152052
-0.000158016
-0.000156344
-0.000180802
-0.000154487
-9.64428e-06
8.74992e-05
4.47218e-05
-4.40444e-05
-8.57974e-05
-0.000120398
-0.000191703
-0.000260599
-0.000215117
-4.88717e-05
5.01097e-05
-3.55267e-05
-0.000159167
-0.00024445
-0.000266829
-0.000216618
-0.000114511
-5.09401e-05
-5.56417e-05
-0.000107169
-0.000243969
-0.00038886
-0.000397726
-0.000230837
-0.00010318
-7.86251e-05
-0.000148474
-0.000258983
-0.000224893
-9.93225e-05
-7.1641e-05
-0.000137981
-0.000188534
-0.000185843
-0.000165214
-0.000136931
-0.00012734
-0.000133406
-0.000158512
-0.000115552
3.5364e-05
0.000145387
0.000106875
-1.80192e-05
-0.000103689
-0.000144994
-0.000177699
-0.000203075
-0.000180545
-6.27435e-05
6.44435e-05
4.44152e-05
-8.99991e-05
-0.00018374
-0.000192989
-0.00015366
-9.67505e-05
-7.2888e-05
-7.20174e-05
-0.000136749
-0.000253975
-0.000365025
-0.000338043
-0.000175852
-8.41389e-05
-9.2384e-05
-0.00016432
-0.000266371
-0.000215781
-8.21831e-05
-5.54342e-05
-0.000136921
-0.000213127
-0.000231083
-0.00019135
-0.000140095
-0.00011648
-0.000124047
-0.000132234
-9.3577e-05
4.25796e-05
0.000154907
0.000133348
-5.00582e-07
-0.000122003
-0.000178494
-0.000190332
-0.000186087
-0.000151421
-7.65611e-05
-1.44397e-05
1.76226e-05
-6.01787e-05
-0.000106015
-0.000107501
-8.84763e-05
-7.93946e-05
-8.1083e-05
-9.18135e-05
-0.000145579
-0.000226979
-0.000294344
-0.000278699
-0.000199236
-9.90931e-05
-3.98308e-05
-0.00010947
-0.000220007
-0.000230353
-0.000126485
-7.78387e-05
-0.000158078
-0.000240603
-0.000266151
-0.000220073
-0.000153959
-0.0001139
-0.000113367
-0.000121578
-9.3572e-05
2.70789e-05
0.000122624
0.000108116
-8.86687e-06
-0.000125558
-0.000182514
-0.000193083
-0.000172396
-0.000129315
-7.52709e-05
-3.71762e-05
-2.91704e-05
-7.87311e-05
-9.96341e-05
-8.60651e-05
-8.08201e-05
-8.13155e-05
-7.33436e-05
-9.83895e-05
-0.000156198
-0.000203378
-0.000244914
-0.00023475
-0.000190129
-0.000113577
-5.28383e-05
-7.95483e-05
-0.000164251
-0.000200111
-0.000169656
-0.00011886
-0.000193247
-0.000267085
-0.000287694
-0.000234049
-0.000163964
-0.00011736
-0.000100757
-0.000105862
-8.73032e-05
-2.36389e-06
4.91317e-05
4.32719e-05
-4.60447e-05
-0.000128595
-0.000172095
-0.000185091
-0.00016555
-0.000137255
-9.15885e-05
-6.53656e-05
-7.51367e-05
-9.55681e-05
-8.72635e-05
-6.0944e-05
-6.16926e-05
-6.47162e-05
-6.13682e-05
-9.41794e-05
-0.000140082
-0.000177029
-0.000214928
-0.000206763
-0.000192587
-0.000147338
-7.34314e-05
-6.52166e-05
-0.000116918
-0.000154856
-0.00011347
-0.000120035
-0.000192791
-0.000274107
-0.000287922
-0.000227689
-0.000154561
-0.000113515
-9.99302e-05
-9.88203e-05
-9.09655e-05
-7.669e-05
-1.23157e-05
-2.68303e-05
-8.86592e-05
-0.00015598
-0.00019251
-0.000190775
-0.000161752
-0.000115123
-7.98328e-05
-6.17313e-05
-7.89731e-05
-0.000119967
-0.000109725
-5.21745e-05
-3.30031e-05
-4.12652e-05
-4.62715e-05
-9.24214e-05
-0.000143077
-0.000180091
-0.000200458
-0.000192331
-0.000171551
-0.000145132
-0.000107551
-6.6323e-05
-9.16432e-05
-0.000122512
-0.000104641
-0.000121797
-0.000175491
-0.000248151
-0.000263627
-0.000200494
-0.000125541
-7.83982e-05
-7.82224e-05
-9.09226e-05
-8.7882e-05
-6.10825e-05
-1.82169e-05
-4.35091e-05
-0.000103732
-0.000170375
-0.000204768
-0.000196398
-0.000170257
-0.000142867
-0.000116294
-0.000103169
-9.89054e-05
-0.000116616
-0.00012678
-8.02379e-05
-3.9432e-05
-2.42324e-05
-6.38304e-05
-9.13411e-05
-0.000140452
-0.00018368
-0.000207215
-0.0002029
-0.000176196
-0.000151466
-0.000124814
-0.000102815
-0.000108595
-0.000120935
-0.000137506
-0.000142481
-0.000165228
-0.000206425
-0.000218413
-0.000170664
-0.000110843
-6.0209e-05
-4.91236e-05
-6.2467e-05
-7.08076e-05
-6.1591e-05
-1.94109e-05
-2.82756e-05
-6.69414e-05
-0.000120439
-0.000154586
-0.000155035
-0.000139214
-0.000120512
-0.000106443
-9.50079e-05
-9.28007e-05
-0.000123868
-0.00011988
-0.000107978
-8.47473e-05
-6.25431e-05
-4.71409e-05
-6.62632e-05
-0.000115924
-0.000173541
-0.000216421
-0.000224986
-0.000203551
-0.000162239
-0.00012396
-0.000105599
-0.000109205
-0.000120301
-0.000129518
-0.00012184
-0.000133369
-0.000143103
-0.000155024
-0.000153777
-0.000119486
-8.34359e-05
-5.11008e-05
-5.60946e-05
-7.21787e-05
-7.51299e-05
-5.54148e-05
-5.02786e-05
-6.64988e-05
-0.000109621
-0.000138734
-0.000150068
-0.000145798
-0.00013169
-0.000119565
-9.96879e-05
-8.54211e-05
-6.81375e-05
-8.41651e-05
-8.42827e-05
-7.11652e-05
-5.78885e-05
-2.2967e-05
-3.17903e-05
-7.08313e-05
-0.000131849
-0.000179809
-0.000198364
-0.000191287
-0.000170529
-0.000146874
-0.00012673
-0.000119507
-0.000121444
-0.000125744
-0.000125591
-0.000127417
-0.000127437
-0.000121388
-0.000106649
-9.03504e-05
-8.15396e-05
-8.12255e-05
-8.19024e-05
-9.25902e-05
-0.000101182
-9.18123e-05
-7.98255e-05
-6.97304e-05
-7.96127e-05
-0.000104888
-0.000125598
-0.000131561
-0.000123654
-0.000110595
-9.68122e-05
-8.65089e-05
-7.25929e-05
-6.50103e-05
-6.199e-05
-6.17627e-05
-5.14937e-05
-5.58432e-05
-6.09359e-05
-8.93959e-05
-0.000128939
-0.00015934
-0.000171252
-0.000169276
-0.000159458
-0.000145712
-0.000137495
-0.000131158
-0.000132909
-0.000128395
-0.000111569
-9.54412e-05
-9.32231e-05
-0.000104049
-0.000107444
-9.62073e-05
-7.77976e-05
-7.53968e-05
-8.00035e-05
-8.61394e-05
-8.95822e-05
-9.09125e-05
-8.96133e-05
-9.37952e-05
-9.72572e-05
-9.58786e-05
-9.54935e-05
-9.52726e-05
-0.000101702
-0.000106466
-0.000108526
-0.000104714
-9.41282e-05
-8.26695e-05
-7.0189e-05
-6.2276e-05
-5.49343e-05
-5.7642e-05
-6.42673e-05
-0.000166243
-0.000307573
-0.000384657
-0.000367728
-0.000271753
-0.000135359
-3.27229e-05
1.31033e-05
2.73691e-05
5.01461e-05
8.89047e-06
-6.71156e-05
-0.000126992
-0.000162278
-0.000189153
-0.000180944
-0.00012563
-7.31044e-05
-0.000116942
-0.000182202
-0.000188971
-0.000118255
-3.81938e-05
-9.6248e-07
7.33842e-06
-5.2055e-06
-5.03556e-05
-8.72676e-05
-6.23735e-05
-7.79763e-06
-1.77265e-05
-8.21363e-05
-8.32175e-05
2.25996e-05
0.000157108
0.000161445
6.74528e-05
-3.7226e-05
-5.83452e-05
-6.42993e-05
-0.000166795
-0.000310606
-0.00038716
-0.000369895
-0.000273251
-0.000137067
-3.39457e-05
1.3286e-05
2.76968e-05
5.03527e-05
7.81366e-06
-6.86668e-05
-0.000127628
-0.000162153
-0.000189244
-0.000181563
-0.000125974
-7.17733e-05
-0.00011538
-0.000181943
-0.000191499
-0.000120661
-4.05222e-05
-3.12783e-06
5.60246e-06
-7.19012e-06
-5.43137e-05
-8.97693e-05
-6.0702e-05
-5.04815e-06
-1.65079e-05
-8.25589e-05
-8.49571e-05
2.05607e-05
0.0001578
0.00016423
6.9995e-05
-3.68081e-05
-6.10816e-05
-6.54401e-05
-0.000166571
-0.000312488
-0.000389438
-0.000372706
-0.000276001
-0.000140917
-3.81259e-05
1.27127e-05
2.79246e-05
5.16901e-05
7.25522e-06
-7.2701e-05
-0.000132397
-0.000165679
-0.000192377
-0.000184361
-0.000123686
-6.75769e-05
-0.000112406
-0.000180967
-0.000193454
-0.000123041
-4.3003e-05
-7.24539e-06
1.16727e-06
-1.06944e-05
-5.83839e-05
-9.91295e-05
-7.12994e-05
-1.00589e-05
-1.6082e-05
-8.28944e-05
-8.80124e-05
1.84411e-05
0.000161303
0.000170034
7.37521e-05
-3.7767e-05
-6.57601e-05
-6.8673e-05
-0.000168826
-0.000313024
-0.000388679
-0.000371834
-0.00027686
-0.000145933
-4.5162e-05
9.18054e-06
2.5707e-05
5.29746e-05
8.351e-06
-7.48905e-05
-0.000140213
-0.000174214
-0.000200622
-0.000196343
-0.000138982
-7.12413e-05
-0.000106942
-0.000178719
-0.000192799
-0.000126034
-4.59636e-05
-1.08775e-05
-4.21366e-06
-1.52193e-05
-6.23752e-05
-0.000111083
-8.84296e-05
-2.76751e-05
-2.85475e-05
-0.000103917
-0.000105582
1.41124e-05
0.000167813
0.000180384
7.98619e-05
-3.97917e-05
-7.23546e-05
-7.18319e-05
-0.000171275
-0.000313703
-0.000386898
-0.000365585
-0.000269777
-0.000146215
-5.13651e-05
1.13677e-06
2.13469e-05
5.29274e-05
9.03882e-06
-7.609e-05
-0.000140899
-0.000182083
-0.000215358
-0.000218522
-0.000162595
-9.86775e-05
-0.000110603
-0.000172346
-0.000186672
-0.000127734
-5.14822e-05
-1.57056e-05
-9.92152e-06
-2.06724e-05
-6.31199e-05
-0.000118521
-0.000107975
-4.73373e-05
-4.58371e-05
-0.000132586
-0.000142889
-8.56748e-06
0.000167288
0.000196208
8.93001e-05
-4.11831e-05
-7.98499e-05
-7.60081e-05
-0.000172218
-0.000316055
-0.00038836
-0.000359262
-0.000256266
-0.000138055
-5.06296e-05
-3.84387e-06
1.67386e-05
5.13734e-05
3.58664e-06
-7.79572e-05
-0.000141068
-0.000184148
-0.000224353
-0.000241092
-0.000194492
-0.000122152
-0.000120225
-0.000170203
-0.000178728
-0.000128055
-6.32826e-05
-2.59278e-05
-1.65103e-05
-2.73754e-05
-6.42245e-05
-0.000120539
-0.000121469
-6.95249e-05
-7.0018e-05
-0.000149796
-0.000177437
-4.84971e-05
0.00014357
0.000195631
9.70779e-05
-4.16362e-05
-8.6945e-05
-7.96232e-05
-0.000168963
-0.000317743
-0.000389654
-0.000356083
-0.000241611
-0.00012504
-4.24969e-05
-1.87843e-06
1.44631e-05
4.91284e-05
-1.04224e-05
-8.92823e-05
-0.000148828
-0.000188306
-0.000226701
-0.00025423
-0.000226427
-0.00015664
-0.000139323
-0.00017245
-0.000175247
-0.000128021
-7.53542e-05
-4.26622e-05
-2.9913e-05
-3.78046e-05
-6.72506e-05
-0.00012125
-0.000126636
-8.80188e-05
-8.87461e-05
-0.000155375
-0.000192771
-9.50929e-05
9.59356e-05
0.000170192
9.97963e-05
-4.01869e-05
-8.8589e-05
-8.11139e-05
-0.000162305
-0.000297211
-0.000377416
-0.00034982
-0.000224252
-0.000108897
-3.09966e-05
5.53585e-06
1.46796e-05
3.76889e-05
-3.00879e-05
-0.000110251
-0.000167251
-0.000199794
-0.000227907
-0.000252901
-0.000248018
-0.000194646
-0.000164749
-0.000179457
-0.000178155
-0.000128978
-7.85644e-05
-5.83378e-05
-4.26271e-05
-5.09331e-05
-8.01972e-05
-0.000130077
-0.000127712
-9.60704e-05
-0.000101619
-0.0001636
-0.000198912
-0.000134726
3.24582e-05
0.000119465
8.58597e-05
-3.1348e-05
-8.40814e-05
-7.65428e-05
-0.000149693
-0.000275504
-0.000360655
-0.000343359
-0.000213647
-9.10437e-05
-1.75844e-05
1.53672e-05
1.34676e-05
1.7143e-05
-6.19841e-05
-0.000142896
-0.000194705
-0.000214545
-0.00023112
-0.000243661
-0.000243428
-0.000210636
-0.000182015
-0.000182225
-0.000178161
-0.000127132
-7.54672e-05
-6.01194e-05
-5.12759e-05
-6.05814e-05
-9.48911e-05
-0.000146026
-0.000131301
-9.88926e-05
-0.000106969
-0.000168779
-0.000202373
-0.000157871
-3.17889e-05
5.57789e-05
5.5208e-05
-2.78334e-05
-6.82355e-05
-7.02359e-05
-0.000130712
-0.000245458
-0.000341912
-0.000359425
-0.000231621
-8.45982e-05
-4.28849e-06
2.42456e-05
9.28466e-06
-1.15446e-05
-0.000103901
-0.000189483
-0.000233744
-0.000228912
-0.000225401
-0.000230503
-0.000226899
-0.000192789
-0.000166659
-0.000166921
-0.000173818
-0.000120729
-6.30162e-05
-4.96494e-05
-5.26955e-05
-7.06457e-05
-0.000112315
-0.000163234
-0.000135408
-9.88801e-05
-0.000106469
-0.000173695
-0.000205655
-0.000170686
-8.13708e-05
-6.85353e-06
1.09684e-05
-2.71932e-05
-5.61056e-05
-6.24168e-05
-0.00011272
-0.000217469
-0.000310468
-0.000360252
-0.00026586
-9.41219e-05
8.93888e-07
2.06598e-05
-4.04664e-06
-5.15428e-05
-0.000154878
-0.000243226
-0.000277504
-0.000240484
-0.000211449
-0.000214497
-0.000207691
-0.000154951
-0.000127168
-0.000136555
-0.000164644
-0.000113289
-4.04406e-05
-3.05218e-05
-4.85513e-05
-7.58975e-05
-0.000134811
-0.000178876
-0.000142113
-9.59388e-05
-9.53258e-05
-0.000165608
-0.00021654
-0.000188957
-0.000119466
-5.92051e-05
-3.77597e-05
-3.47862e-05
-4.74876e-05
-5.51915e-05
-9.89567e-05
-0.000203278
-0.000304203
-0.000360128
-0.000285716
-0.000115129
1.52901e-07
4.00666e-06
-2.7966e-05
-0.000101517
-0.000205515
-0.000286571
-0.000309
-0.000249274
-0.000194259
-0.000194006
-0.000193157
-0.000149273
-0.000103326
-0.000113215
-0.000163464
-0.000111466
-1.50658e-05
-7.65499e-06
-4.4055e-05
-8.32489e-05
-0.000149591
-0.000184571
-0.000141823
-0.000103704
-9.16009e-05
-0.000139333
-0.000211022
-0.000206826
-0.000161247
-0.000108058
-7.74063e-05
-4.41187e-05
-5.0664e-05
-4.86991e-05
-9.91501e-05
-0.000194751
-0.000303593
-0.000365453
-0.000287656
-0.000126749
-1.43963e-05
-2.83435e-05
-8.35305e-05
-0.000147063
-0.000239256
-0.000296099
-0.000314063
-0.000255529
-0.000189303
-0.000175999
-0.00017004
-0.000144504
-0.000109597
-0.000120373
-0.00017634
-0.000122583
7.59989e-07
1.69339e-05
-3.51281e-05
-8.36901e-05
-0.000144252
-0.00018011
-0.000135732
-0.000112074
-9.82821e-05
-0.000115697
-0.000185381
-0.000222913
-0.000182763
-0.000135839
-0.000101774
-6.35419e-05
-7.66252e-05
-7.93868e-05
-0.000113918
-0.000184921
-0.000303091
-0.00039097
-0.000295143
-0.000118223
-3.03457e-05
-7.75119e-05
-0.000142627
-0.000183742
-0.000231146
-0.000266609
-0.000291437
-0.000248115
-0.00018906
-0.000170363
-0.000160731
-0.000137004
-0.000113643
-0.00013168
-0.000174917
-0.000119501
2.12195e-05
3.61681e-05
-2.32085e-05
-6.47266e-05
-0.000117635
-0.00016728
-0.000155309
-0.000130156
-0.000102958
-9.03664e-05
-0.000141385
-0.000219803
-0.000221615
-0.000148089
-0.000106207
-7.67095e-05
-7.11771e-05
-9.37982e-05
-0.000141922
-0.000219967
-0.000318667
-0.000355563
-0.000272883
-8.20669e-05
6.51921e-06
-8.33697e-05
-0.00017531
-0.000210803
-0.000213259
-0.000219054
-0.000247117
-0.000226744
-0.000182562
-0.000155705
-0.000142295
-0.000129183
-0.00011649
-0.000118614
-0.000147177
-9.09717e-05
6.36376e-05
7.32543e-05
-6.69439e-06
-9.05516e-05
-0.000130525
-0.000170358
-0.000181689
-0.000147448
-0.000107549
-7.81263e-05
-8.93886e-05
-0.00017029
-0.000227046
-0.000173995
-8.79968e-05
-5.43896e-05
-5.33651e-05
-0.00010109
-0.000163879
-0.00023322
-0.000313089
-0.000342481
-0.000245075
-7.17479e-05
3.01828e-05
-4.5678e-05
-0.000178684
-0.000218903
-0.000176756
-0.00016911
-0.000201817
-0.000214471
-0.000198748
-0.00017368
-0.000143935
-0.000118886
-0.000105542
-0.00010691
-0.000118708
-5.84427e-05
9.9421e-05
0.000106299
3.82522e-07
-0.000103357
-0.000149426
-0.000178803
-0.000174464
-0.000142606
-8.61188e-05
-8.0326e-05
-5.59578e-05
-0.000115986
-0.000180093
-0.000156017
-8.14558e-05
-4.17971e-05
-5.81136e-05
-9.80104e-05
-0.000142196
-0.000212673
-0.000270302
-0.000277143
-0.000193444
-8.31676e-05
3.51232e-06
-4.05536e-05
-0.000169996
-0.000238176
-0.000181215
-0.000155602
-0.000192763
-0.000225693
-0.000227106
-0.000194917
-0.000141495
-0.000113057
-9.75826e-05
-8.8889e-05
-9.09032e-05
-3.77301e-05
8.18287e-05
0.000115514
8.51387e-06
-0.000119371
-0.000188437
-0.000192175
-0.000171179
-0.000134405
-8.82901e-05
-7.06904e-05
-6.94649e-05
-9.38561e-05
-0.000131575
-0.00013415
-8.95145e-05
-4.77138e-05
-4.99294e-05
-9.2143e-05
-0.000135399
-0.000198714
-0.000246649
-0.00025132
-0.000197153
-0.000113003
-2.55041e-05
-2.01609e-05
-0.000112872
-0.000183991
-0.000166831
-0.000157463
-0.000192366
-0.000235253
-0.00024631
-0.000217898
-0.000172465
-0.000127703
-0.000102371
-8.63968e-05
-9.78487e-05
-4.89023e-05
5.11956e-05
9.70163e-05
1.06583e-05
-0.000101612
-0.00015866
-0.000182232
-0.000165557
-0.00012613
-8.38834e-05
-6.49147e-05
-8.37134e-05
-0.000114183
-0.000132473
-0.00013055
-0.000101604
-4.97964e-05
-6.64442e-05
-0.000105445
-0.000150379
-0.000197251
-0.000209752
-0.000208024
-0.00018649
-0.000138353
-6.03141e-05
-5.23684e-05
-0.00011977
-0.000164285
-0.000146355
-0.000138606
-0.000188897
-0.000251184
-0.000270908
-0.000237824
-0.00018288
-0.000133774
-0.00010993
-9.15606e-05
-0.00011215
-7.42429e-05
-2.4311e-05
2.08166e-05
-4.27072e-06
-8.1987e-05
-0.000137923
-0.000161666
-0.000152686
-0.000128294
-9.81194e-05
-8.53452e-05
-9.59838e-05
-0.000118291
-0.000126257
-0.00011391
-9.83937e-05
-7.21642e-05
-8.51215e-05
-0.000117568
-0.000145726
-0.000176514
-0.000178692
-0.00017499
-0.000157674
-0.000134735
-8.76811e-05
-4.99543e-05
-9.56349e-05
-0.000156949
-0.000141022
-0.000147538
-0.000192098
-0.000260965
-0.000283412
-0.000246584
-0.00018807
-0.000141105
-0.000115439
-9.49205e-05
-8.594e-05
-7.59231e-05
-5.67825e-05
-4.85368e-05
-8.3282e-05
-0.000134666
-0.000165126
-0.00016546
-0.00014081
-0.000107718
-8.87614e-05
-8.21313e-05
-9.57975e-05
-0.000126331
-0.000132853
-0.000103375
-8.02405e-05
-7.23475e-05
-8.03156e-05
-0.000112867
-0.000149817
-0.000184111
-0.000188714
-0.000171379
-0.000141918
-0.000127777
-0.000113354
-8.72288e-05
-7.10505e-05
-0.000109944
-0.000131854
-0.000154339
-0.000197017
-0.000257149
-0.000281058
-0.000243322
-0.000176182
-0.000123178
-0.000102031
-9.53925e-05
-8.26925e-05
-5.69099e-05
-4.73527e-05
-5.34546e-05
-0.000101592
-0.000150355
-0.000177523
-0.000169021
-0.000140638
-0.000112573
-9.61302e-05
-8.39026e-05
-9.61811e-05
-0.000115399
-0.000134702
-0.000117188
-8.7047e-05
-6.97463e-05
-8.40189e-05
-0.000110715
-0.000161827
-0.00021191
-0.000222531
-0.000195024
-0.000138689
-0.000108221
-9.4793e-05
-9.14249e-05
-9.35143e-05
-0.000108783
-0.000128532
-0.000147467
-0.000176087
-0.000216006
-0.000240313
-0.000230129
-0.000170179
-0.000116137
-8.44911e-05
-7.65457e-05
-7.51549e-05
-6.09063e-05
-3.57678e-05
-3.67004e-05
-7.50953e-05
-0.000117632
-0.000147556
-0.000139321
-0.000116842
-9.43589e-05
-8.63154e-05
-8.59743e-05
-9.72971e-05
-0.000130089
-0.00013717
-0.000139845
-0.000114315
-8.85587e-05
-4.94095e-05
-6.80977e-05
-0.000119845
-0.000185696
-0.000236698
-0.000234558
-0.000202075
-0.000146114
-0.000110637
-9.99119e-05
-0.000106127
-0.000118183
-0.000127976
-0.000134048
-0.000144872
-0.000157644
-0.000172366
-0.000176861
-0.000154021
-0.000116061
-8.27369e-05
-7.2996e-05
-7.83625e-05
-7.87412e-05
-5.79281e-05
-4.89992e-05
-6.86142e-05
-0.000123927
-0.000133396
-0.00013705
-0.000125922
-0.000102273
-9.80471e-05
-9.27062e-05
-9.64749e-05
-0.000108262
-0.000112502
-0.000109108
-8.85055e-05
-6.31806e-05
-2.81228e-05
-3.97731e-05
-7.01217e-05
-0.000124251
-0.000165272
-0.000183149
-0.000178512
-0.000160987
-0.000138912
-0.000121791
-0.000116165
-0.000116567
-0.00011952
-0.00012245
-0.000127356
-0.000131506
-0.000130883
-0.000122043
-0.00010625
-9.46117e-05
-8.89175e-05
-8.43718e-05
-9.06903e-05
-9.58411e-05
-9.18765e-05
-7.97542e-05
-6.93826e-05
-7.33764e-05
-0.000100581
-0.000117086
-0.000116807
-0.000106352
-9.67931e-05
-9.10004e-05
-8.87109e-05
-7.85566e-05
-8.30332e-05
-7.82834e-05
-7.0301e-05
-5.86888e-05
-6.17731e-05
-6.79075e-05
-9.05326e-05
-0.000125776
-0.000151843
-0.000162463
-0.000161453
-0.000153961
-0.000143478
-0.000136218
-0.000130284
-0.000129207
-0.000125362
-0.000111867
-9.56101e-05
-9.33618e-05
-0.000105211
-0.000112979
-0.000105511
-9.1862e-05
-8.44313e-05
-8.04114e-05
-7.73703e-05
-8.25899e-05
-8.68237e-05
-8.88492e-05
-8.90003e-05
-7.96362e-05
-8.12753e-05
-8.48906e-05
-8.40298e-05
-9.80634e-05
-0.000101163
-0.0001013
-9.80856e-05
-8.9507e-05
-8.21447e-05
-7.49209e-05
-6.88805e-05
-6.2811e-05
8.7173e-05
-2.91175e-05
-0.000188036
-0.000325792
-0.000379073
-0.000381878
-0.00031814
-0.000184487
-8.26776e-05
-5.93687e-05
-4.00496e-06
6.69249e-05
6.65981e-05
7.45475e-06
-5.16197e-05
-0.000111529
-0.000161634
-0.000184157
-0.000181989
-0.000180678
-0.00016773
-0.00015957
-0.000157052
-0.000111728
-1.77309e-05
6.18944e-05
0.000110111
0.000120398
1.90702e-05
-0.00012024
-0.000182428
-0.000158612
-0.000132628
-0.000105285
-3.57972e-06
7.51489e-05
9.56744e-05
0.000144303
0.000192206
0.000174585
8.9496e-05
-2.82017e-05
-0.000187359
-0.000325991
-0.000378842
-0.000382098
-0.000319394
-0.000184984
-8.24374e-05
-6.04929e-05
-5.45714e-06
6.6545e-05
6.71172e-05
7.70008e-06
-5.07191e-05
-0.000110981
-0.000162512
-0.000184908
-0.000182273
-0.000180012
-0.000167825
-0.000160134
-0.000159001
-0.000114488
-2.00469e-05
6.01131e-05
0.000108645
0.000120081
2.09227e-05
-0.000120262
-0.00018376
-0.000161755
-0.00013568
-0.000104682
-3.55123e-06
7.60143e-05
9.50966e-05
0.000142875
0.000193072
0.000176536
9.2307e-05
-2.71296e-05
-0.000186845
-0.00032663
-0.000378822
-0.000383155
-0.000322892
-0.000186095
-8.17869e-05
-6.24745e-05
-6.81922e-06
6.72007e-05
6.94466e-05
8.79139e-06
-5.08852e-05
-0.000111146
-0.000162337
-0.00018512
-0.000182713
-0.000180249
-0.00016884
-0.000159911
-0.000159204
-0.000117266
-2.28866e-05
5.80601e-05
0.000106441
0.000121326
2.23616e-05
-0.000122888
-0.000187282
-0.000159598
-0.000140589
-0.00012269
-1.19932e-05
7.79862e-05
9.49932e-05
0.000141467
0.000195391
0.000179888
9.4563e-05
-2.59134e-05
-0.000186802
-0.000327125
-0.000376731
-0.000382914
-0.000327337
-0.000191206
-8.45021e-05
-6.69355e-05
-8.10339e-06
6.96139e-05
7.39839e-05
1.14754e-05
-4.90045e-05
-0.000110291
-0.000166996
-0.000191413
-0.000181914
-0.000177338
-0.000167562
-0.000158972
-0.000158763
-0.000118205
-2.72201e-05
5.36954e-05
0.000102103
0.000122718
2.69623e-05
-0.000120108
-0.000190396
-0.000162007
-0.000148322
-0.000149883
-4.93995e-05
5.9089e-05
9.11102e-05
0.000140871
0.000199786
0.000186219
9.93041e-05
-2.5241e-05
-0.000185017
-0.000327956
-0.000372803
-0.000379625
-0.000330215
-0.000193123
-8.88995e-05
-7.08396e-05
-1.13958e-05
7.29649e-05
8.0919e-05
1.58552e-05
-4.82373e-05
-0.000110484
-0.000170148
-0.000198992
-0.000190133
-0.000180499
-0.000167929
-0.000156393
-0.000157225
-0.000118658
-3.15721e-05
4.10763e-05
8.87655e-05
0.000119192
3.25003e-05
-0.000114622
-0.000187638
-0.000162909
-0.000155789
-0.000174025
-0.000106888
1.31303e-05
6.83882e-05
0.000139317
0.000203924
0.00019446
0.000106604
-2.15186e-05
-0.000183842
-0.000327151
-0.000368739
-0.000376176
-0.000334314
-0.000193077
-8.62975e-05
-7.2651e-05
-1.61421e-05
7.52755e-05
8.96325e-05
1.83667e-05
-4.94488e-05
-0.000112728
-0.000174358
-0.000209628
-0.000193384
-0.000179169
-0.000168991
-0.00016199
-0.00015981
-0.000120572
-3.38315e-05
2.87285e-05
6.41738e-05
0.000100585
3.1116e-05
-0.000115
-0.000188489
-0.000158005
-0.000147197
-0.00017621
-0.000142342
-5.65399e-05
1.88007e-05
0.000117263
0.000201675
0.000202847
0.000115403
-1.54519e-05
-0.000179414
-0.000321356
-0.000365217
-0.000369659
-0.000341918
-0.000198375
-8.20265e-05
-6.95373e-05
-1.96315e-05
7.55878e-05
9.8098e-05
1.62964e-05
-5.67222e-05
-0.000121554
-0.000180686
-0.000219247
-0.00020719
-0.000181996
-0.000166809
-0.000166174
-0.000165523
-0.000125579
-4.06884e-05
1.7002e-05
3.69418e-05
7.12939e-05
1.60298e-05
-0.000123375
-0.000196157
-0.000156601
-0.000129836
-0.000151005
-0.000139145
-0.000111601
-5.51408e-05
7.06766e-05
0.000179571
0.00020435
0.000119288
-1.01415e-05
-0.000171489
-0.000310753
-0.000350718
-0.000359955
-0.000346065
-0.000207351
-8.29794e-05
-6.3517e-05
-2.17091e-05
7.28751e-05
9.80523e-05
7.03987e-06
-7.21999e-05
-0.000136667
-0.000191039
-0.000228821
-0.00022231
-0.000194273
-0.000167159
-0.000164549
-0.000168876
-0.000132364
-5.43072e-05
2.6204e-06
1.36122e-05
3.42936e-05
-6.30837e-06
-0.000123646
-0.000195175
-0.00015148
-0.000112881
-0.000121167
-0.000113143
-0.000116089
-0.00012418
1.68232e-06
0.000138883
0.000185753
0.000118045
-8.46937e-06
-0.000167853
-0.000303376
-0.000332578
-0.000334925
-0.000321937
-0.000211341
-8.7422e-05
-6.04716e-05
-2.70028e-05
6.2133e-05
8.81722e-05
-1.14966e-05
-9.74282e-05
-0.000157814
-0.000202955
-0.000236114
-0.000233568
-0.000212326
-0.000174469
-0.000163092
-0.000169591
-0.000137231
-6.54713e-05
-1.65613e-05
-3.31475e-06
7.06829e-06
-3.30455e-05
-0.000130118
-0.000189503
-0.000143963
-9.88356e-05
-9.64206e-05
-8.56113e-05
-8.93354e-05
-0.000149394
-7.6429e-05
7.85086e-05
0.000159129
0.000104388
-7.5756e-06
-0.000166961
-0.000302152
-0.000316611
-0.000306144
-0.000295095
-0.000197889
-8.73123e-05
-5.99183e-05
-4.07194e-05
3.76981e-05
6.3551e-05
-4.14259e-05
-0.000134089
-0.000184587
-0.000212183
-0.000238702
-0.0002363
-0.000226784
-0.000182626
-0.000163441
-0.000171925
-0.000141106
-6.80471e-05
-2.26346e-05
-1.2609e-05
-1.17151e-05
-5.37386e-05
-0.000137143
-0.000188201
-0.00014189
-9.78626e-05
-8.28479e-05
-6.74383e-05
-6.21357e-05
-0.000122748
-0.00012756
6.30375e-06
0.000121611
9.75629e-05
-7.48372e-06
-0.000169028
-0.000295317
-0.000306552
-0.000277148
-0.000255238
-0.000160438
-6.48924e-05
-5.26609e-05
-6.1568e-05
-3.94583e-06
1.46062e-05
-8.82334e-05
-0.000179209
-0.000212194
-0.000218218
-0.000231922
-0.000236331
-0.00023358
-0.000185724
-0.000162936
-0.00017368
-0.000144249
-6.59747e-05
-1.95675e-05
-1.0313e-05
-2.49459e-05
-6.77026e-05
-0.000144962
-0.000176762
-0.000138862
-0.000101873
-7.88056e-05
-6.05416e-05
-4.81509e-05
-7.63709e-05
-0.000119259
-5.02233e-05
7.72782e-05
7.43666e-05
-4.60211e-06
-0.000159425
-0.000326346
-0.000309372
-0.000273365
-0.000239579
-0.000123038
-2.00756e-05
-3.11767e-05
-7.84196e-05
-5.32347e-05
-5.67964e-05
-0.000147396
-0.000218713
-0.000228642
-0.000219622
-0.00022411
-0.000221497
-0.000216597
-0.000181679
-0.000162507
-0.000174471
-0.000146047
-6.04267e-05
-1.31016e-05
-1.57486e-05
-3.35318e-05
-7.80978e-05
-0.000147148
-0.000168575
-0.000137032
-0.000104672
-7.96149e-05
-6.19962e-05
-5.45845e-05
-5.12089e-05
-6.87366e-05
-7.3424e-05
2.67827e-05
3.58975e-05
-1.66836e-05
-0.000148765
-0.000259751
-0.000298609
-0.000282581
-0.00025854
-0.000123041
4.45987e-06
-1.46e-05
-9.41592e-05
-0.000113092
-0.000140825
-0.000204652
-0.000238218
-0.000226722
-0.000215437
-0.000221521
-0.000212474
-0.000198199
-0.000170818
-0.000155338
-0.000171258
-0.000144521
-5.34976e-05
-8.11612e-07
-1.14271e-05
-3.90173e-05
-9.08708e-05
-0.000152756
-0.000168059
-0.000137322
-0.000109042
-8.91284e-05
-7.41723e-05
-7.07391e-05
-5.44126e-05
-4.7843e-05
-8.13595e-05
-2.07696e-05
-2.1895e-05
-3.52873e-05
-0.000129248
-0.000258176
-0.000303864
-0.000289434
-0.000262834
-0.00011885
2.25594e-05
-5.618e-05
-0.000107644
-0.000167104
-0.000194957
-0.000237013
-0.000244244
-0.000219849
-0.000202611
-0.000204762
-0.000201047
-0.000185674
-0.000164796
-0.000148256
-0.000156023
-0.000129451
-4.40665e-05
8.01757e-06
-6.36041e-06
-3.85654e-05
-9.24252e-05
-0.000154842
-0.000185533
-0.000149682
-0.000119159
-9.49625e-05
-8.36183e-05
-9.25064e-05
-8.81952e-05
-6.93267e-05
-0.000109797
-7.61296e-05
-9.43158e-05
-9.26524e-05
-0.000132937
-0.000218256
-0.000263889
-0.000274761
-0.000258301
-0.00010946
7.53624e-05
0.000110779
-6.44486e-05
-0.000167113
-0.000191873
-0.000228405
-0.000231053
-0.000210779
-0.00018776
-0.000176923
-0.00016309
-0.000160376
-0.000150225
-0.000135737
-0.000134781
-0.000107053
-3.1283e-05
2.1476e-05
-5.40921e-06
-5.45128e-05
-0.000108086
-0.000157643
-0.000178785
-0.000150301
-0.000126126
-0.000103796
-7.82595e-05
-8.34e-05
-0.000103043
-0.000102753
-0.000108522
-0.000136465
-0.000182637
-0.000159909
-0.000136304
-0.000184972
-0.000212063
-0.000229389
-0.000227992
-0.000153489
3.26359e-05
0.000118284
-1.35609e-05
-0.000138003
-0.000181242
-0.000201513
-0.000210335
-0.000204415
-0.000185841
-0.000170895
-0.000142375
-0.00013117
-0.000124884
-0.000114919
-0.000104952
-7.60606e-05
-2.37187e-05
3.78216e-05
-3.89849e-06
-6.55925e-05
-0.000117471
-0.000162006
-0.000171645
-0.000142477
-0.000118252
-0.000112684
-9.0777e-05
-8.46756e-05
-9.63742e-05
-0.000103574
-0.000104653
-0.000134928
-0.000134751
-0.000162771
-0.000140357
-0.000192079
-0.000227867
-0.000241009
-0.000225606
-0.000163314
-5.18065e-05
4.70947e-05
-3.26724e-05
-0.0001367
-0.000171528
-0.000186169
-0.000206283
-0.000214885
-0.000208913
-0.000186072
-0.000134117
-0.000118199
-0.000106088
-8.99453e-05
-6.7661e-05
-3.85553e-05
7.85315e-06
3.92526e-05
-4.60032e-06
-7.44447e-05
-0.000123449
-0.000166078
-0.000169251
-0.000133782
-0.000103329
-0.000103852
-0.000112343
-0.000100533
-9.73494e-05
-9.47293e-05
-9.88787e-05
-0.000116436
-0.000114205
-0.00015463
-0.000163958
-0.000198015
-0.000224497
-0.000229428
-0.000208015
-0.000147997
-7.75585e-05
-1.49393e-05
-6.28404e-05
-0.000130998
-0.000156816
-0.000173882
-0.00020676
-0.00022858
-0.000230403
-0.000209318
-0.000169845
-0.000131293
-0.000104003
-7.7355e-05
-5.19985e-05
-2.68994e-05
1.40463e-05
2.33827e-05
-1.436e-05
-8.33235e-05
-0.000124463
-0.000164412
-0.000160563
-0.000129136
-9.88751e-05
-0.0001012
-0.000139932
-0.000131681
-0.000119114
-9.3949e-05
-8.32017e-05
-8.92959e-05
-9.74421e-05
-0.000142062
-0.000169005
-0.000211114
-0.000191457
-0.000188538
-0.000175458
-0.000119312
-4.74124e-05
-2.40135e-05
-7.23851e-05
-0.000126272
-0.000148962
-0.000165845
-0.00020053
-0.000235031
-0.000245946
-0.000229012
-0.000202687
-0.000145754
-0.000107639
-8.13276e-05
-4.76154e-05
-3.95036e-05
-1.3149e-05
-7.69511e-06
-3.29696e-05
-9.50805e-05
-0.000136943
-0.000160442
-0.000152002
-0.000123411
-0.000109016
-0.000103102
-0.00013255
-0.000155436
-0.000148566
-0.000111345
-8.7866e-05
-8.55158e-05
-0.000102612
-0.000130709
-0.000169639
-0.000201965
-0.000193186
-0.000169186
-0.000154634
-0.000119478
-4.02332e-05
9.38854e-06
-2.22246e-05
-9.74624e-05
-0.000145634
-0.000170736
-0.000216149
-0.000264477
-0.000280262
-0.000252879
-0.000205738
-0.000156474
-0.000119272
-8.7907e-05
-6.33669e-05
-4.18929e-05
-2.35393e-05
-3.73248e-05
-8.70103e-05
-0.000124989
-0.000155375
-0.00016256
-0.000144146
-0.000114475
-8.85724e-05
-9.27463e-05
-0.000118524
-0.000157501
-0.00016086
-0.000128356
-9.27625e-05
-8.63329e-05
-9.51439e-05
-0.000124102
-0.000170604
-0.000196812
-0.000196184
-0.000160052
-0.000129381
-0.000112632
-8.55196e-05
-3.84599e-05
-3.03518e-05
-6.70557e-05
-0.000114963
-0.000158663
-0.000210967
-0.000266895
-0.00028943
-0.000262114
-0.000202122
-0.000145015
-0.000113321
-9.81705e-05
-8.29991e-05
-5.70249e-05
-2.94093e-05
-3.74254e-05
-7.97423e-05
-0.000123899
-0.000151975
-0.000149655
-0.000124329
-9.58878e-05
-7.97308e-05
-8.44264e-05
-0.000109023
-0.000145063
-0.000157619
-0.000141038
-0.000109431
-8.92692e-05
-9.65665e-05
-0.000120917
-0.000170458
-0.000219884
-0.000224132
-0.000188475
-0.000137233
-9.82817e-05
-7.16037e-05
-5.884e-05
-6.60644e-05
-8.3493e-05
-0.00012017
-0.000155242
-0.000190537
-0.000230742
-0.000251232
-0.000247779
-0.000205641
-0.000156759
-0.000117323
-9.49782e-05
-8.35042e-05
-6.69829e-05
-3.79135e-05
-3.61239e-05
-7.17296e-05
-0.000106207
-0.0001309
-0.000134418
-0.000117958
-0.000100235
-8.81552e-05
-9.24654e-05
-0.000111221
-0.000140072
-0.000154054
-0.000140819
-0.000121649
-9.9456e-05
-6.35608e-05
-7.68615e-05
-0.000116596
-0.000166526
-0.000203078
-0.000203564
-0.000174638
-0.000131783
-9.04144e-05
-7.27158e-05
-7.73488e-05
-9.83484e-05
-0.000123688
-0.000144738
-0.000161591
-0.000170682
-0.000185049
-0.000188034
-0.000165263
-0.000138129
-0.000107099
-9.03062e-05
-8.63169e-05
-7.54374e-05
-5.43547e-05
-4.50319e-05
-5.97322e-05
-9.72441e-05
-0.000114286
-0.000118297
-0.000113385
-0.000112134
-9.74599e-05
-9.63389e-05
-0.000104157
-0.000119167
-0.000130443
-0.00012607
-0.00010296
-7.55495e-05
-7.49274e-05
-6.91296e-05
-8.51808e-05
-0.000120803
-0.000150748
-0.000162151
-0.000163469
-0.000152662
-0.000128032
-0.000106987
-0.00010185
-0.00010771
-0.000116858
-0.000125249
-0.000132447
-0.00014044
-0.000144214
-0.000136123
-0.000117596
-0.000105086
-9.58632e-05
-8.8365e-05
-8.71478e-05
-8.64848e-05
-7.31415e-05
-6.22364e-05
-5.94206e-05
-7.27712e-05
-9.55897e-05
-0.000110934
-0.000114608
-0.000109962
-0.000102172
-9.77268e-05
-9.5723e-05
-9.33562e-05
-9.68567e-05
-9.44413e-05
-8.69752e-05
-7.78137e-05
-7.42848e-05
-8.03192e-05
-9.90127e-05
-0.000124167
-0.000144473
-0.000153624
-0.00015664
-0.000154662
-0.000144353
-0.000132647
-0.000123938
-0.00012238
-0.000123241
-0.000116209
-0.000104557
-9.96833e-05
-0.000107236
-0.000113952
-0.00010883
-0.000100358
-9.09414e-05
-8.3043e-05
-7.81252e-05
-8.30273e-05
-8.67674e-05
-8.70889e-05
-8.71684e-05
-8.26004e-05
-8.32303e-05
-9.00923e-05
-0.000103371
-9.60458e-05
-9.22618e-05
-9.12805e-05
-9.23836e-05
-9.29784e-05
-9.26378e-05
-8.65058e-05
-7.95272e-05
-7.1246e-05
-6.69231e-06
-8.57404e-05
-0.000209784
-0.000305631
-0.00034629
-0.000351123
-0.000285744
-0.000158408
-6.30591e-05
-3.67347e-05
3.73975e-06
4.45176e-05
4.16011e-05
5.50177e-06
-4.78553e-05
-0.000112858
-0.000160479
-0.000189989
-0.000204116
-0.000198943
-0.00016104
-0.00011914
-0.000102004
-8.69019e-05
-2.97597e-05
1.72302e-05
2.94561e-05
6.1758e-06
-3.63345e-05
-7.74564e-05
-7.49781e-05
-4.01654e-05
-2.72079e-05
-6.04731e-05
-0.000114072
-0.000104392
-4.38345e-05
1.63908e-05
3.301e-05
1.37011e-05
-5.91212e-06
-8.49963e-05
-0.000210086
-0.000306183
-0.000346258
-0.000351212
-0.000285956
-0.000157936
-6.21822e-05
-3.64002e-05
3.73155e-06
4.43549e-05
4.12694e-05
5.79053e-06
-4.69079e-05
-0.000111926
-0.000159615
-0.000190118
-0.00020499
-0.000199988
-0.000161734
-0.000119095
-0.00010187
-8.66544e-05
-3.01455e-05
1.75848e-05
3.1148e-05
6.96923e-06
-3.63208e-05
-7.74205e-05
-7.44714e-05
-3.98032e-05
-2.57457e-05
-5.85177e-05
-0.000114054
-0.000105758
-4.5137e-05
1.60062e-05
3.25865e-05
1.42919e-05
-5.23181e-06
-8.50366e-05
-0.000211918
-0.000308344
-0.000348006
-0.000353429
-0.000288007
-0.000158419
-6.21248e-05
-3.69852e-05
2.48339e-06
4.30804e-05
4.05001e-05
6.6493e-06
-4.49174e-05
-0.000110144
-0.000158227
-0.000190458
-0.000206995
-0.000203994
-0.000163353
-0.000118553
-0.000100776
-8.77296e-05
-3.09586e-05
1.73617e-05
3.31091e-05
7.77772e-06
-3.75654e-05
-7.86696e-05
-7.46635e-05
-3.93171e-05
-2.2532e-05
-5.60592e-05
-0.000116707
-0.000112212
-5.00415e-05
1.4561e-05
3.23256e-05
1.60087e-05
-4.25776e-06
-8.69458e-05
-0.000218297
-0.000311628
-0.000347719
-0.000354398
-0.000292482
-0.000160175
-6.24374e-05
-3.86785e-05
-9.19465e-07
4.00046e-05
3.82573e-05
6.68539e-06
-4.30137e-05
-0.000107984
-0.000156358
-0.000191064
-0.000209475
-0.000205254
-0.000165454
-0.000121168
-9.993e-05
-8.12984e-05
-2.73059e-05
1.72631e-05
3.3068e-05
8.3609e-06
-3.90141e-05
-8.08923e-05
-7.67294e-05
-4.08731e-05
-1.41437e-05
-4.01125e-05
-0.000111604
-0.00012189
-5.98318e-05
1.09687e-05
3.24391e-05
1.78915e-05
6.77817e-07
-8.41622e-05
-0.000227527
-0.000323466
-0.000351051
-0.000355242
-0.000293454
-0.000159253
-6.00043e-05
-4.03185e-05
-5.38482e-06
3.52852e-05
3.45607e-05
5.80278e-06
-4.18224e-05
-0.000105824
-0.000153789
-0.000190587
-0.000213086
-0.000207898
-0.000167282
-0.000122532
-9.89591e-05
-7.53148e-05
-2.14339e-05
2.2632e-05
3.8495e-05
1.40214e-05
-3.81608e-05
-8.01448e-05
-7.76676e-05
-4.66749e-05
-9.78531e-06
-1.10288e-05
-8.50649e-05
-0.000122445
-7.0225e-05
5.12107e-06
3.00112e-05
1.84403e-05
3.0517e-06
-7.54688e-05
-0.000223845
-0.000332603
-0.000364808
-0.000368817
-0.000298921
-0.000157787
-5.15708e-05
-3.72151e-05
-8.224e-06
3.09504e-05
2.98455e-05
3.55812e-06
-4.17733e-05
-0.000103062
-0.000151184
-0.000190015
-0.000215575
-0.000212536
-0.000174895
-0.000129328
-9.89928e-05
-6.77899e-05
-1.30291e-05
2.64038e-05
2.9216e-05
4.03407e-06
-3.89631e-05
-7.46721e-05
-6.85201e-05
-5.11724e-05
-1.20258e-05
-1.60845e-06
-5.63076e-05
-0.000114902
-7.67702e-05
3.38346e-07
2.6522e-05
1.48025e-05
2.17146e-06
-6.75546e-05
-0.000218534
-0.00034046
-0.000378283
-0.000388687
-0.000317059
-0.000157826
-4.24338e-05
-2.94313e-05
-8.94893e-06
2.71207e-05
2.41152e-05
-7.2793e-07
-4.44699e-05
-0.0001011
-0.000148259
-0.000189231
-0.000219159
-0.000219029
-0.000185318
-0.000140075
-0.000102541
-6.56556e-05
-1.34665e-05
2.15229e-05
2.66223e-05
-3.99266e-06
-5.58367e-05
-8.28126e-05
-5.86192e-05
-4.0853e-05
-1.19174e-05
6.79777e-07
-4.77857e-05
-0.000108075
-8.68763e-05
-3.56367e-06
2.69925e-05
1.03074e-05
1.93718e-06
-6.08266e-05
-0.000212795
-0.000346413
-0.000389995
-0.000403594
-0.000338831
-0.000174175
-3.67894e-05
-2.21002e-05
-1.06101e-05
2.07922e-05
1.58503e-05
-8.4862e-06
-5.06232e-05
-0.000102348
-0.000146317
-0.000189037
-0.000224345
-0.000226003
-0.000193907
-0.00015172
-0.000110782
-6.928e-05
-1.97053e-05
1.12856e-05
1.28797e-05
-3.549e-06
-5.43925e-05
-8.22882e-05
-5.47548e-05
-2.93626e-05
-1.15117e-05
-2.06615e-07
-3.15603e-05
-9.16941e-05
-9.93947e-05
-1.84367e-05
3.02649e-05
1.4113e-05
8.68886e-06
-5.26413e-05
-0.000206223
-0.000348601
-0.000397011
-0.000413234
-0.000365534
-0.000197827
-4.25449e-05
-2.08884e-05
-1.77613e-05
7.23664e-06
2.00504e-06
-2.28378e-05
-6.22639e-05
-0.000108054
-0.000148514
-0.000186528
-0.000228813
-0.000232328
-0.000199498
-0.000159978
-0.000124037
-8.23936e-05
-3.16961e-05
-1.23373e-06
-1.34486e-06
-1.33876e-05
-5.65883e-05
-8.24757e-05
-4.951e-05
-2.40448e-05
-8.67451e-06
-7.56053e-06
-2.30161e-05
-5.88473e-05
-8.8371e-05
-3.8547e-05
2.60723e-05
2.63235e-05
1.63901e-05
-4.36015e-05
-0.000194423
-0.000341502
-0.000397464
-0.000419353
-0.000385243
-0.000222768
-5.38146e-05
-2.61456e-05
-3.35217e-05
-1.78789e-05
-2.04588e-05
-4.60512e-05
-8.1049e-05
-0.00011903
-0.000153426
-0.000186315
-0.000232102
-0.000236934
-0.000200695
-0.000166111
-0.000138369
-0.000100036
-4.50361e-05
-1.2264e-05
-1.26912e-05
-2.47039e-05
-6.32769e-05
-8.47915e-05
-5.30772e-05
-2.21423e-05
-1.01896e-05
-1.8818e-05
-2.85206e-05
-2.98204e-05
-4.36765e-05
-3.3517e-05
2.00908e-05
3.5604e-05
1.70836e-05
-4.25074e-05
-0.000180951
-0.000331891
-0.000385859
-0.000415704
-0.000395974
-0.000245996
-7.09663e-05
-3.34672e-05
-5.9701e-05
-5.67818e-05
-5.3942e-05
-7.82246e-05
-0.000106812
-0.000134888
-0.000159801
-0.000185549
-0.000221849
-0.00024133
-0.000202929
-0.000164783
-0.000147257
-0.000114453
-5.61824e-05
-1.95731e-05
-2.53909e-05
-3.45477e-05
-7.06815e-05
-8.66658e-05
-6.33711e-05
-2.45352e-05
-1.59343e-05
-2.85176e-05
-4.08315e-05
-1.94431e-05
7.00205e-06
1.77822e-06
2.35627e-05
3.97472e-05
1.40799e-05
-5.08225e-05
-0.000168593
-0.000290055
-0.000359614
-0.000395189
-0.000385973
-0.000259247
-9.67363e-05
-5.1156e-05
-8.96971e-05
-0.000101862
-9.40828e-05
-0.000117495
-0.000139924
-0.00015627
-0.000169274
-0.000184865
-0.00021081
-0.000228035
-0.000200024
-0.000167223
-0.00015468
-0.000126825
-6.34287e-05
-2.05363e-05
-2.41284e-05
-4.28093e-05
-7.80119e-05
-9.59515e-05
-7.21268e-05
-2.73894e-05
-2.04165e-05
-3.22752e-05
-4.92641e-05
-2.93207e-05
2.40449e-05
3.36305e-05
3.29627e-05
3.63558e-05
4.18798e-06
-6.17684e-05
-0.000158233
-0.000251387
-0.00032592
-0.000362234
-0.00034853
-0.000242682
-0.000114238
-7.4915e-05
-0.000112179
-0.000148321
-0.000138777
-0.000155957
-0.000171357
-0.000179484
-0.000183705
-0.000189482
-0.000203029
-0.000213637
-0.000193116
-0.000164191
-0.000156588
-0.000133848
-6.6103e-05
-1.54546e-05
-1.88392e-05
-4.52102e-05
-8.47048e-05
-0.000105724
-8.23058e-05
-3.43313e-05
-2.96755e-05
-3.95388e-05
-5.67341e-05
-4.70811e-05
1.38057e-07
2.89011e-05
4.40551e-05
2.9539e-05
-2.31443e-06
-7.80677e-05
-0.000158466
-0.000224941
-0.000295332
-0.000320206
-0.000291924
-0.000200102
-9.76039e-05
-8.86671e-05
-0.0001376
-0.000182018
-0.000180043
-0.000184288
-0.000190189
-0.000198141
-0.000203153
-0.00020224
-0.000202024
-0.000203864
-0.000186725
-0.000158155
-0.000149038
-0.000131137
-6.43349e-05
-1.00781e-05
-1.39143e-05
-4.53969e-05
-8.50945e-05
-0.000119717
-0.000105907
-8.02144e-05
-5.7335e-05
-5.77062e-05
-6.49476e-05
-6.21157e-05
-3.03911e-05
7.08616e-06
5.81586e-05
3.06976e-05
-6.22633e-06
-9.03911e-05
-0.000162769
-0.000211781
-0.000255484
-0.000281204
-0.000256918
-0.000186204
-8.3944e-05
-6.33399e-05
-0.000131089
-0.000193055
-0.000206203
-0.000200722
-0.00019974
-0.00021261
-0.000219861
-0.000211043
-0.000197408
-0.000186925
-0.000170645
-0.00014342
-0.00012787
-0.000108535
-5.12924e-05
-4.2758e-07
-9.02521e-06
-5.07802e-05
-9.48647e-05
-0.000135549
-0.000126831
-9.72638e-05
-8.46634e-05
-8.15349e-05
-7.36133e-05
-6.34633e-05
-4.84246e-05
-1.89348e-05
2.30314e-05
3.51719e-05
-2.84688e-05
-0.000105793
-0.000190455
-0.000215018
-0.000237814
-0.000238873
-0.000219169
-0.000185203
-9.89863e-05
-5.90845e-05
-0.000121841
-0.000192848
-0.000218941
-0.000205857
-0.00020087
-0.00021289
-0.000225842
-0.000210875
-0.000187758
-0.000163139
-0.000140701
-0.00012087
-0.000102475
-7.43383e-05
-2.58374e-05
1.563e-05
-8.2769e-06
-6.5119e-05
-0.000111311
-0.000154482
-0.000145848
-0.000112369
-9.2532e-05
-9.5716e-05
-7.61957e-05
-6.4094e-05
-5.70086e-05
-4.41536e-05
-9.84367e-06
1.41531e-05
-4.93341e-05
-0.000124237
-0.000224892
-0.000232326
-0.000229472
-0.000205114
-0.000178998
-0.000147955
-7.57895e-05
-3.47172e-05
-9.96768e-05
-0.000180417
-0.000206598
-0.000197158
-0.000195505
-0.000209169
-0.000220916
-0.000208522
-0.00017634
-0.000139149
-0.000107141
-8.729e-05
-7.28289e-05
-5.29491e-05
-1.69125e-05
1.24618e-05
-1.38173e-05
-7.51213e-05
-0.000125423
-0.0001672
-0.00015607
-0.000113713
-8.93572e-05
-9.17964e-05
-7.52879e-05
-7.74289e-05
-7.00681e-05
-6.426e-05
-4.26453e-05
-2.01095e-05
-7.96031e-05
-0.000140395
-0.000215024
-0.000221144
-0.000221743
-0.000204444
-0.000174154
-0.000139379
-5.83949e-05
4.99681e-06
-2.48338e-05
-0.000115554
-0.000167393
-0.00017442
-0.000188789
-0.000204865
-0.000213236
-0.000200823
-0.000170958
-0.000117331
-8.84353e-05
-6.61744e-05
-5.65236e-05
-4.74811e-05
-1.97577e-05
-3.24362e-06
-3.08506e-05
-8.82982e-05
-0.000142101
-0.000162918
-0.000153448
-0.000117274
-9.24e-05
-9.05633e-05
-6.91161e-05
-9.70665e-05
-8.80792e-05
-7.44616e-05
-6.48209e-05
-5.99283e-05
-8.51254e-05
-0.000138106
-0.00022434
-0.000218491
-0.00019696
-0.000173464
-0.000158187
-0.000145947
-9.21423e-05
-3.99538e-06
2.74707e-05
-4.08007e-05
-0.000113014
-0.000157746
-0.000188941
-0.000209363
-0.000220816
-0.000216782
-0.000190465
-0.000138958
-9.26753e-05
-6.09757e-05
-4.95141e-05
-4.91848e-05
-3.38867e-05
-2.50868e-05
-4.90759e-05
-9.2678e-05
-0.000129038
-0.000145497
-0.00014068
-0.000113997
-9.34314e-05
-9.26503e-05
-0.000104615
-0.000128103
-0.000123652
-0.000102758
-8.62269e-05
-7.71824e-05
-9.80911e-05
-0.000129184
-0.000182442
-0.00019675
-0.000186232
-0.000168595
-0.000145189
-0.00012799
-9.11402e-05
-3.74206e-05
2.30835e-05
-6.11908e-06
-6.64919e-05
-0.000121573
-0.000177347
-0.000227071
-0.000252672
-0.000247239
-0.000213887
-0.000158428
-0.000103897
-6.51655e-05
-4.98898e-05
-4.91496e-05
-4.31351e-05
-4.45791e-05
-7.40475e-05
-0.000106671
-0.000135677
-0.000149213
-0.000136339
-0.000112683
-8.75007e-05
-8.34569e-05
-0.000101037
-0.000142289
-0.000143662
-0.000126189
-0.000102279
-9.33696e-05
-0.000102183
-0.000129742
-0.000175582
-0.000194139
-0.000181077
-0.000153843
-0.000133521
-0.000112371
-9.50354e-05
-6.95841e-05
-5.60677e-05
-3.98679e-05
-6.41983e-05
-0.000103341
-0.000156802
-0.000223891
-0.000260277
-0.00025797
-0.000221871
-0.00016881
-0.000121807
-8.72169e-05
-6.99009e-05
-5.94592e-05
-4.5937e-05
-4.87246e-05
-7.83086e-05
-0.000113321
-0.000139588
-0.000147079
-0.000126286
-9.93615e-05
-8.07829e-05
-8.25116e-05
-0.000103011
-0.000132818
-0.000149311
-0.000140814
-0.000116537
-9.98404e-05
-0.000108365
-0.000127919
-0.000170169
-0.000206713
-0.000198023
-0.000156915
-0.000122875
-0.000102429
-8.43121e-05
-7.4327e-05
-6.62539e-05
-7.37847e-05
-9.42201e-05
-0.000121248
-0.000157959
-0.000218295
-0.000239643
-0.000252067
-0.000229065
-0.000183306
-0.000131914
-9.2008e-05
-7.30844e-05
-5.97218e-05
-4.84542e-05
-4.35405e-05
-6.85517e-05
-0.000100761
-0.000128942
-0.000142206
-0.000129378
-0.000101906
-8.3326e-05
-8.73241e-05
-0.000108924
-0.000135502
-0.000149614
-0.00014199
-0.000120483
-0.000106991
-8.0777e-05
-8.98699e-05
-0.00011756
-0.000156697
-0.000179242
-0.000166579
-0.000140346
-0.000120533
-0.000104236
-8.76344e-05
-8.57724e-05
-9.14289e-05
-0.000104266
-0.000121838
-0.000142165
-0.000149681
-0.00018025
-0.000189759
-0.000182955
-0.000153327
-0.000124553
-9.92939e-05
-8.60349e-05
-7.55653e-05
-6.10903e-05
-5.099e-05
-5.99938e-05
-8.69148e-05
-0.000108034
-0.000116768
-0.000115516
-0.000103937
-8.96958e-05
-8.71211e-05
-9.84557e-05
-0.000116306
-0.000131131
-0.000128572
-0.000110224
-8.82408e-05
-9.01557e-05
-9.18496e-05
-0.000102368
-0.000125352
-0.00014598
-0.000149252
-0.000151181
-0.000143521
-0.000125727
-0.000112768
-0.000105626
-0.000108026
-0.000112109
-0.000117345
-0.000127224
-0.00014134
-0.000152764
-0.000150385
-0.000123752
-0.000109819
-9.94698e-05
-9.05704e-05
-8.6571e-05
-8.53198e-05
-8.11451e-05
-6.93655e-05
-6.51921e-05
-7.56642e-05
-9.43517e-05
-0.00010784
-0.000110367
-0.000101398
-9.1598e-05
-8.68711e-05
-8.77382e-05
-9.27905e-05
-0.0001001
-0.000101038
-9.53251e-05
-8.93737e-05
-8.77346e-05
-9.22346e-05
-0.00010477
-0.000125489
-0.000143475
-0.000148994
-0.000149331
-0.000147498
-0.000140864
-0.000136107
-0.000128018
-0.000123348
-0.00012087
-0.000115148
-0.00010786
-0.000105072
-0.000113163
-0.000119155
-0.000112377
-0.000104235
-9.43015e-05
-8.55412e-05
-8.39492e-05
-8.72865e-05
-9.17572e-05
-9.85673e-05
-9.50018e-05
-9.10637e-05
-9.17173e-05
-9.83236e-05
-0.000100121
-9.04368e-05
-7.90816e-05
-7.40029e-05
-7.53722e-05
-8.17222e-05
-8.95352e-05
-9.10915e-05
-8.7728e-05
-8.47106e-05
-1.25735e-05
-5.49489e-05
-0.000104188
-0.000185506
-0.000266695
-0.000287485
-0.000199802
-3.4941e-05
3.42412e-05
-4.04054e-06
4.34928e-05
9.46836e-05
4.84478e-05
-1.39959e-05
-7.60829e-05
-0.000109886
-0.000119227
-0.000124703
-0.00013589
-0.00015135
-0.000137797
-0.000102907
-4.98563e-05
-1.27149e-05
-2.55354e-05
-5.07599e-05
-6.24836e-05
-5.63651e-05
-4.55557e-05
-6.44947e-05
-5.19948e-05
1.69903e-05
3.03808e-05
-4.69274e-05
-9.29088e-05
-6.02553e-05
-1.72336e-05
3.61502e-06
1.84282e-06
-5.49093e-06
-1.48778e-05
-5.76483e-05
-0.0001052
-0.000184316
-0.000262707
-0.000287928
-0.000201511
-3.47615e-05
3.49297e-05
-3.26207e-06
4.25857e-05
9.36782e-05
4.7137e-05
-1.53962e-05
-7.68982e-05
-0.000110228
-0.000119293
-0.000124349
-0.0001358
-0.000151489
-0.000138016
-0.000103186
-4.95955e-05
-1.1251e-05
-2.46367e-05
-5.08084e-05
-6.32182e-05
-5.77595e-05
-4.57735e-05
-6.48219e-05
-5.25342e-05
1.81591e-05
3.31915e-05
-4.57948e-05
-9.35559e-05
-6.08348e-05
-1.72942e-05
3.6511e-06
1.31245e-06
-7.08664e-06
-1.51281e-05
-6.11383e-05
-0.000108011
-0.000186775
-0.000271133
-0.000293534
-0.000199304
-3.22687e-05
3.42844e-05
-3.43977e-06
4.01095e-05
9.20369e-05
4.88119e-05
-1.80509e-05
-7.95575e-05
-0.000111128
-0.000117946
-0.000122449
-0.000134828
-0.000152165
-0.000139226
-0.000103732
-4.92042e-05
-1.04555e-05
-2.37447e-05
-5.15031e-05
-6.46598e-05
-5.97029e-05
-4.59091e-05
-6.52739e-05
-5.3774e-05
1.98712e-05
3.83479e-05
-4.56733e-05
-9.88567e-05
-6.53971e-05
-1.93616e-05
3.01003e-06
1.02712e-06
-7.54485e-06
-1.289e-05
-6.25428e-05
-0.000111197
-0.000193127
-0.000275758
-0.000306863
-0.000214197
-4.12738e-05
3.56393e-05
1.16107e-06
3.51994e-05
8.95362e-05
4.97723e-05
-1.96607e-05
-8.28327e-05
-0.000114759
-0.000117148
-0.000118986
-0.000131764
-0.000151079
-0.000141747
-0.000107768
-5.14372e-05
-1.11876e-05
-2.25268e-05
-5.22587e-05
-7.00652e-05
-6.31598e-05
-4.50512e-05
-6.56768e-05
-5.56997e-05
2.5832e-05
4.69772e-05
-4.21601e-05
-0.000107403
-7.4512e-05
-2.41017e-05
1.31084e-06
-6.70916e-07
-8.11006e-06
-9.39093e-06
-5.88357e-05
-0.000110477
-0.000197113
-0.000280688
-0.000320189
-0.000236068
-6.19475e-05
2.6865e-05
5.86368e-06
3.89914e-05
8.90145e-05
4.97748e-05
-2.05074e-05
-8.53848e-05
-0.000119935
-0.000118211
-0.0001174
-0.000130709
-0.000150418
-0.000143295
-0.000112847
-5.95891e-05
-1.55994e-05
-2.05053e-05
-4.79013e-05
-6.69821e-05
-6.65446e-05
-5.05055e-05
-7.01597e-05
-5.98775e-05
3.07599e-05
6.35753e-05
-3.16507e-05
-0.000108373
-8.24663e-05
-2.8569e-05
-7.08322e-07
-4.18573e-06
-8.81013e-06
-7.2163e-06
-4.98924e-05
-0.000106894
-0.000198952
-0.000285052
-0.000330446
-0.000259054
-8.4688e-05
1.52031e-05
1.01757e-05
4.4531e-05
9.14838e-05
5.03993e-05
-2.17168e-05
-8.66345e-05
-0.00012626
-0.000121428
-0.000114765
-0.000129988
-0.000153323
-0.00014718
-0.000118654
-6.87889e-05
-2.2915e-05
-1.8018e-05
-3.9855e-05
-5.82213e-05
-6.52462e-05
-5.35671e-05
-7.62726e-05
-7.35304e-05
2.26316e-05
7.54283e-05
-7.59952e-06
-9.95437e-05
-8.78849e-05
-2.95266e-05
1.15938e-06
-8.5732e-06
-1.58859e-05
-9.01561e-06
-4.04949e-05
-9.83837e-05
-0.000196666
-0.000290085
-0.000343043
-0.000280721
-0.000106943
1.63037e-06
1.3723e-05
5.13408e-05
9.50761e-05
5.24047e-05
-2.33921e-05
-8.8451e-05
-0.00013043
-0.000126993
-0.000112137
-0.000125775
-0.000155898
-0.000151959
-0.00012429
-7.79937e-05
-3.19879e-05
-2.05358e-05
-3.64442e-05
-5.0142e-05
-6.4928e-05
-5.49549e-05
-7.72413e-05
-8.00987e-05
7.52167e-06
7.32272e-05
2.61302e-05
-8.07786e-05
-9.3398e-05
-3.33501e-05
6.53971e-06
-6.7601e-06
-2.16559e-05
-1.01825e-05
-3.45404e-05
-8.97339e-05
-0.000192925
-0.000297069
-0.000358715
-0.000300868
-0.000134645
-1.59243e-05
1.01016e-05
5.03805e-05
9.49351e-05
5.43718e-05
-2.48872e-05
-9.19273e-05
-0.000134665
-0.000136955
-0.000112319
-0.000119975
-0.000154543
-0.000155492
-0.000128017
-8.53165e-05
-4.3632e-05
-3.02436e-05
-3.82636e-05
-5.7348e-05
-6.76297e-05
-6.11119e-05
-8.18851e-05
-9.2019e-05
-1.36833e-05
6.08407e-05
3.74379e-05
-5.57635e-05
-9.14717e-05
-4.37955e-05
8.27417e-06
3.07556e-06
-1.77163e-05
-4.91961e-06
-2.68086e-05
-9.23555e-05
-0.000190485
-0.000308366
-0.000381284
-0.000325939
-0.000160493
-3.99361e-05
-2.53074e-06
3.99953e-05
8.62237e-05
5.31209e-05
-2.69769e-05
-9.72855e-05
-0.000141531
-0.000144483
-0.00011601
-0.000116135
-0.000150924
-0.000154261
-0.000129901
-9.1976e-05
-5.44781e-05
-4.06742e-05
-4.33546e-05
-5.07129e-05
-6.45333e-05
-9.0174e-05
-9.20335e-05
-0.000112218
-4.02904e-05
3.12058e-05
3.1297e-05
-3.47144e-05
-7.80582e-05
-4.71086e-05
4.79721e-07
1.14649e-05
-5.41108e-06
3.60274e-06
-2.39265e-05
-9.7069e-05
-0.000191203
-0.000324115
-0.000406454
-0.000361664
-0.000193122
-6.33229e-05
-2.09621e-05
1.93413e-05
6.48709e-05
4.41042e-05
-3.16376e-05
-0.000104279
-0.000151564
-0.00015565
-0.000126382
-0.000116934
-0.000144997
-0.000153101
-0.000133415
-0.00010076
-6.46226e-05
-4.61465e-05
-4.52555e-05
-4.91906e-05
-4.71332e-05
-9.55717e-05
-9.91036e-05
-0.000110239
-6.03625e-05
-4.03024e-06
8.97071e-06
-2.75452e-05
-6.05839e-05
-4.27305e-05
-9.59245e-06
7.57609e-06
4.37286e-06
7.40804e-06
-2.4542e-05
-0.000108493
-0.000200444
-0.000331413
-0.00042056
-0.000394185
-0.00023162
-8.79174e-05
-4.48602e-05
-1.2897e-05
2.82737e-05
2.37258e-05
-4.176e-05
-0.00011416
-0.000163507
-0.000170112
-0.000139035
-0.000121159
-0.000140476
-0.000151475
-0.000136121
-0.000109403
-7.62121e-05
-5.23901e-05
-4.46737e-05
-4.51124e-05
-4.51489e-05
-9.14783e-05
-0.000106264
-0.000101174
-6.75881e-05
-2.40199e-05
-1.06631e-05
-3.90562e-05
-5.16233e-05
-3.34129e-05
-1.60232e-05
-1.07881e-06
4.04895e-06
-5.23943e-07
-3.3637e-05
-0.000120972
-0.000215735
-0.000311943
-0.000419493
-0.000407273
-0.000263418
-0.000108949
-6.2712e-05
-4.9999e-05
-2.4797e-05
-1.20962e-05
-5.91093e-05
-0.000126427
-0.000174711
-0.000185632
-0.000154293
-0.000128129
-0.000145583
-0.000151034
-0.000137531
-0.000113823
-8.64508e-05
-5.96765e-05
-4.24911e-05
-4.12716e-05
-4.71792e-05
-9.31264e-05
-0.000113575
-0.00010025
-6.71062e-05
-3.33765e-05
-2.08214e-05
-3.87287e-05
-4.45338e-05
-2.26161e-05
-1.83342e-05
-8.88051e-06
-3.92222e-06
-2.57207e-05
-5.26173e-05
-0.000133355
-0.000220032
-0.00029577
-0.00037781
-0.000392482
-0.000271233
-0.000125942
-7.30307e-05
-8.37101e-05
-7.89717e-05
-6.27371e-05
-8.58736e-05
-0.000137738
-0.000182685
-0.000203462
-0.000176109
-0.000141424
-0.000146644
-0.00015291
-0.00013842
-0.000111341
-9.02584e-05
-6.44307e-05
-3.95357e-05
-3.5e-05
-4.97123e-05
-0.000103842
-0.000124963
-0.000103139
-6.50445e-05
-4.39908e-05
-3.34209e-05
-4.0938e-05
-4.24093e-05
-1.87892e-05
-9.76244e-06
-1.88251e-05
-2.547e-05
-6.09906e-05
-7.86757e-05
-0.000147088
-0.000218919
-0.000275515
-0.00033076
-0.000349168
-0.000248424
-0.000131498
-8.01048e-05
-9.75662e-05
-0.000111067
-0.000111474
-0.000118757
-0.000152408
-0.000188001
-0.000213801
-0.00020053
-0.000165083
-0.000156508
-0.000159933
-0.000142525
-0.000104276
-8.45259e-05
-6.21683e-05
-3.51324e-05
-2.85581e-05
-5.10609e-05
-0.000118283
-0.000139822
-0.000113503
-7.14259e-05
-5.24993e-05
-4.85648e-05
-4.96135e-05
-4.70821e-05
-2.9512e-05
-1.59437e-05
-2.3181e-05
-5.2047e-05
-9.33703e-05
-0.000107639
-0.000169267
-0.000217303
-0.000256515
-0.000292741
-0.000301582
-0.000204565
-0.00013045
-8.22268e-05
-9.89799e-05
-0.000127508
-0.000137135
-0.000147589
-0.000165747
-0.000194902
-0.000218259
-0.00021869
-0.000194492
-0.000180869
-0.000172784
-0.000143668
-0.00010059
-7.09308e-05
-4.8333e-05
-2.57116e-05
-2.41362e-05
-5.60369e-05
-0.000131364
-0.000155586
-0.00012578
-8.08707e-05
-6.44909e-05
-6.63547e-05
-5.98984e-05
-5.13907e-05
-4.08974e-05
-3.2109e-05
-3.53902e-05
-8.07508e-05
-0.000101579
-0.000129297
-0.000192166
-0.000212945
-0.000233701
-0.000251293
-0.00025188
-0.000184934
-0.000129279
-8.05543e-05
-9.35022e-05
-0.000130319
-0.00014403
-0.000172945
-0.000177134
-0.000200166
-0.000214215
-0.000222754
-0.000203617
-0.000181783
-0.000160654
-0.000136086
-9.78269e-05
-6.81634e-05
-4.14112e-05
-2.10901e-05
-2.34463e-05
-6.93279e-05
-0.000146272
-0.00016564
-0.000131305
-8.56717e-05
-7.09906e-05
-7.69726e-05
-6.38575e-05
-5.15232e-05
-4.45265e-05
-4.28651e-05
-4.54496e-05
-6.22156e-05
-0.000100867
-0.000130551
-0.000181502
-0.000205912
-0.000212683
-0.000214274
-0.000211173
-0.000177346
-0.000135842
-8.55751e-05
-8.81331e-05
-0.000120965
-0.000141542
-0.000162144
-0.000174255
-0.000194856
-0.00021047
-0.000206008
-0.000190409
-0.000167332
-0.000137482
-0.000109443
-7.78662e-05
-5.51086e-05
-4.02975e-05
-3.18929e-05
-4.25895e-05
-8.30992e-05
-0.000155385
-0.000164371
-0.000127738
-8.4946e-05
-7.21575e-05
-7.69274e-05
-6.00163e-05
-5.8511e-05
-5.2481e-05
-5.17843e-05
-5.77283e-05
-7.14873e-05
-0.000100006
-0.000124044
-0.000166713
-0.000187157
-0.000192912
-0.000192556
-0.000186497
-0.000160953
-0.000148408
-9.16042e-05
-8.87797e-05
-0.000109183
-0.000120764
-0.000106408
-0.000148003
-0.000173521
-0.000192108
-0.000192493
-0.000175948
-0.00016135
-0.000130002
-9.58097e-05
-7.00557e-05
-5.16971e-05
-3.75091e-05
-4.09378e-05
-5.77392e-05
-9.38282e-05
-0.000129042
-0.000145193
-0.000117841
-8.41036e-05
-7.38568e-05
-7.86121e-05
-6.89691e-05
-6.8152e-05
-6.34387e-05
-6.04455e-05
-6.62332e-05
-8.03294e-05
-9.78621e-05
-0.000118211
-0.000153932
-0.000173532
-0.000180651
-0.000173927
-0.00016415
-0.000147697
-0.000121625
-8.7283e-05
-7.89061e-05
-9.19021e-05
-0.000114313
-0.000149459
-0.000172924
-0.000192295
-0.000196736
-0.000191459
-0.000170762
-0.000140463
-0.000110567
-8.16282e-05
-6.13399e-05
-5.28298e-05
-4.39229e-05
-4.86305e-05
-6.88195e-05
-9.82316e-05
-0.000117753
-0.000129358
-0.000113951
-8.75401e-05
-7.31748e-05
-7.38872e-05
-7.84517e-05
-8.32125e-05
-8.68957e-05
-8.04173e-05
-7.89858e-05
-8.6945e-05
-0.000103431
-0.000118483
-0.000142375
-0.000159917
-0.000168456
-0.000166079
-0.000152225
-0.000138458
-0.000108899
-7.28397e-05
-6.58902e-05
-7.6673e-05
-8.89461e-05
-0.000117637
-0.000155298
-0.000194188
-0.000217128
-0.000213798
-0.000185444
-0.000142981
-0.000101606
-7.43766e-05
-5.92512e-05
-5.14686e-05
-4.69019e-05
-5.62113e-05
-8.09223e-05
-0.000106344
-0.000127209
-0.000131713
-0.000116874
-9.22611e-05
-7.47498e-05
-7.22815e-05
-7.84069e-05
-7.81842e-05
-0.000106455
-0.00010516
-9.8074e-05
-9.88155e-05
-0.000106918
-0.000109613
-0.000128098
-0.000149062
-0.00016191
-0.000161344
-0.000143534
-0.00012839
-0.000106359
-8.16138e-05
-7.55976e-05
-8.23779e-05
-8.70625e-05
-0.000104529
-0.00012833
-0.000172096
-0.000211873
-0.000221034
-0.000197526
-0.000156445
-0.000115878
-8.68066e-05
-7.54172e-05
-6.52563e-05
-5.52716e-05
-5.96935e-05
-8.35247e-05
-0.000110904
-0.000132125
-0.000142534
-0.000121909
-8.80691e-05
-6.43535e-05
-6.26936e-05
-7.7199e-05
-9.48587e-05
-0.000121361
-0.000128307
-0.000120889
-0.000112102
-0.000122292
-0.000123662
-0.000138605
-0.000161475
-0.000170128
-0.000153857
-0.000129655
-0.000114568
-9.80208e-05
-8.51549e-05
-8.2209e-05
-9.35635e-05
-0.000111598
-0.000114842
-0.000127149
-0.000161869
-0.000196849
-0.000213971
-0.000200082
-0.000166181
-0.00013111
-0.000102783
-8.27617e-05
-6.83656e-05
-5.73076e-05
-5.39482e-05
-7.25137e-05
-0.000102471
-0.000124569
-0.000132972
-0.000116616
-8.70314e-05
-6.26406e-05
-6.14389e-05
-8.05639e-05
-0.000106309
-0.000127322
-0.000130922
-0.000121616
-0.000123164
-0.000100649
-0.000105115
-0.000118801
-0.000144305
-0.000165011
-0.000162335
-0.000142939
-0.000121886
-0.000103047
-9.45903e-05
-9.4143e-05
-0.000102194
-0.000116241
-0.000123433
-0.000125148
-0.000131539
-0.000150824
-0.000159993
-0.000158874
-0.000143529
-0.000124969
-0.000105274
-9.06144e-05
-8.09052e-05
-7.06065e-05
-5.89695e-05
-6.27398e-05
-8.3946e-05
-0.000106523
-0.000115367
-0.000106698
-9.22894e-05
-7.65724e-05
-6.96696e-05
-7.72154e-05
-9.37661e-05
-0.000111327
-0.000117903
-0.000110504
-9.76798e-05
-9.93447e-05
-0.000106535
-0.000114877
-0.000130505
-0.000145844
-0.000155122
-0.000153007
-0.000146113
-0.000129802
-0.000116796
-0.000112224
-0.000111805
-0.000115871
-0.000121537
-0.000128205
-0.0001373
-0.000141163
-0.000116032
-0.000114834
-0.000107789
-0.000102403
-9.45714e-05
-8.78582e-05
-8.39375e-05
-8.15236e-05
-7.44502e-05
-7.40547e-05
-8.33696e-05
-9.84871e-05
-0.000105676
-9.9648e-05
-8.90752e-05
-7.88102e-05
-7.27898e-05
-7.27816e-05
-7.69468e-05
-8.44974e-05
-8.96795e-05
-8.92768e-05
-9.02109e-05
-9.74737e-05
-0.000104055
-0.000110839
-0.000124638
-0.000140483
-0.000147176
-0.000149382
-0.000148223
-0.000145061
-0.000142009
-0.000131449
-0.000127015
-0.000126011
-0.000122818
-0.000115562
-0.000113747
-0.000117334
-0.000122262
-0.000113207
-0.000104659
-9.76518e-05
-9.39426e-05
-9.20304e-05
-9.31143e-05
-9.59408e-05
-9.3703e-05
-9.15621e-05
-8.84279e-05
-8.76772e-05
-9.13351e-05
-8.68957e-05
-7.72378e-05
-6.75296e-05
-6.40345e-05
-6.52358e-05
-7.058e-05
-7.85478e-05
-8.28607e-05
-8.34222e-05
-8.78127e-05
5.50459e-06
-3.51158e-05
-0.000178399
-0.000243985
-0.000240522
-0.000219629
-0.000171434
-0.000160172
-0.000174381
-5.9844e-05
0.000145436
0.000246483
0.00018018
6.42451e-06
-0.000136826
-0.000241824
-0.000250922
-0.00016631
-9.04121e-05
-6.44033e-05
-9.14412e-05
-0.000109118
-7.89347e-05
-4.89941e-05
-6.84194e-05
-9.64221e-05
-0.000105011
-8.9901e-05
-5.17033e-05
-5.91016e-05
-9.74957e-05
-0.000122547
-0.00013171
-0.00010385
-5.55789e-05
1.5868e-05
9.0849e-05
8.95126e-05
3.14723e-05
7.4973e-07
3.52405e-06
-3.65589e-05
-0.000181788
-0.000247063
-0.00024081
-0.000219333
-0.000170222
-0.000158824
-0.000175134
-6.24914e-05
0.000143277
0.000246838
0.000181436
8.06431e-06
-0.000136619
-0.000243033
-0.000252564
-0.00016711
-9.01126e-05
-6.33721e-05
-9.06815e-05
-0.000109151
-7.89658e-05
-4.83897e-05
-6.8342e-05
-9.68932e-05
-0.00010566
-9.04607e-05
-5.17911e-05
-5.89377e-05
-9.74152e-05
-0.000122597
-0.000132927
-0.00010636
-5.81303e-05
1.37424e-05
9.00901e-05
8.89108e-05
3.0356e-05
-1.23993e-06
5.34188e-07
-3.82652e-05
-0.000187734
-0.000254771
-0.000245469
-0.000222288
-0.000172412
-0.00016286
-0.000172719
-6.39088e-05
0.000141888
0.000249405
0.000182595
9.93634e-06
-0.000137665
-0.000247134
-0.000257836
-0.00016794
-8.83927e-05
-6.12605e-05
-9.03055e-05
-0.000109823
-7.93697e-05
-4.76121e-05
-6.86154e-05
-9.81828e-05
-0.000108198
-9.12384e-05
-5.24203e-05
-5.90608e-05
-9.73434e-05
-0.000122977
-0.000135509
-0.000109105
-6.02864e-05
1.14283e-05
8.94561e-05
8.80973e-05
2.83973e-05
-6.97424e-06
-4.24459e-06
-4.00197e-05
-0.000197794
-0.000264182
-0.000255986
-0.000229786
-0.000177456
-0.000163878
-0.000172173
-6.88375e-05
0.000139735
0.000251334
0.00018802
1.49671e-05
-0.000139406
-0.000252785
-0.000266296
-0.000177985
-9.44931e-05
-5.97585e-05
-8.66828e-05
-0.000109119
-7.98234e-05
-4.62284e-05
-6.65582e-05
-9.84179e-05
-0.000109563
-9.07786e-05
-5.21729e-05
-6.04146e-05
-9.95309e-05
-0.000124766
-0.00013419
-0.000115099
-6.57298e-05
7.80788e-06
8.88809e-05
8.71406e-05
2.54024e-05
-1.48194e-05
-1.00051e-05
-3.82941e-05
-0.000207711
-0.00027525
-0.000270305
-0.000242775
-0.000184555
-0.000164755
-0.000170257
-7.36133e-05
0.000132139
0.000252238
0.000193356
2.4317e-05
-0.000135835
-0.000258622
-0.000277534
-0.000191155
-0.000107137
-6.89834e-05
-8.66514e-05
-0.000104076
-7.59635e-05
-4.09017e-05
-6.16923e-05
-9.72761e-05
-0.000115358
-9.29513e-05
-5.28062e-05
-5.86639e-05
-0.000100601
-0.000129636
-0.000136017
-0.000116348
-7.34602e-05
-3.01661e-06
8.30647e-05
8.35639e-05
2.12288e-05
-2.38509e-05
-1.38334e-05
-3.42758e-05
-0.000209501
-0.000281287
-0.000282757
-0.000258354
-0.000198158
-0.000165309
-0.000167257
-7.80304e-05
0.000117727
0.000247601
0.000195331
3.53419e-05
-0.000127851
-0.0002559
-0.000284017
-0.000200926
-0.000121185
-8.21571e-05
-9.12524e-05
-0.00010245
-6.98286e-05
-3.42601e-05
-5.55134e-05
-9.59997e-05
-0.000118158
-9.68214e-05
-5.57227e-05
-6.04217e-05
-9.68705e-05
-0.000126469
-0.000138881
-0.000121543
-8.23174e-05
-1.82669e-05
7.1976e-05
7.28017e-05
1.69373e-05
-3.13879e-05
-1.65207e-05
-2.98273e-05
-0.000202803
-0.000283903
-0.000288727
-0.000270508
-0.00021777
-0.000170472
-0.000157943
-7.65759e-05
9.63581e-05
0.000234017
0.000195063
4.76432e-05
-0.000118121
-0.000251983
-0.000284192
-0.000202939
-0.000129412
-9.42025e-05
-9.78196e-05
-0.000103716
-6.98687e-05
-2.98685e-05
-4.80172e-05
-9.30454e-05
-0.000118204
-0.000105152
-6.16359e-05
-6.23862e-05
-9.45938e-05
-0.000117118
-0.00013332
-0.000126655
-8.86266e-05
-3.23826e-05
5.9564e-05
6.91696e-05
1.43144e-05
-3.38597e-05
-1.44942e-05
-2.36011e-05
-0.000190653
-0.000290253
-0.000294003
-0.000279489
-0.000240939
-0.000184758
-0.000145703
-6.75823e-05
7.64302e-05
0.000204727
0.000185787
5.88279e-05
-0.000105944
-0.00024666
-0.000278621
-0.000201758
-0.000129012
-9.91441e-05
-0.000101439
-0.000104959
-7.41556e-05
-3.23517e-05
-4.32974e-05
-8.25811e-05
-0.000103157
-0.000100861
-7.23326e-05
-6.61649e-05
-9.43949e-05
-0.000111358
-0.000121898
-0.000127031
-9.29063e-05
-4.54763e-05
4.61914e-05
7.12887e-05
2.22358e-05
-3.05383e-05
-3.99886e-06
-1.32973e-05
-0.000166155
-0.000297884
-0.000305168
-0.000292199
-0.000270927
-0.000220187
-0.00014529
-5.83801e-05
6.2141e-05
0.000165538
0.000166796
6.0962e-05
-9.76671e-05
-0.000240894
-0.000272385
-0.000202915
-0.000122521
-9.75541e-05
-0.000101273
-0.000106096
-8.19878e-05
-3.97563e-05
-3.9907e-05
-7.14661e-05
-8.43574e-05
-8.50496e-05
-7.77937e-05
-7.4596e-05
-9.05676e-05
-0.000108662
-0.000106647
-0.000116138
-9.83725e-05
-6.66849e-05
1.8261e-05
7.31721e-05
4.0162e-05
-1.55049e-05
1.05526e-05
-2.78945e-06
-0.00014379
-0.000298842
-0.00031859
-0.000318365
-0.000305199
-0.000264638
-0.000177029
-7.0677e-05
4.17046e-05
0.000131108
0.000144512
5.27882e-05
-0.000102649
-0.000231073
-0.000265949
-0.000194513
-0.000113061
-9.27616e-05
-9.96623e-05
-0.000107321
-9.04208e-05
-5.08017e-05
-4.02375e-05
-6.16284e-05
-7.35545e-05
-7.55289e-05
-7.84405e-05
-8.25043e-05
-8.64659e-05
-0.000105812
-9.54609e-05
-9.43938e-05
-9.5832e-05
-7.62896e-05
-1.90602e-05
5.39676e-05
5.19141e-05
4.83092e-06
1.26933e-05
-4.95122e-07
-0.000124537
-0.000281131
-0.000323877
-0.0003236
-0.000324464
-0.000287455
-0.000207012
-0.000104209
-1.02237e-05
8.09232e-05
0.00011419
3.24607e-05
-0.000115751
-0.000246956
-0.000271415
-0.000192105
-0.000107426
-8.62068e-05
-9.74589e-05
-0.000107954
-9.71255e-05
-6.27983e-05
-4.57556e-05
-5.54737e-05
-6.65699e-05
-7.11063e-05
-7.74635e-05
-8.76485e-05
-8.5625e-05
-9.29425e-05
-9.51647e-05
-7.76551e-05
-8.33438e-05
-7.53591e-05
-3.85215e-05
2.13421e-05
3.754e-05
1.03907e-05
4.72933e-07
-1.18333e-05
-0.000113244
-0.00025531
-0.000322731
-0.000319217
-0.00032793
-0.00027995
-0.00019742
-0.00011995
-6.73053e-05
1.36542e-06
6.62118e-05
-3.32479e-07
-0.000130846
-0.000270238
-0.000293494
-0.000204746
-0.000107655
-8.06446e-05
-9.30646e-05
-0.000107269
-0.00010263
-7.5439e-05
-5.32195e-05
-4.95885e-05
-6.07721e-05
-6.6854e-05
-8.06234e-05
-9.09739e-05
-8.60367e-05
-8.75858e-05
-0.00010053
-7.01198e-05
-6.98695e-05
-6.87068e-05
-4.4735e-05
-9.02508e-07
1.40811e-05
1.58124e-06
-1.96737e-05
-3.45283e-05
-0.000115491
-0.00023263
-0.000302941
-0.000319381
-0.000321616
-0.000277292
-0.000186345
-0.000109371
-8.31385e-05
-5.95504e-05
-3.12955e-05
-3.51314e-05
-0.000149525
-0.000282623
-0.00032109
-0.000236647
-0.000121464
-7.39429e-05
-9.07086e-05
-0.000108336
-0.000106179
-8.31483e-05
-5.99214e-05
-4.59188e-05
-5.08819e-05
-6.43736e-05
-8.66221e-05
-9.65692e-05
-8.43661e-05
-8.02946e-05
-8.67626e-05
-6.96847e-05
-6.10818e-05
-6.07247e-05
-4.19728e-05
-1.65801e-05
-3.01391e-06
-1.35794e-05
-4.55618e-05
-6.17153e-05
-0.000122675
-0.000215899
-0.000278238
-0.000293343
-0.000290051
-0.000265592
-0.000187652
-0.000112959
-8.31707e-05
-9.02787e-05
-7.46795e-05
-7.43661e-05
-0.000148015
-0.000258798
-0.000292941
-0.000258992
-0.000156893
-8.76981e-05
-8.59818e-05
-0.000103462
-0.000108234
-8.61773e-05
-6.25992e-05
-4.12401e-05
-4.24823e-05
-6.96403e-05
-9.70228e-05
-0.00010479
-8.21865e-05
-7.23426e-05
-8.11628e-05
-7.72966e-05
-6.14589e-05
-5.86108e-05
-4.39044e-05
-2.25297e-05
-1.05857e-05
-2.57081e-05
-6.53641e-05
-8.85221e-05
-0.00013185
-0.000200457
-0.00024996
-0.000264632
-0.000264775
-0.000245859
-0.000178893
-0.000117826
-9.41229e-05
-0.00010509
-0.000105944
-0.000103071
-0.000144936
-0.000206979
-0.000264072
-0.00024839
-0.000180211
-0.000123732
-0.000108302
-0.000106113
-9.80725e-05
-8.28123e-05
-6.56069e-05
-4.27398e-05
-4.09892e-05
-7.39615e-05
-0.000107896
-0.00010838
-7.97138e-05
-6.16971e-05
-7.3734e-05
-7.88238e-05
-6.76212e-05
-6.34524e-05
-5.39777e-05
-3.12853e-05
-1.7724e-05
-3.06477e-05
-7.78527e-05
-0.000101892
-0.000132701
-0.000189091
-0.000220766
-0.000231762
-0.000233909
-0.000217001
-0.000168138
-0.000112649
-9.69217e-05
-0.000115775
-0.000123617
-0.000118703
-0.000145601
-0.000193273
-0.000246041
-0.000243424
-0.000201674
-0.000153239
-0.000122477
-0.000102937
-8.74157e-05
-7.99305e-05
-7.19223e-05
-5.92564e-05
-5.65164e-05
-8.54341e-05
-0.000117931
-0.000112398
-7.67442e-05
-5.23959e-05
-6.58633e-05
-7.5844e-05
-6.44704e-05
-5.94626e-05
-6.16038e-05
-5.70034e-05
-3.8654e-05
-4.09371e-05
-7.88916e-05
-0.000102906
-0.000137493
-0.000183762
-0.000202162
-0.000203855
-0.000202883
-0.000187863
-0.000148357
-0.000100231
-8.33519e-05
-0.000110352
-0.000131671
-0.000132721
-0.000149045
-0.000183229
-0.000217935
-0.000225247
-0.000195124
-0.000164724
-0.000135263
-0.000107047
-8.05635e-05
-6.81015e-05
-6.59675e-05
-6.40268e-05
-7.49874e-05
-9.87015e-05
-0.000127377
-0.000107707
-7.18423e-05
-4.68208e-05
-5.93188e-05
-7.41351e-05
-7.13277e-05
-6.11048e-05
-6.43049e-05
-7.15558e-05
-6.45556e-05
-6.322e-05
-8.41283e-05
-0.00010226
-0.000144506
-0.000172791
-0.000178071
-0.000177915
-0.000181637
-0.000173172
-0.00013202
-0.000104629
-8.10247e-05
-9.51546e-05
-0.000118717
-0.00012549
-0.000144609
-0.000178613
-0.00019479
-0.00019254
-0.00016976
-0.000152163
-0.0001332
-0.000108587
-8.14586e-05
-6.50821e-05
-5.94949e-05
-5.84888e-05
-7.139e-05
-9.89704e-05
-0.000122581
-0.000104997
-7.40876e-05
-4.85183e-05
-5.46311e-05
-6.99429e-05
-6.93657e-05
-6.48355e-05
-6.7174e-05
-7.42918e-05
-7.7069e-05
-8.01995e-05
-9.03907e-05
-0.000105593
-0.000141455
-0.000159636
-0.000164185
-0.000162547
-0.000158773
-0.000148872
-0.000134298
-0.000116352
-9.37338e-05
-9.39029e-05
-0.000105775
-0.000125372
-0.000158582
-0.000189596
-0.000200177
-0.000183815
-0.000155899
-0.000133563
-0.000114577
-9.65353e-05
-7.61228e-05
-6.50097e-05
-6.15033e-05
-6.4784e-05
-7.75992e-05
-9.98224e-05
-0.000114649
-9.29116e-05
-7.90553e-05
-5.66755e-05
-5.54326e-05
-6.4503e-05
-6.8094e-05
-6.66465e-05
-7.0687e-05
-7.79015e-05
-8.42088e-05
-8.80565e-05
-0.000103516
-0.000113202
-0.00013784
-0.000155187
-0.000151285
-0.000151879
-0.000145151
-0.000134811
-0.000119982
-0.000105232
-9.25545e-05
-8.83107e-05
-9.13021e-05
-0.00010771
-0.000148196
-0.000184071
-0.000205581
-0.000194994
-0.000163463
-0.000128554
-0.000107625
-9.02444e-05
-7.34394e-05
-6.48529e-05
-6.08732e-05
-6.66772e-05
-8.37406e-05
-0.000105292
-0.000119268
-0.000104948
-7.72761e-05
-4.91605e-05
-4.38858e-05
-5.88057e-05
-7.23666e-05
-7.81914e-05
-8.59826e-05
-8.84514e-05
-9.36041e-05
-0.000101436
-0.000106174
-0.000112226
-0.000130028
-0.000145789
-0.000144021
-0.000138925
-0.000138123
-0.000145642
-0.000125168
-0.000108133
-9.65328e-05
-9.38326e-05
-9.37512e-05
-0.000102226
-0.000124585
-0.000157176
-0.000182925
-0.000186551
-0.000168502
-0.000140826
-0.000115829
-9.54495e-05
-8.40458e-05
-7.53625e-05
-6.73484e-05
-7.26367e-05
-9.17872e-05
-0.000109938
-0.000118906
-0.000110592
-8.92054e-05
-5.61948e-05
-3.4821e-05
-4.0378e-05
-5.80458e-05
-7.61812e-05
-9.40684e-05
-0.000103656
-0.000108582
-0.000112309
-0.000132229
-0.000132356
-0.000140648
-0.000153461
-0.000152196
-0.000136866
-0.000125545
-0.000129041
-0.000125349
-0.000113496
-0.000102241
-9.95456e-05
-0.000103777
-0.000108989
-0.000121299
-0.000140396
-0.000158261
-0.000162898
-0.000153187
-0.000137317
-0.000123355
-0.000107849
-8.99298e-05
-7.52786e-05
-6.41388e-05
-6.51238e-05
-8.62021e-05
-0.000110871
-0.000119538
-0.000109438
-9.01983e-05
-6.75081e-05
-5.63274e-05
-5.5813e-05
-6.78686e-05
-8.46979e-05
-0.000100602
-0.000109553
-0.000115791
-0.000132712
-0.000114743
-0.000124595
-0.000135006
-0.000149368
-0.000155572
-0.000149716
-0.00013278
-0.000125991
-0.00011484
-0.000102307
-9.86583e-05
-0.000102122
-0.000110935
-0.00012116
-0.00012885
-0.000134772
-0.000139316
-0.000135297
-0.000127815
-0.000118349
-0.000110606
-0.000101406
-9.27281e-05
-8.68582e-05
-7.93787e-05
-6.97556e-05
-7.17325e-05
-8.64087e-05
-9.89597e-05
-9.78006e-05
-8.2246e-05
-6.99105e-05
-6.30521e-05
-6.29061e-05
-7.00511e-05
-8.20163e-05
-9.48359e-05
-0.000102168
-0.000102909
-9.61329e-05
-0.000109342
-0.000122152
-0.000128545
-0.00013492
-0.000141041
-0.000145857
-0.000152964
-0.000149345
-0.000139468
-0.00012775
-0.000117416
-0.00011063
-0.000111022
-0.000117356
-0.000124861
-0.000132452
-0.000144619
-0.000126526
-0.000118929
-0.000111828
-0.000105274
-9.57594e-05
-9.11343e-05
-8.7417e-05
-8.43855e-05
-8.01917e-05
-7.83021e-05
-8.22861e-05
-8.93724e-05
-9.03342e-05
-8.1541e-05
-7.11885e-05
-6.48189e-05
-6.42923e-05
-6.71699e-05
-7.19348e-05
-7.7579e-05
-8.20404e-05
-8.26965e-05
-9.05597e-05
-0.000104566
-0.000114511
-0.000117823
-0.000126111
-0.000139416
-0.000149181
-0.000154674
-0.000155237
-0.000150382
-0.000145797
-0.000131993
-0.000123811
-0.000121494
-0.000122011
-0.000121038
-0.000123219
-0.000128288
-0.000123734
-0.000115916
-0.000107386
-0.000102362
-0.000107922
-0.000104737
-0.000102864
-0.000102097
-9.9515e-05
-9.14243e-05
-8.81328e-05
-8.44381e-05
-8.46147e-05
-8.29459e-05
-7.00772e-05
-6.30447e-05
-6.09234e-05
-6.09514e-05
-6.44186e-05
-7.17752e-05
-7.70555e-05
-7.94174e-05
-8.82646e-05
-3.0777e-05
-6.896e-05
-0.00010631
-0.00021215
-0.000351402
-0.000373322
-0.000220739
-0.000152223
-0.000205425
-6.00189e-05
0.000274574
0.000346718
8.77519e-05
-0.000144581
-0.000213618
-0.00025198
-0.000259017
-0.000220095
-0.000187007
-0.000173998
-0.000169652
-0.000128613
-7.82708e-05
-4.86948e-05
-3.61459e-05
-9.39865e-06
2.20428e-05
2.33466e-05
-1.55843e-05
-6.1725e-05
-9.92645e-05
-9.27509e-05
-3.80277e-05
3.58349e-05
9.80641e-05
0.000125694
7.48616e-05
-2.46639e-05
-3.18516e-05
-2.70377e-05
-3.13895e-05
-6.92455e-05
-0.000104737
-0.00021133
-0.000352496
-0.00037649
-0.000221524
-0.000150814
-0.000208422
-6.39505e-05
0.000275143
0.000352086
9.0991e-05
-0.000144909
-0.000214099
-0.000252615
-0.000260541
-0.000221181
-0.000187231
-0.000173998
-0.000170048
-0.000129751
-7.98098e-05
-5.10296e-05
-3.90945e-05
-1.21567e-05
2.09315e-05
2.34911e-05
-1.5128e-05
-6.12108e-05
-9.95289e-05
-9.39116e-05
-3.91285e-05
3.39841e-05
9.66538e-05
0.000125557
7.65736e-05
-2.47864e-05
-3.43961e-05
-2.75131e-05
-3.51069e-05
-7.36754e-05
-0.000107457
-0.000212001
-0.000354232
-0.000381792
-0.000227957
-0.000150881
-0.000209567
-6.70929e-05
0.000280314
0.000365253
9.74047e-05
-0.000148497
-0.000218695
-0.000257285
-0.000266427
-0.000225615
-0.000188964
-0.000173933
-0.000170381
-0.000131742
-8.21289e-05
-5.4026e-05
-4.29298e-05
-1.70818e-05
1.65084e-05
1.97968e-05
-1.57794e-05
-6.07128e-05
-0.000101214
-9.56337e-05
-3.81298e-05
3.46775e-05
9.80236e-05
0.000128089
8.12914e-05
-2.49137e-05
-3.88217e-05
-2.86135e-05
-4.0996e-05
-7.99579e-05
-0.00011477
-0.00021928
-0.000359758
-0.000379453
-0.000230964
-0.000161343
-0.000224097
-6.41835e-05
0.000289733
0.000385443
0.000109243
-0.000152625
-0.000226659
-0.000267094
-0.000276888
-0.000231983
-0.000190911
-0.000172442
-0.000167615
-0.000131416
-8.42572e-05
-5.87839e-05
-5.06715e-05
-2.49504e-05
1.00725e-05
1.22987e-05
-2.06199e-05
-6.28515e-05
-9.98766e-05
-9.53677e-05
-4.25025e-05
3.41452e-05
0.000102597
0.000134258
8.54982e-05
-2.7852e-05
-4.63437e-05
-3.25543e-05
-4.49389e-05
-8.55402e-05
-0.000122575
-0.000231973
-0.000367982
-0.000385198
-0.000235278
-0.000170197
-0.000248417
-8.54336e-05
0.000279788
0.000399582
0.000119361
-0.000155947
-0.000232578
-0.000278933
-0.000292628
-0.000240082
-0.000187807
-0.000165935
-0.000161419
-0.000127856
-8.36203e-05
-6.25474e-05
-6.15607e-05
-3.87911e-05
-5.90225e-07
2.54273e-06
-2.79766e-05
-6.88138e-05
-0.000106372
-9.94461e-05
-4.88567e-05
2.81471e-05
8.8719e-05
0.000127048
8.32228e-05
-3.64086e-05
-6.10352e-05
-3.73193e-05
-4.22063e-05
-9.09881e-05
-0.00012973
-0.000245184
-0.000378417
-0.000394748
-0.000241043
-0.000184156
-0.000285756
-0.000127891
0.000240114
0.000369319
0.000116314
-0.000164106
-0.000239707
-0.000286973
-0.000307681
-0.000252556
-0.000186562
-0.000156035
-0.000152463
-0.000123805
-8.21814e-05
-6.224e-05
-6.89003e-05
-5.60904e-05
-1.94894e-05
-1.24202e-05
-4.01844e-05
-7.45123e-05
-0.000107782
-0.000103593
-6.11631e-05
1.37564e-05
7.0245e-05
0.00011676
7.89353e-05
-3.75817e-05
-7.43124e-05
-4.07833e-05
-3.07043e-05
-8.97716e-05
-0.000142366
-0.000261776
-0.000390212
-0.000407867
-0.000251248
-0.000220941
-0.000320253
-0.000180164
0.000189489
0.000322096
0.000107161
-0.000174064
-0.000255761
-0.000295778
-0.000316045
-0.000267245
-0.000187249
-0.000148018
-0.000145551
-0.000123186
-8.3812e-05
-6.00895e-05
-6.84104e-05
-6.61895e-05
-4.07648e-05
-3.40738e-05
-5.93844e-05
-8.38565e-05
-0.00011024
-0.000103592
-7.15593e-05
-3.40912e-06
5.02803e-05
9.83711e-05
8.64986e-05
-1.07266e-05
-6.19432e-05
-4.07862e-05
-1.08308e-05
-7.86712e-05
-0.00015582
-0.000282767
-0.000405635
-0.000424505
-0.00026678
-0.000236697
-0.000331723
-0.00020587
0.000141146
0.000266081
0.000105721
-0.000167672
-0.000277179
-0.000314817
-0.000323131
-0.000271176
-0.000181691
-0.00013649
-0.000137941
-0.00012346
-8.69817e-05
-5.85242e-05
-6.52933e-05
-6.85421e-05
-5.25836e-05
-5.27243e-05
-8.13671e-05
-9.7272e-05
-0.000113827
-0.000105098
-7.77295e-05
-2.12829e-05
3.67879e-05
8.18943e-05
9.60796e-05
1.25316e-05
-4.11221e-05
-3.49283e-05
4.06871e-06
-5.41112e-05
-0.000147683
-0.000293206
-0.0004156
-0.000439157
-0.000296888
-0.000253329
-0.000316105
-0.00018842
0.000127908
0.000228299
0.000107744
-0.000156361
-0.000299038
-0.000346809
-0.000334285
-0.000263528
-0.000172744
-0.000117453
-0.000125118
-0.000119565
-8.75104e-05
-5.79195e-05
-6.24285e-05
-6.88649e-05
-5.71893e-05
-6.38952e-05
-9.94924e-05
-0.000114718
-0.000117738
-0.000107548
-8.10151e-05
-3.47156e-05
2.5398e-05
7.08051e-05
9.99443e-05
3.32082e-05
-3.54918e-05
-1.47102e-05
2.10187e-06
-2.77222e-05
-0.000122856
-0.000275439
-0.000399206
-0.000434664
-0.000333872
-0.000271887
-0.000296591
-0.000149993
0.000147037
0.000212936
7.17996e-05
-0.00017587
-0.000333934
-0.000387534
-0.000335375
-0.000246717
-0.000155738
-0.000102412
-0.000109763
-0.000112182
-8.66715e-05
-5.81884e-05
-6.15816e-05
-6.7343e-05
-5.60469e-05
-6.96656e-05
-0.00010822
-0.000131029
-0.000123401
-0.000105167
-8.16062e-05
-4.58203e-05
8.82813e-06
2.89905e-05
8.42188e-05
3.32101e-05
-2.70473e-05
-1.39084e-05
-1.09653e-05
-1.61896e-05
-9.85935e-05
-0.000240085
-0.000365224
-0.000417598
-0.000351364
-0.000276082
-0.000269986
-0.000141801
0.000141865
0.000184192
3.31704e-05
-0.000192113
-0.000357747
-0.000415338
-0.000333796
-0.000222666
-0.000130779
-8.50646e-05
-9.55125e-05
-0.000105446
-8.4974e-05
-5.69063e-05
-5.81787e-05
-6.38398e-05
-5.68726e-05
-7.39114e-05
-0.000111361
-0.000134856
-0.000126327
-0.000106566
-7.75932e-05
-5.28445e-05
-1.57843e-05
9.63403e-06
4.82928e-05
1.7352e-05
-2.81488e-05
-3.0395e-05
-4.45305e-05
-2.93232e-05
-8.32404e-05
-0.000202308
-0.000330304
-0.000396496
-0.000358975
-0.000279238
-0.000241075
-0.000157292
-7.93327e-06
0.00010259
1.71091e-05
-0.000157823
-0.000323346
-0.000407291
-0.000326427
-0.00020318
-0.000109981
-6.3031e-05
-8.23336e-05
-9.73564e-05
-8.52468e-05
-5.88827e-05
-5.62899e-05
-5.81683e-05
-5.21386e-05
-7.8544e-05
-0.000112489
-0.000130047
-0.000119794
-0.000102194
-7.48344e-05
-6.0094e-05
-3.55257e-05
-6.76923e-06
1.72542e-05
1.50117e-05
-2.0209e-05
-4.39717e-05
-6.12009e-05
-6.56529e-05
-0.000106366
-0.000187299
-0.000294993
-0.000355171
-0.000350888
-0.000282199
-0.000221784
-0.000155329
-6.19493e-05
2.81974e-05
2.24908e-06
-0.000111787
-0.000257857
-0.000357245
-0.000321994
-0.000210175
-0.00011318
-5.65652e-05
-7.1283e-05
-8.68283e-05
-8.13836e-05
-6.33577e-05
-6.33976e-05
-5.63926e-05
-5.27442e-05
-8.09533e-05
-0.000117558
-0.000128795
-0.000110781
-9.29067e-05
-8.06225e-05
-6.50244e-05
-4.68134e-05
-1.80207e-05
2.34779e-05
1.58867e-05
-5.30176e-06
-3.85568e-05
-6.13392e-05
-8.06482e-05
-0.000123624
-0.000183783
-0.000257739
-0.00029979
-0.000320736
-0.000277373
-0.000220061
-0.000150861
-8.01696e-05
-9.45654e-06
-2.06879e-05
-8.38921e-05
-0.000191571
-0.000283782
-0.000292608
-0.000216283
-0.000155615
-0.00011351
-8.827e-05
-7.97081e-05
-7.60924e-05
-6.34128e-05
-6.68648e-05
-6.12165e-05
-6.46846e-05
-9.13382e-05
-0.000130855
-0.000138884
-0.00010912
-8.33869e-05
-7.63358e-05
-6.43879e-05
-5.22232e-05
-2.69058e-05
9.32873e-06
1.12318e-05
-4.01345e-06
-2.75663e-05
-6.52429e-05
-0.000101091
-0.000139408
-0.000180204
-0.000220905
-0.000252553
-0.000275877
-0.000255337
-0.000207441
-0.000151071
-9.60185e-05
-5.35803e-05
-5.88125e-05
-8.68594e-05
-0.000149573
-0.000220687
-0.000252136
-0.000195145
-0.000159004
-0.000146486
-0.000128613
-0.000107946
-9.16316e-05
-7.80137e-05
-7.53464e-05
-6.50809e-05
-6.66337e-05
-9.76447e-05
-0.00013698
-0.000145643
-0.000106885
-7.55379e-05
-6.79993e-05
-6.58347e-05
-5.84665e-05
-3.74532e-05
-6.7888e-06
-3.28712e-06
-1.73122e-05
-2.88572e-05
-7.8389e-05
-0.000114591
-0.00014452
-0.00017968
-0.000198677
-0.000216005
-0.00023545
-0.000228341
-0.000187155
-0.000141221
-0.00010768
-8.77538e-05
-8.90712e-05
-0.000105408
-0.000138666
-0.000189983
-0.000218444
-0.000186768
-0.000153091
-0.000141713
-0.000128819
-0.000107998
-9.28151e-05
-9.14919e-05
-9.14164e-05
-8.01205e-05
-7.70525e-05
-0.000101935
-0.000132283
-0.000132897
-9.80962e-05
-6.68193e-05
-6.43775e-05
-6.46329e-05
-5.53956e-05
-3.8817e-05
-2.81999e-05
-3.04073e-05
-3.98072e-05
-6.32321e-05
-7.93868e-05
-0.000102145
-0.000146148
-0.000176121
-0.000184909
-0.000186963
-0.000199053
-0.000197776
-0.000171011
-0.00013154
-0.000104376
-9.7846e-05
-0.000101672
-0.000114468
-0.000133993
-0.000166356
-0.000193412
-0.000179732
-0.000148153
-0.000132865
-0.000121545
-0.000102456
-8.33969e-05
-7.81693e-05
-8.43586e-05
-8.75138e-05
-8.69003e-05
-0.000106311
-0.000125318
-0.000118108
-8.7336e-05
-5.92728e-05
-5.55258e-05
-5.81233e-05
-5.05076e-05
-3.96263e-05
-4.99979e-05
-6.01259e-05
-5.95552e-05
-6.76191e-05
-7.78124e-05
-9.98256e-05
-0.000143626
-0.000167048
-0.000170774
-0.000168317
-0.000174585
-0.000172528
-0.000154933
-0.000128137
-0.000106781
-0.000104629
-0.000110382
-0.000116348
-0.000127304
-0.000152452
-0.000172883
-0.000168611
-0.000145425
-0.000129145
-0.000116221
-9.7437e-05
-7.78517e-05
-6.87536e-05
-7.09025e-05
-7.57997e-05
-7.70578e-05
-0.000107101
-0.00012073
-0.000110258
-8.19408e-05
-5.61516e-05
-4.83367e-05
-5.30987e-05
-5.48393e-05
-5.58332e-05
-6.80761e-05
-7.35588e-05
-6.73256e-05
-6.85656e-05
-8.48694e-05
-0.00010381
-0.000135584
-0.000161857
-0.000163076
-0.000160661
-0.000159924
-0.000145977
-0.000139657
-0.00012377
-0.00010833
-0.00010743
-0.000114863
-0.000122576
-0.000136341
-0.000159876
-0.000176023
-0.000168556
-0.000146232
-0.000126275
-0.000110683
-9.42746e-05
-7.79798e-05
-6.89304e-05
-6.8968e-05
-7.31702e-05
-8.20466e-05
-0.000101835
-0.000109815
-0.000110277
-8.22468e-05
-6.2735e-05
-5.30923e-05
-5.50174e-05
-5.85398e-05
-6.61775e-05
-7.57226e-05
-7.83014e-05
-7.55458e-05
-7.73492e-05
-9.2613e-05
-0.000107578
-0.000136049
-0.000154727
-0.000160028
-0.000148339
-0.000143828
-0.000134614
-0.000128885
-0.000119091
-0.000109996
-0.000107477
-0.000108089
-0.000111177
-0.000122017
-0.000151671
-0.000177239
-0.000173704
-0.000153148
-0.000128067
-0.00010879
-9.25929e-05
-8.13489e-05
-7.21098e-05
-6.95838e-05
-7.56969e-05
-9.07663e-05
-0.000107014
-0.000106467
-8.63101e-05
-5.74256e-05
-3.97588e-05
-4.83001e-05
-5.19934e-05
-6.54737e-05
-8.18491e-05
-9.3223e-05
-9.07141e-05
-8.6088e-05
-8.63195e-05
-9.72691e-05
-0.000104902
-0.000125285
-0.000142319
-0.000145531
-0.000142281
-0.000137798
-0.000122792
-0.00012518
-0.000115172
-0.00011077
-0.000114052
-0.000113968
-0.00010918
-0.000110709
-0.000131188
-0.000156668
-0.000168539
-0.000161087
-0.000141552
-0.000120379
-0.000103451
-9.30118e-05
-7.70423e-05
-7.18085e-05
-7.56262e-05
-9.16209e-05
-0.000106712
-0.000108513
-8.99105e-05
-6.13049e-05
-2.7686e-05
-2.00724e-05
-3.19573e-05
-5.18483e-05
-7.25924e-05
-8.90872e-05
-9.52647e-05
-9.59293e-05
-9.75055e-05
-0.000122431
-0.000125654
-0.000132816
-0.000140936
-0.000138817
-0.000131982
-0.000129543
-0.000129004
-0.000126518
-0.000122761
-0.000118969
-0.00011585
-0.000115774
-0.000109803
-0.00010729
-0.000114633
-0.000128615
-0.000137769
-0.00013823
-0.000134489
-0.000128266
-0.000116319
-9.8139e-05
-8.19312e-05
-6.61665e-05
-6.47e-05
-8.44777e-05
-0.000107224
-0.000109257
-8.96799e-05
-7.60608e-05
-5.72284e-05
-4.67068e-05
-4.94381e-05
-6.14017e-05
-7.81705e-05
-9.50701e-05
-0.000105392
-0.000110495
-0.000118505
-0.000118218
-0.000125757
-0.000134119
-0.00014291
-0.000144642
-0.000140456
-0.00013827
-0.000128242
-0.000121526
-0.000110871
-0.000109845
-0.000116194
-0.000117116
-0.00011581
-0.000115589
-0.000120238
-0.000128432
-0.000131044
-0.000126148
-0.000117678
-0.000111876
-0.000105306
-9.96089e-05
-9.67554e-05
-8.47969e-05
-7.69116e-05
-7.64548e-05
-8.41049e-05
-8.92031e-05
-8.02327e-05
-5.11049e-05
-5.35041e-05
-5.25907e-05
-5.62416e-05
-6.38218e-05
-7.50601e-05
-8.8784e-05
-9.91039e-05
-0.000102584
-0.000107156
-0.00011087
-0.000121516
-0.000127285
-0.000131787
-0.000136075
-0.000141137
-0.000149276
-0.000157511
-0.000146681
-0.00013334
-0.000123281
-0.000116039
-0.00011547
-0.000117657
-0.000120256
-0.00012353
-0.000117833
-0.000123501
-0.000115031
-0.000105753
-9.8304e-05
-9.43584e-05
-9.21779e-05
-8.71439e-05
-8.20664e-05
-8.1094e-05
-7.95146e-05
-7.9152e-05
-8.20122e-05
-7.81127e-05
-6.68086e-05
-6.04067e-05
-5.81164e-05
-5.9503e-05
-6.18191e-05
-6.58336e-05
-7.34813e-05
-8.12611e-05
-8.56276e-05
-9.45881e-05
-0.000108987
-0.000119542
-0.000119801
-0.000123987
-0.000134641
-0.000148675
-0.000157867
-0.00016482
-0.000159684
-0.00014673
-0.000131496
-0.00012179
-0.000118937
-0.000120451
-0.000120991
-0.000118107
-0.000120969
-0.000119727
-0.000112579
-0.000104769
-0.000102201
-0.000105701
-0.000107019
-0.00010745
-0.000103091
-9.91055e-05
-9.44282e-05
-8.82652e-05
-8.30378e-05
-8.20006e-05
-7.72542e-05
-6.63766e-05
-5.84932e-05
-5.42514e-05
-5.23938e-05
-5.50947e-05
-6.46552e-05
-7.49299e-05
-8.13324e-05
-9.13968e-05
-2.97814e-05
-0.000172669
-0.000244844
-0.000260136
-0.000276136
-0.000251673
-0.000194557
-0.000212644
-0.000254755
-0.000121663
5.62777e-05
-4.33633e-06
-0.000168481
-0.000193688
-0.000139772
-0.00012987
-0.00011437
-0.000131056
-0.000174437
-0.00017922
-0.000137614
-7.18357e-05
-3.30593e-05
-4.20325e-05
-7.66498e-05
-8.48412e-05
-8.08951e-05
-9.829e-05
-0.000120954
-0.000124576
-9.84705e-05
-4.39203e-05
1.61861e-05
6.09699e-05
6.2406e-05
-2.48885e-05
-0.000163911
-8.50415e-05
0.000175025
0.000172513
-2.8034e-05
-0.000173154
-0.000245511
-0.000260161
-0.00027726
-0.000251003
-0.000192733
-0.00021118
-0.000255078
-0.000121836
5.89839e-05
-3.23344e-06
-0.000172117
-0.000196817
-0.000139551
-0.000128407
-0.00011294
-0.000130235
-0.000175346
-0.000181438
-0.000139841
-7.35128e-05
-3.4481e-05
-4.44503e-05
-7.94356e-05
-8.70214e-05
-8.20916e-05
-9.95205e-05
-0.000122468
-0.000125317
-9.82491e-05
-4.46572e-05
1.55032e-05
6.11637e-05
6.34749e-05
-2.40376e-05
-0.000166981
-8.92449e-05
0.000177738
0.000176503
-2.7509e-05
-0.000178968
-0.000251107
-0.000262877
-0.000278776
-0.000251138
-0.000193143
-0.000213711
-0.000259962
-0.000124659
6.15945e-05
-3.85982e-06
-0.000181127
-0.000203719
-0.000138708
-0.000127231
-0.000111704
-0.000129193
-0.000177644
-0.000184243
-0.000142755
-7.63462e-05
-3.61283e-05
-4.65541e-05
-8.31765e-05
-9.15914e-05
-8.61624e-05
-0.000103237
-0.000125262
-0.000129224
-0.000103328
-4.50261e-05
1.68399e-05
6.32891e-05
6.6016e-05
-2.22975e-05
-0.000175667
-0.000100981
0.000182928
0.0001872
-2.4602e-05
-0.000190949
-0.000262363
-0.00026997
-0.000281419
-0.000252587
-0.000194667
-0.000221022
-0.000273092
-0.000134412
5.98671e-05
-9.19855e-06
-0.000197323
-0.000215052
-0.000137316
-0.000125881
-0.000112805
-0.000129135
-0.000180783
-0.000185427
-0.000145012
-8.04364e-05
-4.11135e-05
-5.1179e-05
-8.85394e-05
-9.88049e-05
-9.42466e-05
-0.00011123
-0.000130988
-0.000132413
-0.000106506
-5.44149e-05
3.34526e-06
6.82752e-05
7.07889e-05
-2.17422e-05
-0.000192159
-0.000127177
0.000184721
0.000210097
-7.67994e-06
-0.000205972
-0.000279715
-0.00027875
-0.000282157
-0.00025852
-0.000199463
-0.000226359
-0.000287052
-0.000155507
4.50689e-05
-2.21658e-05
-0.000218331
-0.000231678
-0.000135854
-0.000121283
-0.000115534
-0.000132747
-0.000184565
-0.000185686
-0.000144898
-8.28822e-05
-4.86614e-05
-6.20915e-05
-9.9148e-05
-0.000111529
-0.000110336
-0.000125596
-0.000138668
-0.000137008
-0.000113103
-6.24561e-05
-5.07983e-06
4.94466e-05
6.00025e-05
-1.54047e-05
-0.000196839
-0.000156202
0.00017891
0.000250105
3.74737e-05
-0.000206394
-0.000301907
-0.000289967
-0.000278123
-0.000267911
-0.000211974
-0.000230776
-0.00029278
-0.000180771
1.31466e-05
-4.59727e-05
-0.000239506
-0.00025038
-0.000135625
-0.000108336
-0.000113984
-0.000139014
-0.000190294
-0.00018696
-0.000144105
-8.34918e-05
-5.28552e-05
-7.19362e-05
-0.000110887
-0.000124566
-0.000131377
-0.000150872
-0.000155218
-0.00014131
-0.00011741
-7.08609e-05
-1.88443e-05
3.22601e-05
5.54147e-05
-7.05262e-06
-0.000175428
-0.00016041
0.000172871
0.000296183
0.000105423
-0.000178408
-0.000318595
-0.000304344
-0.000273
-0.000277587
-0.000234494
-0.000241108
-0.000288359
-0.000203859
-2.49152e-05
-6.40404e-05
-0.000249258
-0.000265861
-0.000136092
-8.80243e-05
-0.00010249
-0.000141001
-0.000193457
-0.000189617
-0.000144142
-8.2944e-05
-5.22197e-05
-7.52991e-05
-0.000117617
-0.000130268
-0.000142098
-0.000177083
-0.00018952
-0.000156745
-0.000125276
-7.90828e-05
-3.21378e-05
1.43363e-05
3.36204e-05
-2.09752e-05
-0.00013414
-0.000136043
0.000155508
0.000325975
0.000164687
-0.000125554
-0.00031159
-0.00031991
-0.000268646
-0.00028092
-0.0002643
-0.000266376
-0.000272141
-0.000203282
-5.64316e-05
-7.09519e-05
-0.000241268
-0.000273288
-0.000144338
-6.1643e-05
-8.16007e-05
-0.000135364
-0.00019058
-0.000189171
-0.000141406
-8.15701e-05
-4.93488e-05
-7.21538e-05
-0.000117994
-0.000133054
-0.000146349
-0.000192978
-0.000209199
-0.000172232
-0.000134987
-8.45539e-05
-4.84199e-05
-6.77665e-06
-1.90721e-06
-5.72015e-05
-0.000146561
-0.0001261
0.000131615
0.000334446
0.000211903
-5.82245e-05
-0.000279617
-0.000326896
-0.000270365
-0.000281014
-0.000288903
-0.000298417
-0.00026687
-0.000169796
-6.58011e-05
-8.75764e-05
-0.000241325
-0.000286958
-0.000178746
-5.95921e-05
-6.09303e-05
-0.000121359
-0.000178845
-0.000185271
-0.000138382
-8.17385e-05
-4.43152e-05
-6.46445e-05
-0.000113289
-0.000131116
-0.000144331
-0.000197332
-0.000227582
-0.00018525
-0.000137531
-8.74143e-05
-5.95116e-05
-2.16475e-05
-2.95818e-05
-8.4552e-05
-0.000178673
-0.000130842
8.22939e-05
0.000304308
0.000241758
2.96212e-05
-0.000233303
-0.000311791
-0.000276668
-0.000279718
-0.000294843
-0.000317625
-0.000286018
-0.000160487
-7.46782e-05
-0.000118292
-0.000239495
-0.000300346
-0.000240894
-0.00011348
-5.92111e-05
-9.9803e-05
-0.000157333
-0.00017195
-0.00014111
-8.98496e-05
-4.11217e-05
-5.84182e-05
-0.000103923
-0.000126528
-0.000141468
-0.000192993
-0.000237042
-0.000197323
-0.000136169
-9.11889e-05
-6.75293e-05
-3.71518e-05
-3.31474e-05
-8.33755e-05
-0.000191021
-0.000152371
1.4027e-05
0.000251223
0.000230099
6.36062e-05
-0.000170905
-0.000275081
-0.000271044
-0.000275853
-0.000282103
-0.000303594
-0.000289226
-0.000182444
-9.75563e-05
-0.000145227
-0.000242339
-0.000303418
-0.00027794
-0.00017202
-7.55542e-05
-6.77124e-05
-0.000123157
-0.000152759
-0.000145178
-0.000105381
-4.73278e-05
-5.37426e-05
-9.54097e-05
-0.000120837
-0.000137066
-0.00018784
-0.000231742
-0.000203448
-0.000134621
-9.13628e-05
-7.14101e-05
-5.36231e-05
-2.7808e-05
-5.96179e-05
-0.000141041
-0.000169953
-6.24762e-05
0.000184671
0.000197886
8.9492e-05
-0.000109378
-0.000232026
-0.000263985
-0.000276246
-0.000274393
-0.000274699
-0.000249529
-0.000172463
-0.000121222
-0.000157077
-0.000239548
-0.000293425
-0.000297633
-0.000199468
-9.8537e-05
-6.65477e-05
-0.000108497
-0.000132411
-0.000133164
-0.000109908
-6.13696e-05
-5.65834e-05
-9.01432e-05
-0.000110992
-0.000125154
-0.00017454
-0.000219047
-0.000199404
-0.000134481
-9.36973e-05
-7.42346e-05
-5.32974e-05
-3.28967e-05
-4.24365e-05
-7.38492e-05
-0.000134053
-8.89391e-05
0.000115926
0.000134897
6.53193e-05
-7.62231e-05
-0.000193093
-0.000248414
-0.00027478
-0.000280427
-0.000268708
-0.000203262
-0.000123937
-9.87257e-05
-0.000143965
-0.000207718
-0.000248179
-0.000264197
-0.000212886
-0.00011513
-7.81937e-05
-9.64238e-05
-0.000139375
-0.00013644
-0.000110274
-6.71898e-05
-6.24852e-05
-9.2045e-05
-0.00010817
-0.00010568
-0.000150618
-0.000202771
-0.000191502
-0.000131368
-8.98759e-05
-7.45408e-05
-5.45009e-05
-3.03788e-05
-2.15416e-05
-3.49603e-05
-9.22433e-05
-8.11956e-05
7.11237e-05
7.59242e-05
4.47136e-05
-6.04121e-05
-0.000178645
-0.00023239
-0.000253236
-0.000272006
-0.000273872
-0.000215509
-0.000123872
-7.95067e-05
-0.000118668
-0.000168781
-0.000194284
-0.000214334
-0.000198518
-0.000125716
-9.75943e-05
-8.96421e-05
-0.000124106
-0.000133789
-0.000118067
-8.16005e-05
-7.22256e-05
-8.96225e-05
-9.99128e-05
-0.00010243
-0.000137079
-0.000190097
-0.00018702
-0.000135154
-8.66007e-05
-6.47466e-05
-4.71351e-05
-2.9459e-05
-1.4541e-05
-1.43653e-05
-5.53302e-05
-7.62475e-05
1.36858e-05
8.04799e-06
-1.19662e-05
-7.68648e-05
-0.000162178
-0.000203748
-0.000221498
-0.00024404
-0.000251329
-0.000217126
-0.00015091
-9.84878e-05
-0.000110408
-0.000145524
-0.000159827
-0.000178407
-0.000184101
-0.00013237
-0.000115985
-0.000105557
-0.00013136
-0.000124412
-0.000111028
-8.90685e-05
-8.68711e-05
-0.000101939
-0.000102068
-0.000106777
-0.000148161
-0.000189608
-0.000177055
-0.000133448
-8.33359e-05
-5.80829e-05
-4.56166e-05
-2.92037e-05
-1.20145e-05
-1.17173e-05
-4.37127e-05
-7.18383e-05
-3.41656e-05
-4.7078e-05
-6.38347e-05
-9.16262e-05
-0.000146413
-0.000182368
-0.000197276
-0.000217766
-0.000231411
-0.000206898
-0.000159508
-0.000115363
-0.000106082
-0.000126414
-0.000142565
-0.000163351
-0.000176898
-0.000148107
-0.000123537
-0.000126019
-0.000137593
-0.000129307
-0.000105789
-8.68406e-05
-9.23644e-05
-0.000119272
-0.000116503
-0.00012383
-0.000154559
-0.00018227
-0.000163345
-0.000114291
-6.3512e-05
-6.59765e-05
-5.27083e-05
-3.84234e-05
-2.16364e-05
-2.74054e-05
-4.69719e-05
-6.55624e-05
-6.51083e-05
-8.097e-05
-7.97857e-05
-0.000101796
-0.000138562
-0.000163159
-0.000170644
-0.000188395
-0.0001973
-0.000190596
-0.000158825
-0.000124277
-0.000109667
-0.000123885
-0.00013714
-0.000151526
-0.000162433
-0.000150593
-0.000128944
-0.000114441
-0.000123462
-0.000121161
-0.000103578
-8.21584e-05
-8.08736e-05
-0.000104407
-0.00011968
-0.000133191
-0.000148975
-0.000163447
-0.000141841
-9.41247e-05
-5.42615e-05
-4.89343e-05
-5.20341e-05
-4.12959e-05
-3.03914e-05
-5.62216e-05
-7.83618e-05
-8.35749e-05
-8.1906e-05
-7.58607e-05
-9.00437e-05
-0.000103112
-0.000130277
-0.000142626
-0.000142052
-0.000164192
-0.000181082
-0.000177612
-0.000154376
-0.000129579
-0.000118656
-0.000125966
-0.000136248
-0.000146441
-0.000155001
-0.000149063
-0.000130875
-0.000113855
-0.000112968
-0.000111182
-9.82772e-05
-7.91138e-05
-7.34272e-05
-8.7682e-05
-0.000104766
-0.000129641
-0.00013812
-0.000143846
-0.00012159
-8.30385e-05
-5.17636e-05
-4.06332e-05
-4.42259e-05
-4.45351e-05
-5.18237e-05
-8.42833e-05
-9.15954e-05
-8.67145e-05
-7.97108e-05
-9.08705e-05
-9.8243e-05
-0.000112094
-0.000124172
-0.000130325
-0.000141927
-0.000154753
-0.00017229
-0.000164591
-0.000151304
-0.00013059
-0.000117491
-0.000118166
-0.000125846
-0.000138696
-0.000154216
-0.000155367
-0.000139084
-0.000117465
-0.000107594
-0.000107919
-9.91637e-05
-8.46577e-05
-7.65511e-05
-7.98616e-05
-8.76764e-05
-0.000102286
-0.000117713
-0.000124405
-0.000111479
-9.12186e-05
-5.98756e-05
-3.90887e-05
-4.73634e-05
-4.67492e-05
-5.48312e-05
-7.77047e-05
-8.81716e-05
-9.16333e-05
-9.22147e-05
-9.73587e-05
-0.00010052
-0.000122601
-0.000135115
-0.000131365
-0.000127967
-0.00013232
-0.000149681
-0.000154554
-0.000146038
-0.000131624
-0.000120381
-0.00011556
-0.000115578
-0.000122298
-0.000138864
-0.000147105
-0.000144895
-0.000127198
-0.000110653
-0.000103041
-9.57426e-05
-8.72027e-05
-8.09225e-05
-8.11738e-05
-8.668e-05
-9.66212e-05
-0.000106602
-0.000103462
-8.709e-05
-7.97158e-05
-5.9608e-05
-7.82307e-05
-6.14938e-05
-6.22887e-05
-7.0568e-05
-8.41531e-05
-9.39726e-05
-9.18253e-05
-9.08536e-05
-9.01323e-05
-9.94981e-05
-0.000118567
-0.000124636
-0.000124212
-0.000120139
-0.000129559
-0.000140724
-0.000142667
-0.000131345
-0.000122049
-0.000120353
-0.000121094
-0.000118132
-0.000116457
-0.00012669
-0.000140494
-0.000146748
-0.000137835
-0.000122107
-0.000111597
-0.000101387
-9.34803e-05
-8.61658e-05
-8.35175e-05
-8.74495e-05
-9.78983e-05
-0.000106058
-0.000100178
-7.52728e-05
-4.13031e-05
-3.24745e-05
-4.08775e-05
-5.29562e-05
-6.51291e-05
-7.56696e-05
-8.54533e-05
-8.9436e-05
-8.86979e-05
-9.19347e-05
-0.000112447
-0.000120359
-0.000128108
-0.000133178
-0.000126521
-0.000118254
-0.0001229
-0.000134286
-0.000146169
-0.000133157
-0.000126555
-0.000121735
-0.000118609
-0.000114157
-0.000111832
-0.000118037
-0.000125002
-0.000128896
-0.000124939
-0.00011714
-0.00010987
-0.000102493
-9.8033e-05
-9.0947e-05
-8.22126e-05
-8.35217e-05
-9.29251e-05
-9.97944e-05
-9.37373e-05
-7.39191e-05
-5.25511e-05
-4.55379e-05
-4.26428e-05
-4.94778e-05
-6.0337e-05
-7.30007e-05
-8.73566e-05
-9.65743e-05
-0.000100995
-0.000108059
-0.000114403
-0.000120209
-0.000129884
-0.000137827
-0.00013628
-0.000130391
-0.000134424
-0.000137048
-0.000131005
-0.000122257
-0.000118506
-0.000125338
-0.000120466
-0.000118349
-0.000117714
-0.000123176
-0.000133173
-0.000132916
-0.000124688
-0.000110902
-9.96544e-05
-9.14001e-05
-8.97447e-05
-9.05016e-05
-8.81721e-05
-8.61193e-05
-8.63628e-05
-9.05802e-05
-8.77733e-05
-7.30462e-05
-5.03688e-05
-4.52653e-05
-4.6774e-05
-5.35696e-05
-6.18432e-05
-7.1357e-05
-8.33613e-05
-9.37429e-05
-9.9319e-05
-0.000106322
-0.000105461
-0.000116693
-0.000122832
-0.000127388
-0.000130374
-0.00013324
-0.0001429
-0.000155475
-0.000150577
-0.000138271
-0.00012558
-0.000111565
-0.000111343
-0.000113682
-0.000118229
-0.000124027
-0.000125615
-0.000123403
-0.000111038
-9.79242e-05
-8.89934e-05
-8.08621e-05
-8.6979e-05
-8.7912e-05
-9.50383e-05
-9.02782e-05
-8.49512e-05
-8.14357e-05
-7.79798e-05
-7.05782e-05
-5.95424e-05
-5.35642e-05
-5.34569e-05
-5.67592e-05
-6.09998e-05
-6.5503e-05
-7.23052e-05
-7.90872e-05
-8.22376e-05
-9.07024e-05
-0.000105933
-0.000117255
-0.000117249
-0.000120466
-0.000127811
-0.000136741
-0.000149895
-0.000165266
-0.000165464
-0.000149181
-0.000128976
-0.000116463
-0.000115586
-0.000120698
-0.000124183
-0.000120529
-0.000116413
-0.000110736
-0.000101443
-9.15975e-05
-8.87391e-05
-9.32383e-05
-0.000100073
-0.000107469
-0.000105784
-0.000100499
-8.8924e-05
-8.66451e-05
-8.0774e-05
-7.68653e-05
-6.98824e-05
-6.14201e-05
-5.63442e-05
-5.47757e-05
-5.52989e-05
-5.69032e-05
-6.3034e-05
-7.10393e-05
-7.78141e-05
-8.69211e-05
-2.97213e-05
-3.69965e-05
-6.67947e-05
-0.000104007
-7.73581e-05
-9.48424e-05
-0.000136217
-0.000236061
-0.000292017
-0.000218885
-0.000110494
-9.49701e-05
-0.00017436
-0.000246721
-0.000242844
-0.000110673
1.9381e-05
4.30866e-05
-7.58591e-07
-6.80397e-05
-9.85549e-05
-5.81258e-05
1.40592e-05
-1.19606e-06
-9.91401e-05
-0.000186832
-0.000196496
-0.000184822
-0.000182262
-0.000173797
-0.000139065
-0.000109385
-9.87957e-05
-6.28229e-05
-1.51095e-05
-6.75857e-05
-0.000197402
-0.000155433
-1.022e-06
2.77981e-05
-3.12783e-05
-3.76401e-05
-6.69403e-05
-0.000104506
-7.56646e-05
-9.31922e-05
-0.000134339
-0.000234785
-0.00029253
-0.000219654
-0.000111589
-9.66532e-05
-0.000174837
-0.000247545
-0.000245783
-0.000112721
1.87204e-05
4.11462e-05
-2.26701e-06
-6.78326e-05
-9.86952e-05
-5.89186e-05
1.37181e-05
-2.20296e-07
-9.86645e-05
-0.000188009
-0.000198014
-0.000185777
-0.000182273
-0.000173391
-0.000138722
-0.000109272
-9.95132e-05
-6.38423e-05
-1.50632e-05
-6.71565e-05
-0.000199266
-0.000157613
-1.45778e-07
2.86631e-05
-3.449e-05
-3.88033e-05
-6.7189e-05
-0.000105537
-7.31017e-05
-8.90236e-05
-0.000131258
-0.000233545
-0.0002965
-0.000224334
-0.000116611
-0.000101221
-0.00017618
-0.000248745
-0.000250453
-0.000114593
2.11145e-05
4.16941e-05
-4.71397e-06
-7.13158e-05
-0.000100111
-5.98925e-05
1.35517e-05
2.52097e-06
-9.76022e-05
-0.000191637
-0.000202678
-0.000189049
-0.000184457
-0.000175576
-0.000139583
-0.000107943
-0.000100523
-6.71974e-05
-1.65257e-05
-6.66653e-05
-0.000203093
-0.000160282
2.75047e-06
2.94638e-05
-3.92474e-05
-4.02113e-05
-6.90497e-05
-0.00010581
-7.00624e-05
-8.14756e-05
-0.000122716
-0.000227964
-0.000301088
-0.000232127
-0.00012634
-0.000109767
-0.000178114
-0.000248997
-0.000256322
-0.000116076
2.62877e-05
4.58791e-05
-1.93785e-06
-7.56825e-05
-0.000108215
-6.81488e-05
1.12659e-05
8.30138e-06
-9.53927e-05
-0.000195157
-0.000209325
-0.000194222
-0.000187992
-0.000178773
-0.000141673
-0.000113442
-0.000107344
-6.87066e-05
-1.5884e-05
-6.77622e-05
-0.000209606
-0.000170233
3.79591e-06
2.88468e-05
-4.61589e-05
-4.68112e-05
-7.34609e-05
-0.000105465
-6.60472e-05
-7.15353e-05
-0.000111057
-0.000213899
-0.000298119
-0.000237013
-0.000136913
-0.000121822
-0.000179831
-0.000248441
-0.000262163
-0.000117081
3.32157e-05
5.35846e-05
3.15018e-06
-7.7053e-05
-0.000115874
-8.61598e-05
-6.53502e-06
-1.76098e-06
-9.77696e-05
-0.000199106
-0.000218446
-0.000201905
-0.000192063
-0.00018296
-0.000145883
-0.000115006
-0.000109795
-8.09821e-05
-2.24246e-05
-5.6157e-05
-0.000211027
-0.00018688
-6.79086e-06
2.90421e-05
-4.52528e-05
-5.36902e-05
-8.42624e-05
-0.000111745
-5.92728e-05
-6.1965e-05
-0.000102707
-0.000195949
-0.000287754
-0.000241894
-0.000145873
-0.000132233
-0.000178559
-0.000246556
-0.000263962
-0.000117814
4.2025e-05
6.42279e-05
6.91878e-06
-7.84552e-05
-0.00012169
-0.000101221
-3.15636e-05
-2.6675e-05
-0.000110206
-0.000203534
-0.000226369
-0.000214687
-0.000202771
-0.000188788
-0.000147807
-0.000115922
-0.000111289
-8.71916e-05
-3.15162e-05
-4.65508e-05
-0.000199385
-0.000195636
-3.12183e-05
1.81913e-05
-5.21835e-05
-5.88637e-05
-9.18846e-05
-0.000117616
-5.67675e-05
-5.59279e-05
-0.000105951
-0.00018286
-0.000272603
-0.000245317
-0.00015584
-0.000137364
-0.000174582
-0.000237185
-0.000266317
-0.00011785
5.10421e-05
7.22726e-05
8.98221e-06
-8.38622e-05
-0.000126164
-0.000111539
-5.45626e-05
-4.85733e-05
-0.000118155
-0.000204976
-0.000240688
-0.000240441
-0.000220313
-0.000192752
-0.000145641
-0.000112791
-0.000111033
-8.83044e-05
-4.47108e-05
-4.73737e-05
-0.00018528
-0.000197751
-5.93205e-05
-1.21974e-05
-7.34484e-05
-6.25446e-05
-9.83915e-05
-0.000123293
-4.53466e-05
-4.54552e-05
-0.000123779
-0.000189641
-0.000256185
-0.000237591
-0.00016356
-0.000154637
-0.000180662
-0.000236679
-0.000272714
-0.000123552
5.9697e-05
8.7582e-05
1.32877e-05
-8.62318e-05
-0.000132106
-0.000115674
-6.8054e-05
-6.3144e-05
-0.000124808
-0.000202168
-0.000245423
-0.000262352
-0.000248159
-0.000206403
-0.000137996
-0.000103533
-0.000111424
-8.95776e-05
-5.01993e-05
-4.36193e-05
-0.000183199
-0.00020899
-8.41227e-05
-4.71543e-05
-9.47812e-05
-8.26485e-05
-0.000105503
-0.000128578
-3.99683e-05
-3.05337e-05
-0.000124958
-0.000206773
-0.000252404
-0.00022684
-0.000174317
-0.000174922
-0.0001912
-0.000225616
-0.000273164
-0.000149067
4.69286e-05
0.000106575
2.41114e-05
-7.65431e-05
-0.000133104
-0.000115484
-7.27811e-05
-7.31919e-05
-0.000125468
-0.000197092
-0.000252259
-0.000282182
-0.000272077
-0.000209866
-0.000133263
-0.000102717
-0.000115203
-9.42107e-05
-5.18578e-05
-3.20688e-05
-0.000167205
-0.000229449
-0.000115061
-7.24565e-05
-0.000101126
-9.97619e-05
-0.000113613
-0.000136681
-5.11239e-05
-3.12743e-05
-0.00012744
-0.000215437
-0.00025297
-0.000225786
-0.000186494
-0.000182338
-0.000178903
-0.000189466
-0.000242251
-0.000171905
8.90128e-06
9.23988e-05
3.14577e-05
-6.19846e-05
-0.000123892
-0.00011035
-6.6472e-05
-7.65186e-05
-0.000133992
-0.000203128
-0.000253251
-0.000282409
-0.000281336
-0.00022159
-0.000141885
-0.000109685
-0.000117964
-9.67831e-05
-4.70581e-05
-2.40079e-05
-0.00013326
-0.000243933
-0.000144123
-8.93936e-05
-9.21283e-05
-0.000103185
-0.000116268
-0.000139321
-7.63278e-05
-5.59972e-05
-0.000140627
-0.000215708
-0.000242914
-0.000215417
-0.000191717
-0.00019269
-0.000175869
-0.000164524
-0.000195386
-0.000166422
-2.85068e-05
6.42514e-05
2.23501e-05
-5.87231e-05
-0.000112583
-0.000106247
-5.95483e-05
-6.71193e-05
-0.000129685
-0.000199838
-0.000260243
-0.000285558
-0.000292263
-0.000232199
-0.000145747
-0.000115341
-0.000120108
-0.000101943
-4.41463e-05
-1.98063e-05
-0.000108417
-0.000226637
-0.000167103
-9.91996e-05
-7.54695e-05
-9.07823e-05
-0.000106511
-0.000121171
-8.55851e-05
-8.97432e-05
-0.000166378
-0.000225495
-0.000228483
-0.0002019
-0.000188309
-0.000194673
-0.000179748
-0.000166139
-0.000177413
-0.00015562
-6.16263e-05
1.15871e-06
-7.51355e-06
-6.86391e-05
-9.90489e-05
-0.000102258
-6.06198e-05
-5.65276e-05
-0.000104576
-0.000159359
-0.000214373
-0.000257436
-0.000286693
-0.000237955
-0.000152752
-0.000115425
-0.000114639
-9.84799e-05
-4.36403e-05
-8.17236e-06
-8.58109e-05
-0.000185772
-0.000172372
-0.000112977
-6.94997e-05
-7.78937e-05
-8.74147e-05
-9.07077e-05
-7.62613e-05
-0.000110814
-0.000190544
-0.000241539
-0.00022331
-0.000172503
-0.000153887
-0.000163432
-0.000161059
-0.00015771
-0.000174607
-0.000167942
-0.000101213
-5.28772e-05
-4.30667e-05
-8.2254e-05
-0.000108619
-0.000104578
-6.3501e-05
-5.43608e-05
-7.99964e-05
-0.000102081
-0.000150182
-0.000219057
-0.000273749
-0.000238897
-0.000149803
-0.00010426
-0.000104062
-9.00974e-05
-3.74934e-05
3.47878e-06
-5.5362e-05
-0.000129429
-0.000156173
-0.000111284
-9.1142e-05
-7.92429e-05
-8.02363e-05
-8.09326e-05
-7.35863e-05
-0.000112979
-0.000194198
-0.000242326
-0.000228327
-0.000173847
-0.00014133
-0.000137565
-0.000143377
-0.000152163
-0.000173491
-0.000176155
-0.000127984
-8.77186e-05
-7.15903e-05
-7.70887e-05
-0.000100895
-0.000111398
-7.50293e-05
-4.63939e-05
-6.87658e-05
-9.04059e-05
-0.000127058
-0.000188998
-0.000244661
-0.000237368
-0.000148957
-8.97109e-05
-8.18897e-05
-7.59846e-05
-3.65971e-05
-1.08596e-05
-3.75059e-05
-7.65686e-05
-0.000114252
-0.000115798
-9.87924e-05
-9.47488e-05
-9.70966e-05
-9.25425e-05
-8.96155e-05
-0.000120313
-0.000187628
-0.000222574
-0.000216837
-0.000175669
-0.00014151
-0.000129012
-0.000131459
-0.000140098
-0.000170853
-0.000187051
-0.000143987
-7.83783e-05
-9.36589e-05
-7.55543e-05
-9.3769e-05
-0.000103143
-7.80808e-05
-5.19221e-05
-6.90138e-05
-9.30832e-05
-0.000131646
-0.000186649
-0.000232169
-0.000221692
-0.000147537
-9.62122e-05
-7.53984e-05
-5.07291e-05
-3.38921e-05
-2.46185e-05
-4.49818e-05
-5.31831e-05
-7.74256e-05
-9.57945e-05
-9.45541e-05
-0.000103888
-0.00011199
-0.000116369
-0.000110832
-0.00012501
-0.000169388
-0.000207956
-0.0002093
-0.000178225
-0.000141593
-0.000119373
-0.000118802
-0.000132445
-0.000159617
-0.000180497
-0.000157507
-0.000108318
-0.000116293
-0.000111416
-9.96201e-05
-8.75769e-05
-7.04194e-05
-5.79677e-05
-8.34554e-05
-0.000113781
-0.000154614
-0.00019164
-0.000216705
-0.000191714
-0.000122246
-8.34111e-05
-6.87407e-05
-6.38393e-05
-5.05359e-05
-3.97132e-05
-5.17555e-05
-7.70428e-05
-7.06332e-05
-8.21319e-05
-7.61031e-05
-9.84596e-05
-0.000119929
-0.00012946
-0.000126644
-0.000130177
-0.000159463
-0.000188782
-0.000192761
-0.000171518
-0.00014543
-0.000126417
-0.00012544
-0.000134198
-0.000146203
-0.000157977
-0.000151832
-0.000126416
-0.000122746
-0.000115717
-0.000103746
-8.86167e-05
-7.12622e-05
-5.81981e-05
-7.83747e-05
-0.000119676
-0.000174125
-0.000192797
-0.000196425
-0.000156159
-8.73337e-05
-4.80777e-05
-5.01152e-05
-6.26295e-05
-5.86121e-05
-5.71038e-05
-7.40068e-05
-8.43389e-05
-6.42108e-05
-6.40179e-05
-6.89358e-05
-9.84216e-05
-0.00012602
-0.000138879
-0.000134559
-0.00012976
-0.000148792
-0.000176518
-0.00018209
-0.000166993
-0.000145171
-0.000130589
-0.000131151
-0.00013812
-0.000143967
-0.000145955
-0.000143013
-0.000132327
-0.000121689
-0.000114503
-0.00010221
-9.07135e-05
-7.95575e-05
-7.02339e-05
-8.0353e-05
-0.000110256
-0.000134374
-0.000165183
-0.000162718
-0.000124858
-6.29757e-05
-2.83449e-05
-3.26034e-05
-4.89034e-05
-6.27733e-05
-7.62166e-05
-7.8777e-05
-8.21437e-05
-6.7351e-05
-5.92983e-05
-7.51748e-05
-9.5653e-05
-0.000125013
-0.000135326
-0.000127306
-0.000123869
-0.000138923
-0.000161192
-0.000168872
-0.000159882
-0.000143738
-0.000130372
-0.00012667
-0.000131074
-0.000137551
-0.000141311
-0.000142733
-0.000138779
-0.000126494
-0.000113384
-0.000102167
-9.29857e-05
-8.57767e-05
-8.0165e-05
-8.3706e-05
-0.000101452
-0.000122271
-0.000142289
-0.000140489
-0.000108117
-4.8791e-05
-2.40203e-05
-2.82471e-05
-4.32815e-05
-5.82402e-05
-7.04544e-05
-7.72968e-05
-7.93948e-05
-7.65004e-05
-7.34386e-05
-7.3626e-05
-8.61842e-05
-0.000120146
-0.000140828
-0.000135082
-0.000127167
-0.000131652
-0.000148456
-0.000158486
-0.000153911
-0.000142614
-0.000132022
-0.000123608
-0.000120367
-0.000125786
-0.000133732
-0.000135851
-0.000133713
-0.000124247
-0.000113301
-0.000103928
-9.59397e-05
-9.14669e-05
-8.57279e-05
-8.28312e-05
-9.03637e-05
-0.000102698
-0.000116388
-0.000115901
-9.61446e-05
-5.98873e-05
-4.45394e-05
-4.6382e-05
-5.27855e-05
-6.42375e-05
-7.38e-05
-8.20756e-05
-8.14505e-05
-7.72138e-05
-7.26774e-05
-8.46613e-05
-8.15037e-05
-0.000108912
-0.000127198
-0.000123238
-0.000121587
-0.000130841
-0.000141977
-0.000147085
-0.000140227
-0.000131406
-0.000127861
-0.000126818
-0.000122831
-0.000121033
-0.000126536
-0.000132394
-0.000132129
-0.000122556
-0.000111481
-0.000104273
-9.84604e-05
-9.30313e-05
-9.03336e-05
-9.08834e-05
-9.86623e-05
-0.00010916
-0.000112883
-0.000101076
-7.43316e-05
-5.84982e-05
-3.69316e-05
-4.71432e-05
-6.31483e-05
-7.30004e-05
-8.02791e-05
-8.70843e-05
-8.79235e-05
-8.55205e-05
-8.51118e-05
-9.9735e-05
-0.000113686
-0.00011935
-0.00013012
-0.000127599
-0.000123579
-0.000130587
-0.000139867
-0.00014629
-0.000140537
-0.000130612
-0.00012399
-0.000121573
-0.00011912
-0.000117784
-0.00012229
-0.000127493
-0.000124655
-0.000119107
-0.000109379
-0.000101266
-9.61326e-05
-9.19795e-05
-9.35039e-05
-9.40702e-05
-9.8552e-05
-0.000106182
-0.000108523
-9.99645e-05
-7.80523e-05
-5.48161e-05
-3.83942e-05
-3.37121e-05
-4.6172e-05
-5.79493e-05
-7.17403e-05
-8.29853e-05
-9.05678e-05
-9.25257e-05
-9.53356e-05
-0.000102803
-0.000108881
-0.000116673
-0.000128889
-0.000131936
-0.00013174
-0.000142164
-0.000140114
-0.00013845
-0.000129219
-0.000121758
-0.000120352
-0.000117346
-0.000115631
-0.000115969
-0.000121324
-0.000122747
-0.000122803
-0.000113266
-0.000101652
-9.42486e-05
-9.04502e-05
-8.80636e-05
-9.14422e-05
-9.28449e-05
-9.61465e-05
-0.00010226
-0.000102249
-9.523e-05
-7.70129e-05
-5.55348e-05
-4.73603e-05
-4.66652e-05
-5.31767e-05
-5.9471e-05
-6.64823e-05
-7.61453e-05
-8.50903e-05
-9.09082e-05
-9.56054e-05
-9.67927e-05
-0.000103728
-0.000109631
-0.000120019
-0.000129226
-0.000135777
-0.000146955
-0.000161533
-0.000153107
-0.000138791
-0.000124041
-0.000109324
-0.000104456
-0.000105251
-0.000109856
-0.000113761
-0.000115536
-0.000111703
-0.000100413
-8.95801e-05
-8.71404e-05
-9.46494e-05
-9.34411e-05
-9.68412e-05
-0.000100655
-9.88361e-05
-9.4083e-05
-8.92219e-05
-8.29618e-05
-7.10088e-05
-5.77198e-05
-5.05794e-05
-5.06541e-05
-5.42513e-05
-5.82262e-05
-6.14064e-05
-6.8209e-05
-7.58393e-05
-7.99896e-05
-8.7432e-05
-0.000101208
-0.000113344
-0.000117558
-0.000120717
-0.000128638
-0.000137438
-0.000154713
-0.000172398
-0.000167558
-0.000145697
-0.000121194
-0.000107412
-0.00010689
-0.000114613
-0.000117816
-0.000115926
-0.000109763
-0.000103039
-9.34843e-05
-8.22979e-05
-8.04163e-05
-8.55544e-05
-9.08047e-05
-9.66062e-05
-9.86079e-05
-9.71314e-05
-9.28846e-05
-8.87293e-05
-8.47282e-05
-8.08967e-05
-7.14408e-05
-6.19646e-05
-5.58854e-05
-5.31155e-05
-5.29452e-05
-5.60345e-05
-6.07542e-05
-6.71314e-05
-7.21355e-05
-8.28051e-05
-5.39034e-05
-7.91257e-05
-0.000145367
-0.000192493
-0.000152418
-0.0001361
-0.000218424
-0.000284878
-0.000246612
-0.000121638
-4.1379e-05
-6.80107e-05
-0.00010949
-0.00012901
-0.000133049
-8.88677e-05
-4.55614e-05
-4.45572e-05
-7.58522e-05
-0.000110582
-0.000122639
-7.34524e-05
-9.59342e-06
-1.39459e-05
-9.1682e-05
-0.000146949
-0.000165718
-0.00019396
-0.000231738
-0.000225595
-0.000171118
-0.000126319
-0.000105417
-7.59296e-05
-3.31915e-05
-4.11269e-05
-0.00010895
-0.000116286
-5.09865e-05
-3.5726e-05
-5.48075e-05
-7.90881e-05
-0.000145125
-0.000193326
-0.000152453
-0.000135794
-0.000218353
-0.000286219
-0.000248564
-0.000123259
-4.19028e-05
-6.74916e-05
-0.000109588
-0.000129886
-0.000133898
-8.91182e-05
-4.56269e-05
-4.4277e-05
-7.52625e-05
-0.000110216
-0.000122442
-7.28733e-05
-8.23385e-06
-1.24193e-05
-9.09763e-05
-0.000146647
-0.000164925
-0.000192679
-0.000231372
-0.000225786
-0.000171146
-0.000126135
-0.000105228
-7.58641e-05
-3.31254e-05
-4.09664e-05
-0.000110408
-0.000118044
-5.2054e-05
-3.64195e-05
-5.60786e-05
-7.8614e-05
-0.000145151
-0.000193481
-0.000152019
-0.000135122
-0.000216517
-0.000291874
-0.000252323
-0.000126972
-4.37573e-05
-6.6891e-05
-0.00011005
-0.000131652
-0.000135001
-8.86532e-05
-4.48658e-05
-4.35308e-05
-7.40158e-05
-0.000109677
-0.000122699
-7.32092e-05
-7.75951e-06
-1.23384e-05
-9.24936e-05
-0.000148067
-0.000164958
-0.000192761
-0.000233602
-0.000228516
-0.000172575
-0.00012659
-0.000105439
-7.59848e-05
-3.22618e-05
-3.92074e-05
-0.000110553
-0.000120109
-5.57902e-05
-3.98165e-05
-6.32478e-05
-8.46361e-05
-0.000145755
-0.000192115
-0.000150261
-0.000134098
-0.000212824
-0.00029122
-0.000257417
-0.000135976
-5.07448e-05
-6.70246e-05
-0.000110729
-0.000134397
-0.000136354
-8.76473e-05
-4.23131e-05
-4.18085e-05
-7.41061e-05
-0.000109924
-0.000122969
-7.32379e-05
-8.14656e-06
-1.4409e-05
-9.74532e-05
-0.000152968
-0.00016741
-0.000195531
-0.000239731
-0.000234403
-0.000175508
-0.000128216
-0.000106743
-7.66369e-05
-3.09418e-05
-3.70093e-05
-0.000111158
-0.000123652
-5.65934e-05
-4.14481e-05
-6.3863e-05
-9.59215e-05
-0.000155103
-0.000191404
-0.000146483
-0.000133024
-0.000209929
-0.000287885
-0.000258239
-0.000149323
-6.36353e-05
-6.91673e-05
-0.000111706
-0.000138341
-0.000138184
-8.68088e-05
-3.87486e-05
-3.80075e-05
-7.45979e-05
-0.00011367
-0.000127085
-7.35231e-05
-8.18304e-06
-1.77428e-05
-0.000105362
-0.000161705
-0.000173567
-0.000202846
-0.000251556
-0.000244622
-0.000179756
-0.000127658
-0.00010439
-7.80666e-05
-3.27747e-05
-3.42218e-05
-0.000114173
-0.000135561
-6.03345e-05
-3.64127e-05
-5.66926e-05
-9.76988e-05
-0.000167156
-0.000196968
-0.00014579
-0.000130803
-0.00020957
-0.000292683
-0.000258549
-0.000156924
-7.81118e-05
-7.559e-05
-0.000113189
-0.000144799
-0.000145185
-8.71231e-05
-3.42173e-05
-3.27901e-05
-7.57053e-05
-0.000119161
-0.000136347
-7.64629e-05
-6.92169e-06
-2.08839e-05
-0.000114177
-0.000171469
-0.000182176
-0.000216055
-0.000270181
-0.000259941
-0.000185025
-0.000126755
-9.86791e-05
-7.35281e-05
-3.70699e-05
-3.67501e-05
-0.000114569
-0.000150132
-7.54204e-05
-3.02014e-05
-4.81797e-05
-9.10363e-05
-0.000172772
-0.000206588
-0.000148473
-0.000120615
-0.000208597
-0.000309061
-0.0002721
-0.000162362
-9.06778e-05
-8.50287e-05
-0.000114513
-0.000154786
-0.000159453
-9.26681e-05
-2.84137e-05
-2.59275e-05
-7.91788e-05
-0.000126276
-0.00014891
-8.37161e-05
-5.41599e-06
-2.01532e-05
-0.000121483
-0.000180448
-0.000189699
-0.000230279
-0.000292077
-0.000277879
-0.000191787
-0.000126925
-9.37692e-05
-6.43809e-05
-3.89858e-05
-4.67924e-05
-0.000121061
-0.000157087
-9.55539e-05
-3.62908e-05
-4.91244e-05
-8.182e-05
-0.000170412
-0.000213459
-0.000152383
-9.52278e-05
-0.000189033
-0.000322153
-0.00030541
-0.000182807
-0.000109146
-9.8703e-05
-0.000118385
-0.000155232
-0.0001725
-0.000103777
-2.54056e-05
-1.58913e-05
-8.44969e-05
-0.000138533
-0.000165028
-9.33264e-05
-7.09304e-06
-2.22389e-05
-0.000124062
-0.000181846
-0.000189495
-0.000241194
-0.000313998
-0.00029082
-0.000190043
-0.00012191
-8.60508e-05
-5.07852e-05
-3.01644e-05
-5.27005e-05
-0.000132776
-0.000166636
-0.000112802
-5.26489e-05
-5.74977e-05
-7.81589e-05
-0.000156893
-0.000214205
-0.00015306
-6.14508e-05
-0.000152814
-0.000310931
-0.000333394
-0.000217539
-0.000141139
-0.000130682
-0.000126843
-0.000141655
-0.000165371
-0.000111377
-2.37807e-05
-5.40362e-06
-7.57203e-05
-0.000151932
-0.000185169
-0.000101398
-8.04479e-06
-2.23399e-05
-0.000120063
-0.000180864
-0.000192953
-0.00024659
-0.000314014
-0.000285926
-0.000185649
-0.000117008
-7.87207e-05
-4.04425e-05
-1.14582e-05
-4.17898e-05
-0.000132622
-0.000176816
-0.000128084
-6.9157e-05
-6.82347e-05
-7.91339e-05
-0.000144882
-0.000207276
-0.000147624
-5.3019e-05
-0.000122948
-0.000290165
-0.000334606
-0.000242819
-0.000157036
-0.000148472
-0.000127513
-0.000116822
-0.000137471
-0.000105372
-2.89649e-05
-5.18424e-08
-7.5646e-05
-0.000160052
-0.00018612
-0.00010626
2.91492e-06
-1.03873e-05
-0.000115054
-0.000184147
-0.000197616
-0.000245079
-0.000308069
-0.000281011
-0.000180179
-0.000111622
-6.94773e-05
-3.3197e-05
-1.03716e-06
-3.01478e-05
-0.000121699
-0.000178209
-0.000140051
-8.40876e-05
-8.15334e-05
-8.41889e-05
-0.000135228
-0.000197082
-0.000146171
-4.63567e-05
-0.000101118
-0.000234673
-0.000308315
-0.000240722
-0.000157657
-0.000147345
-0.000130258
-0.000120831
-0.000131135
-9.48954e-05
-1.2254e-05
5.71478e-06
-7.76321e-05
-0.000167531
-0.000201602
-0.000114599
1.40923e-06
5.57808e-07
-9.89447e-05
-0.000174822
-0.000194797
-0.000241488
-0.000299901
-0.00027548
-0.000182529
-0.000108763
-6.13047e-05
-2.89547e-05
6.32633e-06
-2.5388e-05
-0.000115717
-0.000178393
-0.000148907
-9.86561e-05
-9.56396e-05
-9.62813e-05
-0.00012349
-0.000184497
-0.000145518
-4.95403e-05
-9.48461e-05
-0.00021901
-0.000277015
-0.000222586
-0.000153116
-0.000136405
-0.000127442
-0.000129181
-0.000145054
-0.000105525
-2.86145e-05
-1.10494e-05
-8.96759e-05
-0.000171503
-0.000195066
-0.000113753
-6.07113e-06
6.71776e-06
-5.50066e-05
-0.000130337
-0.000186081
-0.000241322
-0.00028931
-0.000264263
-0.00017121
-9.35194e-05
-5.33658e-05
-2.70055e-05
7.72107e-06
-2.75868e-05
-0.000112533
-0.000174371
-0.000157596
-0.000110548
-0.000115533
-0.000113412
-0.000129497
-0.00017975
-0.000150385
-7.00857e-05
-0.000107132
-0.00021631
-0.000258006
-0.000207743
-0.000146485
-0.000125463
-0.000118347
-0.000135351
-0.00017567
-0.000137922
-4.23661e-05
-2.08939e-05
-0.00010341
-0.00017683
-0.000182232
-0.000110072
-1.10556e-05
4.15376e-06
4.28075e-06
-7.13237e-05
-0.000162655
-0.00024612
-0.000297546
-0.000258635
-0.000143469
-6.82882e-05
-4.45306e-05
-2.12775e-05
1.35035e-05
-1.08659e-05
-9.26814e-05
-0.00015257
-0.000147865
-0.000114984
-0.000107951
-0.000109959
-0.000131011
-0.000154396
-0.00014156
-8.4724e-05
-0.000115843
-0.000211353
-0.000245218
-0.000203116
-0.000146832
-0.000123796
-0.000120381
-0.00013153
-0.000176324
-0.000165118
-7.27996e-05
-3.49937e-05
-0.000108659
-0.000128198
-0.000151456
-0.000125484
-3.98607e-05
-3.68785e-06
-7.80025e-06
-6.53261e-05
-0.000158001
-0.000239018
-0.000289468
-0.000257549
-0.00013412
-4.83131e-05
-3.21479e-05
-1.77305e-05
1.58109e-05
-1.69697e-06
-6.10161e-05
-0.000104181
-0.000117242
-9.71324e-05
-7.55888e-05
-8.19213e-05
-0.000106447
-0.00013403
-0.000119418
-9.33204e-05
-0.000118987
-0.000198718
-0.000228615
-0.000200021
-0.000150497
-0.000120898
-0.000115828
-0.000123868
-0.000167065
-0.00018283
-0.000102606
-4.83976e-05
-9.99874e-05
-0.000141069
-0.000129945
-0.000117528
-6.30267e-05
-1.69071e-05
-1.39699e-05
-7.11518e-05
-0.000154823
-0.000239371
-0.000285678
-0.000244097
-0.000136888
-6.12397e-05
-3.69565e-05
-1.64943e-05
1.16082e-05
-7.95733e-06
-6.87808e-05
-8.65843e-05
-7.62775e-05
-7.30505e-05
-6.69593e-05
-6.31777e-05
-8.73944e-05
-0.000117191
-0.000121247
-0.000103623
-0.000128599
-0.000188832
-0.000215971
-0.000200875
-0.000158822
-0.000119064
-0.0001096
-0.00011806
-0.000156185
-0.000182273
-0.000125067
-6.50321e-05
-9.86567e-05
-0.000132788
-0.000107388
-8.68001e-05
-6.12552e-05
-3.93798e-05
-2.39809e-05
-8.0569e-05
-0.000158311
-0.000233909
-0.00026103
-0.000210696
-0.000124076
-7.89869e-05
-6.11969e-05
-4.42431e-05
-2.0616e-05
-2.27168e-05
-6.40347e-05
-0.000112286
-8.92664e-05
-7.98883e-05
-4.56739e-05
-5.09053e-05
-8.51121e-05
-0.000113875
-0.000127194
-0.000115373
-0.000137717
-0.000177896
-0.000200173
-0.000195683
-0.000170832
-0.000137792
-0.000121571
-0.000119633
-0.00014155
-0.000160467
-0.000135109
-8.703e-05
-9.81625e-05
-0.000118706
-0.000123314
-8.74286e-05
-6.70782e-05
-5.14905e-05
-5.44637e-05
-9.80252e-05
-0.000159493
-0.00021856
-0.00022628
-0.000171541
-0.000100465
-6.9934e-05
-6.36472e-05
-5.54195e-05
-4.38503e-05
-4.93743e-05
-8.11602e-05
-8.44749e-05
-6.00684e-05
-5.54903e-05
-5.33489e-05
-5.31015e-05
-8.49937e-05
-0.000112294
-0.000124431
-0.000122083
-0.000138314
-0.000167742
-0.000185521
-0.000187082
-0.00017358
-0.000149621
-0.000135404
-0.000135108
-0.000146262
-0.00014723
-0.000131437
-0.000106001
-0.000106914
-0.000115108
-0.000107037
-8.60582e-05
-7.78182e-05
-7.30206e-05
-7.7614e-05
-0.000102565
-0.000143951
-0.000181042
-0.000180818
-0.000124499
-5.84782e-05
-4.3384e-05
-5.08997e-05
-5.85169e-05
-6.20878e-05
-7.03554e-05
-9.45382e-05
-8.88615e-05
-9.25505e-05
-6.53905e-05
-6.50484e-05
-5.8325e-05
-8.44084e-05
-0.000107509
-0.000116166
-0.000120239
-0.000137689
-0.000162166
-0.00017552
-0.000177219
-0.000168645
-0.000151992
-0.00013857
-0.000136793
-0.000139723
-0.000138811
-0.000133206
-0.000124574
-0.000121203
-0.000114296
-0.000100984
-8.7134e-05
-8.27715e-05
-8.09641e-05
-8.48297e-05
-0.000106016
-0.000138193
-0.000161727
-0.000151004
-9.60334e-05
-3.33358e-05
-1.81623e-05
-3.60124e-05
-5.30689e-05
-6.00184e-05
-6.63326e-05
-7.70821e-05
-7.76957e-05
-8.13258e-05
-7.70765e-05
-6.95257e-05
-6.85243e-05
-8.99056e-05
-0.000111555
-0.000118829
-0.000121197
-0.00013163
-0.000151606
-0.000167627
-0.00017119
-0.000161861
-0.000147883
-0.00013517
-0.000129578
-0.000130571
-0.000132084
-0.000130392
-0.000126405
-0.000122348
-0.000112206
-9.74183e-05
-8.84383e-05
-8.57341e-05
-8.31151e-05
-8.29863e-05
-0.000105443
-0.000119543
-0.000135099
-0.000131192
-9.70744e-05
-5.1358e-05
-2.86038e-05
-3.07253e-05
-3.59481e-05
-5.60246e-05
-6.48848e-05
-7.42461e-05
-7.58903e-05
-7.48759e-05
-7.40362e-05
-8.87476e-05
-8.80728e-05
-9.97701e-05
-0.000106982
-0.000106704
-0.000110572
-0.000126403
-0.000147522
-0.000157235
-0.000155451
-0.000142677
-0.000133166
-0.000129181
-0.000125786
-0.00012548
-0.000129469
-0.00013059
-0.000126728
-0.000117168
-0.000100198
-9.00217e-05
-8.75253e-05
-8.89397e-05
-9.04774e-05
-9.29196e-05
-0.000106607
-0.000118489
-0.000121736
-0.000110795
-8.22716e-05
-5.29859e-05
-3.52381e-05
-3.62909e-05
-6.32413e-05
-6.36313e-05
-6.97283e-05
-8.00111e-05
-8.62937e-05
-8.70255e-05
-8.90879e-05
-9.68484e-05
-0.000104616
-0.000112057
-0.000120352
-0.000118494
-0.000117606
-0.000128155
-0.000144085
-0.000151338
-0.000145074
-0.000131115
-0.00011991
-0.000118283
-0.000119366
-0.000120751
-0.000124046
-0.00012289
-0.000119628
-0.000113406
-0.000101994
-9.17389e-05
-8.89375e-05
-9.37679e-05
-9.93176e-05
-0.000101483
-0.000108525
-0.000116259
-0.000114541
-0.000102763
-8.05149e-05
-5.5403e-05
-3.6378e-05
-2.34022e-05
-3.8495e-05
-4.9042e-05
-5.75761e-05
-7.25183e-05
-8.22628e-05
-8.70868e-05
-9.10848e-05
-9.6843e-05
-0.000104477
-0.000112534
-0.000122334
-0.000127102
-0.000128263
-0.000132197
-0.000143119
-0.000141461
-0.00013075
-0.000121864
-0.00011449
-0.000113491
-0.000114206
-0.000113919
-0.000114739
-0.00011364
-0.000111748
-0.000106089
-9.93151e-05
-9.52897e-05
-9.48692e-05
-9.84705e-05
-0.000100315
-0.000101545
-0.000104988
-0.000108749
-0.000106327
-9.71043e-05
-7.82183e-05
-5.86094e-05
-4.56434e-05
-4.68239e-05
-5.3205e-05
-5.73997e-05
-6.20306e-05
-6.88846e-05
-7.64695e-05
-8.51483e-05
-8.7394e-05
-9.08076e-05
-9.93424e-05
-0.000107262
-0.000118139
-0.000130436
-0.000136386
-0.000146254
-0.000155489
-0.000148615
-0.000133209
-0.000114591
-0.00010481
-9.97342e-05
-0.000101861
-0.000103592
-0.00010467
-0.000103694
-0.000100968
-9.49333e-05
-8.96093e-05
-8.97512e-05
-9.63595e-05
-0.000101083
-0.000104427
-0.000106601
-0.000105561
-0.000100484
-9.4139e-05
-8.75059e-05
-7.55392e-05
-5.96803e-05
-4.76697e-05
-4.58929e-05
-5.05562e-05
-5.63469e-05
-6.25681e-05
-7.12938e-05
-7.85554e-05
-7.65178e-05
-8.23465e-05
-9.90115e-05
-0.000115858
-0.000123206
-0.000128396
-0.000134907
-0.000143392
-0.000158935
-0.000171081
-0.000164235
-0.000140803
-0.000117325
-0.000103424
-9.8758e-05
-0.000102362
-0.000105339
-0.000102895
-9.82927e-05
-9.56461e-05
-9.05493e-05
-8.59497e-05
-8.48242e-05
-9.02618e-05
-9.61974e-05
-9.92873e-05
-0.000102498
-0.000102376
-9.78158e-05
-9.18949e-05
-8.77776e-05
-8.38377e-05
-7.41073e-05
-6.34352e-05
-5.67149e-05
-5.51736e-05
-5.58118e-05
-5.98163e-05
-6.71259e-05
-7.11287e-05
-7.10721e-05
-7.95033e-05
4.64592e-05
2.42521e-05
-3.34241e-05
-8.31905e-05
-0.000107608
-0.000134833
-0.000199072
-0.000234562
-0.000188224
-0.000125616
-0.000121369
-0.00011106
-5.30963e-05
-7.39997e-06
-4.34527e-05
-6.49042e-05
-2.30925e-05
2.2683e-05
-1.73014e-05
-0.000106689
-0.000137164
-7.26501e-05
1.12456e-05
4.20391e-06
-6.91329e-05
-0.000123579
-0.000159275
-0.00020365
-0.000227651
-0.00019213
-0.000124262
-9.88885e-05
-9.53837e-05
-6.93113e-05
-7.67071e-06
2.29076e-05
-3.27533e-05
-7.92066e-05
-3.88474e-05
2.36334e-05
4.6781e-05
2.43517e-05
-3.36588e-05
-8.3255e-05
-0.0001076
-0.000135044
-0.000201233
-0.000236874
-0.000189035
-0.000124822
-0.000121344
-0.00011261
-5.3779e-05
-6.11614e-06
-4.2425e-05
-6.50556e-05
-2.35332e-05
2.28656e-05
-1.61426e-05
-0.000105971
-0.000137173
-7.28136e-05
1.19319e-05
4.93732e-06
-6.88323e-05
-0.000123032
-0.000158376
-0.000203335
-0.000228143
-0.000192779
-0.000124134
-9.87937e-05
-9.59302e-05
-7.01169e-05
-7.94952e-06
2.36266e-05
-3.20569e-05
-7.94573e-05
-3.95949e-05
2.31472e-05
4.65838e-05
2.4459e-05
-3.42281e-05
-8.41282e-05
-0.000107484
-0.000133092
-0.000199903
-0.000238516
-0.000193327
-0.000128305
-0.000123419
-0.000115249
-5.45378e-05
-3.13581e-06
-4.02793e-05
-6.50868e-05
-2.44956e-05
2.31899e-05
-1.37393e-05
-0.000105228
-0.000138037
-7.34973e-05
1.27343e-05
6.02567e-06
-6.91538e-05
-0.0001235
-0.00015814
-0.000203726
-0.000229626
-0.000193806
-0.000123516
-9.84497e-05
-9.65421e-05
-7.08754e-05
-7.7148e-06
2.55483e-05
-3.05129e-05
-7.98728e-05
-4.03768e-05
2.24607e-05
4.47963e-05
2.32875e-05
-3.50372e-05
-8.61198e-05
-0.000109546
-0.000130977
-0.000194407
-0.000234575
-0.00019714
-0.000137861
-0.000132863
-0.000125351
-5.82742e-05
2.46169e-07
-3.72637e-05
-6.47136e-05
-2.65231e-05
2.38287e-05
-1.03398e-05
-0.00010446
-0.000139947
-7.48506e-05
1.49197e-05
8.5881e-06
-6.974e-05
-0.000125613
-0.000160272
-0.000206507
-0.000232719
-0.000195158
-0.000122148
-9.81933e-05
-9.73887e-05
-7.09634e-05
-6.16364e-06
2.86736e-05
-2.88416e-05
-8.09612e-05
-4.11257e-05
2.17693e-05
4.17812e-05
2.03041e-05
-3.70671e-05
-8.91471e-05
-0.000113437
-0.000129096
-0.000188118
-0.000229111
-0.000199886
-0.000147398
-0.000144063
-0.00014124
-6.96131e-05
-1.42618e-06
-3.52795e-05
-6.36332e-05
-2.82762e-05
2.27156e-05
-5.40317e-06
-0.000103113
-0.000142835
-7.59253e-05
1.92543e-05
1.42586e-05
-6.87853e-05
-0.000128433
-0.000164866
-0.00021274
-0.000239446
-0.000197888
-0.000119625
-9.68937e-05
-9.77096e-05
-7.05112e-05
-2.86715e-06
3.40074e-05
-2.72228e-05
-8.41207e-05
-4.23554e-05
2.11051e-05
3.90238e-05
1.65724e-05
-3.95666e-05
-9.10868e-05
-0.000117793
-0.0001286
-0.000183437
-0.000227293
-0.000204535
-0.000158956
-0.000154056
-0.000149912
-8.11961e-05
-6.50038e-06
-3.68553e-05
-6.3212e-05
-3.00051e-05
1.90487e-05
-4.24478e-06
-0.000103414
-0.000145827
-7.64965e-05
2.73374e-05
2.46757e-05
-6.32728e-05
-0.000128019
-0.000169845
-0.000222631
-0.000250929
-0.000203491
-0.000119124
-9.551e-05
-9.62761e-05
-6.70213e-05
2.40354e-06
4.17249e-05
-2.29383e-05
-8.94322e-05
-4.56825e-05
2.10892e-05
3.64592e-05
1.17687e-05
-4.24279e-05
-9.11587e-05
-0.000118819
-0.00012742
-0.000180388
-0.00022797
-0.000208935
-0.000169495
-0.000169653
-0.000161011
-9.0054e-05
-6.8075e-06
-3.86005e-05
-6.51428e-05
-3.25795e-05
1.46887e-05
-8.256e-06
-0.000111678
-0.000152811
-7.70449e-05
3.75173e-05
3.87783e-05
-5.48368e-05
-0.00012447
-0.00016968
-0.000226309
-0.000259662
-0.000212251
-0.000123884
-9.75938e-05
-9.9661e-05
-6.51396e-05
8.03073e-06
4.92559e-05
-1.67041e-05
-9.41659e-05
-5.11496e-05
2.07416e-05
3.47772e-05
2.90319e-06
-4.85256e-05
-9.10524e-05
-0.000116556
-0.00012202
-0.000177167
-0.000234555
-0.000212898
-0.000172388
-0.000182642
-0.000181834
-0.000108447
-1.14961e-05
-3.72633e-05
-6.69281e-05
-3.81578e-05
9.34631e-06
-1.48878e-05
-0.000125883
-0.000167043
-7.95582e-05
4.67569e-05
5.24793e-05
-4.40703e-05
-0.000118897
-0.000168931
-0.000225
-0.000255616
-0.00020714
-0.000118884
-9.83183e-05
-0.00010675
-6.9965e-05
8.2717e-06
5.13556e-05
-1.32641e-05
-9.92106e-05
-5.68224e-05
2.12133e-05
3.43891e-05
-8.8742e-06
-6.42957e-05
-9.47622e-05
-0.000109941
-0.000111297
-0.000171719
-0.000236464
-0.000212678
-0.000171168
-0.00018606
-0.000200543
-0.000139213
-3.47916e-05
-3.9983e-05
-6.78282e-05
-4.3675e-05
-1.0704e-06
-3.18107e-05
-0.000140734
-0.000185472
-8.17073e-05
6.12744e-05
6.54027e-05
-3.79857e-05
-0.000118365
-0.000168985
-0.000216928
-0.000243456
-0.000201465
-0.000116476
-8.37163e-05
-0.000112855
-7.24648e-05
8.36834e-06
4.26719e-05
-1.44653e-05
-0.000105982
-6.50898e-05
1.92049e-05
3.05277e-05
-2.03013e-05
-8.40237e-05
-0.000107101
-0.000105286
-0.000100687
-0.000161766
-0.00022733
-0.000208266
-0.000172987
-0.000183645
-0.000206383
-0.000170111
-7.65905e-05
-5.515e-05
-7.43762e-05
-4.99635e-05
-9.82796e-06
-4.2947e-05
-0.000147208
-0.000202603
-8.7375e-05
8.7031e-05
8.38801e-05
-4.09308e-05
-0.000126216
-0.00017124
-0.000212938
-0.000242576
-0.000208538
-0.000127765
-9.39673e-05
-0.000130155
-7.74143e-05
1.36918e-05
4.53485e-05
-1.79274e-05
-0.000112484
-7.78755e-05
7.319e-06
1.95485e-05
-2.89038e-05
-0.000102203
-0.00012293
-0.000105496
-9.28229e-05
-0.000151502
-0.000212919
-0.000202689
-0.000177921
-0.000189938
-0.000200083
-0.000172518
-9.78028e-05
-7.46257e-05
-9.05819e-05
-6.16798e-05
-2.29939e-05
-5.24141e-05
-0.000141596
-0.000221236
-9.84268e-05
0.000115995
0.000118529
-3.81567e-05
-0.000141757
-0.000177656
-0.000209046
-0.000235978
-0.000206362
-0.000138325
-9.90246e-05
-0.000148989
-9.98911e-05
-5.27233e-07
4.80255e-05
-1.63643e-05
-0.000111171
-9.66071e-05
-1.8131e-05
3.47652e-06
-3.01826e-05
-0.000111438
-0.000151237
-0.000105741
-8.39988e-05
-0.000145916
-0.000212453
-0.00020368
-0.000179339
-0.000197866
-0.000195831
-0.00015168
-9.37153e-05
-9.27088e-05
-0.000109484
-7.75259e-05
-4.25218e-05
-7.36925e-05
-0.00012083
-0.000171009
-9.8828e-05
0.000108408
0.000155575
-6.26335e-06
-0.000150373
-0.000209972
-0.000220827
-0.000222786
-0.000202269
-0.000143482
-8.80235e-05
-0.000140965
-0.000119839
-3.6111e-05
-1.72844e-06
-4.09369e-05
-0.000126647
-0.000121411
-5.24725e-05
-2.11792e-05
-3.28329e-05
-0.00011435
-0.000140953
-0.000101722
-7.52744e-05
-0.000134067
-0.000210013
-0.000210574
-0.000187641
-0.000201003
-0.000204501
-0.000154545
-9.69482e-05
-0.000112782
-0.000123784
-8.74751e-05
-5.66857e-05
-8.89457e-05
-0.000102318
-0.000126875
-8.97085e-05
7.44039e-05
0.000147499
1.23037e-05
-0.000150801
-0.000232084
-0.000250927
-0.000228793
-0.000176822
-0.000121253
-8.35822e-05
-0.000141471
-0.000133919
-5.25611e-05
-1.52812e-05
-4.94068e-05
-0.0001271
-0.000132683
-8.12534e-05
-4.94065e-05
-3.05127e-05
-9.85087e-05
-0.000128689
-9.40093e-05
-7.12303e-05
-0.000125141
-0.000203634
-0.000209387
-0.000198546
-0.000214007
-0.000215378
-0.000176964
-0.000126041
-0.000131317
-0.000129534
-9.11744e-05
-6.3405e-05
-9.12933e-05
-8.89152e-05
-0.000105125
-0.000113728
-4.15001e-06
0.000103698
1.82373e-05
-0.000149699
-0.000209282
-0.00024154
-0.000212592
-0.000127556
-6.66352e-05
-3.89605e-05
-0.000121578
-0.000166449
-7.33053e-05
3.99385e-05
5.40797e-06
-8.66565e-05
-0.000111845
-8.95265e-05
-6.96996e-05
-5.33206e-05
-8.18636e-05
-0.00010424
-7.56717e-05
-7.17204e-05
-0.000121534
-0.000179741
-0.000203318
-0.000208641
-0.000231542
-0.000219843
-0.000185735
-0.000140114
-0.000136994
-0.000130317
-9.12329e-05
-7.06479e-05
-9.10168e-05
-0.000107748
-0.000104712
-0.000115837
-6.98422e-05
2.78904e-05
-1.20648e-05
-0.00013414
-0.00020701
-0.000229109
-0.000179054
-5.44982e-05
3.33074e-06
5.20528e-06
-5.24125e-05
-0.000129025
-9.77283e-05
-4.44454e-05
-1.43401e-05
-5.21186e-05
-8.06221e-05
-9.03948e-05
-6.6256e-05
-6.37517e-05
-0.000101615
-0.000108465
-6.75454e-05
-6.33697e-05
-0.000112835
-0.000176887
-0.000203927
-0.000220314
-0.000236264
-0.000223765
-0.000190569
-0.000139137
-0.000128183
-0.000131338
-9.95335e-05
-7.45533e-05
-9.54729e-05
-0.000124072
-0.000121286
-0.000110717
-8.41375e-05
-1.40357e-05
-3.79901e-05
-0.000124846
-0.000198891
-0.000215994
-0.000177281
-7.11208e-05
-9.86665e-06
6.71713e-06
-1.14363e-05
-6.91434e-05
-8.3802e-05
-6.85811e-05
-4.26849e-05
-5.30522e-05
-6.89075e-05
-8.24657e-05
-4.79972e-05
-6.12732e-05
-0.000103901
-0.000115539
-0.000101967
-8.58284e-05
-0.000117064
-0.000170594
-0.000195885
-0.00021639
-0.000233455
-0.000225123
-0.000195757
-0.000146205
-0.00011683
-0.000132317
-0.000116975
-9.16853e-05
-9.36313e-05
-0.000113485
-0.000127031
-0.000107977
-9.45113e-05
-5.9543e-05
-7.39061e-05
-0.000118682
-0.000173428
-0.00022323
-0.000181718
-9.33241e-05
-3.85766e-05
-2.38379e-05
-2.36959e-05
-3.66293e-05
-6.66185e-05
-8.33602e-05
-7.38127e-05
-7.14719e-05
-6.31765e-05
-5.50237e-05
-3.63574e-05
-3.93847e-05
-8.15564e-05
-0.000110094
-0.000107684
-9.64947e-05
-0.000118346
-0.000159653
-0.000183291
-0.000195699
-0.000200701
-0.000196921
-0.000186365
-0.00016575
-0.00013858
-0.00013193
-0.000125064
-0.000104166
-9.08109e-05
-0.000103779
-0.000112221
-0.00010191
-9.14013e-05
-9.13392e-05
-9.32734e-05
-0.000110759
-0.00015136
-0.000175845
-0.000160843
-9.64346e-05
-4.59072e-05
-1.68611e-05
-2.74031e-05
-3.37866e-05
-6.4126e-05
-9.06924e-05
-9.06818e-05
-8.45966e-05
-7.55459e-05
-4.52412e-05
-6.38079e-05
-5.02026e-05
-7.64546e-05
-0.000105601
-0.000110569
-0.000109781
-0.000128508
-0.000159623
-0.000176889
-0.000176944
-0.000167968
-0.000160201
-0.000163999
-0.000166314
-0.000148934
-0.000132993
-0.00013083
-0.000124818
-0.000116274
-0.000102971
-9.76415e-05
-8.7019e-05
-9.29405e-05
-9.97167e-05
-0.000109423
-0.00011525
-0.000144985
-0.000161531
-0.000145956
-9.41918e-05
-4.14063e-05
-3.39633e-07
-1.6454e-05
-3.0821e-05
-5.7209e-05
-7.4886e-05
-8.03649e-05
-7.73626e-05
-7.7923e-05
-8.31639e-05
-8.06354e-05
-6.84546e-05
-8.45022e-05
-0.000103505
-0.000109249
-0.00011512
-0.000130039
-0.000156691
-0.000168945
-0.000166461
-0.00015169
-0.000134685
-0.000133081
-0.000142395
-0.000140853
-0.000132198
-0.000130144
-0.000134416
-0.000130239
-0.000123111
-9.98741e-05
-9.03131e-05
-8.85617e-05
-8.56852e-05
-8.28851e-05
-9.58707e-05
-0.000126912
-0.000139817
-0.000136064
-0.000103767
-5.51542e-05
-1.48028e-05
-1.11022e-05
-2.4913e-05
-4.54299e-05
-6.71409e-05
-7.93619e-05
-8.13103e-05
-8.06171e-05
-7.89038e-05
-8.41441e-05
-8.45484e-05
-0.000102567
-0.000101808
-0.000102393
-0.00010894
-0.000129262
-0.000152938
-0.000162676
-0.000154023
-0.000135763
-0.000124605
-0.000125704
-0.000130969
-0.000132616
-0.000130821
-0.000126624
-0.00012466
-0.000119066
-0.000106506
-8.58208e-05
-8.30957e-05
-9.18468e-05
-0.000105432
-0.000104048
-0.000107958
-0.000115184
-0.0001147
-0.00010618
-8.49922e-05
-5.84318e-05
-3.40651e-05
-2.72024e-05
-3.43692e-05
-5.28696e-05
-6.54545e-05
-8.15339e-05
-8.89297e-05
-8.90477e-05
-8.79253e-05
-8.80909e-05
-9.27673e-05
-0.000106636
-0.000117464
-0.000119954
-0.00012365
-0.000137541
-0.000154201
-0.000157596
-0.000144515
-0.000124561
-0.000111623
-0.000110836
-0.000116064
-0.000119922
-0.000121142
-0.000118123
-0.000114807
-0.000111405
-0.000103851
-9.26431e-05
-8.73913e-05
-9.36636e-05
-0.000105238
-0.000109216
-0.000112173
-0.000114688
-0.000109928
-9.84753e-05
-7.89925e-05
-5.53506e-05
-3.72035e-05
-3.93216e-05
-3.25324e-05
-4.50948e-05
-5.57163e-05
-7.2181e-05
-8.2881e-05
-8.64583e-05
-8.75805e-05
-8.82698e-05
-9.32867e-05
-0.000103464
-0.000117817
-0.000129743
-0.000137496
-0.000148188
-0.000153757
-0.000143071
-0.000124511
-0.000110612
-0.000105408
-0.000107055
-0.000112137
-0.000114605
-0.000114037
-0.000110386
-0.000105511
-0.000103039
-0.000101326
-0.000101179
-0.000101991
-0.000103692
-0.000105761
-0.0001064
-0.000109654
-0.000110793
-0.000106102
-9.56179e-05
-7.86716e-05
-6.29007e-05
-4.59953e-05
-4.48675e-05
-5.59121e-05
-5.71787e-05
-6.26776e-05
-7.14565e-05
-7.94978e-05
-8.30061e-05
-8.47704e-05
-8.68533e-05
-9.45023e-05
-0.000101148
-0.000112402
-0.000131819
-0.000139734
-0.000154376
-0.000159692
-0.000147703
-0.000126338
-0.000104258
-0.000101529
-9.91328e-05
-0.000101498
-0.000104731
-0.000103402
-0.000100042
-9.67147e-05
-9.47638e-05
-9.54646e-05
-0.000100239
-0.000104885
-0.000104301
-0.00010332
-0.000104718
-0.000107409
-0.000104808
-9.76627e-05
-9.00777e-05
-7.9338e-05
-6.45814e-05
-5.20544e-05
-4.86845e-05
-5.22978e-05
-5.66596e-05
-6.34026e-05
-7.31355e-05
-8.07494e-05
-8.00407e-05
-8.03588e-05
-9.26192e-05
-0.000104342
-0.000109671
-0.000117546
-0.00013268
-0.000150436
-0.00017023
-0.000180655
-0.000167641
-0.000142224
-0.000117806
-0.00010464
-9.5411e-05
-9.49372e-05
-9.57487e-05
-9.19512e-05
-8.90063e-05
-8.96034e-05
-9.1154e-05
-9.34697e-05
-9.75165e-05
-0.000102313
-0.000103141
-0.000103208
-0.000106238
-0.000108908
-0.000104258
-9.55577e-05
-8.91563e-05
-8.40459e-05
-7.47557e-05
-6.40583e-05
-5.83582e-05
-5.82269e-05
-5.79649e-05
-6.06169e-05
-6.75873e-05
-7.32087e-05
-7.34237e-05
-7.87347e-05
4.63938e-05
2.63716e-05
-3.03406e-05
-0.000125758
-0.000174652
-0.000159384
-0.000170248
-0.000222733
-0.000227604
-0.000180748
-0.000132102
-8.07173e-05
-3.07525e-05
-4.48254e-05
-0.000107034
-8.60491e-05
6.36685e-06
1.87654e-05
-7.42231e-05
-0.000158915
-0.000129575
-3.29621e-05
4.6756e-05
3.24025e-05
-3.71685e-05
-9.53265e-05
-0.000141453
-0.000189063
-0.000203328
-0.000167118
-0.000128379
-0.000103459
-9.85198e-05
-8.37836e-05
-4.99673e-05
-4.05776e-05
-7.92836e-05
-8.51859e-05
-1.85085e-05
4.20679e-05
4.7376e-05
2.75576e-05
-2.87627e-05
-0.000125044
-0.000175242
-0.000160105
-0.000171719
-0.000223904
-0.000228218
-0.000181068
-0.000132297
-8.07121e-05
-3.02077e-05
-4.4406e-05
-0.000108445
-8.86262e-05
6.22593e-06
2.02544e-05
-7.46287e-05
-0.000161511
-0.000131743
-3.30737e-05
4.79172e-05
3.33545e-05
-3.72492e-05
-9.54529e-05
-0.000141404
-0.000189096
-0.00020341
-0.000166865
-0.000128076
-0.000103401
-9.84552e-05
-8.39934e-05
-4.95943e-05
-3.95369e-05
-7.89576e-05
-8.5662e-05
-1.86812e-05
4.27067e-05
4.83971e-05
2.85879e-05
-2.69033e-05
-0.00012464
-0.000176903
-0.000160723
-0.000172317
-0.000226081
-0.000230804
-0.000181984
-0.000131907
-7.99189e-05
-2.86034e-05
-4.32417e-05
-0.000110734
-9.32572e-05
6.45157e-06
2.34589e-05
-7.52091e-05
-0.000166051
-0.000135199
-3.22387e-05
5.1141e-05
3.5513e-05
-3.72584e-05
-9.55668e-05
-0.000141124
-0.00018906
-0.000203311
-0.000166062
-0.000127554
-0.000103063
-9.85466e-05
-8.47574e-05
-4.96343e-05
-3.87069e-05
-7.90817e-05
-8.65892e-05
-1.86759e-05
4.40038e-05
4.94088e-05
2.91768e-05
-2.6033e-05
-0.000125474
-0.000178763
-0.000159531
-0.000170556
-0.000227763
-0.000233651
-0.000185116
-0.00013383
-7.94054e-05
-2.66567e-05
-4.07068e-05
-0.000112289
-9.8341e-05
7.40648e-06
2.78451e-05
-7.51931e-05
-0.000170943
-0.000139161
-3.05044e-05
5.66588e-05
3.90444e-05
-3.74063e-05
-9.55317e-05
-0.000140375
-0.000189013
-0.000202906
-0.000164379
-0.000126648
-0.000102781
-9.86293e-05
-8.59835e-05
-5.01023e-05
-3.86233e-05
-8.06148e-05
-8.86309e-05
-1.83232e-05
4.52168e-05
4.8377e-05
2.95775e-05
-2.59436e-05
-0.000127633
-0.00018067
-0.000155672
-0.000164701
-0.000228143
-0.000236313
-0.000190973
-0.00014283
-8.7366e-05
-2.99988e-05
-3.86482e-05
-0.00011264
-0.000101354
1.04874e-05
3.41189e-05
-7.43108e-05
-0.000174598
-0.000140344
-2.81732e-05
6.33522e-05
4.28652e-05
-3.81353e-05
-9.56699e-05
-0.000139016
-0.000188945
-0.000201976
-0.000161135
-0.000124432
-0.000101946
-9.80405e-05
-8.77551e-05
-5.03519e-05
-3.85082e-05
-8.35715e-05
-9.2328e-05
-2.07963e-05
4.33913e-05
4.37278e-05
2.77301e-05
-2.59802e-05
-0.000128908
-0.000181337
-0.00015008
-0.000157409
-0.000229808
-0.000239554
-0.000196005
-0.000158405
-0.000107924
-4.50214e-05
-4.00626e-05
-0.000112342
-0.00010272
1.78875e-05
4.64294e-05
-6.90401e-05
-0.00017794
-0.000138502
-2.25785e-05
7.02908e-05
4.54193e-05
-3.91033e-05
-9.61134e-05
-0.000137268
-0.00018833
-0.000199358
-0.000155388
-0.000118879
-9.96699e-05
-9.67638e-05
-9.00662e-05
-5.02321e-05
-3.69559e-05
-8.71546e-05
-9.77945e-05
-2.45293e-05
3.95893e-05
3.67078e-05
2.20343e-05
-2.70134e-05
-0.00012927
-0.00017964
-0.000142922
-0.000151898
-0.000235282
-0.000252258
-0.000204255
-0.000171103
-0.000139458
-7.1773e-05
-4.73872e-05
-0.000109737
-0.000105209
2.15454e-05
6.1847e-05
-5.50386e-05
-0.000178589
-0.000144938
-1.61744e-05
8.04639e-05
4.69248e-05
-4.38536e-05
-9.70267e-05
-0.000133836
-0.000186929
-0.000196117
-0.000147178
-0.000111102
-9.64097e-05
-9.43864e-05
-9.29664e-05
-5.0564e-05
-3.45774e-05
-8.89373e-05
-0.000104547
-3.04969e-05
3.53223e-05
2.81552e-05
1.18705e-05
-3.371e-05
-0.000129548
-0.000172686
-0.000135591
-0.000146721
-0.000237542
-0.00026728
-0.000222925
-0.000188826
-0.000162363
-0.000104233
-6.05821e-05
-0.000102663
-0.000107993
1.19216e-05
6.19132e-05
-4.57705e-05
-0.00017877
-0.000151153
-1.1983e-05
9.05527e-05
4.91985e-05
-5.02478e-05
-9.96349e-05
-0.000131684
-0.000186187
-0.000193024
-0.000140637
-0.000107163
-9.45719e-05
-9.07914e-05
-9.58899e-05
-5.38382e-05
-3.28751e-05
-9.13795e-05
-0.000113521
-3.92429e-05
2.99781e-05
1.85418e-05
-1.20436e-06
-4.789e-05
-0.000132011
-0.000168899
-0.000130612
-0.000147752
-0.000233729
-0.000270264
-0.000239296
-0.000210755
-0.000186197
-0.000138842
-8.04646e-05
-9.624e-05
-0.000105045
-1.14499e-05
3.56802e-05
-5.64899e-05
-0.00018378
-0.000156266
-8.99279e-06
9.63932e-05
5.02206e-05
-5.54165e-05
-0.000104389
-0.000134718
-0.000187773
-0.000195192
-0.000148423
-0.000119192
-0.000100145
-8.64001e-05
-9.9773e-05
-6.39002e-05
-3.6693e-05
-9.60246e-05
-0.000122838
-4.99698e-05
2.21384e-05
3.90217e-06
-1.41633e-05
-6.28784e-05
-0.000136326
-0.000165085
-0.000127368
-0.000139502
-0.000224932
-0.000263479
-0.000247014
-0.00022641
-0.00019809
-0.000162056
-0.000102027
-9.68002e-05
-0.000107102
-3.03152e-05
8.06566e-06
-7.24e-05
-0.000197378
-0.000168869
-7.44192e-06
0.000106364
4.6375e-05
-6.26538e-05
-0.000107073
-0.000133518
-0.000198766
-0.000217374
-0.000179806
-0.000155457
-0.000119172
-7.26461e-05
-9.07273e-05
-7.16672e-05
-4.31453e-05
-0.000101019
-0.000131977
-6.47754e-05
6.29565e-06
-2.17337e-05
-3.48454e-05
-7.3182e-05
-0.000134137
-0.000157711
-0.000123398
-0.000135117
-0.000210528
-0.000244961
-0.00024223
-0.000238524
-0.000200399
-0.000163474
-0.000118059
-0.000112716
-0.000120354
-5.12589e-05
-1.27035e-05
-7.37532e-05
-0.000191291
-0.000174989
-1.27557e-05
0.000120092
3.85338e-05
-7.46923e-05
-0.000115308
-0.0001383
-0.000204013
-0.000230842
-0.000210835
-0.000195889
-0.000146609
-6.58977e-05
-7.26782e-05
-7.04414e-05
-5.28587e-05
-0.000111393
-0.000146177
-8.65373e-05
-2.08753e-05
-3.36146e-05
-6.5325e-05
-8.93452e-05
-0.000125312
-0.000137417
-0.000119789
-0.000139581
-0.000198097
-0.000219661
-0.00021944
-0.00023951
-0.000205046
-0.000157808
-0.000128402
-0.000138281
-0.000138675
-7.35015e-05
-2.9771e-05
-6.88809e-05
-0.00016713
-0.000175248
-3.91592e-05
0.000108737
5.08819e-05
-8.66405e-05
-0.000135539
-0.000149333
-0.000199541
-0.000231626
-0.000214264
-0.000199207
-0.000157086
-7.69853e-05
-7.63584e-05
-8.02093e-05
-7.18914e-05
-0.000128979
-0.000162208
-0.000108447
-3.87613e-05
-1.66806e-05
-7.9508e-05
-0.000113108
-0.000132662
-0.000118393
-0.000101061
-0.000144788
-0.000207911
-0.000213067
-0.000192341
-0.000183949
-0.000194501
-0.000149566
-0.00012357
-0.000147191
-0.000146518
-8.49623e-05
-4.13326e-05
-6.61435e-05
-0.000154879
-0.000183978
-8.70586e-05
6.34298e-05
4.50621e-05
-9.78646e-05
-0.000153871
-0.000133428
-0.000170925
-0.000223928
-0.000216625
-0.000195715
-0.000141026
-6.30318e-05
-7.65511e-05
-9.06878e-05
-8.75218e-05
-0.000150794
-0.000178576
-0.000108705
-1.18612e-05
2.80136e-05
-6.5134e-05
-0.000121303
-0.000149575
-0.000124068
-9.59033e-05
-0.000138204
-0.000200766
-0.000222873
-0.000209669
-0.000191277
-0.000194382
-0.000160237
-0.000130048
-0.000143826
-0.000137092
-8.73495e-05
-5.08748e-05
-5.65719e-05
-0.000127596
-0.000191457
-0.000166231
2.31397e-06
3.75303e-05
-0.000106095
-0.000172907
-0.000129489
-0.0001457
-0.000207635
-0.000199773
-0.000181995
-0.000137275
-2.24947e-05
-3.8847e-05
-7.33424e-05
-9.71819e-05
-0.000167306
-0.000200401
-0.000133956
-7.33139e-06
7.32059e-06
-3.76128e-05
-0.000108496
-0.000147867
-0.000128387
-8.81124e-05
-0.000115829
-0.000180972
-0.000210261
-0.00020884
-0.000189565
-0.000200784
-0.000181684
-0.000145495
-0.000155404
-0.000139699
-8.82573e-05
-5.84184e-05
-6.88688e-05
-0.000122
-0.000168736
-0.00019908
-8.25917e-05
-1.81974e-05
-0.000141288
-0.000198437
-0.000133205
-0.000138115
-0.000215476
-0.000177516
-0.000141823
-0.000106878
-1.54641e-05
1.08024e-05
-3.69116e-05
-0.000111921
-0.000159907
-0.000178475
-0.000137132
-4.88412e-05
-2.56803e-05
-4.87315e-06
-8.48588e-05
-0.000129582
-0.000119762
-9.19826e-05
-0.000119523
-0.000184711
-0.000205698
-0.000191309
-0.000177531
-0.000174315
-0.000176457
-0.000146982
-0.000175821
-0.000148042
-0.000104411
-6.43043e-05
-7.60275e-05
-0.000130074
-0.00013409
-0.000166195
-0.000167357
-9.98501e-05
-0.000170194
-0.000204506
-0.000141014
-0.00011096
-0.000151796
-0.000147862
-0.000116957
-5.69015e-05
1.11745e-05
3.73338e-05
1.25833e-05
-7.66672e-05
-0.000129667
-0.000149072
-0.000135871
-9.19392e-05
-1.16198e-05
9.61052e-06
-4.70931e-05
-0.00012014
-0.000125368
-0.000110729
-0.000120401
-0.000184804
-0.000196225
-0.000185525
-0.000168989
-0.000149162
-0.000117195
-0.000127455
-0.000151974
-0.000181793
-0.000134567
-8.31368e-05
-7.70825e-05
-0.000107855
-0.000106585
-0.000109191
-0.000160393
-0.000147648
-0.000166871
-0.000165057
-0.000128927
-0.000122955
-0.000125988
-0.000109013
-8.90024e-05
-7.17174e-05
-5.21118e-05
3.46576e-07
-2.49311e-06
-7.48808e-05
-0.000123971
-0.00014435
-0.000130832
-8.29636e-05
-1.86071e-05
4.95175e-06
-3.88764e-05
-0.000102769
-0.000114884
-0.000113519
-0.000127984
-0.000177306
-0.000202608
-0.000192513
-0.000174133
-0.000160467
-0.000143827
-0.000141417
-0.00014374
-0.000160832
-0.000134861
-0.000103961
-9.39895e-05
-0.000104848
-9.05366e-05
-8.66651e-05
-0.000135764
-0.000152295
-0.000154295
-0.000146043
-0.000129897
-0.000138095
-0.00012582
-9.41273e-05
-6.58454e-05
-6.69468e-05
-5.72205e-05
-2.62679e-05
-3.2876e-05
-7.58896e-05
-0.00011083
-0.000112847
-0.000105339
-7.44898e-05
-2.59378e-05
-9.73788e-06
-4.03163e-05
-9.09522e-05
-0.000112366
-0.000120729
-0.000142067
-0.000171528
-0.000189903
-0.000181731
-0.000163157
-0.000152831
-0.000154015
-0.000154296
-0.000141894
-0.00014599
-0.000136747
-0.000125477
-0.000120412
-0.000110145
-8.82465e-05
-7.04604e-05
-0.000110508
-0.000141694
-0.000145221
-0.000142241
-0.000142262
-0.000144153
-0.000123799
-8.31805e-05
-5.11892e-05
-5.8589e-05
-3.99852e-05
-2.99204e-05
-3.82924e-05
-6.78587e-05
-9.41095e-05
-0.000100908
-9.90906e-05
-7.80462e-05
-5.41831e-05
-4.18619e-05
-5.51783e-05
-8.96399e-05
-0.000106286
-0.000117233
-0.000138723
-0.000160687
-0.000167458
-0.000167034
-0.000149536
-0.000133903
-0.000131502
-0.000135442
-0.000134478
-0.000132031
-0.000129207
-0.000134446
-0.000135878
-0.000124984
-9.69233e-05
-7.69516e-05
-9.07354e-05
-0.000106231
-0.000115028
-0.000121917
-0.0001339
-0.000136673
-0.000127687
-9.39722e-05
-5.11253e-05
-2.8096e-05
-1.92389e-05
-2.54199e-05
-3.74494e-05
-6.12258e-05
-8.56583e-05
-9.70716e-05
-0.000101387
-8.75832e-05
-7.86731e-05
-7.46041e-05
-7.20437e-05
-9.00393e-05
-9.67821e-05
-0.000109299
-0.000132311
-0.000152881
-0.000162359
-0.000154426
-0.000141329
-0.000128509
-0.000124506
-0.000125233
-0.000126154
-0.000127682
-0.000126167
-0.00012728
-0.000122618
-0.000105905
-8.10274e-05
-8.05959e-05
-9.90828e-05
-0.000113369
-0.000120361
-0.000125147
-0.000127271
-0.000122851
-0.000111238
-8.77161e-05
-5.71592e-05
-3.41847e-05
-2.41025e-05
-2.43443e-05
-3.26472e-05
-5.03105e-05
-7.55701e-05
-9.1694e-05
-0.000100292
-0.00010031
-8.75597e-05
-9.09076e-05
-0.000101517
-0.000111753
-0.000115759
-0.000120071
-0.000136676
-0.00015433
-0.000159461
-0.000146782
-0.000133852
-0.000119343
-0.000115834
-0.000115129
-0.00011445
-0.000113335
-0.000111658
-0.000111206
-0.000109774
-0.000101215
-8.68089e-05
-8.12723e-05
-9.21201e-05
-0.000104969
-0.000113054
-0.000119518
-0.000122051
-0.000116388
-0.000103724
-7.92754e-05
-5.01509e-05
-3.48585e-05
-3.50272e-05
-3.39985e-05
-3.32704e-05
-4.43664e-05
-6.35899e-05
-7.87296e-05
-8.40337e-05
-8.75087e-05
-8.72725e-05
-9.35892e-05
-0.000103991
-0.00011681
-0.000124743
-0.000132568
-0.000145195
-0.00015119
-0.000140123
-0.000127287
-0.000117842
-0.000110987
-0.000109832
-0.000112089
-0.000112525
-0.000110939
-0.000106567
-0.000102806
-0.000102586
-9.91777e-05
-9.67697e-05
-9.76848e-05
-0.000101743
-0.000107697
-0.000112361
-0.000113945
-0.000112078
-0.00010461
-9.57653e-05
-7.84603e-05
-5.15606e-05
-4.1554e-05
-4.14293e-05
-5.04131e-05
-5.57227e-05
-5.81307e-05
-6.38657e-05
-7.29284e-05
-7.79219e-05
-8.17713e-05
-8.52494e-05
-9.18691e-05
-9.67754e-05
-0.000107434
-0.000117353
-0.000141448
-0.000155659
-0.000156682
-0.000143805
-0.000125003
-0.000119617
-0.000105968
-0.000104802
-0.000106351
-0.000107429
-0.000104093
-9.84501e-05
-9.6191e-05
-9.73833e-05
-9.99705e-05
-0.000103728
-0.000105714
-0.000103711
-0.000105091
-0.00010794
-0.000110925
-0.000107027
-0.00010002
-9.36763e-05
-8.28398e-05
-6.60603e-05
-5.43718e-05
-5.26806e-05
-6.0489e-05
-6.57312e-05
-6.9046e-05
-7.39578e-05
-7.81405e-05
-7.57396e-05
-7.74968e-05
-9.38783e-05
-0.000101446
-0.000104979
-0.000114795
-0.000132213
-0.000155227
-0.000175523
-0.000181029
-0.000165679
-0.00014153
-0.000123518
-0.000107772
-9.69085e-05
-9.67003e-05
-9.6752e-05
-9.20811e-05
-8.66226e-05
-8.76374e-05
-9.06915e-05
-9.69135e-05
-0.00010294
-0.000106385
-0.000106794
-0.000109383
-0.000115065
-0.000117809
-0.000111018
-9.9061e-05
-8.82663e-05
-8.0374e-05
-6.98045e-05
-5.95439e-05
-5.66744e-05
-6.07708e-05
-6.31211e-05
-6.37411e-05
-6.66278e-05
-7.06179e-05
-7.27113e-05
-8.27514e-05
-9.17567e-05
-9.3359e-05
-9.711e-05
-0.000114594
-0.000144105
-0.00016673
-0.00017605
-0.000174479
-0.000154674
-0.000130939
-0.000114072
-0.000104202
-9.64444e-05
-9.55085e-05
-9.34187e-05
-9.09601e-05
-9.27651e-05
-9.83408e-05
-0.000108435
-0.000116682
-0.000117832
-0.000115882
-0.000117917
-0.000122037
-0.000124314
-0.000121764
-0.000116586
-0.000101039
-8.93001e-05
-8.22347e-05
-7.73124e-05
-6.44116e-05
-5.81234e-05
-5.58696e-05
-5.08483e-05
-4.7277e-05
-5.3599e-05
-6.51297e-05
-7.46954e-05
-8.43322e-05
-9.44561e-05
-0.000100262
-0.00011124
-0.000130687
-0.000159038
-0.000167135
-0.000168225
-0.00016261
-0.000146425
-0.000124144
-0.000108509
-0.000105308
-0.00010729
-0.000106898
-0.000101303
-9.58766e-05
-9.55877e-05
-0.000100762
-0.000110171
-0.000113175
-0.000112408
-0.000111474
-0.000116864
-0.000122902
-0.000124308
-0.000119913
-0.000109675
-9.63395e-05
-8.3627e-05
-7.71322e-05
-7.23913e-05
-6.21572e-05
-5.42393e-05
-4.75743e-05
-4.109e-05
-4.35486e-05
-5.52252e-05
-6.60617e-05
-7.37731e-05
-8.40453e-05
-0.000101592
-0.000106519
-0.000117987
-0.0001341
-0.000139699
-0.000152241
-0.000149949
-0.000146787
-0.000139929
-0.000127373
-0.000114852
-0.000108988
-0.00010503
-9.85207e-05
-9.47876e-05
-9.89967e-05
-0.000106023
-0.000109457
-0.000112125
-0.000115623
-0.000115241
-0.000115385
-0.00012055
-0.000127486
-0.000131606
-0.000131255
-0.000120559
-9.96326e-05
-8.46037e-05
-8.07809e-05
-7.30349e-05
-6.19972e-05
-5.27082e-05
-4.18745e-05
-3.03331e-05
-3.61283e-05
-4.93915e-05
-6.25285e-05
-7.46237e-05
-8.86802e-05
-0.000101693
-0.000113351
-0.000123007
-0.000133092
-0.000146886
-0.0001576
-0.000155078
-0.000147947
-0.000134736
-0.000115744
-9.99143e-05
-9.65389e-05
-9.61766e-05
-9.12874e-05
-8.71012e-05
-9.16803e-05
-0.000102821
-0.000112545
-0.000118437
-0.000118989
-0.000114154
-0.000114548
-0.000121099
-0.00012511
-0.000126011
-0.00012659
-0.000116115
-0.000100937
-8.78275e-05
-7.66238e-05
-6.2097e-05
-5.02835e-05
-4.12785e-05
-3.17255e-05
-2.57762e-05
-3.39055e-05
-4.78173e-05
-6.09968e-05
-7.28362e-05
-8.74003e-05
-9.76569e-05
-0.000113024
-0.000125477
-0.000138636
-0.00015259
-0.000160273
-0.000153728
-0.000140616
-0.000123161
-0.000108744
-0.000100831
-9.97498e-05
-9.58712e-05
-8.99521e-05
-9.28201e-05
-0.000101974
-0.000106163
-0.000105191
-0.000102511
-9.97983e-05
-9.29601e-05
-9.83151e-05
-0.000110656
-0.000123389
-0.000133895
-0.000136407
-0.000125969
-0.000105473
-8.52709e-05
-6.67053e-05
-6.283e-05
-4.78522e-05
-4.08125e-05
-2.52351e-05
-7.05896e-06
-9.26005e-06
-2.58676e-05
-5.01068e-05
-6.99332e-05
-8.38346e-05
-9.43588e-05
-0.000107128
-0.000122303
-0.000143431
-0.000155381
-0.000164535
-0.000156081
-0.000143245
-0.00012555
-0.000107442
-9.81514e-05
-0.000102119
-0.00011066
-0.000118187
-0.000124094
-0.000112273
-9.54479e-05
-8.34015e-05
-8.09241e-05
-8.48412e-05
-8.7008e-05
-0.000104077
-0.00011654
-0.000122668
-0.000134518
-0.000138846
-0.000124747
-0.000101701
-8.35667e-05
-6.86409e-05
-5.18212e-05
-4.59785e-05
-4.04519e-05
-2.82875e-05
-1.83774e-05
-1.57047e-05
-2.25265e-05
-4.58316e-05
-6.69052e-05
-8.26533e-05
-9.17053e-05
-0.000107671
-0.000129891
-0.000154867
-0.000165549
-0.000166969
-0.000159843
-0.000146877
-0.00012848
-0.000116668
-0.000116707
-0.000132056
-0.000146123
-0.000143936
-0.000127277
-0.000101803
-8.36967e-05
-7.53277e-05
-7.73472e-05
-8.47815e-05
-0.000103427
-0.000105887
-0.000117093
-0.000130078
-0.000142563
-0.000145049
-0.000128041
-0.000103342
-8.45434e-05
-6.89151e-05
-5.52289e-05
-4.958e-05
-4.69839e-05
-3.11842e-05
-1.16843e-05
-4.31055e-06
-1.13916e-05
-3.76122e-05
-5.93647e-05
-7.70327e-05
-8.51438e-05
-0.000103172
-0.000127655
-0.00015602
-0.000175474
-0.000177418
-0.000172364
-0.000160186
-0.000141969
-0.000135804
-0.000148907
-0.000171212
-0.000175454
-0.000143234
-0.000106517
-8.51356e-05
-7.23422e-05
-7.09127e-05
-8.11567e-05
-8.53597e-05
-8.94394e-05
-9.75916e-05
-0.000119013
-0.000139797
-0.000149912
-0.000144219
-0.000123835
-9.35525e-05
-8.63144e-05
-7.41741e-05
-5.95175e-05
-5.04639e-05
-4.36423e-05
-1.68619e-05
5.59295e-06
9.29437e-06
-9.30354e-06
-3.84253e-05
-5.50652e-05
-6.95465e-05
-9.35259e-05
-0.000102691
-0.000123426
-0.000156902
-0.000181454
-0.000182875
-0.000173357
-0.000158059
-0.000151677
-0.000167066
-0.000194634
-0.000201156
-0.000173278
-0.000121045
-8.56065e-05
-7.03264e-05
-6.24722e-05
-6.90147e-05
-7.84234e-05
-7.61242e-05
-7.60333e-05
-8.72367e-05
-0.000120002
-0.000148722
-0.000158984
-0.000144423
-0.000114437
-7.12492e-05
-8.0193e-05
-6.93613e-05
-5.37192e-05
-5.10636e-05
-3.40882e-05
-8.27236e-06
2.47313e-05
4.32697e-05
5.35757e-06
-3.08168e-05
-5.92249e-05
-7.96619e-05
-8.90038e-05
-9.55267e-05
-0.00011742
-0.000159014
-0.00018861
-0.000186657
-0.000170809
-0.000157726
-0.000164435
-0.00018944
-0.000208735
-0.000183108
-0.000144676
-0.000100016
-8.28979e-05
-7.28256e-05
-6.63208e-05
-7.05209e-05
-6.43979e-05
-5.38669e-05
-5.48638e-05
-8.12537e-05
-0.000121987
-0.000156984
-0.000160451
-0.000132238
-0.000109647
-8.23528e-05
-6.90022e-05
-6.18181e-05
-7.01509e-05
-5.67324e-05
-3.18196e-05
5.8325e-06
5.56821e-05
1.52358e-05
-2.92712e-05
-5.31342e-05
-6.3485e-05
-7.62989e-05
-8.04493e-05
-9.07408e-05
-0.000117622
-0.000162209
-0.000192807
-0.000187532
-0.000171675
-0.000161244
-0.000173638
-0.000192704
-0.00019173
-0.000160117
-0.000127332
-0.000104002
-9.13176e-05
-8.65671e-05
-7.89258e-05
-7.26782e-05
-5.84829e-05
-5.37161e-05
-4.99037e-05
-7.76919e-05
-0.000104872
-0.00013697
-0.000145793
-0.000133848
-0.00012038
-9.01807e-05
-6.56878e-05
-5.42348e-05
-6.46491e-05
-5.59078e-05
-3.17479e-05
-1.42205e-06
1.96654e-05
-2.68933e-05
-5.92455e-05
-5.94891e-05
-5.58787e-05
-6.75421e-05
-7.18553e-05
-8.52066e-05
-0.000116827
-0.000163484
-0.000191196
-0.000181969
-0.000167613
-0.000175272
-0.000191001
-0.000195164
-0.000174223
-0.000140233
-0.000118793
-0.00010728
-9.9519e-05
-9.87797e-05
-9.27429e-05
-7.9341e-05
-5.38121e-05
-3.80575e-05
-4.55566e-05
-6.90045e-05
-8.72431e-05
-0.000120885
-0.000135441
-0.000137464
-0.000126069
-9.77294e-05
-6.40685e-05
-5.04406e-05
-6.67394e-05
-6.02332e-05
-3.52265e-05
-6.22842e-06
-6.9626e-07
-3.66159e-05
-6.57816e-05
-5.38232e-05
-4.4523e-05
-5.7297e-05
-6.45251e-05
-7.52113e-05
-0.000111053
-0.00016569
-0.000188759
-0.000179997
-0.000168292
-0.000193588
-0.000205648
-0.000191107
-0.000159893
-0.000130882
-0.000118868
-0.000107354
-9.78717e-05
-9.56148e-05
-9.00074e-05
-7.56674e-05
-4.86948e-05
-3.09489e-05
-4.54592e-05
-6.13216e-05
-7.08872e-05
-0.000110638
-0.000134959
-0.000138549
-0.000123286
-9.39057e-05
-6.15009e-05
-5.12923e-05
-7.97716e-05
-7.23421e-05
-4.41469e-05
-7.76962e-06
-1.00585e-05
-3.3059e-05
-6.19892e-05
-4.67171e-05
-4.37665e-05
-5.46428e-05
-6.63009e-05
-6.98264e-05
-0.000110784
-0.000172167
-0.000198189
-0.000182245
-0.000171969
-0.000199828
-0.000207388
-0.000184055
-0.000155307
-0.000131687
-0.000119314
-9.96551e-05
-8.24666e-05
-7.93874e-05
-8.20268e-05
-7.39327e-05
-4.68087e-05
-3.01145e-05
-4.93641e-05
-5.89301e-05
-5.89552e-05
-9.56313e-05
-0.000126838
-0.000135517
-0.000123054
-9.46304e-05
-5.98656e-05
-5.53736e-05
-9.97225e-05
-9.46321e-05
-4.28594e-05
-6.73404e-06
-1.56137e-05
-4.04213e-05
-5.91856e-05
-3.93238e-05
-4.80144e-05
-6.48753e-05
-6.924e-05
-7.38835e-05
-0.000120599
-0.000175707
-0.000200176
-0.000184632
-0.000177978
-0.000205998
-0.000214823
-0.000188001
-0.000158204
-0.00012741
-0.000110339
-8.90803e-05
-6.67529e-05
-6.32656e-05
-7.60888e-05
-7.7064e-05
-5.13013e-05
-3.2916e-05
-4.84173e-05
-4.93084e-05
-4.17616e-05
-8.75256e-05
-0.000134433
-0.000143533
-0.000127165
-9.92084e-05
-5.73111e-05
-6.49979e-05
-0.000122819
-9.86086e-05
-3.60125e-05
-2.80416e-06
-2.43059e-05
-4.58306e-05
-4.48134e-05
-3.48731e-05
-5.63874e-05
-7.62497e-05
-8.76435e-05
-8.94e-05
-0.000123283
-0.000169233
-0.000196884
-0.00018771
-0.000187489
-0.000225297
-0.000241427
-0.000194988
-0.000152282
-0.000114205
-0.000102434
-8.22009e-05
-5.57806e-05
-5.05749e-05
-7.24723e-05
-8.21374e-05
-6.02634e-05
-3.78121e-05
-4.45228e-05
-4.05156e-05
-2.84423e-05
-9.08051e-05
-0.000144082
-0.000149097
-0.000128861
-9.99036e-05
-5.62851e-05
-8.30218e-05
-0.000154639
-0.000113186
-2.35019e-05
2.99604e-06
-3.01626e-05
-4.32509e-05
-3.59986e-05
-3.31343e-05
-6.13359e-05
-8.55947e-05
-9.40669e-05
-9.67617e-05
-0.000115988
-0.000162716
-0.000193228
-0.000186969
-0.000196868
-0.00024536
-0.000247239
-0.000192086
-0.000140908
-0.000106013
-9.86138e-05
-7.80518e-05
-4.75698e-05
-3.8513e-05
-6.91317e-05
-8.82343e-05
-7.17167e-05
-4.28549e-05
-4.07761e-05
-3.11968e-05
-2.73124e-05
-9.80128e-05
-0.000157489
-0.000147786
-0.000129564
-9.49911e-05
-5.58144e-05
-0.000118401
-0.000187726
-0.000111467
-5.39848e-06
-9.44261e-07
-3.81308e-05
-4.24557e-05
-2.97822e-05
-3.07767e-05
-6.29742e-05
-9.05659e-05
-9.94654e-05
-9.0016e-05
-0.000102634
-0.000154597
-0.000188288
-0.000183191
-0.000203711
-0.000251452
-0.000241071
-0.000185961
-0.000134709
-0.000106879
-0.00010054
-7.53294e-05
-3.39174e-05
-3.04723e-05
-6.92812e-05
-9.13166e-05
-7.99826e-05
-4.89192e-05
-3.57645e-05
-1.37745e-05
-2.64039e-05
-0.000110926
-0.00016201
-0.000145477
-0.000126463
-9.24429e-05
-8.15863e-05
-0.000150105
-0.00018941
-9.21273e-05
-5.24687e-06
-1.78299e-05
-4.38822e-05
-4.1065e-05
-2.29825e-05
-2.53707e-05
-6.19094e-05
-9.67795e-05
-0.000100154
-8.23508e-05
-8.6874e-05
-0.00014445
-0.000184094
-0.000186363
-0.000212698
-0.000250479
-0.000232105
-0.000183335
-0.000135652
-0.000109963
-0.000100809
-7.16405e-05
-3.03026e-05
-2.86469e-05
-7.01004e-05
-0.000105253
-8.73597e-05
-4.86235e-05
-2.20284e-05
-5.36504e-06
-3.57759e-05
-0.000116582
-0.000159545
-0.000144398
-0.000124694
-9.20929e-05
-8.44451e-05
-0.000148212
-0.000167043
-8.14685e-05
-2.13141e-05
-3.083e-05
-4.55521e-05
-3.69564e-05
-1.47389e-05
-2.24732e-05
-6.36803e-05
-9.60994e-05
-9.65244e-05
-7.17006e-05
-7.95905e-05
-0.000146455
-0.00018726
-0.000191165
-0.000221623
-0.000244879
-0.0002247
-0.000179247
-0.000134915
-0.000110977
-0.000101784
-7.25493e-05
-3.25008e-05
-3.17134e-05
-7.10858e-05
-9.94511e-05
-7.82374e-05
-4.42361e-05
-2.14174e-05
-8.69839e-06
-4.43579e-05
-0.00011849
-0.000159181
-0.000143665
-0.00011886
-8.83524e-05
-8.15673e-05
-0.000135577
-0.000147695
-8.63518e-05
-3.37333e-05
-3.67841e-05
-4.52788e-05
-3.24842e-05
-9.6481e-06
-2.26792e-05
-6.60598e-05
-0.000101387
-9.42397e-05
-7.09074e-05
-8.92078e-05
-0.000155784
-0.000191967
-0.000195159
-0.00022372
-0.000237596
-0.000216044
-0.000173723
-0.000133489
-0.000111825
-0.000102938
-7.53925e-05
-3.86446e-05
-3.66622e-05
-6.92304e-05
-8.87287e-05
-6.96853e-05
-4.01584e-05
-2.16645e-05
-1.27138e-05
-5.00163e-05
-0.000120851
-0.000158871
-0.000140021
-0.000113548
-8.62257e-05
-8.05794e-05
-0.0001363
-0.000144522
-9.31256e-05
-4.20479e-05
-3.90065e-05
-4.38862e-05
-2.95235e-05
-8.31176e-06
-2.28148e-05
-6.74735e-05
-0.000103026
-9.52868e-05
-7.77485e-05
-0.000101516
-0.000162296
-0.000194102
-0.000198568
-0.000221927
-0.000227548
-0.000206214
-0.000167967
-0.000131502
-0.00011242
-0.000105039
-7.93037e-05
-4.38166e-05
-3.96898e-05
-6.42694e-05
-7.77404e-05
-6.07105e-05
-3.63626e-05
-2.30637e-05
-1.60453e-05
-5.24984e-05
-0.000120955
-0.000155753
-0.000137343
-0.000112003
-8.66697e-05
-8.31249e-05
-0.000132299
-0.000141797
-9.74213e-05
-4.78667e-05
-3.94817e-05
-4.28267e-05
-2.80225e-05
-6.77731e-06
-2.14478e-05
-6.81792e-05
-0.000104379
-9.7433e-05
-8.53148e-05
-0.000108416
-0.000164211
-0.000194242
-0.000197547
-0.000215715
-0.000218819
-0.00019976
-0.000164246
-0.000130263
-0.000112901
-0.000105877
-8.15294e-05
-4.66084e-05
-4.02556e-05
-5.95947e-05
-6.98423e-05
-5.49502e-05
-3.43743e-05
-2.40112e-05
-1.70923e-05
-5.5225e-05
-0.000120604
-0.000153908
-0.000136274
-0.000111574
-8.69655e-05
-8.42859e-05
-0.00013026
-0.000141265
-9.97675e-05
-5.07256e-05
-3.98789e-05
-4.22658e-05
-2.63019e-05
-4.95148e-06
-2.14149e-05
-6.87899e-05
-0.000104579
-9.84285e-05
-8.80465e-05
-0.000111451
-0.000164509
-0.000192981
-0.000196082
-0.000212601
-0.000215143
-0.000196814
-0.000162109
-0.000129378
-0.000112901
-0.000106653
-8.26316e-05
-4.83012e-05
-4.11191e-05
-5.76738e-05
-6.6093e-05
-5.19313e-05
-3.32383e-05
-2.45629e-05
-1.84606e-05
-5.69979e-05
-0.000121101
-0.000153159
-0.000135709
-0.000111419
-8.7387e-05
-8.52545e-05
-0.000129276
-0.00013999
-0.000100326
-5.23161e-05
-3.98174e-05
-4.07006e-05
-2.5309e-05
-5.00879e-06
-2.17728e-05
-6.88216e-05
-0.000104301
-9.86259e-05
-8.97168e-05
-0.000112976
-0.000165166
-0.000193363
-0.000196734
-0.000212839
-0.000214676
-0.000195917
-0.000161188
-0.000128923
-0.000112787
-0.000107086
-8.32955e-05
-4.95993e-05
-4.2444e-05
-5.78357e-05
-6.5147e-05
-5.08388e-05
-3.27865e-05
-2.47438e-05
-1.94889e-05
-5.80084e-05
-0.000121768
-0.000152979
-0.000135549
-0.000111658
-8.78421e-05
-8.58412e-05
-0.000128908
-0.000139155
-9.99709e-05
-5.26768e-05
-3.93661e-05
-4.00696e-05
-2.50854e-05
-5.04534e-06
-2.17604e-05
-6.85111e-05
-0.000103745
-9.60819e-05
-0.000102295
-0.000106993
-0.0001227
-0.000146804
-0.000163778
-0.000171132
-0.00016331
-0.000141342
-0.000120065
-0.000108047
-0.000101077
-9.61349e-05
-9.48026e-05
-9.4296e-05
-9.34678e-05
-9.53564e-05
-9.9424e-05
-0.000108997
-0.000109236
-0.000112139
-0.000117703
-0.000131532
-0.000142602
-0.000142473
-0.000129047
-0.000111737
-9.61558e-05
-8.51063e-05
-7.75271e-05
-6.55256e-05
-5.7319e-05
-5.35343e-05
-5.48632e-05
-5.13224e-05
-4.49796e-05
-4.8108e-05
-5.85378e-05
-7.0143e-05
-8.38113e-05
-9.25379e-05
-9.8412e-05
-0.000111292
-0.000132807
-0.000155398
-0.000164641
-0.000162171
-0.000152347
-0.000137083
-0.000118579
-0.000107358
-0.000105942
-0.000105343
-0.000101026
-9.46404e-05
-9.28491e-05
-9.72039e-05
-0.000103739
-0.000110327
-0.00011123
-0.000112329
-0.000121813
-0.000134343
-0.000136731
-0.000129449
-0.000117071
-0.000105026
-9.52387e-05
-8.44855e-05
-7.35944e-05
-6.7403e-05
-5.52117e-05
-4.67607e-05
-4.1928e-05
-3.85123e-05
-4.36744e-05
-5.59994e-05
-6.63671e-05
-7.33998e-05
-8.31356e-05
-9.63332e-05
-0.000102818
-0.000115858
-0.000141574
-0.000152
-0.000161622
-0.000158646
-0.00015262
-0.000141997
-0.000124302
-0.000112454
-0.00010516
-0.000100355
-9.51934e-05
-9.54061e-05
-0.000101422
-0.000106344
-0.000107955
-0.000110276
-0.000109837
-0.00011056
-0.00011767
-0.00012519
-0.000123843
-0.000119503
-0.000116249
-0.000113656
-9.96631e-05
-9.37482e-05
-9.30348e-05
-7.14612e-05
-5.37801e-05
-4.10534e-05
-3.26627e-05
-2.91958e-05
-3.73149e-05
-5.00628e-05
-6.17545e-05
-7.25687e-05
-8.60323e-05
-0.00010192
-0.000112045
-0.00012124
-0.000127579
-0.000148006
-0.000161922
-0.00015868
-0.000149104
-0.000132335
-0.000112222
-0.000103614
-9.7782e-05
-9.42742e-05
-9.05054e-05
-9.34433e-05
-0.000104148
-0.000113965
-0.000116634
-0.000122676
-0.00011732
-0.000117277
-0.000122423
-0.0001268
-0.00011778
-0.000110778
-0.000114944
-0.000112276
-0.000107082
-0.000100779
-8.43491e-05
-5.59456e-05
-4.3591e-05
-3.60837e-05
-2.93509e-05
-2.35003e-05
-2.69968e-05
-4.00828e-05
-5.4599e-05
-6.97797e-05
-8.68531e-05
-0.000100474
-0.000114972
-0.000124827
-0.000137483
-0.000160603
-0.000166778
-0.000161443
-0.000153879
-0.000140131
-0.000123977
-0.000111836
-0.000100523
-9.15269e-05
-8.99192e-05
-9.96558e-05
-0.000114076
-0.000118914
-0.000115978
-0.000102059
-9.89861e-05
-9.85949e-05
-0.000107527
-0.000112262
-0.000109817
-0.000112218
-0.00012117
-0.000121257
-0.000114164
-9.98618e-05
-7.16049e-05
-2.99467e-05
-3.07237e-05
-2.74839e-05
-1.8684e-05
-1.36164e-05
-1.28025e-05
-3.01295e-05
-4.90968e-05
-6.8e-05
-8.39089e-05
-9.68033e-05
-0.00010936
-0.000121811
-0.00014368
-0.000163776
-0.000172444
-0.000169489
-0.000156668
-0.000137183
-0.00011838
-0.000112398
-0.000114886
-0.000114731
-0.000113948
-0.000111857
-0.00010111
-8.79374e-05
-8.37997e-05
-8.58591e-05
-9.24582e-05
-0.000105527
-0.000116688
-0.00010477
-9.58871e-05
-0.000105726
-0.000123032
-0.000123142
-0.000113565
-9.75156e-05
-6.71213e-05
-3.50478e-05
-2.97297e-05
-3.02454e-05
-2.53431e-05
-2.95388e-05
-2.7929e-05
-3.46776e-05
-5.18498e-05
-6.91013e-05
-8.27447e-05
-9.63243e-05
-0.000104926
-0.000123394
-0.000152597
-0.00016597
-0.00017693
-0.000169881
-0.000159342
-0.000144646
-0.00013477
-0.000134097
-0.000133967
-0.000126845
-0.000116322
-0.000107434
-9.00322e-05
-7.45324e-05
-7.16587e-05
-8.04966e-05
-9.03009e-05
-0.000106963
-0.000119599
-0.000119878
-0.000120429
-0.00012987
-0.0001349
-0.000124728
-0.000113189
-9.56631e-05
-6.61715e-05
-4.35617e-05
-3.91671e-05
-4.25418e-05
-3.30106e-05
-2.51409e-05
-2.66029e-05
-3.61434e-05
-4.93457e-05
-6.70384e-05
-8.45754e-05
-9.02351e-05
-9.89161e-05
-0.000118818
-0.000150631
-0.000179629
-0.000187277
-0.000186481
-0.000173366
-0.000153082
-0.000141867
-0.000142171
-0.000146205
-0.000140857
-0.000127615
-0.000108482
-8.24757e-05
-6.3836e-05
-6.36688e-05
-7.46238e-05
-7.202e-05
-8.97886e-05
-0.000114974
-0.000140562
-0.000157962
-0.000159436
-0.000144516
-0.000125351
-0.000109814
-9.33083e-05
-6.91048e-05
-5.52473e-05
-5.17875e-05
-4.17863e-05
-2.61195e-05
-2.44692e-05
-2.48122e-05
-3.1006e-05
-4.4104e-05
-6.40571e-05
-8.1229e-05
-0.000101428
-0.000102736
-0.000120291
-0.000154367
-0.000183392
-0.00019501
-0.000191657
-0.000172091
-0.000151491
-0.000149208
-0.000160471
-0.000165781
-0.000150553
-0.000124073
-9.64582e-05
-6.40476e-05
-4.43969e-05
-5.81377e-05
-6.8821e-05
-6.36777e-05
-7.69437e-05
-0.000109993
-0.000150296
-0.000182978
-0.000189427
-0.000158497
-0.000120469
-0.000101384
-8.37318e-05
-6.5092e-05
-6.356e-05
-5.84474e-05
-3.60978e-05
-2.31538e-05
-2.98902e-05
-2.7762e-05
-2.17998e-05
-3.05472e-05
-5.942e-05
-8.68934e-05
-0.000103886
-0.000100414
-0.000112354
-0.000149886
-0.000191414
-0.000208541
-0.000194431
-0.000166129
-0.00015593
-0.000165951
-0.000174929
-0.000165806
-0.000136804
-0.000108682
-8.56723e-05
-6.0946e-05
-4.64805e-05
-5.65472e-05
-4.76691e-05
-2.14632e-05
-4.24692e-05
-0.000109009
-0.000174522
-0.000208964
-0.00019906
-0.000148503
-0.00010539
-9.22166e-05
-7.82835e-05
-6.15187e-05
-6.81047e-05
-6.92506e-05
-4.08127e-05
-3.59103e-05
-4.4753e-05
-3.04838e-05
-7.11545e-06
-2.01731e-05
-6.19084e-05
-9.28824e-05
-0.000105668
-0.000104475
-0.000112152
-0.000154768
-0.000202735
-0.000223577
-0.000200322
-0.000165988
-0.000158889
-0.000165509
-0.00017132
-0.000151178
-0.000123237
-0.000106465
-9.42663e-05
-6.84261e-05
-5.42797e-05
-6.36515e-05
-3.84825e-05
-2.35964e-06
-2.89646e-05
-8.83187e-05
-0.00016183
-0.000193683
-0.000184806
-0.000145439
-0.000123838
-0.000103
-8.26638e-05
-6.54649e-05
-7.21583e-05
-7.55392e-05
-4.92432e-05
-5.45691e-05
-5.91664e-05
-3.18199e-05
-5.75538e-06
-2.27311e-05
-6.71187e-05
-9.3567e-05
-0.00011218
-0.000114391
-0.000122891
-0.000164915
-0.000212355
-0.00023257
-0.000196564
-0.000161654
-0.000157639
-0.00015175
-0.000161488
-0.000140201
-0.000113147
-0.000101559
-0.000103885
-8.77779e-05
-7.34163e-05
-6.15158e-05
-2.0035e-05
4.61632e-06
-3.20404e-05
-9.73019e-05
-0.000157728
-0.000180183
-0.000177425
-0.00016129
-0.00013749
-0.000111233
-8.27681e-05
-6.86594e-05
-8.40785e-05
-9.79216e-05
-6.52521e-05
-6.37969e-05
-6.16585e-05
-2.80376e-05
-1.16482e-05
-2.26912e-05
-6.87027e-05
-9.39403e-05
-0.000120699
-0.000120077
-0.000132201
-0.000175929
-0.000224941
-0.000222308
-0.000188912
-0.000161791
-0.00015649
-0.00015104
-0.000145554
-0.000128114
-0.000111563
-0.000107346
-0.000105717
-8.66494e-05
-7.44751e-05
-6.47006e-05
-1.82835e-05
4.21717e-06
-2.88895e-05
-9.49652e-05
-0.000157267
-0.000185957
-0.000185028
-0.000167128
-0.000145552
-0.00011068
-8.2703e-05
-7.28894e-05
-9.90565e-05
-0.000115333
-7.01137e-05
-5.96984e-05
-5.23993e-05
-1.4513e-05
-7.95566e-07
-6.65275e-06
-5.4691e-05
-9.37757e-05
-0.000126136
-0.000118491
-0.000135854
-0.000184792
-0.000228871
-0.00021237
-0.000181431
-0.000157468
-0.000144073
-0.000137437
-0.000129647
-0.000124619
-0.000119521
-0.000108523
-9.55397e-05
-7.79713e-05
-7.75213e-05
-6.67953e-05
-2.54944e-05
-1.81105e-06
-3.64815e-05
-9.85974e-05
-0.000150552
-0.000175802
-0.000174368
-0.000158684
-0.00014415
-0.000109912
-7.78563e-05
-7.69723e-05
-0.000110316
-0.000113403
-7.00964e-05
-4.77477e-05
-3.89783e-05
-3.68248e-06
4.34496e-05
5.38642e-06
-5.07193e-05
-0.000101371
-0.000121152
-0.000116903
-0.000139573
-0.000190362
-0.000230828
-0.00020413
-0.000174003
-0.000148596
-0.000133095
-0.000120952
-0.000115713
-0.000121798
-0.000126378
-0.000106413
-7.92219e-05
-6.10023e-05
-7.01146e-05
-6.86182e-05
-3.69031e-05
-1.29832e-05
-4.45942e-05
-9.57376e-05
-0.000142113
-0.000166274
-0.000164843
-0.000153314
-0.000146282
-0.000108745
-7.97331e-05
-8.56854e-05
-0.000121317
-0.000106259
-6.29909e-05
-3.72558e-05
-3.05147e-05
3.3239e-06
3.52214e-05
-4.46832e-06
-6.12017e-05
-0.000107434
-0.000123907
-0.000123714
-0.000141102
-0.000188167
-0.000222492
-0.000198419
-0.000170564
-0.000138732
-0.000122412
-0.000104892
-0.000104076
-0.000117085
-0.000123687
-9.60394e-05
-5.8856e-05
-4.27512e-05
-6.22792e-05
-6.68785e-05
-3.19328e-05
-2.39238e-05
-5.38023e-05
-9.25886e-05
-0.000139588
-0.000158243
-0.000160034
-0.000150532
-0.000147804
-0.000110902
-8.69562e-05
-9.86423e-05
-0.000131187
-0.000109133
-5.23143e-05
-2.83736e-05
-2.78141e-05
-3.1206e-06
2.17419e-05
-1.70592e-05
-6.89991e-05
-0.000109433
-0.000130469
-0.000128816
-0.000131869
-0.000178453
-0.000219495
-0.00020341
-0.000177096
-0.000129717
-0.000109661
-8.96956e-05
-9.36632e-05
-0.000112003
-0.000117793
-8.59406e-05
-4.11208e-05
-3.12281e-05
-5.91945e-05
-6.21875e-05
-3.50278e-05
-4.06403e-05
-6.67362e-05
-9.1674e-05
-0.000131296
-0.000153528
-0.000162538
-0.000151336
-0.000147371
-0.000114014
-9.45345e-05
-0.000109801
-0.000137194
-0.00010914
-3.94954e-05
-2.67066e-05
-3.21961e-05
-1.26608e-05
1.22387e-05
-2.53899e-05
-7.32689e-05
-0.000113365
-0.000140354
-0.000124494
-0.000113704
-0.000169212
-0.000221566
-0.000219236
-0.000193143
-0.000130237
-9.32201e-05
-7.20217e-05
-8.30018e-05
-0.000108988
-0.000114998
-7.93093e-05
-3.28268e-05
-3.13039e-05
-5.88094e-05
-5.49993e-05
-4.0004e-05
-5.67333e-05
-7.67112e-05
-9.69977e-05
-0.000128453
-0.000154466
-0.000165725
-0.000153857
-0.000142771
-0.00011294
-9.76821e-05
-0.000115819
-0.000131953
-9.15474e-05
-2.97065e-05
-2.54266e-05
-3.66495e-05
-2.08658e-05
3.73086e-06
-2.2483e-05
-7.35701e-05
-0.000125174
-0.000142624
-0.000110084
-9.77322e-05
-0.000163116
-0.000232408
-0.000245422
-0.000207541
-0.000126713
-7.52394e-05
-5.62108e-05
-7.5797e-05
-0.000109195
-0.000114194
-7.62301e-05
-3.48029e-05
-3.77576e-05
-5.05206e-05
-3.68029e-05
-3.77641e-05
-6.39781e-05
-8.14682e-05
-0.000101829
-0.000130685
-0.000157868
-0.000167698
-0.000154059
-0.000133564
-0.000110122
-9.80072e-05
-0.000105615
-0.000117767
-8.10088e-05
-2.48869e-05
-2.27499e-05
-4.14746e-05
-3.09309e-05
-2.60826e-06
-2.32577e-05
-7.92454e-05
-0.000136504
-0.000135059
-9.11265e-05
-9.44557e-05
-0.000172875
-0.000247794
-0.000262017
-0.000204176
-0.000108207
-4.51289e-05
-4.37128e-05
-7.17186e-05
-0.000109874
-0.000112464
-7.52885e-05
-3.93667e-05
-3.8899e-05
-3.59391e-05
-2.01835e-05
-3.09273e-05
-5.72221e-05
-8.02953e-05
-0.000106272
-0.000135676
-0.000159585
-0.000165018
-0.000145929
-0.000126677
-0.000108781
-9.66651e-05
-0.000100916
-0.000114249
-7.93427e-05
-1.79696e-05
-2.01793e-05
-4.6892e-05
-3.77058e-05
-8.21023e-06
-2.83942e-05
-8.78928e-05
-0.000142545
-0.000127681
-9.01268e-05
-0.000104451
-0.00018571
-0.000256502
-0.00025922
-0.000184378
-8.56383e-05
-3.1187e-05
-3.97705e-05
-7.35038e-05
-0.000109807
-0.000111652
-7.67655e-05
-4.19573e-05
-3.55812e-05
-2.33983e-05
-8.40621e-06
-2.33452e-05
-5.29189e-05
-8.17853e-05
-0.000110516
-0.000138396
-0.000157171
-0.000158382
-0.00013987
-0.000124088
-0.00010828
-9.73333e-05
-0.000101441
-0.000111886
-7.48542e-05
-1.6933e-05
-2.22742e-05
-4.9259e-05
-4.09314e-05
-1.48271e-05
-3.39129e-05
-9.31304e-05
-0.000140231
-0.000127621
-9.44719e-05
-0.000113351
-0.000193121
-0.000256991
-0.000247727
-0.000169448
-7.83678e-05
-2.89975e-05
-4.02847e-05
-7.57835e-05
-0.000109715
-0.00011151
-7.62787e-05
-4.23733e-05
-3.23535e-05
-1.78293e-05
-3.5225e-06
-1.95847e-05
-5.10148e-05
-8.25444e-05
-0.000112202
-0.000139698
-0.0001533
-0.000153896
-0.000137404
-0.000123452
-0.000108393
-9.76766e-05
-0.000101572
-0.000113208
-7.76804e-05
-1.93384e-05
-2.41461e-05
-4.98431e-05
-4.23674e-05
-1.80345e-05
-3.56678e-05
-9.22333e-05
-0.00013727
-0.000126667
-9.62355e-05
-0.000117568
-0.000195645
-0.000254188
-0.000237188
-0.000161217
-7.55188e-05
-2.9489e-05
-4.21854e-05
-7.73496e-05
-0.00010955
-0.000110973
-7.61372e-05
-4.34407e-05
-3.19128e-05
-1.59005e-05
-1.96582e-06
-1.69966e-05
-4.96402e-05
-8.24332e-05
-0.000113756
-0.000137469
-0.000150613
-0.000152096
-0.000136841
-0.00012344
-0.000108038
-9.74747e-05
-0.000103263
-0.000114279
-7.76089e-05
-2.12868e-05
-2.54584e-05
-4.98529e-05
-4.11905e-05
-1.72949e-05
-3.47423e-05
-9.19331e-05
-0.000136635
-0.00012453
-9.62333e-05
-0.000119029
-0.000194905
-0.000249066
-0.00023338
-0.000159145
-7.5759e-05
-3.13614e-05
-4.38333e-05
-7.8597e-05
-0.000109488
-0.000110693
-7.60822e-05
-4.43476e-05
-3.20994e-05
-1.54864e-05
-1.59067e-06
-1.59095e-05
-4.89261e-05
-8.21228e-05
-0.000113939
-0.000136405
-0.000149305
-0.000151091
-0.000136464
-0.000123482
-0.000107919
-9.73017e-05
-0.000103706
-0.000114638
-7.79954e-05
-2.24891e-05
-2.61953e-05
-4.90918e-05
-3.9109e-05
-1.69432e-05
-3.49405e-05
-9.17633e-05
-0.000134871
-0.000122827
-9.54784e-05
-0.000118958
-0.000195853
-0.00024855
-0.000231254
-0.000157722
-7.55053e-05
-3.23079e-05
-4.47434e-05
-7.96264e-05
-0.000109526
-0.000110374
-7.60157e-05
-4.48859e-05
-3.2453e-05
-1.58983e-05
-2.05968e-06
-1.59196e-05
-4.88122e-05
-8.21717e-05
-0.000114133
-0.000136343
-0.000148842
-0.000150624
-0.000136337
-0.000123551
-0.000107851
-9.72538e-05
-0.000103807
-0.000114674
-7.79057e-05
-2.2903e-05
-2.68945e-05
-4.89616e-05
-3.85931e-05
-1.67834e-05
-3.5001e-05
-9.11677e-05
-0.000133307
-0.000110753
-0.000112334
-0.000108797
-0.000122024
-0.000142853
-0.00015578
-0.000159281
-0.000151881
-0.000136931
-0.000120589
-0.000110669
-0.000103174
-9.66183e-05
-9.34049e-05
-9.11187e-05
-9.02485e-05
-9.33585e-05
-9.89334e-05
-0.000108257
-0.000108918
-0.000109701
-0.000117389
-0.000131246
-0.000144743
-0.000146324
-0.000130533
-0.000108441
-9.1959e-05
-8.24488e-05
-7.40913e-05
-6.17919e-05
-5.11922e-05
-4.77841e-05
-4.80277e-05
-4.29866e-05
-3.58611e-05
-4.44293e-05
-6.6059e-05
-8.80672e-05
-0.00010443
-9.78404e-05
-9.65129e-05
-0.000110765
-0.000128572
-0.000145649
-0.00015208
-0.000150009
-0.00014446
-0.00013495
-0.000119997
-0.00010953
-0.000104744
-0.000100172
-9.00501e-05
-8.26828e-05
-8.3359e-05
-9.13294e-05
-0.000101411
-0.000108981
-0.000110129
-0.00011387
-0.000128566
-0.000142528
-0.00014496
-0.000135069
-0.000119098
-0.000105321
-9.85161e-05
-9.13616e-05
-8.12623e-05
-6.60356e-05
-5.06799e-05
-3.65078e-05
-2.5408e-05
-1.92861e-05
-3.0154e-05
-4.97224e-05
-6.82802e-05
-8.07947e-05
-9.13838e-05
-9.33813e-05
-0.000101846
-0.000120244
-0.000140635
-0.000156536
-0.000161672
-0.000156632
-0.000152873
-0.000147231
-0.00013079
-0.000110988
-9.91831e-05
-9.27901e-05
-7.99714e-05
-8.1833e-05
-9.07127e-05
-0.000102008
-0.00011136
-0.000112927
-0.000112392
-0.000114778
-0.000130461
-0.000141063
-0.000136664
-0.000126558
-0.000116583
-0.000103835
-9.66257e-05
-8.93173e-05
-8.4268e-05
-7.54926e-05
-5.10822e-05
-3.54733e-05
-2.44593e-05
-2.32234e-05
-4.127e-05
-5.23151e-05
-6.20628e-05
-7.02226e-05
-8.17369e-05
-0.000101017
-0.000111688
-0.000122431
-0.000141092
-0.000160591
-0.000165307
-0.00015556
-0.000145421
-0.000135656
-0.000118692
-0.000104945
-9.45284e-05
-8.47897e-05
-7.87313e-05
-8.26316e-05
-0.000100911
-0.000123079
-0.000130852
-0.000132841
-0.000119101
-0.000121868
-0.000139787
-0.000145495
-0.000129937
-0.000115757
-0.00010861
-0.000103477
-9.87966e-05
-9.46622e-05
-8.33678e-05
-5.63296e-05
-4.91988e-05
-3.05271e-05
-2.18593e-05
-1.74103e-05
-2.76817e-05
-4.19798e-05
-5.7916e-05
-7.42657e-05
-8.91971e-05
-9.77337e-05
-0.000112559
-0.000122056
-0.000141767
-0.000162867
-0.000168748
-0.000164243
-0.000157759
-0.000149518
-0.000132728
-0.000113799
-9.78492e-05
-8.44152e-05
-9.66801e-05
-0.000113574
-0.000134054
-0.000139283
-0.000134525
-0.000115925
-0.00010316
-0.000103832
-0.00011906
-0.000121386
-0.000120411
-0.000119984
-0.000120187
-0.00011148
-0.00010266
-9.69774e-05
-7.47372e-05
-4.6404e-05
-3.78575e-05
-2.80725e-05
-1.72042e-05
-3.86054e-07
-3.09602e-05
-4.72506e-05
-6.01556e-05
-7.19139e-05
-8.2655e-05
-0.000107535
-0.000115972
-0.000125797
-0.000152872
-0.00017194
-0.000175845
-0.000169563
-0.000159205
-0.000142558
-0.000127321
-0.000123563
-0.000125802
-0.000124393
-0.000120518
-0.000116242
-0.000108677
-9.76105e-05
-9.44859e-05
-9.43801e-05
-0.00010323
-0.000117815
-0.000123056
-0.0001168
-0.000111376
-0.000120298
-0.000119315
-0.000108105
-0.000100679
-9.53561e-05
-6.89177e-05
-5.59923e-05
-3.80983e-05
-3.31131e-05
-2.10798e-05
-2.70503e-06
-3.0719e-05
-4.32293e-05
-5.77698e-05
-7.55463e-05
-9.11639e-05
-0.000103586
-0.00011339
-0.000133358
-0.000169741
-0.000173604
-0.000171375
-0.000170575
-0.000161817
-0.000153274
-0.000148073
-0.000146914
-0.000137813
-0.000124429
-0.000109606
-0.000107338
-9.89999e-05
-8.63394e-05
-8.37122e-05
-9.04173e-05
-0.000107099
-0.00012532
-0.000131895
-0.000133623
-0.000142734
-0.000145474
-0.000130735
-0.000108805
-0.000101865
-9.40837e-05
-7.46777e-05
-5.4715e-05
-4.65313e-05
-3.64991e-05
-1.88008e-05
-2.94035e-06
-2.93723e-05
-4.24122e-05
-5.76265e-05
-7.81131e-05
-9.22657e-05
-8.98705e-05
-0.000109558
-0.000141594
-0.000176317
-0.000201797
-0.000187158
-0.000180731
-0.000172234
-0.000161537
-0.00015602
-0.00015524
-0.000148661
-0.0001352
-0.000119727
-0.000114365
-9.70587e-05
-6.97798e-05
-5.46636e-05
-6.68219e-05
-9.37949e-05
-0.000123033
-0.000154996
-0.000178852
-0.000190148
-0.000167553
-0.000141767
-0.00011466
-0.000103798
-9.44988e-05
-7.78156e-05
-6.63834e-05
-6.20368e-05
-4.22976e-05
-1.29414e-05
-1.78819e-05
-3.46785e-05
-4.44683e-05
-6.06856e-05
-7.83546e-05
-8.26323e-05
-9.19135e-05
-0.000113747
-0.000145399
-0.00018444
-0.00020263
-0.000190321
-0.000177773
-0.000169459
-0.000163984
-0.000169481
-0.000176816
-0.000162777
-0.000134933
-0.000113299
-0.000108449
-8.35246e-05
-4.47589e-05
-4.49971e-05
-5.42001e-05
-7.60045e-05
-0.000106788
-0.000144668
-0.000187682
-0.000226525
-0.000222994
-0.000160711
-0.000114625
-0.000104948
-9.87675e-05
-8.34884e-05
-8.00857e-05
-7.63182e-05
-5.01278e-05
-2.71924e-05
-3.95061e-05
-5.20431e-05
-4.54322e-05
-5.03765e-05
-6.91697e-05
-8.08521e-05
-9.77767e-05
-0.000121621
-0.000146943
-0.000177191
-0.000203223
-0.000189159
-0.000173581
-0.000163549
-0.000165067
-0.000178624
-0.000192227
-0.000157821
-0.00011883
-0.000104087
-0.000114142
-8.38752e-05
-3.57322e-05
-3.16548e-05
-2.77798e-05
-4.3376e-05
-8.8014e-05
-0.000141623
-0.00018805
-0.000218413
-0.000206792
-0.000163155
-0.000141627
-0.000113078
-0.000104455
-8.36015e-05
-8.72032e-05
-8.35916e-05
-5.5291e-05
-4.25149e-05
-6.54461e-05
-5.78115e-05
-3.38855e-05
-3.80799e-05
-7.42169e-05
-8.99233e-05
-0.000104721
-0.000131815
-0.000149942
-0.000183167
-0.0002091
-0.000191306
-0.000172526
-0.00015919
-0.000162223
-0.00018001
-0.000177212
-0.000144704
-0.000104445
-0.000104411
-0.000118286
-7.84202e-05
-3.90175e-05
-3.54956e-05
-1.61869e-05
-2.51104e-05
-6.51708e-05
-0.000120705
-0.000155674
-0.000191001
-0.000195614
-0.000163768
-0.000140589
-0.000124356
-0.000104792
-8.45678e-05
-9.13892e-05
-9.21311e-05
-6.67769e-05
-6.82508e-05
-9.46061e-05
-7.17954e-05
-2.74146e-05
-3.14209e-05
-8.50543e-05
-0.000105349
-0.000118171
-0.000145248
-0.000164707
-0.000193933
-0.000213585
-0.000184069
-0.000170929
-0.000158103
-0.00015986
-0.000186269
-0.000162495
-0.000133724
-8.98968e-05
-0.000107383
-0.000131883
-8.93274e-05
-4.70665e-05
-2.82189e-05
-1.6904e-05
-4.32291e-05
-8.69908e-05
-0.000128036
-0.000140269
-0.000161011
-0.000175805
-0.000155568
-0.000131661
-0.000128973
-0.000108872
-9.05067e-05
-0.000102093
-0.000108297
-8.76892e-05
-0.00010278
-0.000128002
-7.41567e-05
-1.05298e-05
-3.33199e-05
-0.000102612
-0.000103521
-0.000136722
-0.00016198
-0.00019099
-0.00020245
-0.000218358
-0.000188894
-0.000168725
-0.000156823
-0.000160539
-0.000167668
-0.000150532
-0.000126794
-9.2803e-05
-0.000126814
-0.000139463
-9.92991e-05
-6.26148e-05
-3.3179e-05
-2.10675e-05
-4.07663e-05
-9.33966e-05
-0.000127961
-0.000125811
-0.00014069
-0.000160931
-0.000145834
-0.000116796
-0.000128922
-0.000109212
-9.56538e-05
-0.000116517
-0.000125298
-0.000113139
-0.000134844
-0.000143034
-5.15685e-05
2.89035e-05
-1.77553e-05
-8.35763e-05
-0.000107586
-0.000150071
-0.000167425
-0.0001945
-0.000206339
-0.000218059
-0.000191583
-0.00016443
-0.000154547
-0.000159336
-0.000152364
-0.000137934
-0.000117626
-9.49981e-05
-0.000133385
-0.000145983
-0.000107213
-6.60426e-05
-2.58311e-05
-4.84615e-07
-3.82512e-05
-0.000101087
-0.000126796
-0.000110242
-0.000117859
-0.000135074
-0.000127051
-0.000100087
-0.000124431
-0.000106372
-0.000102072
-0.00013271
-0.000143808
-0.000133322
-0.000148031
-0.000125533
-2.93347e-06
6.97095e-05
-6.29423e-07
-8.12712e-05
-0.00011958
-0.00016047
-0.000166474
-0.000171751
-0.000204202
-0.000206786
-0.000191837
-0.000161589
-0.000151926
-0.000152224
-0.000139894
-0.000128603
-0.000114363
-9.56246e-05
-0.000133982
-0.000136452
-9.35593e-05
-5.25422e-05
-8.7557e-06
2.11585e-05
-8.43732e-06
-9.4763e-05
-0.000114256
-9.72687e-05
-0.000105947
-0.000122824
-0.000116973
-8.51269e-05
-0.000111802
-9.90541e-05
-0.000112173
-0.000154241
-0.000169875
-0.000152135
-0.000131917
-7.571e-05
3.60368e-05
8.13216e-05
-3.07019e-06
-8.87596e-05
-0.00013149
-0.000168822
-0.000173308
-0.000167457
-0.000204231
-0.000211295
-0.000191656
-0.00016148
-0.000151305
-0.000147049
-0.000132222
-0.000123236
-0.000109975
-9.52391e-05
-0.000126741
-0.000116734
-7.73796e-05
-4.17351e-05
5.61161e-06
4.38621e-05
-4.63681e-07
-8.92202e-05
-0.000110149
-9.67647e-05
-0.000103711
-0.000115644
-0.000107113
-7.08225e-05
-9.82002e-05
-9.85515e-05
-0.00013459
-0.000180541
-0.000177763
-0.000141974
-0.000108687
-4.64431e-05
5.53188e-05
8.19664e-05
-1.23947e-05
-0.000101388
-0.000144063
-0.000174103
-0.000168404
-0.000166179
-0.000208768
-0.000219882
-0.00019248
-0.000161204
-0.000147861
-0.00013916
-0.000123359
-0.000117668
-0.000109146
-0.000102161
-0.000118956
-0.00010349
-7.1077e-05
-3.92787e-05
2.34507e-05
6.91366e-05
6.46048e-06
-8.69094e-05
-0.000110356
-0.000101338
-0.000106381
-0.000110049
-9.47432e-05
-6.37969e-05
-9.38002e-05
-0.000114722
-0.000162731
-0.000201331
-0.000177109
-0.000130092
-8.93654e-05
-2.08157e-05
6.73003e-05
6.61965e-05
-3.10559e-05
-0.000120005
-0.000157787
-0.000177217
-0.000163242
-0.000163996
-0.000203572
-0.000214802
-0.000186688
-0.000157849
-0.0001391
-0.000125727
-0.00011314
-0.000111048
-0.000109282
-0.000107837
-0.000115446
-0.000100564
-7.56876e-05
-3.24427e-05
5.38813e-05
9.35465e-05
1.12682e-05
-8.13325e-05
-0.000106345
-0.00010314
-0.00010634
-0.000102608
-8.15912e-05
-6.65548e-05
-9.82667e-05
-0.000136755
-0.000181313
-0.000205684
-0.000168115
-0.00011358
-6.91337e-05
-8.82765e-06
5.92792e-05
4.33433e-05
-4.86116e-05
-0.00013486
-0.000168345
-0.000179411
-0.000159045
-0.000159075
-0.000189647
-0.000202327
-0.000179963
-0.000152453
-0.000126421
-0.000111842
-0.000103087
-0.000106123
-0.000109887
-0.000114071
-0.00011979
-0.000105159
-7.72717e-05
-1.25786e-05
8.39274e-05
0.000109521
1.95095e-05
-7.24615e-05
-0.000100942
-0.000101465
-0.000104886
-9.5818e-05
-7.13702e-05
-7.44447e-05
-0.000108096
-0.000146534
-0.000188489
-0.000194295
-0.000150424
-0.000102616
-5.8526e-05
-7.15239e-06
4.24133e-05
2.39472e-05
-5.84924e-05
-0.000137704
-0.000174048
-0.000180682
-0.000158869
-0.000157718
-0.000189058
-0.000203557
-0.000177689
-0.000145048
-0.000113169
-9.86521e-05
-9.47234e-05
-0.000104943
-0.00011411
-0.000122911
-0.0001259
-0.000107475
-6.7282e-05
6.9516e-06
9.62844e-05
0.000114055
2.20914e-05
-6.64581e-05
-9.72995e-05
-0.000101631
-0.000104482
-9.34575e-05
-7.5225e-05
-8.4027e-05
-0.000115367
-0.000145528
-0.000177495
-0.000183097
-0.000143624
-9.86809e-05
-5.46412e-05
-9.05834e-06
3.02896e-05
9.43085e-06
-6.50503e-05
-0.000137861
-0.000175954
-0.000180754
-0.000158052
-0.000160516
-0.000193653
-0.000205808
-0.000174407
-0.000133399
-0.000100311
-8.84e-05
-8.98151e-05
-0.000104876
-0.00012036
-0.000130814
-0.000128421
-0.000104716
-5.8026e-05
1.35488e-05
9.51704e-05
0.000110705
2.15927e-05
-6.3673e-05
-9.59091e-05
-0.000103181
-0.000105925
-9.56941e-05
-7.93043e-05
-8.83148e-05
-0.000114306
-0.000137171
-0.000167841
-0.000178743
-0.00014433
-9.71749e-05
-5.17731e-05
-1.07952e-05
1.98883e-05
-2.47153e-06
-6.89433e-05
-0.000137007
-0.000176424
-0.000179294
-0.000157721
-0.000161966
-0.000193796
-0.000202442
-0.000166478
-0.000121411
-8.82795e-05
-8.0723e-05
-8.88627e-05
-0.00010962
-0.000125309
-0.000134979
-0.000128664
-0.000100532
-5.54485e-05
1.45686e-05
9.33434e-05
0.000106675
2.03795e-05
-6.32163e-05
-9.62317e-05
-0.000105307
-0.000107742
-9.69163e-05
-8.03289e-05
-8.66915e-05
-0.000111201
-0.000132175
-0.000164548
-0.000175062
-0.000144314
-9.64943e-05
-5.09778e-05
-1.17421e-05
1.35925e-05
-9.46015e-06
-6.98515e-05
-0.000134462
-0.000175022
-0.000177595
-0.00015596
-0.000159733
-0.000189583
-0.000194295
-0.000156555
-0.000110992
-8.15029e-05
-8.05785e-05
-9.07288e-05
-0.000110893
-0.000127087
-0.000135997
-0.000127944
-9.9495e-05
-5.41784e-05
1.5122e-05
9.21455e-05
0.000103081
1.9349e-05
-6.31694e-05
-9.60952e-05
-0.00010637
-0.000107805
-9.6091e-05
-7.96165e-05
-8.57327e-05
-0.000109786
-0.000130845
-0.000163052
-0.000173766
-0.000144049
-9.48881e-05
-4.91914e-05
-1.1933e-05
8.79743e-06
-1.25205e-05
-6.91947e-05
-0.000132363
-0.00017327
-0.00017507
-0.000153218
-0.000156773
-0.000185104
-0.000188067
-0.000150915
-0.000109742
-8.29192e-05
-8.18973e-05
-9.14718e-05
-0.000110678
-0.000127093
-0.000136085
-0.000127962
-9.89191e-05
-5.27259e-05
1.63858e-05
9.18725e-05
0.000100912
1.85097e-05
-6.29364e-05
-9.53384e-05
-0.000105886
-0.000107134
-9.53185e-05
-7.95778e-05
-8.6507e-05
-0.000110518
-0.000131342
-0.000162533
-0.000172637
-0.000142949
-9.3643e-05
-4.78242e-05
-1.20896e-05
5.90963e-06
-1.46715e-05
-6.91442e-05
-0.000130684
-0.000171059
-0.000173269
-0.000151319
-0.000154755
-0.000182532
-0.00018608
-0.000151002
-0.000110503
-8.38786e-05
-8.24847e-05
-9.17762e-05
-0.000110398
-0.000126778
-0.000135924
-0.000127735
-9.83889e-05
-5.12606e-05
1.76042e-05
9.1964e-05
9.98361e-05
1.81239e-05
-6.22199e-05
-9.4463e-05
-0.000105373
-0.00010674
-9.51598e-05
-7.99217e-05
-8.77134e-05
-0.000111286
-0.000131729
-0.000162403
-0.000171992
-0.000142331
-9.29284e-05
-4.71387e-05
-1.22943e-05
4.03729e-06
-1.62588e-05
-6.94109e-05
-0.000129832
-0.000169411
-0.000125013
-0.000135254
-0.000120551
-0.000132912
-0.000147451
-0.000153061
-0.000152135
-0.000145094
-0.000134146
-0.000120919
-0.000114274
-0.000108309
-0.000103984
-9.80117e-05
-9.37902e-05
-9.1567e-05
-9.20979e-05
-9.43124e-05
-0.000100033
-0.000105243
-0.000111458
-0.000120177
-0.000127872
-0.000137093
-0.000136617
-0.000124238
-0.0001084
-9.68827e-05
-8.73929e-05
-7.24494e-05
-5.71952e-05
-4.74863e-05
-4.63943e-05
-4.43583e-05
-3.75777e-05
-2.0155e-05
-2.59781e-05
-5.24927e-05
-8.67001e-05
-0.000114364
-9.30643e-05
-8.18204e-05
-0.000108522
-0.000133518
-0.000153949
-0.000157574
-0.00014851
-0.000140211
-0.000133064
-0.000119081
-0.000111834
-0.000109608
-0.000103843
-8.77676e-05
-7.76436e-05
-7.73536e-05
-8.5163e-05
-9.41437e-05
-0.000101652
-0.000107338
-0.000115928
-0.000130753
-0.00013866
-0.000138518
-0.000130598
-0.000120798
-0.000114616
-0.000107242
-9.21594e-05
-7.21151e-05
-5.62365e-05
-4.70643e-05
-3.14797e-05
-1.83829e-05
-4.00923e-06
-1.90786e-05
-4.01816e-05
-5.81626e-05
-7.40476e-05
-8.84494e-05
-9.36566e-05
-0.000100236
-0.000118559
-0.000145683
-0.00016987
-0.000171397
-0.000154115
-0.000139304
-0.000131252
-0.000122265
-0.000123345
-0.000120978
-0.000123636
-8.51806e-05
-7.47926e-05
-7.72711e-05
-8.69995e-05
-9.83565e-05
-0.000105088
-0.000111125
-0.000124712
-0.000146357
-0.000153241
-0.000144428
-0.000128681
-0.000119031
-0.00011171
-0.000104438
-9.02632e-05
-8.03151e-05
-6.49167e-05
-4.27832e-05
-2.69209e-05
-1.98699e-05
-2.34199e-05
-2.99901e-05
-4.82938e-05
-5.2861e-05
-6.21156e-05
-7.95726e-05
-0.000108783
-0.000112764
-0.000124887
-0.000148621
-0.000169121
-0.000169396
-0.000152752
-0.000139553
-0.000132651
-0.000130778
-0.0001297
-0.00011508
-6.06588e-05
-5.26704e-05
-6.25965e-05
-8.35489e-05
-0.000128502
-0.000143493
-0.000136784
-0.000126916
-0.000131236
-0.00015252
-0.000164275
-0.000144581
-0.000120744
-0.000110289
-0.00010529
-9.9948e-05
-9.45983e-05
-8.48152e-05
-5.24578e-05
-1.7991e-05
-7.86325e-06
-1.18612e-05
-3.75423e-05
-4.92821e-05
-5.46928e-05
-5.96029e-05
-7.79541e-05
-9.97601e-05
-0.000101648
-0.000108358
-0.000118258
-0.000141624
-0.000163776
-0.000172403
-0.000164105
-0.000154772
-0.000148222
-0.000139793
-0.00012752
-0.000108497
-6.145e-05
-0.00010626
-0.000126798
-0.000160948
-0.0001636
-0.000146565
-0.000123266
-0.000106592
-0.000121694
-0.000160208
-0.000163695
-0.000146288
-0.00013322
-0.000120124
-0.000104679
-9.61384e-05
-8.47686e-05
-6.07521e-05
-1.73488e-05
-3.40317e-06
-1.1183e-05
-3.99656e-05
-8.6264e-05
-6.97924e-05
-6.10531e-05
-6.40905e-05
-8.17095e-05
-9.51793e-05
-0.000107603
-0.000112425
-0.000113783
-0.000146246
-0.000172818
-0.000183227
-0.000183101
-0.000167493
-0.000148265
-0.00013885
-0.000142273
-0.000141717
-0.000120414
-0.000115953
-0.000123568
-0.000129513
-0.000120544
-0.000112734
-0.000105444
-0.00010761
-0.00010176
-0.000142025
-0.00014831
-0.000145779
-0.000148977
-0.000125293
-0.000103886
-9.97584e-05
-8.91237e-05
-6.23852e-05
-1.15719e-05
-1.1825e-05
-1.69167e-05
-3.75433e-05
-8.02036e-05
-5.85003e-05
-5.83899e-05
-7.06143e-05
-9.24396e-05
-0.000102781
-0.000107593
-0.000111123
-0.000126145
-0.000139479
-0.000168445
-0.000177345
-0.000192966
-0.000175422
-0.000167919
-0.000166795
-0.000165795
-0.000147857
-0.000116974
-0.000105169
-0.00011793
-0.000118192
-0.000111719
-0.000103883
-9.59441e-05
-9.55383e-05
-0.000115526
-0.00013193
-0.000154871
-0.000165351
-0.000160272
-0.000133802
-0.00011837
-0.000122809
-0.000110011
-6.39948e-05
-1.96805e-05
-1.4396e-05
-2.71232e-05
-4.40956e-05
-7.35993e-05
-5.73087e-05
-5.73832e-05
-7.13232e-05
-0.000101062
-0.000108425
-0.000105573
-0.000116778
-0.000137082
-0.000154061
-0.000177417
-0.000186076
-0.000206958
-0.000197046
-0.000184508
-0.000167254
-0.000151192
-0.000141865
-0.000132161
-0.000120531
-0.000126034
-0.000104314
-8.25329e-05
-7.62169e-05
-7.39375e-05
-7.37218e-05
-0.00011446
-0.00016095
-0.000193337
-0.000203397
-0.000183197
-0.000151888
-0.000139679
-0.000142725
-0.00012124
-7.28285e-05
-4.07114e-05
-3.80472e-05
-3.94754e-05
-5.19978e-05
-5.83464e-05
-6.09792e-05
-5.95429e-05
-7.39704e-05
-0.000114583
-0.000102587
-0.000101965
-0.000123536
-0.000145159
-0.000167838
-0.000189989
-0.000198673
-0.000203107
-0.000200236
-0.000182083
-0.000164593
-0.000145221
-0.000137622
-0.000129036
-0.000124984
-0.000113384
-7.15233e-05
-5.53634e-05
-4.47586e-05
-6.08865e-05
-5.43508e-05
-0.000103664
-0.000167225
-0.000217969
-0.000243291
-0.000222352
-0.000179467
-0.000161276
-0.000162449
-0.000131782
-8.22687e-05
-5.54611e-05
-5.49417e-05
-4.86838e-05
-5.02888e-05
-7.03422e-05
-7.95586e-05
-7.07557e-05
-7.97805e-05
-9.38885e-05
-8.8696e-05
-9.35242e-05
-0.000129719
-0.000153044
-0.000166799
-0.000188425
-0.000199901
-0.000202101
-0.000200389
-0.00018654
-0.000162905
-0.000124769
-0.000119241
-0.000114937
-0.000129686
-0.000115912
-6.44796e-05
-6.14407e-05
-9.75649e-05
-1.82109e-05
9.126e-06
-7.96134e-05
-0.000198123
-0.000273939
-0.000280568
-0.000234327
-0.000198146
-0.000195692
-0.000198324
-0.000141104
-8.26943e-05
-6.19695e-05
-6.50114e-05
-5.44441e-05
-6.10362e-05
-9.41415e-05
-0.000103564
-7.01512e-05
-7.12158e-05
-7.85549e-05
-6.31249e-05
-8.46816e-05
-0.000135658
-0.000160869
-0.000177308
-0.000196423
-0.000212506
-0.000205163
-0.000192293
-0.000175607
-0.000148284
-0.000116859
-0.00010336
-0.000102185
-0.000127945
-0.000125349
-8.44114e-05
-7.96797e-05
-5.39685e-05
4.839e-05
9.50224e-05
-2.68872e-05
-0.000172956
-0.000267978
-0.000285734
-0.000241898
-0.000206544
-0.000197585
-0.000183574
-0.000136822
-7.47657e-05
-6.18018e-05
-7.44677e-05
-6.9684e-05
-8.68579e-05
-0.000123419
-0.000116085
-7.02484e-05
-6.2455e-05
-4.0404e-05
-2.68764e-05
-8.65552e-05
-0.000150333
-0.000176164
-0.000196193
-0.000205214
-0.000213077
-0.000197334
-0.000181553
-0.000168083
-0.000126066
-9.54179e-05
-8.24486e-05
-0.000112516
-0.000158948
-0.000159585
-0.000109013
-6.1163e-05
-3.73413e-06
9.16002e-05
0.000112893
-1.41736e-05
-0.000150025
-0.000232211
-0.000252104
-0.000216181
-0.000187938
-0.000182919
-0.000176244
-0.000129696
-7.18939e-05
-7.13945e-05
-8.88514e-05
-9.34066e-05
-0.000127703
-0.000162095
-0.000125243
-7.05691e-05
-5.97077e-05
-1.8449e-05
-3.16011e-05
-0.000111586
-0.000162818
-0.000193965
-0.00020883
-0.000215949
-0.000214657
-0.000191986
-0.000177119
-0.000156502
-0.00010525
-7.99302e-05
-8.15207e-05
-0.000130983
-0.00018596
-0.000170077
-0.000113599
-4.98032e-05
1.86559e-05
0.000136354
0.000113336
-3.48641e-05
-0.000158046
-0.000215798
-0.000228332
-0.000205219
-0.000178985
-0.000178158
-0.000177416
-0.000131246
-7.59536e-05
-7.99559e-05
-9.9723e-05
-0.000110141
-0.000146971
-0.000160239
-0.000114966
-7.79722e-05
-6.81587e-05
-5.05413e-05
-6.64962e-05
-0.00013418
-0.000168695
-0.000192741
-0.000211218
-0.000229413
-0.000214429
-0.000184029
-0.000168588
-0.000146219
-9.87033e-05
-7.90189e-05
-8.05606e-05
-0.000144659
-0.000195756
-0.000170429
-9.64298e-05
-3.42314e-05
4.26023e-05
0.000133982
9.80398e-05
-5.12693e-05
-0.000155253
-0.00019216
-0.000200331
-0.000192926
-0.000176576
-0.000195248
-0.000185343
-0.000130137
-7.6962e-05
-8.59363e-05
-0.000109578
-0.000119743
-0.00014292
-0.000121641
-7.31411e-05
-7.14367e-05
-8.4903e-05
-8.03637e-05
-9.83335e-05
-0.000153537
-0.000169465
-0.000175469
-0.000209091
-0.000241082
-0.000208154
-0.000177622
-0.000168924
-0.000149543
-0.000105991
-7.71371e-05
-8.41301e-05
-0.000163664
-0.00019875
-0.000146824
-7.10916e-05
-2.47123e-05
6.16908e-05
0.000155182
0.000104847
-5.02764e-05
-0.000145781
-0.000171603
-0.00017758
-0.000176533
-0.00017219
-0.000198628
-0.000184473
-0.000127373
-7.95618e-05
-9.35006e-05
-0.000119796
-0.000108104
-0.000107898
-7.18864e-05
-4.69772e-05
-7.41525e-05
-9.92458e-05
-0.000103607
-0.000123747
-0.000169396
-0.000169694
-0.000174495
-0.000212366
-0.000244702
-0.000207749
-0.000181359
-0.000173137
-0.000156389
-0.000112963
-7.78135e-05
-9.59587e-05
-0.000171385
-0.000176777
-0.000123457
-5.49609e-05
-1.24547e-05
9.00455e-05
0.000176101
0.00010074
-5.84366e-05
-0.000141055
-0.000151327
-0.000153354
-0.000152805
-0.000156384
-0.000189517
-0.000176258
-0.000125873
-8.73167e-05
-0.000103524
-0.000119189
-8.62817e-05
-7.07996e-05
-3.88732e-05
-3.22668e-05
-7.62334e-05
-0.00011058
-0.000122329
-0.000146754
-0.000177054
-0.000168045
-0.000177984
-0.000227858
-0.000258727
-0.000215598
-0.000186608
-0.000178134
-0.000159042
-0.000110496
-7.78064e-05
-0.000101703
-0.000156703
-0.000151978
-9.99824e-05
-4.33421e-05
7.24308e-06
0.00011724
0.000185886
8.84364e-05
-6.58813e-05
-0.000134383
-0.000135257
-0.000134833
-0.00013066
-0.000139843
-0.000177922
-0.000167221
-0.000127829
-9.80181e-05
-0.000109716
-0.000103087
-6.19351e-05
-4.20287e-05
-2.08144e-05
-2.60614e-05
-7.8799e-05
-0.000107019
-0.000126744
-0.000158057
-0.000176984
-0.000164966
-0.000186158
-0.000250289
-0.000265765
-0.000219992
-0.000192146
-0.000180897
-0.00015256
-0.000100906
-7.95211e-05
-0.000100546
-0.000134596
-0.000129112
-8.46154e-05
-4.23154e-05
3.4228e-05
0.000139596
0.000184
7.34671e-05
-6.73939e-05
-0.000123334
-0.000124482
-0.000120055
-0.000113072
-0.000130824
-0.000166969
-0.000162469
-0.000133094
-0.000105883
-0.000103789
-8.16027e-05
-4.30711e-05
-2.67956e-05
-1.26002e-05
-1.88541e-05
-7.3519e-05
-9.2817e-05
-0.000118728
-0.000158887
-0.000169976
-0.000162747
-0.000191392
-0.000252149
-0.000260754
-0.000219104
-0.000193828
-0.000174864
-0.000139538
-9.29894e-05
-7.9214e-05
-9.88471e-05
-0.000126264
-0.000118873
-8.62418e-05
-4.12596e-05
5.15646e-05
0.000152335
0.00017161
5.8997e-05
-6.42315e-05
-0.000111917
-0.000119556
-0.000111672
-0.000103504
-0.000128665
-0.000161464
-0.000161498
-0.000137437
-0.000104777
-9.65658e-05
-6.96152e-05
-3.33646e-05
-1.84228e-05
-5.77954e-06
-2.15568e-05
-6.59391e-05
-7.75403e-05
-0.000107041
-0.00015289
-0.000166532
-0.000161895
-0.000190634
-0.000243374
-0.000253763
-0.000216792
-0.000188242
-0.000161163
-0.000126924
-8.92541e-05
-7.97717e-05
-0.000100745
-0.000128052
-0.000118325
-8.43387e-05
-2.10083e-05
6.53726e-05
0.000152261
0.000156411
4.95126e-05
-6.07052e-05
-0.000107309
-0.000118801
-0.000108843
-0.000102645
-0.000130686
-0.0001616
-0.000161417
-0.000137114
-0.000103189
-9.09722e-05
-6.38393e-05
-3.00066e-05
-1.2357e-05
-3.7014e-06
-2.45427e-05
-6.0306e-05
-6.71306e-05
-9.80325e-05
-0.000146803
-0.000162564
-0.000160267
-0.000186869
-0.000238351
-0.000251807
-0.000210359
-0.000179657
-0.000151614
-0.000121425
-8.92244e-05
-8.27156e-05
-0.000105519
-0.000130695
-0.00011673
-7.66923e-05
-1.59042e-05
7.01752e-05
0.000146849
0.000144027
4.32446e-05
-5.81139e-05
-0.000106384
-0.000119934
-0.000110971
-0.000107743
-0.000135182
-0.000162888
-0.000159236
-0.000133428
-0.000101242
-9.03198e-05
-6.18922e-05
-2.68037e-05
-8.05445e-06
-4.35301e-06
-2.70494e-05
-5.57279e-05
-6.01662e-05
-9.20816e-05
-0.000141994
-0.000157676
-0.000157447
-0.000183282
-0.00023231
-0.000244868
-0.000204802
-0.000175301
-0.000149998
-0.000121685
-9.10168e-05
-8.57039e-05
-0.000108954
-0.000129904
-0.000114313
-7.32612e-05
-1.16904e-05
7.27125e-05
0.000142651
0.000135405
3.83649e-05
-5.77481e-05
-0.000106784
-0.000122164
-0.000115085
-0.000113166
-0.000138697
-0.000162794
-0.000155281
-0.000130587
-0.000101334
-9.1219e-05
-6.02084e-05
-2.43425e-05
-6.23264e-06
-5.92742e-06
-2.80963e-05
-5.25889e-05
-5.63479e-05
-8.81712e-05
-0.000137117
-0.000153738
-0.000155383
-0.00018047
-0.000227999
-0.000239999
-0.000205208
-0.000174924
-0.000149159
-0.000121485
-9.20541e-05
-8.74753e-05
-0.000109471
-0.000129133
-0.000113835
-7.17107e-05
-8.44598e-06
7.49988e-05
0.000139989
0.00012944
3.50335e-05
-5.74658e-05
-0.000107213
-0.000123598
-0.000118315
-0.000117079
-0.000140572
-0.000161195
-0.000152685
-0.00012932
-0.000101935
-9.09304e-05
-5.92291e-05
-2.33237e-05
-5.69607e-06
-7.29156e-06
-2.87369e-05
-5.13156e-05
-5.47858e-05
-8.57469e-05
-0.000133042
-0.000151428
-0.000154383
-0.00017961
-0.000227129
-0.000238969
-0.000205062
-0.00017421
-0.000148397
-0.000121439
-9.26792e-05
-8.85452e-05
-0.000110468
-0.000129138
-0.000114064
-7.05695e-05
-6.04989e-06
7.67594e-05
0.000138682
0.000126044
3.33513e-05
-5.74284e-05
-0.000107235
-0.000124555
-0.000120035
-0.000119271
-0.000141343
-0.000160589
-0.000151762
-0.000128647
-0.000102357
-9.09587e-05
-5.8994e-05
-2.30379e-05
-5.63026e-06
-8.44138e-06
-2.95366e-05
-5.16611e-05
-5.48156e-05
-8.48601e-05
-0.000130785
-0.000150654
-0.000154774
-0.0001805
-0.000227282
-0.000238697
-0.000205073
-0.000174153
-0.000148229
-0.000121375
-9.28967e-05
-8.90651e-05
-0.000111153
-0.000129432
-0.000114398
-6.96492e-05
-4.61007e-06
7.80732e-05
0.00013856
0.000124772
3.26703e-05
-5.75824e-05
-0.000107235
-0.000124725
-0.00012064
-0.000120159
-0.000142036
-0.000160936
-0.000151774
-0.000128519
-0.000102644
-9.13201e-05
-5.91283e-05
-2.30356e-05
-5.71939e-06
-9.42923e-06
-3.03486e-05
-5.27238e-05
-5.55182e-05
-8.49352e-05
-0.000130064
-0.00011234
-0.00012533
-0.000128228
-0.000137715
-0.000148082
-0.000141206
-0.000141899
-0.00014298
-0.000141198
-0.000130083
-0.000118333
-0.000110795
-0.000102544
-9.48191e-05
-9.42811e-05
-9.16699e-05
-8.92796e-05
-8.76225e-05
-9.17804e-05
-0.000101432
-0.000111804
-0.000121791
-0.000128924
-0.000136628
-0.000132095
-0.000116624
-0.000101601
-9.30251e-05
-8.95944e-05
-7.68908e-05
-6.49958e-05
-6.37022e-05
-6.43148e-05
-5.20143e-05
-2.49956e-05
-1.64232e-05
-2.79965e-05
-4.79141e-05
-7.11971e-05
-9.56305e-05
-8.95942e-05
-9.62589e-05
-0.000121461
-0.000147309
-0.000166161
-0.000162807
-0.000152337
-0.000151043
-0.000149285
-0.000131567
-0.00011621
-0.000107517
-9.78295e-05
-8.64651e-05
-7.76293e-05
-7.53364e-05
-7.8297e-05
-8.31333e-05
-9.10809e-05
-0.000105851
-0.000113881
-0.000129247
-0.00013007
-0.000129014
-0.000121269
-0.000113859
-0.000115366
-0.000111512
-9.58331e-05
-7.19648e-05
-5.6611e-05
-4.84042e-05
-3.93921e-05
-2.54892e-05
-2.53985e-05
-3.75631e-05
-5.56474e-05
-5.9205e-05
-6.38091e-05
-7.79468e-05
-0.000112848
-0.000128518
-0.000137288
-0.00016216
-0.000184434
-0.000178665
-0.000154533
-0.000137404
-0.000138417
-0.000131535
-0.000128453
-0.000118506
-0.000107588
-9.33612e-05
-8.00748e-05
-7.30439e-05
-7.1388e-05
-7.91847e-05
-9.17538e-05
-0.000111128
-0.000140048
-0.000166575
-0.000154628
-0.000144832
-0.000129901
-0.000124609
-0.000119537
-0.000104062
-8.30162e-05
-6.73549e-05
-6.16017e-05
-5.25163e-05
-4.03634e-05
-3.36235e-05
-3.03304e-05
-3.69137e-05
-4.94843e-05
-5.27006e-05
-6.56554e-05
-9.00271e-05
-0.000119173
-0.000124331
-0.000133678
-0.000159928
-0.000183968
-0.000178242
-0.000148346
-0.000134705
-0.000140259
-0.000147392
-0.000143927
-0.00012872
-9.85331e-05
-9.95059e-05
-9.15176e-05
-0.000106464
-0.000123213
-0.000128112
-0.00012417
-0.00012195
-0.000133207
-0.000139617
-0.00016394
-0.000146467
-0.0001258
-0.000121587
-0.000116852
-0.000104645
-8.95388e-05
-7.83612e-05
-7.59558e-05
-5.16829e-05
-2.96509e-05
-2.38007e-05
-4.89314e-05
-7.62584e-05
-7.56104e-05
-6.91976e-05
-8.0072e-05
-0.000104204
-0.000111051
-0.000122563
-0.000133228
-0.000146117
-0.000171532
-0.000190945
-0.000174199
-0.000163163
-0.00016321
-0.000162854
-0.000156247
-0.000148288
-0.000166716
-0.000151942
-0.000151089
-0.000156011
-0.000143414
-0.000130628
-0.000118529
-0.000126999
-0.00015691
-0.000198794
-0.000217339
-0.000189574
-0.000149332
-0.000124651
-0.000112116
-0.000102405
-8.63437e-05
-6.75897e-05
-5.50286e-05
-3.53115e-05
-2.77653e-05
-4.07745e-05
-7.19992e-05
-8.35554e-05
-7.13327e-05
-6.974e-05
-8.48747e-05
-9.98921e-05
-0.000106918
-0.000123316
-0.000155415
-0.000163572
-0.000183209
-0.000202206
-0.000196522
-0.00019499
-0.000187279
-0.000182476
-0.000175845
-0.00015885
-0.000140795
-0.00013051
-0.000143715
-0.000138312
-0.000109154
-9.87628e-05
-0.000102944
-0.000125106
-0.000181695
-0.000213906
-0.000240353
-0.000236866
-0.000187321
-0.000140394
-0.000106628
-9.05899e-05
-7.99403e-05
-7.21936e-05
-6.19285e-05
-5.0414e-05
-3.24516e-05
-2.96349e-05
-2.96536e-05
-5.61622e-05
-5.94875e-05
-7.08762e-05
-9.20694e-05
-9.78967e-05
-9.17453e-05
-0.000111701
-0.000139068
-0.000160083
-0.000177854
-0.000193948
-0.000190791
-0.000203966
-0.000199867
-0.000192879
-0.00017497
-0.000139694
-0.000114812
-0.000126833
-0.000145912
-0.000122385
-8.16547e-05
-8.09751e-05
-9.63837e-05
-0.000125146
-0.000176309
-0.000226625
-0.000250786
-0.000239594
-0.000195357
-0.000146634
-0.00011543
-0.000106876
-9.3583e-05
-7.37429e-05
-5.49004e-05
-3.92861e-05
-2.7005e-05
-2.92771e-05
-4.93021e-05
-5.94878e-05
-5.98451e-05
-6.57328e-05
-8.07011e-05
-9.0626e-05
-8.75031e-05
-0.000119334
-0.000149662
-0.000174011
-0.000179525
-0.000192121
-0.000199129
-0.000218379
-0.000198405
-0.000161476
-0.000134364
-0.000121538
-0.000132767
-0.000148216
-0.000159749
-9.89891e-05
-5.20239e-05
-5.93782e-05
-8.66842e-05
-0.000123245
-0.000176771
-0.000225825
-0.000249398
-0.000237988
-0.000206127
-0.000170601
-0.000145402
-0.000132945
-0.000100513
-6.62978e-05
-5.15241e-05
-5.06611e-05
-4.22592e-05
-2.9343e-05
-4.6263e-05
-5.97746e-05
-5.67199e-05
-5.90581e-05
-5.48186e-05
-7.70499e-05
-8.82154e-05
-0.000136301
-0.000167092
-0.000184161
-0.000184087
-0.00018418
-0.000196926
-0.000212248
-0.000192582
-0.00015803
-0.000134416
-0.000130566
-0.000132571
-0.000146319
-0.000130545
-7.4932e-05
-3.541e-05
-5.20692e-05
-7.70862e-05
-0.000111447
-0.000163758
-0.000228062
-0.000267437
-0.000264947
-0.00023497
-0.000203468
-0.00017289
-0.000144769
-9.5007e-05
-5.70473e-05
-4.94638e-05
-5.67054e-05
-4.6794e-05
-4.19392e-05
-6.41084e-05
-7.94666e-05
-6.25998e-05
-4.95e-05
-4.53814e-05
-5.65378e-05
-0.000102384
-0.000166232
-0.000196166
-0.000195661
-0.000183208
-0.000177321
-0.000188487
-0.000208914
-0.000197479
-0.000160574
-0.000125768
-0.000119671
-0.000122266
-0.000125838
-0.000104452
-6.25944e-05
-2.44956e-05
-3.28245e-05
-4.20051e-05
-8.09535e-05
-0.000150063
-0.000247959
-0.000299203
-0.000285584
-0.000265569
-0.000239279
-0.000196084
-0.000146203
-8.79346e-05
-5.43402e-05
-5.67666e-05
-8.73784e-05
-6.24516e-05
-5.01343e-05
-8.92297e-05
-0.000106098
-6.34106e-05
-3.9255e-05
-2.36578e-05
-4.11845e-05
-0.000113761
-0.000183318
-0.000222126
-0.000207605
-0.000183932
-0.00018193
-0.000186963
-0.000192898
-0.000187809
-0.000170756
-0.000137371
-0.000117377
-0.000116999
-0.000111754
-8.88786e-05
-1.33633e-05
2.79344e-06
2.6849e-06
-1.19095e-05
-5.70339e-05
-0.000117865
-0.000213877
-0.000282634
-0.00030384
-0.00027819
-0.000233729
-0.00018318
-0.000136834
-8.42891e-05
-5.52823e-05
-7.92349e-05
-0.000110597
-7.58641e-05
-6.36655e-05
-0.000109921
-0.000116091
-6.69253e-05
-4.78051e-05
-1.43982e-05
-3.75807e-05
-0.000122958
-0.000200382
-0.000256277
-0.000227854
-0.000187888
-0.00017921
-0.000179459
-0.000187472
-0.000197175
-0.000179266
-0.000147084
-0.000127164
-0.000124012
-0.000111015
-6.66634e-05
-3.66432e-06
2.22715e-05
3.35929e-05
1.27518e-05
-3.90296e-05
-0.000106625
-0.000197715
-0.000268699
-0.000300239
-0.000263705
-0.000218546
-0.00016613
-0.000131052
-9.41385e-05
-6.90335e-05
-0.000102166
-0.000119189
-6.59162e-05
-6.04268e-05
-0.000128765
-0.000137732
-9.94388e-05
-4.24964e-05
-2.38916e-05
-4.78559e-05
-0.000134822
-0.000222187
-0.000282327
-0.000241229
-0.000191362
-0.000177821
-0.000170164
-0.000175871
-0.000191201
-0.000183016
-0.000162039
-0.000125013
-0.000102887
-9.59259e-05
-5.99933e-05
7.91594e-06
5.31466e-05
5.27882e-05
2.3929e-05
-1.51889e-05
-9.1076e-05
-0.000188926
-0.000267917
-0.000303375
-0.000270798
-0.000210727
-0.000162707
-0.000134532
-0.000101827
-7.96489e-05
-0.000110491
-0.000101637
-4.57235e-05
-6.36039e-05
-0.000139274
-0.000163819
-0.000148168
-9.93555e-05
-6.57996e-05
-7.24649e-05
-0.000147077
-0.000229674
-0.000277401
-0.00024158
-0.000199548
-0.000157694
-0.000142446
-0.000164136
-0.000192339
-0.000184633
-0.000137499
-0.000109675
-0.000104875
-9.89159e-05
-4.9668e-05
2.64408e-05
8.02723e-05
5.61762e-05
2.02009e-05
-1.69296e-05
-8.97805e-05
-0.000175673
-0.000262736
-0.000302545
-0.000268533
-0.00020822
-0.000175255
-0.000145797
-0.000103924
-8.18502e-05
-9.85736e-05
-7.84705e-05
-3.7166e-05
-8.17494e-05
-0.000134924
-0.000177083
-0.000207553
-0.000159147
-8.74575e-05
-8.40185e-05
-0.000150266
-0.000221519
-0.000255699
-0.000233417
-0.000181496
-0.000127729
-0.000127913
-0.000167939
-0.000198393
-0.000175593
-0.000138715
-0.000100157
-0.000112147
-9.99278e-05
-6.70051e-05
1.25768e-05
6.73277e-05
3.79689e-05
1.59954e-05
-1.55432e-05
-9.03134e-05
-0.000181473
-0.000271486
-0.00029217
-0.000243489
-0.000199563
-0.000189989
-0.000156198
-0.000108062
-7.88305e-05
-8.55571e-05
-6.42865e-05
-3.28969e-05
-7.4893e-05
-0.000130276
-0.000204619
-0.000272246
-0.000189443
-0.000101501
-8.51086e-05
-0.000148773
-0.000210405
-0.000243819
-0.000223055
-0.000153711
-0.000117445
-0.000137342
-0.000183701
-0.000202405
-0.000169906
-0.000122328
-0.000105457
-0.000112465
-0.000122383
-0.000102876
-9.005e-06
4.7156e-05
1.85123e-05
1.70725e-05
-1.46026e-05
-9.6538e-05
-0.000193443
-0.000276864
-0.000267177
-0.000202753
-0.000178195
-0.000187557
-0.000161695
-0.000111423
-7.69877e-05
-7.98028e-05
-5.97209e-05
-3.30517e-05
-6.51856e-05
-0.000138951
-0.000247567
-0.000316273
-0.000207478
-9.28654e-05
-8.39847e-05
-0.000140562
-0.000204706
-0.000246167
-0.000213185
-0.000140772
-0.000120612
-0.000154755
-0.000198259
-0.000201561
-0.000158394
-0.000118295
-0.000105748
-0.000116186
-0.000151899
-0.000144719
-4.01921e-05
1.8755e-05
1.03977e-05
2.74375e-05
-1.31405e-05
-0.000104973
-0.000204447
-0.000273904
-0.000237705
-0.000165143
-0.000154465
-0.000175725
-0.000157646
-0.000103742
-7.72579e-05
-8.9241e-05
-6.56886e-05
-2.50926e-05
-5.78467e-05
-0.00015411
-0.000275562
-0.000307155
-0.000182261
-6.48642e-05
-7.24325e-05
-0.000129416
-0.000207498
-0.000254628
-0.00020811
-0.000138789
-0.000130498
-0.000165039
-0.000201187
-0.00019519
-0.000149302
-0.000112397
-0.00010518
-0.000131541
-0.000197585
-0.000189522
-5.76006e-05
-1.5352e-06
2.35095e-05
4.05175e-05
-1.46971e-05
-0.000112675
-0.000212918
-0.000265436
-0.000213652
-0.000138753
-0.000136148
-0.000164806
-0.000149993
-0.000101651
-8.96458e-05
-0.000105089
-7.06024e-05
-1.77385e-05
-5.85044e-05
-0.000166543
-0.000282214
-0.000273778
-0.00013911
-2.73608e-05
-5.04728e-05
-0.000119711
-0.000205895
-0.00025149
-0.000204705
-0.00014112
-0.000140526
-0.000172122
-0.000202036
-0.000191827
-0.000143968
-0.000104699
-0.000106344
-0.000158572
-0.000244972
-0.000217284
-5.80589e-05
1.29294e-05
4.51993e-05
4.85474e-05
-1.78389e-05
-0.000118833
-0.000218131
-0.000256568
-0.000197786
-0.000123455
-0.00012352
-0.000152096
-0.000142795
-0.000106807
-0.000102203
-0.000118221
-7.06617e-05
-1.67664e-05
-5.78029e-05
-0.000172101
-0.000258432
-0.000232521
-9.62681e-05
2.68954e-06
-3.11674e-05
-0.000110886
-0.00019966
-0.000238747
-0.000198211
-0.000147446
-0.000146707
-0.000176224
-0.000202169
-0.000189485
-0.000138617
-9.72926e-05
-0.000112607
-0.000192351
-0.000276852
-0.000212139
-4.28196e-05
3.51786e-05
6.12811e-05
5.15063e-05
-2.04904e-05
-0.000124212
-0.000217985
-0.000247919
-0.000188169
-0.000114579
-0.000113776
-0.00014257
-0.000140345
-0.000111591
-0.000114905
-0.000129156
-7.36205e-05
-1.62122e-05
-5.36506e-05
-0.000161423
-0.000228299
-0.000193674
-6.52945e-05
1.96494e-05
-2.00493e-05
-0.000106919
-0.000192103
-0.000227458
-0.000195398
-0.00015157
-0.000153563
-0.000178908
-0.000199958
-0.000183951
-0.000131798
-9.6035e-05
-0.000128971
-0.000220551
-0.000284156
-0.000189376
-2.63666e-05
4.87581e-05
7.07584e-05
5.22399e-05
-2.33567e-05
-0.000127364
-0.00021398
-0.00023906
-0.00018126
-0.000110801
-0.000110603
-0.000138549
-0.00014031
-0.000117475
-0.000127513
-0.000136584
-7.36795e-05
-1.32671e-05
-4.62532e-05
-0.000144697
-0.000198006
-0.000161524
-4.54576e-05
2.64174e-05
-1.67281e-05
-0.000105618
-0.00018661
-0.000219401
-0.000192792
-0.000158017
-0.000158396
-0.000179544
-0.00019651
-0.000178409
-0.000127922
-0.000101416
-0.000143595
-0.000229974
-0.000270034
-0.000170847
-1.90367e-05
5.52218e-05
7.58679e-05
5.28613e-05
-2.50807e-05
-0.000127243
-0.000207662
-0.000230941
-0.000176998
-0.000111446
-0.00011133
-0.000136633
-0.000143615
-0.000125731
-0.000137412
-0.000136705
-6.86934e-05
-8.12972e-06
-3.77224e-05
-0.000128251
-0.000174678
-0.000139835
-3.51446e-05
2.63155e-05
-1.8337e-05
-0.00010554
-0.000183585
-0.00021358
-0.000190853
-0.00016207
-0.000161994
-0.000180102
-0.000193809
-0.000174762
-0.000126844
-0.00010625
-0.000148404
-0.000228238
-0.000259026
-0.000162392
-1.66273e-05
5.81964e-05
7.84844e-05
5.27167e-05
-2.66656e-05
-0.000126251
-0.000202087
-0.000224508
-0.000173941
-0.000113333
-0.000113498
-0.000137178
-0.00014766
-0.000131627
-0.00013883
-0.000131598
-6.40176e-05
-5.64821e-06
-3.34066e-05
-0.000118611
-0.00016094
-0.000127294
-3.10164e-05
2.33709e-05
-2.14851e-05
-0.000106168
-0.00018228
-0.000209991
-0.000189378
-0.000164345
-0.000164313
-0.00018054
-0.000192369
-0.000172754
-0.000126307
-0.000108372
-0.000151007
-0.000227264
-0.000254598
-0.000158968
-1.60739e-05
5.91264e-05
7.90184e-05
5.18505e-05
-2.80629e-05
-0.000125484
-0.0001989
-0.000220297
-0.000171871
-0.000114798
-0.000115478
-0.000137496
-0.000149221
-0.000133541
-0.000138648
-0.000129
-6.26757e-05
-5.91543e-06
-3.29684e-05
-0.000115079
-0.000154564
-0.000120811
-2.9703e-05
2.05963e-05
-2.41836e-05
-0.000107083
-0.00018217
-0.000208374
-0.000188438
-0.000165078
-0.000165379
-0.000180913
-0.000191824
-0.000171733
-0.000125903
-0.000109478
-0.000152753
-0.000228092
-0.00025373
-0.000158202
-1.65628e-05
5.87931e-05
7.85586e-05
5.13617e-05
-2.9052e-05
-0.000125873
-0.000198178
-0.000218762
-0.000170968
-0.000115332
-0.000116095
-0.000137322
-0.000149903
-0.000134893
-0.000139686
-0.000129153
-6.32632e-05
-7.39748e-06
-3.43895e-05
-0.000114987
-0.000152817
-0.000118214
-2.90419e-05
1.8455e-05
-2.59249e-05
-0.00010597
-0.000120088
-0.00012678
-0.000144
-0.000156899
-0.000163009
-0.000151178
-0.000151255
-0.00014936
-0.000132881
-0.000117633
-0.000114892
-0.000112951
-0.000110736
-0.000103382
-9.30963e-05
-8.47877e-05
-7.88626e-05
-8.184e-05
-9.57917e-05
-0.000110846
-0.000121488
-0.000127206
-0.000135765
-0.000136762
-0.000122326
-0.000108248
-9.713e-05
-9.90779e-05
-8.7616e-05
-7.80024e-05
-7.75357e-05
-7.47672e-05
-5.94625e-05
-3.60244e-05
-3.23057e-05
-4.36887e-05
-5.62177e-05
-6.87123e-05
-8.67183e-05
-9.60596e-05
-0.000127615
-0.000148535
-0.000179016
-0.000199224
-0.000189993
-0.000165665
-0.00015994
-0.000168045
-0.000136093
-0.000121578
-0.000121655
-0.000115323
-0.000102037
-8.85119e-05
-7.79261e-05
-7.32172e-05
-7.01729e-05
-7.60736e-05
-9.67837e-05
-0.000111249
-0.00012934
-0.000125183
-0.000125191
-0.000123068
-0.000120423
-0.00012389
-0.000121448
-0.000108268
-8.89772e-05
-7.46901e-05
-5.86423e-05
-4.27566e-05
-2.93283e-05
-2.98828e-05
-4.53507e-05
-5.37297e-05
-5.67157e-05
-6.51307e-05
-8.42738e-05
-0.000152356
-0.000149009
-0.000159434
-0.000192445
-0.000219528
-0.000204215
-0.000168393
-0.000163713
-0.000157217
-0.000144697
-0.000148204
-0.000151686
-0.000134526
-0.0001077
-8.47561e-05
-6.37298e-05
-5.43406e-05
-5.5332e-05
-7.40551e-05
-0.000108873
-0.00014497
-0.000154342
-0.000145266
-0.000141891
-0.000132212
-0.000134937
-0.000138544
-0.000125872
-9.60785e-05
-7.94178e-05
-7.61016e-05
-6.56978e-05
-4.87681e-05
-3.56234e-05
-3.20345e-05
-1.65779e-05
-4.37284e-05
-5.38955e-05
-7.68955e-05
-0.000115924
-0.000146461
-0.000144132
-0.000149002
-0.000185171
-0.000204893
-0.00018764
-0.000140707
-0.000134013
-0.000154733
-0.000181965
-0.000192587
-0.000170079
-0.000138995
-0.000108384
-0.000107109
-9.65593e-05
-9.51902e-05
-0.000100938
-0.000108138
-0.00011489
-0.000127512
-0.000135068
-0.000149258
-0.000140538
-0.000126621
-0.000133077
-0.000128117
-0.000111787
-9.52547e-05
-8.86913e-05
-8.27788e-05
-6.10072e-05
-3.57606e-05
-2.61517e-05
-4.46859e-05
-9.77308e-05
-7.9102e-05
-6.45125e-05
-8.30627e-05
-0.000124801
-0.000136129
-0.000133182
-0.000136534
-0.000167922
-0.000177407
-0.000197731
-0.000158
-0.000168503
-0.000196726
-0.000213199
-0.000210307
-0.000190092
-0.000178274
-0.000138224
-0.00013002
-0.000122855
-0.000123743
-0.000123917
-0.000121674
-0.000124697
-0.000146576
-0.000183502
-0.000213924
-0.000201697
-0.000176451
-0.000146435
-0.000126834
-0.000109091
-9.29539e-05
-8.10731e-05
-7.70678e-05
-6.62713e-05
-5.10884e-05
-4.95319e-05
-6.67583e-05
-7.53418e-05
-5.1483e-05
-6.77531e-05
-0.000101655
-0.00012828
-0.000122444
-0.000128322
-0.000130868
-0.000154067
-0.000198362
-0.000202473
-0.000192886
-0.000209962
-0.000226186
-0.000235666
-0.000222351
-0.000195636
-0.000172304
-0.000127356
-0.000130947
-0.000115694
-9.76911e-05
-0.000100177
-9.74585e-05
-0.000109327
-0.00015157
-0.000216885
-0.000259785
-0.000249591
-0.000204536
-0.000149549
-0.000110689
-9.8507e-05
-0.000101401
-0.000106984
-0.000113624
-8.48377e-05
-5.2264e-05
-3.02671e-05
-3.61581e-05
-4.77672e-05
-6.30564e-05
-7.85428e-05
-0.0001072
-0.000122014
-9.31192e-05
-0.000102682
-0.000103713
-0.000134279
-0.000169826
-0.000198182
-0.000211826
-0.000266197
-0.000260042
-0.000242839
-0.000200258
-0.000154161
-0.00013525
-0.000141525
-0.000130207
-0.000104168
-6.57223e-05
-7.98485e-05
-7.91724e-05
-9.43017e-05
-0.000146956
-0.000220827
-0.000272579
-0.000268872
-0.000219322
-0.000155529
-0.000114392
-0.000114424
-0.000124469
-0.000117887
-0.000102365
-7.75925e-05
-4.88896e-05
-2.7541e-05
-2.61364e-05
-4.7435e-05
-5.4933e-05
-6.70411e-05
-9.50337e-05
-9.98345e-05
-8.89163e-05
-8.87384e-05
-8.15899e-05
-0.000122468
-0.000166074
-0.000215573
-0.000233931
-0.000298255
-0.00026128
-0.000219619
-0.00017561
-0.000138652
-9.87922e-05
-0.000144821
-0.000147588
-0.000106104
-7.05469e-05
-7.41119e-05
-7.86156e-05
-9.40753e-05
-0.000149019
-0.000227471
-0.000281332
-0.000279468
-0.000236396
-0.000170247
-0.00012594
-0.000119138
-0.000119797
-0.000112348
-0.000106688
-9.53213e-05
-6.13481e-05
-2.77674e-05
-2.31354e-05
-4.38703e-05
-4.70937e-05
-6.22179e-05
-9.83268e-05
-9.97935e-05
-9.23339e-05
-8.63221e-05
-8.74229e-05
-0.00011211
-0.000159997
-0.000182621
-0.000239341
-0.000301918
-0.000263964
-0.000206368
-0.000151596
-0.00011832
-0.000118963
-0.000167117
-0.000161617
-0.000103838
-5.96706e-05
-5.32853e-05
-5.68247e-05
-6.8996e-05
-0.000124507
-0.00022863
-0.000320136
-0.000327912
-0.000276442
-0.000191691
-0.000131766
-0.000111326
-0.000107695
-0.000105023
-0.000110253
-0.000112548
-7.50923e-05
-3.34015e-05
-4.6189e-05
-5.42136e-05
-3.49547e-05
-3.9829e-05
-6.63508e-05
-8.7638e-05
-0.000111634
-0.000118149
-0.000108142
-0.00013013
-0.000172463
-0.000217403
-0.000249142
-0.000284545
-0.000253406
-0.000183731
-0.000119265
-0.000103599
-0.000142083
-0.000189879
-0.000173386
-0.000104438
-4.47024e-05
-3.01341e-05
-2.76508e-05
-3.60853e-05
-8.99957e-05
-0.000200483
-0.000307942
-0.000335439
-0.000302057
-0.000220329
-0.000151068
-0.000112522
-0.000101914
-0.000105335
-0.00012186
-0.000138094
-8.8321e-05
-3.27757e-05
-5.10643e-05
-6.81485e-05
-1.80882e-05
-2.95249e-05
-6.6576e-05
-8.84449e-05
-0.000127788
-0.0001384
-0.000118325
-0.000130583
-0.000168279
-0.000212115
-0.000245807
-0.000258797
-0.000245516
-0.000186413
-9.80157e-05
-8.83329e-05
-0.00015418
-0.000184699
-0.000172543
-0.000100207
-3.76713e-05
-6.11477e-06
-1.03983e-06
-1.94196e-05
-8.28011e-05
-0.000175828
-0.000279538
-0.000343211
-0.000327421
-0.000250382
-0.000170867
-0.000119329
-0.000112004
-0.000110602
-0.000132369
-0.000148103
-7.34248e-05
-2.04255e-05
-5.52883e-05
-4.58168e-05
-2.46137e-05
-4.8317e-05
-7.74116e-05
-0.000100077
-0.000132871
-0.000150454
-0.000146732
-0.000148775
-0.000176397
-0.000213582
-0.000232076
-0.000246139
-0.000250131
-0.000193589
-0.000106543
-0.000112258
-0.000188131
-0.000203094
-0.000171629
-9.33589e-05
-1.3832e-05
3.09616e-05
2.74336e-05
-1.3214e-05
-8.92549e-05
-0.000172448
-0.000279419
-0.000351332
-0.000348201
-0.000272445
-0.000185955
-0.000135862
-0.000131101
-0.000116377
-0.00013541
-0.000127031
-3.10971e-05
7.96551e-06
-5.54126e-05
-7.38758e-05
-5.94029e-05
-9.61249e-05
-0.000130678
-0.000120905
-0.000124206
-0.000153352
-0.00017292
-0.000182079
-0.000213851
-0.000227336
-0.000214867
-0.000235249
-0.000244646
-0.000201207
-0.000129398
-0.000146938
-0.00022798
-0.000224354
-0.000176665
-8.43117e-05
2.1128e-05
7.7901e-05
5.69908e-05
-1.21303e-05
-9.3152e-05
-0.000174761
-0.000289894
-0.00035029
-0.000341499
-0.000276017
-0.000199305
-0.000148366
-0.000143764
-0.000111664
-0.000127749
-8.25125e-05
1.68504e-05
4.83597e-05
-5.45723e-05
-0.000111951
-0.000129346
-0.000174034
-0.000178949
-0.000127099
-0.000105472
-0.000153902
-0.000185095
-0.000213642
-0.000254602
-0.000221989
-0.000191027
-0.000223153
-0.000234545
-0.000188944
-0.000127869
-0.000181253
-0.000263404
-0.000258012
-0.000169387
-4.69953e-05
7.67543e-05
0.000127344
7.31136e-05
-2.11325e-05
-0.000101355
-0.000177231
-0.000295059
-0.000344691
-0.000312459
-0.000247636
-0.000203674
-0.000184171
-0.000155878
-0.000112707
-0.00010513
-3.54778e-05
4.87992e-05
6.83898e-05
-5.16226e-05
-0.000135184
-0.000194128
-0.000235841
-0.000185784
-0.000102717
-7.4346e-05
-0.000149381
-0.000189605
-0.000237359
-0.000281436
-0.000203451
-0.000173103
-0.00020895
-0.000212416
-0.000170895
-0.000132097
-0.000238345
-0.000308117
-0.000273391
-0.000139805
2.73286e-06
0.000137404
0.000171065
8.4945e-05
-2.49283e-05
-0.000106231
-0.000184373
-0.000306502
-0.000331006
-0.000268364
-0.000208147
-0.000201921
-0.00019921
-0.000152622
-0.00011044
-7.74154e-05
-4.58532e-06
6.54901e-05
6.90636e-05
-5.00661e-05
-0.000151217
-0.000232142
-0.000266253
-0.000139207
-4.81879e-05
-4.63362e-05
-0.000129697
-0.000188966
-0.000247717
-0.000263866
-0.000186512
-0.000160652
-0.000198835
-0.000202441
-0.000157996
-0.000155608
-0.000273929
-0.000340072
-0.000261609
-0.000104071
5.78262e-05
0.000198897
0.000202621
9.08222e-05
-2.87097e-05
-0.000113512
-0.000197928
-0.000296823
-0.00029968
-0.00022267
-0.000179358
-0.000200982
-0.000205965
-0.000155306
-0.000105361
-5.80999e-05
9.06192e-06
7.0429e-05
6.17754e-05
-5.62358e-05
-0.000167239
-0.000233599
-0.000214611
-7.51914e-05
6.25883e-06
-2.48849e-05
-0.000117582
-0.000187289
-0.000256606
-0.000249163
-0.000184707
-0.000162914
-0.000195304
-0.000193274
-0.00015045
-0.000180287
-0.000302087
-0.000333544
-0.000223787
-7.07768e-05
0.000103694
0.000233537
0.000211095
8.82195e-05
-3.2231e-05
-0.00012083
-0.000202867
-0.000275991
-0.000266322
-0.000193041
-0.000169035
-0.000206608
-0.000211833
-0.000154037
-9.82772e-05
-4.95461e-05
6.20152e-06
6.52363e-05
5.72079e-05
-5.77536e-05
-0.000166452
-0.00019866
-0.000157531
-1.71787e-05
4.70291e-05
-1.84467e-05
-0.000114329
-0.000183768
-0.000247387
-0.000242954
-0.000186039
-0.000169799
-0.000194231
-0.000186393
-0.00015227
-0.000199634
-0.000294693
-0.000294721
-0.000194409
-5.19451e-05
0.000128715
0.000244304
0.000207569
8.37181e-05
-3.48595e-05
-0.00012552
-0.000198916
-0.000255077
-0.000240477
-0.000179229
-0.000170176
-0.000212058
-0.000210513
-0.000152145
-9.65754e-05
-5.41996e-05
-1.58754e-06
6.10742e-05
6.08925e-05
-5.85363e-05
-0.000147311
-0.000161795
-9.54359e-05
3.37984e-05
7.07714e-05
-2.00216e-05
-0.000110106
-0.000176882
-0.00023857
-0.000242717
-0.00018902
-0.000176244
-0.000194609
-0.000187646
-0.000161002
-0.000204186
-0.000270975
-0.000263228
-0.0001895
-3.49328e-05
0.000145789
0.000245254
0.000199938
7.98074e-05
-3.69976e-05
-0.000126634
-0.000192072
-0.000235274
-0.000223742
-0.000175409
-0.000175072
-0.000215134
-0.000210906
-0.000153264
-9.83712e-05
-5.95732e-05
-1.79173e-06
6.16801e-05
6.0219e-05
-4.87058e-05
-0.000120002
-0.000124964
-5.1753e-05
6.08545e-05
7.41074e-05
-2.19584e-05
-0.000103919
-0.000171269
-0.000235626
-0.000241077
-0.000190803
-0.000179981
-0.000201218
-0.000194721
-0.000168574
-0.000200669
-0.000252212
-0.000251468
-0.000184507
-2.42814e-05
0.00015291
0.000238368
0.000194334
7.71002e-05
-3.73252e-05
-0.000123131
-0.000180553
-0.000217361
-0.000214894
-0.000178374
-0.00018097
-0.000218273
-0.000210984
-0.000153379
-9.8157e-05
-5.97208e-05
7.56121e-07
6.43255e-05
6.04391e-05
-3.50017e-05
-9.79737e-05
-0.000101254
-2.58675e-05
6.31668e-05
6.88303e-05
-1.92473e-05
-9.79616e-05
-0.000167684
-0.000234899
-0.000236019
-0.000191047
-0.000184008
-0.000205779
-0.000199039
-0.000171666
-0.000195837
-0.000242826
-0.000244958
-0.000171828
-1.68706e-05
0.000152306
0.00023289
0.000188454
7.71532e-05
-3.51224e-05
-0.000111616
-0.000166222
-0.00020266
-0.000211968
-0.000185385
-0.000188393
-0.000222166
-0.000210546
-0.00015243
-9.58016e-05
-5.55941e-05
6.17703e-06
6.88486e-05
6.25803e-05
-2.24975e-05
-7.88582e-05
-8.57792e-05
-1.2805e-05
6.58168e-05
6.49407e-05
-1.918e-05
-9.4921e-05
-0.000166093
-0.00023264
-0.000230797
-0.00019139
-0.000187784
-0.000208398
-0.000200005
-0.000172069
-0.000192852
-0.000237209
-0.000235878
-0.000163373
-1.44187e-05
0.000150002
0.000227278
0.000186901
7.79207e-05
-3.28239e-05
-0.000105055
-0.000154343
-0.000193726
-0.000212558
-0.000192062
-0.000193886
-0.000224414
-0.000209767
-0.000151463
-9.20456e-05
-4.85968e-05
1.18847e-05
7.29323e-05
6.71241e-05
-1.32833e-05
-7.26251e-05
-7.93086e-05
-5.06273e-06
6.74388e-05
6.23819e-05
-2.00524e-05
-9.34919e-05
-0.00016592
-0.000230367
-0.000226791
-0.000191388
-0.000189814
-0.000208882
-0.000199659
-0.000172196
-0.000190682
-0.000232174
-0.000230425
-0.000158176
-1.38696e-05
0.000147031
0.000225131
0.000186844
7.8802e-05
-3.13798e-05
-0.000102
-0.000148809
-0.000189922
-0.000212736
-0.000194438
-0.000195921
-0.000225668
-0.000209681
-0.000149713
-8.7295e-05
-4.27736e-05
1.54475e-05
7.31352e-05
6.70446e-05
-1.10066e-05
-7.10971e-05
-7.58715e-05
-4.26494e-07
6.7961e-05
5.94076e-05
-2.11154e-05
-9.42032e-05
-0.000166566
-0.000229058
-0.000223843
-0.000190963
-0.000190788
-0.000208962
-0.000199138
-0.000171937
-0.00018899
-0.000228291
-0.000226326
-0.000154824
-1.24924e-05
0.000145914
0.00022406
0.000186298
7.81707e-05
-3.14613e-05
-0.000101631
-0.000147784
-0.00018876
-0.000211841
-0.000193884
-0.0001964
-0.000225924
-0.000207872
-0.00014708
-8.4104e-05
-4.14135e-05
1.54826e-05
7.25053e-05
6.66723e-05
-1.02841e-05
-7.12914e-05
-7.4207e-05
1.9879e-06
6.78279e-05
5.69278e-05
-2.22392e-05
-9.41762e-05
-0.000167155
-0.000228697
-0.000222117
-0.000190637
-0.000191248
-0.000208985
-0.000198658
-0.000171632
-0.000188249
-0.000225771
-0.000223851
-0.000152591
-1.13948e-05
0.00014564
0.000223395
0.000185333
7.75944e-05
-3.17152e-05
-0.000102509
-0.000148453
-0.000188601
-0.000210914
-0.000192636
-0.000195943
-0.000225101
-0.000206209
-0.000145615
-8.30615e-05
-4.09229e-05
1.55077e-05
7.23516e-05
6.64619e-05
-9.88539e-06
-7.17171e-05
-7.35242e-05
3.10435e-06
6.78123e-05
5.56605e-05
-9.80849e-05
-0.000117772
-0.000138214
-0.00015367
-0.000167174
-0.00017125
-0.000164462
-0.000159492
-0.000149969
-0.000133963
-0.000112991
-0.000115427
-0.000118316
-0.00011947
-0.000107824
-9.43239e-05
-8.23117e-05
-7.46987e-05
-7.70615e-05
-9.19053e-05
-0.000112174
-0.000123132
-0.000125847
-0.000139577
-0.00013947
-0.000134153
-0.000122781
-0.000124302
-0.000108707
-9.82019e-05
-9.318e-05
-9.39648e-05
-8.47166e-05
-6.33723e-05
-4.1081e-05
-3.73945e-05
-4.64531e-05
-4.6366e-05
-5.29249e-05
-7.14087e-05
-0.000104232
-0.000140215
-0.000161713
-0.000191917
-0.000212652
-0.00020735
-0.000186709
-0.000176006
-0.000149062
-0.000124405
-0.000104889
-0.000110701
-0.000117164
-0.000114289
-0.000101201
-8.88908e-05
-7.63196e-05
-6.49017e-05
-6.55656e-05
-8.77632e-05
-0.000117674
-0.00012738
-0.000114432
-0.000113465
-0.000120972
-0.000131245
-0.000142762
-0.000141166
-0.000121859
-0.000106759
-0.000100502
-7.80314e-05
-4.0791e-05
-2.45675e-05
-2.83935e-05
-3.9064e-05
-2.72026e-05
-2.53718e-05
-4.02494e-05
-7.2354e-05
-0.000135106
-0.000143538
-0.000160838
-0.000198723
-0.000232363
-0.000227982
-0.000202291
-0.000177398
-0.000150196
-0.000134047
-0.000141339
-0.000150505
-0.000144681
-0.000132583
-0.000115923
-8.82897e-05
-6.51413e-05
-5.4535e-05
-7.21279e-05
-0.000110156
-0.000138653
-0.000140256
-0.0001265
-0.000130457
-0.000137334
-0.000144537
-0.000160544
-0.000149474
-0.000117929
-9.45534e-05
-8.14907e-05
-6.80651e-05
-4.67637e-05
-3.7285e-05
-3.65559e-05
-3.38995e-05
-4.24727e-05
-6.29693e-05
-7.63316e-05
-0.000110094
-0.000124874
-0.000129144
-0.000158851
-0.000212652
-0.000245071
-0.00020589
-0.000158342
-0.000144795
-0.000176084
-0.000219962
-0.000234907
-0.000197667
-0.000166566
-0.000161049
-0.000148584
-0.0001147
-9.26038e-05
-9.0577e-05
-0.000103042
-0.000119797
-0.000128233
-0.000125979
-0.000129132
-0.000130092
-0.000136611
-0.000149305
-0.000150117
-0.000130929
-0.000108229
-9.79727e-05
-9.11756e-05
-6.83972e-05
-3.97694e-05
-2.82103e-05
-4.73469e-05
-7.11689e-05
-5.29064e-05
-3.08787e-05
-6.84497e-05
-0.000109413
-0.000103705
-0.000108066
-0.000138193
-0.000190251
-0.000238316
-0.000224302
-0.000194042
-0.000209878
-0.000261269
-0.000285909
-0.000275755
-0.000217578
-0.000179457
-0.000192416
-0.000164216
-0.000137677
-0.000125435
-0.00011695
-0.00010637
-0.000105495
-0.00011733
-0.000138761
-0.000164175
-0.000168345
-0.000166453
-0.000158671
-0.000149282
-0.0001325
-0.000111509
-9.54492e-05
-8.74251e-05
-6.99879e-05
-5.36375e-05
-5.19603e-05
-5.66687e-05
-4.55227e-05
-2.44515e-05
-4.29391e-05
-8.73351e-05
-0.000106836
-9.71889e-05
-9.35327e-05
-0.00011141
-0.000151092
-0.000188311
-0.000202515
-0.000218863
-0.000255695
-0.000287275
-0.000299091
-0.000263743
-0.000207637
-0.00016951
-0.000188175
-0.000168306
-0.000131559
-0.000116091
-0.000103084
-9.66369e-05
-0.000103385
-0.000131473
-0.000164466
-0.000201148
-0.000209967
-0.000195524
-0.000169621
-0.000146292
-0.000133526
-0.000119787
-0.000120575
-0.000119569
-9.17155e-05
-4.44014e-05
-1.61652e-05
-1.95851e-05
-2.75615e-05
-4.17048e-05
-7.98097e-05
-0.000108041
-9.88051e-05
-7.57409e-05
-8.2832e-05
-0.000115516
-0.000143233
-0.000161332
-0.000185905
-0.000213354
-0.000233859
-0.000266704
-0.000260848
-0.000200136
-0.000139222
-0.000138211
-0.000238688
-0.000170815
-0.00011568
-0.000109026
-9.73437e-05
-9.2783e-05
-0.000110656
-0.000156871
-0.000206231
-0.000233144
-0.000220116
-0.00018588
-0.000159844
-0.000155051
-0.000159294
-0.000144342
-0.000123714
-0.000108112
-8.11839e-05
-4.59383e-05
-2.87898e-05
-3.16639e-05
-2.8693e-05
-5.29232e-05
-7.5587e-05
-0.000117418
-9.14611e-05
-8.13771e-05
-0.000104075
-0.000154516
-0.000148338
-0.000151786
-0.000174817
-0.000210419
-0.000209985
-0.000244545
-0.000207562
-0.000142027
-9.13499e-05
-0.000111607
-0.00018633
-0.00017428
-0.000127509
-9.43758e-05
-8.97719e-05
-9.17457e-05
-0.000113776
-0.000164117
-0.000221158
-0.000246958
-0.000234999
-0.000214802
-0.000192005
-0.000179925
-0.000163111
-0.000138673
-0.000124634
-0.000113198
-9.23097e-05
-6.01987e-05
-3.91135e-05
-4.57486e-05
-3.94792e-05
-7.60677e-05
-0.000148497
-0.000119732
-8.77969e-05
-6.84427e-05
-0.000113548
-0.000147083
-0.000121059
-0.000116432
-0.000119962
-0.000203228
-0.000242052
-0.000283018
-0.000206962
-8.70778e-05
-1.82193e-05
-8.04104e-05
-0.000194308
-0.000224729
-0.000145386
-9.14787e-05
-8.40389e-05
-8.99378e-05
-0.000107608
-0.000140538
-0.000205683
-0.000245696
-0.00024095
-0.000219357
-0.000200046
-0.000174028
-0.000128947
-0.000119608
-0.00013552
-0.000133502
-0.000107117
-7.08265e-05
-4.54065e-05
-5.03502e-05
-6.82755e-05
-9.27253e-05
-0.000115297
-9.57114e-05
-6.18477e-05
-7.13362e-05
-0.000102155
-0.000119877
-0.00013127
-9.72356e-05
-0.000130871
-0.000202629
-0.000271182
-0.000307865
-0.000209947
-6.97213e-05
-2.47998e-05
-0.000120209
-0.000247243
-0.000245625
-0.000152898
-7.96403e-05
-5.79037e-05
-6.62268e-05
-8.39309e-05
-0.000122912
-0.000179309
-0.000224368
-0.000223757
-0.00024293
-0.000221551
-0.000160555
-0.000100035
-0.00011991
-0.000164077
-0.00015576
-0.000130138
-8.13375e-05
-4.68577e-05
-5.56027e-05
-7.46902e-05
-9.96201e-05
-0.000104715
-6.73121e-05
-4.26589e-05
-8.59045e-05
-0.000110251
-0.000114081
-6.14593e-05
-5.0004e-05
-0.000136861
-0.000227632
-0.000301339
-0.000339481
-0.000274348
-9.05964e-05
-5.67808e-05
-0.000171158
-0.000297801
-0.000258735
-0.000153262
-6.46648e-05
-3.84437e-05
-5.06691e-05
-7.80752e-05
-0.000125678
-0.000181522
-0.000224139
-0.000289029
-0.00027434
-0.000248587
-0.000181258
-0.000135491
-0.000168636
-0.000195386
-0.000170994
-0.000140429
-6.55557e-05
-3.29605e-05
-6.59076e-05
-9.08017e-05
-0.000115037
-0.000104266
-5.22167e-05
-4.48483e-05
-0.000101781
-0.000115536
-8.44934e-05
-1.92052e-05
-6.96781e-05
-0.000177757
-0.000246109
-0.000313852
-0.000358747
-0.000281167
-9.94481e-05
-8.49536e-05
-0.000206731
-0.000320339
-0.000275415
-0.000132141
-2.72117e-05
-1.79708e-05
-5.21891e-05
-9.05488e-05
-0.000136388
-0.00017705
-0.0002119
-0.000269496
-0.000276425
-0.000265249
-0.000217037
-0.00019691
-0.000219172
-0.000233705
-0.000191239
-0.000135205
-3.24639e-05
-1.54843e-05
-6.53602e-05
-9.14418e-05
-0.000131305
-9.73645e-05
-3.48377e-05
-5.21671e-05
-0.000101683
-0.000112912
-7.44208e-05
-5.92935e-05
-0.000117018
-0.000195418
-0.000233708
-0.000287116
-0.000340542
-0.000272228
-9.45222e-05
-8.57417e-05
-0.000253521
-0.000368864
-0.000293142
-0.000100032
2.49665e-05
1.98713e-05
-4.17566e-05
-0.000102523
-0.000145864
-0.000169708
-0.000202248
-0.000261023
-0.000283899
-0.000272245
-0.000223301
-0.000215993
-0.000251322
-0.000276126
-0.000215307
-0.000123138
3.29704e-06
-2.57015e-06
-5.26597e-05
-0.000115422
-0.00014699
-6.71635e-05
4.8641e-06
-3.77758e-05
-0.000108149
-0.000112542
-7.47914e-05
-8.90133e-05
-0.000139782
-0.000188219
-0.000219383
-0.000265942
-0.00030159
-0.000240905
-9.57028e-05
-0.000143031
-0.000333561
-0.000405665
-0.000274226
-5.16801e-05
7.72474e-05
5.80229e-05
-2.79246e-05
-0.000118462
-0.000162344
-0.000160466
-0.000184496
-0.000261525
-0.000296612
-0.000269534
-0.000221056
-0.000213524
-0.000268128
-0.00028372
-0.000227264
-0.000118776
1.81649e-05
1.32669e-05
-4.19226e-05
-0.000112092
-0.000144413
-8.61264e-06
5.30175e-05
-3.03271e-05
-0.000110031
-0.000113168
-9.38477e-05
-0.000126734
-0.000137768
-0.000176294
-0.000215849
-0.000253776
-0.00026631
-0.000202129
-0.000111805
-0.000201549
-0.000363211
-0.000380952
-0.000229103
-6.8699e-06
0.000122346
9.45578e-05
-1.12838e-05
-0.000123465
-0.000166652
-0.000147362
-0.00017537
-0.000256033
-0.000287708
-0.000258873
-0.000216235
-0.000217775
-0.000253533
-0.00024457
-0.000234171
-0.00013473
1.54589e-05
1.6104e-05
-4.27305e-05
-0.000119163
-0.000133371
4.97165e-05
9.53798e-05
-1.64889e-05
-0.00010633
-0.000117772
-0.000120059
-0.000149937
-0.000147982
-0.000169182
-0.000222808
-0.000249937
-0.000241585
-0.000174126
-0.000124626
-0.000231489
-0.000355545
-0.000342112
-0.000190668
3.80843e-05
0.000165221
0.000123358
2.83103e-06
-0.000113343
-0.000160809
-0.000141716
-0.000174839
-0.000233152
-0.000260895
-0.000246933
-0.000218648
-0.000225607
-0.000218253
-0.000211481
-0.000247971
-0.000138398
1.58954e-05
1.6473e-05
-4.47943e-05
-0.000138423
-0.00010589
0.000102704
0.000146264
3.72483e-06
-0.000100237
-0.00012328
-0.000140073
-0.000155224
-0.000151814
-0.000175591
-0.000236523
-0.000248034
-0.00021968
-0.000154172
-0.000132582
-0.000242559
-0.000332839
-0.000310233
-0.000159013
7.92205e-05
0.000192526
0.000135998
1.41869e-05
-0.000105117
-0.000152999
-0.000139594
-0.000165944
-0.000207532
-0.000239891
-0.000243698
-0.000226391
-0.000225476
-0.000181591
-0.000194637
-0.00025139
-0.000115707
3.2208e-05
2.52761e-05
-4.82071e-05
-0.000154103
-6.34057e-05
0.000163277
0.000182084
1.45884e-05
-9.91459e-05
-0.000130452
-0.000151244
-0.000155838
-0.000155341
-0.000186105
-0.00024585
-0.000242084
-0.000201963
-0.000148412
-0.00013849
-0.000236466
-0.000305324
-0.00028891
-0.000133378
0.000105989
0.000203081
0.000139367
1.73273e-05
-9.99438e-05
-0.000151222
-0.000139281
-0.000150885
-0.000183503
-0.000226772
-0.000247434
-0.000234829
-0.000224075
-0.00017636
-0.000193423
-0.000224856
-8.34395e-05
5.05498e-05
3.57019e-05
-6.61616e-05
-0.000151028
-3.19476e-09
0.000215983
0.000195157
1.44005e-05
-9.91113e-05
-0.000134119
-0.000152851
-0.000151273
-0.000160384
-0.000197236
-0.000244681
-0.000233141
-0.00019513
-0.000149212
-0.000146197
-0.000224708
-0.000284441
-0.000276825
-0.000113826
0.000119481
0.000201948
0.000135836
1.5447e-05
-0.000100873
-0.0001515
-0.000135724
-0.000133589
-0.000165051
-0.000219686
-0.000251753
-0.000247992
-0.000230282
-0.00017836
-0.000185142
-0.000186775
-5.57759e-05
6.55406e-05
4.4328e-05
-7.02571e-05
-0.000120653
5.31423e-05
0.000233262
0.00017881
8.07783e-06
-9.76809e-05
-0.000133103
-0.000150569
-0.000150454
-0.000167765
-0.000203493
-0.000237948
-0.000228758
-0.000194271
-0.000150172
-0.000146078
-0.000213705
-0.000276622
-0.000268352
-9.90126e-05
0.000122693
0.000192735
0.000127111
8.15986e-06
-0.000103574
-0.000150506
-0.000127718
-0.000116604
-0.000151199
-0.000216759
-0.000256625
-0.00025652
-0.000235532
-0.00017903
-0.000171072
-0.000153047
-2.79515e-05
8.08231e-05
4.56931e-05
-6.8107e-05
-9.8739e-05
7.41469e-05
0.000229967
0.000154266
1.39038e-06
-9.43751e-05
-0.000130456
-0.000147823
-0.000148324
-0.000175097
-0.000205532
-0.000234052
-0.000228667
-0.000193913
-0.000147565
-0.000143405
-0.000206419
-0.00026881
-0.000258754
-8.96913e-05
0.000116579
0.000177281
0.000119238
2.17165e-06
-0.000105585
-0.000148011
-0.000116093
-0.000100732
-0.000141827
-0.000218815
-0.000262407
-0.000262453
-0.00023676
-0.00017434
-0.000153096
-0.000121829
-8.53097e-06
8.23411e-05
3.73687e-05
-7.24408e-05
-8.77018e-05
8.08315e-05
0.000215153
0.000134543
-2.31796e-06
-9.13765e-05
-0.000128957
-0.000145114
-0.000148429
-0.000175142
-0.000205916
-0.000232261
-0.0002281
-0.000192082
-0.000145685
-0.000141795
-0.000201187
-0.000263138
-0.000251669
-8.69651e-05
0.000105616
0.000168697
0.000113319
-1.57455e-06
-0.000107326
-0.000144896
-0.000102511
-8.81071e-05
-0.000137249
-0.000220669
-0.000265589
-0.00026426
-0.00023303
-0.000164992
-0.000132587
-0.000103033
-5.81525e-07
7.94701e-05
3.1228e-05
-7.30654e-05
-7.83393e-05
8.43346e-05
0.000201351
0.00012333
-3.33795e-06
-8.96249e-05
-0.000127623
-0.000142325
-0.000148036
-0.000176623
-0.000206263
-0.000230693
-0.000226879
-0.000190773
-0.000145175
-0.000141196
-0.000199494
-0.000261935
-0.000247584
-8.64506e-05
9.97048e-05
0.000163525
0.000110581
-3.08636e-06
-0.000107881
-0.000140239
-9.1277e-05
-8.22908e-05
-0.000137072
-0.000220948
-0.000263647
-0.000262394
-0.000228893
-0.000156228
-0.000119689
-9.51375e-05
-1.06805e-06
7.38079e-05
2.63572e-05
-7.05792e-05
-6.90259e-05
8.71282e-05
0.000191659
0.000115477
-3.78349e-06
-8.86837e-05
-0.000125165
-0.000140363
-0.000147679
-0.000177616
-0.00020645
-0.000229606
-0.000225973
-0.000190118
-0.000145203
-0.00014157
-0.000199948
-0.000261034
-0.000244668
-8.59998e-05
9.75439e-05
0.000161461
0.000109566
-3.35288e-06
-0.000106292
-0.000135362
-8.78585e-05
-8.42487e-05
-0.000138264
-0.000219522
-0.000260331
-0.000259821
-0.000225472
-0.000152588
-0.000121016
-9.43087e-05
-1.3198e-06
7.07197e-05
2.43538e-05
-6.76696e-05
-6.18875e-05
8.86911e-05
0.000185689
0.000110684
-4.29186e-06
-8.81178e-05
-0.000124508
-0.000139262
-0.000147314
-0.000178047
-0.000206643
-0.00022915
-0.000225474
-0.000189732
-0.00014519
-0.000141839
-0.000200218
-0.000260093
-0.000242756
-8.44303e-05
9.77457e-05
0.000160685
0.00010961
-2.22165e-06
-0.000104519
-0.000134242
-8.83234e-05
-8.55845e-05
-0.000138874
-0.0002186
-0.000258193
-0.000257895
-0.000224635
-0.000152958
-0.000120305
-9.30942e-05
-7.47174e-07
6.95531e-05
2.34601e-05
-6.60311e-05
-5.80254e-05
8.9994e-05
0.00018307
0.000108175
-4.74834e-06
-7.97812e-05
-0.000116138
-0.000143617
-0.000163058
-0.000178395
-0.000188087
-0.000182296
-0.000172445
-0.000155645
-0.00012467
-0.0001003
-0.000106153
-0.000115633
-0.000123083
-0.000112381
-9.81432e-05
-8.52234e-05
-7.87254e-05
-8.03862e-05
-9.13918e-05
-0.000110296
-0.000121261
-0.000120373
-0.000110427
-0.000130242
-0.000138037
-0.000134684
-0.000135108
-0.000124015
-0.000112356
-9.83107e-05
-9.4248e-05
-8.48296e-05
-6.62654e-05
-4.83342e-05
-3.78812e-05
-4.50212e-05
-2.19621e-05
-1.87707e-05
-4.10884e-05
-9.65732e-05
-0.000130711
-0.000159758
-0.000188847
-0.000212498
-0.000219061
-0.000207405
-0.000183942
-0.000146238
-0.000110052
-9.68427e-05
-0.000104174
-0.000119068
-0.000120937
-0.000117516
-0.000112869
-9.43239e-05
-6.90275e-05
-6.05249e-05
-8.42281e-05
-0.000120525
-0.000128823
-0.000104191
-9.48941e-05
-0.000105287
-0.000131501
-0.000154816
-0.000157353
-0.000133183
-0.000112373
-0.000105015
-7.54699e-05
-3.7237e-05
-2.68226e-05
-2.90823e-05
-2.23738e-05
2.54932e-06
1.11367e-05
-1.92813e-05
-5.81079e-05
-0.000110816
-0.000126652
-0.00015699
-0.000204468
-0.000250014
-0.000259521
-0.00022688
-0.000171643
-0.000129234
-0.000119551
-0.000122477
-0.000124203
-0.000136015
-0.000149583
-0.000147002
-0.000112483
-7.55725e-05
-5.70843e-05
-7.73236e-05
-0.000116287
-0.00014041
-0.000136364
-0.000123475
-0.000126637
-0.000134638
-0.000144715
-0.000153847
-0.000141793
-0.000122885
-0.000111525
-9.38837e-05
-6.13256e-05
-4.99932e-05
-3.75595e-05
-2.7086e-05
-2.20374e-05
-3.0074e-05
-7.90922e-05
-7.61935e-05
-9.59176e-05
-0.000101884
-0.000113856
-0.000153391
-0.000204751
-0.000230674
-0.000203008
-0.000164718
-0.000151551
-0.000194609
-0.000254313
-0.000261862
-0.000208624
-0.000173825
-0.000178445
-0.000163145
-0.00011878
-8.69337e-05
-8.8518e-05
-0.000116701
-0.000133482
-0.000130844
-0.000123371
-0.000126164
-0.000132317
-0.000147127
-0.000162963
-0.000164619
-0.000139658
-0.000112033
-0.000104457
-9.71796e-05
-7.22e-05
-5.65574e-05
-4.64928e-05
-4.37234e-05
-3.55918e-05
-1.15772e-05
-8.99513e-06
-6.11174e-05
-9.26838e-05
-8.2371e-05
-0.000100691
-0.000130576
-0.000162518
-0.000189595
-0.000194736
-0.000189135
-0.000223911
-0.000314272
-0.000389442
-0.000325586
-0.000229131
-0.000173049
-0.00019676
-0.000151218
-0.000117045
-0.000106439
-0.000102659
-9.41841e-05
-9.29101e-05
-9.92412e-05
-0.000117768
-0.000146815
-0.000157556
-0.000171724
-0.000164096
-0.000157405
-0.000138154
-0.000114493
-0.000103676
-0.000101027
-8.5978e-05
-7.26547e-05
-5.17662e-05
-2.292e-05
-5.39598e-06
-8.56922e-06
-4.66629e-05
-8.16895e-05
-8.45181e-05
-8.26131e-05
-8.41162e-05
-9.80329e-05
-0.000118633
-0.000172421
-0.000220866
-0.000234052
-0.00026581
-0.00033109
-0.000374017
-0.000319037
-0.000210188
-0.000127766
-0.0001003
-9.16478e-05
-7.95984e-05
-6.64171e-05
-5.79595e-05
-5.44466e-05
-7.12683e-05
-0.000100712
-0.000141311
-0.000188722
-0.000227916
-0.000207329
-0.000186599
-0.000176058
-0.00016254
-0.000135924
-0.000114272
-0.000103906
-8.32277e-05
-5.58499e-05
-3.54639e-05
-2.76024e-05
-3.2566e-05
-6.26049e-05
-8.46815e-05
-0.00010164
-9.45251e-05
-5.5908e-05
-6.13675e-05
-8.39109e-05
-0.000115778
-0.000175186
-0.000235836
-0.000251586
-0.000280176
-0.000318894
-0.000344894
-0.000251498
-0.000137063
-8.26317e-05
-5.10962e-05
-9.39099e-05
-5.86515e-05
-4.17803e-05
-5.07883e-05
-5.91599e-05
-9.22884e-05
-0.000124382
-0.000148679
-0.000177441
-0.000189388
-0.000180954
-0.000175021
-0.000192589
-0.000189972
-0.000149731
-0.000116337
-0.000100174
-8.13177e-05
-6.3218e-05
-5.80495e-05
-5.9648e-05
-4.33832e-05
-6.95116e-05
-9.17505e-05
-9.42683e-05
-6.9772e-05
-4.53605e-05
-2.91965e-05
-3.18531e-05
-8.73657e-05
-0.000192957
-0.00028644
-0.000268912
-0.000218252
-0.000309367
-0.000304544
-0.000250068
-0.000122548
-7.97941e-05
-7.0213e-05
-9.172e-05
-8.05686e-05
-6.7504e-05
-6.85269e-05
-7.9471e-05
-0.000111298
-0.000163336
-0.000191867
-0.000206139
-0.000228029
-0.000206897
-0.000199763
-0.000216969
-0.000197629
-0.000153438
-0.000128364
-0.000116477
-9.69271e-05
-7.77817e-05
-7.39208e-05
-6.7093e-05
-6.25938e-05
-8.29382e-05
-0.000120171
-0.000104877
-6.35061e-05
-5.30493e-05
1.8398e-05
-4.45712e-06
-8.69111e-05
-0.000212501
-0.00030776
-0.000241343
-0.000264006
-0.000365142
-0.000289241
-0.000111758
-8.74329e-06
-5.86763e-05
-0.000134977
-0.000144451
-0.000124115
-7.66355e-05
-6.21126e-05
-6.40744e-05
-8.37552e-05
-0.000153996
-0.000193944
-0.0002172
-0.000226771
-0.000213929
-0.000205053
-0.000209043
-0.000187728
-0.000159015
-0.000143755
-0.00012716
-0.000108896
-9.06362e-05
-7.43856e-05
-6.79945e-05
-8.53541e-05
-0.000116187
-0.000132596
-9.58476e-05
-5.32696e-05
-4.28817e-05
-8.15718e-06
-1.18805e-05
-9.71006e-05
-0.000212988
-0.000266864
-0.00024454
-0.000284358
-0.000330329
-0.000227521
-6.12239e-05
2.3332e-05
-6.53628e-05
-0.000177643
-0.000192273
-0.000119349
-6.77117e-05
-5.65163e-05
-5.89046e-05
-7.17815e-05
-0.000124442
-0.000171596
-0.000203032
-0.000206799
-0.000208144
-0.000194213
-0.000185006
-0.000180485
-0.000182218
-0.000180109
-0.00015832
-0.000134461
-9.3008e-05
-6.28161e-05
-5.704e-05
-8.38866e-05
-0.000133333
-0.000145686
-9.19374e-05
-4.79248e-05
-5.22784e-05
-1.66419e-06
5.20569e-06
-8.10896e-05
-0.000206673
-0.000262558
-0.000260859
-0.000297137
-0.000308173
-0.000205693
-5.7946e-05
-8.0602e-06
-0.000139939
-0.00023658
-0.000225237
-0.00012597
-6.60109e-05
-6.48483e-05
-7.31979e-05
-8.46328e-05
-0.000124031
-0.000168784
-0.000205959
-0.00022549
-0.000215422
-0.000205136
-0.000208694
-0.000208783
-0.000214184
-0.000228953
-0.000198129
-0.000139304
-6.40154e-05
-4.21317e-05
-4.68717e-05
-8.61817e-05
-0.000134778
-0.000136592
-7.41538e-05
-5.66101e-05
-4.97069e-05
-2.19177e-06
-1.2701e-06
-9.08961e-05
-0.000211125
-0.000245263
-0.000251184
-0.000278175
-0.000283116
-0.000190378
-5.27829e-05
8.70758e-06
-0.00016641
-0.000273918
-0.000240931
-0.000125963
-7.43999e-05
-8.75586e-05
-0.00010014
-0.000115539
-0.000149974
-0.000176124
-0.000198375
-0.000226665
-0.000225473
-0.0002119
-0.000202583
-0.000199045
-0.000232955
-0.000278256
-0.000215346
-0.000120239
-3.52065e-05
-2.28386e-05
-2.30447e-05
-7.55963e-05
-0.000116332
-0.00010866
-6.00813e-05
-5.70684e-05
-5.60932e-05
-3.1485e-06
-6.41736e-06
-9.05543e-05
-0.00019761
-0.000239865
-0.000237686
-0.000251821
-0.000250787
-0.000162843
-3.01515e-05
-3.57488e-05
-0.000214035
-0.000310937
-0.000251121
-0.000133173
-7.81492e-05
-8.70264e-05
-0.000104323
-0.000138712
-0.000185063
-0.000191728
-0.000206352
-0.000238994
-0.000221864
-0.000179218
-0.000164024
-0.000183715
-0.000252732
-0.000301636
-0.000191493
-9.85978e-05
-2.18444e-05
-4.0519e-06
-1.8037e-05
-8.23517e-05
-0.000105844
-8.00417e-05
-3.31419e-05
-5.24565e-05
-5.34775e-05
-1.09425e-05
-1.22425e-05
-0.000101312
-0.000190362
-0.000233046
-0.00023372
-0.000233545
-0.000225797
-0.000148382
-4.67635e-05
-0.00010521
-0.000266433
-0.000326166
-0.00024772
-0.000137527
-6.31829e-05
-4.94999e-05
-8.32874e-05
-0.000156065
-0.000209241
-0.000197666
-0.000204395
-0.000239138
-0.000204534
-0.000159016
-0.00016285
-0.000212217
-0.000266024
-0.000223137
-0.000113711
-8.18615e-05
-1.46767e-05
1.07996e-05
-1.06624e-05
-7.97499e-05
-9.46568e-05
-6.0127e-05
-1.83612e-05
-5.26917e-05
-5.43912e-05
-8.37607e-06
-2.25335e-05
-0.000109564
-0.000186502
-0.000229298
-0.000235952
-0.000229153
-0.000224805
-0.000153389
-7.69902e-05
-0.000150919
-0.000304295
-0.000313962
-0.000237913
-0.000129089
-1.96037e-05
4.34448e-06
-6.73095e-05
-0.000169684
-0.000207516
-0.000193308
-0.000212912
-0.00022045
-0.000162111
-0.000137754
-0.000194322
-0.00027762
-0.000266444
-0.000129598
-7.72598e-05
-0.000107826
-4.46727e-06
3.04196e-05
9.46916e-06
-4.86124e-05
-7.11242e-05
-2.93647e-05
-1.55554e-05
-6.87969e-05
-4.87007e-05
-2.1845e-05
-4.02478e-05
-0.000117925
-0.000186194
-0.000226894
-0.000233953
-0.00024956
-0.000224759
-0.000148588
-9.48058e-05
-0.000181572
-0.000302013
-0.000290547
-0.000225675
-0.000101964
3.87724e-05
5.0698e-05
-6.11404e-05
-0.000185292
-0.000227087
-0.000211339
-0.000214971
-0.00018838
-0.000140549
-0.000163923
-0.00025093
-0.000320729
-0.000247517
-8.73382e-05
-9.22702e-05
-0.000116326
-1.01624e-05
2.75381e-05
1.26951e-05
-3.30277e-05
-5.53961e-05
-1.15448e-05
-6.08255e-06
-5.37836e-05
-4.50316e-05
-2.70541e-05
-5.08895e-05
-0.000122502
-0.000189113
-0.000226799
-0.00023192
-0.000247994
-0.000212736
-0.000137079
-0.000103756
-0.000194699
-0.000284775
-0.000268094
-0.000211534
-6.24069e-05
9.0481e-05
7.98284e-05
-5.78191e-05
-0.000182765
-0.000232673
-0.000226663
-0.000211664
-0.000169025
-0.000136665
-0.000178973
-0.000266842
-0.000315385
-0.000208154
-7.11763e-05
-0.000117994
-0.000124721
-2.11055e-05
1.44832e-05
2.54558e-06
-2.66933e-05
-4.38996e-05
8.22231e-07
7.82211e-06
-3.77916e-05
-3.74167e-05
-2.90931e-05
-5.93995e-05
-0.000128243
-0.000191314
-0.000231244
-0.000233453
-0.000244719
-0.000200137
-0.000129484
-0.000105993
-0.000193419
-0.000264128
-0.000258345
-0.000201411
-2.22465e-05
0.000129993
9.71997e-05
-4.85919e-05
-0.000180567
-0.000239115
-0.000236894
-0.000203416
-0.00014467
-0.000123383
-0.000181028
-0.000272093
-0.0003053
-0.00018306
-7.59227e-05
-0.000133833
-0.000120006
-2.2576e-05
1.5067e-05
5.57561e-06
-3.34295e-05
-4.7734e-05
8.61187e-06
2.26653e-05
-2.44453e-05
-3.18957e-05
-3.20353e-05
-6.63676e-05
-0.000137205
-0.000196581
-0.000234931
-0.000238541
-0.00024417
-0.000195498
-0.000122808
-0.000102204
-0.000186068
-0.000253479
-0.00026052
-0.000186007
1.38797e-05
0.000153929
0.000106231
-4.2844e-05
-0.000183365
-0.000249343
-0.000242992
-0.000188535
-0.000120352
-0.000113374
-0.00018571
-0.000286362
-0.000307725
-0.000179135
-8.93553e-05
-0.000140931
-0.000105852
-6.6323e-06
2.58306e-05
-2.81558e-07
-4.78345e-05
-4.86097e-05
1.62967e-05
3.09985e-05
-1.62905e-05
-2.89864e-05
-3.51822e-05
-7.25532e-05
-0.000143128
-0.000200377
-0.000235104
-0.000241858
-0.000242804
-0.000191633
-0.000114588
-9.91453e-05
-0.000182741
-0.000253051
-0.000260507
-0.000159145
4.41135e-05
0.000167898
0.000107395
-4.51284e-05
-0.00019309
-0.000255688
-0.000241695
-0.000170639
-0.000102475
-0.000109426
-0.00019251
-0.000297545
-0.000310773
-0.000177983
-0.000101195
-0.000143484
-9.05553e-05
7.33374e-06
3.28639e-05
-8.02104e-06
-5.70631e-05
-4.23417e-05
1.52027e-05
3.32653e-05
-1.01695e-05
-2.80185e-05
-3.82614e-05
-7.74653e-05
-0.000147889
-0.000199733
-0.000231461
-0.00024168
-0.000240381
-0.000186807
-0.000109834
-0.000100306
-0.000183516
-0.00025233
-0.000248607
-0.000132077
6.12633e-05
0.000167709
0.000102272
-5.05522e-05
-0.0001945
-0.000255979
-0.00023266
-0.000152454
-9.17517e-05
-0.000110849
-0.00019815
-0.000301633
-0.000304074
-0.000177944
-0.000115315
-0.0001436
-7.79252e-05
1.60267e-05
3.3153e-05
-1.29861e-05
-5.71056e-05
-3.40973e-05
1.53152e-05
3.3871e-05
-6.04488e-06
-2.7412e-05
-3.94476e-05
-8.04368e-05
-0.000148426
-0.000197341
-0.000227669
-0.000240163
-0.000237897
-0.000183833
-0.000109536
-0.000104141
-0.000184044
-0.000246793
-0.000235181
-0.000116347
6.40441e-05
0.000163081
9.50031e-05
-5.53554e-05
-0.00019489
-0.000250346
-0.000219956
-0.000141468
-9.48766e-05
-0.000114975
-0.000199781
-0.000299622
-0.000295504
-0.000180976
-0.000125574
-0.000138073
-6.76705e-05
1.89923e-05
3.17481e-05
-1.36216e-05
-5.51286e-05
-3.18194e-05
1.49404e-05
3.46973e-05
-3.32468e-06
-2.63801e-05
-3.93453e-05
-8.21278e-05
-0.000147456
-0.000194818
-0.00022445
-0.00023889
-0.000236498
-0.000182666
-0.000111274
-0.000107732
-0.000183101
-0.0002419
-0.000227769
-0.000110458
6.38928e-05
0.000157992
8.94649e-05
-5.75632e-05
-0.000193389
-0.000242593
-0.000214832
-0.000140682
-9.69646e-05
-0.000117756
-0.00019961
-0.000297964
-0.000289179
-0.000182414
-0.000126789
-0.000131276
-6.30976e-05
1.85717e-05
3.02189e-05
-1.45705e-05
-5.4748e-05
-3.19638e-05
1.47195e-05
3.55694e-05
-1.05528e-06
-2.57742e-05
-4.06875e-05
-8.32461e-05
-0.000147291
-0.000193147
-0.000222419
-0.000238374
-0.000235791
-0.000182128
-0.000112518
-0.000110275
-0.000182973
-0.000240214
-0.000225077
-0.000107923
6.33218e-05
0.000154757
8.64769e-05
-5.78295e-05
-0.000190464
-0.000238718
-0.000213514
-0.000139993
-9.84219e-05
-0.00011985
-0.000199732
-0.000295354
-0.000284205
-0.000181943
-0.00012769
-0.000128762
-6.13917e-05
1.77303e-05
2.89086e-05
-1.5514e-05
-5.5085e-05
-3.19539e-05
1.47769e-05
3.63323e-05
4.36738e-07
-2.55193e-05
-4.13218e-05
-8.40318e-05
-0.000147832
-0.000192558
-0.000221551
-0.000238096
-0.000235444
-0.000181737
-0.000113077
-0.000112233
-0.000183875
-0.000240208
-0.000224264
-0.000106716
6.3224e-05
0.000152794
8.48024e-05
-5.83787e-05
-0.000189723
-0.000237466
-0.000212599
-0.000139464
-9.90994e-05
-0.000121148
-0.000200213
-0.000293621
-0.00028207
-0.00018205
-0.000128838
-0.000128113
-6.06789e-05
1.73478e-05
2.78812e-05
-1.60183e-05
-5.53937e-05
-3.19664e-05
1.48071e-05
3.66275e-05
1.10321e-06
-6.64381e-05
-0.000109571
-0.000140067
-0.000158129
-0.000171182
-0.000184344
-0.000187952
-0.000180787
-0.000165481
-0.000144272
-0.000135355
-0.00012009
-0.000119976
-0.000118786
-0.000110767
-9.7995e-05
-8.70467e-05
-8.21215e-05
-8.51866e-05
-9.87193e-05
-0.000117269
-0.000128159
-0.000130163
-0.00011617
-0.000128377
-0.000139712
-0.000155267
-0.000147539
-0.00013094
-0.00011153
-0.000101691
-9.83529e-05
-8.93509e-05
-6.50096e-05
-4.84228e-05
-4.12885e-05
-3.31077e-05
-3.31544e-06
5.1481e-06
-2.22646e-05
-8.92846e-05
-0.000115296
-0.000141863
-0.000168637
-0.000195478
-0.000212532
-0.00021526
-0.000198031
-0.000165634
-0.000132495
-0.000118647
-0.000119505
-0.000120923
-0.000116649
-0.000112913
-0.000107891
-9.94827e-05
-8.60173e-05
-7.96654e-05
-9.45939e-05
-0.000118951
-0.000125254
-0.000102712
-0.000102926
-0.000104766
-0.0001285
-0.000151403
-0.00014558
-0.000121094
-0.00010396
-9.16886e-05
-6.76641e-05
-3.62603e-05
-3.7235e-05
-3.21878e-05
-1.75989e-05
-3.44883e-06
1.31481e-05
-3.25404e-05
-6.31061e-05
-8.50694e-05
-0.000108641
-0.000142807
-0.000185842
-0.000231132
-0.000251538
-0.000227984
-0.000176937
-0.000134958
-0.000124795
-0.000118203
-0.000123117
-0.000125833
-0.000134801
-0.000140312
-0.000112696
-7.93082e-05
-7.06632e-05
-9.68392e-05
-0.000127789
-0.000134012
-0.000120922
-0.000121715
-0.000127006
-0.000130331
-0.000138107
-0.000138949
-0.000124009
-0.000114058
-0.000110331
-9.41477e-05
-6.87551e-05
-5.99763e-05
-4.5001e-05
-3.45298e-05
-3.51668e-05
-5.14995e-05
-9.88874e-05
-7.8154e-05
-7.556e-05
-6.8434e-05
-8.25627e-05
-0.000128365
-0.000180702
-0.000216304
-0.000221308
-0.000192719
-0.000170279
-0.00018524
-0.000223129
-0.000224507
-0.00018791
-0.000157108
-0.00015668
-0.000136289
-0.000114884
-0.00010397
-0.000109947
-0.000133495
-0.000136489
-0.000118843
-0.00011245
-0.000128396
-0.000136556
-0.000144072
-0.000151067
-0.000154371
-0.000139589
-0.000118906
-0.000108209
-9.87424e-05
-8.81927e-05
-7.99517e-05
-6.04627e-05
-4.63634e-05
-4.20998e-05
-4.46751e-05
-5.66023e-05
-8.35484e-05
-7.63493e-05
-6.92871e-05
-9.23847e-05
-0.000134383
-0.000169786
-0.000199666
-0.000203836
-0.000203576
-0.000243392
-0.000332506
-0.000366289
-0.000311338
-0.00021735
-0.000152546
-0.000136084
-0.000125916
-0.000124103
-0.000126316
-0.000113331
-9.60464e-05
-9.57158e-05
-8.97544e-05
-0.000107175
-0.000132415
-0.000138386
-0.000153744
-0.000167631
-0.000172186
-0.000156151
-0.00012969
-0.000113793
-0.000109834
-8.9973e-05
-8.20092e-05
-6.48509e-05
-5.42175e-05
-4.87516e-05
-4.65086e-05
-5.91589e-05
-7.66228e-05
-7.20327e-05
-6.76637e-05
-8.45948e-05
-0.000124847
-0.000159317
-0.000197375
-0.000225914
-0.000220859
-0.000255165
-0.000332681
-0.00037988
-0.000309388
-0.000194583
-0.000115866
-8.99405e-05
-0.000135565
-0.000125134
-9.72483e-05
-4.24262e-05
-2.08728e-05
-5.37869e-05
-8.81894e-05
-0.000120352
-0.000152474
-0.000165365
-0.000174224
-0.000177092
-0.000179795
-0.000169018
-0.000143403
-0.000122672
-0.000114753
-9.44091e-05
-6.52373e-05
-4.95876e-05
-5.71962e-05
-7.32868e-05
-8.97015e-05
-0.000103655
-0.000113253
-9.16733e-05
-6.03109e-05
-8.057e-05
-0.000142597
-0.000143998
-0.000175195
-0.000227718
-0.000224247
-0.000231858
-0.000294547
-0.000340119
-0.000265914
-0.000141897
-7.05186e-05
-6.02507e-05
-9.60498e-05
-9.25342e-05
-5.3463e-05
-1.42207e-05
-2.45288e-05
-5.22777e-05
-7.61162e-05
-0.000111237
-0.000143757
-0.000162439
-0.0001805
-0.000193408
-0.000211302
-0.000202407
-0.00015713
-0.000118835
-9.61908e-05
-8.00089e-05
-7.16973e-05
-6.9498e-05
-8.46162e-05
-0.000118762
-0.000116388
-0.000126612
-0.000128405
-9.42722e-05
-3.41754e-05
-7.10576e-05
-0.00014405
-0.000136091
-0.000222523
-0.000291521
-0.000218913
-0.000186817
-0.000280678
-0.000345963
-0.00027177
-0.000128659
-6.4377e-05
-7.62716e-05
-0.000108062
-7.43249e-05
-7.72353e-06
-2.55125e-06
-5.66317e-05
-0.00011952
-0.000158044
-0.000159118
-0.000164186
-0.000191142
-0.000194902
-0.000209341
-0.0002316
-0.000220319
-0.000166974
-0.000123476
-0.000105972
-9.3147e-05
-7.02458e-05
-5.90859e-05
-9.1262e-05
-0.000129848
-0.000136323
-0.000141922
-0.000128281
-7.01934e-05
-2.67083e-05
-9.11965e-05
-8.61425e-05
-0.000131172
-0.000240105
-0.000260378
-0.000212133
-0.000218578
-0.000305531
-0.000298058
-0.00020181
-0.000129944
-0.000109392
-0.000110522
-9.13012e-05
-8.63044e-05
-3.68875e-05
-2.90685e-05
-5.71901e-05
-0.000108809
-0.000156949
-0.000171451
-0.00017939
-0.000193902
-0.000196223
-0.00021169
-0.000230696
-0.000216282
-0.000164264
-0.000122235
-0.00010529
-8.3485e-05
-3.36284e-05
-2.12954e-05
-8.6415e-05
-0.000134446
-0.00013463
-0.000135128
-0.000101348
-3.49182e-05
-1.62579e-05
-5.85562e-05
-5.54115e-05
-9.64643e-05
-0.000201544
-0.000252519
-0.000227567
-0.000234581
-0.00025646
-0.000219155
-0.000157798
-0.000123164
-0.0001271
-0.000138926
-9.96729e-05
-6.19246e-05
-4.69056e-05
-4.82094e-05
-6.40181e-05
-9.79522e-05
-0.000141495
-0.000169575
-0.000179084
-0.000184079
-0.000194732
-0.000200561
-0.00020383
-0.000191316
-0.000152019
-0.00012335
-0.000104925
-5.93048e-05
1.45765e-05
2.35224e-05
-5.49759e-05
-0.000113057
-0.000136359
-0.000134776
-7.28001e-05
-2.79416e-06
-5.52612e-06
-3.83075e-05
-3.16016e-05
-6.69513e-05
-0.000168104
-0.00024015
-0.000241384
-0.000243899
-0.000223825
-0.000176724
-0.000134992
-0.000118763
-0.00014034
-0.000150985
-0.000119907
-8.74705e-05
-7.77539e-05
-7.02118e-05
-7.16314e-05
-9.58888e-05
-0.000136983
-0.00016742
-0.00017518
-0.000197847
-0.00020369
-0.000186735
-0.000160378
-0.0001478
-0.000134283
-0.000139004
-0.000108412
-2.04239e-05
6.49249e-05
8.75745e-05
-1.23154e-05
-8.60321e-05
-0.000134401
-0.000122756
-4.75427e-05
-9.63537e-06
4.169e-07
-3.4472e-05
-2.65687e-05
-5.89047e-05
-0.000138705
-0.000225284
-0.000252587
-0.000258893
-0.000197888
-0.000133726
-0.000105358
-0.000114272
-0.000153995
-0.000151664
-0.000137568
-0.000113679
-0.000108716
-0.00010137
-9.8769e-05
-0.000122334
-0.000147731
-0.000168566
-0.000185188
-0.000205685
-0.000187313
-0.000136644
-0.000110807
-0.000116906
-0.000137827
-0.00016306
-9.47945e-05
2.49901e-05
9.04468e-05
9.4035e-05
3.38429e-06
-8.35648e-05
-0.000135704
-0.000109003
-2.66815e-05
1.03322e-05
-1.34173e-05
-4.36775e-05
-2.48282e-05
-6.06565e-05
-0.000139596
-0.000219566
-0.000258669
-0.000261042
-0.000184364
-9.31652e-05
-9.23043e-05
-0.000123783
-0.000156147
-0.000148815
-0.000142091
-0.000129977
-0.00012582
-0.000117011
-0.000125487
-0.000170806
-0.000179493
-0.00017804
-0.000196134
-0.000205887
-0.000155565
-9.55861e-05
-8.20882e-05
-9.30121e-05
-0.000169721
-0.000180341
-2.97503e-05
6.9732e-05
7.75279e-05
6.01442e-05
1.97597e-06
-9.25568e-05
-0.000138092
-9.14733e-05
-4.72065e-06
1.33056e-05
-2.12764e-05
-2.44785e-05
-1.69435e-05
-5.60858e-05
-0.000142802
-0.000229629
-0.000271229
-0.000261028
-0.000176831
-9.128e-05
-0.000104203
-0.000136998
-0.000147157
-0.000151931
-0.000147002
-0.000133333
-0.000117084
-0.00010739
-0.000139782
-0.000209456
-0.000212266
-0.000188498
-0.00018646
-0.000185273
-0.000115107
-4.70161e-05
-5.98832e-05
-0.000115458
-0.000248418
-0.000204851
3.44764e-05
9.78869e-05
5.01884e-05
4.08255e-05
1.57695e-06
-9.88794e-05
-0.00013489
-7.58318e-05
8.92516e-06
7.73835e-06
-1.36498e-05
-8.12335e-06
-9.21305e-06
-4.95879e-05
-0.00014295
-0.000242497
-0.000292461
-0.000283124
-0.000179418
-9.12456e-05
-0.000107372
-0.000148941
-0.000150234
-0.00017587
-0.000167523
-0.000132087
-9.18921e-05
-8.96447e-05
-0.000143642
-0.000221542
-0.000227111
-0.000198867
-0.000191925
-0.000153813
-6.35361e-05
-2.10066e-05
-9.26922e-05
-0.000240467
-0.000297748
-0.000160574
4.62936e-05
6.29498e-05
1.52711e-05
3.68163e-05
1.29017e-05
-9.13866e-05
-0.000124479
-6.47637e-05
8.93732e-08
-4.16316e-06
-2.28689e-05
-1.20253e-05
-3.14018e-06
-4.44507e-05
-0.000143804
-0.000249748
-0.000320203
-0.000309995
-0.000180792
-8.63605e-05
-0.000113385
-0.000168021
-0.000190125
-0.000204201
-0.000181243
-0.000127265
-7.74321e-05
-7.43719e-05
-0.000134057
-0.000211707
-0.000224418
-0.00021471
-0.000202316
-0.000131074
-4.1745e-05
-3.60431e-05
-0.000124505
-0.00024238
-0.000268713
-0.000136998
6.57851e-07
-2.93429e-06
-1.07474e-05
3.39376e-05
1.34065e-05
-8.34202e-05
-0.000108079
-4.92867e-05
4.12785e-07
-1.0281e-05
-2.19033e-05
-8.67393e-07
3.77369e-06
-4.35227e-05
-0.000141419
-0.000252365
-0.000340646
-0.000323927
-0.000172082
-9.13072e-05
-0.000129786
-0.000186924
-0.000215528
-0.000218239
-0.000179176
-0.000109595
-6.76234e-05
-6.29586e-05
-0.000104353
-0.000194956
-0.000235742
-0.000241232
-0.000219334
-0.000132383
-4.70481e-05
-5.47384e-05
-0.00013103
-0.000225147
-0.000241845
-0.00013999
-4.2175e-05
-3.92567e-05
-1.9415e-05
1.90649e-05
-4.51905e-06
-7.53246e-05
-8.24526e-05
-3.35126e-05
2.64372e-06
-1.35911e-05
-1.98476e-05
3.70774e-06
3.2652e-06
-4.7579e-05
-0.000136772
-0.00025308
-0.000350505
-0.000314544
-0.000166706
-0.0001144
-0.000148911
-0.000201213
-0.000227752
-0.000216585
-0.000166728
-8.49848e-05
-3.63747e-05
-3.8013e-05
-0.000103649
-0.000206755
-0.000256155
-0.000256706
-0.000227478
-0.000135163
-4.71531e-05
-5.70699e-05
-0.000133434
-0.00022537
-0.000238841
-0.0001495
-6.87137e-05
-5.34469e-05
-2.21976e-05
8.71859e-06
-4.66511e-06
-5.57124e-05
-6.14556e-05
-2.16385e-05
6.05517e-06
-1.4582e-05
-1.70627e-05
5.02566e-06
-4.1094e-07
-5.09808e-05
-0.000135441
-0.000249021
-0.000337974
-0.000301912
-0.000175709
-0.000133031
-0.000162496
-0.000209692
-0.00023228
-0.000207177
-0.000137989
-5.42178e-05
-1.55971e-05
-2.15274e-05
-0.000100679
-0.00021708
-0.000269692
-0.000265797
-0.000230983
-0.000134187
-4.90043e-05
-6.54509e-05
-0.000142527
-0.000230379
-0.000234394
-0.000149305
-8.29446e-05
-6.07571e-05
-2.20471e-05
1.0631e-05
5.26826e-07
-4.36281e-05
-4.90689e-05
-1.20464e-05
8.74951e-06
-1.48213e-05
-1.59982e-05
2.86836e-06
-3.65896e-06
-5.21643e-05
-0.000133907
-0.000244964
-0.000319668
-0.000287034
-0.000181946
-0.000144525
-0.000170337
-0.00021386
-0.000229866
-0.000194925
-0.000116094
-3.50195e-05
-4.52622e-06
-1.19477e-05
-0.000102032
-0.000224073
-0.000271672
-0.000263077
-0.00022344
-0.000131577
-5.89789e-05
-7.73333e-05
-0.000149122
-0.000230015
-0.000224401
-0.000144085
-8.95214e-05
-6.35672e-05
-2.28692e-05
8.03829e-06
-8.99278e-07
-3.9618e-05
-3.93157e-05
-5.756e-06
1.13652e-05
-1.27604e-05
-1.35956e-05
2.16297e-06
-8.46615e-06
-5.69068e-05
-0.000136227
-0.000239033
-0.000300693
-0.000273983
-0.000184998
-0.000150693
-0.000174045
-0.000214391
-0.000226796
-0.000185403
-0.000102592
-2.73008e-05
3.24237e-06
-9.27421e-06
-0.000106451
-0.000222445
-0.000262236
-0.000252913
-0.000211309
-0.000131272
-6.99937e-05
-8.49617e-05
-0.000150657
-0.000224643
-0.000209121
-0.000139273
-9.50543e-05
-6.70342e-05
-2.39338e-05
6.30723e-06
-2.96312e-06
-3.6783e-05
-3.23686e-05
-8.98469e-07
1.34749e-05
-1.15332e-05
-1.27369e-05
-4.12399e-07
-1.27459e-05
-6.01189e-05
-0.000137182
-0.000231812
-0.000286707
-0.000264691
-0.000186028
-0.000153832
-0.000174829
-0.000213032
-0.000223562
-0.000180124
-9.68189e-05
-2.27391e-05
5.85525e-06
-1.27592e-05
-0.000107781
-0.000211738
-0.000250446
-0.000241741
-0.000200486
-0.000132221
-7.73136e-05
-8.98318e-05
-0.000150416
-0.000218179
-0.000199152
-0.000137545
-9.90142e-05
-6.82577e-05
-2.39355e-05
4.86341e-06
-4.46814e-06
-3.4567e-05
-2.78376e-05
1.81122e-06
1.48231e-05
-1.00164e-05
-1.19178e-05
-1.5339e-06
-1.51115e-05
-6.25643e-05
-0.000137628
-0.000225974
-0.00027747
-0.000258473
-0.000186707
-0.000155847
-0.000174786
-0.000211714
-0.000221398
-0.000177716
-9.52272e-05
-2.25354e-05
4.5431e-06
-1.42271e-05
-0.00010478
-0.00020319
-0.000241111
-0.000232275
-0.000197496
-0.000133436
-8.26185e-05
-9.37352e-05
-0.00014918
-0.000214299
-0.00019407
-0.000136606
-0.000100867
-6.87471e-05
-2.41786e-05
3.57178e-06
-5.98459e-06
-3.36305e-05
-2.52598e-05
3.15866e-06
1.49779e-05
-9.3386e-06
-1.11807e-05
-2.09795e-06
-1.67891e-05
-6.42433e-05
-0.000138707
-0.00022394
-0.000272927
-0.000255168
-0.000187405
-0.000157366
-0.000175145
-0.000211253
-0.000220407
-0.000177218
-9.56885e-05
-2.33315e-05
3.8444e-06
-1.50537e-05
-0.000103861
-0.000199481
-0.000236467
-0.000227786
-0.000194158
-0.000133904
-8.57161e-05
-9.66165e-05
-0.000150184
-0.000212648
-0.00019132
-0.000135931
-0.000101699
-6.91015e-05
-2.44853e-05
2.45516e-06
-7.43326e-06
-3.35365e-05
-2.41537e-05
3.51121e-06
1.47314e-05
-8.73503e-06
-1.07761e-05
-2.46166e-06
-1.80583e-05
-6.53854e-05
-0.00014017
-0.000224177
-0.000271762
-0.000253942
-0.000188031
-0.0001584
-0.00017591
-0.000211581
-0.000220348
-0.000177241
-9.61983e-05
-2.38769e-05
3.68005e-06
-1.63641e-05
-0.000105059
-0.00019966
-0.000235851
-0.000226392
-0.000192435
-0.000133777
-8.7035e-05
-9.84886e-05
-0.00015192
-0.000212399
-0.000190648
-0.000135611
-0.000102013
-6.92055e-05
-2.47795e-05
2.02476e-06
-8.45195e-06
-3.3866e-05
-2.40769e-05
3.58117e-06
1.44758e-05
-8.48761e-06
-7.13497e-05
-9.77949e-05
-0.000119597
-0.000141067
-0.000162645
-0.000182701
-0.000191578
-0.000186593
-0.00017307
-0.000155923
-0.000143861
-0.000130418
-0.00012463
-0.000120089
-0.000110852
-0.000101027
-9.42738e-05
-9.1122e-05
-9.61066e-05
-0.000108674
-0.000120316
-0.000122877
-0.000117298
-0.000116446
-0.000129273
-0.000138247
-0.000145835
-0.000135295
-0.000121159
-0.000108315
-0.000102439
-0.000100972
-8.83526e-05
-7.12684e-05
-5.53089e-05
-3.79539e-05
-2.42566e-05
-1.15811e-05
-2.23924e-05
-4.41032e-05
-8.42278e-05
-9.91767e-05
-0.000119952
-0.000147719
-0.000184246
-0.000213809
-0.000225277
-0.000203424
-0.000165873
-0.000132252
-0.000121254
-0.00012621
-0.00013068
-0.000125432
-0.000114392
-0.000103051
-9.61815e-05
-9.08396e-05
-9.33403e-05
-0.00010492
-0.000112663
-0.000116833
-0.000107962
-0.000111603
-0.000119319
-0.00012738
-0.000124575
-0.000113884
-0.000100061
-9.74583e-05
-9.61276e-05
-8.02356e-05
-6.36294e-05
-5.73599e-05
-4.50268e-05
-3.09955e-05
-2.39467e-05
-3.81171e-05
-5.86516e-05
-7.31718e-05
-6.79419e-05
-8.7182e-05
-0.000118244
-0.000157777
-0.000203299
-0.00023427
-0.000234992
-0.000181484
-0.000138198
-0.000120656
-0.000132244
-0.0001465
-0.000146401
-0.00014612
-0.000134842
-9.80551e-05
-7.65166e-05
-7.29949e-05
-9.24544e-05
-0.000115325
-0.000114854
-9.93466e-05
-0.000106847
-0.000121819
-0.000129654
-0.000128523
-0.000120948
-0.000110324
-0.000101655
-9.19397e-05
-8.38468e-05
-8.11242e-05
-8.37279e-05
-7.36122e-05
-5.65462e-05
-5.26457e-05
-6.7397e-05
-8.50315e-05
-7.84757e-05
-6.46766e-05
-4.20484e-05
-6.05313e-05
-0.000103438
-0.000150898
-0.000192941
-0.000211394
-0.000194408
-0.000168014
-0.000153569
-0.00017918
-0.000179414
-0.000174994
-0.000171426
-0.000172464
-0.000140631
-0.000105293
-8.70191e-05
-8.68697e-05
-0.000103789
-0.000122741
-0.00010981
-0.000106555
-0.000118565
-0.000130028
-0.000143517
-0.000142806
-0.000136323
-0.000119674
-0.000106109
-0.000110128
-0.00010116
-0.000103597
-9.99465e-05
-9.02495e-05
-7.4373e-05
-6.06714e-05
-5.55465e-05
-5.7791e-05
-4.51519e-05
-4.39544e-05
-6.74929e-05
-8.26027e-05
-0.000119739
-0.000150907
-0.000179437
-0.000201779
-0.000213599
-0.000236219
-0.000275814
-0.000292787
-0.000249642
-0.000196171
-0.000163935
-0.00014938
-0.000129888
-0.000111032
-9.17856e-05
-9.5682e-05
-9.20114e-05
-0.000100477
-8.80806e-05
-9.057e-05
-0.000116966
-0.000145114
-0.000162239
-0.000172269
-0.00016496
-0.000137229
-0.000112278
-0.000102695
-0.000114795
-0.000129762
-0.000124323
-0.000109825
-7.49625e-05
-4.65206e-05
-4.45275e-05
-6.91824e-05
-8.95792e-05
-6.73988e-05
-8.17635e-05
-8.7619e-05
-0.000116442
-0.000146874
-0.000178154
-0.000208296
-0.000225288
-0.000252649
-0.000316449
-0.000328993
-0.000256671
-0.000181746
-0.000140148
-0.000117383
-0.000118057
-0.000119037
-9.77879e-05
-7.8634e-05
-7.44077e-05
-7.82182e-05
-7.77137e-05
-7.59367e-05
-0.000108016
-0.00015731
-0.000192504
-0.000202247
-0.00017641
-0.000129688
-0.000106801
-0.000106754
-0.00010559
-0.000108428
-9.55412e-05
-9.58364e-05
-0.00010884
-0.000118199
-0.000118513
-0.000137721
-0.0001329
-0.000119536
-6.45938e-05
-7.69464e-05
-9.40318e-05
-0.000113294
-0.000156314
-0.000211269
-0.000203054
-0.000199394
-0.000267479
-0.000293303
-0.000224218
-0.000148186
-0.000127913
-0.000137013
-0.000151185
-0.000125381
-7.88244e-05
-5.35268e-05
-7.7649e-05
-8.948e-05
-7.06757e-05
-6.66708e-05
-0.000105477
-0.000158556
-0.000196203
-0.000210313
-0.00018446
-0.000149725
-0.00012365
-0.000103913
-9.01593e-05
-8.00839e-05
-7.5446e-05
-0.000104949
-0.000156519
-0.000168423
-0.000138051
-0.000124809
-0.000121409
-9.40245e-05
-2.08385e-05
-4.8269e-05
-8.02576e-05
-0.000116081
-0.000184421
-0.000238069
-0.000182155
-0.000133832
-0.000219609
-0.000275191
-0.000230515
-0.000151738
-0.0001194
-0.000134767
-0.00013512
-9.44449e-05
-4.56856e-05
-2.62225e-05
-9.22844e-05
-0.000119735
-0.000108725
-8.63238e-05
-0.000103065
-0.000149961
-0.000207105
-0.000231147
-0.000213721
-0.000174314
-0.000133811
-0.000107687
-0.000103271
-8.84276e-05
-6.42008e-05
-8.91859e-05
-0.000154149
-0.000159911
-0.000100281
-8.77912e-05
-9.88578e-05
-6.11573e-05
-4.15544e-06
-3.37034e-05
-5.77962e-05
-0.000115816
-0.000237873
-0.000280823
-0.000186898
-0.000143471
-0.000216114
-0.000239344
-0.000204102
-0.000165634
-0.000150275
-0.000146079
-9.96451e-05
-4.82289e-05
-2.18085e-05
-6.97841e-05
-0.000118677
-0.000147185
-0.000133877
-0.000111695
-0.00012994
-0.000184208
-0.00022634
-0.000235574
-0.000212724
-0.000174333
-0.000133664
-0.00010428
-0.000105159
-8.85957e-05
-4.7575e-05
-7.80964e-05
-0.000150423
-0.000119888
-5.10388e-05
-7.12531e-05
-8.63779e-05
-4.14209e-05
-1.09545e-06
-1.62636e-05
-3.47319e-05
-0.000101736
-0.000233222
-0.000279764
-0.000213237
-0.000186463
-0.000224107
-0.000213257
-0.000183529
-0.00016646
-0.000153455
-0.000130288
-8.78709e-05
-5.07947e-05
-4.60871e-05
-9.31071e-05
-0.000121926
-0.000142678
-0.000136056
-0.000128603
-0.000141939
-0.000182192
-0.000221721
-0.000224171
-0.000195874
-0.000171721
-0.000142515
-9.66831e-05
-0.000111025
-8.27358e-05
-1.98033e-05
-5.09569e-05
-0.000109192
-8.15264e-05
-4.44918e-05
-7.05872e-05
-7.32053e-05
-2.16679e-05
5.26507e-06
6.19131e-06
-1.55366e-05
-7.42347e-05
-0.000197218
-0.000249759
-0.000203656
-0.000197393
-0.000225906
-0.000196957
-0.00017107
-0.000164407
-0.000153115
-0.000130201
-8.88337e-05
-6.68792e-05
-7.06132e-05
-7.59999e-05
-0.000114163
-0.000134656
-0.000141203
-0.000148652
-0.000161492
-0.000184181
-0.000209048
-0.000193136
-0.000176339
-0.000167515
-0.000110536
-0.000101055
-0.000132299
-4.62447e-05
6.44966e-05
1.12679e-05
-0.000100892
-7.40836e-05
-5.20126e-05
-5.61877e-05
-5.7352e-05
-2.03265e-05
3.07838e-05
1.84279e-05
-1.22558e-05
-6.70117e-05
-0.000173526
-0.000223262
-0.000207341
-0.000212965
-0.000246459
-0.000183319
-0.000154462
-0.000159221
-0.000154348
-0.000145885
-9.45072e-05
-8.3589e-05
-9.44717e-05
-0.00010399
-0.000125105
-0.000148562
-0.000160347
-0.000172678
-0.000183788
-0.000191253
-0.000174228
-0.000147408
-0.00015673
-0.000161151
-8.28503e-05
-0.000128853
-0.000143902
-5.91006e-06
7.97943e-05
-2.33652e-05
-0.000120401
-8.99101e-05
-5.6947e-05
-5.02893e-05
-5.35351e-05
-1.13739e-05
2.71582e-05
6.33118e-06
-1.75886e-05
-6.72726e-05
-0.000166161
-0.000211979
-0.000204807
-0.00021969
-0.00023809
-0.00018775
-0.000146149
-0.000152056
-0.000155518
-0.000142546
-0.000103229
-9.99874e-05
-0.000111525
-0.000138403
-0.000161235
-0.000189165
-0.000183723
-0.000171779
-0.00019016
-0.000199853
-0.000152716
-0.000106394
-0.000126477
-0.000146317
-0.000116743
-0.000207279
-0.000203419
3.5013e-06
6.04932e-05
-6.40617e-05
-0.000138463
-9.7523e-05
-6.0763e-05
-4.65052e-05
-3.82947e-05
7.46519e-06
1.76865e-05
5.82457e-06
-5.70608e-06
-6.30169e-05
-0.000164415
-0.000208464
-0.000205415
-0.000228752
-0.000241339
-0.000182523
-0.000146183
-0.000149956
-0.000163273
-0.000141912
-0.000119831
-0.000122562
-0.000136873
-0.000151385
-0.000180894
-0.000214792
-0.000194456
-0.000186557
-0.000218516
-0.000213444
-0.000118984
-5.57909e-05
-8.77268e-05
-0.000132733
-0.000161182
-0.000287377
-0.000217336
1.59994e-05
2.6136e-05
-0.000103118
-0.000147836
-9.77792e-05
-6.32545e-05
-4.26592e-05
-2.79916e-05
1.11519e-05
1.71505e-05
1.2047e-05
1.46516e-06
-6.01784e-05
-0.000160212
-0.000203794
-0.000211814
-0.000252681
-0.000257159
-0.000187138
-0.000150051
-0.000153003
-0.000165196
-0.000163952
-0.000153482
-0.000142519
-0.000137996
-0.000147485
-0.000179124
-0.000217609
-0.000194148
-0.000194536
-0.000252096
-0.000232584
-0.000119564
-4.74298e-05
-7.33098e-05
-0.000128087
-0.000182872
-0.000261909
-0.000160936
3.05214e-06
-3.74373e-05
-0.000139431
-0.000154869
-9.79986e-05
-6.8254e-05
-4.40815e-05
-1.51213e-05
1.63641e-05
2.01932e-05
1.47326e-05
4.42961e-06
-5.50212e-05
-0.000146736
-0.000194515
-0.000230071
-0.000286958
-0.000275252
-0.000190095
-0.000148575
-0.00015226
-0.000175275
-0.000194559
-0.000176827
-0.000144665
-0.000132077
-0.000137945
-0.000175682
-0.000214299
-0.000179344
-0.00018138
-0.00024586
-0.000230406
-0.000110115
-3.21474e-05
-4.40786e-05
-9.87794e-05
-0.000144816
-0.000191572
-0.000126469
-4.10611e-05
-9.74013e-05
-0.000168332
-0.000156092
-9.61518e-05
-6.75724e-05
-4.29052e-05
-4.1221e-06
2.34881e-05
2.28617e-05
1.57103e-05
7.08322e-06
-4.78006e-05
-0.000130069
-0.000176315
-0.000232611
-0.000303324
-0.000284503
-0.000191008
-0.000154517
-0.000162504
-0.000196235
-0.000217048
-0.000180617
-0.000131744
-0.000113277
-0.000134991
-0.000178819
-0.000214185
-0.00016156
-0.00015231
-0.000203031
-0.000210472
-0.000105891
-1.33188e-05
-2.36286e-05
-7.94683e-05
-0.000118653
-0.000179337
-0.000118499
-6.85062e-05
-0.000126222
-0.000183902
-0.000145859
-8.95121e-05
-6.3103e-05
-3.58066e-05
9.8533e-06
3.18568e-05
2.20271e-05
1.54395e-05
6.97757e-06
-4.25552e-05
-0.000109639
-0.000150091
-0.000221382
-0.000303524
-0.000272462
-0.000193669
-0.000165127
-0.000177481
-0.000217201
-0.000229606
-0.000168774
-0.000106933
-9.37082e-05
-0.000127219
-0.000186444
-0.000210351
-0.00014602
-0.000130415
-0.000181857
-0.000200999
-0.000100322
-6.33058e-07
-1.99292e-05
-7.93489e-05
-0.000108318
-0.00015972
-0.000117517
-8.29583e-05
-0.000132775
-0.000170111
-0.000128363
-7.91834e-05
-5.65119e-05
-2.69365e-05
2.15568e-05
3.58214e-05
2.38913e-05
1.97433e-05
9.89173e-06
-3.74765e-05
-9.42052e-05
-0.000128606
-0.000204527
-0.000284714
-0.000258051
-0.000196207
-0.000175053
-0.000192091
-0.00023186
-0.000223418
-0.000143959
-8.36709e-05
-9.29791e-05
-0.000126357
-0.000184994
-0.000195452
-0.000118538
-0.000106429
-0.000170435
-0.000204402
-0.000108868
-6.13646e-06
-2.11049e-05
-7.90746e-05
-0.000103759
-0.000145112
-0.000120829
-9.71138e-05
-0.000128911
-0.000143288
-0.000106781
-7.27133e-05
-5.47653e-05
-2.22055e-05
2.6496e-05
3.74077e-05
2.9907e-05
2.65484e-05
1.39507e-05
-3.21162e-05
-8.37505e-05
-0.000114884
-0.000195021
-0.000268911
-0.000248372
-0.000199111
-0.000183155
-0.000200296
-0.000231539
-0.000209615
-0.000128884
-7.84274e-05
-8.9519e-05
-0.000122033
-0.000174238
-0.000165178
-8.71316e-05
-8.60076e-05
-0.000166366
-0.000211144
-0.000116574
-5.3669e-06
-2.25495e-05
-8.10054e-05
-0.000104384
-0.000138599
-0.00012481
-0.000100185
-0.000114952
-0.000124492
-0.000101351
-7.32731e-05
-5.42397e-05
-1.84982e-05
3.11502e-05
4.16701e-05
3.68961e-05
3.36649e-05
1.65844e-05
-3.05469e-05
-8.1059e-05
-0.000112058
-0.000191984
-0.000258203
-0.000243373
-0.000202257
-0.00018747
-0.000200805
-0.00022558
-0.000197926
-0.000120991
-7.45883e-05
-8.26115e-05
-0.000114668
-0.000159398
-0.000137014
-6.74108e-05
-7.86332e-05
-0.000165596
-0.000209099
-0.000112919
-5.71171e-06
-3.31749e-05
-8.65892e-05
-0.000103315
-0.000131351
-0.000123481
-0.000102772
-0.000111765
-0.000116948
-9.72354e-05
-7.17764e-05
-5.18444e-05
-1.38113e-05
3.67019e-05
4.66236e-05
4.01868e-05
3.56833e-05
1.54131e-05
-3.19446e-05
-8.21249e-05
-0.000114619
-0.00019148
-0.000252187
-0.000240579
-0.000203481
-0.000187701
-0.000198872
-0.000219912
-0.000189685
-0.000115183
-6.89838e-05
-7.47798e-05
-0.000106704
-0.000144444
-0.000119089
-6.31926e-05
-8.20625e-05
-0.000165921
-0.000201078
-0.000105671
-5.81938e-06
-4.20789e-05
-9.00242e-05
-0.000102169
-0.00012768
-0.000123615
-0.000105139
-0.000106628
-0.00011162
-9.29716e-05
-6.90143e-05
-4.77676e-05
-8.29194e-06
4.06765e-05
4.90637e-05
3.97022e-05
3.50125e-05
1.37621e-05
-3.36164e-05
-8.40439e-05
-0.000118169
-0.00019121
-0.000248373
-0.000238668
-0.000203166
-0.00018705
-0.000198224
-0.000216079
-0.000183374
-0.000110801
-6.55201e-05
-6.70998e-05
-9.80585e-05
-0.000136713
-0.00011785
-6.74149e-05
-8.60641e-05
-0.000163711
-0.000192819
-0.000100015
-9.91711e-06
-4.94998e-05
-9.38249e-05
-0.000102786
-0.000126199
-0.000123438
-0.000106014
-0.000105057
-0.000107994
-8.94785e-05
-6.64709e-05
-4.42246e-05
-4.89667e-06
4.11375e-05
4.8176e-05
3.85367e-05
3.43457e-05
1.27025e-05
-3.48955e-05
-8.56387e-05
-0.000120331
-0.000191362
-0.0002465
-0.000237349
-0.000202624
-0.000186871
-0.000198107
-0.000213631
-0.000180249
-0.000109147
-6.29028e-05
-6.47104e-05
-9.76525e-05
-0.000134839
-0.000115619
-6.87389e-05
-8.83277e-05
-0.000163084
-0.000188181
-9.78208e-05
-1.33483e-05
-5.42487e-05
-9.68215e-05
-0.000103971
-0.000125725
-0.000123352
-0.000106165
-0.000104128
-0.000106166
-8.7938e-05
-6.56155e-05
-4.25622e-05
-3.25509e-06
4.09211e-05
4.63105e-05
3.80603e-05
3.40631e-05
1.22612e-05
-3.53726e-05
-8.63919e-05
-0.000121942
-0.000192166
-0.000246142
-0.000236704
-0.000202134
-0.000186749
-0.000198527
-0.000213439
-0.000179858
-0.000109444
-6.34549e-05
-6.482e-05
-9.71301e-05
-0.000132584
-0.00011425
-6.9208e-05
-8.95689e-05
-0.000162843
-0.000186008
-9.6638e-05
-1.46075e-05
-5.60755e-05
-9.85771e-05
-0.000104536
-0.000125824
-0.000123519
-0.000106447
-0.000103748
-0.000105834
-8.78788e-05
-6.58146e-05
-4.21931e-05
-2.28611e-06
4.0999e-05
4.57428e-05
-6.24071e-05
-7.59659e-05
-9.18018e-05
-0.00011654
-0.000144851
-0.000173484
-0.000187409
-0.00018784
-0.000178158
-0.000164367
-0.00015798
-0.000140378
-0.000128876
-0.000117219
-0.000107087
-0.000103478
-0.000103092
-0.000100746
-0.000106079
-0.000115637
-0.000121386
-0.000119211
-0.000113711
-0.000116427
-0.000124321
-0.000126218
-0.000126626
-0.000122601
-0.00011752
-0.000110659
-0.000106248
-0.000102913
-8.64444e-05
-6.50191e-05
-4.70426e-05
-4.36377e-05
-3.33299e-05
-2.99818e-05
-3.7298e-05
-5.3259e-05
-7.02821e-05
-7.65047e-05
-9.3217e-05
-0.000125258
-0.000169176
-0.000206285
-0.000219702
-0.000203956
-0.000177802
-0.000154444
-0.000137735
-0.000139545
-0.000135203
-0.00012566
-0.000111212
-9.75967e-05
-8.99279e-05
-9.00061e-05
-0.000100753
-0.000115879
-0.000126048
-0.000123858
-0.000110677
-0.00011527
-0.000121048
-0.000117682
-0.000109908
-0.000102864
-0.000100344
-9.85134e-05
-0.000100517
-9.45252e-05
-8.47584e-05
-7.36085e-05
-5.37044e-05
-4.13166e-05
-3.59875e-05
-4.33111e-05
-5.89163e-05
-6.65544e-05
-5.74222e-05
-6.9786e-05
-9.71396e-05
-0.000136797
-0.00018373
-0.000213517
-0.00021269
-0.000179735
-0.000158878
-0.000146417
-0.000152325
-0.000158677
-0.000143078
-0.000128066
-0.000116695
-0.000111283
-8.65978e-05
-7.86029e-05
-9.10482e-05
-0.000110196
-0.000113038
-9.53295e-05
-0.000103606
-0.000120597
-0.000124236
-0.000115023
-0.000104976
-9.54258e-05
-8.51036e-05
-8.50257e-05
-8.77718e-05
-9.62254e-05
-0.000109633
-9.61103e-05
-6.81563e-05
-5.53943e-05
-6.56858e-05
-8.03559e-05
-7.89429e-05
-6.19592e-05
-1.88733e-05
-3.63997e-05
-8.40655e-05
-0.000137728
-0.000184161
-0.000206613
-0.000185233
-0.000148124
-0.000131654
-0.000136172
-0.000159503
-0.000164984
-0.000150846
-0.000140405
-0.000120292
-9.73868e-05
-8.52807e-05
-8.96853e-05
-0.000105661
-0.000107137
-9.93347e-05
-9.36876e-05
-0.000114463
-0.000139513
-0.000137227
-0.000129518
-0.000121392
-0.000107369
-9.09269e-05
-8.60649e-05
-9.2972e-05
-0.000114484
-0.000123352
-0.000108516
-7.26824e-05
-4.96804e-05
-5.47144e-05
-7.16526e-05
-5.88191e-05
-3.22497e-05
-2.52061e-05
-5.75732e-05
-0.000111502
-0.000148343
-0.000170795
-0.000196379
-0.000197538
-0.000183159
-0.000185414
-0.000202318
-0.00020048
-0.000184183
-0.000165089
-0.000148091
-0.000132134
-0.00010689
-9.37994e-05
-9.55855e-05
-0.000116074
-0.000107939
-9.39173e-05
-8.90825e-05
-0.000115491
-0.000142933
-0.000145879
-0.000148016
-0.000141656
-0.000127012
-0.000103957
-8.78814e-05
-9.83789e-05
-0.000125415
-0.000129247
-0.000111093
-6.76831e-05
-5.43646e-05
-7.9776e-05
-9.96154e-05
-6.36934e-05
-3.57549e-05
-3.23196e-05
-5.91159e-05
-0.000102604
-0.000132766
-0.00015081
-0.000178679
-0.00019399
-0.000200348
-0.00022883
-0.000241245
-0.000219471
-0.000193422
-0.000164771
-0.000143617
-0.000132202
-0.000118946
-0.00011663
-0.000102242
-0.000102064
-9.0446e-05
-7.11333e-05
-7.29488e-05
-0.000109906
-0.000150677
-0.000172247
-0.000180628
-0.000170974
-0.000134229
-9.7267e-05
-8.70109e-05
-0.000103586
-0.000129079
-0.000134313
-0.000116813
-9.9272e-05
-8.82375e-05
-9.83851e-05
-0.000116169
-8.51879e-05
-5.00059e-05
-6.79994e-06
-4.17858e-05
-7.72501e-05
-0.000100723
-0.000155673
-0.000218573
-0.000212939
-0.000183207
-0.000208335
-0.000233275
-0.000210728
-0.000171716
-0.000158104
-0.000154298
-0.000159984
-0.000116201
-8.3305e-05
-7.92705e-05
-0.000101484
-0.000100541
-7.38901e-05
-5.46677e-05
-8.63857e-05
-0.000140139
-0.000189997
-0.000214077
-0.000195821
-0.000137036
-0.000100952
-8.82305e-05
-0.000100374
-0.000126346
-0.000130498
-0.000120887
-0.000104281
-7.97423e-05
-8.54432e-05
-9.63269e-05
-5.12974e-05
-6.52947e-06
3.00488e-06
-2.26957e-05
-6.56791e-05
-9.16818e-05
-0.000163022
-0.000225534
-0.000192887
-0.000158519
-0.000200582
-0.000229383
-0.000204232
-0.000173974
-0.000178165
-0.000164804
-0.000116353
-5.83466e-05
-4.35553e-05
-7.84454e-05
-0.000121981
-0.000123586
-9.06211e-05
-6.93462e-05
-8.50728e-05
-0.000139158
-0.000199029
-0.000228904
-0.000198977
-0.000144066
-0.000107438
-9.1552e-05
-0.000115158
-0.000128481
-0.000115173
-9.8726e-05
-8.68877e-05
-6.84604e-05
-7.32727e-05
-7.75893e-05
-3.47952e-05
8.52181e-09
-2.1444e-05
-3.22268e-05
-4.95535e-05
-8.27969e-05
-0.000169238
-0.000219807
-0.000195157
-0.000180908
-0.000206036
-0.000213129
-0.000209067
-0.000220475
-0.000209084
-0.000137899
-6.11296e-05
-2.70867e-05
-4.79412e-05
-0.000104633
-0.00014245
-0.000138716
-0.000107753
-8.91653e-05
-0.000117686
-0.000152597
-0.000194798
-0.000213622
-0.000194618
-0.000155557
-0.000122382
-9.70506e-05
-0.000114314
-0.000122812
-0.000100531
-8.84465e-05
-8.13098e-05
-6.68996e-05
-8.01626e-05
-7.64851e-05
-3.96229e-05
-1.99345e-05
-2.13373e-05
-5.05571e-06
-1.27614e-05
-6.33698e-05
-0.000163834
-0.000220918
-0.000210165
-0.000194187
-0.000192845
-0.000184297
-0.000191242
-0.000218858
-0.000202024
-0.000117574
-4.57905e-05
-3.81227e-05
-7.31429e-05
-0.000120689
-0.000145616
-0.00014226
-0.000125376
-0.000119303
-0.000117036
-0.000150162
-0.000177164
-0.000188496
-0.000157109
-0.000171825
-0.000137214
-9.02375e-05
-0.00011845
-0.000132745
-0.000108913
-0.000112489
-0.000117726
-0.000106927
-9.42478e-05
-6.93528e-05
-4.09894e-05
-3.18601e-05
2.12022e-05
4.92759e-05
2.96379e-05
-4.51452e-05
-0.000154825
-0.000216851
-0.000204183
-0.000184616
-0.000174419
-0.000169245
-0.000180361
-0.000203604
-0.000182485
-0.000107029
-5.14069e-05
-4.3701e-05
-7.91251e-05
-0.0001108
-0.000127602
-0.000136025
-0.000141775
-0.000155951
-0.000168114
-0.000160844
-0.000162088
-0.00015799
-0.000170605
-0.000211314
-0.00016349
-0.000108465
-0.000149209
-0.000125616
-0.00010856
-0.000162574
-0.000180829
-0.000153806
-8.49978e-05
-4.67056e-05
-2.1684e-05
-1.08369e-05
4.68538e-05
8.14015e-05
4.00542e-05
-4.48337e-05
-0.00014945
-0.000206895
-0.000197888
-0.000182356
-0.000160161
-0.000158832
-0.000174092
-0.000196237
-0.000170212
-9.64426e-05
-5.61378e-05
-5.37203e-05
-8.18984e-05
-0.000100774
-0.000115728
-0.000137286
-0.000153888
-0.000168138
-0.000175781
-0.000163661
-0.000149118
-0.00014888
-0.000187617
-0.000244147
-0.000154647
-0.00012302
-0.000191608
-0.000131985
-0.000123196
-0.000200353
-0.000203958
-0.000134939
-5.78213e-05
-1.12362e-05
1.88382e-06
6.25069e-06
4.22082e-05
5.84654e-05
2.58877e-05
-5.78857e-05
-0.000157299
-0.000208188
-0.000192184
-0.000169538
-0.000157189
-0.000152523
-0.000175504
-0.000197798
-0.000165813
-9.73587e-05
-6.05973e-05
-6.11041e-05
-8.4061e-05
-9.7915e-05
-0.000113645
-0.000139685
-0.000150885
-0.000162596
-0.000168236
-0.000162258
-0.000141788
-0.000127955
-0.000202966
-0.000217175
-0.000126784
-0.000135545
-0.000211083
-0.000140038
-0.000145361
-0.000226656
-0.000208956
-0.000109126
-3.18611e-05
1.33992e-05
1.34491e-05
1.08775e-05
2.99217e-05
3.44199e-05
8.98191e-06
-6.91851e-05
-0.00016394
-0.000206381
-0.000182411
-0.000159444
-0.000153429
-0.000152665
-0.000179903
-0.000201186
-0.000164731
-9.98321e-05
-6.86201e-05
-6.90109e-05
-8.55052e-05
-9.15335e-05
-0.00010766
-0.000138728
-0.000150846
-0.000156564
-0.00017525
-0.000169705
-0.00014059
-0.000126808
-0.000213303
-0.000199889
-0.000103425
-0.000116417
-0.000182717
-0.000131637
-0.000171855
-0.000238739
-0.000201169
-8.59106e-05
-1.9571e-05
1.438e-05
1.5863e-05
1.17551e-05
2.21347e-05
2.92941e-05
3.25662e-06
-7.5376e-05
-0.000169397
-0.000192472
-0.000162308
-0.000149509
-0.000155164
-0.000158276
-0.000186525
-0.000203483
-0.000163468
-0.000103758
-7.73502e-05
-7.54784e-05
-8.61278e-05
-8.61864e-05
-0.000106109
-0.000139978
-0.000149034
-0.00015317
-0.000179727
-0.000178472
-0.000143291
-0.000150623
-0.000244435
-0.00019721
-9.28085e-05
-0.000105382
-0.000146017
-0.000127203
-0.000184331
-0.000226553
-0.000172809
-7.46298e-05
-1.6673e-05
1.23668e-05
1.69111e-05
1.06399e-05
1.81763e-05
3.2472e-05
2.07325e-06
-8.66494e-05
-0.000165713
-0.000161654
-0.00012745
-0.000139378
-0.00016106
-0.00016371
-0.000187209
-0.000197369
-0.000160262
-0.000112021
-8.43018e-05
-7.75149e-05
-8.42447e-05
-8.6071e-05
-0.000110919
-0.000147386
-0.000145101
-0.000138593
-0.000168265
-0.000186102
-0.000181413
-0.000203846
-0.000281256
-0.000188207
-7.69106e-05
-8.10112e-05
-0.000117291
-0.000120763
-0.000181134
-0.000210024
-0.000152555
-6.1871e-05
-8.43251e-06
1.41351e-05
1.87821e-05
7.90436e-06
2.20256e-05
4.08239e-05
-9.60114e-07
-9.25201e-05
-0.000152116
-0.000125051
-9.62142e-05
-0.000127334
-0.000159658
-0.000163092
-0.000182406
-0.000187755
-0.000158538
-0.0001235
-9.23217e-05
-7.62895e-05
-7.88939e-05
-8.11409e-05
-0.000112836
-0.000150099
-0.000139903
-0.000129767
-0.000156324
-0.000185757
-0.000190643
-0.000217205
-0.000264579
-0.000163936
-5.85571e-05
-6.47504e-05
-0.000102398
-0.00011921
-0.000177195
-0.000191254
-0.00012254
-3.37923e-05
4.23272e-06
1.40426e-05
1.6872e-05
9.43809e-06
3.18636e-05
4.76458e-05
-5.44497e-06
-9.22225e-05
-0.000136017
-0.00010158
-8.49446e-05
-0.000122043
-0.000161244
-0.000163431
-0.00017829
-0.000183495
-0.000162445
-0.000134266
-9.3482e-05
-7.37028e-05
-7.29283e-05
-7.4834e-05
-0.000116858
-0.000145833
-0.000136052
-0.000134303
-0.000152777
-0.000174944
-0.000172453
-0.000204808
-0.000240004
-0.000151771
-5.00678e-05
-5.50556e-05
-0.000101579
-0.000122163
-0.000163302
-0.000156032
-8.09137e-05
-8.13886e-06
1.06122e-05
1.5054e-05
1.59854e-05
1.22168e-05
4.57113e-05
5.18551e-05
-3.97036e-06
-8.64982e-05
-0.000128544
-0.000100017
-9.08329e-05
-0.000128484
-0.000163557
-0.000165095
-0.00017962
-0.000185358
-0.000165639
-0.000134867
-9.19366e-05
-7.23108e-05
-6.46684e-05
-6.53159e-05
-0.000117495
-0.000139805
-0.000139293
-0.000134654
-0.000135175
-0.000150015
-0.000149434
-0.000189783
-0.000224017
-0.000139512
-3.72931e-05
-5.41903e-05
-0.000103812
-0.000118226
-0.000140907
-0.000128245
-5.65927e-05
4.08506e-07
8.17159e-06
1.09461e-05
1.56157e-05
2.11024e-05
5.22287e-05
5.5007e-05
-1.47414e-06
-8.52888e-05
-0.000126755
-0.00010243
-9.75886e-05
-0.000133865
-0.000164529
-0.000166767
-0.000182136
-0.000186816
-0.000164682
-0.000128905
-8.70853e-05
-6.59879e-05
-5.40079e-05
-6.04754e-05
-0.000116335
-0.000140499
-0.000139558
-0.000118306
-0.000107612
-0.000127751
-0.000138091
-0.000186487
-0.000209185
-0.000102501
-2.89278e-05
-5.9096e-05
-0.000109645
-0.000117917
-0.000127353
-0.000118632
-5.55004e-05
-6.42977e-06
2.80596e-06
9.5124e-06
2.39013e-05
3.23081e-05
5.2616e-05
5.66252e-05
-7.07176e-07
-8.52655e-05
-0.000126651
-0.000105771
-0.000102141
-0.000137499
-0.000164057
-0.000167595
-0.000183
-0.000186815
-0.00016182
-0.0001203
-7.67099e-05
-5.51657e-05
-4.70605e-05
-6.13256e-05
-0.000117142
-0.000139679
-0.000126245
-9.66635e-05
-9.39871e-05
-0.000125455
-0.00013816
-0.000181609
-0.000195983
-0.000105421
-3.60097e-05
-6.40432e-05
-0.000108449
-0.00011705
-0.000129971
-0.000119288
-5.36722e-05
-6.01267e-06
3.1157e-06
1.3873e-05
3.01495e-05
3.47391e-05
5.15401e-05
5.55002e-05
-2.27284e-06
-8.58025e-05
-0.000126323
-0.000107376
-0.000103902
-0.000138182
-0.000162504
-0.000168009
-0.000184419
-0.000188355
-0.000158808
-0.000110309
-6.52904e-05
-4.6919e-05
-4.24529e-05
-5.67526e-05
-0.000112043
-0.000131171
-0.000113163
-8.61072e-05
-9.20082e-05
-0.000125803
-0.000139349
-0.000184327
-0.000189202
-0.00010216
-3.87578e-05
-6.7158e-05
-0.000110714
-0.00011975
-0.000128862
-0.000113918
-4.88419e-05
-3.92137e-06
6.48732e-06
2.00598e-05
3.29704e-05
3.34161e-05
5.11447e-05
5.3794e-05
-3.41489e-06
-8.56089e-05
-0.000124721
-0.000106963
-0.00010377
-0.000137567
-0.000161348
-0.00016902
-0.000186161
-0.000188811
-0.000154943
-0.000102795
-5.70676e-05
-3.95627e-05
-3.63647e-05
-5.25811e-05
-0.000103152
-0.000122614
-0.000112602
-8.99908e-05
-9.32165e-05
-0.000124782
-0.00014152
-0.000185588
-0.000183102
-0.000101034
-4.26778e-05
-7.02013e-05
-0.000111777
-0.000120815
-0.000126616
-0.000109214
-4.59309e-05
-2.73905e-06
9.02222e-06
2.26635e-05
3.18819e-05
3.32568e-05
5.14991e-05
5.23804e-05
-4.04894e-06
-8.46841e-05
-0.000122543
-0.000105916
-0.000103628
-0.000137475
-0.000161008
-0.000169361
-0.00018611
-0.000187174
-0.000151561
-9.81651e-05
-5.25932e-05
-3.53032e-05
-3.10081e-05
-4.75429e-05
-0.000107497
-0.000127972
-0.000112831
-8.84028e-05
-9.3768e-05
-0.000124732
-0.00014355
-0.00018612
-0.000178426
-9.98145e-05
-4.53533e-05
-7.2248e-05
-0.000112626
-0.000121361
-0.000124836
-0.000106256
-4.51361e-05
-3.77557e-06
8.62572e-06
2.30613e-05
3.26249e-05
3.46935e-05
5.17717e-05
5.17435e-05
-4.26359e-06
-8.3827e-05
-0.00012099
-0.000105134
-0.000103615
-0.000137477
-0.000160558
-0.000168606
-0.000184723
-0.000185116
-0.000149422
-9.59882e-05
-5.07861e-05
-3.43076e-05
-3.20114e-05
-4.99537e-05
-0.000105907
-0.000126141
-0.000112774
-8.84308e-05
-9.43071e-05
-0.000125606
-0.000144482
-0.000186451
-0.000177154
-9.91194e-05
-4.64351e-05
-7.33104e-05
-0.00011314
-0.000121807
-0.000124274
-0.000104932
-4.47401e-05
-4.59712e-06
7.87122e-06
2.32108e-05
3.38116e-05
3.61988e-05
-4.3131e-05
-5.4909e-05
-6.87698e-05
-9.73665e-05
-0.000128792
-0.000160987
-0.000180418
-0.000186134
-0.000182887
-0.000173474
-0.000165092
-0.000145265
-0.000127781
-0.000109891
-9.88951e-05
-9.94642e-05
-0.000104512
-0.00010124
-0.000105719
-0.000112496
-0.000117914
-0.000115239
-0.000110534
-0.000116862
-0.000120441
-0.000120885
-0.000121387
-0.000118697
-0.000114282
-0.000107421
-0.000101431
-9.69321e-05
-8.49374e-05
-6.44149e-05
-4.63834e-05
-4.07268e-05
-2.51549e-05
-2.75293e-05
-2.6471e-05
-2.73974e-05
-5.94827e-05
-6.18568e-05
-7.4857e-05
-0.000104299
-0.0001472
-0.000186129
-0.000203409
-0.000199901
-0.00018897
-0.00017618
-0.000158622
-0.000153713
-0.00013984
-0.000119865
-9.99935e-05
-8.76945e-05
-8.35549e-05
-8.63556e-05
-9.93158e-05
-0.000116104
-0.000123388
-0.000118744
-0.000115499
-0.000118353
-0.000122224
-0.000119831
-0.000110485
-0.000100975
-9.08779e-05
-8.49413e-05
-8.37035e-05
-8.66519e-05
-8.8383e-05
-8.28118e-05
-6.66408e-05
-4.6603e-05
-3.64339e-05
-3.55998e-05
-4.72233e-05
-5.46631e-05
-4.26047e-05
-5.86142e-05
-8.87428e-05
-0.000127576
-0.000168909
-0.000190255
-0.000186962
-0.000173748
-0.000168343
-0.000169315
-0.000167587
-0.000169794
-0.000166905
-0.000136333
-0.000116665
-0.000108435
-9.58334e-05
-8.74201e-05
-9.15888e-05
-0.000101164
-0.000106347
-0.000103067
-0.000108526
-0.000117604
-0.000124302
-0.000118149
-0.000108889
-0.000100285
-8.52975e-05
-6.90839e-05
-6.8426e-05
-7.76558e-05
-9.10587e-05
-9.05103e-05
-7.27274e-05
-6.21369e-05
-6.44745e-05
-6.75847e-05
-6.00493e-05
-5.02718e-05
-1.51775e-05
-3.14798e-05
-7.12857e-05
-0.000126711
-0.000178449
-0.000198877
-0.000179282
-0.000156223
-0.00014359
-0.000148793
-0.000171723
-0.000177869
-0.000170195
-0.000137332
-0.000113542
-9.58159e-05
-8.3851e-05
-8.12949e-05
-8.95386e-05
-9.92674e-05
-0.000103297
-9.89014e-05
-0.000106012
-0.000122221
-0.000132023
-0.000133761
-0.000129298
-0.00011403
-8.7422e-05
-7.14135e-05
-7.49948e-05
-9.27449e-05
-0.000104081
-9.51315e-05
-7.19182e-05
-5.70644e-05
-6.09575e-05
-6.88978e-05
-5.29992e-05
-2.77944e-05
5.30746e-06
-2.47089e-05
-7.06544e-05
-0.000119698
-0.000166775
-0.000188972
-0.000176852
-0.000150887
-0.000154888
-0.000171977
-0.00019062
-0.00018273
-0.00016656
-0.0001405
-0.000109653
-8.75904e-05
-7.39455e-05
-7.92816e-05
-9.7585e-05
-0.000107232
-0.000100675
-7.93984e-05
-9.6136e-05
-0.000116592
-0.000125493
-0.000137526
-0.000149829
-0.000138463
-0.000104895
-8.13504e-05
-8.36063e-05
-0.000100663
-9.67438e-05
-8.40644e-05
-7.69202e-05
-7.45596e-05
-7.40861e-05
-6.46202e-05
-3.19238e-05
-6.08058e-06
3.1032e-05
-2.67623e-05
-8.37468e-05
-0.000117328
-0.000149664
-0.000181545
-0.000185394
-0.000165788
-0.000170375
-0.000197358
-0.000216344
-0.000229244
-0.000167021
-0.00012928
-9.91683e-05
-8.73835e-05
-7.85731e-05
-8.42646e-05
-9.90937e-05
-0.000106556
-9.29022e-05
-6.82755e-05
-7.1097e-05
-9.75784e-05
-0.000119252
-0.000149943
-0.000174294
-0.000158464
-0.00011607
-8.5335e-05
-8.40489e-05
-8.83099e-05
-0.000101339
-9.92528e-05
-9.08859e-05
-7.84924e-05
-6.65262e-05
-7.36646e-05
-2.3163e-05
3.04793e-05
-2.63825e-05
-6.82867e-05
-9.02272e-05
-0.000101454
-0.000146919
-0.000207991
-0.00021291
-0.000179746
-0.000187625
-0.000221666
-0.000230368
-0.000191513
-0.000158612
-0.000126896
-8.53002e-05
-6.91348e-05
-4.63565e-05
-6.00738e-05
-0.000100775
-0.000121372
-0.000100735
-6.58791e-05
-6.14509e-05
-0.000102829
-0.000138396
-0.000177084
-0.00019633
-0.000162177
-0.000114998
-8.72761e-05
-9.45473e-05
-0.000102838
-0.000105732
-8.82768e-05
-8.08101e-05
-7.15269e-05
-4.72622e-05
4.54502e-06
2.25537e-05
1.26647e-05
-4.70451e-05
-6.55735e-05
-7.01769e-05
-9.37536e-05
-0.000152605
-0.000221533
-0.000209586
-0.000175367
-0.000197006
-0.000225003
-0.000222776
-0.000195821
-0.000164857
-0.000119197
-6.76847e-05
-3.43083e-05
-3.29876e-05
-7.44252e-05
-0.000126497
-0.000141125
-0.000113847
-7.92293e-05
-7.77183e-05
-0.00012122
-0.000156243
-0.000177468
-0.000162748
-0.000146526
-0.000114442
-9.08846e-05
-9.31495e-05
-0.000106752
-9.20155e-05
-6.64192e-05
-6.14401e-05
-4.57793e-05
-1.97993e-05
-2.29844e-06
-3.96899e-06
-3.67049e-05
-3.2591e-05
-3.62574e-05
-5.60244e-05
-8.60533e-05
-0.000141695
-0.000202525
-0.000204837
-0.000196946
-0.000210936
-0.00021238
-0.000206939
-0.000201765
-0.000175112
-0.000117925
-6.20873e-05
-3.7348e-05
-5.66347e-05
-9.87526e-05
-0.000136758
-0.000142924
-0.000120602
-0.000105391
-0.000121004
-0.000147714
-0.000159016
-0.000161804
-0.000142887
-0.000130332
-0.000108597
-9.64218e-05
-0.000110573
-0.000113824
-7.60545e-05
-4.55742e-05
-3.74694e-05
-3.82816e-05
-2.83984e-05
-1.61067e-05
-1.89037e-05
-3.61607e-05
-1.27773e-05
-2.09931e-05
-4.52081e-05
-7.42723e-05
-0.000128053
-0.00017834
-0.000196855
-0.00020096
-0.000213695
-0.000211326
-0.000216374
-0.000233042
-0.000192828
-0.000122743
-6.99516e-05
-3.86211e-05
-5.50379e-05
-9.39057e-05
-0.000135948
-0.000151454
-0.000141751
-0.000138573
-0.000134048
-0.000152229
-0.000148126
-0.000139468
-0.00011747
-0.000110844
-9.91799e-05
-9.9845e-05
-0.000133482
-0.000127725
-8.10707e-05
-4.27243e-05
-5.22458e-05
-5.57547e-05
-4.02572e-05
-1.48362e-05
-8.41351e-06
-1.69668e-05
7.66752e-06
1.06518e-07
-2.69939e-05
-6.54562e-05
-0.000124027
-0.000172921
-0.000188598
-0.000189047
-0.000203228
-0.000208886
-0.000215645
-0.000220613
-0.000182941
-0.000116548
-6.95014e-05
-4.8499e-05
-5.67445e-05
-8.93457e-05
-0.000137253
-0.000159972
-0.000157254
-0.000150771
-0.0001536
-0.000160466
-0.000144618
-0.000127326
-0.000109147
-9.82902e-05
-9.20565e-05
-0.000103275
-0.00016096
-0.000138755
-8.02338e-05
-5.07949e-05
-6.8401e-05
-6.15407e-05
-3.8406e-05
-9.46319e-06
-1.26616e-06
-1.64014e-06
1.08765e-05
9.1413e-06
-2.17087e-05
-6.81767e-05
-0.000122391
-0.000165358
-0.000180333
-0.000180712
-0.000193263
-0.000206234
-0.000216715
-0.000215708
-0.000171475
-0.000115277
-8.24824e-05
-6.02145e-05
-6.00443e-05
-8.79953e-05
-0.000140665
-0.000166968
-0.000177488
-0.000152315
-0.000158054
-0.000161469
-0.000155131
-0.000150297
-0.000131921
-7.97515e-05
-7.64564e-05
-0.00010765
-0.000183892
-0.00015759
-8.75429e-05
-5.6528e-05
-7.39137e-05
-7.80107e-05
-4.3751e-05
-1.56303e-06
8.08229e-06
2.54284e-06
9.62069e-06
4.27312e-06
-2.179e-05
-6.94592e-05
-0.000122311
-0.000161293
-0.000175452
-0.000175758
-0.000184475
-0.000202543
-0.000214981
-0.000205159
-0.000168443
-0.000116026
-8.19318e-05
-6.33196e-05
-6.57646e-05
-9.89404e-05
-0.000151176
-0.000168703
-0.000170299
-0.000149001
-0.000158267
-0.000161612
-0.000163852
-0.000165534
-0.000144028
-9.37459e-05
-7.48758e-05
-0.000127535
-0.000199455
-0.000175873
-9.05326e-05
-6.75871e-05
-7.87468e-05
-9.01887e-05
-3.76126e-05
1.16709e-05
1.63247e-05
3.15431e-06
7.23869e-06
7.63309e-07
-1.96313e-05
-6.70297e-05
-0.000122666
-0.000157768
-0.000170031
-0.00016926
-0.000180928
-0.000196572
-0.000216358
-0.000211116
-0.000162472
-0.000109273
-7.75541e-05
-6.49513e-05
-7.19764e-05
-0.000112997
-0.000166318
-0.000181289
-0.000152409
-0.000147103
-0.000166354
-0.000164018
-0.000156846
-0.000160467
-0.000145606
-9.50459e-05
-7.72298e-05
-0.000144232
-0.000202
-0.000142292
-8.18184e-05
-6.89199e-05
-7.6863e-05
-8.75311e-05
-2.78128e-05
1.81935e-05
2.03306e-05
2.83348e-06
2.26738e-06
2.35302e-06
-1.16759e-05
-6.37101e-05
-0.000124998
-0.00015838
-0.000162759
-0.000161411
-0.000171943
-0.000191742
-0.000228425
-0.000219404
-0.000159797
-0.000108788
-7.59382e-05
-6.3663e-05
-7.89711e-05
-0.000130618
-0.000194384
-0.000187506
-0.000142324
-0.000138567
-0.000167174
-0.000161255
-0.000140853
-0.000142214
-0.000143377
-0.000100438
-8.38322e-05
-0.000141143
-0.000188273
-0.000130177
-7.37902e-05
-6.90154e-05
-8.67255e-05
-9.03433e-05
-2.73249e-05
2.02381e-05
2.51176e-05
-3.98217e-07
-4.71699e-07
7.0076e-06
2.79336e-06
-6.1107e-05
-0.000130145
-0.000162353
-0.000151679
-0.000153199
-0.000166129
-0.000203755
-0.000246426
-0.000217199
-0.000155528
-0.000112231
-7.28149e-05
-5.34995e-05
-6.856e-05
-0.000139174
-0.000205979
-0.000194301
-0.00013343
-0.000109729
-0.000140348
-0.00014842
-0.00013673
-0.000144645
-0.000153819
-0.000116699
-9.14854e-05
-0.000134416
-0.000169483
-0.000121956
-8.2811e-05
-8.31871e-05
-9.84525e-05
-9.81251e-05
-2.19488e-05
3.0188e-05
3.06318e-05
5.67153e-06
-5.9451e-06
1.56508e-05
1.90622e-05
-5.6034e-05
-0.00013087
-0.000164175
-0.000154141
-0.000153434
-0.000162156
-0.000213034
-0.00025
-0.000216151
-0.000163997
-0.00011303
-5.6858e-05
-4.36868e-05
-7.59728e-05
-0.000154858
-0.000217491
-0.000194697
-0.000114503
-7.76751e-05
-0.000113676
-0.000145188
-0.000151076
-0.000153861
-0.000156445
-0.0001006
-8.26389e-05
-0.000122924
-0.000156395
-0.00012305
-9.46576e-05
-8.26917e-05
-9.09732e-05
-9.6572e-05
-8.60345e-06
4.41482e-05
3.69684e-05
4.0427e-06
-6.8933e-06
2.94662e-05
3.1821e-05
-4.78536e-05
-0.000127976
-0.000164544
-0.000158969
-0.000155579
-0.000162465
-0.00021473
-0.000248679
-0.000229008
-0.000175961
-0.000109228
-4.79872e-05
-4.73052e-05
-9.00238e-05
-0.000164652
-0.000220225
-0.000182304
-9.3511e-05
-6.0489e-05
-0.000107176
-0.000165215
-0.000168249
-0.000153999
-0.000149355
-8.42107e-05
-6.83635e-05
-0.000111444
-0.000155502
-0.000130838
-8.58821e-05
-6.38601e-05
-8.52664e-05
-9.064e-05
3.62173e-06
6.02813e-05
4.58649e-05
-7.98908e-07
-2.56304e-06
3.40768e-05
3.79214e-05
-4.39391e-05
-0.000125024
-0.000163376
-0.000164982
-0.000161086
-0.00016579
-0.000214474
-0.000257218
-0.00024205
-0.000177696
-9.85545e-05
-4.16837e-05
-4.795e-05
-8.88148e-05
-0.000153584
-0.000204979
-0.000163925
-8.4988e-05
-5.93057e-05
-0.00010497
-0.00016059
-0.000178238
-0.000157763
-0.000137519
-7.19873e-05
-5.73859e-05
-0.000103009
-0.000153239
-0.000133627
-7.28949e-05
-6.14301e-05
-9.7277e-05
-7.51526e-05
1.41763e-05
6.44969e-05
4.71053e-05
8.908e-07
3.4191e-07
3.49265e-05
4.06425e-05
-4.33269e-05
-0.000124699
-0.000164893
-0.000170214
-0.000165544
-0.000170179
-0.000217796
-0.000260546
-0.000239453
-0.000167339
-8.67087e-05
-3.69801e-05
-3.98858e-05
-8.18303e-05
-0.000147964
-0.000195236
-0.000159565
-8.56966e-05
-5.87592e-05
-0.000104411
-0.000164811
-0.000185955
-0.000161142
-0.0001298
-6.59253e-05
-5.1064e-05
-9.71097e-05
-0.000152778
-0.000137076
-7.72585e-05
-6.69269e-05
-8.80109e-05
-5.95304e-05
1.23246e-05
6.3111e-05
5.34558e-05
8.56854e-06
2.10471e-06
3.57604e-05
4.02835e-05
-4.55038e-05
-0.00012599
-0.000166149
-0.000173273
-0.000168645
-0.000173405
-0.000215381
-0.000254286
-0.000229858
-0.000158516
-7.98836e-05
-3.34593e-05
-4.01002e-05
-8.22213e-05
-0.000150291
-0.000195782
-0.000158372
-8.35634e-05
-6.13678e-05
-0.000109173
-0.000170252
-0.000186553
-0.000159125
-0.000126183
-7.0467e-05
-5.05359e-05
-9.4801e-05
-0.000150669
-0.000138058
-7.92174e-05
-6.02131e-05
-7.66239e-05
-5.71344e-05
6.34167e-06
6.49646e-05
6.26185e-05
1.42023e-05
4.50371e-06
3.55764e-05
3.74471e-05
-4.80935e-05
-0.000127136
-0.000166107
-0.000173698
-0.000167987
-0.000173256
-0.000213161
-0.000249538
-0.000224942
-0.00015428
-7.67284e-05
-3.38509e-05
-4.71019e-05
-8.50238e-05
-0.000152136
-0.000193441
-0.000151598
-8.20799e-05
-6.57225e-05
-0.000112348
-0.000168447
-0.000182475
-0.00015883
-0.000127826
-7.20091e-05
-5.07439e-05
-9.34942e-05
-0.000147506
-0.000134395
-7.66329e-05
-5.68693e-05
-7.57966e-05
-6.27847e-05
1.48151e-06
6.83289e-05
6.82908e-05
1.64019e-05
6.57864e-06
3.49838e-05
3.47327e-05
-4.96811e-05
-0.000125367
-0.000164094
-0.000172343
-0.000167082
-0.000173889
-0.000212498
-0.000247598
-0.000222898
-0.000152005
-7.55841e-05
-3.61741e-05
-5.0172e-05
-8.75066e-05
-0.000149999
-0.000187457
-0.000146061
-8.23201e-05
-6.88169e-05
-0.000114196
-0.000167696
-0.000180371
-0.000158369
-0.000128085
-7.31783e-05
-5.32671e-05
-9.36154e-05
-0.000144562
-0.000130775
-7.66151e-05
-5.9466e-05
-7.85711e-05
-6.74749e-05
-3.90409e-07
6.9192e-05
6.9527e-05
1.71919e-05
7.92627e-06
3.47079e-05
3.30177e-05
-5.02265e-05
-0.000124563
-0.000162346
-0.000171412
-0.000167004
-0.000174817
-0.000212273
-0.000246001
-0.000220829
-0.000150181
-7.5244e-05
-3.82597e-05
-5.19392e-05
-8.78833e-05
-0.000148232
-0.000184183
-0.000143293
-8.25454e-05
-7.10499e-05
-0.000115812
-0.000168245
-0.000179175
-0.000156731
-0.000127378
-7.38864e-05
-5.50722e-05
-9.39773e-05
-0.000143103
-0.000128772
-7.49685e-05
-5.98754e-05
-7.97713e-05
-6.85357e-05
-8.24058e-07
6.75321e-05
6.89825e-05
1.71206e-05
8.79816e-06
3.48778e-05
3.2316e-05
-5.03915e-05
-0.00012423
-0.000161537
-0.000170969
-0.00016704
-0.000175268
-0.000212227
-0.000244494
-0.000218963
-0.000148689
-7.49203e-05
-3.91174e-05
-5.30272e-05
-8.8756e-05
-0.000148333
-0.00018298
-0.000142037
-8.25585e-05
-7.25835e-05
-0.000117168
-0.000168342
-0.000178603
-0.00015547
-0.000126465
-7.4074e-05
-5.59508e-05
-9.42611e-05
-0.000142076
-0.000127615
-7.58702e-05
-6.0621e-05
-7.95374e-05
-6.77298e-05
-9.58811e-07
6.64699e-05
6.84699e-05
1.7162e-05
-3.15425e-05
-3.51959e-05
-5.0043e-05
-7.08926e-05
-0.000112713
-0.00014931
-0.000174965
-0.000185541
-0.000182696
-0.000172196
-0.00016224
-0.00014888
-0.000128767
-0.000109389
-9.67274e-05
-9.67871e-05
-0.000102752
-8.75604e-05
-8.60855e-05
-9.15077e-05
-0.00010264
-0.000103675
-0.000104334
-0.0001097
-0.00011434
-0.000110243
-0.00010587
-0.000107783
-0.000113032
-0.000110676
-0.000104562
-9.78212e-05
-8.98732e-05
-7.19362e-05
-5.4733e-05
-4.98104e-05
-6.05047e-05
-4.36038e-05
-3.71833e-05
-3.01682e-05
-4.38462e-05
-4.48685e-05
-5.94693e-05
-8.79807e-05
-0.000128082
-0.00016832
-0.000190589
-0.00019595
-0.000192725
-0.000182672
-0.000171313
-0.0001598
-0.000140607
-0.000116394
-9.3952e-05
-8.24918e-05
-8.0018e-05
-7.97952e-05
-8.876e-05
-0.000105276
-0.0001168
-0.00011674
-0.000114882
-0.000114359
-0.00011436
-0.000108417
-9.87352e-05
-9.57302e-05
-9.38077e-05
-9.04883e-05
-8.98002e-05
-9.12608e-05
-8.67064e-05
-8.00076e-05
-7.09892e-05
-5.76836e-05
-5.58699e-05
-4.74515e-05
-5.17495e-05
-5.21309e-05
-2.62119e-05
-4.64707e-05
-7.99485e-05
-0.00011766
-0.00013675
-0.000165218
-0.000167963
-0.000168633
-0.000174361
-0.000176694
-0.000179631
-0.000175274
-0.000161426
-0.000133245
-0.000110338
-9.99796e-05
-9.00128e-05
-8.08482e-05
-8.88729e-05
-0.000101966
-0.000109597
-0.000113614
-0.000118019
-0.000119207
-0.000122493
-0.000112186
-0.00010349
-0.000101164
-9.60901e-05
-8.61792e-05
-7.29563e-05
-6.25488e-05
-6.55883e-05
-6.73165e-05
-6.28555e-05
-6.22857e-05
-6.43194e-05
-6.15235e-05
-4.64272e-05
-2.62721e-05
-3.36774e-05
-4.66251e-05
-8.01878e-05
-0.000122789
-0.00015831
-0.000174347
-0.000165411
-0.000152753
-0.000152639
-0.000163146
-0.00017397
-0.000184783
-0.000170412
-0.000137948
-0.000111903
-9.13069e-05
-7.74688e-05
-7.36386e-05
-8.66459e-05
-0.000101404
-0.000109565
-0.000115737
-0.000125544
-0.000124672
-0.000120423
-0.000111937
-0.000112614
-0.000114558
-0.000107014
-8.36096e-05
-5.95462e-05
-6.23484e-05
-7.29708e-05
-7.85676e-05
-6.70934e-05
-6.48421e-05
-5.97642e-05
-5.71208e-05
-5.00675e-05
-3.98983e-05
-2.17415e-05
-5.32325e-05
-0.000100669
-0.000143638
-0.000173194
-0.000177749
-0.000159467
-0.000139065
-0.000146616
-0.000172976
-0.000193752
-0.00019271
-0.000170356
-0.000138938
-0.000112763
-8.86712e-05
-6.95551e-05
-6.926e-05
-8.65609e-05
-0.000103216
-0.000109937
-0.000120673
-0.000115255
-0.000114143
-0.000110558
-0.000110701
-0.000122764
-0.000130376
-0.000115628
-8.30072e-05
-6.01717e-05
-6.88436e-05
-7.07573e-05
-7.67304e-05
-9.15336e-05
-8.4578e-05
-7.5278e-05
-7.38176e-05
-6.74619e-05
-3.28133e-05
8.45652e-06
-2.55314e-05
-7.97569e-05
-0.000122509
-0.000152136
-0.000170027
-0.000163642
-0.000146612
-0.000156921
-0.000188493
-0.000201029
-0.00020423
-0.000174933
-0.000137326
-0.000104298
-7.54447e-05
-6.06115e-05
-7.07068e-05
-9.36469e-05
-0.00010747
-0.000108266
-0.000110587
-0.000102291
-9.29035e-05
-9.12608e-05
-0.000105946
-0.000130588
-0.000141623
-0.000115353
-8.65317e-05
-7.22733e-05
-7.39582e-05
-7.11403e-05
-8.24777e-05
-9.70128e-05
-8.80171e-05
-7.53041e-05
-7.42236e-05
-5.29614e-05
-4.67661e-06
2.48902e-06
-3.40259e-05
-6.69143e-05
-9.06997e-05
-0.000125487
-0.000169063
-0.00017168
-0.00015679
-0.000179223
-0.000222019
-0.000242863
-0.000225103
-0.000183138
-0.000143238
-0.000103473
-6.70044e-05
-4.63978e-05
-6.43605e-05
-9.65688e-05
-0.000119195
-0.000125824
-0.000113912
-9.34709e-05
-7.91444e-05
-9.36627e-05
-0.000117557
-0.000137383
-0.000134708
-0.000112277
-8.80269e-05
-8.63304e-05
-7.67968e-05
-7.3408e-05
-7.59566e-05
-7.41642e-05
-7.06796e-05
-6.3043e-05
-5.33856e-05
-3.60917e-05
-7.36668e-06
2.20857e-06
-2.95871e-05
-4.70224e-05
-6.86381e-05
-0.000116749
-0.000175785
-0.000187488
-0.000187512
-0.000215892
-0.000235518
-0.000231984
-0.000193637
-0.000181817
-0.000144941
-8.87217e-05
-4.21691e-05
-3.11134e-05
-7.45518e-05
-0.000117927
-0.000145747
-0.000138538
-0.000112923
-0.00010089
-0.000113492
-0.000114915
-0.000119805
-0.000114955
-0.000118439
-0.000101173
-8.29996e-05
-6.6796e-05
-7.62281e-05
-6.53383e-05
-4.05998e-05
-4.16436e-05
-4.68972e-05
-5.17763e-05
-5.54803e-05
-4.1375e-05
-4.25244e-06
8.83549e-06
-9.22603e-06
-2.60996e-05
-5.77798e-05
-0.000103149
-0.000152471
-0.00017611
-0.000192337
-0.000215122
-0.00021397
-0.000210032
-0.000199591
-0.000190169
-0.000143049
-6.5485e-05
-2.61972e-05
-3.39413e-05
-8.04696e-05
-0.000124258
-0.000146472
-0.000137011
-0.000116015
-0.000117598
-0.000120596
-0.000123885
-0.000104057
-9.36054e-05
-9.05796e-05
-8.21016e-05
-7.61555e-05
-7.82335e-05
-8.80238e-05
-5.58982e-05
-1.84166e-05
-3.21248e-05
-6.63277e-05
-7.10282e-05
-4.8018e-05
-2.2586e-05
1.12196e-05
2.17722e-05
9.93304e-06
-1.01956e-05
-5.53738e-05
-0.000102251
-0.000147629
-0.000176497
-0.000195305
-0.000217332
-0.000211661
-0.000205454
-0.000208512
-0.000193969
-0.000132977
-5.24087e-05
-2.5459e-05
-3.93001e-05
-8.47636e-05
-0.000125859
-0.000142053
-0.000128582
-0.000104756
-9.7546e-05
-0.000127879
-0.000122096
-8.64201e-05
-6.90825e-05
-6.66396e-05
-6.52623e-05
-7.14396e-05
-8.63747e-05
-9.59403e-05
-4.67761e-05
-1.58045e-05
-5.14382e-05
-8.60887e-05
-7.13088e-05
-3.32478e-05
-7.03529e-06
1.81221e-05
3.52817e-05
2.00999e-05
-1.08119e-05
-6.24199e-05
-0.000108442
-0.000145352
-0.000165693
-0.000184154
-0.000212856
-0.000217031
-0.000211643
-0.000204471
-0.000174784
-0.000110827
-5.30099e-05
-4.17874e-05
-6.25007e-05
-8.91802e-05
-0.00011265
-0.000116335
-9.77108e-05
-9.21889e-05
-0.000110187
-0.000134046
-0.000116754
-6.9474e-05
-5.96635e-05
-5.24376e-05
-5.25655e-05
-6.88472e-05
-9.35129e-05
-0.000104885
-4.53152e-05
-1.98687e-05
-5.91473e-05
-9.94429e-05
-8.02347e-05
-2.98846e-05
4.02373e-06
3.38671e-05
5.0929e-05
2.97142e-05
-1.44728e-05
-6.93416e-05
-0.000113247
-0.000142115
-0.000158422
-0.000178173
-0.000209482
-0.00022202
-0.000216984
-0.000198279
-0.000165052
-0.00010319
-6.13084e-05
-6.05424e-05
-8.16717e-05
-9.17775e-05
-9.7336e-05
-8.72641e-05
-5.36753e-05
-7.9183e-05
-0.000118311
-0.000141166
-0.000135771
-9.83812e-05
-5.0739e-05
-3.22804e-05
-5.20869e-05
-0.000103291
-0.000118228
-0.000114504
-6.18914e-05
-1.75597e-05
-7.00317e-05
-0.000116133
-8.8808e-05
-2.60962e-05
1.76756e-05
4.20693e-05
5.81662e-05
3.7244e-05
-2.15734e-05
-8.0863e-05
-0.000122341
-0.000141193
-0.00014796
-0.000170827
-0.000203385
-0.00022208
-0.000219717
-0.000196286
-0.000156716
-9.44064e-05
-6.58284e-05
-7.02062e-05
-9.32877e-05
-8.98033e-05
-8.35272e-05
-6.95814e-05
-4.33391e-05
-8.36656e-05
-0.000127908
-0.000143255
-0.000131472
-0.000100064
-6.4198e-05
-7.01136e-05
-9.29257e-05
-0.000132131
-0.000140131
-0.000113755
-5.08977e-05
-6.48686e-06
-7.76679e-05
-0.000126382
-9.16922e-05
-1.44684e-05
3.76044e-05
5.89207e-05
7.07539e-05
3.79507e-05
-2.56144e-05
-8.81601e-05
-0.000127996
-0.000137994
-0.00013533
-0.00016614
-0.000208134
-0.00023408
-0.000230652
-0.000199198
-0.00014579
-8.53023e-05
-6.22062e-05
-7.31596e-05
-9.46501e-05
-9.23628e-05
-8.77073e-05
-6.10533e-05
-5.10599e-05
-8.98805e-05
-0.000136636
-0.000144631
-0.000122687
-9.81393e-05
-8.45771e-05
-0.000106474
-0.00011022
-0.000131216
-0.000140579
-9.64783e-05
1.49691e-05
1.33392e-05
-6.82535e-05
-0.000139389
-9.20078e-05
4.78369e-07
5.73539e-05
7.65875e-05
8.01714e-05
3.96473e-05
-2.88651e-05
-9.5571e-05
-0.000133963
-0.000131647
-0.000121522
-0.000158859
-0.000215127
-0.000251917
-0.000246615
-0.000205729
-0.00013611
-7.39328e-05
-5.84602e-05
-7.99435e-05
-0.000104855
-0.000101379
-8.926e-05
-7.01198e-05
-5.90456e-05
-0.000103752
-0.00015062
-0.000150903
-0.000123526
-0.000106037
-0.000113413
-0.000131081
-0.000109189
-0.000122066
-0.000131782
-7.67072e-05
1.57644e-05
1.4368e-05
-8.27768e-05
-0.000162047
-9.73813e-05
1.66248e-05
8.09474e-05
0.000104377
8.88615e-05
3.87394e-05
-3.9341e-05
-0.000107965
-0.000139945
-0.000120009
-0.000101884
-0.000154549
-0.000225713
-0.000266688
-0.000254361
-0.000207962
-0.000123709
-5.96664e-05
-5.80285e-05
-8.4101e-05
-9.44999e-05
-0.000101851
-9.41907e-05
-8.17398e-05
-7.24805e-05
-0.000116696
-0.000158767
-0.000155503
-0.000130235
-0.000126086
-0.000145154
-0.00014061
-0.000102813
-0.000115215
-0.000128591
-6.50484e-05
-1.64483e-06
3.48649e-06
-0.000106213
-0.00017514
-8.61091e-05
4.33955e-05
0.000114107
0.000132037
9.58239e-05
3.39946e-05
-5.57541e-05
-0.000120276
-0.000137632
-0.000107062
-9.83044e-05
-0.00016348
-0.000237385
-0.000263689
-0.000253311
-0.000206645
-0.000118647
-6.62074e-05
-7.7196e-05
-9.62353e-05
-0.000105357
-0.000108941
-0.000107279
-9.60517e-05
-8.28158e-05
-0.000118294
-0.000154584
-0.000154168
-0.000140513
-0.000148337
-0.000169523
-0.000142065
-9.56571e-05
-0.000112099
-0.000129671
-7.69715e-05
4.0422e-06
1.34145e-05
-0.000115777
-0.000181474
-7.66861e-05
7.30023e-05
0.000164898
0.000156276
9.35705e-05
-2.88572e-06
-7.75554e-05
-0.00011663
-0.000124593
-0.000102471
-0.000114409
-0.000177321
-0.000238352
-0.000258152
-0.000259797
-0.000209943
-0.000124982
-8.43908e-05
-9.9202e-05
-0.000110283
-0.000115873
-0.000117944
-0.000115621
-9.6345e-05
-8.42681e-05
-0.000110602
-0.000142322
-0.00014983
-0.000150319
-0.000167764
-0.000180836
-0.0001393
-9.10793e-05
-0.000111711
-0.000127518
-8.64721e-05
-2.10129e-06
1.24841e-05
-0.000139608
-0.00019145
-6.34856e-05
0.000101789
0.00021024
0.000198612
6.60266e-05
-3.19794e-05
-8.32327e-05
-0.000107444
-0.000121633
-0.000113713
-0.000128779
-0.000182941
-0.000227773
-0.000245048
-0.000254021
-0.00020838
-0.000134458
-0.0001089
-0.000119474
-0.000119874
-0.000115729
-0.000111638
-0.000107634
-9.49489e-05
-8.36236e-05
-9.90611e-05
-0.000129644
-0.000150575
-0.000159785
-0.000173806
-0.000183269
-0.000135968
-8.94447e-05
-0.000109813
-0.000133208
-9.66134e-05
-1.04942e-05
-5.35153e-07
-0.000125635
-0.000156834
-3.74584e-05
0.000133865
0.000244716
0.000205581
3.24787e-05
-4.65919e-05
-7.80538e-05
-9.94201e-05
-0.000120229
-0.000118374
-0.000133885
-0.000177991
-0.000213413
-0.000230893
-0.000240538
-0.000200252
-0.000145528
-0.00013361
-0.000132699
-0.000119158
-0.000109842
-0.000103521
-0.000103479
-9.70555e-05
-8.15631e-05
-8.86277e-05
-0.000122929
-0.000156532
-0.000165905
-0.000176155
-0.000183075
-0.00012891
-8.90528e-05
-0.000108894
-0.000135013
-0.000100053
-1.81444e-05
-5.34605e-06
-8.53553e-05
-0.000113415
-1.3976e-05
0.000142038
0.00025603
0.000190888
1.14634e-05
-4.30789e-05
-6.8504e-05
-9.2609e-05
-0.000115833
-0.000116291
-0.000132906
-0.000172987
-0.000203709
-0.000219126
-0.000227434
-0.000195323
-0.00015902
-0.000148083
-0.000132674
-0.000111354
-0.000103797
-9.98301e-05
-0.000101142
-9.48048e-05
-7.74422e-05
-8.47821e-05
-0.000122335
-0.000163117
-0.000175313
-0.000178575
-0.000179315
-0.000125498
-8.9068e-05
-0.000107343
-0.000131062
-9.78389e-05
-2.48231e-05
-2.68596e-07
-6.03464e-05
-9.51537e-05
-1.74152e-05
0.000143475
0.000251157
0.000161614
8.64069e-06
-3.37178e-05
-6.11891e-05
-8.68099e-05
-0.000109972
-0.000113355
-0.000131699
-0.000170402
-0.000198525
-0.000212801
-0.00022075
-0.000194683
-0.000166491
-0.000150453
-0.000126128
-0.000102958
-9.82422e-05
-9.55273e-05
-9.63198e-05
-9.16753e-05
-7.4402e-05
-8.35236e-05
-0.000123841
-0.000169007
-0.00017812
-0.000177154
-0.000173531
-0.000126742
-8.9293e-05
-0.000102712
-0.000126491
-9.90706e-05
-3.18847e-05
-2.03635e-06
-5.53659e-05
-9.32048e-05
-1.85683e-05
0.000140502
0.000234302
0.000139248
1.17174e-05
-2.78043e-05
-5.75605e-05
-8.3514e-05
-0.00010642
-0.00011174
-0.000131031
-0.000169673
-0.000196831
-0.000210537
-0.000217451
-0.000193897
-0.000168031
-0.000147914
-0.000119486
-9.71955e-05
-9.48833e-05
-9.37117e-05
-9.46863e-05
-9.08115e-05
-7.371e-05
-8.36301e-05
-0.00012616
-0.000171058
-0.000177032
-0.000174119
-0.000170959
-0.000126377
-8.81681e-05
-9.99996e-05
-0.000124907
-0.000101234
-3.65517e-05
-3.14299e-07
-4.56282e-05
-9.0901e-05
-1.85692e-05
0.000135618
0.000222407
0.000130547
1.2903e-05
-2.61423e-05
-5.6692e-05
-8.24834e-05
-0.000104982
-0.000111219
-0.000131126
-0.00017006
-0.000196711
-0.000209811
-0.000215656
-0.000192893
-0.000167671
-0.000146305
-0.00011677
-9.51815e-05
-9.40236e-05
-9.35674e-05
-9.49077e-05
-9.0974e-05
-7.37987e-05
-8.36996e-05
-0.000126622
-0.000172162
-0.000177203
-0.00017359
-0.00016936
-0.000125082
-8.72265e-05
-9.89654e-05
-0.000124162
-0.000102155
-3.46108e-05
1.17941e-06
-4.2475e-05
-8.69332e-05
-1.60497e-05
0.00013361
0.000216496
0.000127268
1.20578e-05
-2.65888e-05
-5.71671e-05
-8.27825e-05
-0.000104882
-0.000111392
-0.000131562
-0.00017064
-0.00019704
-0.000209782
-0.000215069
-0.000192661
-0.000168173
-0.000146956
-0.000117094
-9.53218e-05
-9.43119e-05
-9.40782e-05
-9.57481e-05
-9.13154e-05
-7.3966e-05
-8.38882e-05
-0.000126635
-0.000173041
-0.000177913
-0.000173729
-0.000168574
-0.000124271
-8.65906e-05
-9.81239e-05
-0.00012318
-0.000102114
-3.79756e-05
-6.07012e-07
-4.16893e-05
-8.36773e-05
-1.34504e-05
0.000133438
0.000213434
0.0001251
-3.30061e-05
-4.20494e-05
-5.84477e-05
-8.25313e-05
-0.000117333
-0.000148516
-0.000170008
-0.000179062
-0.000177419
-0.000169077
-0.000159146
-0.000145707
-0.000127997
-0.000109329
-9.47807e-05
-9.11073e-05
-8.92824e-05
-7.06646e-05
-6.71942e-05
-7.23139e-05
-8.95922e-05
-9.81729e-05
-9.76392e-05
-0.000103805
-0.000109821
-0.000104408
-9.69185e-05
-0.000101614
-0.000107731
-0.000107354
-0.000102011
-9.17436e-05
-9.69885e-05
-8.54627e-05
-6.94754e-05
-6.14498e-05
-5.84987e-05
-4.48017e-05
-3.51902e-05
-2.94606e-05
-4.05783e-05
-4.18899e-05
-6.00715e-05
-8.96883e-05
-0.000130077
-0.000165713
-0.000187139
-0.000193484
-0.000190528
-0.000179419
-0.000169403
-0.000159339
-0.000141558
-0.000114995
-8.83817e-05
-7.55588e-05
-7.41565e-05
-7.5042e-05
-7.93345e-05
-9.20522e-05
-0.000106223
-0.000112949
-0.000113905
-0.000113526
-0.000109662
-9.81209e-05
-8.70183e-05
-8.77492e-05
-9.40541e-05
-9.51523e-05
-9.50344e-05
-0.000102659
-9.40732e-05
-8.68085e-05
-7.65338e-05
-6.63973e-05
-5.20506e-05
-4.42867e-05
-4.367e-05
-4.79159e-05
-3.06049e-05
-3.34684e-05
-6.66288e-05
-0.000109606
-0.000154592
-0.000171724
-0.000178683
-0.000181323
-0.000181668
-0.000178607
-0.000174341
-0.000170638
-0.000152552
-0.00012674
-0.000104019
-9.15299e-05
-8.33231e-05
-7.76185e-05
-8.68186e-05
-0.000102965
-0.00011606
-0.000127013
-0.000129496
-0.000124172
-0.00010657
-9.74108e-05
-8.82622e-05
-8.7689e-05
-9.02443e-05
-8.93034e-05
-8.16153e-05
-8.18186e-05
-8.12929e-05
-7.70049e-05
-6.99918e-05
-6.69536e-05
-5.71591e-05
-5.37691e-05
-4.74137e-05
-3.24129e-05
-4.75452e-05
-5.22064e-05
-8.00107e-05
-0.000119984
-0.000157041
-0.00017716
-0.000173352
-0.000166797
-0.000167427
-0.000173026
-0.000176605
-0.000177634
-0.000159508
-0.000128621
-0.000102433
-8.47131e-05
-7.54963e-05
-7.71626e-05
-9.26016e-05
-0.000109345
-0.000119144
-0.000126415
-0.000115062
-0.000120872
-9.97247e-05
-9.10564e-05
-8.74441e-05
-9.36796e-05
-0.00010185
-9.27879e-05
-8.49666e-05
-8.64295e-05
-7.83775e-05
-7.58449e-05
-6.91555e-05
-7.58335e-05
-6.63416e-05
-5.62625e-05
-5.52127e-05
-5.40895e-05
-4.52566e-05
-5.26475e-05
-8.7181e-05
-0.000126726
-0.000165618
-0.000186606
-0.000180546
-0.000167576
-0.000169746
-0.00018598
-0.000200322
-0.000191398
-0.000165423
-0.000131829
-0.000103866
-8.22948e-05
-6.73688e-05
-6.91521e-05
-8.74277e-05
-0.000107533
-0.000118872
-0.00012242
-0.000120507
-0.000122173
-0.00010557
-9.43526e-05
-9.01482e-05
-0.000102182
-0.000107429
-0.000100528
-9.38285e-05
-7.93462e-05
-6.6202e-05
-6.75587e-05
-8.93909e-05
-8.83755e-05
-7.53961e-05
-6.42648e-05
-6.53706e-05
-5.985e-05
-2.79372e-05
-3.15755e-05
-6.20977e-05
-9.42733e-05
-0.00012521
-0.000161717
-0.000183292
-0.000188452
-0.000194503
-0.000207367
-0.000209205
-0.000195465
-0.000162978
-0.000129195
-9.93707e-05
-7.49913e-05
-5.92471e-05
-6.68707e-05
-8.94247e-05
-0.000111613
-0.000129953
-0.000132249
-0.000119871
-0.000101216
-9.67578e-05
-9.5206e-05
-0.000103054
-0.000115729
-0.000119536
-0.000104872
-9.58772e-05
-7.46131e-05
-6.49301e-05
-7.08757e-05
-9.21155e-05
-8.44038e-05
-6.07497e-05
-4.51854e-05
-4.67754e-05
-4.45817e-05
1.43077e-06
-3.37448e-05
-7.09651e-05
-8.80283e-05
-9.91527e-05
-0.000131291
-0.000153144
-0.000170469
-0.000193112
-0.000220905
-0.000224758
-0.000203037
-0.000158044
-0.000128024
-9.41903e-05
-6.17714e-05
-4.46782e-05
-5.87321e-05
-9.36333e-05
-0.000119895
-0.000138262
-0.000125363
-0.000106208
-0.000107046
-0.000123941
-0.000117063
-0.00011321
-0.000120037
-0.000115552
-0.000102521
-8.84977e-05
-7.19342e-05
-6.50586e-05
-6.79805e-05
-7.96087e-05
-6.43265e-05
-4.76924e-05
-2.95377e-05
-1.789e-05
-7.60179e-07
-5.04111e-05
-4.26604e-05
-5.96978e-05
-6.29828e-05
-5.90387e-05
-0.000108797
-0.000148686
-0.000186831
-0.000227072
-0.000238563
-0.000232919
-0.000205756
-0.000169193
-0.000133046
-9.13305e-05
-4.63927e-05
-3.07482e-05
-5.16811e-05
-9.7681e-05
-0.000154118
-0.000150259
-0.000125814
-0.000116587
-0.000140131
-0.00015691
-0.00012605
-0.000112875
-0.000105227
-0.000104155
-9.83693e-05
-8.45572e-05
-6.70734e-05
-6.07564e-05
-5.84222e-05
-5.18058e-05
-5.13293e-05
-3.49405e-05
-1.31971e-05
-4.04535e-06
-5.1017e-06
4.25292e-06
-9.1775e-06
-3.57645e-05
-6.18781e-05
-6.91099e-05
-0.000110887
-0.000145594
-0.000187913
-0.000221506
-0.000227972
-0.000216826
-0.000190261
-0.000165544
-0.000135633
-9.75136e-05
-5.10922e-05
-3.35736e-05
-5.06997e-05
-9.58294e-05
-0.000144049
-0.000137867
-0.00011177
-0.00012434
-0.000168115
-0.00017251
-0.000127017
-0.000102868
-8.86593e-05
-8.92053e-05
-9.09892e-05
-8.01082e-05
-6.81549e-05
-6.83828e-05
-5.97587e-05
-5.33331e-05
-4.2921e-05
-4.49741e-05
-1.73324e-05
-1.34966e-06
-2.7723e-06
1.00812e-05
-9.50926e-06
-4.14844e-05
-7.03333e-05
-8.82132e-05
-0.000120758
-0.000147674
-0.000185648
-0.000203177
-0.000199892
-0.00018998
-0.000175295
-0.000161507
-0.000129747
-8.5436e-05
-4.89486e-05
-2.40361e-05
-3.7315e-05
-8.47333e-05
-0.000124312
-0.000118987
-9.63868e-05
-0.000135302
-0.000187607
-0.00018146
-0.000128184
-0.000101432
-7.81405e-05
-7.90661e-05
-8.0787e-05
-7.67033e-05
-7.75971e-05
-7.62258e-05
-5.9444e-05
-6.26235e-05
-6.61264e-05
-5.78117e-05
-1.83842e-05
8.42359e-06
8.17071e-06
1.18749e-05
-6.62747e-06
-3.80241e-05
-6.88287e-05
-9.40594e-05
-0.000127278
-0.000156464
-0.000181859
-0.000191747
-0.000195303
-0.00019506
-0.000187667
-0.000170959
-0.000125383
-7.89289e-05
-3.57746e-05
-1.27465e-05
-2.95648e-05
-7.35004e-05
-0.000108176
-0.000108235
-0.000103101
-0.000150996
-0.000194046
-0.000179428
-0.000125082
-9.22485e-05
-6.0612e-05
-5.87251e-05
-6.42376e-05
-8.4123e-05
-0.000105388
-8.83015e-05
-5.43926e-05
-5.91354e-05
-7.23944e-05
-6.41647e-05
-2.2217e-05
2.81661e-06
5.49067e-06
9.30183e-06
-1.1071e-05
-4.12678e-05
-6.88488e-05
-9.50281e-05
-0.000128703
-0.00015846
-0.000180272
-0.000189734
-0.000201904
-0.00020588
-0.000200868
-0.000172735
-0.000117679
-7.11384e-05
-3.17797e-05
-1.73323e-05
-4.21113e-05
-7.43303e-05
-0.000101617
-0.000115838
-0.000128455
-0.000172258
-0.000199903
-0.000177476
-0.000127161
-8.4018e-05
-3.08372e-05
-3.14578e-05
-5.61293e-05
-0.000104762
-0.000131581
-9.16241e-05
-3.63764e-05
-4.6606e-05
-8.19104e-05
-7.79112e-05
-2.83103e-05
6.86868e-06
1.75748e-05
8.91826e-06
-2.02652e-05
-4.79326e-05
-7.22765e-05
-9.87911e-05
-0.000128967
-0.000155457
-0.000180636
-0.00019648
-0.000203452
-0.000206793
-0.000202588
-0.000162084
-9.70384e-05
-5.65155e-05
-4.5476e-05
-5.08224e-05
-6.86582e-05
-8.17557e-05
-0.000110851
-0.000144175
-0.000157163
-0.000197024
-0.000213117
-0.000179667
-0.000126147
-7.88393e-05
-2.84476e-05
-2.09012e-05
-6.06643e-05
-0.000120292
-0.000146271
-8.46023e-05
-1.35834e-05
-2.98977e-05
-8.68284e-05
-8.59082e-05
-2.66963e-05
1.20233e-05
2.36139e-05
2.51363e-07
-2.58319e-05
-5.64249e-05
-7.64678e-05
-0.000100545
-0.000127415
-0.000155952
-0.000190107
-0.000205133
-0.000192583
-0.000181302
-0.000184585
-0.000153843
-9.17898e-05
-4.88739e-05
-7.19971e-05
-8.59915e-05
-9.55688e-05
-9.68136e-05
-0.000134995
-0.000157042
-0.00017483
-0.000222488
-0.000235871
-0.00019223
-0.000134832
-8.53226e-05
-3.19122e-05
-2.24961e-05
-6.8741e-05
-0.000130341
-0.000154632
-7.74915e-05
-1.84537e-06
-2.8347e-05
-9.02739e-05
-8.7822e-05
-2.25005e-05
1.6052e-05
2.68336e-05
-2.88374e-06
-3.11734e-05
-6.58908e-05
-8.06149e-05
-9.91e-05
-0.000119292
-0.000153694
-0.000198206
-0.000206694
-0.000176139
-0.000146287
-0.00016066
-0.000163265
-0.000110287
-5.17131e-05
-6.42478e-05
-0.000108837
-0.000115971
-0.000110512
-0.000139019
-0.00016135
-0.00018915
-0.00024442
-0.000255869
-0.000207913
-0.000149312
-9.48536e-05
-2.89548e-05
-2.95688e-05
-7.43333e-05
-0.000142105
-0.00016287
-7.60408e-05
-4.39357e-06
-2.80422e-05
-8.71493e-05
-8.29921e-05
-1.39839e-05
2.18297e-05
2.81607e-05
-5.51094e-06
-3.44014e-05
-7.52375e-05
-8.63326e-05
-9.77561e-05
-0.000111148
-0.000149069
-0.000194794
-0.000210141
-0.000169572
-0.000125013
-0.000141779
-0.000176986
-0.000132348
-6.0252e-05
-7.4736e-05
-0.000131914
-0.00014231
-0.000128707
-0.000143029
-0.000161667
-0.000191508
-0.000252247
-0.000269225
-0.000223097
-0.000160915
-9.8202e-05
-3.14595e-05
-3.76398e-05
-8.42104e-05
-0.000154807
-0.000172368
-7.14251e-05
-3.92312e-07
-8.62718e-06
-7.30966e-05
-7.38139e-05
-4.00636e-06
2.48033e-05
2.16145e-05
5.29682e-06
-3.28284e-05
-8.74956e-05
-9.67653e-05
-9.64799e-05
-0.000104004
-0.000141301
-0.00019782
-0.000218249
-0.000163566
-0.000105905
-0.00013189
-0.000184306
-0.000141162
-7.45406e-05
-8.50806e-05
-0.000139246
-0.000150915
-0.000134735
-0.000138819
-0.000145198
-0.000180469
-0.000250508
-0.000276423
-0.000228421
-0.00016072
-9.05677e-05
-3.479e-05
-4.90239e-05
-9.49557e-05
-0.000167299
-0.000164175
-5.88335e-05
1.88209e-05
1.45254e-05
-5.91036e-05
-6.52102e-05
2.97679e-06
1.76911e-05
2.31549e-05
3.04063e-06
-4.25974e-05
-9.49613e-05
-0.000100401
-9.07242e-05
-9.18937e-05
-0.000135728
-0.000203077
-0.000216457
-0.000147116
-0.000100809
-0.000129889
-0.000172946
-0.00014018
-8.25467e-05
-8.56778e-05
-0.000121085
-0.00013583
-0.000120519
-0.000118818
-0.00011259
-0.000162548
-0.000243143
-0.000273325
-0.00022354
-0.000150873
-8.37936e-05
-4.14402e-05
-6.1421e-05
-9.87856e-05
-0.000175373
-0.000150394
-4.22323e-05
3.87598e-05
3.3178e-05
-4.56651e-05
-5.03964e-05
-2.9769e-06
8.05999e-06
2.14302e-05
-2.62439e-06
-5.01117e-05
-9.54092e-05
-9.76574e-05
-8.25044e-05
-8.17327e-05
-0.000130213
-0.000197119
-0.000207572
-0.000138359
-0.000100497
-0.00012038
-0.000154947
-0.000137303
-9.04469e-05
-8.59309e-05
-0.000109263
-0.000121622
-0.000101411
-8.9563e-05
-8.64016e-05
-0.000150733
-0.000234365
-0.000265141
-0.000215395
-0.00014088
-7.69984e-05
-4.26971e-05
-6.7105e-05
-9.53457e-05
-0.00015982
-0.000140854
-3.57921e-05
4.92892e-05
4.98131e-05
-1.96546e-05
-4.28265e-05
-2.84368e-05
-2.92264e-06
2.05367e-05
-1.14183e-05
-5.32323e-05
-9.08522e-05
-9.03299e-05
-7.28036e-05
-7.22118e-05
-0.000118159
-0.000184477
-0.000202556
-0.00014198
-9.99057e-05
-0.000110455
-0.000145601
-0.000136906
-9.49381e-05
-8.60216e-05
-0.000107349
-0.000114438
-9.26658e-05
-7.59203e-05
-7.81613e-05
-0.000145238
-0.000228249
-0.000257039
-0.00020813
-0.000131123
-6.21723e-05
-3.99874e-05
-6.80534e-05
-9.04727e-05
-0.000143956
-0.000134974
-3.68312e-05
6.04048e-05
6.71712e-05
5.79295e-06
-4.88809e-05
-4.48414e-05
-9.25389e-06
1.59678e-05
-1.47091e-05
-4.8673e-05
-8.0774e-05
-8.19421e-05
-6.29649e-05
-5.85848e-05
-0.000109976
-0.00018362
-0.000206948
-0.000145453
-0.000100186
-0.000109903
-0.000142664
-0.000133206
-9.47593e-05
-8.26808e-05
-9.99576e-05
-0.000107212
-8.91625e-05
-7.24071e-05
-7.69464e-05
-0.000142665
-0.000226198
-0.000251411
-0.000203388
-0.000118046
-4.13088e-05
-3.56022e-05
-7.07723e-05
-8.65662e-05
-0.000132484
-0.00012955
-3.54619e-05
6.61197e-05
8.43977e-05
2.12301e-05
-5.71636e-05
-5.37974e-05
-1.34475e-05
9.79948e-06
-6.33094e-06
-4.19511e-05
-7.35498e-05
-7.40503e-05
-5.48929e-05
-5.46332e-05
-0.000111443
-0.000184258
-0.000205339
-0.000146076
-0.000102975
-0.000112653
-0.000139656
-0.000129265
-9.05537e-05
-7.61028e-05
-9.15035e-05
-0.00010165
-8.76025e-05
-7.19754e-05
-7.86445e-05
-0.00014352
-0.000224785
-0.000247495
-0.000199134
-0.000101737
-2.72785e-05
-3.62611e-05
-7.35795e-05
-8.30689e-05
-0.000127488
-0.000126456
-3.28582e-05
7.743e-05
9.78559e-05
2.55362e-05
-6.241e-05
-5.5342e-05
-2.03479e-05
5.73861e-06
-2.83012e-06
-3.74114e-05
-6.79453e-05
-6.9385e-05
-5.38984e-05
-5.88417e-05
-0.000113537
-0.000182748
-0.000202197
-0.000146125
-0.000105638
-0.000114181
-0.000137074
-0.000127024
-8.87761e-05
-7.1802e-05
-8.71178e-05
-9.99498e-05
-8.824e-05
-7.27597e-05
-7.94647e-05
-0.000142985
-0.000223253
-0.000244836
-0.000193048
-9.18262e-05
-2.64916e-05
-4.12775e-05
-7.33191e-05
-8.32085e-05
-0.00012786
-0.00012436
-2.90844e-05
8.4147e-05
9.84761e-05
2.70852e-05
-6.37707e-05
-5.59239e-05
-2.80884e-05
8.57782e-06
-6.48445e-07
-3.44264e-05
-6.51302e-05
-6.78572e-05
-5.40939e-05
-6.04326e-05
-0.000114587
-0.000181352
-0.000199678
-0.000145649
-0.00010712
-0.000115097
-0.000135909
-0.000125902
-8.83106e-05
-7.11171e-05
-8.69111e-05
-0.000100535
-8.9548e-05
-7.34046e-05
-7.97626e-05
-0.000142601
-0.000221677
-0.000241227
-0.000189469
-9.14197e-05
-2.84967e-05
-4.32655e-05
-7.33157e-05
-8.4727e-05
-0.000127294
-0.000121097
-2.67124e-05
8.32064e-05
9.8181e-05
2.43746e-05
-6.42872e-05
-5.58164e-05
-2.75639e-05
9.68183e-06
-3.58667e-07
-3.41944e-05
-6.46219e-05
-6.72943e-05
-5.41309e-05
-6.11543e-05
-0.000115191
-0.000180752
-0.00019794
-0.000144939
-0.000107702
-0.000115992
-0.000135643
-0.000125661
-8.89415e-05
-7.16209e-05
-8.71731e-05
-0.00010121
-9.05272e-05
-7.42677e-05
-8.04932e-05
-0.000142744
-0.000220939
-0.000239447
-0.000187873
-9.08993e-05
-2.95363e-05
-4.41286e-05
-7.30069e-05
-8.48624e-05
-0.000125897
-0.000119372
-2.61711e-05
8.30048e-05
9.78298e-05
2.3308e-05
-6.40833e-05
-5.56447e-05
-2.71169e-05
9.80698e-06
-4.09004e-05
-5.05214e-05
-6.65078e-05
-8.76638e-05
-0.000119298
-0.000152206
-0.00017336
-0.000179996
-0.000175257
-0.000164669
-0.000153491
-0.000142918
-0.000126787
-0.00010972
-9.54133e-05
-8.8957e-05
-8.05751e-05
-6.02507e-05
-5.87691e-05
-6.8061e-05
-8.59699e-05
-9.7308e-05
-0.000104929
-0.000115002
-0.000102566
-8.27209e-05
-7.44493e-05
-9.03567e-05
-0.000106732
-0.000110935
-0.000105728
-0.000100143
-0.000104939
-9.72298e-05
-8.02113e-05
-6.86608e-05
-6.09952e-05
-4.94291e-05
-4.09939e-05
-3.59514e-05
-4.88381e-05
-5.42457e-05
-7.23843e-05
-0.000106439
-0.000145297
-0.000176833
-0.000194977
-0.000197125
-0.000188604
-0.000174963
-0.000164497
-0.000154544
-0.000136638
-0.000111262
-8.50919e-05
-7.19173e-05
-7.11875e-05
-6.75264e-05
-6.87267e-05
-8.24252e-05
-0.000101914
-0.000115511
-0.000119368
-0.000117082
-0.000107152
-9.1642e-05
-8.14395e-05
-8.59233e-05
-9.54994e-05
-9.82487e-05
-9.65046e-05
-9.81983e-05
-9.97627e-05
-9.23294e-05
-7.83254e-05
-6.70792e-05
-5.62182e-05
-4.12624e-05
-4.54055e-05
-4.73957e-05
-4.52298e-05
-5.42688e-05
-8.11344e-05
-0.000116606
-0.000154708
-0.000180817
-0.000192645
-0.000195863
-0.000192604
-0.000182932
-0.000173595
-0.000163189
-0.000143245
-0.000117598
-9.58097e-05
-8.6656e-05
-7.96822e-05
-7.20422e-05
-7.77551e-05
-9.80101e-05
-0.000123181
-0.000143531
-0.00014765
-0.000132233
-0.000111785
-9.19727e-05
-8.24413e-05
-8.29846e-05
-8.65914e-05
-8.62691e-05
-8.12768e-05
-8.34795e-05
-8.65933e-05
-8.05702e-05
-7.14552e-05
-6.76921e-05
-6.55863e-05
-5.07304e-05
-4.37976e-05
-3.8911e-05
-6.68067e-05
-7.58167e-05
-9.45866e-05
-0.000122394
-0.000155978
-0.000182602
-0.000189557
-0.000189112
-0.00018756
-0.00018683
-0.000184659
-0.000175183
-0.000150295
-0.000118652
-9.29239e-05
-7.36169e-05
-6.66089e-05
-6.80131e-05
-8.76512e-05
-0.000117589
-0.00014183
-0.000155377
-0.000158618
-0.000132485
-0.000108235
-8.51501e-05
-7.79402e-05
-8.21368e-05
-8.99642e-05
-8.79078e-05
-8.224e-05
-7.88734e-05
-8.14234e-05
-7.69341e-05
-7.22684e-05
-7.53298e-05
-6.77511e-05
-5.20341e-05
-4.91055e-05
-6.03751e-05
-7.09297e-05
-7.68796e-05
-9.41157e-05
-0.000121049
-0.000151042
-0.000182639
-0.000201247
-0.000203899
-0.00019986
-0.000201915
-0.000199979
-0.000183185
-0.000152535
-0.000120618
-9.51656e-05
-7.44038e-05
-6.23421e-05
-6.93281e-05
-9.67789e-05
-0.00012838
-0.000144936
-0.00014989
-0.000142424
-0.000129808
-0.000109907
-9.13658e-05
-8.18001e-05
-8.29671e-05
-8.734e-05
-8.27526e-05
-8.22048e-05
-7.67106e-05
-7.15162e-05
-6.92973e-05
-7.61073e-05
-7.79834e-05
-6.9502e-05
-5.87291e-05
-5.95674e-05
-6.79025e-05
-5.72489e-05
-5.9311e-05
-7.37058e-05
-9.34184e-05
-0.000116742
-0.000150342
-0.000184288
-0.000205124
-0.000210492
-0.000220878
-0.000213593
-0.000194512
-0.000160242
-0.000123128
-9.18301e-05
-6.58416e-05
-5.44548e-05
-6.85581e-05
-9.8137e-05
-0.000124929
-0.000139533
-0.000148685
-0.000143194
-0.000135239
-0.000124559
-0.000101636
-7.89078e-05
-7.65028e-05
-8.53904e-05
-9.29406e-05
-9.27984e-05
-7.55834e-05
-6.39167e-05
-6.30347e-05
-7.1908e-05
-7.28514e-05
-6.46988e-05
-5.45035e-05
-5.32595e-05
-5.92989e-05
-2.35918e-05
-3.49944e-05
-5.96211e-05
-7.70985e-05
-9.54612e-05
-0.000127303
-0.000169954
-0.000197194
-0.000204229
-0.000207195
-0.000213272
-0.000194255
-0.000165579
-0.000121497
-8.70874e-05
-5.92866e-05
-5.12934e-05
-6.61114e-05
-9.65742e-05
-0.000129803
-0.000155633
-0.000153034
-0.000147376
-0.000152191
-0.00014463
-0.000104603
-7.02344e-05
-7.29481e-05
-8.92372e-05
-0.000101139
-9.88409e-05
-7.71153e-05
-6.34126e-05
-6.37238e-05
-6.85069e-05
-6.71936e-05
-6.31005e-05
-4.92461e-05
-4.05563e-05
-3.34549e-05
-4.27734e-06
-1.03553e-05
-4.12663e-05
-6.13412e-05
-9.01123e-05
-0.000104162
-0.000151435
-0.000197352
-0.000230169
-0.000239899
-0.000232908
-0.000201272
-0.000166388
-0.000117743
-7.91465e-05
-4.99619e-05
-4.64103e-05
-6.14375e-05
-9.93369e-05
-0.00014008
-0.000157546
-0.000150845
-0.000159648
-0.00017616
-0.000153459
-0.000102249
-7.11134e-05
-7.16298e-05
-8.63382e-05
-0.000102617
-0.000101073
-8.02089e-05
-7.13879e-05
-6.76951e-05
-5.94504e-05
-5.40691e-05
-5.70668e-05
-4.43083e-05
-3.48315e-05
-2.3557e-05
1.77853e-05
1.6636e-05
-1.5043e-05
-5.24212e-05
-0.000102642
-0.000121609
-0.00015802
-0.000195748
-0.000225033
-0.000232696
-0.000214587
-0.000177727
-0.000147464
-0.000107891
-7.48085e-05
-5.23522e-05
-5.46844e-05
-6.53811e-05
-9.76283e-05
-0.000141417
-0.000151734
-0.000141488
-0.000163449
-0.000190541
-0.000167084
-0.000113568
-7.81785e-05
-8.14222e-05
-8.92971e-05
-0.000101889
-0.000105703
-9.92287e-05
-9.36892e-05
-7.12707e-05
-5.20157e-05
-8.46452e-05
-6.55132e-05
-4.6377e-05
-3.76138e-05
-1.95969e-05
2.24611e-05
1.7213e-05
-2.09076e-05
-6.01459e-05
-9.73755e-05
-0.000126173
-0.000158827
-0.000193861
-0.000216882
-0.000216364
-0.000198273
-0.000167914
-0.000145949
-0.000106444
-6.68794e-05
-5.57838e-05
-6.52912e-05
-6.617e-05
-9.20954e-05
-0.000126354
-0.000134163
-0.000147169
-0.000177669
-0.000196472
-0.000175109
-0.00012488
-0.000111865
-9.61709e-05
-9.15032e-05
-0.000101734
-0.000121321
-0.000128048
-0.000108887
-6.42017e-05
-4.63687e-05
-7.96863e-05
-7.44619e-05
-5.46736e-05
-4.03387e-05
-1.07156e-05
2.21103e-05
2.07472e-05
-1.38108e-05
-5.38784e-05
-9.55636e-05
-0.000134842
-0.0001642
-0.000190367
-0.000206655
-0.000194438
-0.000195426
-0.000182135
-0.00017157
-0.00012032
-6.66681e-05
-6.50339e-05
-8.27846e-05
-8.06506e-05
-0.000100398
-0.000129925
-0.000163879
-0.000194605
-0.000219328
-0.000217719
-0.000179605
-0.000131093
-0.000110228
-9.38268e-05
-7.69953e-05
-9.97511e-05
-0.000139674
-0.000152821
-0.000121249
-5.35911e-05
-3.87547e-05
-6.88627e-05
-7.65376e-05
-6.38033e-05
-4.87675e-05
-1.26215e-05
3.12644e-05
2.39051e-05
-1.44225e-05
-5.53439e-05
-9.99126e-05
-0.000143431
-0.000166766
-0.000188265
-0.000201241
-0.000205164
-0.00019855
-0.000208188
-0.000203288
-0.000141399
-7.65517e-05
-8.04951e-05
-0.000104367
-0.000112547
-0.000127619
-0.00014632
-0.000174142
-0.000219169
-0.000250485
-0.000246221
-0.000194179
-0.000134399
-0.00010636
-8.38649e-05
-7.05772e-05
-0.000108157
-0.000147033
-0.00016247
-0.000120403
-3.38793e-05
-2.21318e-05
-7.53529e-05
-8.91634e-05
-7.98723e-05
-4.65461e-05
-1.77614e-06
3.90869e-05
2.33957e-05
-1.51373e-05
-5.77397e-05
-0.000104791
-0.000147393
-0.000166942
-0.00018435
-0.000198983
-0.00020016
-0.000197239
-0.000211237
-0.000215065
-0.000155474
-8.39753e-05
-9.98091e-05
-0.000126626
-0.000152342
-0.000155871
-0.000148919
-0.000166149
-0.000202099
-0.000242187
-0.000252376
-0.000206069
-0.000143159
-0.000105387
-7.08777e-05
-9.08686e-05
-0.00011699
-0.00014766
-0.000171612
-0.00011571
-1.43856e-05
-4.83332e-06
-7.196e-05
-0.000101222
-7.7084e-05
-3.9724e-05
1.12178e-05
4.59486e-05
2.20689e-05
-1.50228e-05
-5.75535e-05
-0.000105001
-0.000145518
-0.000166183
-0.000184625
-0.000198329
-0.000198922
-0.000194229
-0.000195098
-0.00018637
-0.000147116
-8.18044e-05
-9.37803e-05
-0.000142979
-0.000188439
-0.000177766
-0.000135544
-0.000146599
-0.000177862
-0.000223202
-0.000247167
-0.000207726
-0.000145645
-0.00010557
-8.99173e-05
-0.000119683
-0.000119864
-0.00014724
-0.000180549
-0.000117542
-4.46038e-06
8.60452e-06
-6.88816e-05
-0.000109784
-8.39347e-05
-3.32171e-05
2.46985e-05
5.06449e-05
1.79857e-05
-1.56864e-05
-5.56647e-05
-0.00010094
-0.000138011
-0.000161118
-0.00018212
-0.00019446
-0.000195387
-0.00018823
-0.000179593
-0.000166828
-0.000134597
-8.20634e-05
-8.30203e-05
-0.000149499
-0.000217519
-0.000189621
-0.000114505
-0.000112371
-0.000144594
-0.000202869
-0.000238909
-0.000203302
-0.000143964
-0.000105432
-9.71785e-05
-0.000122639
-0.000114787
-0.000142611
-0.000178286
-0.000113782
5.38978e-06
1.88166e-05
-6.62907e-05
-0.000118059
-9.27178e-05
-2.55805e-05
3.82407e-05
5.47005e-05
1.45187e-05
-1.1787e-05
-5.1881e-05
-9.48996e-05
-0.000130352
-0.000153576
-0.000180079
-0.000188684
-0.000189551
-0.000184482
-0.000167665
-0.000147668
-0.00013142
-9.07955e-05
-7.02449e-05
-0.000142123
-0.000222372
-0.000183931
-8.72788e-05
-6.73914e-05
-0.000102346
-0.000177828
-0.000229401
-0.000197172
-0.000136403
-0.000100218
-9.22682e-05
-0.000118109
-0.000108896
-0.000137077
-0.000169751
-9.88317e-05
2.10265e-05
2.93987e-05
-6.52009e-05
-0.000129142
-0.000102209
-1.68989e-05
4.84664e-05
5.59326e-05
1.24021e-05
-8.67983e-06
-4.55255e-05
-8.79866e-05
-0.000122427
-0.000151411
-0.000177827
-0.000180743
-0.000185666
-0.00017454
-0.000143605
-0.000124059
-0.000128569
-9.88596e-05
-6.15859e-05
-0.000125835
-0.000212297
-0.000169421
-5.61307e-05
-2.23784e-05
-6.3775e-05
-0.000157533
-0.00021809
-0.000185921
-0.000123251
-9.18488e-05
-8.60817e-05
-0.000111951
-0.000106941
-0.000131379
-0.000153789
-7.53763e-05
4.61655e-05
3.67867e-05
-7.14921e-05
-0.000143935
-0.000107796
-5.70898e-06
5.82111e-05
5.53255e-05
8.05128e-06
-1.28395e-05
-3.83371e-05
-7.9058e-05
-0.00011688
-0.00014763
-0.000170443
-0.000169814
-0.00017994
-0.000164658
-0.000126418
-0.000105379
-0.000130797
-0.000112437
-5.80808e-05
-0.000113548
-0.000196454
-0.000149042
-2.98021e-05
8.56454e-06
-3.62769e-05
-0.000142167
-0.00020725
-0.000172676
-0.000111026
-8.26161e-05
-8.19834e-05
-0.000107047
-0.000105894
-0.000119556
-0.000131563
-5.28141e-05
5.60929e-05
3.51948e-05
-8.06665e-05
-0.000153494
-0.000105543
6.18705e-06
6.87898e-05
5.2945e-05
3.15889e-06
-1.69735e-05
-3.10189e-05
-6.6879e-05
-0.000104685
-0.000137963
-0.000161524
-0.00016196
-0.000174876
-0.000151681
-0.000106954
-9.5864e-05
-0.000137002
-0.000115387
-5.76282e-05
-0.000107961
-0.000180362
-0.000126459
-1.02174e-05
2.54288e-05
-2.15035e-05
-0.000132714
-0.000197412
-0.000162808
-0.000101261
-7.42127e-05
-7.92577e-05
-9.94265e-05
-0.000100139
-0.000111178
-0.00011145
-3.90924e-05
5.80408e-05
3.22237e-05
-8.30771e-05
-0.000153355
-0.000100672
1.52113e-05
7.34665e-05
4.63745e-05
1.53354e-07
-1.70442e-05
-2.05421e-05
-5.2159e-05
-8.89847e-05
-0.000121079
-0.000148724
-0.000158015
-0.000170377
-0.000139179
-9.05638e-05
-9.19354e-05
-0.000136493
-0.000110961
-6.04549e-05
-0.000107751
-0.000168174
-0.000109663
1.56305e-06
3.67993e-05
-1.34914e-05
-0.000127078
-0.00019123
-0.000157628
-9.25385e-05
-6.62051e-05
-7.48171e-05
-9.13719e-05
-9.39833e-05
-0.000100958
-9.84976e-05
-3.5671e-05
5.71845e-05
4.20602e-05
-7.87487e-05
-0.000146594
-9.4507e-05
1.83283e-05
7.04635e-05
4.43103e-05
3.11147e-06
-1.16894e-05
-1.23377e-05
-3.43763e-05
-6.58108e-05
-9.89582e-05
-0.000138792
-0.000159942
-0.000168801
-0.000132271
-8.29786e-05
-9.01575e-05
-0.000131991
-0.000107213
-6.48393e-05
-0.000107257
-0.000155912
-9.33436e-05
1.21752e-05
4.70668e-05
-1.09763e-05
-0.000123934
-0.000188292
-0.000152654
-8.67731e-05
-6.10894e-05
-7.18121e-05
-8.69918e-05
-8.98277e-05
-9.42146e-05
-9.53939e-05
-3.77964e-05
5.70729e-05
5.66614e-05
-6.8945e-05
-0.000143492
-0.000100716
1.13017e-05
6.37213e-05
5.26192e-05
1.33013e-05
-2.42002e-06
-7.49895e-07
-1.40474e-05
-4.18477e-05
-7.77385e-05
-0.000137301
-0.000165985
-0.000172237
-0.00013255
-8.11617e-05
-9.16033e-05
-0.000128262
-0.000103573
-6.38376e-05
-0.000100283
-0.000140491
-7.64165e-05
2.09673e-05
5.39952e-05
-8.37575e-06
-0.000123523
-0.000186489
-0.000148954
-8.32498e-05
-5.90394e-05
-7.2337e-05
-8.64544e-05
-8.59308e-05
-9.26012e-05
-9.77496e-05
-4.0455e-05
5.773e-05
6.06323e-05
-6.32786e-05
-0.000148806
-0.000108695
7.32199e-06
6.58585e-05
6.55272e-05
2.30457e-05
4.70299e-06
1.13457e-05
3.67619e-06
-3.20781e-05
-8.13129e-05
-0.000140398
-0.000168777
-0.000173185
-0.000132455
-8.19111e-05
-9.38488e-05
-0.000125568
-9.78024e-05
-5.83313e-05
-9.22328e-05
-0.000128633
-6.5361e-05
2.62362e-05
5.69303e-05
-6.6439e-06
-0.000122978
-0.000185106
-0.000147352
-8.28384e-05
-5.89373e-05
-7.12401e-05
-8.46704e-05
-8.43763e-05
-9.47275e-05
-0.000100339
-4.11952e-05
5.97523e-05
6.0587e-05
-6.38223e-05
-0.000151153
-0.00010921
1.47429e-05
7.65882e-05
7.13803e-05
2.90176e-05
1.1202e-05
1.47987e-05
6.03778e-07
-3.33647e-05
-8.16548e-05
-0.000140762
-0.00016891
-0.000172822
-0.000131498
-8.24687e-05
-9.46229e-05
-0.000123048
-9.34444e-05
-5.50818e-05
-8.82161e-05
-0.000122486
-6.06522e-05
2.73081e-05
5.58463e-05
-6.87221e-06
-0.000123049
-0.000184306
-0.000146779
-8.25356e-05
-5.85021e-05
-7.04555e-05
-8.40699e-05
-8.44141e-05
-9.58018e-05
-9.96406e-05
-3.88663e-05
6.00535e-05
5.81217e-05
-6.35782e-05
-0.000147622
-0.000102887
2.20822e-05
8.43554e-05
7.28915e-05
2.99599e-05
1.09372e-05
1.42931e-05
3.25043e-07
-3.372e-05
-8.19449e-05
-0.000140506
-0.00016823
-0.000171321
-0.000130167
-8.26932e-05
-9.43736e-05
-0.000121393
-9.11253e-05
-5.40264e-05
-8.74154e-05
-0.000120529
-5.90033e-05
2.7577e-05
5.5176e-05
-7.34712e-06
-0.000123051
-0.000183784
-0.000146218
-8.22486e-05
-5.84654e-05
-7.03482e-05
-8.37535e-05
-8.40973e-05
-9.47573e-05
-9.81668e-05
-3.74662e-05
5.98502e-05
5.6882e-05
-6.25878e-05
-0.000144111
-9.79455e-05
2.60649e-05
8.70061e-05
-4.49185e-05
-5.3502e-05
-7.30619e-05
-9.93725e-05
-0.000114303
-0.000152004
-0.000169559
-0.000174721
-0.000169909
-0.000160892
-0.000151916
-0.00014243
-0.000128167
-0.000114245
-9.72647e-05
-8.58973e-05
-7.79825e-05
-6.73072e-05
-6.52065e-05
-7.45219e-05
-8.97057e-05
-0.000101953
-0.000111361
-0.000113044
-9.69954e-05
-7.64649e-05
-7.04231e-05
-8.52775e-05
-0.000101984
-0.000107178
-0.000101882
-9.70166e-05
-0.000104693
-0.000106336
-9.88704e-05
-8.76509e-05
-7.17858e-05
-5.80723e-05
-4.39815e-05
-4.35127e-05
-5.61668e-05
-6.95766e-05
-8.59373e-05
-0.000114486
-0.000154477
-0.000172324
-0.000188903
-0.000192866
-0.000186035
-0.000175108
-0.000162056
-0.000149829
-0.000129415
-0.000104797
-8.05922e-05
-6.76625e-05
-6.71102e-05
-6.61101e-05
-6.96764e-05
-8.43597e-05
-0.000103932
-0.000119423
-0.000125077
-0.000120536
-0.000104638
-8.68464e-05
-7.6896e-05
-8.03099e-05
-9.26908e-05
-9.82745e-05
-9.56071e-05
-9.53389e-05
-9.65159e-05
-9.39072e-05
-8.33139e-05
-7.23136e-05
-6.50575e-05
-5.95102e-05
-5.38162e-05
-5.34598e-05
-5.33137e-05
-6.19129e-05
-8.88724e-05
-0.000117614
-0.000150795
-0.000177415
-0.000192523
-0.000198048
-0.00019345
-0.000183514
-0.000171938
-0.000156582
-0.000133614
-0.000109603
-8.92248e-05
-7.80906e-05
-7.08261e-05
-6.62225e-05
-7.62629e-05
-0.000100956
-0.000129907
-0.000151628
-0.000154294
-0.000131504
-0.000104042
-8.24617e-05
-7.28152e-05
-7.46877e-05
-8.37767e-05
-8.49516e-05
-7.95066e-05
-7.99707e-05
-8.67893e-05
-8.7385e-05
-8.26437e-05
-7.61748e-05
-6.63454e-05
-5.53502e-05
-4.71205e-05
-4.36727e-05
-6.29115e-05
-7.76639e-05
-0.000101215
-0.00012531
-0.000151196
-0.000181048
-0.000188429
-0.000194295
-0.000195675
-0.000194753
-0.000188872
-0.000170489
-0.000140315
-0.000108998
-8.40534e-05
-6.75581e-05
-5.73174e-05
-6.10511e-05
-8.66615e-05
-0.000124796
-0.000155195
-0.000171104
-0.000163402
-0.000129805
-9.4231e-05
-7.30478e-05
-6.95583e-05
-7.7216e-05
-8.4542e-05
-8.45313e-05
-8.11356e-05
-8.02921e-05
-8.20409e-05
-8.07882e-05
-8.00226e-05
-7.97387e-05
-7.18461e-05
-6.03502e-05
-5.24606e-05
-5.94151e-05
-6.01116e-05
-7.72349e-05
-9.97759e-05
-0.000118212
-0.00013307
-0.000157412
-0.000181078
-0.000197337
-0.000204178
-0.000209156
-0.000202369
-0.000176601
-0.000141681
-0.000111836
-8.77124e-05
-6.66602e-05
-5.57558e-05
-6.82571e-05
-0.00010224
-0.000141355
-0.000164535
-0.000171111
-0.000158539
-0.00012906
-9.70612e-05
-7.78344e-05
-7.37038e-05
-7.99876e-05
-8.77948e-05
-8.91119e-05
-8.46332e-05
-7.92047e-05
-7.88848e-05
-8.00985e-05
-8.06088e-05
-7.87491e-05
-7.04546e-05
-5.89638e-05
-4.98927e-05
-5.24001e-05
-5.00556e-05
-6.11436e-05
-8.17368e-05
-9.89928e-05
-0.000112836
-0.0001372
-0.000171794
-0.000198679
-0.000210907
-0.000221092
-0.000213247
-0.000185734
-0.000151362
-0.000119758
-8.9406e-05
-6.10826e-05
-4.88053e-05
-6.28306e-05
-9.65753e-05
-0.000133763
-0.000165375
-0.000173211
-0.000160758
-0.000132922
-0.000105575
-8.85088e-05
-8.5893e-05
-8.81517e-05
-9.28698e-05
-9.57394e-05
-9.25378e-05
-8.2932e-05
-7.65674e-05
-7.96537e-05
-7.342e-05
-7.03622e-05
-6.44259e-05
-5.7935e-05
-4.4585e-05
-4.36852e-05
-2.18663e-05
-2.75616e-05
-5.94025e-05
-9.17419e-05
-0.000110237
-0.000130824
-0.000168136
-0.000199654
-0.000213896
-0.000224885
-0.000215332
-0.000184368
-0.000149114
-0.000114544
-8.17192e-05
-5.3424e-05
-4.55255e-05
-6.13916e-05
-8.94972e-05
-0.000134469
-0.000171636
-0.000180158
-0.000170092
-0.000150838
-0.000126599
-0.000110037
-9.68765e-05
-8.84814e-05
-7.96988e-05
-9.02137e-05
-9.25495e-05
-8.5674e-05
-8.30289e-05
-8.05425e-05
-6.79321e-05
-6.49369e-05
-5.93572e-05
-5.88094e-05
-4.39246e-05
-2.74585e-05
-3.0089e-06
1.73697e-06
-4.65506e-05
-8.97854e-05
-0.000104673
-0.000114455
-0.000147864
-0.000185671
-0.00022318
-0.00023534
-0.000219107
-0.000182086
-0.00013814
-0.000108979
-7.44329e-05
-5.15065e-05
-4.25068e-05
-5.40998e-05
-8.56925e-05
-0.000139012
-0.000173408
-0.000182112
-0.00018501
-0.000180722
-0.000154727
-0.000123563
-8.97042e-05
-7.25873e-05
-7.10493e-05
-9.04289e-05
-0.000102612
-9.91922e-05
-9.33987e-05
-8.11989e-05
-6.4608e-05
-6.33854e-05
-5.72955e-05
-5.13256e-05
-3.62269e-05
-1.0831e-05
5.41438e-05
3.60561e-05
-1.97964e-05
-7.6088e-05
-0.000107352
-0.000132026
-0.000162766
-0.000195193
-0.000222481
-0.000225614
-0.000202635
-0.000168565
-0.000131327
-9.97444e-05
-7.10048e-05
-5.27575e-05
-4.16149e-05
-4.7791e-05
-8.00954e-05
-0.000130503
-0.000166216
-0.000190857
-0.000210929
-0.000210074
-0.000177748
-0.000117506
-7.86908e-05
-6.93987e-05
-7.37924e-05
-9.80777e-05
-0.000117222
-0.000121308
-0.000112117
-7.81879e-05
-5.0495e-05
-5.1494e-05
-5.77979e-05
-5.47144e-05
-4.40995e-05
-6.00515e-06
4.4847e-05
3.46383e-05
-1.66838e-05
-7.20823e-05
-0.000110532
-0.000144584
-0.000172532
-0.000199489
-0.000219403
-0.000215602
-0.000193277
-0.000163175
-0.000131742
-0.000105158
-7.90615e-05
-5.73911e-05
-3.63078e-05
-4.35863e-05
-6.91105e-05
-0.000114273
-0.000163298
-0.000217266
-0.000244234
-0.000229784
-0.000177212
-0.000117322
-9.01998e-05
-8.0621e-05
-7.64977e-05
-0.000104332
-0.000132063
-0.000145069
-0.000123823
-6.32402e-05
-3.11665e-05
-5.03627e-05
-7.01748e-05
-7.48844e-05
-4.79173e-05
3.73514e-06
3.14198e-05
2.49099e-05
-1.36672e-05
-6.15176e-05
-0.000104192
-0.000146366
-0.000179475
-0.000203497
-0.000217634
-0.000213646
-0.000186081
-0.000160185
-0.000140861
-0.000122968
-9.06007e-05
-6.13405e-05
-4.06904e-05
-4.44626e-05
-6.99191e-05
-0.000118276
-0.000191406
-0.000253505
-0.000272988
-0.000238437
-0.000169863
-0.000113574
-9.02934e-05
-7.69833e-05
-6.94734e-05
-0.000104473
-0.000135386
-0.000154873
-0.000127836
-5.01088e-05
-2.09728e-05
-4.39218e-05
-7.51731e-05
-8.54296e-05
-4.1753e-05
1.01273e-05
4.74921e-05
3.89366e-05
-8.37161e-06
-6.31484e-05
-0.000118798
-0.000168017
-0.000198533
-0.000213885
-0.000220234
-0.00021651
-0.000193022
-0.000166983
-0.000160564
-0.000140794
-9.57232e-05
-5.83066e-05
-3.90868e-05
-4.25485e-05
-7.81115e-05
-0.000134646
-0.000209827
-0.000265777
-0.000279996
-0.000235121
-0.000158332
-0.00010301
-7.56364e-05
-6.43737e-05
-6.77541e-05
-0.000104951
-0.000138136
-0.000161649
-0.000122687
-2.92338e-05
-2.28357e-06
-4.73304e-05
-0.000106658
-9.97383e-05
-2.22667e-05
3.34707e-05
5.65619e-05
4.31521e-05
-2.007e-05
-8.86407e-05
-0.000152305
-0.000202406
-0.000223929
-0.000225737
-0.000223677
-0.000218294
-0.000199148
-0.000176697
-0.000172301
-0.000152855
-0.000101821
-5.8685e-05
-3.61366e-05
-3.84372e-05
-8.46662e-05
-0.000142432
-0.000214464
-0.000255282
-0.000264097
-0.000219167
-0.000156933
-9.67038e-05
-6.65265e-05
-6.53313e-05
-7.36716e-05
-0.000112795
-0.000146333
-0.000161518
-0.000103249
-6.50247e-06
9.89388e-06
-6.3475e-05
-0.000120902
-8.25731e-05
3.52102e-06
4.776e-05
6.14575e-05
2.31204e-05
-3.86327e-05
-0.000106167
-0.000170398
-0.000223855
-0.000243265
-0.000235578
-0.00022284
-0.00021022
-0.000192349
-0.000177486
-0.000180229
-0.000166496
-0.000108211
-5.3648e-05
-3.02763e-05
-3.60162e-05
-9.19173e-05
-0.00014566
-0.000213143
-0.000232909
-0.000239414
-0.000205737
-0.00015039
-9.01209e-05
-6.90827e-05
-7.49229e-05
-6.14746e-05
-0.000104478
-0.000141976
-0.000147434
-8.77527e-05
5.59128e-09
8.6933e-06
-7.5425e-05
-0.000118319
-6.65783e-05
3.62803e-06
4.81923e-05
5.65505e-05
1.04073e-05
-5.27755e-05
-0.000110704
-0.000166014
-0.000219287
-0.000243505
-0.000234253
-0.000212712
-0.000191249
-0.000177943
-0.000178292
-0.000183359
-0.000167853
-0.000104334
-4.52161e-05
-2.6654e-05
-3.65332e-05
-9.78902e-05
-0.0001474
-0.000189581
-0.000202695
-0.000217644
-0.000194306
-0.000142764
-8.80693e-05
-7.49371e-05
-8.16875e-05
-5.61979e-05
-8.28783e-05
-0.000127557
-0.000136636
-7.91065e-05
3.90574e-07
3.79335e-06
-7.52061e-05
-0.000101416
-6.52358e-05
-4.61279e-06
4.57244e-05
4.36779e-05
2.46271e-06
-5.15391e-05
-0.000104372
-0.000157145
-0.000205105
-0.000226384
-0.000221193
-0.000200121
-0.000173744
-0.000162479
-0.00017845
-0.000172966
-0.000152373
-9.40355e-05
-3.86707e-05
-2.3479e-05
-4.46822e-05
-9.78024e-05
-0.000143418
-0.00016418
-0.000172499
-0.000195917
-0.00018297
-0.000140617
-8.83702e-05
-7.72487e-05
-8.16242e-05
-4.92869e-05
-5.94457e-05
-0.000108652
-0.00012852
-7.61376e-05
1.20787e-06
6.9412e-06
-6.53979e-05
-9.31077e-05
-7.74617e-05
-1.99919e-05
3.73045e-05
3.25976e-05
4.24544e-06
-4.11709e-05
-9.53984e-05
-0.00015141
-0.00019193
-0.000208772
-0.000207677
-0.000188019
-0.000158636
-0.000162876
-0.000173911
-0.000158757
-0.000136245
-8.39706e-05
-3.12824e-05
-2.3447e-05
-6.18518e-05
-0.000105016
-0.000135028
-0.000142421
-0.00015331
-0.000185165
-0.000178831
-0.000137139
-7.8591e-05
-6.33237e-05
-8.29189e-05
-4.30834e-05
-4.13811e-05
-9.78834e-05
-0.000130732
-8.05164e-05
2.95019e-07
7.29251e-06
-6.20189e-05
-0.00010831
-9.93825e-05
-3.59068e-05
3.12381e-05
3.85898e-05
1.36451e-05
-2.78324e-05
-8.73988e-05
-0.000143519
-0.000175127
-0.000192408
-0.000199391
-0.000179399
-0.000147771
-0.000159656
-0.000171238
-0.00015389
-0.000130934
-7.71908e-05
-3.07406e-05
-3.58785e-05
-8.29772e-05
-0.000110331
-0.000124458
-0.000131314
-0.000151714
-0.000182348
-0.000175994
-0.000127466
-6.89903e-05
-6.89633e-05
-8.38003e-05
-3.3539e-05
-2.79859e-05
-0.00010977
-0.000154614
-9.36426e-05
-4.3782e-06
1.48928e-06
-7.34687e-05
-0.000127535
-0.000116126
-3.77565e-05
3.21657e-05
5.09469e-05
2.98639e-05
-1.50966e-05
-8.02558e-05
-0.000126665
-0.000155523
-0.000185469
-0.000198083
-0.000169882
-0.000135006
-0.000155949
-0.000174717
-0.000163412
-0.000137317
-7.88805e-05
-3.30202e-05
-5.34189e-05
-9.92893e-05
-0.000108964
-0.000112675
-0.000129929
-0.000157422
-0.000185697
-0.000175019
-0.000121378
-7.018e-05
-7.44445e-05
-7.027e-05
-1.47669e-05
-1.78779e-05
-0.000120206
-0.000158293
-8.99376e-05
-7.52869e-06
-3.71165e-06
-8.48208e-05
-0.000141368
-0.000120851
-3.29521e-05
3.67415e-05
6.84137e-05
4.8307e-05
-3.9131e-06
-6.91058e-05
-0.000102014
-0.000136263
-0.000183489
-0.000201743
-0.000162651
-0.000121469
-0.000150527
-0.000183682
-0.000178461
-0.000147692
-8.38286e-05
-3.96706e-05
-6.33397e-05
-9.97276e-05
-0.000103434
-0.000107068
-0.000128172
-0.000161302
-0.00018992
-0.000177815
-0.000121437
-7.28424e-05
-7.02981e-05
-5.47221e-05
1.35113e-05
4.45377e-06
-0.00010999
-0.000142841
-8.48388e-05
-1.11266e-05
-8.54722e-06
-8.95946e-05
-0.000145888
-0.000116832
-2.81446e-05
4.41926e-05
8.80933e-05
6.36089e-05
6.76263e-06
-4.50135e-05
-7.36632e-05
-0.000122465
-0.000183116
-0.000201335
-0.000157334
-0.000118353
-0.000151151
-0.000189745
-0.000190246
-0.000153424
-8.4951e-05
-4.2978e-05
-7.21878e-05
-0.000105868
-0.000103232
-0.00010174
-0.000124734
-0.000159944
-0.000192101
-0.000180249
-0.00012265
-6.92611e-05
-5.90157e-05
-3.55837e-05
3.6283e-05
2.40045e-05
-0.000101345
-0.000135362
-8.36371e-05
-1.32458e-05
-1.05916e-05
-9.06209e-05
-0.0001446
-0.00011553
-2.4372e-05
5.59163e-05
0.000105684
7.64886e-05
2.11032e-05
-2.51071e-05
-5.47013e-05
-0.000113789
-0.00017851
-0.00020834
-0.000158937
-0.000120176
-0.000151733
-0.000189525
-0.000189601
-0.000149597
-8.38601e-05
-4.99542e-05
-8.15118e-05
-0.000111818
-0.000105027
-9.78001e-05
-0.000120471
-0.000155403
-0.000189481
-0.000178866
-0.000117771
-6.12073e-05
-4.91726e-05
-2.1753e-05
4.84209e-05
3.0954e-05
-9.90054e-05
-0.000132292
-8.26656e-05
-1.6956e-05
-1.27785e-05
-9.14361e-05
-0.000144788
-0.000117228
-1.86666e-05
7.12122e-05
0.000115939
8.9378e-05
3.37875e-05
-1.66327e-05
-5.31876e-05
-0.000114014
-0.000181937
-0.000207135
-0.000158699
-0.000121706
-0.00015091
-0.000187493
-0.000185948
-0.000145599
-8.38953e-05
-5.42392e-05
-8.46564e-05
-0.000112803
-0.000104231
-9.51166e-05
-0.000116006
-0.000150713
-0.000184788
-0.00017475
-0.000111187
-5.52146e-05
-4.34281e-05
-1.4346e-05
4.83546e-05
3.10025e-05
-9.83337e-05
-0.000130275
-8.30755e-05
-1.61623e-05
-1.26938e-05
-9.24255e-05
-0.000146294
-0.00011587
-8.5573e-06
8.46609e-05
0.000122471
8.97157e-05
2.94368e-05
-1.89973e-05
-5.36752e-05
-0.000114395
-0.000182152
-0.000205552
-0.000157974
-0.000122231
-0.00015123
-0.000186764
-0.000184502
-0.000143772
-8.35353e-05
-5.41053e-05
-8.24311e-05
-0.000110633
-0.000102719
-9.34015e-05
-0.000111571
-0.000147325
-0.000181799
-0.000171674
-0.000107939
-5.31762e-05
-4.27035e-05
-1.42609e-05
4.54571e-05
2.84709e-05
-9.81546e-05
-0.000129348
-8.0841e-05
-1.45191e-05
-1.23602e-05
-9.24992e-05
-0.000145372
-0.000112848
-2.82364e-06
9.14905e-05
0.000120177
8.83453e-05
2.87246e-05
-1.93041e-05
-5.4067e-05
-0.000115104
-0.000181638
-0.000204289
-0.000157514
-0.000122594
-0.000153243
-0.000186647
-0.00018449
-0.000142687
-8.24872e-05
-5.34096e-05
-8.13855e-05
-0.000109543
-0.000101593
-9.2175e-05
-0.000109785
-0.000145688
-0.000180174
-0.000170419
-0.000108164
-5.4463e-05
-4.21647e-05
-1.37579e-05
4.41084e-05
2.63736e-05
-9.82666e-05
-0.000128354
-8.00906e-05
-1.39635e-05
-1.20652e-05
-9.15288e-05
-0.000143694
-0.00011055
-8.31081e-08
9.16101e-05
-4.29262e-05
-5.50724e-05
-7.87066e-05
-0.000109705
-0.000133079
-0.000155133
-0.000165502
-0.000167634
-0.000162574
-0.000155713
-0.000148948
-0.000141564
-0.000128942
-0.000111772
-9.38839e-05
-8.00411e-05
-7.30813e-05
-6.81638e-05
-6.45548e-05
-7.24916e-05
-9.07106e-05
-0.000111182
-0.000127502
-0.000126167
-0.000103563
-8.03987e-05
-7.88274e-05
-9.12367e-05
-0.000108692
-0.000111314
-0.000100605
-9.12546e-05
-9.68227e-05
-0.000103227
-0.000106985
-0.000106024
-9.40296e-05
-7.36517e-05
-5.72677e-05
-4.86913e-05
-5.73805e-05
-7.02792e-05
-9.08138e-05
-0.000116293
-0.000143647
-0.000165431
-0.000178773
-0.000181489
-0.000176917
-0.000169736
-0.000162317
-0.000148508
-0.000126858
-9.97255e-05
-7.27609e-05
-5.83915e-05
-5.47199e-05
-5.88476e-05
-6.71939e-05
-8.77551e-05
-0.000113308
-0.000131463
-0.000136322
-0.000124821
-0.000100187
-8.41498e-05
-7.62205e-05
-8.15765e-05
-9.24752e-05
-9.56163e-05
-9.32541e-05
-9.17913e-05
-9.14196e-05
-9.01855e-05
-8.53493e-05
-7.90201e-05
-7.0014e-05
-6.0651e-05
-6.34475e-05
-5.62214e-05
-5.4358e-05
-6.89103e-05
-9.3332e-05
-0.000117496
-0.000141783
-0.000160721
-0.000177669
-0.000183832
-0.000183873
-0.000178378
-0.000171476
-0.00015647
-0.000130206
-0.000101391
-7.76806e-05
-6.50812e-05
-6.63148e-05
-5.83831e-05
-7.3368e-05
-0.00010144
-0.00013264
-0.000155438
-0.000164102
-0.000131817
-0.000101887
-7.95067e-05
-7.03813e-05
-6.96722e-05
-7.69253e-05
-8.03771e-05
-7.8072e-05
-7.81584e-05
-8.16604e-05
-8.4626e-05
-8.16923e-05
-7.72587e-05
-6.90902e-05
-5.85336e-05
-5.0428e-05
-4.82559e-05
-6.23932e-05
-7.76664e-05
-9.85807e-05
-0.00011751
-0.000134436
-0.000149026
-0.00017744
-0.000189198
-0.000191402
-0.000191767
-0.000188704
-0.000170544
-0.000136805
-0.000100598
-7.34403e-05
-5.65106e-05
-4.03707e-05
-4.9416e-05
-8.55301e-05
-0.000128351
-0.000159724
-0.000178187
-0.000162453
-0.000125758
-8.7009e-05
-6.42357e-05
-6.30511e-05
-7.30575e-05
-8.51316e-05
-8.68845e-05
-8.42662e-05
-8.16552e-05
-7.93024e-05
-7.59619e-05
-7.46635e-05
-7.43753e-05
-7.07394e-05
-6.44666e-05
-5.6202e-05
-5.7009e-05
-7.37487e-05
-9.05733e-05
-0.000102783
-0.000105306
-0.000112487
-0.000135258
-0.000171405
-0.000195155
-0.000202183
-0.000206906
-0.000204173
-0.00017757
-0.00014042
-0.000106555
-7.83286e-05
-5.1144e-05
-4.25851e-05
-7.14452e-05
-0.000111542
-0.000150501
-0.00016901
-0.000171269
-0.000155346
-0.000119854
-8.48146e-05
-6.65358e-05
-6.92308e-05
-8.20722e-05
-9.15314e-05
-9.31699e-05
-9.50411e-05
-9.31297e-05
-8.4212e-05
-7.5423e-05
-7.48489e-05
-7.33092e-05
-6.76764e-05
-5.57776e-05
-5.48897e-05
-6.33119e-05
-6.47583e-05
-6.37978e-05
-7.23246e-05
-8.46435e-05
-0.000101981
-0.000133116
-0.000171461
-0.000195774
-0.000203789
-0.000211834
-0.00020931
-0.000184601
-0.000152563
-0.000121915
-8.44126e-05
-4.948e-05
-4.43266e-05
-7.22479e-05
-0.00011249
-0.000146666
-0.000166368
-0.000167144
-0.000149179
-0.000120305
-9.75336e-05
-7.92091e-05
-8.41247e-05
-9.31886e-05
-0.000100515
-0.000103994
-0.000107918
-0.000101867
-8.29508e-05
-6.43998e-05
-6.8708e-05
-6.65366e-05
-6.29249e-05
-6.69508e-05
-7.55141e-05
-7.24442e-05
-2.56048e-05
-2.69288e-05
-6.02963e-05
-8.96461e-05
-0.000105894
-0.000132936
-0.000174225
-0.000200222
-0.00020828
-0.000213894
-0.000210436
-0.000187643
-0.000160359
-0.000128861
-7.92629e-05
-4.8779e-05
-5.44823e-05
-7.95259e-05
-0.000103827
-0.00012608
-0.000155852
-0.000158984
-0.000150495
-0.000135378
-0.000114225
-8.99312e-05
-9.57069e-05
-9.68297e-05
-0.000102572
-0.000108816
-0.000118215
-0.000109159
-8.79349e-05
-7.296e-05
-7.64952e-05
-6.91503e-05
-6.41671e-05
-7.70996e-05
-8.27623e-05
-5.68297e-05
9.15255e-06
5.66987e-06
-5.20007e-05
-0.000100605
-0.000127338
-0.000155981
-0.000189725
-0.000206246
-0.000210842
-0.000212679
-0.000206592
-0.00019295
-0.000156952
-0.000120131
-7.31466e-05
-5.64663e-05
-6.29246e-05
-7.45484e-05
-9.48247e-05
-0.000126002
-0.000152463
-0.000157122
-0.000157932
-0.000156167
-0.000133255
-0.000106629
-9.83557e-05
-9.30412e-05
-9.81298e-05
-0.000121135
-0.000136669
-0.000121647
-9.16728e-05
-7.04774e-05
-7.12401e-05
-6.77094e-05
-5.3164e-05
-7.36434e-05
-7.63324e-05
-3.43588e-05
4.85669e-05
3.10512e-05
-4.48973e-05
-0.000107218
-0.000140947
-0.000172311
-0.000204755
-0.000214412
-0.000212517
-0.000206875
-0.000197247
-0.000183899
-0.000149377
-0.000103661
-6.74845e-05
-5.96703e-05
-6.43492e-05
-6.94063e-05
-8.96129e-05
-0.000123454
-0.000149309
-0.000161882
-0.000173026
-0.00017991
-0.000149508
-0.000111142
-8.56826e-05
-8.20459e-05
-9.78377e-05
-0.000135849
-0.000155179
-0.000135312
-9.47616e-05
-6.18109e-05
-5.49563e-05
-7.06225e-05
-6.79774e-05
-6.64494e-05
-5.09678e-05
1.01337e-05
5.49365e-05
5.48978e-05
-2.02557e-05
-9.21911e-05
-0.000131492
-0.000160394
-0.000190157
-0.0001997
-0.000204834
-0.000205843
-0.000205826
-0.000188212
-0.000145072
-9.73752e-05
-6.83864e-05
-6.24357e-05
-6.70015e-05
-6.91239e-05
-8.78666e-05
-0.000119885
-0.000152794
-0.000175703
-0.000189035
-0.000199398
-0.000171851
-0.000111421
-7.07015e-05
-6.56783e-05
-9.63069e-05
-0.000152863
-0.000173771
-0.000145226
-9.38055e-05
-5.12917e-05
-4.61328e-05
-5.51002e-05
-6.54161e-05
-4.59893e-05
-3.41414e-05
-4.65162e-05
0.000114597
0.000103414
2.93596e-06
-8.01707e-05
-0.00012882
-0.000164009
-0.000189369
-0.000196685
-0.000202506
-0.000208584
-0.000207151
-0.000189213
-0.000144255
-0.000101225
-7.13749e-05
-6.5955e-05
-6.91013e-05
-7.14272e-05
-9.05387e-05
-0.000125736
-0.000166777
-0.000190434
-0.000202439
-0.000212946
-0.000183756
-0.000110288
-5.36223e-05
-3.53655e-05
-9.48292e-05
-0.000169163
-0.00018916
-0.000157882
-9.77041e-05
-3.76595e-05
-3.4766e-05
-6.43737e-05
-7.5198e-05
-7.26222e-05
-2.77095e-05
4.1035e-05
0.000176411
0.000132453
-3.59967e-06
-8.93077e-05
-0.00014154
-0.000176507
-0.00019901
-0.000204102
-0.000205608
-0.000211764
-0.00021242
-0.000196884
-0.000154702
-0.000109438
-7.47393e-05
-6.64333e-05
-7.2478e-05
-7.91487e-05
-0.000102701
-0.000138063
-0.000173859
-0.000196002
-0.000217606
-0.00022907
-0.000196025
-0.000104883
-2.37588e-05
-5.43448e-06
-0.000104395
-0.000192684
-0.000205545
-0.000167478
-8.3348e-05
-1.13186e-05
-2.54415e-05
-5.99976e-05
-9.79958e-05
-0.000110865
1.07565e-06
0.000133161
0.000181664
9.93931e-05
-2.81888e-05
-0.000110754
-0.000160763
-0.0001916
-0.000214004
-0.000222136
-0.000220741
-0.000218221
-0.000223525
-0.000210365
-0.00016767
-0.000114997
-7.47861e-05
-6.89934e-05
-7.92937e-05
-8.95889e-05
-0.000114663
-0.000146559
-0.000170434
-0.00019406
-0.000227156
-0.000242573
-0.000194431
-9.55598e-05
-3.41892e-06
6.16542e-06
-0.000103903
-0.000193881
-0.000202347
-0.000154538
-5.39894e-05
2.06592e-05
2.33344e-05
-4.6998e-05
-0.000107816
-9.28118e-05
6.04006e-05
0.000183585
0.000174851
5.87663e-05
-5.67337e-05
-0.000132239
-0.000177348
-0.000207215
-0.000232716
-0.000240645
-0.000223165
-0.000211402
-0.000225287
-0.000213635
-0.000172889
-0.00012096
-7.85129e-05
-7.03679e-05
-8.21116e-05
-9.96137e-05
-0.000124116
-0.000146686
-0.000152962
-0.000182836
-0.000228081
-0.000251222
-0.000187288
-8.41092e-05
-2.85887e-06
-6.28065e-06
-9.5992e-05
-0.000162446
-0.000180226
-0.000139467
-4.6234e-05
2.88353e-05
3.49622e-05
-3.6648e-05
-0.000115011
-7.7205e-05
9.0727e-05
0.000210676
0.000153362
2.33325e-05
-7.72011e-05
-0.000140583
-0.000183873
-0.000221985
-0.000252729
-0.000255501
-0.00021676
-0.000182437
-0.000218418
-0.000213724
-0.000175147
-0.000122667
-7.79368e-05
-6.8728e-05
-8.14656e-05
-0.000101345
-0.000124257
-0.000141327
-0.000144527
-0.000165919
-0.000226105
-0.0002564
-0.000186687
-7.92457e-05
-8.04623e-06
-2.15407e-05
-8.6196e-05
-0.000142934
-0.000180035
-0.000151421
-4.4397e-05
4.26352e-05
4.59349e-05
-5.14003e-05
-0.000145677
-7.03867e-05
0.000128052
0.00022361
0.00012869
4.327e-06
-8.12728e-05
-0.00013348
-0.000180075
-0.000239604
-0.000281405
-0.000259177
-0.000199808
-0.000164724
-0.000223242
-0.00022722
-0.000184641
-0.000126459
-7.90082e-05
-6.60705e-05
-7.54686e-05
-9.63934e-05
-0.000125729
-0.000138057
-0.00012318
-0.000146871
-0.000231774
-0.00027375
-0.000194673
-7.26188e-05
-7.90215e-06
-3.57075e-05
-8.45136e-05
-0.000153324
-0.000191612
-0.000152789
-3.5152e-05
5.13054e-05
4.63515e-05
-7.18952e-05
-0.000171446
-5.99791e-05
0.000141396
0.000206567
0.000112362
1.55055e-06
-7.28847e-05
-0.000121723
-0.000173841
-0.000254603
-0.000300223
-0.000258569
-0.000183703
-0.000155266
-0.00023196
-0.000248709
-0.000196621
-0.000130249
-7.51588e-05
-5.74988e-05
-7.11911e-05
-8.9618e-05
-0.000113218
-0.00011608
-9.98522e-05
-0.000136142
-0.000247701
-0.000289391
-0.000194401
-5.51225e-05
-2.18028e-08
-4.68701e-05
-9.49365e-05
-0.000149009
-0.000195662
-0.000143114
-2.4449e-05
5.90796e-05
4.30309e-05
-9.52638e-05
-0.000180809
-4.98467e-05
0.000137028
0.000180622
9.67701e-05
3.09894e-06
-6.77386e-05
-0.000114021
-0.000164713
-0.000255992
-0.000309963
-0.00025318
-0.000162823
-0.000147361
-0.000233688
-0.000264589
-0.000207194
-0.000128762
-6.65384e-05
-4.42604e-05
-5.92185e-05
-8.34674e-05
-0.000104021
-0.000101418
-8.29688e-05
-0.000136095
-0.000259489
-0.000295976
-0.000190729
-4.36552e-05
9.7847e-07
-6.15843e-05
-0.000109813
-0.000163786
-0.000204864
-0.00013863
-9.48441e-06
6.83688e-05
3.29836e-05
-0.000107052
-0.000171922
-3.202e-05
0.00013007
0.000159412
8.7389e-05
2.98415e-06
-7.08048e-05
-0.000112665
-0.000156186
-0.000252196
-0.000314458
-0.000239896
-0.000132514
-0.000135202
-0.000247679
-0.000290594
-0.000226388
-0.000129861
-5.27942e-05
-3.11824e-05
-4.86833e-05
-7.42752e-05
-9.14374e-05
-9.40252e-05
-8.51799e-05
-0.000146323
-0.000262496
-0.00029316
-0.000190204
-4.51693e-05
-1.6365e-06
-7.101e-05
-0.000116817
-0.000182041
-0.000214174
-0.000130067
4.7237e-06
6.94238e-05
2.12149e-05
-9.95635e-05
-0.000145635
-1.12639e-05
0.00011953
0.000140065
8.23857e-05
2.95121e-09
-7.85469e-05
-0.000115625
-0.000151611
-0.000251801
-0.000319986
-0.000225909
-0.000108455
-0.000127669
-0.000260359
-0.000314009
-0.000245274
-0.000129243
-4.10741e-05
-1.89372e-05
-3.78069e-05
-6.77805e-05
-9.1785e-05
-9.68386e-05
-9.50923e-05
-0.000154726
-0.000256923
-0.000283144
-0.000184547
-4.305e-05
-1.55757e-06
-6.92812e-05
-0.000134291
-0.000200569
-0.000216944
-0.000114779
9.25628e-06
6.29115e-05
2.1258e-05
-8.69451e-05
-0.000118916
-3.02037e-06
0.000102909
0.000122269
7.83321e-05
-7.16293e-06
-8.42858e-05
-0.000113484
-0.000149207
-0.000255629
-0.000323814
-0.000216573
-0.000101104
-0.000125058
-0.00026546
-0.000329307
-0.000256389
-0.000122641
-2.80223e-05
-1.08592e-05
-4.19318e-05
-7.43836e-05
-9.40563e-05
-9.86402e-05
-0.000100385
-0.00015827
-0.000251736
-0.000272255
-0.00017536
-3.65622e-05
-2.6795e-06
-7.60013e-05
-0.000143519
-0.000207285
-0.000198197
-0.000100193
7.86624e-06
5.91059e-05
2.17389e-05
-7.86027e-05
-0.000107035
-3.20182e-06
8.6933e-05
0.000112754
7.39381e-05
-1.18072e-05
-8.48544e-05
-0.000107827
-0.000143979
-0.000255109
-0.000327333
-0.000216903
-0.00010301
-0.000122813
-0.000266353
-0.000334155
-0.000253033
-0.00011575
-2.84812e-05
-1.65918e-05
-4.9447e-05
-8.27241e-05
-9.57942e-05
-9.91659e-05
-0.000101611
-0.000158162
-0.000247685
-0.000261829
-0.000165942
-3.17949e-05
-8.88038e-06
-8.25802e-05
-0.000143204
-0.000205193
-0.000182588
-9.22873e-05
6.88259e-06
5.68901e-05
2.09445e-05
-7.54146e-05
-0.000102201
-4.51794e-06
8.02235e-05
0.000109851
6.85022e-05
-1.06994e-05
-7.84982e-05
-0.000102907
-0.000143877
-0.000254089
-0.00031901
-0.000212906
-0.000105752
-0.000124402
-0.000266326
-0.000328986
-0.000247652
-0.000116117
-3.2256e-05
-2.16138e-05
-5.46399e-05
-8.59025e-05
-9.53245e-05
-9.82141e-05
-0.000100901
-0.000156372
-0.000239386
-0.000251297
-0.000159129
-3.22867e-05
-1.42905e-05
-8.21528e-05
-0.000138451
-0.000201409
-0.00017397
-8.78912e-05
6.91182e-06
5.40281e-05
2.06447e-05
-7.29952e-05
-9.91674e-05
-5.05188e-06
7.76812e-05
0.000106093
6.60894e-05
-9.34218e-06
-7.56132e-05
-0.000101382
-0.000144731
-0.000251007
-0.000313796
-0.000211283
-0.000107622
-0.000126441
-0.000265479
-0.000325139
-0.000244013
-0.000116007
-3.43228e-05
-2.32673e-05
-5.59776e-05
-8.58267e-05
-9.36917e-05
-9.66135e-05
-9.95949e-05
-0.000154162
-0.000234762
-0.000248096
-0.000157288
-3.37655e-05
-1.73909e-05
-8.19105e-05
-0.000136095
-0.000198754
-0.000169314
-8.50291e-05
6.42367e-06
5.22699e-05
2.01194e-05
-7.14327e-05
-9.68048e-05
-5.34349e-06
7.15981e-05
0.000101724
6.40049e-05
-1.02048e-05
-7.56703e-05
-0.000101476
-0.00014522
-0.000250467
-0.000312206
-0.00020969
-0.000108061
-0.000128024
-0.000265363
-0.000323773
-0.000242081
-0.000115502
-3.48809e-05
-2.4029e-05
-5.64838e-05
-8.58206e-05
-9.3207e-05
-9.62644e-05
-9.94776e-05
-0.000154845
-0.000234715
-0.000247245
-0.000156157
-3.44176e-05
-1.9688e-05
-8.29048e-05
-0.000136409
-0.000197721
-0.000167501
-8.39702e-05
6.24499e-06
5.10335e-05
1.94699e-05
-7.07461e-05
-9.56138e-05
-5.42353e-06
6.97519e-05
9.91752e-05
-4.6554e-05
-5.22589e-05
-7.25673e-05
-0.000110054
-0.000140337
-0.000159349
-0.000164436
-0.000159961
-0.000151642
-0.000143073
-0.0001411
-0.000136411
-0.000125614
-0.000107986
-8.95169e-05
-7.55363e-05
-7.50109e-05
-7.48245e-05
-7.46641e-05
-8.28229e-05
-9.75557e-05
-0.000111379
-0.000118918
-0.000114723
-9.9498e-05
-8.56906e-05
-8.84638e-05
-0.000101857
-0.000110054
-0.00011174
-0.000104212
-9.59637e-05
-9.37907e-05
-9.6356e-05
-0.000103139
-0.000111444
-0.00010959
-9.22884e-05
-6.90629e-05
-5.62597e-05
-5.75164e-05
-6.53398e-05
-8.94683e-05
-0.000111063
-0.000135865
-0.000155995
-0.000165825
-0.000166296
-0.000163278
-0.000161583
-0.000157865
-0.000144728
-0.000122075
-9.3064e-05
-6.43132e-05
-5.07094e-05
-5.47996e-05
-6.35919e-05
-7.65723e-05
-9.72175e-05
-0.000119044
-0.000132738
-0.000132785
-0.000119786
-0.000104599
-8.89764e-05
-8.66747e-05
-9.15917e-05
-9.64543e-05
-9.85082e-05
-9.73151e-05
-9.32222e-05
-9.05745e-05
-8.90188e-05
-8.96984e-05
-9.15718e-05
-8.63294e-05
-7.35362e-05
-4.48929e-05
-5.85324e-05
-5.68564e-05
-7.04163e-05
-9.19548e-05
-0.000111122
-0.000131257
-0.000150829
-0.000167003
-0.000173552
-0.000172529
-0.000170633
-0.00016943
-0.000155982
-0.00013088
-0.000101747
-7.58926e-05
-6.08582e-05
-5.63287e-05
-5.81963e-05
-7.52406e-05
-0.000102385
-0.00013109
-0.000148767
-0.000140058
-0.000122335
-9.83534e-05
-8.19272e-05
-7.45297e-05
-7.39476e-05
-8.1918e-05
-8.98139e-05
-8.68356e-05
-7.97049e-05
-7.88795e-05
-8.31662e-05
-8.55447e-05
-8.26184e-05
-7.39611e-05
-6.2689e-05
-4.87394e-05
-5.08574e-05
-5.28646e-05
-6.63307e-05
-8.82327e-05
-0.000109404
-0.00012885
-0.000148507
-0.000167767
-0.0001774
-0.000181655
-0.000187701
-0.000193277
-0.000178984
-0.000146024
-0.000105921
-7.04439e-05
-4.48905e-05
-3.52187e-05
-4.89854e-05
-8.18959e-05
-0.000119682
-0.000148168
-0.000156578
-0.000147628
-0.000113752
-8.21929e-05
-6.51131e-05
-7.48017e-05
-8.53932e-05
-9.19972e-05
-9.05103e-05
-8.5274e-05
-7.95353e-05
-7.67192e-05
-7.72736e-05
-7.83512e-05
-7.67163e-05
-7.2909e-05
-6.15305e-05
-5.0773e-05
-4.83981e-05
-5.56939e-05
-8.0496e-05
-0.000105894
-0.00012334
-0.00013238
-0.000145256
-0.00016607
-0.000181818
-0.000190663
-0.000203185
-0.000212198
-0.000192999
-0.000154764
-0.000109423
-6.3351e-05
-3.29175e-05
-3.00917e-05
-5.78566e-05
-0.000100107
-0.000136423
-0.000155901
-0.000158252
-0.000143578
-0.000112047
-8.33986e-05
-6.94029e-05
-7.61595e-05
-9.11713e-05
-9.94078e-05
-0.000102352
-0.000104477
-0.000100892
-9.26336e-05
-8.3225e-05
-7.907e-05
-7.59173e-05
-6.98349e-05
-3.51756e-05
-3.73642e-05
-3.75064e-05
-6.30093e-05
-8.63183e-05
-0.000113217
-0.000131608
-0.000132825
-0.000142865
-0.00016645
-0.000186064
-0.0001976
-0.00020963
-0.00021628
-0.000196715
-0.000168927
-0.000125373
-7.31174e-05
-2.89969e-05
-2.76794e-05
-5.97319e-05
-0.000104216
-0.000140836
-0.000160825
-0.000161921
-0.000139895
-0.000107578
-8.71391e-05
-8.55987e-05
-9.37244e-05
-0.000102236
-0.000108826
-0.000113947
-0.000118237
-0.000108581
-9.41888e-05
-7.63054e-05
-6.89539e-05
-6.43181e-05
-6.9055e-05
-8.65401e-05
-6.7575e-05
-5.60846e-05
-4.18438e-05
-7.26037e-05
-0.000118433
-0.000137498
-0.000127615
-0.000132842
-0.00015644
-0.000179503
-0.000196193
-0.000211273
-0.000217494
-0.000203542
-0.000188266
-0.000137155
-6.5235e-05
-2.80173e-05
-3.64448e-05
-7.10657e-05
-0.0001004
-0.00012188
-0.000133509
-0.00014117
-0.000132419
-0.00012191
-0.000111866
-0.000105594
-0.000111036
-0.000115061
-0.00011289
-0.000118728
-0.000123856
-0.000114582
-9.67469e-05
-7.63859e-05
-6.9132e-05
-6.61359e-05
-9.07155e-05
-0.000114405
-9.35891e-05
-5.41598e-05
-2.35307e-05
-6.00912e-05
-0.000122829
-0.000152776
-0.000146375
-0.000152292
-0.000175113
-0.000198984
-0.000211003
-0.000219371
-0.000226251
-0.000246006
-0.000203578
-0.000126793
-6.90572e-05
-5.42147e-05
-6.68756e-05
-8.57009e-05
-9.93326e-05
-0.00010934
-0.000118001
-0.00012509
-0.000133823
-0.000146578
-0.000144689
-0.000126073
-0.000113527
-0.000113936
-0.000121104
-0.000138066
-0.000140747
-0.000122831
-9.44399e-05
-7.13423e-05
-6.8861e-05
-6.30596e-05
-0.000111287
-0.000135734
-0.000111368
-5.0778e-05
7.92615e-06
-4.24493e-05
-0.000121031
-0.00016055
-0.000159868
-0.000179829
-0.00020594
-0.000219665
-0.000222463
-0.000225519
-0.000229772
-0.000218861
-0.000179367
-0.000118368
-8.54051e-05
-7.8921e-05
-8.08584e-05
-8.59293e-05
-8.87203e-05
-9.76543e-05
-0.000105935
-0.000119402
-0.000150258
-0.000182921
-0.000166999
-0.000122202
-9.1434e-05
-0.000105457
-0.000137966
-0.000158501
-0.00015298
-0.000125624
-8.39496e-05
-5.74493e-05
-5.98086e-05
-7.61222e-05
-0.000113775
-0.000119608
-7.6636e-05
-1.35486e-05
4.91582e-05
-1.71597e-05
-0.000103378
-0.00015438
-0.000171123
-0.000194244
-0.000221753
-0.000228283
-0.000222981
-0.000223991
-0.000226464
-0.000205416
-0.000159838
-0.000116802
-9.84961e-05
-9.19634e-05
-9.44803e-05
-9.09539e-05
-8.25971e-05
-8.04171e-05
-9.41022e-05
-0.000124838
-0.000176936
-0.000222758
-0.000180776
-0.000101788
-5.31924e-05
-9.12069e-05
-0.000150117
-0.000185373
-0.000174105
-0.000133481
-7.94359e-05
-4.6628e-05
-5.08331e-05
-7.87751e-05
-9.50982e-05
-6.08339e-05
2.8523e-06
4.46637e-05
7.10346e-05
-1.53426e-05
-9.57757e-05
-0.000139713
-0.000156481
-0.000193357
-0.000230783
-0.000224659
-0.000213109
-0.000220008
-0.000220198
-0.000197575
-0.000150935
-0.000116164
-0.000106381
-0.000101902
-9.92464e-05
-8.60934e-05
-7.12383e-05
-6.661e-05
-8.99962e-05
-0.000134561
-0.000202023
-0.000242941
-0.000193848
-7.62114e-05
-7.87828e-06
-7.19531e-05
-0.000164203
-0.000214328
-0.000201981
-0.000148499
-7.32217e-05
-1.57897e-05
-1.52088e-05
-5.78975e-05
-7.94334e-05
5.78633e-06
9.28146e-05
0.000102119
4.30576e-05
-6.39671e-05
-0.000108602
-0.000131944
-0.000145026
-0.000185451
-0.000222624
-0.000215003
-0.000203385
-0.000216025
-0.000223144
-0.000199669
-0.000152747
-0.000118137
-0.000106888
-0.000100983
-8.96745e-05
-7.52657e-05
-6.1354e-05
-5.54139e-05
-9.08205e-05
-0.000148081
-0.000225696
-0.000259139
-0.000186718
-4.57908e-05
2.50165e-05
-5.72097e-05
-0.00017219
-0.000234086
-0.000223503
-0.000153405
-5.86164e-05
8.41651e-06
4.03904e-06
-6.83928e-05
-5.50521e-05
6.80708e-05
0.000112068
8.53483e-05
1.55609e-05
-9.17796e-05
-0.000119822
-0.000139975
-0.000155353
-0.000184796
-0.000210945
-0.000199205
-0.000195495
-0.000220448
-0.000235896
-0.000210493
-0.000158239
-0.000119695
-0.000105017
-9.59223e-05
-7.61127e-05
-6.01911e-05
-4.87826e-05
-4.86336e-05
-9.30337e-05
-0.000152633
-0.000234858
-0.000256622
-0.000165582
-2.71264e-05
2.96631e-05
-5.18836e-05
-0.000171877
-0.000247897
-0.000237829
-0.00015362
-4.73174e-05
2.93678e-05
1.77532e-05
-7.44823e-05
-3.84257e-05
7.28751e-05
6.88579e-05
4.48981e-05
-1.81508e-06
-8.80808e-05
-0.000124612
-0.000151182
-0.00016641
-0.000191995
-0.000214258
-0.000189228
-0.000183682
-0.000224844
-0.000245585
-0.000216165
-0.000166335
-0.000127389
-0.000100616
-8.09574e-05
-6.01027e-05
-4.57726e-05
-3.62335e-05
-4.17615e-05
-8.61081e-05
-0.000148056
-0.000236285
-0.000248589
-0.00015193
-2.49488e-05
1.94543e-05
-5.33499e-05
-0.00016492
-0.000250785
-0.000240952
-0.000139994
-2.78218e-05
5.46404e-05
3.2246e-05
-6.38485e-05
-2.65144e-05
3.92155e-05
2.45551e-05
2.39893e-05
-2.47125e-05
-8.59744e-05
-0.00012911
-0.000156949
-0.00016184
-0.000180996
-0.00020948
-0.000186329
-0.000170553
-0.000214853
-0.000240751
-0.000221299
-0.000174498
-0.000127604
-8.38775e-05
-6.20079e-05
-4.74913e-05
-3.60888e-05
-2.3057e-05
-3.57766e-05
-7.23959e-05
-0.000143491
-0.000234872
-0.000249175
-0.000148667
-2.96711e-05
7.99079e-06
-6.34593e-05
-0.000178323
-0.000245917
-0.000222704
-0.000109173
4.02745e-06
8.62441e-05
5.77574e-05
-3.43065e-05
-3.22653e-05
-1.42027e-05
-9.34413e-06
1.3852e-05
-3.30385e-05
-8.04839e-05
-0.000120464
-0.00014417
-0.000148371
-0.000176372
-0.000212427
-0.000192102
-0.000163443
-0.00020793
-0.000247443
-0.000231619
-0.000178744
-0.000120686
-7.14661e-05
-5.13337e-05
-3.95543e-05
-3.0449e-05
-4.62943e-06
-1.47244e-05
-5.15453e-05
-0.000141676
-0.000245882
-0.000260654
-0.000159369
-4.08789e-05
-1.51041e-05
-8.21302e-05
-0.000169198
-0.00022088
-0.000182101
-7.36313e-05
4.17979e-05
0.000125259
9.91785e-05
-7.33182e-06
-6.75895e-05
-7.93075e-05
-3.31707e-05
5.13846e-06
-3.31987e-05
-6.72527e-05
-9.75402e-05
-0.000120833
-0.000136242
-0.000180539
-0.000233237
-0.000191658
-0.000162708
-0.00021244
-0.000265494
-0.000241556
-0.000180219
-0.000112204
-6.49956e-05
-4.52736e-05
-3.3754e-05
-2.04902e-05
7.01466e-06
9.6079e-06
-3.47285e-05
-0.000144386
-0.000273685
-0.000277447
-0.000177271
-5.86219e-05
-3.25656e-05
-9.49071e-05
-0.000158729
-0.00018808
-0.000137391
-4.10739e-05
7.31454e-05
0.000152173
0.000120075
-1.78289e-05
-0.000117964
-0.000123115
-3.74343e-05
3.02304e-06
-2.37812e-05
-4.56617e-05
-7.15717e-05
-0.000102711
-0.000130148
-0.000183945
-0.000222419
-0.000177584
-0.000154787
-0.000218707
-0.000279358
-0.000247739
-0.000179365
-0.000108286
-5.71888e-05
-3.27157e-05
-2.51084e-05
-5.41337e-06
2.278e-05
3.5255e-05
-3.27628e-05
-0.000158421
-0.000278992
-0.000285281
-0.000193379
-7.63757e-05
-4.15193e-05
-9.82639e-05
-0.000152333
-0.000169405
-0.000113087
-1.42462e-05
9.62517e-05
0.000159621
0.000113518
-3.27187e-05
-0.000151321
-0.000133575
-2.6426e-05
8.69249e-06
-8.94721e-06
-2.49175e-05
-5.36763e-05
-9.22811e-05
-0.000127972
-0.000186536
-0.000210673
-0.000157018
-0.000136815
-0.000222802
-0.000293782
-0.000261161
-0.000185808
-0.000100073
-3.95015e-05
-2.36033e-05
-2.52344e-05
8.86411e-07
3.19974e-05
3.18121e-05
-4.86435e-05
-0.000169042
-0.000273338
-0.000280859
-0.000205862
-9.77732e-05
-5.40227e-05
-9.46696e-05
-0.000142483
-0.000159042
-9.50044e-05
1.21014e-05
0.00010982
0.000148634
0.000102077
-4.5756e-05
-0.000160491
-0.000121578
-7.73604e-06
2.11715e-05
5.35919e-06
-1.04256e-05
-4.36059e-05
-8.54304e-05
-0.000135201
-0.00019296
-0.000204309
-0.000139143
-0.000120758
-0.000229131
-0.000309732
-0.000282998
-0.000191925
-8.45769e-05
-1.99371e-05
-1.28247e-05
-2.25106e-05
-3.37018e-06
2.30106e-05
1.57195e-05
-6.18407e-05
-0.000166983
-0.000259033
-0.000275905
-0.000213757
-0.000110121
-6.35712e-05
-9.45489e-05
-0.000146245
-0.000160872
-7.71063e-05
2.91556e-05
0.000111465
0.000139956
9.33772e-05
-4.68855e-05
-0.00015652
-0.000105142
8.96827e-06
3.30704e-05
1.44816e-05
-2.7746e-06
-3.74014e-05
-8.536e-05
-0.000151016
-0.000198747
-0.000205187
-0.000130519
-0.000114557
-0.000234368
-0.000319604
-0.000295955
-0.000186017
-6.20239e-05
-7.23071e-07
-1.05329e-05
-2.41399e-05
-8.3615e-06
1.19173e-05
3.4683e-06
-6.51134e-05
-0.000161155
-0.000249047
-0.0002765
-0.000215807
-0.000117264
-7.61772e-05
-0.000110169
-0.000156933
-0.000156152
-6.3997e-05
3.56227e-05
0.000106111
0.000129393
8.94111e-05
-4.46992e-05
-0.000149797
-9.06668e-05
1.86452e-05
3.92109e-05
1.97935e-05
1.47733e-06
-3.62201e-05
-9.10818e-05
-0.000154956
-0.000204356
-0.000219014
-0.000131488
-0.000109283
-0.000236399
-0.000324706
-0.000299048
-0.000175185
-4.7531e-05
3.95986e-06
-1.2149e-05
-2.59003e-05
-1.60322e-05
6.5736e-06
6.64118e-07
-6.64242e-05
-0.000159512
-0.000246837
-0.000273523
-0.000214233
-0.000123596
-8.95481e-05
-0.000122411
-0.000158829
-0.000144674
-5.67242e-05
3.28589e-05
9.82854e-05
0.000122596
8.58653e-05
-4.28977e-05
-0.000141294
-8.24039e-05
1.90756e-05
4.07331e-05
2.29851e-05
2.83366e-06
-4.13853e-05
-9.53185e-05
-0.000155915
-0.000206626
-0.000215659
-0.000128382
-0.00010696
-0.000237413
-0.000326504
-0.000295875
-0.000168646
-4.45538e-05
2.69657e-06
-1.45732e-05
-2.57837e-05
-1.51395e-05
4.92074e-06
-8.7085e-07
-6.86965e-05
-0.000159892
-0.000244425
-0.0002685
-0.000211273
-0.000126948
-9.60311e-05
-0.00012389
-0.000154445
-0.000137345
-5.49035e-05
2.89341e-05
9.27167e-05
0.000117305
8.20033e-05
-4.27739e-05
-0.000137726
-8.02679e-05
1.76889e-05
4.10816e-05
2.39654e-05
2.69669e-06
-4.22829e-05
-9.62456e-05
-0.000155865
-0.000206338
-0.000211388
-0.00012863
-0.000108411
-0.000237187
-0.000323023
-0.000292182
-0.000166957
-4.45236e-05
-2.03867e-07
-1.47722e-05
-2.4729e-05
-1.49931e-05
3.00182e-06
-3.20285e-06
-7.05405e-05
-0.000160097
-0.000242309
-0.000265803
-0.000209349
-0.000126657
-9.56398e-05
-0.000122585
-0.000151209
-0.000132825
-5.41724e-05
2.63232e-05
8.96449e-05
0.000114416
7.8878e-05
-4.45367e-05
-0.000136642
-7.92847e-05
1.65918e-05
4.07135e-05
2.40314e-05
2.94957e-06
-4.24216e-05
-9.63997e-05
-0.000155931
-0.000205602
-0.000210175
-0.000129326
-0.000109604
-0.000236987
-0.000321026
-0.000289826
-0.000165825
-4.46483e-05
-1.41748e-06
-1.50947e-05
-2.46107e-05
-1.55511e-05
1.467e-06
-3.90909e-06
-7.1684e-05
-0.000160739
-0.000241951
-0.000265396
-0.000208747
-0.000126456
-9.54651e-05
-0.000121792
-0.000149099
-0.000130234
-5.36023e-05
2.55273e-05
8.867e-05
0.000113321
7.74052e-05
-4.64058e-05
-0.000136809
-7.90154e-05
1.56952e-05
3.98417e-05
-5.90505e-05
-6.50664e-05
-8.77821e-05
-0.000120333
-0.000146507
-0.000158705
-0.000158053
-0.000150486
-0.000141407
-0.000132519
-0.000134658
-0.000132782
-0.00012397
-0.000106332
-8.72364e-05
-7.37063e-05
-7.59263e-05
-7.82697e-05
-7.73502e-05
-8.21512e-05
-9.35962e-05
-0.00010581
-0.00011295
-0.000111302
-0.000100125
-9.07926e-05
-9.08963e-05
-9.62714e-05
-0.000101283
-0.000106832
-0.000102772
-9.8029e-05
-9.30553e-05
-9.09035e-05
-9.35207e-05
-0.000101847
-0.000107331
-9.98714e-05
-8.21636e-05
-6.68944e-05
-6.61598e-05
-7.02323e-05
-9.12816e-05
-0.000117445
-0.000140397
-0.000153532
-0.000156186
-0.000152769
-0.000151241
-0.00015253
-0.00015274
-0.000143839
-0.000121198
-8.92845e-05
-5.77959e-05
-4.26466e-05
-5.65172e-05
-6.72326e-05
-7.93893e-05
-9.6163e-05
-0.000113548
-0.000124878
-0.000124296
-0.000113543
-0.000102063
-9.43532e-05
-9.36612e-05
-9.40348e-05
-9.66716e-05
-0.00010742
-0.000111637
-0.00010844
-0.000104067
-0.000101665
-0.000101443
-0.000103471
-9.9757e-05
-8.94641e-05
-8.63875e-05
-7.23956e-05
-6.61277e-05
-7.54332e-05
-9.60528e-05
-0.000117592
-0.000134071
-0.000145562
-0.000153632
-0.000157323
-0.00015907
-0.000165318
-0.000171235
-0.000158517
-0.000129922
-0.000100889
-7.58794e-05
-7.14871e-05
-6.51988e-05
-6.76759e-05
-8.38957e-05
-0.000105073
-0.000123509
-0.000135537
-0.000132413
-0.000118986
-0.000101787
-8.6645e-05
-7.95709e-05
-8.45559e-05
-0.000102819
-0.000119281
-0.000116218
-0.000105577
-9.95759e-05
-9.69437e-05
-9.33754e-05
-8.70915e-05
-7.81122e-05
-7.21494e-05
-6.14771e-05
-6.25613e-05
-6.13744e-05
-7.29865e-05
-9.9259e-05
-0.000123991
-0.000136065
-0.000143183
-0.000151675
-0.000159742
-0.000165661
-0.000180579
-0.000197769
-0.000187711
-0.0001507
-0.000104143
-6.56857e-05
-4.72378e-05
-4.172e-05
-5.3517e-05
-8.0765e-05
-0.000113869
-0.000139307
-0.000149126
-0.000137969
-0.000110048
-8.75035e-05
-8.25416e-05
-9.95315e-05
-0.000116792
-0.000117823
-0.00010891
-0.000107044
-0.00010672
-0.000102463
-9.30091e-05
-8.28153e-05
-7.26585e-05
-6.95017e-05
-6.60301e-05
-6.20752e-05
-6.10865e-05
-5.67238e-05
-7.86063e-05
-0.000110926
-0.000131245
-0.000130765
-0.000139915
-0.000160307
-0.000172336
-0.000180426
-0.00019844
-0.000219871
-0.000200663
-0.000152666
-9.41815e-05
-4.53457e-05
-1.22225e-05
-1.27063e-05
-4.46717e-05
-9.10671e-05
-0.000128637
-0.000146463
-0.000147971
-0.000135985
-0.000109433
-8.63704e-05
-8.56333e-05
-0.000102011
-0.000126937
-0.000127355
-0.000124668
-0.000129934
-0.000128492
-0.000111629
-9.14631e-05
-8.16423e-05
-7.62156e-05
-6.92703e-05
-5.81597e-05
-5.27634e-05
-4.90029e-05
-6.0708e-05
-9.48152e-05
-0.000130571
-0.000155747
-0.000135737
-0.000139426
-0.000165289
-0.00018308
-0.000192862
-0.000205563
-0.000230306
-0.000202033
-0.00015667
-9.5365e-05
-3.06437e-05
-5.78883e-07
6.72602e-06
-3.95449e-05
-9.60651e-05
-0.000139294
-0.000158066
-0.000153094
-0.000129069
-0.00010195
-9.38056e-05
-0.000103948
-0.000121951
-0.000122403
-0.000127967
-0.000130655
-0.000144112
-0.000140302
-0.000110916
-7.80725e-05
-7.00625e-05
-7.23371e-05
-7.61077e-05
-7.53277e-05
-5.69595e-05
-4.81486e-05
-5.98701e-05
-9.65038e-05
-0.000135794
-0.000139466
-0.00013217
-0.000142971
-0.00017117
-0.000180485
-0.000184255
-0.000199651
-0.000204396
-0.000211696
-0.000171211
-8.60696e-05
-1.62596e-05
1.88134e-05
-6.88806e-06
-5.19755e-05
-8.71754e-05
-0.000109393
-0.000126705
-0.000137953
-0.000133201
-0.000128147
-0.000125525
-0.000133782
-0.000140828
-0.000139873
-0.000134761
-0.000139228
-0.000149751
-0.000136035
-0.000104534
-8.03345e-05
-6.96797e-05
-7.68175e-05
-9.01194e-05
-8.6431e-05
-6.41048e-05
-4.84051e-05
-5.19417e-05
-9.64069e-05
-0.000148719
-0.00016532
-0.00015862
-0.000163191
-0.000183322
-0.000187201
-0.000188339
-0.000205731
-0.000231737
-0.000243154
-0.000178916
-8.05891e-05
-2.49227e-05
-2.35871e-05
-4.99867e-05
-7.35862e-05
-7.87678e-05
-8.23875e-05
-9.88592e-05
-0.000122333
-0.000138016
-0.000147028
-0.000150851
-0.000155814
-0.000149425
-0.000143942
-0.000128729
-0.000140108
-0.00016082
-0.00014545
-0.000103354
-7.39167e-05
-5.12535e-05
-6.46581e-05
-0.000109963
-0.000109853
-7.89156e-05
-4.73092e-05
-4.19318e-05
-8.91417e-05
-0.000153899
-0.000185135
-0.000187773
-0.000189274
-0.000210074
-0.00021371
-0.000222375
-0.000243716
-0.000259704
-0.000245698
-0.000164919
-8.48659e-05
-5.91041e-05
-6.39302e-05
-7.36807e-05
-7.89232e-05
-7.59448e-05
-7.11895e-05
-8.89191e-05
-0.000120606
-0.000146811
-0.000165288
-0.000172956
-0.000152401
-0.000126412
-0.000109219
-0.000131903
-0.000149399
-0.00017553
-0.000147582
-9.1734e-05
-6.36075e-05
-4.09593e-05
-7.37951e-05
-0.00013523
-0.000147105
-8.37875e-05
-3.91341e-05
-1.58237e-05
-6.42441e-05
-0.000146474
-0.000232702
-0.000204907
-0.000205714
-0.000218386
-0.000196038
-0.000220006
-0.000251998
-0.000253797
-0.000224502
-0.000144248
-9.16683e-05
-9.07333e-05
-9.99649e-05
-9.74053e-05
-8.43258e-05
-7.21495e-05
-7.63633e-05
-9.75501e-05
-0.000125017
-0.000147003
-0.000171178
-0.000208128
-0.000137116
-8.88674e-05
-0.00010691
-0.000120973
-0.000175608
-0.000201829
-0.000157041
-8.87468e-05
-6.05946e-05
-4.60285e-05
-7.03877e-05
-0.000128751
-0.000118598
-5.70007e-05
-1.2637e-05
-9.68286e-06
-6.3813e-05
-0.000148248
-0.000181441
-0.000188702
-0.000215847
-0.000217798
-0.000196453
-0.000209863
-0.000229926
-0.000237778
-0.000206285
-0.000135149
-0.000102565
-0.000116263
-0.000121688
-0.000103316
-7.70674e-05
-7.05135e-05
-8.78259e-05
-0.000109149
-0.000131707
-0.00015872
-0.000201821
-0.000214335
-0.00010587
-4.46297e-05
-0.0001085
-0.000164305
-0.000238479
-0.000254995
-0.000178574
-8.35794e-05
-4.00384e-05
-4.01276e-05
-5.59931e-05
-0.000128698
-0.000117876
-3.49916e-05
8.13222e-07
-1.32645e-05
-6.24187e-05
-0.000131503
-0.000169624
-0.000200382
-0.000209828
-0.000171448
-0.000179494
-0.000196121
-0.000210412
-0.000220365
-0.00019242
-0.000129977
-0.000105171
-0.00012377
-0.000120721
-8.92025e-05
-6.39513e-05
-6.69537e-05
-9.71308e-05
-0.000118115
-0.000142325
-0.000175294
-0.000209993
-0.000189174
-6.84056e-05
-1.08184e-05
-0.000100964
-0.000208107
-0.000297553
-0.00029347
-0.000186645
-7.30701e-05
-2.73602e-05
-2.69589e-05
-9.30071e-05
-0.000171037
-0.000118681
-2.77588e-05
-6.12141e-06
-1.75084e-05
-5.00298e-05
-0.000122084
-0.000175477
-0.000221326
-0.000212457
-0.000172613
-0.000165297
-0.000175214
-0.000188278
-0.000207787
-0.000192335
-0.000132197
-0.000105922
-0.000120819
-0.000106485
-7.00439e-05
-5.79012e-05
-6.93132e-05
-0.000102201
-0.000126148
-0.000155194
-0.000184757
-0.000203826
-0.000143456
-2.78774e-05
7.81817e-06
-9.01744e-05
-0.000214244
-0.000309574
-0.000303992
-0.000195236
-7.96757e-05
-2.05044e-05
-1.42165e-05
-9.90473e-05
-0.000179187
-0.00010189
-3.97521e-05
-2.83724e-05
-1.83595e-05
-4.99026e-05
-0.000118296
-0.000186928
-0.000216703
-0.0001876
-0.000187032
-0.000174455
-0.000162527
-0.000159307
-0.000197276
-0.000204668
-0.000145143
-0.000102064
-0.000107772
-8.21426e-05
-5.26934e-05
-5.1029e-05
-6.76295e-05
-0.000106412
-0.000136425
-0.000162517
-0.000178239
-0.000188031
-0.000111259
8.26666e-07
1.69638e-05
-7.70477e-05
-0.000199232
-0.000303093
-0.000307938
-0.000198227
-7.39805e-05
4.10031e-06
3.34196e-05
-9.85299e-05
-0.000185981
-0.000110257
-6.48386e-05
-5.26484e-05
-1.6926e-05
-4.82071e-05
-0.000118818
-0.000187059
-0.00018233
-0.000139563
-0.00018477
-0.000219476
-0.000164389
-0.000144775
-0.000197039
-0.000223219
-0.000162735
-0.000100308
-9.02687e-05
-5.91034e-05
-4.00477e-05
-5.07357e-05
-6.66763e-05
-9.88472e-05
-0.000133411
-0.000158031
-0.000166365
-0.00017314
-8.68766e-05
2.32172e-05
1.71946e-05
-7.421e-05
-0.000188489
-0.000292113
-0.000285877
-0.000167241
-4.28161e-05
3.26377e-05
4.85001e-05
-9.28047e-05
-0.000193991
-0.000132346
-8.87262e-05
-7.51815e-05
-1.20299e-05
-4.44906e-05
-0.000121395
-0.000182063
-0.000153397
-0.000102847
-0.000176235
-0.000213529
-0.000160575
-0.000140652
-0.000197836
-0.000238317
-0.000173602
-0.000101146
-7.79417e-05
-4.83072e-05
-3.61759e-05
-5.08983e-05
-6.51815e-05
-9.3221e-05
-0.000119491
-0.000147703
-0.000159424
-0.000162032
-6.91001e-05
2.38956e-05
6.86868e-06
-8.02402e-05
-0.000184208
-0.000272909
-0.000241241
-0.00010839
-2.29062e-06
4.90162e-05
5.17157e-05
-8.16145e-05
-0.000193874
-0.000151378
-9.79367e-05
-8.19477e-05
-7.48778e-06
-4.58397e-05
-0.000122675
-0.000173338
-0.000129596
-8.71037e-05
-0.000182369
-0.000207649
-0.000146601
-0.000130509
-0.000194081
-0.000249466
-0.000193234
-0.000119349
-7.87377e-05
-4.64363e-05
-3.46459e-05
-4.90154e-05
-5.72191e-05
-8.74336e-05
-0.000104568
-0.000144118
-0.000162319
-0.000156881
-6.19916e-05
2.49301e-05
-1.01762e-05
-0.000105172
-0.00018988
-0.000245298
-0.000184065
-4.52644e-05
3.10195e-05
5.94795e-05
6.12639e-05
-8.05463e-05
-0.000199838
-0.000158382
-9.03326e-05
-6.17658e-05
-8.12304e-06
-2.55399e-05
-0.000113983
-0.000165236
-0.000113125
-9.73415e-05
-0.000195584
-0.000200878
-0.000134846
-0.000117315
-0.000186771
-0.000253248
-0.000201699
-0.000127832
-7.73733e-05
-4.38736e-05
-3.41601e-05
-4.52333e-05
-4.66778e-05
-6.63553e-05
-9.83586e-05
-0.000148879
-0.000169375
-0.000147726
-5.35066e-05
7.79518e-06
-5.05242e-05
-0.000129031
-0.000190247
-0.000216819
-0.000130229
-9.35859e-07
5.74314e-05
6.41916e-05
5.0165e-05
-9.11203e-05
-0.000208124
-0.000155585
-7.88677e-05
-4.54885e-05
-1.19884e-05
-2.79304e-05
-0.00010953
-0.000155744
-0.000102925
-0.000123122
-0.000203717
-0.000201018
-0.000131473
-0.000105357
-0.000171819
-0.000248053
-0.000202045
-0.000123957
-7.42077e-05
-4.32096e-05
-3.34749e-05
-3.79956e-05
-3.59908e-05
-5.34587e-05
-9.48839e-05
-0.00014648
-0.000154425
-0.000138876
-5.31804e-05
-1.359e-05
-7.70225e-05
-0.000141847
-0.000184745
-0.000190241
-9.73876e-05
3.29358e-05
7.54267e-05
5.89042e-05
3.52857e-05
-0.000104756
-0.000227034
-0.000152561
-6.20138e-05
-3.09787e-05
-2.21754e-05
-3.82407e-05
-0.000110908
-0.000136261
-9.9463e-05
-0.00015087
-0.000208579
-0.000209665
-0.000123085
-9.56159e-05
-0.000172962
-0.000246132
-0.000192375
-0.000106568
-7.46625e-05
-4.4125e-05
-2.87801e-05
-3.18226e-05
-2.95753e-05
-4.21529e-05
-8.62679e-05
-0.000139767
-0.00016002
-0.000141278
-6.87552e-05
-3.4802e-05
-8.91751e-05
-0.000141646
-0.000174001
-0.000171165
-6.80833e-05
5.78054e-05
8.02032e-05
4.53216e-05
2.23833e-05
-0.000115738
-0.000231165
-0.000143376
-4.42388e-05
-2.52441e-05
-3.29155e-05
-4.7605e-05
-0.000103533
-0.000116706
-0.000101223
-0.000166985
-0.000218623
-0.000213886
-0.00011097
-8.86666e-05
-0.000177505
-0.000243334
-0.000186681
-0.000108179
-7.7509e-05
-4.72071e-05
-2.62204e-05
-2.69949e-05
-2.35519e-05
-2.96711e-05
-7.7775e-05
-0.000134106
-0.000159527
-0.000143934
-8.26239e-05
-4.81866e-05
-9.22263e-05
-0.000138545
-0.000162386
-0.000154078
-4.64405e-05
6.97715e-05
7.46676e-05
3.59025e-05
1.42546e-05
-0.000122904
-0.000220206
-0.000127188
-3.51326e-05
-2.82637e-05
-3.83162e-05
-4.95907e-05
-9.15259e-05
-0.000107205
-0.000110851
-0.000176049
-0.000228268
-0.000202799
-9.28716e-05
-8.50689e-05
-0.000182437
-0.000244723
-0.000183727
-0.000109148
-8.24099e-05
-4.87882e-05
-2.16722e-05
-2.16346e-05
-1.63337e-05
-2.09795e-05
-6.97787e-05
-0.000130872
-0.00015894
-0.000148643
-9.16272e-05
-5.67716e-05
-9.3479e-05
-0.000132917
-0.000146741
-0.000134041
-2.83467e-05
7.40765e-05
7.01656e-05
3.18751e-05
9.56581e-06
-0.00011917
-0.000201012
-0.00011802
-3.67009e-05
-3.28355e-05
-3.69482e-05
-4.6862e-05
-8.52774e-05
-0.000104852
-0.000116805
-0.00018393
-0.000228861
-0.000186926
-8.45918e-05
-8.55206e-05
-0.000186408
-0.000244069
-0.000180973
-0.000109426
-8.49483e-05
-4.43935e-05
-1.09992e-05
-1.53943e-05
-1.48451e-05
-2.0868e-05
-6.71937e-05
-0.000129
-0.000159484
-0.000151172
-9.70419e-05
-6.18921e-05
-9.10662e-05
-0.000117248
-0.000125828
-0.000117951
-2.0958e-05
6.94906e-05
6.87618e-05
3.21397e-05
1.0424e-05
-0.000112909
-0.000190736
-0.000116786
-3.83326e-05
-3.40098e-05
-3.46247e-05
-4.56809e-05
-8.36707e-05
-0.000104679
-0.000119955
-0.000184248
-0.000222111
-0.000180919
-8.55829e-05
-8.7574e-05
-0.000188619
-0.000243345
-0.000179287
-0.000109276
-8.02187e-05
-3.86178e-05
-1.20157e-05
-1.86454e-05
-1.70493e-05
-2.16616e-05
-6.61601e-05
-0.000127591
-0.000159417
-0.000152005
-9.90377e-05
-6.20719e-05
-8.38937e-05
-0.000105577
-0.000118604
-0.000114783
-2.13035e-05
6.38808e-05
6.60758e-05
3.20431e-05
1.0058e-05
-0.000111105
-0.000186388
-0.000114895
-3.81868e-05
-3.35854e-05
-3.34776e-05
-4.5593e-05
-8.26482e-05
-0.000103935
-0.000118378
-0.000182158
-0.000221681
-0.000180634
-8.56574e-05
-8.83433e-05
-0.000189267
-0.000242907
-0.000178579
-0.00010881
-8.0587e-05
-3.97241e-05
-1.26465e-05
-1.89163e-05
-1.77427e-05
-2.21649e-05
-6.6087e-05
-0.000126803
-0.000159063
-0.000151379
-9.82378e-05
-6.04763e-05
-8.11447e-05
-0.000104532
-0.000117631
-0.00011385
-2.19114e-05
6.09408e-05
6.38174e-05
3.11606e-05
8.96237e-06
-0.000111193
-0.000184753
-0.000113696
-3.7708e-05
-3.32731e-05
-7.35109e-05
-7.31661e-05
-9.05741e-05
-0.00011725
-0.000139519
-0.00015115
-0.00015038
-0.000143712
-0.000137021
-0.000130653
-0.000131973
-0.000128663
-0.000121729
-0.000108577
-8.9102e-05
-7.27954e-05
-7.08001e-05
-7.30687e-05
-7.5758e-05
-8.11882e-05
-9.05681e-05
-9.94791e-05
-0.000106151
-0.000109438
-0.000104936
-9.6907e-05
-9.38988e-05
-9.4491e-05
-0.000101123
-0.000104111
-0.000100077
-9.27975e-05
-8.64786e-05
-8.56655e-05
-8.93672e-05
-9.67804e-05
-0.000104512
-0.000104855
-9.3941e-05
-8.51373e-05
-7.73256e-05
-7.75495e-05
-9.3156e-05
-0.000115755
-0.000136101
-0.000144567
-0.000143703
-0.000141794
-0.000142964
-0.000146652
-0.000149193
-0.000142872
-0.000123727
-9.04495e-05
-5.71931e-05
-4.75608e-05
-5.99126e-05
-7.41898e-05
-8.81501e-05
-0.000104636
-0.000112507
-0.000114212
-0.000110729
-0.000107125
-0.000103997
-0.000101011
-9.72682e-05
-9.27326e-05
-9.07115e-05
-0.000104148
-0.000106211
-0.000102262
-0.000100085
-0.000104018
-0.000112159
-0.000120144
-0.000118143
-0.000105451
-0.000101402
-8.6339e-05
-7.21169e-05
-8.03395e-05
-9.80177e-05
-0.000116053
-0.000126285
-0.000130916
-0.000137934
-0.000146491
-0.000152245
-0.000162256
-0.000170235
-0.000162919
-0.00013632
-0.000105278
-7.77007e-05
-7.25431e-05
-7.84493e-05
-8.66107e-05
-9.5111e-05
-0.00011206
-0.00011652
-0.000122847
-0.000121065
-0.000111437
-9.76012e-05
-8.92753e-05
-8.80595e-05
-0.000106503
-0.000120158
-0.000141246
-0.000129287
-0.000117788
-0.000110633
-0.000108979
-0.00010865
-0.00010576
-9.56687e-05
-7.20422e-05
-6.28832e-05
-6.87018e-05
-7.02232e-05
-7.45262e-05
-9.71389e-05
-0.000119852
-0.000123891
-0.000121017
-0.000126547
-0.000144584
-0.000160799
-0.000181721
-0.000198996
-0.00018827
-0.000148924
-0.000100571
-6.42936e-05
-5.07324e-05
-5.10035e-05
-5.79707e-05
-8.18542e-05
-0.000110029
-0.000127461
-0.000132162
-0.000126179
-0.000112395
-0.000101233
-0.000103465
-0.000107807
-0.000121733
-0.000132171
-0.000125232
-0.000136876
-0.000134411
-0.000126845
-0.000117762
-0.000105346
-9.09057e-05
-7.80922e-05
-7.31707e-05
-7.04607e-05
-7.13562e-05
-5.49329e-05
-6.84513e-05
-0.000106872
-0.000126394
-0.000116546
-0.000117514
-0.000146585
-0.000165242
-0.000180699
-0.000198102
-0.000209807
-0.000191236
-0.000142487
-8.31823e-05
-4.30753e-05
-1.80864e-05
-1.53712e-05
-4.04494e-05
-8.26325e-05
-0.000116985
-0.000133397
-0.000135305
-0.000128741
-0.000112544
-0.000102266
-0.000100436
-0.000110528
-0.000131397
-0.000150781
-0.000163388
-0.000170119
-0.000159604
-0.000134795
-0.000111266
-9.44521e-05
-9.03863e-05
-8.69597e-05
-6.92765e-05
-5.32632e-05
-4.92156e-05
-6.28889e-05
-0.000101218
-0.000125686
-0.000143992
-0.000110849
-0.000109497
-0.000149914
-0.000183403
-0.000194233
-0.000198256
-0.000217794
-0.000184888
-0.000135888
-7.87535e-05
-2.16061e-05
-9.86237e-06
1.3153e-05
-3.88215e-05
-9.15523e-05
-0.000128911
-0.000138588
-0.000132099
-0.000114972
-0.000104151
-0.000101899
-0.00010764
-0.000125458
-0.000148391
-0.000168298
-0.000181166
-0.000182295
-0.000160006
-0.000125651
-9.84851e-05
-8.36517e-05
-9.10829e-05
-9.50731e-05
-7.99639e-05
-5.86915e-05
-5.18996e-05
-6.18831e-05
-8.82392e-05
-0.000120741
-0.000107403
-9.51092e-05
-0.000121637
-0.00017463
-0.000200997
-0.000198324
-0.00019498
-0.000184752
-0.000176301
-0.000129696
-5.85596e-05
2.15045e-05
7.12084e-05
1.97684e-05
-5.30138e-05
-0.000109989
-0.000135336
-0.000139252
-0.000135624
-0.000124401
-0.000119597
-0.000119744
-0.000118212
-0.000129055
-0.000152299
-0.000178132
-0.00018403
-0.000179063
-0.000148186
-0.000108646
-8.48741e-05
-9.6926e-05
-0.000124349
-0.000114778
-8.01382e-05
-5.29363e-05
-4.80219e-05
-4.91938e-05
-9.49721e-05
-0.000127939
-0.000112109
-8.6512e-05
-0.000108341
-0.000167725
-0.000205565
-0.000200751
-0.000198877
-0.000211319
-0.000211289
-0.000145792
-4.13281e-05
3.06026e-05
3.25136e-05
-2.4978e-05
-8.36708e-05
-0.000112275
-0.000117456
-0.000128894
-0.000140472
-0.000150023
-0.000156977
-0.000151132
-0.000120302
-0.000129374
-0.000154573
-0.000165405
-0.000173247
-0.000170221
-0.000147622
-0.000104765
-7.8494e-05
-8.70082e-05
-0.000124431
-0.000125041
-8.97699e-05
-4.94452e-05
-3.79785e-05
-5.75793e-05
-8.69563e-05
-0.000117289
-7.8499e-05
-4.74772e-05
-8.70445e-05
-0.000190786
-0.00023729
-0.000217226
-0.000220013
-0.000252985
-0.000239092
-0.000132965
-4.06258e-05
-9.04611e-06
-2.04224e-05
-5.31824e-05
-8.45301e-05
-9.61818e-05
-9.55161e-05
-0.00011554
-0.00014165
-0.00018734
-0.000227193
-0.000213059
-0.000123492
-0.000115224
-0.000154855
-0.00016232
-0.000153251
-0.000174672
-0.000161861
-0.000111109
-7.86808e-05
-9.51022e-05
-0.000138685
-0.000143813
-9.08228e-05
-5.1015e-05
-4.58905e-05
-2.86713e-05
-8.71099e-05
-0.00012402
-4.66196e-05
-2.98812e-06
-8.94478e-05
-0.000214203
-0.00028179
-0.000232635
-0.000206591
-0.000241126
-0.000211689
-0.000112066
-5.94628e-05
-6.12504e-05
-6.7854e-05
-7.3515e-05
-7.50626e-05
-7.46818e-05
-9.08906e-05
-0.000117459
-0.00014051
-0.00022949
-0.00032114
-0.000291067
-0.000126657
-0.000104415
-0.000169063
-0.000162911
-0.000180132
-0.000218266
-0.000193252
-0.000121462
-8.04898e-05
-8.30193e-05
-0.000151731
-0.000152346
-8.74575e-05
-3.26024e-05
-1.52772e-05
-2.00731e-05
-7.74681e-05
-0.00010251
-7.26727e-05
-6.62515e-05
-0.000137439
-0.000242915
-0.00029178
-0.000242297
-0.000210217
-0.000230107
-0.000183072
-0.000100773
-8.66588e-05
-0.000107294
-0.000101278
-8.10899e-05
-6.80424e-05
-6.9266e-05
-9.55047e-05
-0.000118019
-0.000139354
-0.000273547
-0.0004846
-0.000342198
-0.000106095
-8.37957e-05
-0.000183476
-0.000181721
-0.000220349
-0.000271556
-0.00023136
-0.000129114
-5.74471e-05
-8.68243e-05
-0.000172878
-0.000141621
-5.30258e-05
-4.34514e-06
-1.50097e-06
-1.32853e-05
-9.05827e-05
-0.000121902
-0.000116792
-0.000128739
-0.000180694
-0.000252859
-0.000285417
-0.000226609
-0.000207757
-0.000230206
-0.000172993
-0.000102943
-9.73783e-05
-0.00012992
-0.000107746
-7.50842e-05
-6.00633e-05
-6.65354e-05
-9.5587e-05
-0.000116362
-0.000149952
-0.000299266
-0.000519933
-0.000321493
-6.08474e-05
-3.36232e-05
-0.000154128
-0.000214341
-0.000265942
-0.000299269
-0.00023587
-0.000123307
-5.64583e-05
-0.000101071
-0.000167648
-0.000142209
-5.7953e-05
-1.0032e-05
-1.99284e-06
-1.33867e-05
-8.05564e-05
-0.000139191
-0.000157765
-0.000174177
-0.000204726
-0.000257827
-0.000279951
-0.000217501
-0.000213466
-0.000229064
-0.000175017
-0.000109647
-0.000109174
-0.000135355
-0.000104146
-6.72766e-05
-5.84015e-05
-6.39527e-05
-0.000103319
-0.000127862
-0.000170971
-0.000294091
-0.000395205
-0.000221038
-1.12436e-06
1.32984e-05
-0.000124656
-0.000210436
-0.000287116
-0.000313976
-0.000243831
-0.000124024
-5.48596e-05
-9.57506e-05
-0.000168439
-0.000152517
-6.33152e-05
-2.78481e-05
-2.51691e-05
-5.73811e-06
-6.80659e-05
-0.00016125
-0.000192217
-0.000202143
-0.000212234
-0.00024712
-0.000272416
-0.000210013
-0.00022181
-0.000245788
-0.000195243
-0.000123544
-0.000118184
-0.000137037
-9.66345e-05
-5.65701e-05
-5.70686e-05
-8.10213e-05
-0.000114944
-0.000126191
-0.000153295
-0.000241986
-0.000299171
-0.00014267
2.46059e-05
-3.36199e-06
-0.000120224
-0.000211584
-0.000303243
-0.000320816
-0.000241765
-0.000121774
-5.05061e-05
-7.64312e-05
-0.000164671
-0.000172466
-7.64872e-05
-4.97387e-05
-4.0832e-05
1.33436e-05
-4.34226e-05
-0.000164086
-0.00020015
-0.000221207
-0.000220214
-0.000245021
-0.000270647
-0.000193323
-0.00020967
-0.000251488
-0.000216763
-0.00014047
-0.000129245
-0.000142247
-8.54074e-05
-4.56193e-05
-6.73151e-05
-9.50104e-05
-9.93771e-05
-9.18413e-05
-0.000110303
-0.000195292
-0.000239297
-0.000102421
2.432e-05
-3.2587e-05
-0.000133478
-0.000209133
-0.000299366
-0.000305628
-0.000224622
-0.000110725
-4.79885e-05
-4.88566e-05
-0.000156111
-0.000190181
-9.02769e-05
-6.46256e-05
-4.65927e-05
3.87654e-05
-1.57178e-05
-0.000147521
-0.000189772
-0.000229614
-0.000219179
-0.000263254
-0.000264915
-0.000168204
-0.000203714
-0.000258304
-0.000236211
-0.000150461
-0.000143251
-0.000148961
-7.27873e-05
-4.47694e-05
-8.83818e-05
-0.000112066
-8.35264e-05
-6.23798e-05
-9.07802e-05
-0.000177635
-0.000210543
-8.96559e-05
1.11672e-05
-5.5665e-05
-0.000142755
-0.000227627
-0.000304011
-0.000298564
-0.000209646
-0.000101438
-3.71081e-05
-2.02324e-05
-0.000131477
-0.000198869
-9.47386e-05
-6.5652e-05
-2.41256e-05
6.24057e-05
8.70052e-06
-0.000122479
-0.000184425
-0.000237405
-0.000223881
-0.000290894
-0.000234584
-0.000125055
-0.000202733
-0.000296724
-0.000266218
-0.000161752
-0.000163227
-0.000149375
-7.43985e-05
-5.50967e-05
-0.000108316
-0.000120235
-6.40327e-05
-4.87149e-05
-8.98673e-05
-0.000169303
-0.00019295
-8.50591e-05
-5.8198e-08
-6.86644e-05
-0.000166446
-0.000251307
-0.000317388
-0.000304815
-0.000203311
-9.82721e-05
-2.1939e-05
1.01029e-06
-0.000128106
-0.000203613
-9.50012e-05
-6.63997e-05
-2.31356e-05
7.4169e-05
3.16773e-05
-0.00010267
-0.00019183
-0.000261467
-0.000300522
-0.000302075
-0.000171954
-6.26081e-05
-0.000197965
-0.00035562
-0.000291359
-0.000192016
-0.000189864
-0.000140113
-7.35877e-05
-6.50655e-05
-0.000120737
-0.000118688
-3.41288e-05
-2.21963e-05
-8.80144e-05
-0.000163929
-0.000163799
-8.61278e-05
-2.43813e-05
-8.24963e-05
-0.000181501
-0.000270254
-0.000324708
-0.000309214
-0.000195489
-0.000103106
-2.64498e-05
2.95247e-06
-0.000133754
-0.000207259
-0.000101311
-7.36301e-05
-2.89352e-05
8.63363e-05
4.60133e-05
-9.38885e-05
-0.000204573
-0.000279785
-0.000319046
-0.000273124
-8.83659e-05
-1.42569e-06
-0.000179197
-0.000356532
-0.000310585
-0.000224539
-0.000188785
-0.000131373
-7.38257e-05
-6.89881e-05
-0.000122877
-0.00010218
-6.67164e-06
-3.84275e-06
-8.4256e-05
-0.000156901
-0.000159239
-9.28874e-05
-4.33557e-05
-9.40477e-05
-0.000198875
-0.000287702
-0.000330309
-0.000295275
-0.000192501
-0.000116361
-4.18569e-05
-6.70117e-06
-0.000144352
-0.000204108
-0.000102089
-8.47023e-05
-3.43585e-05
9.17612e-05
5.21449e-05
-8.9033e-05
-0.000212446
-0.000280407
-0.000310463
-0.000214776
-1.39129e-05
3.0339e-05
-0.000170149
-0.000343826
-0.000312025
-0.000220482
-0.000184148
-0.000130056
-7.19496e-05
-6.5692e-05
-0.000111986
-7.56858e-05
2.00958e-05
9.07137e-06
-8.511e-05
-0.000155141
-0.00015784
-9.837e-05
-5.38687e-05
-0.000100822
-0.000207241
-0.000293211
-0.000328429
-0.000285476
-0.000199521
-0.000137343
-5.75776e-05
-1.83253e-05
-0.000148033
-0.000185609
-8.95096e-05
-8.65403e-05
-3.63951e-05
8.90594e-05
5.49934e-05
-8.90243e-05
-0.000212415
-0.000268202
-0.000285611
-0.000174445
1.95994e-05
3.73256e-05
-0.000171308
-0.000333868
-0.000304635
-0.000219591
-0.000187623
-0.00013345
-6.62961e-05
-4.86534e-05
-8.87329e-05
-4.19659e-05
4.06357e-05
1.42149e-05
-8.73172e-05
-0.000154067
-0.000157523
-0.000102541
-5.80727e-05
-9.67087e-05
-0.000196179
-0.000289114
-0.000331645
-0.000286969
-0.000211981
-0.000155337
-6.57991e-05
-2.65594e-05
-0.000147455
-0.000157894
-6.66474e-05
-8.60891e-05
-4.21317e-05
8.54738e-05
5.21169e-05
-9.30645e-05
-0.000207944
-0.000260965
-0.000270795
-0.000162264
2.3584e-05
3.55446e-05
-0.000174291
-0.0003243
-0.000301134
-0.000225647
-0.000190668
-0.000131108
-5.14071e-05
-2.11183e-05
-6.15741e-05
-1.85676e-05
5.27895e-05
1.271e-05
-9.0414e-05
-0.000154712
-0.000155887
-0.000103434
-5.76451e-05
-8.78834e-05
-0.000182694
-0.000283482
-0.000328155
-0.000287643
-0.000219908
-0.00016585
-7.07912e-05
-3.49577e-05
-0.00013493
-0.000137455
-5.61399e-05
-8.60142e-05
-4.39294e-05
8.18525e-05
4.70842e-05
-9.4586e-05
-0.00020519
-0.000256662
-0.000266147
-0.000155421
2.35521e-05
2.93363e-05
-0.000175773
-0.000319386
-0.000300181
-0.000227479
-0.00018818
-0.000123219
-2.98562e-05
5.20118e-06
-2.99991e-05
-6.05007e-06
5.45425e-05
7.24993e-06
-9.37409e-05
-0.000155189
-0.000154673
-0.0001035
-5.74877e-05
-8.26936e-05
-0.00017414
-0.000275354
-0.000319437
-0.000282073
-0.000222576
-0.000170918
-6.78569e-05
-3.2368e-05
-0.000129655
-0.000129344
-5.36213e-05
-8.47114e-05
-4.19174e-05
7.92851e-05
4.38075e-05
-9.53921e-05
-0.000203925
-0.000254414
-0.000261919
-0.000151082
2.16586e-05
2.38499e-05
-0.000177091
-0.000316289
-0.000297453
-0.000225929
-0.00018529
-0.000115706
-1.0831e-05
1.96085e-05
-2.71653e-05
-6.55506e-06
5.21442e-05
3.24176e-06
-9.588e-05
-0.000155443
-0.000153778
-0.000103523
-5.83743e-05
-8.21599e-05
-0.000170815
-0.000269436
-0.000313059
-0.000278195
-0.000222498
-0.000170167
-6.50402e-05
-3.13291e-05
-0.00012648
-0.000126531
-5.32705e-05
-8.27272e-05
-3.88524e-05
7.82069e-05
4.20467e-05
-9.61065e-05
-0.000203573
-0.000253706
-0.000258556
-0.000148151
2.07286e-05
1.8472e-05
-0.000177995
-0.000314786
-0.000295614
-0.000224262
-0.000181906
-0.000109915
-7.71186e-06
1.60694e-05
-2.69566e-05
-5.92806e-06
5.10189e-05
1.71179e-06
-9.67891e-05
-0.000155403
-0.000153258
-0.000103658
-6.03479e-05
-8.39519e-05
-0.000170914
-0.000267983
-0.00031111
-0.000276838
-0.000221865
-0.000169879
-6.41293e-05
-3.12653e-05
-0.000125132
-0.000124417
-5.32745e-05
-8.20709e-05
-3.68406e-05
-8.48431e-05
-8.22328e-05
-9.43178e-05
-0.000115237
-0.000135006
-0.0001453
-0.000146369
-0.000144618
-0.000140498
-0.000133095
-0.000130135
-0.000124088
-0.000119769
-0.000112088
-9.64164e-05
-7.83867e-05
-6.94116e-05
-7.01278e-05
-7.75367e-05
-8.67518e-05
-9.36975e-05
-9.59777e-05
-9.90627e-05
-0.000102992
-0.000102961
-9.85323e-05
-9.70469e-05
-9.81914e-05
-0.000101226
-0.000101976
-9.56249e-05
-8.36436e-05
-7.60579e-05
-7.69297e-05
-8.39469e-05
-9.61704e-05
-0.000108734
-0.000113108
-0.00011345
-9.9918e-05
-8.5236e-05
-7.82389e-05
-8.86392e-05
-0.00011067
-0.00013129
-0.000137781
-0.000135003
-0.000132435
-0.000134788
-0.000139517
-0.000141498
-0.000134994
-0.000123917
-9.93727e-05
-7.05208e-05
-6.29047e-05
-7.17099e-05
-8.3198e-05
-9.68968e-05
-0.000108769
-0.000113776
-0.000108865
-0.000103251
-0.000101591
-0.000102982
-0.000103443
-0.000101761
-9.93059e-05
-0.000100327
-0.000107708
-0.000106129
-9.91647e-05
-9.59663e-05
-9.89342e-05
-0.000109657
-0.000125589
-0.000133713
-0.000127032
-0.000117632
-0.000102461
-7.66376e-05
-7.89818e-05
-9.39492e-05
-0.000112149
-0.000119294
-0.000119626
-0.0001251
-0.00013363
-0.00014266
-0.000157044
-0.000166408
-0.000166004
-0.000142893
-0.000112618
-8.52944e-05
-8.45194e-05
-8.94964e-05
-8.7791e-05
-9.24993e-05
-9.85094e-05
-0.00010719
-0.000107411
-0.000106453
-0.000103362
-0.000100086
-0.000102024
-0.000110496
-0.000117026
-0.000129615
-0.000128449
-0.0001215
-0.000116306
-0.000111773
-0.000109883
-0.000112636
-0.000119518
-0.000116936
-0.000101307
-8.43979e-05
-7.9969e-05
-7.58304e-05
-7.91532e-05
-9.73324e-05
-0.000110946
-0.000106835
-0.000102479
-0.000114456
-0.00013246
-0.000152203
-0.000175827
-0.000193569
-0.000182239
-0.000145364
-0.000102318
-6.93208e-05
-5.22717e-05
-4.14407e-05
-4.40798e-05
-5.98198e-05
-9.17912e-05
-0.000110824
-0.00011902
-0.000118149
-0.000112232
-0.000110905
-0.000121099
-0.000121371
-0.000122518
-0.000127331
-0.000134369
-0.000150243
-0.000151905
-0.000142668
-0.000131807
-0.000117593
-0.000111042
-9.96667e-05
-8.99784e-05
-8.98397e-05
-8.16147e-05
-6.80562e-05
-7.73675e-05
-9.98251e-05
-0.000106901
-9.59502e-05
-9.57707e-05
-0.000127284
-0.000154011
-0.000176664
-0.000192288
-0.000198065
-0.000179211
-0.000128689
-7.87288e-05
-3.51375e-05
-8.01122e-06
6.31115e-07
-2.1056e-05
-5.98882e-05
-0.000100757
-0.000117008
-0.00012241
-0.000115068
-0.000107504
-0.000108947
-0.000116247
-0.000117471
-0.000123455
-0.000144988
-0.000176806
-0.000194706
-0.000185939
-0.0001549
-0.00013007
-9.69914e-05
-9.71209e-05
-0.000104034
-9.28334e-05
-7.498e-05
-6.90377e-05
-7.40529e-05
-0.000106238
-0.000124836
-0.000101028
-8.19963e-05
-8.70019e-05
-0.000134354
-0.000174917
-0.000186112
-0.000189409
-0.00021393
-0.000171077
-0.000118186
-5.90645e-05
-1.434e-05
2.56689e-05
4.02869e-05
-2.62974e-06
-5.62052e-05
-0.000120234
-0.000133592
-0.000129367
-0.000118153
-0.000104414
-0.000104529
-0.000111715
-0.000117075
-0.000133545
-0.000169805
-0.000211251
-0.00021921
-0.000186683
-0.000134325
-8.80073e-05
-7.94253e-05
-9.48925e-05
-0.00010663
-8.62223e-05
-6.20373e-05
-5.69276e-05
-8.65465e-05
-0.000106187
-0.000109958
-8.82801e-05
-7.94613e-05
-0.000112851
-0.000171813
-0.000201841
-0.000185217
-0.000173825
-0.000156295
-0.000147749
-9.35951e-05
-2.18979e-05
4.63239e-05
0.000111648
4.50249e-05
-3.83741e-05
-0.000111593
-0.000135418
-0.00014265
-0.000151151
-0.000141157
-0.000119776
-0.000112377
-0.000109661
-0.00011275
-0.000131462
-0.000168747
-0.000215929
-0.000206266
-0.000162542
-0.000102184
-7.58727e-05
-8.45853e-05
-0.000100421
-0.000105567
-7.54063e-05
-6.18031e-05
-6.97255e-05
-9.83989e-05
-0.000112524
-9.09027e-05
-7.54637e-05
-6.58113e-05
-0.000120117
-0.000196504
-0.000233289
-0.000209875
-0.000171003
-0.000179498
-0.000184087
-9.72555e-05
2.86855e-05
7.76653e-05
3.96209e-05
-1.39128e-05
-9.08389e-05
-0.000120299
-0.000123477
-0.000144407
-0.000165848
-0.000148437
-0.00012511
-0.000123389
-0.000110481
-0.000110441
-0.000122476
-0.000145422
-0.000171395
-0.000178778
-0.000148846
-9.0579e-05
-7.33996e-05
-7.57063e-05
-0.000107563
-0.000112409
-7.41234e-05
-4.7796e-05
-6.93547e-05
-8.2154e-05
-6.96436e-05
-6.52132e-05
-3.99831e-05
-4.55648e-05
-0.000117316
-0.000213621
-0.000248292
-0.000201419
-0.000194323
-0.000250793
-0.00023435
-8.54643e-05
3.72195e-05
4.83537e-05
9.04582e-06
-4.00001e-05
-9.18933e-05
-0.000110218
-0.000119134
-0.000156987
-0.000176789
-0.000144251
-0.000139917
-0.000145417
-0.000109501
-0.000126436
-0.000123734
-0.000116206
-0.000129934
-0.000156675
-0.000141836
-9.45929e-05
-6.7224e-05
-6.71285e-05
-0.000114803
-0.000117094
-8.69211e-05
-7.46698e-05
-7.55141e-05
-7.67129e-05
-7.91177e-05
-5.47024e-05
-4.13141e-05
-6.7257e-05
-0.000144645
-0.000205348
-0.000251099
-0.000200427
-0.000227704
-0.00031592
-0.000263694
-9.6613e-05
-1.88244e-05
-3.2985e-05
-4.22822e-05
-5.30626e-05
-7.76829e-05
-8.86484e-05
-0.000118072
-0.000168218
-0.000182189
-0.000155573
-0.000183754
-0.000160618
-8.10644e-05
-0.00011672
-0.00014153
-0.000109886
-0.000117652
-0.000195517
-0.000177918
-0.000113067
-4.62463e-05
-5.54422e-05
-0.000140356
-0.000145208
-8.04742e-05
-2.72195e-05
-4.09989e-05
-6.34233e-05
-5.12399e-05
-3.30202e-05
-7.20873e-05
-0.000118076
-0.000164392
-0.000216481
-0.000255528
-0.000208831
-0.000246737
-0.000321571
-0.000271981
-0.000147902
-0.000100603
-9.77323e-05
-6.84663e-05
-5.39624e-05
-7.4341e-05
-8.96033e-05
-0.000122595
-0.000166225
-0.000180514
-0.00018823
-0.000228838
-0.00017617
-8.18859e-05
-0.000144713
-0.000164978
-0.000117649
-0.000197681
-0.000251382
-0.000227475
-0.000139629
-7.4263e-05
-9.41198e-05
-0.000166723
-0.000163861
-9.21236e-05
-2.9276e-05
-3.18018e-05
-9.19935e-05
-4.09564e-05
-3.2793e-05
-9.38146e-05
-0.000137509
-0.000168959
-0.000233326
-0.00026784
-0.000226648
-0.000265871
-0.000311128
-0.000260007
-0.00016048
-0.000139889
-0.000124452
-7.52948e-05
-5.02132e-05
-7.18579e-05
-9.39965e-05
-0.000124804
-0.000163633
-0.000202712
-0.000234771
-0.0002403
-0.000195881
-0.000102553
-0.000203108
-0.000183557
-0.000153776
-0.000183258
-0.000267178
-0.000260882
-0.000211903
-0.000148568
-0.000125656
-0.000159387
-0.000175368
-9.43503e-05
-1.78794e-05
-4.19884e-05
-0.000102928
-2.86407e-05
-6.11147e-05
-0.000131557
-0.000143534
-0.000157435
-0.000233785
-0.000280124
-0.000247438
-0.000252234
-0.000294627
-0.000234368
-0.000139083
-0.000126976
-0.000119425
-6.60518e-05
-4.55519e-05
-7.18382e-05
-9.25939e-05
-0.000118245
-0.000167038
-0.00022191
-0.000247045
-0.000258651
-0.000188437
-0.000109992
-0.00023687
-0.000164433
-0.000163212
-0.00021808
-0.000312551
-0.000336136
-0.000296651
-0.000201624
-0.000130199
-0.000131406
-0.000149203
-7.24221e-05
-1.98413e-05
-7.63025e-05
-0.000116991
-2.96434e-05
-9.19079e-05
-0.000163838
-0.000138581
-0.000141234
-0.000231419
-0.00030249
-0.000265169
-0.00025975
-0.000294571
-0.000221424
-0.000116649
-0.000108741
-0.00011212
-6.09231e-05
-2.85371e-05
-6.42853e-05
-9.21899e-05
-0.000114691
-0.000158616
-0.000211507
-0.000236635
-0.00023519
-0.000164652
-0.000107889
-0.000205838
-0.000162002
-0.000174441
-0.000305582
-0.000362959
-0.000378182
-0.000319716
-0.000184002
-8.85857e-05
-9.05625e-05
-0.000135128
-4.58875e-05
-1.1064e-05
-0.000112996
-6.43471e-05
1.42976e-05
-0.000102441
-0.000188628
-0.000135375
-0.000125513
-0.000225954
-0.00031899
-0.000274095
-0.000261783
-0.000298811
-0.000223531
-0.000120296
-0.000121264
-0.000111626
-2.31818e-05
3.03279e-06
-5.72402e-05
-8.9467e-05
-0.000112784
-0.000157529
-0.000204429
-0.000224556
-0.000219019
-0.000173299
-0.000124039
-0.000187962
-0.000153449
-0.000182021
-0.000300168
-0.000356987
-0.000349559
-0.000286088
-0.000147332
-6.61282e-05
-0.000118994
-0.000139274
-1.95104e-05
-1.7458e-05
-0.000131157
3.40229e-05
7.12115e-05
-0.000106125
-0.00020645
-0.000140412
-0.000119674
-0.000230098
-0.000320316
-0.000266043
-0.000259537
-0.000311277
-0.000238512
-0.000128792
-0.00013597
-8.80095e-05
4.07679e-05
4.22704e-05
-4.96862e-05
-9.68953e-05
-0.000124512
-0.000167038
-0.000208906
-0.000226179
-0.000219008
-0.000178538
-0.000146643
-0.000177162
-0.000151376
-0.000188783
-0.000266463
-0.00034021
-0.000317899
-0.000252568
-0.000116376
-4.03125e-05
-0.000100481
-0.000136659
-9.80041e-06
-2.47576e-05
-9.38841e-05
0.000114013
0.000104343
-0.000112702
-0.000216003
-0.000151954
-0.000128752
-0.000231549
-0.000303275
-0.000256965
-0.000267356
-0.000333154
-0.000257743
-0.000149912
-0.000143205
-3.7469e-05
9.83036e-05
7.4168e-05
-5.87979e-05
-0.000127021
-0.000139237
-0.000164911
-0.000202789
-0.000228807
-0.000226296
-0.000186386
-0.000168593
-0.000167116
-0.00015411
-0.000203457
-0.000283974
-0.000347918
-0.000310282
-0.000226951
-8.45005e-05
2.46343e-05
-7.96663e-05
-0.000116211
2.1841e-06
-1.82957e-05
-4.13439e-05
0.000157003
0.000114401
-0.000127978
-0.000227079
-0.000155958
-0.000126585
-0.000215594
-0.000285107
-0.000254407
-0.000284302
-0.000362093
-0.00028038
-0.000185076
-0.000129643
9.66046e-06
0.000139119
7.23266e-05
-9.69072e-05
-0.000156926
-0.000133773
-0.000145519
-0.000193182
-0.000226976
-0.000223771
-0.000188009
-0.00016802
-0.000153719
-0.000152754
-0.000216886
-0.000299932
-0.000356469
-0.000308097
-0.000205732
-5.99814e-05
5.11361e-05
-5.5027e-05
-9.02681e-05
2.43173e-05
-8.55164e-06
-1.23038e-05
0.000162434
8.43657e-05
-0.000148894
-0.000226252
-0.000150751
-0.000109647
-0.000202295
-0.000276303
-0.000247661
-0.00029057
-0.000372988
-0.000295711
-0.000192959
-9.9728e-05
4.55303e-05
0.000145918
4.01062e-05
-0.000135198
-0.000170875
-0.000119385
-0.000126671
-0.00017868
-0.000213398
-0.00021143
-0.000187662
-0.000161267
-0.000138191
-0.000145535
-0.000222681
-0.000305983
-0.00035259
-0.000302463
-0.000192676
-3.53981e-05
7.45358e-05
-2.78425e-05
-6.27459e-05
6.68767e-05
5.93577e-06
4.10352e-06
0.000141341
4.89569e-05
-0.000156798
-0.00021434
-0.000139096
-9.33586e-05
-0.000203382
-0.00027283
-0.000240338
-0.000288303
-0.000365132
-0.000291659
-0.000179875
-7.43592e-05
5.59757e-05
0.000133243
3.45566e-06
-0.000162853
-0.000175296
-0.000107859
-0.000110923
-0.00016189
-0.000198326
-0.000200201
-0.000183083
-0.000150474
-0.000121307
-0.000137102
-0.0002291
-0.000305708
-0.000346192
-0.000297129
-0.000183583
-1.01311e-05
0.000100642
-1.78646e-06
-4.25551e-07
0.000114976
2.643e-05
2.47419e-06
0.000122385
2.41312e-05
-0.000147858
-0.000198153
-0.000125933
-0.000103063
-0.000221014
-0.000267625
-0.000229614
-0.000280356
-0.000357179
-0.000285182
-0.000173402
-6.95478e-05
5.32663e-05
0.000114701
-2.18971e-05
-0.000174083
-0.000172562
-9.81589e-05
-0.000100318
-0.000152618
-0.000191217
-0.000192964
-0.000176213
-0.000139893
-0.0001089
-0.000134566
-0.000227096
-0.000307186
-0.000344163
-0.000293554
-0.000170098
2.23544e-05
0.000126123
1.09362e-05
3.62402e-05
0.000140324
3.01579e-05
2.36219e-06
0.000103338
1.47125e-05
-0.000136623
-0.000186239
-0.000120564
-0.00012075
-0.000232176
-0.000253005
-0.000223855
-0.00027158
-0.00034594
-0.000278404
-0.000173219
-7.0131e-05
4.97309e-05
0.000100308
-3.46132e-05
-0.000174721
-0.000165399
-9.08771e-05
-9.53821e-05
-0.000148227
-0.000185021
-0.000187757
-0.000170687
-0.000133061
-0.000101857
-0.000135541
-0.000226064
-0.00030894
-0.000342844
-0.000286447
-0.000151094
4.7815e-05
0.00014178
2.61499e-05
3.70681e-05
0.00012844
2.81312e-05
3.24217e-06
9.34206e-05
1.18416e-05
-0.000130452
-0.000179582
-0.000122075
-0.000132258
-0.000229194
-0.000240063
-0.00021754
-0.000264763
-0.000337599
-0.000274037
-0.000171946
-7.05246e-05
4.67375e-05
8.91921e-05
-3.90045e-05
-0.000169322
-0.000158213
-8.7705e-05
-9.38874e-05
-0.00014598
-0.000181189
-0.00018436
-0.000167788
-0.000129756
-9.88454e-05
-0.000135579
-0.000225296
-0.00030841
-0.000340492
-0.000280125
-0.000139036
6.68166e-05
0.00014534
2.51716e-05
3.64899e-05
0.000120524
2.66022e-05
3.90694e-06
8.73808e-05
9.24822e-06
-0.000128467
-0.000176804
-0.000121617
-0.000137487
-0.000225804
-0.000234484
-0.00021477
-0.000261841
-0.000332458
-0.000270276
-0.00016993
-6.94845e-05
4.54743e-05
8.62004e-05
-3.94543e-05
-0.000164727
-0.000154789
-8.74727e-05
-9.3971e-05
-0.00014528
-0.000179564
-0.000182905
-0.000166612
-0.000128728
-9.83286e-05
-0.00013527
-0.000224126
-0.00030738
-0.000338289
-0.000272838
-0.000131392
6.72105e-05
0.000142501
2.70257e-05
3.85623e-05
0.000115768
2.56019e-05
4.98262e-06
8.46409e-05
6.87212e-06
-0.000128295
-0.000175463
-0.000122004
-0.000140313
-0.000226564
-0.000234592
-0.00021391
-0.000261543
-0.000330469
-0.000268317
-0.000168015
-6.73311e-05
4.61072e-05
8.24181e-05
-4.04327e-05
-0.000163526
-0.000153985
-8.83127e-05
-9.48463e-05
-0.000145531
-0.000179417
-0.000182793
-0.000166616
-0.000129265
-9.91712e-05
-0.000135801
-0.00022373
-0.000305934
-0.000335559
-0.000269896
-0.000128695
6.76506e-05
0.000141042
2.83934e-05
4.04117e-05
0.000114031
2.5287e-05
6.05959e-06
-8.17344e-05
-8.14786e-05
-9.46155e-05
-0.000115999
-0.000137469
-0.000145074
-0.000145278
-0.000145494
-0.000143132
-0.00013609
-0.000132435
-0.000127169
-0.000122398
-0.00011512
-9.96143e-05
-8.04898e-05
-7.1726e-05
-7.34748e-05
-8.3714e-05
-9.4915e-05
-9.93671e-05
-9.93952e-05
-0.000101851
-0.000106208
-0.000106708
-0.000102694
-9.90942e-05
-9.36497e-05
-9.61696e-05
-9.77667e-05
-9.08595e-05
-8.21889e-05
-7.75751e-05
-7.96485e-05
-8.35596e-05
-9.05309e-05
-0.00010493
-0.0001108
-0.000105793
-9.29772e-05
-8.3302e-05
-7.88289e-05
-9.13401e-05
-0.000114157
-0.000132281
-0.000131497
-0.000125123
-0.000124957
-0.000132924
-0.000139455
-0.000146658
-0.0001408
-0.000124547
-9.99253e-05
-8.18133e-05
-8.2291e-05
-9.49154e-05
-0.000105143
-0.000119593
-0.000130739
-0.000134272
-0.000121218
-0.000105144
-9.85732e-05
-9.9605e-05
-0.000101677
-0.000103531
-0.000105204
-0.000105285
-0.000114729
-0.000110186
-9.97277e-05
-9.31112e-05
-9.62909e-05
-0.000110409
-0.000132182
-0.000143066
-0.000136505
-0.000124165
-0.000102254
-8.34687e-05
-9.22268e-05
-0.00010938
-0.000124053
-0.000117898
-0.000108547
-0.000109557
-0.000116869
-0.000132835
-0.000154553
-0.000162969
-0.000161936
-0.000143589
-0.000124782
-0.000106836
-0.000109568
-0.000105853
-9.84632e-05
-0.000102821
-0.00010961
-0.00011671
-0.00011029
-0.000106256
-0.000104849
-0.000104901
-0.000108191
-0.000116024
-0.00012547
-0.000124087
-0.000120759
-0.000115491
-0.000113921
-0.00011637
-0.000122074
-0.00013034
-0.000141566
-0.000140385
-0.000121638
-9.40559e-05
-8.43818e-05
-9.61824e-05
-9.99288e-05
-0.000115377
-0.000119763
-0.000100744
-8.20139e-05
-7.46872e-05
-0.000104661
-0.000139515
-0.000171418
-0.000185635
-0.000172205
-0.000146214
-0.000117163
-8.96336e-05
-7.66281e-05
-6.15022e-05
-6.62416e-05
-8.57725e-05
-0.000109154
-0.000123252
-0.000121776
-0.000118153
-0.000116727
-0.000121169
-0.000126357
-0.000125667
-0.000118088
-0.00011629
-0.000125075
-0.000136778
-0.000141455
-0.000143128
-0.000145992
-0.000137844
-0.000129902
-0.000115195
-0.00010591
-0.000101901
-9.67298e-05
-8.72118e-05
-9.43914e-05
-0.000106101
-9.64102e-05
-7.36131e-05
-7.20222e-05
-0.000106787
-0.000147145
-0.000177288
-0.000180957
-0.000186605
-0.000178152
-0.000143609
-0.000103443
-6.06322e-05
-4.71773e-05
-4.11358e-05
-6.28398e-05
-0.000100772
-0.000119008
-0.000126547
-0.000125742
-0.00011999
-0.000117281
-0.00012216
-0.000127881
-0.000115622
-0.00010142
-0.00011111
-0.000142059
-0.000170006
-0.000171557
-0.000142125
-0.000121988
-0.000110669
-0.000126156
-0.00013705
-0.000116315
-9.29795e-05
-8.47983e-05
-9.00399e-05
-9.92172e-05
-0.000118355
-0.000111942
-9.01548e-05
-7.93827e-05
-0.000119856
-0.00015841
-0.000180524
-0.000193467
-0.000217225
-0.000195534
-0.000140136
-8.64151e-05
-3.6963e-05
-2.69497e-06
-5.16278e-06
-7.28884e-05
-0.000157191
-0.000156263
-0.000146894
-0.000136571
-0.000127901
-0.000127428
-0.000128228
-0.000113644
-9.15922e-05
-8.80624e-05
-0.000117748
-0.000158072
-0.000176852
-0.00016312
-0.000126795
-9.42529e-05
-9.23414e-05
-0.000117642
-0.000131083
-0.000105611
-8.60154e-05
-8.41914e-05
-9.94459e-05
-0.000113417
-0.000128325
-0.000115727
-9.24063e-05
-0.000108224
-0.000154821
-0.000185991
-0.000192389
-0.000183285
-0.000182294
-0.00018263
-0.000132844
-2.67975e-05
4.22865e-05
5.87907e-05
-3.62313e-05
-0.000151011
-0.000182003
-0.000156868
-0.000139476
-0.000140273
-0.00014766
-0.000151496
-0.000146365
-0.000109852
-7.68493e-05
-8.10404e-05
-0.000115648
-0.000151059
-0.000164607
-0.000138049
-9.58354e-05
-7.83282e-05
-0.00010595
-0.000134288
-0.000133692
-9.74157e-05
-8.00257e-05
-8.80688e-05
-8.51174e-05
-9.70719e-05
-0.000134567
-0.000129883
-0.000101453
-8.69466e-05
-0.000120212
-0.000166718
-0.000190414
-0.000147823
-0.000225723
-0.000253846
-0.000102749
3.11039e-05
7.02875e-05
1.51803e-05
-9.06243e-05
-0.000148614
-0.000135382
-0.000116874
-0.000129731
-0.000151499
-0.000169206
-0.000164306
-0.000149699
-0.000100424
-6.4465e-05
-7.18131e-05
-9.4354e-05
-0.000127467
-0.000143476
-0.000131342
-0.000113525
-9.20467e-05
-0.000102176
-0.000148278
-0.00014432
-9.05855e-05
-7.50255e-05
-9.33798e-05
-6.82131e-05
-0.000108823
-0.000156653
-0.000111396
-0.000105334
-0.00017163
-0.000175794
-0.000190104
-0.000192225
-0.000253821
-0.000319139
-0.000268545
-7.29592e-05
4.20162e-05
3.08089e-05
-2.30951e-05
-9.49879e-05
-0.000132033
-0.000124855
-0.000112295
-0.000127462
-0.00014619
-0.000164998
-0.000185004
-0.000165449
-9.48523e-05
-4.03534e-05
-6.05401e-05
-7.21998e-05
-0.000104261
-0.000120598
-0.000159707
-0.000145588
-9.54005e-05
-9.78398e-05
-0.000194988
-0.000167705
-9.86916e-05
-6.75323e-05
-6.67084e-05
-9.01084e-05
-7.75404e-05
-0.000109895
-0.000118087
-0.000199438
-0.000249782
-0.000196831
-0.000201874
-0.000214239
-0.000256891
-0.000291018
-0.000218532
-6.06289e-05
-7.98468e-06
-3.4825e-05
-6.73404e-05
-0.00010283
-0.00012946
-0.000118217
-0.000106286
-0.000128022
-0.000151641
-0.000180997
-0.000198545
-0.000161336
-7.80663e-05
-5.07594e-05
-5.25379e-05
-3.95561e-05
-0.000103197
-0.000231572
-0.000241317
-0.000177934
-7.50489e-05
-0.000109335
-0.000179353
-0.000163094
-6.58319e-05
-3.41598e-05
-7.51018e-05
-7.32615e-05
-0.000118047
-0.000115912
-0.000134742
-0.000203179
-0.000213806
-0.000193496
-0.000228993
-0.000224762
-0.000233935
-0.000274295
-0.000227772
-0.000104294
-5.97155e-05
-8.92295e-05
-8.99864e-05
-9.74974e-05
-0.000118735
-0.000113195
-0.000106835
-0.00012537
-0.000151404
-0.000195281
-0.000211921
-0.000160338
-7.79673e-05
-7.01425e-05
-5.17229e-05
-6.261e-05
-0.000184326
-0.00029261
-0.000260668
-0.000159466
-7.96222e-05
-0.000121685
-0.00019783
-0.000166378
-5.54139e-05
-1.4309e-05
-3.60463e-05
-7.6227e-05
-7.8293e-05
-9.41635e-05
-0.000151959
-0.000212445
-0.000187433
-0.000197397
-0.000248331
-0.000229814
-0.000227228
-0.000265265
-0.000211643
-8.81399e-05
-6.48244e-05
-0.000112849
-9.76046e-05
-9.29962e-05
-0.000121541
-0.000122327
-0.000108178
-0.000123827
-0.000169925
-0.000216584
-0.000210651
-0.00015214
-9.99005e-05
-0.00010204
-6.63089e-05
-7.99119e-05
-0.000189882
-0.000284015
-0.000267497
-0.000193594
-0.000126802
-0.000139481
-0.000193585
-0.000148973
-1.51439e-05
5.08309e-06
-5.4763e-05
-6.09963e-05
-6.78283e-05
-0.000101775
-0.000183309
-0.00021111
-0.000166068
-0.00019901
-0.000260862
-0.000230589
-0.0002207
-0.000245944
-0.000154469
-4.7416e-05
-7.08894e-05
-0.000122865
-9.83742e-05
-9.00136e-05
-0.000126778
-0.000131646
-0.000112701
-0.000131017
-0.000181716
-0.000222145
-0.000193236
-0.000141967
-0.000120252
-9.84347e-05
-5.81946e-05
-7.6828e-05
-0.000186193
-0.000290536
-0.000312691
-0.000241855
-0.000164865
-0.000129791
-0.000155241
-0.00011003
4.34844e-06
2.42727e-05
-1.80403e-05
-7.03431e-05
-4.97189e-05
-0.000113531
-0.000196188
-0.000185442
-0.000135149
-0.000195511
-0.000266171
-0.000224345
-0.000209627
-0.000229771
-0.000132413
-2.3191e-05
-8.59989e-05
-0.000138217
-9.61627e-05
-8.14276e-05
-0.000132031
-0.000141785
-0.000113614
-0.000136249
-0.000189445
-0.000207464
-0.000166375
-0.000139133
-0.000144397
-0.000101922
-4.13283e-05
-7.14112e-05
-0.000187862
-0.00030229
-0.000348841
-0.000322331
-0.000205225
-0.000109931
-0.000130851
-0.000108035
2.09883e-05
2.94273e-05
-6.86774e-05
-5.5622e-05
-2.46795e-05
-0.000116902
-0.000196245
-0.000163708
-0.000121241
-0.000202235
-0.000262345
-0.000208243
-0.000200253
-0.000228561
-0.000133393
-3.03983e-05
-0.000105593
-0.000135971
-7.16353e-05
-6.82471e-05
-0.000137439
-0.000153287
-0.000115425
-0.000136815
-0.000187006
-0.000189407
-0.000151268
-0.000155332
-0.000171252
-9.01943e-05
-1.41945e-05
-5.89675e-05
-0.000186514
-0.000296825
-0.000362803
-0.000363794
-0.000214096
-7.19369e-05
-0.000108947
-0.000107006
1.26058e-05
1.07227e-05
-8.4944e-05
-3.79966e-05
-1.01239e-05
-0.00011844
-0.00019374
-0.000157515
-0.000118612
-0.000206718
-0.000259038
-0.000196873
-0.000193341
-0.000222667
-0.000121614
-2.52662e-05
-0.000105143
-0.000112771
-3.99603e-05
-5.78346e-05
-0.000143855
-0.000163107
-0.000119682
-0.000144878
-0.000191364
-0.000188877
-0.000155394
-0.000177832
-0.000190584
-7.69688e-05
1.17928e-05
-5.07948e-05
-0.000183728
-0.000291043
-0.000369024
-0.000359189
-0.000183284
-2.30811e-05
-7.2239e-05
-7.9685e-05
2.94151e-05
7.84783e-06
-8.07956e-05
-3.75202e-05
-1.03326e-05
-0.000120054
-0.000198293
-0.000155437
-0.000113949
-0.000203553
-0.000256226
-0.000191183
-0.000188047
-0.000211057
-0.000101117
-1.14235e-05
-9.04316e-05
-8.37853e-05
-2.18479e-05
-6.00941e-05
-0.00014802
-0.000170136
-0.000128951
-0.000155709
-0.000198012
-0.00019693
-0.000165767
-0.00019775
-0.000203884
-6.70621e-05
3.41915e-05
-4.02432e-05
-0.000174459
-0.000283694
-0.00037096
-0.000341246
-0.000144488
2.0049e-05
-3.4748e-05
-4.64698e-05
4.39814e-05
-1.0557e-06
-8.93663e-05
-4.22243e-05
-2.48102e-05
-0.000127939
-0.000195107
-0.000141575
-0.00010418
-0.00019687
-0.000254002
-0.000193981
-0.000190234
-0.000199773
-7.74542e-05
5.8243e-06
-7.0991e-05
-6.70461e-05
-2.78329e-05
-7.60242e-05
-0.000151771
-0.000177055
-0.000136454
-0.000162926
-0.000205321
-0.000194662
-0.000164269
-0.000206418
-0.000207228
-5.24738e-05
5.25184e-05
-3.22322e-05
-0.000163514
-0.000267571
-0.000352426
-0.000313821
-0.000107343
5.68982e-05
3.31744e-06
-9.91797e-06
5.74034e-05
-1.39821e-05
-9.82987e-05
-5.73392e-05
-4.00186e-05
-0.000128479
-0.000182622
-0.000127942
-9.73675e-05
-0.000191544
-0.00025257
-0.000206802
-0.000199342
-0.000194614
-6.4536e-05
2.08367e-05
-6.45748e-05
-9.62798e-05
-4.50013e-05
-7.81762e-05
-0.00015901
-0.000185746
-0.000147124
-0.000165978
-0.000194835
-0.000171311
-0.000144881
-0.000206836
-0.00020831
-3.80118e-05
5.99876e-05
-3.03275e-05
-0.000157296
-0.000247057
-0.000319277
-0.000275711
-7.0257e-05
9.23615e-05
4.67294e-05
2.05434e-05
5.89537e-05
-2.24679e-05
-9.8515e-05
-7.14775e-05
-4.72191e-05
-0.000122082
-0.000170191
-0.000120391
-9.56732e-05
-0.000189751
-0.000250799
-0.0002151
-0.000210198
-0.0001914
-5.39084e-05
1.47823e-05
-7.95831e-05
-0.000111622
-6.47892e-05
-7.67863e-05
-0.00016436
-0.000192317
-0.000156529
-0.000163322
-0.000180747
-0.000151059
-0.000132696
-0.000201692
-0.000199925
-3.35739e-05
5.34662e-05
-3.09438e-05
-0.000151784
-0.000224976
-0.000280838
-0.000238303
-3.52834e-05
0.000130738
8.00912e-05
3.40049e-05
5.64511e-05
-2.516e-05
-9.87712e-05
-7.60474e-05
-4.72673e-05
-0.000113492
-0.000162318
-0.000118316
-9.73081e-05
-0.000191293
-0.00024841
-0.000214381
-0.00020654
-0.000175292
-4.08622e-05
6.75927e-06
-9.21816e-05
-0.000120931
-7.22035e-05
-7.2586e-05
-0.000165054
-0.000192623
-0.000160248
-0.000163241
-0.000175124
-0.000142615
-0.000131599
-0.00019619
-0.000185001
-3.20354e-05
4.43894e-05
-3.07346e-05
-0.000146197
-0.000207863
-0.000250622
-0.000203914
4.76432e-06
0.000160626
9.37248e-05
3.77251e-05
5.26711e-05
-2.80625e-05
-9.85525e-05
-7.36611e-05
-4.4881e-05
-0.000107465
-0.000159037
-0.000120285
-0.000103076
-0.000191195
-0.000242635
-0.000205709
-0.00019569
-0.000158425
-3.23858e-05
-6.15983e-07
-9.76348e-05
-0.000125163
-7.19203e-05
-6.46258e-05
-0.000158612
-0.000189378
-0.000161533
-0.00016331
-0.000173359
-0.000141437
-0.000130578
-0.000183595
-0.000171344
-3.2641e-05
3.80621e-05
-3.73364e-05
-0.000143465
-0.000199311
-0.000229313
-0.000169918
3.52239e-05
0.000170887
9.32973e-05
3.77585e-05
4.78864e-05
-2.99623e-05
-9.5856e-05
-7.0955e-05
-4.29064e-05
-0.000104978
-0.000157682
-0.000122044
-0.000107147
-0.000189919
-0.000236384
-0.000198551
-0.000189087
-0.000152389
-3.24567e-05
-8.55358e-06
-9.768e-05
-0.000123399
-6.7103e-05
-5.82326e-05
-0.00015329
-0.000186208
-0.00016171
-0.000162378
-0.000169898
-0.000140172
-0.000131612
-0.00017963
-0.000162799
-3.41066e-05
3.1767e-05
-4.36724e-05
-0.00014197
-0.000196357
-0.000217955
-0.000150961
4.13358e-05
0.000166363
9.02763e-05
3.67489e-05
4.40437e-05
-3.13008e-05
-9.40508e-05
-6.94309e-05
-4.24739e-05
-0.000104234
-0.000156548
-0.000122934
-0.000108666
-0.000188478
-0.000231979
-0.000197259
-0.000188287
-0.000151023
-3.4928e-05
-1.41686e-05
-9.74796e-05
-0.000121155
-6.435e-05
-5.64252e-05
-0.000151106
-0.000184437
-0.000161466
-0.000161624
-0.000167474
-0.000139653
-0.0001327
-0.00017757
-0.000157634
-3.45594e-05
2.67374e-05
-4.71843e-05
-0.000140871
-0.000195372
-0.000216958
-0.000146181
4.28268e-05
0.000163119
8.81594e-05
3.57143e-05
4.14592e-05
-3.23175e-05
-9.31311e-05
-6.91455e-05
-4.27004e-05
-0.000104065
-0.000155658
-0.0001229
-0.000110103
-0.000188194
-0.000230709
-0.00019642
-0.000187353
-0.000150027
-3.60324e-05
-1.77982e-05
-9.86164e-05
-0.000121391
-6.47858e-05
-5.6907e-05
-0.000151222
-0.000184013
-0.000161495
-0.00016123
-0.000166382
-0.000139417
-0.000133459
-0.000176867
-0.000155059
-3.42714e-05
2.47033e-05
-4.86942e-05
-0.000141814
-0.000194434
-0.00021441
-0.000143753
4.4401e-05
0.000162042
8.71369e-05
3.524e-05
3.99088e-05
-3.29813e-05
-9.29713e-05
-8.41094e-05
-8.81811e-05
-9.92193e-05
-0.000118892
-0.000140183
-0.000147853
-0.000148225
-0.000147192
-0.000143509
-0.000133
-0.000136692
-0.000129183
-0.000124699
-0.000121757
-0.000113406
-9.81115e-05
-8.54129e-05
-8.23047e-05
-9.0742e-05
-0.000106274
-0.000116573
-0.000116818
-0.000113072
-0.000109218
-0.000104717
-9.9281e-05
-9.63292e-05
-9.09102e-05
-8.99773e-05
-9.19916e-05
-8.89785e-05
-8.03822e-05
-7.63523e-05
-7.99433e-05
-8.44646e-05
-8.17932e-05
-9.71246e-05
-9.76137e-05
-9.02173e-05
-8.46081e-05
-8.55516e-05
-8.29669e-05
-0.000101046
-0.000120243
-0.000142291
-0.000137133
-0.000128348
-0.000128514
-0.000136442
-0.000147798
-0.000151414
-0.000148117
-0.00013755
-0.000115833
-9.66252e-05
-9.28041e-05
-0.000110801
-0.000119097
-0.000133194
-0.000142384
-0.000145605
-0.000131306
-0.000109582
-9.85352e-05
-9.78042e-05
-0.000101035
-0.000102497
-9.78263e-05
-9.57823e-05
-0.000102965
-9.62829e-05
-8.35805e-05
-7.48128e-05
-8.57537e-05
-0.00011036
-0.00014375
-0.000143671
-0.000129897
-0.000109932
-9.53083e-05
-9.08897e-05
-0.000110217
-0.00012207
-0.000136004
-0.000119111
-0.000103446
-0.000103039
-0.000119651
-0.000145857
-0.000162384
-0.000167682
-0.000162232
-0.00014818
-0.000138836
-0.000142021
-0.000126401
-0.000120453
-0.000112089
-0.000118069
-0.000121996
-0.000119084
-0.000104133
-9.58866e-05
-9.69801e-05
-0.000102265
-0.000107985
-0.000107758
-0.000104839
-9.95068e-05
-9.77182e-05
-9.34916e-05
-9.24004e-05
-0.000106281
-0.0001319
-0.000155263
-0.000167695
-0.000151912
-0.0001201
-9.30573e-05
-8.68235e-05
-9.86636e-05
-0.000112281
-0.000126063
-0.00012601
-0.000103874
-8.93145e-05
-9.60419e-05
-0.000125009
-0.000152555
-0.000172112
-0.000173733
-0.000158421
-0.000147216
-0.000141535
-0.000133457
-0.000114347
-8.80042e-05
-9.28023e-05
-0.000102554
-0.000118921
-0.000128039
-0.000124738
-0.000117888
-0.000118359
-0.000129595
-0.000147125
-0.00013933
-0.000107486
-8.22884e-05
-8.50749e-05
-0.000106477
-0.000127843
-0.000147889
-0.000159265
-0.000154464
-0.000140502
-0.000116803
-0.000105155
-0.000102349
-9.95389e-05
-9.6945e-05
-0.00012406
-0.000123194
-0.000106725
-9.11968e-05
-9.31165e-05
-0.000116346
-0.000151039
-0.000159136
-0.000164711
-0.000165305
-0.000158498
-0.000151494
-0.00014333
-0.000139722
-0.000114053
-9.67116e-05
-9.66286e-05
-0.000118799
-0.000123856
-0.000129342
-0.000122555
-0.000114097
-0.000123401
-0.000155198
-0.000166526
-0.000137864
-9.16019e-05
-7.42493e-05
-0.00010166
-0.000144379
-0.000164809
-0.000149665
-0.000120559
-0.00012427
-0.000147948
-0.000152364
-0.000128369
-0.000106019
-9.44705e-05
-0.000122018
-0.000143531
-0.000140895
-0.000135567
-0.000102286
-9.79889e-05
-0.000116083
-0.000140334
-0.00015799
-0.000174381
-0.000189081
-0.000174959
-0.000155119
-0.000142602
-0.000138377
-0.000111602
-9.94059e-05
-0.000120188
-0.000158952
-0.000159641
-0.000141448
-0.000115692
-9.23925e-05
-0.000103847
-0.00015926
-0.000175801
-0.000129712
-6.60249e-05
-4.75536e-05
-9.41066e-05
-0.000140649
-0.000141465
-0.000105226
-7.52821e-05
-0.000101458
-0.000141403
-0.000157268
-0.000137469
-0.000117078
-0.000103265
-0.000141875
-0.000147471
-0.000139969
-0.000119352
-9.94265e-05
-0.000108503
-0.000119638
-0.000150957
-0.000177829
-0.000185152
-0.000186736
-0.000177728
-0.000177643
-0.000179078
-0.000104698
-8.02478e-05
-0.000121866
-0.000171831
-0.000193121
-0.000151733
-0.000106432
-7.27183e-05
-7.75915e-05
-0.000125573
-0.000173738
-0.000149256
-8.45843e-05
-4.24701e-05
-5.27394e-05
-0.000114722
-0.000143025
-0.000113108
-7.15752e-05
-7.95173e-05
-0.000134468
-0.000180163
-0.000165047
-0.000132694
-0.000117342
-0.000126627
-0.00014312
-0.000158916
-0.00016553
-0.000135585
-0.00010904
-9.24018e-05
-0.00013051
-0.000187365
-0.000213188
-0.000190656
-0.000198313
-0.000231308
-0.000233916
-0.000150622
-8.789e-05
-9.67808e-05
-0.000152664
-0.000182698
-0.000144553
-9.63438e-05
-8.10795e-05
-7.96234e-05
-0.000110005
-0.000165771
-0.000175162
-0.000129829
-7.99624e-05
-3.38171e-05
-4.25304e-05
-0.000116653
-0.000143069
-0.000109194
-8.60841e-05
-0.000116782
-0.000180511
-0.000200448
-0.000170228
-0.000144289
-0.000138758
-0.000146083
-0.000155115
-0.000150765
-0.00015172
-0.000144199
-0.000155555
-0.00015196
-0.000182756
-0.000210432
-0.000188912
-0.000147333
-0.000190748
-0.000241595
-0.000208297
-0.000128356
-8.54406e-05
-0.000118024
-0.000161289
-0.000165882
-0.000139721
-0.00010816
-0.000104266
-0.000113122
-0.0001347
-0.000174751
-0.000174188
-0.000126257
-6.08792e-05
-1.53288e-05
-2.14221e-05
-9.50036e-05
-0.00012787
-0.000112269
-0.000104783
-0.000127635
-0.000207517
-0.00021618
-0.000200788
-0.000154294
-0.000128216
-0.000141332
-0.000162617
-0.000135754
-0.000133739
-0.00016701
-0.000208659
-0.000159424
-0.000152083
-0.00017454
-0.000171432
-0.000155287
-0.000198739
-0.000223557
-0.000171959
-0.000112362
-9.89048e-05
-0.000136255
-0.000159297
-0.000167286
-0.000140327
-0.000108877
-0.000113961
-0.000119998
-0.000138536
-0.000162902
-0.00016116
-0.000129469
-6.14294e-05
-1.36632e-05
-3.11086e-06
-7.99578e-05
-0.000127214
-0.000120765
-0.000107337
-0.000115012
-0.000139294
-0.000188274
-0.000197887
-0.000149834
-0.000128254
-0.000150614
-0.000163065
-0.000153387
-0.000149853
-0.000204693
-0.000228773
-0.000139137
-0.000120671
-0.00018788
-0.000199311
-0.000173329
-0.000202504
-0.000220089
-0.00017505
-0.000141276
-0.000134526
-0.000146056
-0.000151169
-0.000156885
-0.000138988
-0.00011926
-0.000121766
-0.000125362
-0.000138373
-0.000150333
-0.000148753
-0.000133973
-5.49468e-05
-2.28852e-06
-1.58244e-05
-9.18622e-05
-0.000135249
-0.00011204
-0.000120845
-0.0001345
-0.000137449
-0.000189631
-0.00019163
-0.000134955
-0.000113344
-0.00014321
-0.000159469
-0.000135009
-0.000148438
-0.000220706
-0.000224272
-0.000128958
-0.000126618
-0.000209006
-0.000213855
-0.000171087
-0.000192701
-0.000203984
-0.000156074
-0.000146632
-0.000146256
-0.000149195
-0.000144696
-0.000154674
-0.000146588
-0.00013074
-0.000132621
-0.000136021
-0.000141584
-0.000145546
-0.000136205
-0.000120728
-5.53323e-05
-3.93072e-06
-2.90392e-05
-9.3578e-05
-0.000185048
-0.00021548
-0.000231671
-0.000182168
-0.000132038
-0.000142999
-0.000130678
-7.73639e-05
-7.99298e-05
-0.000138167
-0.00015701
-0.000120168
-0.000145836
-0.000236368
-0.000235807
-0.000133922
-0.000129408
-0.000220481
-0.000211717
-0.000151056
-0.000180046
-0.000183198
-0.000133546
-0.000121571
-0.000152714
-0.000149025
-0.000131711
-0.000145557
-0.000151761
-0.000143125
-0.000141067
-0.000140893
-0.00013109
-0.000125931
-0.000116788
-0.000114036
-5.1416e-05
-2.27224e-05
-6.25062e-05
-0.000137585
-0.000233136
-0.000284566
-0.000280209
-0.000166429
-7.93729e-05
-7.92285e-05
-9.00645e-05
-5.65658e-05
-6.63867e-05
-0.000137421
-0.000146085
-0.000104566
-0.000146844
-0.00024179
-0.000223022
-0.000118585
-0.000129273
-0.000227099
-0.000191368
-0.000119484
-0.000165558
-0.000166428
-0.000118934
-0.000111103
-0.000162201
-0.000142501
-0.00010346
-0.000118253
-0.000147737
-0.000156484
-0.000148084
-0.000134555
-0.000118736
-0.000107394
-9.93838e-05
-0.000101884
-3.72057e-05
-4.25393e-05
-8.22437e-05
-0.000143659
-0.000216431
-0.000258512
-0.000234898
-0.000114306
-1.17437e-05
-5.14331e-05
-0.000111476
-7.12297e-05
-7.24324e-05
-0.000147897
-0.000134782
-9.76926e-05
-0.000141244
-0.000228163
-0.000210036
-0.000115408
-0.000132561
-0.000222461
-0.000166622
-0.000102606
-0.000158025
-0.000142467
-8.77226e-05
-0.000116261
-0.000173895
-0.000122825
-5.95438e-05
-9.01349e-05
-0.000154696
-0.000177379
-0.000156095
-0.000134252
-0.000111779
-9.3032e-05
-8.4464e-05
-8.73382e-05
-2.97925e-05
-3.17424e-05
-8.07405e-05
-0.000135041
-0.000191249
-0.000222354
-0.000199298
-7.48303e-05
3.83013e-05
-2.65018e-05
-9.45975e-05
-5.92298e-05
-7.35483e-05
-0.000148225
-0.000132219
-9.21414e-05
-0.000135813
-0.000243726
-0.000212463
-0.000111864
-0.0001304
-0.000215108
-0.000148911
-9.69725e-05
-0.000148297
-0.000116976
-6.31817e-05
-0.000126482
-0.000177319
-9.36686e-05
-1.36227e-05
-7.11085e-05
-0.000175348
-0.000205814
-0.000172019
-0.000135706
-0.000105744
-8.19628e-05
-8.08974e-05
-8.33982e-05
-1.71004e-05
-2.54238e-05
-8.70695e-05
-0.000135943
-0.000174014
-0.000192927
-0.00017692
-5.33509e-05
6.22465e-05
-1.13609e-06
-7.30753e-05
-4.69634e-05
-7.56251e-05
-0.000149975
-0.000129962
-8.07823e-05
-0.000140148
-0.000257625
-0.000212073
-0.000104986
-0.000125884
-0.00020577
-0.000138748
-0.000100374
-0.000142568
-9.83917e-05
-4.88601e-05
-0.000134738
-0.000165568
-6.84329e-05
2.18371e-05
-6.17721e-05
-0.000203063
-0.000249824
-0.000190507
-0.00014303
-0.000105342
-7.96097e-05
-8.57361e-05
-7.39622e-05
-9.8949e-06
-3.02558e-05
-9.85975e-05
-0.000131005
-0.000152918
-0.000173872
-0.000156645
-3.44302e-05
7.13341e-05
5.06559e-06
-6.78315e-05
-4.39801e-05
-7.43336e-05
-0.000147729
-0.000126992
-7.44143e-05
-0.000146087
-0.000256625
-0.000205772
-9.99731e-05
-0.000126802
-0.000202608
-0.000139311
-0.000107569
-0.000142743
-9.09688e-05
-4.98718e-05
-0.000126106
-0.000148387
-6.35185e-05
5.41703e-05
-4.71972e-05
-0.000220425
-0.000272403
-0.000203013
-0.000148887
-0.000106226
-8.52138e-05
-9.41914e-05
-7.37339e-05
-1.40544e-05
-4.62504e-05
-0.000105288
-0.000120307
-0.000142393
-0.000166554
-0.000145109
-1.98499e-05
7.50702e-05
2.0956e-06
-6.261e-05
-3.55918e-05
-7.22522e-05
-0.000146557
-0.000122322
-7.29082e-05
-0.000140637
-0.000246664
-0.000203417
-0.000105148
-0.000136537
-0.000202837
-0.000142496
-0.000117179
-0.000154518
-9.18553e-05
-5.73836e-05
-9.77686e-05
-0.00015293
-6.05032e-05
8.27891e-05
-2.70163e-05
-0.000220013
-0.000262137
-0.000202406
-0.00015049
-0.000110403
-9.25176e-05
-9.84166e-05
-7.43972e-05
-3.28628e-05
-6.4926e-05
-0.000104519
-0.000109166
-0.000136224
-0.000159761
-0.000131606
-8.66539e-06
6.98249e-05
-6.45424e-06
-5.52455e-05
-2.87232e-05
-7.36106e-05
-0.000143762
-0.000117099
-6.73038e-05
-0.000128001
-0.000239464
-0.000203968
-0.000115019
-0.00014834
-0.000201575
-0.000147585
-0.000135076
-0.000168377
-9.32081e-05
-3.98252e-05
-8.13422e-05
-0.000158044
-4.26295e-05
0.000110655
-1.07567e-05
-0.000211712
-0.000248242
-0.000196388
-0.000150395
-0.000115024
-9.65023e-05
-9.82016e-05
-7.93219e-05
-5.48949e-05
-7.53726e-05
-9.85925e-05
-0.000100632
-0.00012734
-0.000151388
-0.000118766
-2.7444e-06
6.19977e-05
-1.14152e-05
-4.57134e-05
-2.59401e-05
-7.55221e-05
-0.000142603
-0.000118613
-5.96852e-05
-0.000118627
-0.000234051
-0.00021182
-0.000126051
-0.000154994
-0.000196859
-0.000156029
-0.000152154
-0.000170944
-8.55566e-05
-2.80945e-05
-8.53859e-05
-0.000152495
-1.63306e-05
0.000131946
-1.02069e-06
-0.000202479
-0.000235357
-0.000189328
-0.000150141
-0.000116932
-9.88076e-05
-0.000100192
-9.0182e-05
-6.85904e-05
-7.73453e-05
-9.6405e-05
-9.72945e-05
-0.000120914
-0.000143226
-0.000107696
1.70233e-06
5.72752e-05
-1.01834e-05
-3.78722e-05
-2.5624e-05
-7.54715e-05
-0.000140715
-0.000118727
-5.66444e-05
-0.000114509
-0.000229342
-0.000212427
-0.000131735
-0.000154836
-0.000193335
-0.000161995
-0.00015785
-0.000166607
-8.30759e-05
-2.69688e-05
-8.48635e-05
-0.000131913
1.75932e-05
0.000139998
-5.42073e-07
-0.000193627
-0.000225054
-0.00018681
-0.000150435
-0.000119301
-0.00010112
-0.000101617
-9.63864e-05
-7.54397e-05
-7.71647e-05
-9.21458e-05
-9.64843e-05
-0.000117101
-0.0001366
-9.96317e-05
4.43343e-06
5.64545e-05
-5.73547e-06
-3.37777e-05
-2.494e-05
-7.41593e-05
-0.000139967
-0.000117951
-5.59254e-05
-0.000113834
-0.000225878
-0.000210668
-0.000131771
-0.000153699
-0.000191832
-0.000161489
-0.000154035
-0.000161457
-8.42206e-05
-2.47286e-05
-7.50367e-05
-0.00011535
2.57794e-05
0.000136675
-3.5956e-06
-0.000187546
-0.000217694
-0.000184238
-0.000150678
-0.000120593
-0.00010237
-0.000102279
-9.97292e-05
-7.95051e-05
-7.73215e-05
-8.87164e-05
-9.67108e-05
-0.000116011
-0.00013316
-9.55316e-05
5.59071e-06
5.53702e-05
-3.93963e-06
-3.1337e-05
-2.35766e-05
-7.35097e-05
-0.000140096
-0.000116003
-5.68256e-05
-0.000114842
-0.00022339
-0.000207512
-0.000130677
-0.000153586
-0.000189576
-0.000156852
-0.000151056
-0.000160679
-8.50913e-05
-2.16191e-05
-6.79067e-05
-0.000108684
2.52266e-05
0.000130072
-6.53016e-06
-0.000184789
-0.000213748
-0.00018249
-0.000150578
-0.000121048
-0.000102862
-0.000102523
-0.000101303
-8.21464e-05
-7.8025e-05
-8.80076e-05
-9.75006e-05
-0.000115712
-0.0001317
-9.34315e-05
5.86937e-06
5.42418e-05
-3.73609e-06
-3.01804e-05
-2.31712e-05
-7.32801e-05
-0.000136394
-0.000114643
-5.76081e-05
-0.000115863
-0.000222178
-0.000205343
-0.000129905
-0.000153192
-0.000187737
-0.000154835
-0.000150528
-0.000160086
-8.37612e-05
-1.94126e-05
-6.83902e-05
-0.00010797
2.57879e-05
0.000127452
-8.99167e-06
-0.000184526
-0.000212363
-0.000181424
-0.00015027
-0.000121033
-0.000102942
-0.00010248
-0.000101672
-8.34465e-05
-7.86774e-05
-8.78968e-05
-9.76688e-05
-0.000116139
-0.000131385
-9.28428e-05
5.24952e-06
5.29683e-05
-3.93203e-06
-2.98945e-05
-2.31175e-05
-7.30909e-05
-0.000135269
-9.61067e-05
-0.000101742
-0.000107118
-0.000122155
-0.000141012
-0.000151809
-0.000154251
-0.000153807
-0.000149432
-0.000138367
-0.00014023
-0.00013087
-0.000125162
-0.000123397
-0.000119997
-0.000112111
-0.000104371
-9.81528e-05
-0.000100723
-0.00011371
-0.000129832
-0.000132405
-0.000127466
-0.000116833
-0.000108781
-0.000106795
-9.98797e-05
-8.94397e-05
-8.72397e-05
-9.01968e-05
-8.70713e-05
-7.25132e-05
-6.276e-05
-6.08766e-05
-6.28479e-05
-6.87317e-05
-7.95119e-05
-8.21608e-05
-8.17265e-05
-8.70851e-05
-9.75799e-05
-0.000103081
-0.000118266
-0.000139268
-0.00014794
-0.000146297
-0.000140021
-0.000139513
-0.000143909
-0.000150125
-0.000152303
-0.000149137
-0.000139251
-0.000121274
-0.000105264
-0.000100278
-0.000107362
-0.000117842
-0.000132035
-0.000139462
-0.000140366
-0.000129342
-0.000112959
-0.000104131
-0.000100758
-0.000103373
-9.83663e-05
-8.69229e-05
-8.41389e-05
-9.25662e-05
-8.48632e-05
-6.69414e-05
-4.82497e-05
-6.16088e-05
-8.74675e-05
-0.000109728
-0.000111124
-0.000100405
-9.18165e-05
-9.34376e-05
-0.000102296
-0.000122855
-0.000146234
-0.000142166
-0.000131714
-0.000124761
-0.000128641
-0.000142398
-0.000157528
-0.000167093
-0.000169826
-0.000155856
-0.000145081
-0.000143658
-0.000143104
-0.000128203
-0.000114138
-0.000107917
-0.000111157
-0.000126158
-0.000121172
-0.000111848
-0.000105395
-0.000105002
-0.00011232
-0.000111115
-9.83232e-05
-8.72952e-05
-8.34613e-05
-8.05115e-05
-6.9981e-05
-5.74969e-05
-7.04397e-05
-9.23292e-05
-0.000122215
-0.000139617
-0.000129649
-0.00010301
-8.40149e-05
-8.75454e-05
-0.000116332
-0.000124827
-0.000136826
-0.00013249
-0.000118311
-0.000114478
-0.000131508
-0.00015561
-0.00016964
-0.000174605
-0.000167844
-0.000158821
-0.000158825
-0.000164737
-0.000157232
-0.000129505
-0.000106195
-0.000104941
-0.000114484
-0.000122887
-0.00012266
-0.000119618
-0.000124476
-0.000136132
-0.000141171
-0.00013896
-0.00012082
-8.38842e-05
-6.0758e-05
-6.54145e-05
-8.21298e-05
-9.59994e-05
-0.000108266
-0.000127641
-0.000118459
-0.000112475
-0.000106778
-9.46485e-05
-9.82493e-05
-0.000114339
-0.000104937
-0.000111325
-0.00012274
-0.000110846
-0.000105661
-0.000125876
-0.000161149
-0.000171695
-0.000164424
-0.000157335
-0.000156287
-0.000157169
-0.000166945
-0.000178646
-0.00017443
-0.000147706
-0.000118013
-0.000107656
-0.000118682
-0.000124992
-0.000128273
-0.00013134
-0.000148932
-0.000155072
-0.000157942
-0.0001443
-0.000101169
-6.34204e-05
-6.44405e-05
-9.25991e-05
-0.000115957
-0.000128815
-0.000112785
-0.000118288
-0.000134888
-0.000152281
-0.000154724
-0.000125002
-0.000104495
-0.000103271
-0.000152248
-0.000153828
-0.000141884
-0.000123355
-0.000109232
-0.000121157
-0.000144693
-0.000158017
-0.000158727
-0.000162943
-0.000166856
-0.000165649
-0.000174588
-0.000189435
-0.000185954
-0.000149797
-0.000110382
-0.000110057
-0.000135029
-0.000137493
-0.000126495
-0.000130265
-0.000143418
-0.00015195
-0.000159615
-0.000142926
-8.33869e-05
-3.95014e-05
-4.56208e-05
-9.44729e-05
-0.000116709
-0.000105476
-6.93347e-05
-7.40297e-05
-0.000114522
-0.00016494
-0.000184375
-0.00014629
-0.000124055
-0.000141721
-0.00016216
-0.000136244
-0.000126427
-0.000122884
-0.000116853
-0.000133322
-0.000149648
-0.000162042
-0.00017351
-0.000179156
-0.000173056
-0.000173224
-0.000182684
-0.000204475
-0.00018779
-0.000129369
-9.94686e-05
-0.000112545
-0.000132869
-0.000130002
-0.000124111
-0.000130122
-0.000124972
-0.000149121
-0.000161735
-0.000113094
-3.55913e-05
-2.01891e-05
-4.82466e-05
-9.20055e-05
-0.000100207
-7.82476e-05
-6.24152e-05
-7.57279e-05
-0.000117522
-0.000165019
-0.000162792
-0.000140922
-0.00013857
-0.000161015
-0.000156716
-0.000128287
-0.000134856
-0.000150383
-0.000134583
-0.000142162
-0.000194411
-0.000217893
-0.000219568
-0.000193927
-0.000177707
-0.000171573
-0.000181659
-0.000187856
-0.000149534
-0.000121452
-9.79789e-05
-0.000103787
-0.000117582
-0.000109489
-9.94797e-05
-0.00013171
-0.000146064
-0.000173755
-0.000170041
-0.000104936
-5.87557e-05
-4.1504e-05
-7.20269e-05
-0.000104237
-9.91047e-05
-7.79207e-05
-6.19441e-05
-7.05637e-05
-0.000117165
-0.000137196
-0.000152616
-0.000154395
-0.000168774
-0.000180314
-0.000152869
-0.000124902
-0.000135781
-0.000142435
-0.000134004
-0.000153426
-0.000206232
-0.000218127
-0.000185094
-0.000120619
-9.95892e-05
-0.000143213
-0.000177106
-0.000165833
-0.000148153
-0.000144037
-0.00010154
-0.000103452
-0.000119447
-0.000116013
-0.000114364
-0.000141844
-0.000173619
-0.000188507
-0.000159944
-9.92695e-05
-6.51052e-05
-6.15141e-05
-0.000101733
-0.000120673
-0.000105214
-8.52886e-05
-7.58683e-05
-7.70512e-05
-0.000108739
-0.000135803
-0.000165077
-0.000182563
-0.00019137
-0.000189298
-0.000160995
-0.000127186
-0.000128324
-0.000125551
-0.000130697
-0.000150063
-0.000160488
-0.000171513
-0.000164719
-0.000180384
-0.000145348
-0.000179362
-0.000191364
-0.000173862
-0.000169615
-0.000154117
-0.000122126
-0.000124465
-0.000131882
-0.0001133
-0.000104615
-0.000145733
-0.000177509
-0.00016567
-0.000117087
-8.95361e-05
-9.18321e-05
-0.000102052
-0.000153974
-0.00011092
-9.26947e-05
-9.29378e-05
-7.65935e-05
-7.9772e-05
-0.000105593
-0.000146381
-0.000180386
-0.000176642
-0.000170208
-0.000182266
-0.000153543
-0.000123931
-0.000122121
-0.000133182
-0.00013635
-0.000133857
-0.00013397
-0.000164998
-0.000181583
-0.000180543
-0.000154573
-0.000195554
-0.000210795
-0.000193649
-0.000174143
-0.000135702
-0.000121741
-0.00012981
-0.000126073
-0.00010761
-0.000119532
-0.0001547
-0.000158751
-0.000132268
-9.72925e-05
-9.67164e-05
-9.95481e-05
-0.00013717
-0.00013741
-8.49869e-05
-6.70352e-05
-7.79333e-05
-8.054e-05
-9.56758e-05
-0.000107824
-0.000129437
-0.000162925
-0.000159145
-0.000144415
-0.00016155
-0.000146498
-0.000106574
-0.000116065
-0.00015013
-0.000151395
-0.000136333
-0.000128206
-0.000171842
-0.000196
-0.000181702
-0.000157377
-0.000193958
-0.000191034
-0.000172872
-0.000152262
-0.000116014
-0.000119419
-0.000136181
-0.000129721
-0.0001111
-0.000123164
-0.000149992
-0.000150128
-0.000128333
-0.000108052
-0.00011528
-0.00012801
-0.00018552
-0.000129932
-4.32392e-05
-2.20513e-05
-9.23041e-05
-0.000133341
-0.000150924
-0.00013533
-0.000105254
-0.000115812
-0.000109389
-0.000110448
-0.000152824
-0.000149531
-0.000100792
-0.0001218
-0.000177519
-0.000162253
-0.000132245
-0.000133086
-0.000185892
-0.000195578
-0.000164523
-0.000159198
-0.000184753
-0.000152599
-0.000136276
-0.000138881
-0.000111331
-0.000123304
-0.000136472
-0.000127969
-0.00011616
-0.000128949
-0.000144676
-0.000138584
-0.000121911
-0.000117031
-0.000133588
-0.000143623
-0.000163876
-0.000112178
-3.3567e-05
-4.11579e-05
-0.000121268
-0.000165824
-0.000172537
-0.000128778
-5.64315e-05
-6.92837e-05
-8.00143e-05
-0.00010052
-0.000160699
-0.000150478
-0.000104097
-0.000131847
-0.000189843
-0.000164187
-0.000123154
-0.000135702
-0.000197348
-0.00018443
-0.000137704
-0.000154088
-0.000168145
-0.000119339
-0.000101349
-0.00012034
-0.000104445
-0.000122261
-0.000129075
-0.000122362
-0.000116303
-0.000128535
-0.000140608
-0.000137042
-0.000120658
-0.000115231
-0.000135285
-0.00015343
-0.000160961
-0.0001084
-1.48203e-05
-2.41939e-05
-0.000101554
-0.000139634
-0.000143899
-8.59886e-05
-1.02572e-05
-2.28925e-05
-5.2047e-05
-8.63908e-05
-0.000158509
-0.00015909
-0.000101102
-0.0001291
-0.000192153
-0.000156071
-0.000116931
-0.000144307
-0.000201807
-0.000165411
-0.000121439
-0.000149342
-0.000138122
-8.11744e-05
-8.21586e-05
-0.000113047
-0.000100227
-0.000104587
-0.000110844
-0.000117182
-0.000119615
-0.000132186
-0.000141492
-0.000137561
-0.000117061
-0.000112777
-0.000139193
-0.000163798
-0.00015542
-8.31577e-05
2.42906e-05
-6.02923e-07
-7.41766e-05
-0.000100106
-0.000101494
-4.83088e-05
2.50429e-05
9.53588e-06
-1.37905e-05
-6.85026e-05
-0.000162037
-0.000169189
-9.452e-05
-0.000126828
-0.000181057
-0.000144468
-0.000107791
-0.000149328
-0.000197305
-0.00015119
-0.000115147
-0.000138622
-0.000115478
-6.35909e-05
-7.41217e-05
-0.000103388
-8.67098e-05
-8.30429e-05
-9.64696e-05
-0.000121331
-0.000129727
-0.000138562
-0.00014398
-0.000135208
-0.000113891
-0.000115
-0.000147307
-0.000169867
-0.000142171
-4.51685e-05
5.80909e-05
1.85434e-05
-4.70613e-05
-6.69654e-05
-7.77973e-05
-3.82625e-05
2.25694e-05
9.27149e-06
-1.36985e-05
-7.96997e-05
-0.000176906
-0.00017669
-0.00010693
-0.000133539
-0.000155823
-0.000123615
-0.000103741
-0.00015921
-0.000193588
-0.000145536
-0.000118355
-0.000141948
-0.00010625
-4.92555e-05
-6.44639e-05
-8.93116e-05
-7.47411e-05
-6.84695e-05
-8.89525e-05
-0.000130996
-0.000139798
-0.000145409
-0.000148334
-0.000135146
-0.000114499
-0.000120672
-0.000153899
-0.000168534
-0.00012546
-1.09054e-05
8.32043e-05
3.29643e-05
-2.9183e-05
-4.71078e-05
-6.29702e-05
-3.7424e-05
5.12386e-06
-3.3609e-06
-1.81338e-05
-7.69029e-05
-0.000186552
-0.000194267
-0.0001401
-0.000122074
-0.000116287
-9.4901e-05
-9.98184e-05
-0.000162388
-0.000196203
-0.000157459
-0.000128627
-0.000148908
-0.000102065
-4.15663e-05
-5.62411e-05
-7.87525e-05
-7.2026e-05
-6.09357e-05
-8.54956e-05
-0.000139355
-0.000152021
-0.000155071
-0.000152379
-0.000136316
-0.000116154
-0.000126421
-0.000156716
-0.000166131
-0.000109467
1.54065e-05
9.78475e-05
4.06888e-05
-2.08188e-05
-3.72248e-05
-5.47137e-05
-4.09269e-05
-1.17225e-05
-1.34862e-05
-1.9326e-05
-7.15223e-05
-0.00018429
-0.000213095
-0.000153124
-7.89582e-05
-5.68127e-05
-6.98709e-05
-9.85509e-05
-0.000166665
-0.000197665
-0.000159933
-0.000137357
-0.000161377
-0.000104586
-4.01413e-05
-4.97648e-05
-7.47568e-05
-7.5857e-05
-5.70476e-05
-8.48007e-05
-0.000148495
-0.000160735
-0.000160135
-0.000155138
-0.000137489
-0.000118853
-0.000130733
-0.000158923
-0.000163643
-9.48009e-05
3.24889e-05
0.000101157
4.09606e-05
-1.93024e-05
-3.36964e-05
-5.04328e-05
-3.94679e-05
-1.49585e-05
-1.68551e-05
-1.8443e-05
-6.84668e-05
-0.000186421
-0.000210648
-0.000119631
-3.23824e-05
-2.48813e-05
-6.10439e-05
-0.000104233
-0.000174307
-0.000194906
-0.000159729
-0.000149448
-0.000176392
-0.000108438
-4.08575e-05
-4.66412e-05
-8.84055e-05
-7.86512e-05
-5.31914e-05
-8.76409e-05
-0.000156628
-0.000167198
-0.000163293
-0.00015675
-0.000138869
-0.00012133
-0.000133103
-0.000161775
-0.000159233
-8.32305e-05
3.9483e-05
9.55547e-05
3.34715e-05
-2.00749e-05
-3.35458e-05
-4.38357e-05
-3.21248e-05
-9.08048e-06
-1.11594e-05
-2.30774e-05
-7.51933e-05
-0.00018237
-0.000195386
-9.34683e-05
-1.27083e-05
-1.30824e-05
-6.3516e-05
-0.000113525
-0.000178047
-0.000191468
-0.000161244
-0.000163361
-0.000185063
-0.000109987
-4.11525e-05
-4.94783e-05
-9.8156e-05
-7.67057e-05
-4.88059e-05
-9.22885e-05
-0.000162705
-0.000171331
-0.000165476
-0.000157474
-0.000139217
-0.000122608
-0.000135369
-0.000164928
-0.000154047
-7.59367e-05
3.84607e-05
8.7236e-05
2.62375e-05
-2.23758e-05
-3.52317e-05
-3.97235e-05
-2.22278e-05
-2.08172e-06
-1.43442e-05
-2.95294e-05
-7.7121e-05
-0.000174961
-0.000184668
-8.86431e-05
-1.19406e-05
-1.36547e-05
-6.83472e-05
-0.000119219
-0.00017988
-0.0001906
-0.000165107
-0.000171469
-0.000185521
-0.000109349
-4.05121e-05
-5.43572e-05
-0.000101636
-7.2857e-05
-4.60392e-05
-9.7494e-05
-0.000166389
-0.000173273
-0.000166735
-0.000157422
-0.000138985
-0.000123476
-0.000136556
-0.000165382
-0.00015232
-7.34544e-05
3.46802e-05
7.67388e-05
2.10886e-05
-2.4908e-05
-3.77173e-05
-3.67266e-05
-1.58505e-05
-2.38425e-06
-2.06027e-05
-3.18733e-05
-7.49608e-05
-0.000169503
-0.000183596
-8.86064e-05
-1.09624e-05
-1.60389e-05
-7.2089e-05
-0.000122622
-0.000182009
-0.000190808
-0.000167252
-0.000171837
-0.000181978
-0.000107842
-4.03492e-05
-5.6521e-05
-9.87872e-05
-7.0075e-05
-4.67682e-05
-0.000101524
-0.000166922
-0.0001732
-0.000166831
-0.00015694
-0.000138509
-0.000123556
-0.000137844
-0.000166779
-0.000150909
-7.1657e-05
3.15317e-05
7.03231e-05
1.73328e-05
-2.72674e-05
-3.90576e-05
-3.43414e-05
-1.18287e-05
-2.2825e-06
-2.18812e-05
-3.18642e-05
-7.27355e-05
-0.00016598
-0.00017926
-8.69164e-05
-1.07768e-05
-1.85384e-05
-7.43927e-05
-0.000124686
-0.000183366
-0.000190686
-0.000167516
-0.000170309
-0.000179511
-0.000106921
-4.00672e-05
-5.56105e-05
-9.6833e-05
-6.92516e-05
-4.7492e-05
-0.000103361
-0.000165837
-0.000172657
-0.000166493
-0.000156516
-0.000138172
-0.000123785
-0.00013916
-0.000167033
-0.000149323
-6.99332e-05
2.98668e-05
6.64857e-05
1.42519e-05
-2.89423e-05
-3.99797e-05
-3.28524e-05
-9.88343e-06
-1.92163e-06
-2.2313e-05
-3.21432e-05
-7.29693e-05
-0.000164521
-0.000176222
-8.53593e-05
-1.06102e-05
-1.97226e-05
-7.53488e-05
-0.000125554
-0.00018384
-0.000190614
-0.000167612
-0.000169907
-0.000178504
-0.000106185
-3.99479e-05
-5.56691e-05
-9.59109e-05
-6.86801e-05
-4.76102e-05
-0.000103865
-0.000165502
-0.000172418
-0.000166254
-0.000156248
-0.000137948
-0.000123869
-0.000139621
-0.000167425
-0.00014818
-6.86328e-05
2.95302e-05
6.48625e-05
1.18467e-05
-2.99692e-05
-4.06706e-05
-3.22756e-05
-9.13829e-06
-2.23259e-06
-2.26888e-05
-3.25119e-05
-7.33621e-05
-0.000164088
-0.000106103
-0.000111469
-0.000113187
-0.000125108
-0.000143735
-0.000156229
-0.000160951
-0.000163522
-0.00015993
-0.000148974
-0.00013787
-0.000130031
-0.000124149
-0.00012339
-0.000124791
-0.000117852
-0.000109147
-0.000101409
-9.7323e-05
-0.00010899
-0.000122303
-0.000129627
-0.000133973
-0.000119003
-0.00010671
-0.000100389
-9.56976e-05
-8.45703e-05
-7.98784e-05
-8.27371e-05
-8.13314e-05
-6.42022e-05
-5.57037e-05
-5.05914e-05
-5.1844e-05
-5.78269e-05
-6.73107e-05
-7.47211e-05
-8.04222e-05
-9.19726e-05
-0.000105044
-0.00010909
-0.000123084
-0.00013766
-0.000150804
-0.000151904
-0.000148037
-0.000148874
-0.000151212
-0.000150847
-0.00014572
-0.000143345
-0.000132549
-0.000118712
-0.000104845
-9.96185e-05
-9.83384e-05
-0.00010204
-0.000116894
-0.000128864
-0.000136649
-0.000131394
-0.000111343
-0.000103385
-9.81134e-05
-0.000100301
-9.44762e-05
-8.23307e-05
-7.62237e-05
-7.42379e-05
-7.72574e-05
-5.88083e-05
-4.21126e-05
-4.33643e-05
-5.50472e-05
-6.89848e-05
-7.58333e-05
-7.82357e-05
-8.41996e-05
-9.53753e-05
-9.99965e-05
-0.00012081
-0.000138341
-0.000141871
-0.000138466
-0.000136652
-0.000141747
-0.000152964
-0.000161401
-0.000166042
-0.000166908
-0.00015183
-0.000139814
-0.000138295
-0.000138082
-0.000126675
-0.000112192
-0.000101257
-0.000104395
-0.000115489
-0.000118515
-0.000112316
-0.000104615
-0.000110584
-0.000116344
-0.000114184
-9.73756e-05
-7.44125e-05
-5.76368e-05
-6.2627e-05
-6.29648e-05
-4.76285e-05
-4.80959e-05
-5.47047e-05
-7.03937e-05
-8.11853e-05
-8.2808e-05
-7.68283e-05
-7.26638e-05
-8.07273e-05
-0.00010997
-0.000124624
-0.00013853
-0.000139106
-0.000131693
-0.000133857
-0.000150984
-0.000170447
-0.000178013
-0.000174913
-0.000168343
-0.000160335
-0.000161867
-0.000164656
-0.000151008
-0.000126495
-0.000110777
-0.000111746
-0.000115951
-0.000117067
-0.000114348
-0.000112442
-0.000119634
-0.00013351
-0.000137065
-0.000133401
-0.00010542
-4.37098e-05
-3.1459e-05
-4.64981e-05
-7.3363e-05
-6.29889e-05
-5.21375e-05
-4.22935e-05
-6.46089e-05
-7.18518e-05
-6.1629e-05
-6.7347e-05
-8.08839e-05
-9.04809e-05
-0.000116093
-0.000128821
-0.00013583
-0.000127016
-0.000119925
-0.000135048
-0.000165963
-0.00017913
-0.000172769
-0.000160472
-0.000161746
-0.000163435
-0.000171306
-0.000174926
-0.000163312
-0.00013959
-0.000123353
-0.000123826
-0.000126105
-0.000118289
-0.000113084
-0.000114269
-0.000122063
-0.000143528
-0.000149494
-0.000134918
-8.39108e-05
-3.48179e-05
-3.75094e-05
-6.98269e-05
-9.44758e-05
-7.12526e-05
-6.88648e-05
-6.98591e-05
-6.55728e-05
-7.07668e-05
-8.29303e-05
-9.73055e-05
-0.000100316
-0.000103284
-0.00014095
-0.00015303
-0.000151765
-0.000140349
-0.000129591
-0.000132713
-0.000145434
-0.000149583
-0.000154422
-0.000161722
-0.000159356
-0.000165247
-0.000178028
-0.000185164
-0.000172114
-0.00014462
-0.000129174
-0.000131548
-0.000132622
-0.000120343
-0.000112237
-0.000113169
-0.000118806
-0.000130444
-0.000149854
-0.000148414
-7.83809e-05
-1.50313e-05
-3.29187e-05
-6.42284e-05
-7.88756e-05
-6.10611e-05
-5.56556e-05
-6.60125e-05
-8.23195e-05
-0.000103286
-0.000112805
-0.000117469
-0.000115929
-0.000126078
-0.000157941
-0.000145753
-0.000143421
-0.000141304
-0.000127959
-0.000134474
-0.000155244
-0.00014116
-0.000154978
-0.000156482
-0.000147235
-0.000159641
-0.000174464
-0.000190576
-0.000179102
-0.000147287
-0.000131888
-0.000132188
-0.000132693
-0.000112683
-0.000107882
-0.000112689
-0.000119339
-0.000144814
-0.00017098
-0.000129604
-2.43166e-05
2.72063e-05
-2.56259e-05
-7.50362e-05
-8.9805e-05
-7.45048e-05
-6.4611e-05
-5.87165e-05
-5.96279e-05
-8.71023e-05
-0.000116594
-0.00011828
-0.000123649
-0.000147011
-0.000133266
-0.000128528
-0.000142231
-0.000144329
-0.000128626
-0.000109112
-0.000147335
-0.00018806
-0.000172893
-0.000148577
-0.000137801
-0.000173084
-0.000166153
-0.000177714
-0.000176491
-0.000157946
-0.000124545
-0.00011077
-9.91044e-05
-0.000110893
-0.000111149
-0.00011542
-0.000125559
-0.000145134
-0.000155239
-0.000108192
-4.51567e-05
-3.67325e-05
-6.05715e-05
-9.42049e-05
-8.86626e-05
-6.99031e-05
-5.83302e-05
-4.35768e-05
-5.68437e-05
-9.59792e-05
-0.000126439
-0.000135677
-0.0001414
-0.0001435
-0.000112886
-0.000119096
-0.000135575
-0.000122132
-0.000106452
-0.000114338
-0.000132156
-0.000170791
-0.000167598
-0.000105894
-7.11287e-05
-7.74372e-05
-0.000151351
-0.000194014
-0.000200022
-0.000178617
-0.000118281
-0.00013287
-0.000129335
-0.000126706
-0.000123831
-0.000125152
-0.000130702
-0.000139487
-0.000139108
-0.000111152
-6.9724e-05
-6.54418e-05
-8.4729e-05
-9.99923e-05
-7.91564e-05
-5.10686e-05
-4.07523e-05
-4.19092e-05
-6.23009e-05
-0.000107467
-0.000140832
-0.000149519
-0.000145742
-0.000131613
-0.00011633
-0.000117847
-0.000132518
-0.000119371
-0.000102311
-0.00011087
-0.000139088
-0.000177621
-0.000157986
-6.61442e-05
-6.99544e-05
-0.000116217
-0.000192097
-0.000224242
-0.00021618
-0.000208155
-0.000199907
-0.000172752
-0.000155643
-0.00013512
-0.00012509
-0.000123546
-0.000126274
-0.000125082
-0.000117151
-0.000102815
-9.04043e-05
-0.000103867
-0.000100114
-9.98802e-05
-5.07279e-05
-2.01117e-05
-4.99663e-05
-6.45137e-05
-8.63404e-05
-0.000118367
-0.000138239
-0.000139375
-0.000137776
-0.000132803
-0.000118776
-0.000123152
-0.000136353
-0.00012401
-0.000107776
-0.00011475
-0.000146945
-0.000184825
-0.000168463
-8.31729e-05
-9.31744e-05
-0.000153003
-0.000208816
-0.000218242
-0.000207068
-0.000192012
-0.000207679
-0.000185801
-0.000152894
-0.00012327
-0.000113905
-0.000115649
-0.000122252
-0.000124064
-0.000114162
-0.000101707
-0.00010265
-0.000120505
-0.000122703
-7.88104e-05
-2.79348e-05
-3.14595e-05
-6.75116e-05
-9.95405e-05
-0.000124521
-0.000132356
-0.000128144
-0.000121668
-0.00012129
-0.000125149
-0.000117635
-0.000115006
-0.000130306
-0.000126322
-0.000113295
-0.000119507
-0.00015912
-0.000187489
-0.000165648
-8.71572e-05
-0.000113988
-0.000166938
-0.000190593
-0.000183598
-0.00019315
-0.000214761
-0.000224629
-0.000190271
-0.000142283
-0.000103231
-9.59498e-05
-0.000111419
-0.000123152
-0.000122721
-0.000116037
-0.000110423
-0.0001145
-0.0001248
-0.000105564
-4.17752e-05
-3.95749e-06
-4.15317e-05
-0.000104662
-0.000144339
-0.000158599
-0.000148339
-0.000116634
-9.61986e-05
-0.000100762
-0.000120644
-0.000126751
-0.000114274
-0.000120831
-0.000119064
-0.000116984
-0.000131538
-0.000173407
-0.000190088
-0.00015173
-7.7969e-05
-0.000125211
-0.000164797
-0.00015132
-0.000147773
-0.000192048
-0.000250074
-0.000238886
-0.000191212
-0.000125354
-8.12623e-05
-8.31067e-05
-0.000108671
-0.00012106
-0.000117107
-0.000114263
-0.000110301
-0.000113774
-0.000112911
-7.45649e-05
-1.38498e-05
-9.02912e-06
-8.14839e-05
-0.000124127
-0.000148648
-0.000152462
-0.00014426
-9.74158e-05
-7.50356e-05
-8.64464e-05
-0.000123789
-0.000136535
-0.000118733
-0.000115913
-0.000123441
-0.000128111
-0.000148846
-0.000188738
-0.000194183
-0.000129604
-7.21921e-05
-0.000131862
-0.000160851
-0.000121107
-0.000128192
-0.000205797
-0.000285602
-0.000243278
-0.000180991
-0.000104894
-6.58286e-05
-7.66186e-05
-0.000109562
-0.000122711
-0.000116378
-0.000113874
-0.000115776
-0.000115432
-0.000107046
-5.93924e-05
-8.75276e-06
-1.96613e-05
-8.16327e-05
-0.000106012
-0.000115672
-0.000119651
-0.000106765
-7.07499e-05
-4.69791e-05
-6.57504e-05
-0.000120958
-0.000146406
-0.000122091
-0.00011643
-0.000128527
-0.000138219
-0.00017159
-0.000207872
-0.000193933
-0.000100551
-6.09953e-05
-0.000135439
-0.000154767
-0.000104585
-0.000122781
-0.000230363
-0.000284343
-0.000228653
-0.00015428
-8.43048e-05
-5.86952e-05
-7.89703e-05
-0.000117052
-0.000126701
-0.000115849
-0.000114312
-0.000121397
-0.00012152
-0.000105911
-4.72787e-05
-3.79275e-06
-1.86162e-05
-6.07821e-05
-7.4703e-05
-7.57693e-05
-8.3995e-05
-7.98946e-05
-5.73084e-05
-3.25184e-05
-5.4609e-05
-0.00011971
-0.00015152
-0.000121136
-0.00011567
-0.000125063
-0.000144521
-0.000192292
-0.000229873
-0.000188452
-7.19623e-05
-4.36773e-05
-0.000136137
-0.00015031
-8.75542e-05
-0.000116861
-0.000233358
-0.000268945
-0.000204575
-0.000133407
-8.03449e-05
-6.88468e-05
-8.96921e-05
-0.000123068
-0.000125066
-0.000109703
-0.000110705
-0.00012559
-0.000128926
-0.000102779
-3.803e-05
1.63308e-06
-6.79497e-06
-3.13893e-05
-3.76012e-05
-4.02917e-05
-5.72755e-05
-6.40818e-05
-5.20986e-05
-3.31642e-05
-5.21144e-05
-0.000116343
-0.000147526
-0.000125904
-0.0001133
-0.000113254
-0.00014682
-0.0002101
-0.000249447
-0.000185329
-5.23712e-05
-3.95805e-05
-0.000139274
-0.000138031
-7.36222e-05
-0.0001033
-0.000214938
-0.000246155
-0.000188768
-0.000129425
-9.29702e-05
-8.45104e-05
-9.97272e-05
-0.000126558
-0.000121782
-0.000103743
-0.00010806
-0.000129035
-0.000135745
-0.000106722
-3.64349e-05
8.84603e-06
1.40635e-05
-5.6748e-06
-8.34702e-06
-1.27659e-05
-3.93572e-05
-5.81038e-05
-5.11685e-05
-3.40257e-05
-4.66383e-05
-0.000110349
-0.00015328
-0.000141189
-0.000103852
-0.000109059
-0.000153684
-0.000219272
-0.000258963
-0.000184383
-4.4175e-05
-3.74195e-05
-0.000142928
-0.000140828
-6.00973e-05
-7.90266e-05
-0.000185484
-0.000223267
-0.000178621
-0.000131542
-0.000101982
-9.49192e-05
-0.000107476
-0.000129317
-0.000120067
-0.000101581
-0.000107364
-0.000131293
-0.000147173
-0.000119297
-3.71452e-05
2.06192e-05
2.8402e-05
9.45648e-06
1.10317e-05
7.50362e-06
-2.64215e-05
-4.69244e-05
-4.8773e-05
-3.09642e-05
-3.98127e-05
-0.000108286
-0.000157798
-0.000145072
-0.000100127
-0.000114729
-0.000157541
-0.000222064
-0.000266869
-0.000182714
-3.23157e-05
-3.07717e-05
-0.000149728
-0.000145655
-4.81687e-05
-5.42065e-05
-0.000157257
-0.000209831
-0.000170179
-0.000117766
-0.000104934
-0.00010242
-0.000114148
-0.000131816
-0.000119833
-0.000101391
-0.000107829
-0.000141389
-0.00016234
-0.00012663
-2.71467e-05
3.16033e-05
3.30747e-05
1.66942e-05
2.12644e-05
1.99764e-05
-1.37012e-05
-3.41665e-05
-4.58356e-05
-2.97927e-05
-3.59418e-05
-0.000104315
-0.000158968
-0.000138935
-0.000104034
-0.000120417
-0.000156044
-0.00022511
-0.000269325
-0.000176693
-6.96184e-06
-2.76226e-05
-0.00016077
-0.000147759
-3.61944e-05
-3.6187e-05
-0.000146047
-0.000204644
-0.00015942
-0.00011252
-0.000108906
-0.000109782
-0.000119678
-0.000133968
-0.000120943
-0.000104316
-0.00011366
-0.000150523
-0.000169493
-0.000115374
-1.06518e-05
3.59087e-05
3.17078e-05
1.91244e-05
2.54828e-05
2.32377e-05
-3.98304e-06
-2.91153e-05
-4.59915e-05
-2.92328e-05
-3.54761e-05
-0.000103921
-0.000157422
-0.000136681
-0.000107785
-0.000122203
-0.000152707
-0.000225086
-0.000269141
-0.000165142
1.06929e-06
-3.3595e-05
-0.000165098
-0.000140903
-3.0881e-05
-3.08765e-05
-0.00014437
-0.000201465
-0.000146906
-0.000110985
-0.000113891
-0.000115942
-0.000123703
-0.000135891
-0.000122822
-0.000107731
-0.000118875
-0.00015307
-0.000161772
-9.70825e-05
1.04827e-06
3.40017e-05
2.91655e-05
1.88819e-05
2.42628e-05
2.2021e-05
6.33581e-07
-2.74878e-05
-4.87047e-05
-3.40732e-05
-3.96526e-05
-0.000105309
-0.000155875
-0.000133789
-0.000108095
-0.000120939
-0.000150676
-0.000223072
-0.00026294
-0.000160631
-1.64211e-06
-3.76969e-05
-0.000160781
-0.000137773
-2.99014e-05
-3.09324e-05
-0.000144734
-0.000192587
-0.000137396
-0.000112409
-0.000117513
-0.000118993
-0.000125092
-0.000136961
-0.000124356
-0.000109759
-0.000119734
-0.000149685
-0.000150422
-8.46064e-05
4.0408e-06
2.86951e-05
2.44581e-05
1.64138e-05
2.22353e-05
2.05281e-05
9.94035e-07
-2.83445e-05
-5.06696e-05
-3.86157e-05
-4.31118e-05
-0.00010575
-0.00015287
-0.000130114
-0.000108631
-0.000121404
-0.000150599
-0.000218623
-0.000256267
-0.000157224
-5.75685e-06
-4.19835e-05
-0.000158797
-0.00013582
-3.00907e-05
-3.41913e-05
-0.000143002
-0.00018138
-0.000134607
-0.000113583
-0.000118247
-0.000119225
-0.000125258
-0.000136968
-0.000124182
-0.000109228
-0.000118292
-0.000144604
-0.000142656
-8.1477e-05
1.0187e-06
2.39188e-05
2.24543e-05
1.5e-05
2.08796e-05
1.95477e-05
5.62222e-07
-2.94777e-05
-5.19254e-05
-3.91224e-05
-4.37246e-05
-0.000103904
-0.000151106
-0.000128046
-0.000109694
-0.000122927
-0.000150785
-0.000215846
-0.000251697
-0.000154566
-9.35947e-06
-4.55101e-05
-0.000158111
-0.000133971
-3.09079e-05
-3.69726e-05
-0.000140209
-0.000174592
-0.000131641
-0.000112289
-0.000117088
-0.000118631
-0.000124886
-0.000136128
-0.00012297
-0.000107565
-0.000115686
-0.000141822
-0.000141259
-8.17703e-05
-1.22373e-06
2.14351e-05
2.168e-05
1.43069e-05
2.01256e-05
1.90135e-05
6.40997e-08
-3.01275e-05
-5.18052e-05
-3.87993e-05
-4.42178e-05
-0.000103464
-0.000150924
-0.000127858
-0.00011067
-0.000124133
-0.000151854
-0.000215636
-0.000249819
-0.000152836
-1.09959e-05
-4.82173e-05
-0.000157984
-0.000132494
-3.117e-05
-3.92972e-05
-0.000140246
-0.000172528
-0.000128569
-0.000110484
-0.000116001
-0.000118133
-0.000124381
-0.000135203
-0.000122021
-0.000106806
-0.000115257
-0.000141257
-0.000140144
-8.12499e-05
-1.82836e-06
2.05266e-05
2.14464e-05
1.39367e-05
1.97272e-05
1.87995e-05
4.04898e-08
-3.04922e-05
-5.1883e-05
-3.9052e-05
-4.51452e-05
-0.000103624
-0.00011501
-0.000121633
-0.000120503
-0.000125143
-0.000137854
-0.000148776
-0.000160751
-0.000172939
-0.000172354
-0.0001575
-0.000140397
-0.00012787
-0.000121113
-0.000122286
-0.000134813
-0.000123969
-0.00011162
-9.80398e-05
-8.98998e-05
-9.45669e-05
-0.000103658
-0.000113165
-0.000115532
-0.000111896
-0.000106379
-9.98243e-05
-9.62951e-05
-8.50099e-05
-8.36895e-05
-8.76928e-05
-8.37612e-05
-7.46473e-05
-6.08536e-05
-5.00206e-05
-5.01116e-05
-5.4343e-05
-6.4272e-05
-7.49354e-05
-8.40733e-05
-9.90532e-05
-0.000117695
-0.000118419
-0.000120842
-0.000135219
-0.000145668
-0.000147718
-0.000150085
-0.00015819
-0.000161985
-0.000155427
-0.000146423
-0.000134106
-0.000119041
-0.000108807
-0.000103239
-0.000103878
-9.95589e-05
-9.68188e-05
-0.000107044
-0.000117655
-0.000127585
-0.00012178
-0.000113724
-0.000109626
-0.00010607
-0.00010054
-9.34526e-05
-8.05115e-05
-7.51639e-05
-7.4534e-05
-6.96945e-05
-5.81728e-05
-4.85873e-05
-4.90053e-05
-5.74526e-05
-6.78061e-05
-7.29898e-05
-7.5192e-05
-8.43098e-05
-0.000101863
-9.14863e-05
-0.000109395
-0.000125692
-0.000135408
-0.000137421
-0.000138788
-0.000144538
-0.000156682
-0.000164465
-0.000165283
-0.000155345
-0.000138897
-0.000125662
-0.000125088
-0.000131028
-0.000127101
-0.000114802
-0.000106284
-0.000108532
-0.000114877
-0.000112895
-0.000107894
-0.000108327
-0.000115654
-0.000116982
-0.000109773
-8.78533e-05
-7.22424e-05
-7.75557e-05
-8.41488e-05
-8.32704e-05
-6.49409e-05
-4.76987e-05
-4.44262e-05
-5.837e-05
-7.48745e-05
-8.58121e-05
-8.54243e-05
-7.70477e-05
-7.65617e-05
-0.000106915
-0.000121354
-0.00013188
-0.000135434
-0.000131928
-0.000134281
-0.000144623
-0.000166465
-0.000175349
-0.000173209
-0.000159719
-0.000145295
-0.000145112
-0.000151941
-0.000147897
-0.000128756
-0.000109353
-0.000102404
-0.000101013
-0.000104627
-0.000105685
-0.000108143
-0.000120529
-0.000137538
-0.000137778
-0.00012333
-0.000101688
-7.34301e-05
-6.11488e-05
-8.50517e-05
-8.24632e-05
-6.0664e-05
-3.96208e-05
-3.82464e-05
-5.73901e-05
-6.72962e-05
-6.88362e-05
-6.92977e-05
-7.36806e-05
-8.76962e-05
-0.000119296
-0.000124732
-0.000127081
-0.00012576
-0.000125986
-0.000142762
-0.000169637
-0.00017472
-0.000170276
-0.000157875
-0.000149596
-0.000145679
-0.000152063
-0.000158442
-0.000147525
-0.000137817
-0.000122724
-0.000126588
-0.00012503
-0.000122822
-0.000114641
-0.000115029
-0.000126604
-0.000143183
-0.000144516
-0.000116961
-7.1391e-05
-4.64894e-05
-6.26787e-05
-0.000105504
-0.000104873
-7.33449e-05
-3.38294e-05
-2.89428e-05
-5.39235e-05
-7.39526e-05
-8.62853e-05
-8.92997e-05
-9.26889e-05
-0.000106492
-0.000112806
-0.000114338
-0.000123999
-0.000131381
-0.000134422
-0.000140546
-0.000150313
-0.000151263
-0.000151207
-0.00014838
-0.000140906
-0.000141024
-0.000159107
-0.000163578
-0.000143726
-0.000120519
-0.000136087
-0.000145707
-0.000134667
-0.00011473
-0.000102621
-0.000107645
-0.000123994
-0.000143776
-0.000147452
-0.000117641
-6.89898e-05
-4.07519e-05
-6.27673e-05
-8.59793e-05
-8.12095e-05
-4.77262e-05
-5.1925e-05
-4.03105e-05
-5.51179e-05
-8.03048e-05
-9.82349e-05
-0.000103584
-0.000104584
-0.00011083
-0.000109539
-0.000108613
-0.000119124
-0.000137992
-0.000146607
-0.000137929
-0.000151206
-0.000150795
-0.000147238
-0.000142579
-0.000133849
-0.000152348
-0.000172546
-0.000167227
-0.000154003
-0.000146911
-0.000164282
-0.000168811
-0.00014481
-0.000119476
-0.000106764
-0.000121036
-0.000134094
-0.000145719
-0.000141147
-0.000112666
-6.30335e-05
-4.38403e-05
-6.96377e-05
-9.29779e-05
-9.30488e-05
-6.73749e-05
-5.1664e-05
-4.2384e-05
-5.83439e-05
-7.32584e-05
-9.47154e-05
-9.94565e-05
-9.96852e-05
-0.000106156
-9.4269e-05
-0.000114762
-0.000135167
-0.000139518
-0.000129042
-0.000126175
-0.000142355
-0.000161754
-0.000157851
-0.000144094
-0.000129476
-0.000155461
-0.000160674
-0.000161696
-0.000167901
-0.000180726
-0.000190442
-0.00018808
-0.000147699
-0.000109338
-0.000100453
-0.000111239
-0.000130359
-0.000128837
-0.000127995
-0.000113707
-8.69709e-05
-7.71723e-05
-9.29462e-05
-0.000111668
-9.61093e-05
-5.97989e-05
-4.84607e-05
-3.9755e-05
-5.1787e-05
-7.94645e-05
-0.000102
-9.81636e-05
-8.28981e-05
-8.01374e-05
-8.6748e-05
-0.000114657
-0.000132106
-0.000124993
-0.000113011
-0.00012497
-0.000156789
-0.000160727
-0.000152485
-0.000122703
-0.00010099
-0.000117674
-0.000156256
-0.000186224
-0.000200275
-0.000208045
-0.000206886
-0.000192624
-0.000137223
-9.41766e-05
-9.72093e-05
-0.000119457
-0.000132477
-0.00012687
-0.000123271
-0.000122518
-0.000107901
-9.99489e-05
-0.000116249
-0.000125546
-8.61633e-05
-4.47261e-05
-5.99282e-05
-5.10769e-05
-6.65641e-05
-8.77559e-05
-0.000102889
-8.85229e-05
-6.15605e-05
-5.94785e-05
-9.12959e-05
-0.0001133
-0.000128059
-0.000124922
-0.000127466
-0.00013674
-0.000161342
-0.00014765
-0.000139192
-0.000127126
-0.000108376
-0.000125623
-0.000171494
-0.00020298
-0.000211037
-0.000214931
-0.000214547
-0.000185257
-0.000127282
-9.48887e-05
-0.000106562
-0.000125839
-0.000132228
-0.000122572
-0.000116488
-0.000118742
-0.000116371
-0.000122617
-0.000148634
-0.000122804
-6.12945e-05
-3.04976e-05
-4.72288e-05
-6.44412e-05
-7.41225e-05
-9.48965e-05
-0.00010426
-8.83937e-05
-6.57732e-05
-6.74512e-05
-9.89294e-05
-0.000116806
-0.000127537
-0.000132673
-0.000141637
-0.000148043
-0.000166985
-0.000145343
-0.000140519
-0.000125516
-0.000121705
-0.000144545
-0.000171624
-0.000192738
-0.00020224
-0.000205342
-0.000199205
-0.00016814
-0.000122163
-0.000104411
-0.000118321
-0.000131151
-0.00013068
-0.000120206
-0.00012004
-0.000125499
-0.000128627
-0.000141585
-0.000143496
-0.0001039
-4.46615e-05
-2.81176e-05
-4.51604e-05
-7.15575e-05
-9.88889e-05
-0.000109275
-0.000104378
-8.25231e-05
-6.46786e-05
-7.37413e-05
-0.000103448
-0.000116044
-0.00012873
-0.000148274
-0.000155808
-0.000156072
-0.00017008
-0.000152027
-0.000141235
-0.000128702
-0.000137727
-0.000149548
-0.000156722
-0.000176237
-0.000189916
-0.00019193
-0.0001838
-0.00015575
-0.000121744
-0.000113861
-0.000126012
-0.000131603
-0.000125082
-0.000116107
-0.000124368
-0.000141972
-0.000151619
-0.000153076
-0.000139117
-8.55257e-05
-2.35233e-05
-1.53259e-05
-4.95688e-05
-8.27564e-05
-0.000110594
-0.000116304
-0.000100154
-7.32453e-05
-6.03245e-05
-7.87126e-05
-0.000110744
-0.000117521
-0.000133497
-0.000160652
-0.000159845
-0.000152741
-0.000164695
-0.000149369
-0.000136382
-0.000128504
-0.000145545
-0.00014517
-0.000138215
-0.000160186
-0.000179619
-0.000184575
-0.000190581
-0.000148591
-0.000118678
-0.000112196
-0.000127076
-0.000130103
-0.000120513
-0.000114037
-0.000132629
-0.000171772
-0.000179931
-0.000169315
-0.000131648
-6.35395e-05
-8.72431e-06
-2.24281e-05
-6.07262e-05
-8.66132e-05
-0.000106835
-0.000109408
-9.4181e-05
-6.58898e-05
-5.59816e-05
-8.34056e-05
-0.00010977
-0.000112854
-0.000136743
-0.000162552
-0.000153043
-0.000147282
-0.000155156
-0.000140063
-0.000125662
-0.000126101
-0.000147558
-0.000139129
-0.000127511
-0.000155465
-0.000179534
-0.000175382
-0.000170539
-0.000130423
-0.000102089
-0.00010947
-0.000141663
-0.000149435
-0.000129498
-0.000117857
-0.000145704
-0.00019271
-0.000204687
-0.000182987
-0.000127427
-6.00052e-05
-9.68442e-06
-2.66596e-05
-5.88126e-05
-7.52926e-05
-8.88321e-05
-9.38946e-05
-8.54307e-05
-5.65549e-05
-5.0345e-05
-8.4065e-05
-0.000106846
-0.000107735
-0.000133006
-0.000156803
-0.000149099
-0.000144212
-0.000154623
-0.000143122
-0.000117046
-0.000122654
-0.000146663
-0.000135805
-0.000126246
-0.000155497
-0.000173135
-0.000170875
-0.000131945
-9.27636e-05
-7.28826e-05
-0.000102532
-0.000162642
-0.000177895
-0.000148921
-0.000127231
-0.000157472
-0.000209069
-0.000225968
-0.000195041
-0.00012584
-4.85763e-05
-8.62917e-06
-2.19372e-05
-4.2906e-05
-5.29144e-05
-6.67325e-05
-7.88232e-05
-7.72458e-05
-5.10689e-05
-4.79272e-05
-8.31604e-05
-9.81866e-05
-9.90117e-05
-0.00012669
-0.000152204
-0.000146365
-0.000142926
-0.00016662
-0.000148544
-0.000109054
-0.000116215
-0.000145298
-0.000136672
-0.000125071
-0.000147085
-0.000153328
-0.000128301
-8.51251e-05
-6.69421e-05
-4.54981e-05
-9.74732e-05
-0.000182361
-0.000207576
-0.00017013
-0.000133594
-0.000160313
-0.00021837
-0.000237897
-0.000201964
-0.000121994
-3.97596e-05
-8.52998e-06
-1.3844e-05
-1.92878e-05
-3.00956e-05
-4.89231e-05
-6.75361e-05
-6.9192e-05
-4.60321e-05
-4.61478e-05
-8.15162e-05
-8.6237e-05
-8.98045e-05
-0.000121934
-0.000148723
-0.000143537
-0.000145293
-0.000168973
-0.000146404
-9.85421e-05
-0.000111872
-0.00014764
-0.000138775
-0.000116654
-0.000125455
-0.000110117
-7.50052e-05
-5.24811e-05
-5.42011e-05
-4.71111e-05
-0.000113648
-0.000204461
-0.000227375
-0.000178547
-0.000130718
-0.000158164
-0.000224857
-0.000250047
-0.000211884
-0.000118705
-3.51733e-05
-1.35803e-05
-8.06173e-06
2.36048e-06
-9.5507e-06
-3.41726e-05
-5.90593e-05
-6.43173e-05
-4.28072e-05
-4.35144e-05
-7.40513e-05
-7.34248e-05
-8.38066e-05
-0.000119625
-0.000145029
-0.000146954
-0.000152647
-0.0001745
-0.000145052
-9.33385e-05
-0.000109725
-0.000147396
-0.000139965
-0.00010356
-7.07294e-05
-5.55976e-05
-2.84542e-05
-2.38464e-05
-5.28278e-05
-6.77776e-05
-0.000133334
-0.000216047
-0.000232962
-0.00017846
-0.000130645
-0.000161483
-0.000229511
-0.000260303
-0.000222171
-0.000121563
-4.17388e-05
-2.4513e-05
-1.36018e-06
2.02289e-05
7.1589e-06
-2.08443e-05
-5.16077e-05
-6.33602e-05
-4.19755e-05
-3.76365e-05
-6.14086e-05
-6.10255e-05
-7.76896e-05
-0.00011662
-0.000150506
-0.000153171
-0.000162085
-0.000184078
-0.000144716
-8.12809e-05
-0.000102767
-0.000148264
-0.00013456
-8.51986e-05
-3.21507e-05
9.95273e-07
3.16711e-06
-2.20399e-05
-5.51952e-05
-7.71837e-05
-0.000140838
-0.000213314
-0.00022922
-0.00017818
-0.000134192
-0.000166313
-0.000236701
-0.000271647
-0.000228847
-0.000125187
-5.11445e-05
-2.87539e-05
6.34877e-06
3.20567e-05
1.96213e-05
-9.89259e-06
-4.98851e-05
-6.81265e-05
-4.06869e-05
-2.79074e-05
-4.48251e-05
-5.5198e-05
-7.71389e-05
-0.00012108
-0.000153544
-0.000153991
-0.000167507
-0.000189174
-0.000136658
-6.45788e-05
-9.27065e-05
-0.000146756
-0.000134046
-6.6689e-05
1.62491e-06
1.47315e-05
-2.97385e-06
-2.02193e-05
-5.07874e-05
-7.86053e-05
-0.000138726
-0.000204875
-0.000221653
-0.000177911
-0.000140488
-0.0001736
-0.000242526
-0.000277724
-0.000224785
-0.000123936
-5.75999e-05
-3.00829e-05
1.16941e-05
3.88043e-05
3.02214e-05
-9.3884e-06
-5.84396e-05
-7.63054e-05
-3.49651e-05
-1.13059e-05
-3.17737e-05
-5.42063e-05
-7.96685e-05
-0.000126118
-0.000151309
-0.000150388
-0.000170356
-0.000188927
-0.000123226
-4.3368e-05
-8.20332e-05
-0.000144648
-0.000125603
-5.87747e-05
-9.31882e-06
2.94961e-06
-1.01482e-05
-1.7593e-05
-4.2122e-05
-7.45004e-05
-0.000135703
-0.000199907
-0.000216551
-0.000176397
-0.000142993
-0.000177592
-0.000244353
-0.000275051
-0.000218481
-0.000121299
-6.19135e-05
-2.9943e-05
1.59854e-05
4.20863e-05
3.04312e-05
-1.44684e-05
-6.78562e-05
-7.70042e-05
-2.54169e-05
-3.43497e-06
-2.89405e-05
-5.57535e-05
-8.32905e-05
-0.000126242
-0.000146341
-0.00014737
-0.000168273
-0.000183535
-0.000116156
-3.50664e-05
-6.727e-05
-0.000133104
-0.000130573
-6.38077e-05
-1.31486e-05
-6.85456e-06
-1.07815e-05
-1.18536e-05
-3.45897e-05
-7.27767e-05
-0.000135845
-0.000197572
-0.000212263
-0.000174038
-0.000143543
-0.000178224
-0.000241426
-0.00026637
-0.000211518
-0.00011884
-6.37398e-05
-2.99687e-05
1.75491e-05
4.2458e-05
2.91663e-05
-1.7784e-05
-6.99523e-05
-7.51003e-05
-2.22714e-05
-1.58717e-06
-2.77653e-05
-5.79611e-05
-8.38291e-05
-0.000123899
-0.00014296
-0.0001441
-0.00016453
-0.000181184
-0.000112866
-3.32979e-05
-6.72532e-05
-0.000132029
-0.00012369
-6.4573e-05
-1.64127e-05
-1.22771e-05
-1.06606e-05
-8.7833e-06
-3.21121e-05
-7.39501e-05
-0.000137146
-0.00019559
-0.000208659
-0.000171296
-0.000142458
-0.000175999
-0.000237419
-0.000260635
-0.000206901
-0.000117164
-6.43561e-05
-3.08001e-05
1.76562e-05
4.1783e-05
2.78675e-05
-1.8502e-05
-7.02602e-05
-7.45496e-05
-2.11788e-05
-3.63799e-07
-2.83894e-05
-5.85509e-05
-8.3818e-05
-0.000122872
-0.000141031
-0.000141794
-0.000162263
-0.00018046
-0.00011487
-3.74263e-05
-6.88895e-05
-0.000130465
-0.000121938
-6.47204e-05
-1.78129e-05
-1.54136e-05
-1.18934e-05
-9.0564e-06
-3.30979e-05
-7.55957e-05
-0.000137903
-0.000193938
-0.000205973
-0.000169129
-0.000141783
-0.000175178
-0.0002354
-0.000257203
-0.000203541
-0.000115658
-6.4341e-05
-3.1046e-05
1.79698e-05
4.15227e-05
2.73276e-05
-1.84796e-05
-6.97028e-05
-7.28609e-05
-2.01185e-05
-6.24911e-07
-2.90939e-05
-5.88398e-05
-8.42551e-05
-0.000122411
-0.00014007
-0.000141467
-0.0001621
-0.000179476
-0.000114992
-3.89448e-05
-7.03562e-05
-0.000130005
-0.000121103
-6.44985e-05
-1.84229e-05
-1.72228e-05
-1.36201e-05
-9.9063e-06
-3.37542e-05
-7.64635e-05
-0.000138337
-0.000193422
-0.00020491
-0.000168592
-0.00014219
-0.000175502
-0.000234759
-0.000255432
-0.000200973
-0.000114518
-6.36062e-05
-3.0384e-05
1.86988e-05
4.17934e-05
2.74471e-05
-1.80821e-05
-6.87549e-05
-7.16452e-05
-1.97636e-05
-7.985e-07
-2.90679e-05
-0.000120882
-0.000129747
-0.000124398
-0.000125278
-0.000134732
-0.000148727
-0.000168021
-0.000183438
-0.00017942
-0.000154095
-0.00013247
-0.000121426
-0.000118964
-0.000122218
-0.000115776
-0.000115594
-0.000103203
-8.95453e-05
-8.31398e-05
-8.42056e-05
-9.03742e-05
-9.39524e-05
-9.72172e-05
-9.80573e-05
-0.00010009
-9.95071e-05
-9.6834e-05
-9.00382e-05
-8.80058e-05
-8.91161e-05
-8.08311e-05
-6.74625e-05
-5.42526e-05
-4.03706e-05
-4.78611e-05
-5.49535e-05
-6.67438e-05
-7.87344e-05
-8.88132e-05
-0.000103907
-0.000126886
-0.00013702
-0.000129699
-0.000134077
-0.000143425
-0.000151859
-0.000163061
-0.000173195
-0.000168024
-0.000151121
-0.000135443
-0.000125015
-0.00011803
-0.000113925
-0.000114358
-0.000108931
-9.76886e-05
-9.2139e-05
-9.71746e-05
-0.000106391
-0.000108902
-0.000108555
-0.000106625
-0.000108249
-0.000109384
-0.000107513
-0.000100332
-8.59801e-05
-7.75768e-05
-7.6913e-05
-7.03254e-05
-5.69103e-05
-5.16245e-05
-4.87745e-05
-5.76392e-05
-6.76306e-05
-7.4239e-05
-7.78262e-05
-8.56457e-05
-0.000104821
-9.99074e-05
-0.000110821
-0.000121355
-0.000134154
-0.000145134
-0.00015176
-0.000156374
-0.000163297
-0.000161032
-0.000151425
-0.00013845
-0.000123573
-0.000111866
-0.000112557
-0.000117786
-0.000112213
-0.000107403
-9.97288e-05
-0.000108429
-0.000112291
-0.000109673
-0.00010927
-0.000117114
-0.00012625
-0.000126338
-0.000118271
-0.000101206
-8.24087e-05
-7.48579e-05
-8.30504e-05
-8.16201e-05
-6.69674e-05
-5.47774e-05
-4.91085e-05
-5.30672e-05
-6.02862e-05
-7.18732e-05
-8.48487e-05
-8.88994e-05
-9.1431e-05
-0.000104021
-0.000121799
-0.000133526
-0.000141309
-0.000141689
-0.000141241
-0.000141065
-0.000155173
-0.000160339
-0.00015698
-0.000142426
-0.000126276
-0.000123615
-0.000125611
-0.000131721
-0.000112035
-9.53765e-05
-9.80074e-05
-0.000105517
-0.000106982
-0.000106139
-0.0001075
-0.000117784
-0.00013201
-0.0001388
-0.000133007
-0.000110727
-8.1296e-05
-7.20342e-05
-8.30529e-05
-7.89817e-05
-5.69274e-05
-4.27091e-05
-3.63781e-05
-5.18197e-05
-7.0172e-05
-7.31784e-05
-7.41086e-05
-7.07558e-05
-8.26171e-05
-0.000125991
-0.000131094
-0.000134287
-0.000137231
-0.000135917
-0.000138458
-0.00015826
-0.000162288
-0.000160605
-0.000152299
-0.000140315
-0.000130293
-0.000123737
-0.000123476
-0.000112765
-0.000110319
-0.000114775
-0.000124894
-0.000126934
-0.00011709
-0.000102781
-9.70571e-05
-0.000109323
-0.000133749
-0.000150217
-0.000137685
-9.68209e-05
-7.29323e-05
-8.48336e-05
-0.000105652
-9.72988e-05
-6.45672e-05
-2.23714e-05
-8.83498e-06
-2.20396e-05
-5.02085e-05
-8.55979e-05
-9.90055e-05
-0.000105471
-0.000114975
-0.000117737
-0.000121099
-0.00012725
-0.000134173
-0.000133422
-0.000128886
-0.000140822
-0.000142581
-0.000144293
-0.000143363
-0.000136466
-0.000129617
-0.000133404
-0.00013197
-0.000117312
-0.000107851
-0.000123848
-0.000133755
-0.000126897
-0.000109729
-9.98796e-05
-0.00010446
-0.00012421
-0.00015463
-0.000168212
-0.000156015
-0.000109739
-9.00631e-05
-0.000100471
-9.87429e-05
-7.42457e-05
-3.5262e-05
-2.61728e-06
-1.19373e-05
-2.97463e-05
-5.88078e-05
-8.64952e-05
-9.71816e-05
-0.000103545
-0.000112867
-0.000106807
-0.000113045
-0.000121802
-0.000133141
-0.000124387
-0.000128112
-0.000138927
-0.000146102
-0.000149168
-0.000153091
-0.000143807
-0.000137016
-0.000137628
-0.000127913
-0.000105581
-0.00011065
-0.000134355
-0.000138518
-0.000130998
-0.000121143
-0.000106634
-0.000114777
-0.000145339
-0.000171034
-0.000182006
-0.000153515
-0.000113855
-9.60937e-05
-9.45047e-05
-8.26006e-05
-6.98493e-05
-3.96937e-05
-2.51387e-05
-1.9793e-05
-3.44053e-05
-5.73047e-05
-8.46495e-05
-9.81159e-05
-9.9555e-05
-0.000100836
-8.09471e-05
-0.000113421
-0.00013346
-0.000138494
-0.000128224
-0.000126252
-0.00013565
-0.000149662
-0.000157729
-0.000162365
-0.000145172
-0.00013275
-0.000129706
-0.000121238
-0.000117882
-0.00012594
-0.000135401
-0.000137588
-0.000126231
-0.000109507
-0.000106964
-0.000116616
-0.000147244
-0.000156748
-0.000155039
-0.000142157
-0.000123125
-0.000110561
-9.95076e-05
-8.7827e-05
-8.29102e-05
-4.29771e-05
-1.98406e-05
-1.6318e-05
-3.52097e-05
-6.75159e-05
-0.000100401
-0.000102675
-7.40261e-05
-5.97931e-05
-7.43839e-05
-0.000113393
-0.000132464
-0.000131704
-0.000125819
-0.000121588
-0.000142199
-0.000161622
-0.00016953
-0.000175184
-0.000139529
-0.000115323
-0.000116001
-0.000130139
-0.000138819
-0.000131692
-0.000132739
-0.000131272
-0.000118078
-0.000108593
-0.000106283
-0.000114787
-0.000139169
-0.000136927
-0.000138845
-0.000141295
-0.000138269
-0.000126243
-0.000106665
-9.28434e-05
-8.15278e-05
-1.96755e-05
-2.7123e-06
-1.93688e-05
-5.19396e-05
-8.45331e-05
-0.000100455
-7.95731e-05
-3.9116e-05
-3.52747e-05
-7.98783e-05
-0.000113346
-0.000129293
-0.000135818
-0.000134019
-0.000141257
-0.000150948
-0.000175614
-0.000177157
-0.000191781
-0.000143319
-0.000111576
-0.000117616
-0.000141809
-0.000147104
-0.000135281
-0.000125715
-0.000124928
-0.000112309
-0.000107883
-0.000110851
-0.000119289
-0.00013027
-0.000126919
-0.000130198
-0.000141831
-0.000149495
-0.000138635
-0.000113654
-9.78931e-05
-7.71528e-05
6.24681e-06
-7.07796e-07
-2.54218e-05
-6.641e-05
-9.51476e-05
-9.76943e-05
-6.58556e-05
-3.13231e-05
-3.9399e-05
-8.80645e-05
-0.000116341
-0.000134305
-0.000145225
-0.00013772
-0.000145294
-0.000153248
-0.000174359
-0.000177339
-0.000179788
-0.000137829
-0.000106808
-0.000118494
-0.000144894
-0.000145675
-0.000137306
-0.000122235
-0.000116061
-0.000102697
-0.000105504
-0.000114467
-0.000122362
-0.00012703
-0.000126437
-0.000130548
-0.00014773
-0.000162424
-0.000149026
-0.000116061
-9.53024e-05
-7.78696e-05
-1.20427e-05
-1.36344e-05
-3.71724e-05
-7.91176e-05
-0.000100648
-9.39732e-05
-6.20098e-05
-3.9367e-05
-5.15467e-05
-8.85121e-05
-0.000118595
-0.000143349
-0.00015346
-0.000139527
-0.00014252
-0.000155034
-0.00017466
-0.000185414
-0.000170119
-0.000129728
-0.000100047
-0.000112758
-0.000140893
-0.00014331
-0.000136086
-0.000114623
-9.73986e-05
-9.31094e-05
-0.000108104
-0.000121874
-0.000128953
-0.000129493
-0.000123325
-0.000132385
-0.000156885
-0.000177294
-0.000159312
-0.000117905
-9.32891e-05
-7.74755e-05
-3.01383e-05
-2.09683e-05
-4.5762e-05
-8.67434e-05
-0.000102419
-9.16548e-05
-6.22558e-05
-3.97085e-05
-5.36805e-05
-9.67992e-05
-0.000130273
-0.000152242
-0.00014554
-0.000139827
-0.00013766
-0.000154434
-0.000176094
-0.00017718
-0.000156304
-0.000115915
-9.04581e-05
-0.000105145
-0.000132383
-0.000136596
-0.00013119
-9.26682e-05
-7.90161e-05
-8.7485e-05
-0.000116574
-0.000131798
-0.000138884
-0.000135509
-0.000128199
-0.000140129
-0.000171224
-0.000193088
-0.000165893
-0.000119381
-9.44509e-05
-7.05722e-05
-3.6767e-05
-2.71278e-05
-4.86894e-05
-8.67485e-05
-9.81111e-05
-8.73241e-05
-6.00469e-05
-4.12602e-05
-5.7053e-05
-0.000110329
-0.000141812
-0.000150057
-0.000145878
-0.000138882
-0.000131565
-0.000147761
-0.000173991
-0.000165048
-0.000139825
-0.000101808
-7.9391e-05
-9.78122e-05
-0.000128367
-0.0001379
-0.000126228
-7.38106e-05
-5.11256e-05
-8.27534e-05
-0.000128575
-0.000147026
-0.000153894
-0.000148976
-0.000131357
-0.000145314
-0.000182105
-0.000207231
-0.000170856
-0.000120364
-0.000101003
-6.67506e-05
-4.26512e-05
-2.54234e-05
-3.77669e-05
-8.13946e-05
-9.29934e-05
-8.5519e-05
-5.86997e-05
-4.04982e-05
-6.19055e-05
-0.000122315
-0.000147219
-0.00014234
-0.00014526
-0.000137161
-0.000124747
-0.000136563
-0.0001621
-0.000155563
-0.000129031
-9.29546e-05
-7.22113e-05
-9.35524e-05
-0.000128196
-0.000138096
-9.88979e-05
-2.99063e-05
-2.06137e-05
-8.45504e-05
-0.000133005
-0.000163601
-0.000177357
-0.000171039
-0.000138854
-0.000148921
-0.000188723
-0.000214443
-0.000178112
-0.000132027
-0.000116004
-7.31095e-05
-3.78767e-05
-1.44134e-05
-3.37259e-05
-7.37314e-05
-8.65218e-05
-8.19953e-05
-5.72945e-05
-4.08262e-05
-7.13682e-05
-0.000127743
-0.000143914
-0.000135528
-0.000138963
-0.000130772
-0.000115633
-0.000131094
-0.000157491
-0.000149827
-0.000120842
-8.3389e-05
-6.32912e-05
-8.66062e-05
-0.00012533
-0.000126996
-5.78187e-05
2.14323e-05
1.59844e-06
-9.06301e-05
-0.000132629
-0.000183496
-0.000209177
-0.000185686
-0.000138878
-0.000143005
-0.00018694
-0.00022425
-0.000196285
-0.000149875
-0.000125432
-7.09994e-05
-2.32909e-05
-1.4863e-06
-3.10569e-05
-6.74313e-05
-8.09e-05
-7.95924e-05
-5.78118e-05
-4.47008e-05
-8.10823e-05
-0.000127735
-0.000136673
-0.000120688
-0.000124091
-0.000120495
-0.000107915
-0.000128807
-0.000155508
-0.000144712
-0.00011105
-7.00906e-05
-5.1111e-05
-8.54916e-05
-0.000133617
-0.000117757
-1.62527e-05
5.80551e-05
1.25651e-05
-8.3212e-05
-0.000148985
-0.000205559
-0.000228835
-0.000183299
-0.000128834
-0.000127945
-0.000185773
-0.000243261
-0.000224679
-0.000169038
-0.000131883
-6.70686e-05
-6.40494e-06
1.30749e-05
-3.01593e-05
-6.40248e-05
-7.80149e-05
-8.09821e-05
-6.18967e-05
-5.03541e-05
-8.81267e-05
-0.000122313
-0.00011572
-9.97747e-05
-0.000109231
-0.000113374
-0.000102114
-0.00012593
-0.000154566
-0.000138907
-9.83514e-05
-5.55038e-05
-3.84366e-05
-9.26138e-05
-0.000148348
-0.000111126
1.00895e-05
7.25219e-05
1.30456e-05
-8.5733e-05
-0.000157684
-0.000211437
-0.000224975
-0.000176136
-0.000118507
-0.000117267
-0.00018874
-0.000256335
-0.000239418
-0.000180534
-0.000140042
-6.3427e-05
5.95749e-06
1.83406e-05
-3.17536e-05
-6.40779e-05
-7.79502e-05
-8.39171e-05
-6.59305e-05
-5.58851e-05
-9.27481e-05
-0.000110032
-9.29198e-05
-8.16383e-05
-0.000102652
-0.000111516
-9.66784e-05
-0.000123374
-0.000154106
-0.000131919
-8.51877e-05
-4.04927e-05
-3.05492e-05
-0.00010562
-0.000160594
-0.000112172
1.87046e-05
6.9034e-05
-2.03515e-06
-8.91107e-05
-0.000152625
-0.000201491
-0.000215435
-0.000173779
-0.000115899
-0.000116167
-0.000195124
-0.000256911
-0.000240672
-0.000187284
-0.000143716
-5.95581e-05
1.46004e-05
2.10862e-05
-3.19833e-05
-6.46148e-05
-8.02456e-05
-8.71865e-05
-6.81027e-05
-5.84748e-05
-8.9805e-05
-9.5522e-05
-7.70687e-05
-7.46138e-05
-0.000104254
-0.000109959
-8.85734e-05
-0.00011755
-0.000152152
-0.000127638
-7.70104e-05
-1.99139e-05
-2.19933e-05
-0.00011083
-0.000169334
-0.000118858
1.2177e-05
5.78851e-05
-4.66395e-06
-8.15137e-05
-0.000142804
-0.00019445
-0.000209015
-0.00016894
-0.000118365
-0.000127259
-0.000202986
-0.000250868
-0.000240846
-0.000189444
-0.00014053
-5.36176e-05
1.90196e-05
2.20467e-05
-3.11899e-05
-6.42931e-05
-8.32923e-05
-9.0509e-05
-6.86395e-05
-5.40503e-05
-7.86011e-05
-8.20887e-05
-6.86455e-05
-6.9977e-05
-0.00010246
-0.000104484
-7.9137e-05
-0.000111855
-0.000151639
-0.000127623
-6.87341e-05
-3.45446e-06
-1.70226e-05
-0.000111342
-0.000174452
-0.000124002
7.16254e-06
5.40824e-05
-1.86251e-07
-7.49934e-05
-0.000140889
-0.000192309
-0.000200605
-0.000162129
-0.000119888
-0.000134638
-0.000206156
-0.000246171
-0.000236272
-0.000182989
-0.00013464
-5.00446e-05
1.99182e-05
2.24002e-05
-2.98777e-05
-6.44456e-05
-8.73619e-05
-9.31373e-05
-6.50819e-05
-4.24385e-05
-6.16874e-05
-7.2852e-05
-6.29491e-05
-6.40092e-05
-9.90666e-05
-0.000100198
-7.32027e-05
-0.000108603
-0.000152409
-0.000129027
-6.42375e-05
5.24635e-06
-1.24712e-05
-0.000112484
-0.000178444
-0.00012221
7.55975e-06
5.46464e-05
3.14681e-07
-7.70152e-05
-0.000142459
-0.000185536
-0.000189039
-0.000155118
-0.000119365
-0.000138415
-0.000206569
-0.000240635
-0.000232822
-0.000176095
-0.000130325
-4.91659e-05
1.8831e-05
1.95194e-05
-2.7995e-05
-6.42223e-05
-9.05838e-05
-9.38446e-05
-5.81257e-05
-2.55399e-05
-4.51275e-05
-6.95727e-05
-6.02106e-05
-6.08362e-05
-9.67612e-05
-9.73313e-05
-7.25273e-05
-0.000109412
-0.000153064
-0.000127702
-5.89668e-05
5.94618e-06
-1.70132e-05
-0.000113922
-0.000178988
-0.00011713
8.44523e-06
5.02104e-05
-4.20288e-06
-7.77888e-05
-0.000138159
-0.000178374
-0.000181447
-0.000150716
-0.000118385
-0.000139259
-0.000204819
-0.000235031
-0.000227595
-0.000171261
-0.000127358
-4.90358e-05
1.75051e-05
1.84755e-05
-2.53619e-05
-6.28552e-05
-9.16952e-05
-9.2549e-05
-4.64841e-05
-8.80825e-06
-3.49553e-05
-6.97684e-05
-5.86077e-05
-5.95283e-05
-9.57426e-05
-9.7051e-05
-7.33762e-05
-0.000109759
-0.000151143
-0.000125677
-5.78039e-05
4.07366e-06
-2.0184e-05
-0.000114235
-0.000177853
-0.000114001
7.27096e-06
4.62591e-05
-6.50466e-06
-7.71212e-05
-0.000135699
-0.00017508
-0.000178055
-0.000148589
-0.000117945
-0.000140002
-0.000204237
-0.000232566
-0.000224004
-0.000168116
-0.000124603
-4.83211e-05
1.71302e-05
1.88848e-05
-2.30174e-05
-6.16913e-05
-9.10854e-05
-8.77398e-05
-3.70025e-05
-3.23734e-06
-3.59069e-05
-6.87304e-05
-5.76406e-05
-5.95023e-05
-9.5442e-05
-9.65157e-05
-7.38495e-05
-0.00011017
-0.000150445
-0.000124667
-5.68238e-05
3.58764e-06
-2.13724e-05
-0.000114483
-0.000177196
-0.000112649
6.66723e-06
4.40966e-05
-8.02113e-06
-7.77122e-05
-0.000135913
-0.000174908
-0.000177411
-0.000147898
-0.00011828
-0.000141095
-0.000204924
-0.000232314
-0.000221854
-0.000166711
-0.000122155
-4.71263e-05
1.73371e-05
1.91369e-05
-2.1962e-05
-6.0213e-05
-8.83028e-05
-8.44025e-05
-3.63467e-05
-4.18974e-06
-3.63102e-05
-0.000113073
-0.000122336
-0.000121906
-0.000125557
-0.000136895
-0.000152701
-0.000170869
-0.000183534
-0.000171851
-0.000139952
-0.00012372
-0.000113801
-0.000110897
-0.00011147
-0.000106847
-0.000101623
-9.12925e-05
-8.38766e-05
-8.24825e-05
-8.77577e-05
-9.40425e-05
-9.77445e-05
-9.93395e-05
-0.000100011
-0.000100826
-9.9554e-05
-9.47387e-05
-8.87284e-05
-8.70327e-05
-8.90091e-05
-8.17918e-05
-6.82337e-05
-5.80696e-05
-6.00767e-05
-5.56103e-05
-6.44058e-05
-7.78647e-05
-8.61721e-05
-8.87892e-05
-9.76893e-05
-0.000113769
-0.000125704
-0.000125528
-0.000132224
-0.000145053
-0.000157646
-0.000168821
-0.000173271
-0.000162584
-0.000142284
-0.000126845
-0.000118456
-0.000115402
-0.000116355
-0.000113004
-0.000104409
-9.26316e-05
-8.5771e-05
-8.78625e-05
-9.59175e-05
-0.00010117
-0.000104186
-0.000109278
-0.00011499
-0.000116135
-0.000109969
-0.000100398
-8.73696e-05
-7.97231e-05
-7.83848e-05
-7.15902e-05
-5.97869e-05
-6.06445e-05
-5.40156e-05
-6.11518e-05
-7.24335e-05
-8.03426e-05
-8.20136e-05
-8.26233e-05
-9.44149e-05
-0.000104161
-0.000111818
-0.000118463
-0.000129801
-0.000144076
-0.000155126
-0.000162804
-0.000163982
-0.000158312
-0.000145345
-0.00013173
-0.000121035
-0.000108606
-0.000100725
-9.14257e-05
-8.9104e-05
-8.86713e-05
-9.19889e-05
-9.9178e-05
-0.000106102
-0.000107938
-0.000114002
-0.000128971
-0.000140249
-0.00013589
-0.000123
-0.000107044
-9.06082e-05
-8.21131e-05
-8.49903e-05
-8.09083e-05
-6.69638e-05
-5.20058e-05
-4.69135e-05
-4.86703e-05
-5.69206e-05
-7.0732e-05
-8.41941e-05
-9.05e-05
-9.599e-05
-0.000100585
-0.000115024
-0.000124065
-0.00013421
-0.000149201
-0.000151583
-0.000156793
-0.000158529
-0.000156845
-0.000147407
-0.000131783
-0.000119118
-0.000118161
-0.000103143
-6.54199e-05
-8.51001e-05
-8.88785e-05
-9.51942e-05
-0.000100557
-0.000109113
-0.000111921
-0.000117355
-0.0001288
-0.000136992
-0.000136742
-0.000129341
-0.00011276
-9.5224e-05
-8.69641e-05
-8.31945e-05
-7.03097e-05
-5.38146e-05
-4.24798e-05
-4.07338e-05
-4.74644e-05
-6.5243e-05
-8.35232e-05
-8.76662e-05
-8.18254e-05
-8.58187e-05
-0.000117593
-0.000123534
-0.000125559
-0.000132633
-0.000140435
-0.000150561
-0.000170136
-0.00016416
-0.000157323
-0.000144192
-0.000131635
-0.0001232
-0.000111672
-9.23921e-05
-7.73228e-05
-8.21235e-05
-9.34026e-05
-0.000107527
-0.000113626
-0.000108846
-9.66141e-05
-9.32738e-05
-0.000109899
-0.000134876
-0.000152564
-0.00015107
-0.000125859
-0.000103362
-9.07725e-05
-7.76232e-05
-6.35392e-05
-5.02662e-05
-3.68241e-05
-2.49978e-05
-2.94212e-05
-4.86567e-05
-7.36534e-05
-8.87311e-05
-9.73897e-05
-0.000106821
-0.00011562
-0.000118171
-0.000125555
-0.000133868
-0.000137592
-0.000148932
-0.000150668
-0.000152912
-0.000150557
-0.000145987
-0.000136582
-0.000122198
-0.000112169
-0.000110034
-9.77036e-05
-9.11556e-05
-0.000102141
-0.000113436
-0.000110704
-0.000101302
-0.000101446
-0.000103393
-0.000129068
-0.000165387
-0.000182369
-0.000171543
-0.000138103
-0.000116421
-0.000102284
-7.4627e-05
-6.2692e-05
-4.69796e-05
-3.49964e-05
-2.07938e-05
-3.15924e-05
-5.86628e-05
-8.24774e-05
-9.35447e-05
-9.75512e-05
-0.000103934
-9.69516e-05
-0.000110161
-0.000124123
-0.000136036
-0.000136376
-0.000146805
-0.000147959
-0.000153267
-0.000156472
-0.000158442
-0.000149619
-0.00013638
-0.000126942
-0.000109715
-6.76288e-05
-7.72854e-05
-0.000101456
-0.000121059
-0.000125703
-0.000122133
-0.000112403
-0.000109914
-0.000137348
-0.000169701
-0.00017992
-0.000162044
-0.000143243
-0.00012251
-9.6425e-05
-6.90181e-05
-6.38614e-05
-7.2908e-05
-4.96482e-05
-3.42346e-05
-3.90835e-05
-5.9411e-05
-8.20218e-05
-9.16213e-05
-8.91841e-05
-8.80143e-05
-7.86912e-05
-0.000100714
-0.000117189
-0.000134562
-0.000146091
-0.000162447
-0.000163331
-0.000157577
-0.000157692
-0.000165785
-0.000164307
-0.000146322
-0.000127741
-0.000104688
-9.49334e-05
-9.16946e-05
-0.000130481
-0.000140394
-0.000129353
-0.000110929
-9.80226e-05
-9.81181e-05
-0.000116966
-0.000144604
-0.000160232
-0.000162204
-0.000149985
-0.000128222
-9.62332e-05
-7.65757e-05
-7.99309e-05
-9.10977e-05
-5.76089e-05
-3.34501e-05
-3.88871e-05
-6.49639e-05
-9.09715e-05
-9.24091e-05
-7.04421e-05
-6.37942e-05
-6.43365e-05
-9.61844e-05
-0.000130857
-0.000153272
-0.000168583
-0.000185941
-0.000168877
-0.000148821
-0.000152286
-0.000167893
-0.000167289
-0.000142134
-0.000118672
-0.000111206
-0.000103486
-0.000116833
-0.000145713
-0.000140986
-0.000109988
-8.60908e-05
-7.95599e-05
-8.66522e-05
-0.000110261
-0.000126351
-0.000145057
-0.000158369
-0.000161367
-0.00015045
-0.000110911
-7.38903e-05
-7.96856e-05
-9.80093e-05
-5.34146e-05
-3.13271e-05
-5.28905e-05
-8.23981e-05
-8.93826e-05
-7.44728e-05
-4.47515e-05
-4.19783e-05
-6.21727e-05
-9.11635e-05
-0.000131296
-0.00016547
-0.000181971
-0.000199515
-0.000179395
-0.000145554
-0.000153302
-0.00016081
-0.000153334
-0.000107571
-0.000100814
-0.000111015
-0.000109493
-0.000123943
-0.000152245
-0.000136288
-9.86949e-05
-7.97254e-05
-8.32439e-05
-9.48587e-05
-0.000116679
-0.00011826
-0.000137048
-0.000152681
-0.00017334
-0.000161849
-0.000118444
-6.79743e-05
-8.17274e-05
-0.000118471
-5.90855e-05
-4.06148e-05
-6.36132e-05
-8.5696e-05
-8.724e-05
-6.22894e-05
-3.62526e-05
-3.59433e-05
-7.38767e-05
-9.51686e-05
-0.000132657
-0.000175863
-0.00019838
-0.000209549
-0.00018908
-0.000148017
-0.000151041
-0.000160771
-0.00013508
-9.12725e-05
-9.22436e-05
-0.000105543
-0.000103806
-0.000131062
-0.000161074
-0.000135294
-9.62617e-05
-7.96457e-05
-8.47697e-05
-9.70712e-05
-0.000109466
-0.000117893
-0.000131738
-0.000147323
-0.000175439
-0.000176215
-0.000124082
-7.47784e-05
-9.40345e-05
-0.000110414
-6.44122e-05
-5.7098e-05
-8.58392e-05
-9.5944e-05
-8.45751e-05
-5.80293e-05
-4.02154e-05
-4.98967e-05
-8.16755e-05
-0.000102986
-0.000143192
-0.000197095
-0.000216583
-0.000212573
-0.000185183
-0.000147305
-0.000141025
-0.000154775
-0.000125217
-9.5759e-05
-9.72955e-05
-0.000110106
-0.000104094
-0.000131396
-0.00014702
-0.000123822
-8.83061e-05
-7.88714e-05
-8.83591e-05
-9.87247e-05
-0.000106313
-0.000116528
-0.000133388
-0.000152696
-0.000173222
-0.000165213
-0.000110173
-7.95857e-05
-0.0001165
-0.000109141
-6.53025e-05
-7.28174e-05
-0.000109531
-0.000106578
-8.97691e-05
-6.2415e-05
-4.35435e-05
-5.70653e-05
-9.16841e-05
-0.000113158
-0.000157553
-0.000219531
-0.000214604
-0.000187399
-0.000152507
-0.00013566
-0.000143564
-0.000149038
-0.000125084
-0.000102086
-0.000109474
-0.000120463
-0.000120418
-0.00013344
-0.000128536
-9.63699e-05
-7.19547e-05
-7.42419e-05
-9.25481e-05
-0.000100323
-0.000103288
-0.000115445
-0.000143934
-0.000166763
-0.000171809
-0.000140003
-8.54283e-05
-0.000102956
-0.000136431
-0.000111013
-6.70416e-05
-8.59037e-05
-0.000130341
-0.000108123
-9.01607e-05
-6.40347e-05
-4.90888e-05
-6.66537e-05
-9.9818e-05
-0.000120747
-0.00016505
-0.000219393
-0.00019503
-0.000143903
-0.000122456
-0.000128016
-0.000142025
-0.000145906
-0.000130263
-0.000110069
-0.000121228
-0.000133246
-0.000134199
-0.000129412
-9.60205e-05
-5.95034e-05
-5.43929e-05
-6.89275e-05
-9.96177e-05
-0.00011271
-9.6583e-05
-0.000106877
-0.000153047
-0.00018164
-0.000170967
-0.000110682
-5.70333e-05
-8.78789e-05
-0.000143929
-0.000102097
-6.49873e-05
-9.98261e-05
-0.000119839
-0.000104218
-8.75501e-05
-6.49477e-05
-5.46002e-05
-7.42419e-05
-0.000104809
-0.000120711
-0.00016646
-0.000202562
-0.000168165
-0.000116837
-0.000112534
-0.000133817
-0.000150021
-0.000148727
-0.000128158
-0.000115449
-0.000127834
-0.000140959
-0.000132668
-0.000103064
-4.56137e-05
-1.90148e-05
-3.76407e-05
-7.55996e-05
-0.000112314
-0.000121943
-8.21685e-05
-9.82671e-05
-0.00016352
-0.000195132
-0.000160366
-6.93857e-05
-2.05592e-05
-7.02218e-05
-0.00013677
-9.78506e-05
-6.80093e-05
-0.000100215
-0.000111793
-9.95906e-05
-8.58874e-05
-6.7744e-05
-6.2702e-05
-8.33956e-05
-0.000106058
-0.000113346
-0.000151831
-0.000178847
-0.000145316
-0.000104707
-0.000114094
-0.000146538
-0.000160253
-0.000146761
-0.00011784
-0.000115036
-0.000139675
-0.000148613
-0.000122675
-6.20243e-05
5.16835e-06
1.00678e-05
-3.13832e-05
-8.49989e-05
-0.000129731
-0.000126306
-7.19801e-05
-8.37139e-05
-0.000149534
-0.000190358
-0.000135375
-2.42315e-05
1.51593e-05
-6.00404e-05
-0.000134195
-9.58391e-05
-7.50703e-05
-0.000105657
-0.000108703
-9.62185e-05
-8.65047e-05
-7.43898e-05
-7.41639e-05
-9.24451e-05
-0.000103315
-9.4265e-05
-0.000130456
-0.00015743
-0.000132053
-9.94504e-05
-0.000115952
-0.000157063
-0.00016773
-0.00013956
-0.00010377
-0.000111592
-0.000151453
-0.000161147
-0.000115854
-2.77746e-05
3.57683e-05
1.70003e-05
-3.69965e-05
-0.000100498
-0.000143446
-0.000116563
-5.47366e-05
-6.40831e-05
-0.000129786
-0.0001735
-0.000107976
1.51924e-05
3.3465e-05
-6.93628e-05
-0.000140906
-9.24083e-05
-8.18281e-05
-0.000106343
-0.000103914
-9.13155e-05
-8.80163e-05
-8.5601e-05
-9.03706e-05
-0.000102542
-8.92932e-05
-7.90948e-05
-0.000111973
-0.000146946
-0.000127939
-9.79171e-05
-0.000117864
-0.000166871
-0.00017307
-0.000131779
-9.47595e-05
-0.000117697
-0.000164649
-0.000171525
-0.000108825
-7.7046e-06
4.51365e-05
7.18623e-06
-5.30452e-05
-0.000113982
-0.000137959
-9.22608e-05
-3.4952e-05
-4.93311e-05
-0.000114411
-0.000161041
-9.21504e-05
3.97423e-05
3.31746e-05
-8.91847e-05
-0.000143261
-8.0402e-05
-7.81416e-05
-0.00010495
-0.000101788
-8.99093e-05
-9.46938e-05
-0.000100279
-0.00010666
-0.000107665
-7.26824e-05
-6.5596e-05
-0.000102732
-0.000144232
-0.00012938
-9.79399e-05
-0.000119391
-0.0001748
-0.000178063
-0.000126523
-9.12721e-05
-0.000124063
-0.000171253
-0.000174299
-9.95723e-05
3.12107e-06
4.04212e-05
-7.62256e-06
-6.58979e-05
-0.000111195
-0.000116394
-6.2848e-05
-7.18727e-06
-3.11775e-05
-0.000115741
-0.000158162
-7.37148e-05
4.6158e-05
1.37982e-05
-0.000104666
-0.000134892
-6.89159e-05
-7.25398e-05
-0.000100077
-0.000102533
-9.45452e-05
-0.000102926
-0.000113211
-0.000116565
-0.000101003
-6.0602e-05
-5.78235e-05
-9.90163e-05
-0.000146439
-0.00013185
-9.57056e-05
-0.000118543
-0.000178121
-0.000178194
-0.00012086
-9.1222e-05
-0.000127653
-0.000172896
-0.000172248
-9.34183e-05
2.39647e-06
2.96946e-05
-1.5814e-05
-6.1427e-05
-9.31441e-05
-8.6683e-05
-2.89336e-05
2.21775e-05
-1.56364e-05
-0.000108163
-0.00015731
-7.31336e-05
3.01479e-05
-6.01274e-06
-0.000107356
-0.000119477
-5.91155e-05
-6.37957e-05
-9.48938e-05
-0.000106413
-0.000103174
-0.000110269
-0.000121245
-0.00011137
-8.84732e-05
-5.3873e-05
-5.68084e-05
-0.000100672
-0.000148982
-0.000130785
-9.05151e-05
-0.00011499
-0.000173805
-0.00017544
-0.000119238
-9.46289e-05
-0.000126975
-0.000172443
-0.000171444
-9.23137e-05
-8.11387e-07
2.63954e-05
-7.21166e-06
-4.3233e-05
-7.13075e-05
-6.388e-05
1.01915e-06
4.58109e-05
-1.10159e-05
-0.000110593
-0.000151359
-7.41775e-05
1.23805e-05
-2.24428e-05
-0.000103786
-0.000106666
-5.01246e-05
-5.7424e-05
-9.14288e-05
-0.000108345
-0.000107321
-0.000112832
-0.000119047
-0.0001004
-7.5931e-05
-5.33446e-05
-5.82728e-05
-0.000102468
-0.000147879
-0.000124
-8.48967e-05
-0.000114481
-0.00017613
-0.000175009
-0.000119324
-9.60249e-05
-0.000126903
-0.0001725
-0.000170102
-8.83567e-05
3.96893e-06
3.35583e-05
6.71129e-06
-2.84134e-05
-5.74906e-05
-4.77788e-05
8.91202e-06
3.6938e-05
-1.48492e-05
-0.000108054
-0.00014427
-7.8957e-05
2.3756e-06
-3.02649e-05
-9.85103e-05
-9.64051e-05
-4.5544e-05
-5.23476e-05
-8.75599e-05
-0.000107022
-0.000107485
-0.000110771
-0.00010187
-8.56747e-05
-6.84365e-05
-5.33219e-05
-6.11099e-05
-0.00010256
-0.000144035
-0.000120842
-8.48106e-05
-0.000117909
-0.000175594
-0.00017207
-0.000118981
-9.76249e-05
-0.000127386
-0.000171043
-0.000165187
-8.23957e-05
9.80506e-06
3.95884e-05
1.47678e-05
-1.38803e-05
-4.9925e-05
-5.28443e-05
6.30934e-06
3.29755e-05
-1.7815e-05
-0.000106085
-0.000140628
-8.26616e-05
-4.51146e-06
-3.39942e-05
-9.57648e-05
-9.07431e-05
-4.4348e-05
-4.93922e-05
-8.31805e-05
-0.0001048
-0.000104704
-0.000104707
-9.25332e-05
-7.83012e-05
-6.52628e-05
-5.41053e-05
-6.34064e-05
-0.000102744
-0.00014276
-0.00011928
-8.53924e-05
-0.000118793
-0.000174388
-0.000170335
-0.000119313
-9.84978e-05
-0.000127431
-0.000168345
-0.000160946
-7.88989e-05
1.24864e-05
4.43723e-05
1.89417e-05
-1.51037e-05
-4.92586e-05
-5.08056e-05
5.71875e-06
3.02748e-05
-1.98905e-05
-0.000105039
-0.000138475
-8.44321e-05
-9.52364e-06
-3.65826e-05
-9.49344e-05
-8.85279e-05
-4.44936e-05
-4.8468e-05
-8.12195e-05
-0.000102802
-0.000102657
-0.000102335
-8.95487e-05
-7.50735e-05
-6.41738e-05
-5.45837e-05
-6.46661e-05
-0.0001034
-0.000142312
-0.000118565
-8.54681e-05
-0.000119342
-0.000174317
-0.00016968
-0.000119283
-9.86285e-05
-0.000126617
-0.000165977
-0.000158228
-7.69173e-05
1.33559e-05
4.34129e-05
1.90951e-05
-1.30438e-05
-4.80894e-05
-4.91459e-05
5.8649e-06
2.91633e-05
-2.07878e-05
-0.000104502
-0.000137371
-8.48475e-05
-1.31387e-05
-3.79985e-05
-9.51172e-05
-8.82485e-05
-4.55672e-05
-4.90483e-05
-8.09379e-05
-0.000102092
-0.000102007
-0.000101798
-8.89459e-05
-7.40893e-05
-6.38275e-05
-9.57996e-05
-0.000102633
-0.000106541
-0.000117394
-0.000136732
-0.000157888
-0.000174491
-0.000181723
-0.000168671
-0.000148089
-0.0001228
-0.000110659
-0.000104356
-0.000102765
-9.85445e-05
-9.3037e-05
-8.92607e-05
-8.77564e-05
-9.19491e-05
-0.000100307
-0.000104392
-0.000103552
-0.000100212
-9.90731e-05
-0.000101631
-0.000104154
-0.000101213
-9.33892e-05
-8.84667e-05
-9.0179e-05
-8.08117e-05
-6.60091e-05
-5.54367e-05
-5.31988e-05
-4.93328e-05
-5.80471e-05
-7.2979e-05
-8.38608e-05
-8.53126e-05
-8.75826e-05
-9.83233e-05
-0.000113561
-0.00011727
-0.000128002
-0.00014377
-0.000157454
-0.000167798
-0.000171768
-0.000160556
-0.000139758
-0.000122016
-0.000114399
-0.000111648
-0.000108121
-9.9056e-05
-9.0843e-05
-8.58097e-05
-8.7365e-05
-9.5633e-05
-0.000103672
-0.000103478
-0.000100608
-0.00010423
-0.000114142
-0.000121429
-0.00012032
-0.000110731
-9.57673e-05
-8.26334e-05
-7.40138e-05
-6.75525e-05
-5.45992e-05
-4.91557e-05
-5.33782e-05
-5.65507e-05
-6.57254e-05
-7.53935e-05
-7.77966e-05
-7.55204e-05
-8.18431e-05
-9.93346e-05
-0.000106934
-0.000113843
-0.000127557
-0.000141806
-0.000151253
-0.000156648
-0.000157549
-0.000150876
-0.000136237
-0.000123188
-0.000117174
-0.00011141
-0.000101705
-9.1465e-05
-8.92074e-05
-9.46396e-05
-0.000101333
-0.000108066
-0.000113254
-0.000115854
-0.000117074
-0.000127199
-0.000139461
-0.000144117
-0.000136959
-0.000120891
-9.67429e-05
-7.97288e-05
-7.76469e-05
-7.60259e-05
-6.92926e-05
-6.09191e-05
-5.62561e-05
-5.31968e-05
-5.66763e-05
-6.66256e-05
-7.74525e-05
-8.45089e-05
-9.16133e-05
-0.000101273
-0.000113378
-0.000122048
-0.000134255
-0.000142253
-0.000145294
-0.00014909
-0.000147765
-0.000141762
-0.00012873
-0.000115668
-0.000110676
-0.000110272
-0.000103359
-0.000102087
-9.97544e-05
-0.00010473
-0.000106272
-0.000111916
-0.000120745
-0.000127146
-0.000122656
-0.00012965
-0.000140108
-0.000148389
-0.000137126
-0.000118423
-9.79994e-05
-8.68116e-05
-8.0805e-05
-6.85961e-05
-5.58891e-05
-4.40643e-05
-4.14903e-05
-4.57989e-05
-5.69549e-05
-7.14726e-05
-7.81769e-05
-7.92165e-05
-8.72272e-05
-0.000103354
-0.000117066
-0.000122547
-0.000130784
-0.000135127
-0.000135984
-0.000140074
-0.000140174
-0.000133414
-0.000124414
-0.000119717
-0.000118974
-0.000109737
-9.58331e-05
-8.12026e-05
-9.63867e-05
-0.000105642
-0.000109
-0.000112233
-0.000115781
-0.000100958
-0.000100564
-0.000110518
-0.000138595
-0.000162838
-0.000160748
-0.000134307
-0.000102751
-8.09242e-05
-6.61718e-05
-5.88632e-05
-5.70305e-05
-4.75203e-05
-3.6016e-05
-3.42715e-05
-4.44733e-05
-5.89876e-05
-6.86905e-05
-7.77352e-05
-9.04392e-05
-9.04101e-05
-0.000105983
-0.000119556
-0.000128817
-0.000126533
-0.00012635
-0.000126406
-0.000134851
-0.000131924
-0.00013156
-0.000133262
-0.000126191
-0.000114965
-0.00010649
-0.000119351
-0.000113618
-0.000110757
-0.00010787
-0.000103502
-0.000101373
-0.000102762
-9.87974e-05
-0.000117247
-0.000157359
-0.000183852
-0.000175154
-0.000135864
-0.000104867
-8.2918e-05
-6.74499e-05
-5.61291e-05
-5.85975e-05
-4.16989e-05
-3.20433e-05
-3.18359e-05
-4.6586e-05
-6.12836e-05
-6.8029e-05
-7.32676e-05
-8.38211e-05
-8.36341e-05
-0.000105385
-0.000117531
-0.000120745
-0.000106208
-0.000110878
-0.000135159
-0.000141739
-0.000137796
-0.000141501
-0.000144885
-0.000135583
-0.000121864
-0.000110842
-0.000111243
-0.00010498
-0.000111649
-0.000115179
-0.000107515
-0.000103954
-9.76514e-05
-9.4132e-05
-0.000118129
-0.000155644
-0.000176658
-0.000166529
-0.000142058
-0.00011176
-6.88816e-05
-5.36993e-05
-6.54978e-05
-9.05632e-05
-7.43992e-05
-5.14525e-05
-4.23419e-05
-4.8104e-05
-5.51501e-05
-5.81592e-05
-6.55726e-05
-7.37239e-05
-9.85686e-05
-0.000110374
-0.000112052
-9.78717e-05
-0.000102174
-0.000126802
-0.000144961
-0.000146795
-0.000152937
-0.000164733
-0.000164438
-0.000142447
-0.000115434
-9.89407e-05
-9.95597e-05
-0.000106894
-0.000125819
-0.00012877
-0.000112662
-9.38088e-05
-8.43571e-05
-8.86651e-05
-0.00010333
-0.000132643
-0.000154766
-0.000160099
-0.000146653
-0.000132249
-8.94928e-05
-7.57666e-05
-8.15159e-05
-0.00011255
-9.21653e-05
-5.81404e-05
-4.82202e-05
-5.98695e-05
-6.50037e-05
-6.28473e-05
-6.33832e-05
-7.42118e-05
-6.24194e-05
-7.68245e-05
-8.55797e-05
-9.75513e-05
-0.000119197
-0.000149719
-0.000163971
-0.000162831
-0.000171951
-0.000188826
-0.000185698
-0.000147251
-0.000108251
-9.56122e-05
-0.000103354
-0.000120611
-0.000140235
-0.000135305
-0.000104895
-7.54399e-05
-7.22125e-05
-8.44141e-05
-9.03388e-05
-0.000111675
-0.000122585
-0.000144474
-0.000152741
-0.000177332
-0.000155988
-0.00010529
-9.0477e-05
-0.000131242
-9.58314e-05
-6.22307e-05
-6.65841e-05
-6.99281e-05
-6.5379e-05
-6.95146e-05
-7.51507e-05
-7.40696e-05
-6.10945e-05
-7.73613e-05
-0.000101713
-0.000128159
-0.000150475
-0.000163383
-0.00016986
-0.000165848
-0.000180018
-0.000195755
-0.000179505
-0.000128726
-0.000102335
-0.00011133
-0.000123099
-0.000137228
-0.000158481
-0.000142392
-8.92307e-05
-5.32654e-05
-6.32904e-05
-8.72738e-05
-8.32349e-05
-0.000108192
-0.000141911
-0.00013763
-0.000157258
-0.000208482
-0.000172938
-0.000104695
-9.91128e-05
-0.00013466
-0.000106303
-7.40478e-05
-7.68174e-05
-6.98915e-05
-6.47221e-05
-6.90865e-05
-6.09127e-05
-4.85901e-05
-7.07618e-05
-9.14449e-05
-0.000130803
-0.000170968
-0.000184477
-0.000187349
-0.000175655
-0.000169375
-0.000184241
-0.000189283
-0.000156327
-0.000109663
-0.000104466
-0.000116103
-0.000139704
-0.000157019
-0.000182491
-0.000145079
-7.36628e-05
-4.14909e-05
-6.5351e-05
-9.07806e-05
-9.35644e-05
-0.000110175
-0.000124644
-0.000129976
-0.000149855
-0.000180222
-0.000136811
-8.26485e-05
-0.000113827
-0.000139583
-0.000108462
-7.9099e-05
-7.80343e-05
-6.77596e-05
-5.97762e-05
-5.65987e-05
-5.35795e-05
-6.02982e-05
-7.85106e-05
-0.000110669
-0.000163423
-0.000198954
-0.000195229
-0.000188869
-0.000176026
-0.000170085
-0.000182913
-0.000180679
-0.000141339
-0.000103016
-0.000108258
-0.000120267
-0.000149247
-0.000171072
-0.000186562
-0.00012989
-5.76151e-05
-4.23341e-05
-6.88067e-05
-9.00462e-05
-9.52348e-05
-0.000111777
-0.000108498
-0.000128566
-0.000147547
-0.000147826
-9.25504e-05
-6.59986e-05
-0.000136506
-0.000154171
-0.000113677
-8.48149e-05
-7.94874e-05
-7.0445e-05
-5.95068e-05
-5.09886e-05
-4.56192e-05
-6.39746e-05
-8.95203e-05
-0.000132484
-0.000193046
-0.000214121
-0.000187952
-0.000171006
-0.000163373
-0.000165785
-0.000179066
-0.000171696
-0.000133248
-0.000102701
-0.000108672
-0.000122543
-0.000144401
-0.000165235
-0.000152912
-8.60967e-05
-3.71142e-05
-4.7101e-05
-7.34163e-05
-7.98943e-05
-8.48239e-05
-0.0001109
-0.000132568
-0.000149682
-0.000153906
-0.000130877
-6.84595e-05
-6.72629e-05
-0.000143817
-0.00016817
-0.00013163
-0.000102617
-7.45709e-05
-7.0398e-05
-6.21939e-05
-5.04888e-05
-4.47379e-05
-6.50778e-05
-0.000105493
-0.000158359
-0.000218483
-0.000216558
-0.000173107
-0.000144057
-0.000142128
-0.000157811
-0.000172472
-0.000165474
-0.000131749
-0.000107315
-0.000110604
-0.000120944
-0.000134968
-0.000134474
-9.24541e-05
-3.31313e-05
-1.65193e-05
-4.39612e-05
-7.33294e-05
-6.61751e-05
-7.11492e-05
-0.000109602
-0.00017203
-0.000176026
-0.000168418
-0.000126545
-6.30667e-05
-6.6858e-05
-0.000141938
-0.000176001
-0.00014778
-0.000111957
-7.58082e-05
-6.55282e-05
-6.44087e-05
-5.78766e-05
-5.18985e-05
-7.5129e-05
-0.000125393
-0.000181346
-0.000230254
-0.000208209
-0.000152023
-0.000117509
-0.000124441
-0.000154196
-0.000169129
-0.000161258
-0.000131175
-0.000110207
-0.000115914
-0.000126851
-0.000126
-9.86236e-05
-3.77861e-05
1.94813e-06
-3.76207e-06
-4.19727e-05
-6.95134e-05
-5.5782e-05
-5.27181e-05
-0.000107442
-0.000173351
-0.000188932
-0.000177814
-0.000123325
-4.54811e-05
-5.15517e-05
-0.000138279
-0.000186857
-0.000158097
-0.000108716
-6.71609e-05
-5.92598e-05
-6.44004e-05
-5.97446e-05
-6.4704e-05
-9.19335e-05
-0.000142275
-0.000192581
-0.0002245
-0.000187295
-0.000129875
-9.98878e-05
-0.000116413
-0.000154511
-0.000168806
-0.00015712
-0.000125569
-0.000110676
-0.000121943
-0.000132149
-0.000118933
-7.02022e-05
-5.17634e-06
1.70645e-05
-3.56569e-06
-3.8944e-05
-6.30257e-05
-4.27573e-05
-4.39013e-05
-0.000104215
-0.000171145
-0.000195071
-0.000181335
-0.00010878
-1.27348e-05
-2.27525e-05
-0.000136766
-0.000196913
-0.000160479
-9.66229e-05
-5.56552e-05
-5.15662e-05
-6.07213e-05
-6.16013e-05
-7.69544e-05
-0.000107691
-0.000155184
-0.000192881
-0.000199
-0.000168253
-0.000118089
-9.31652e-05
-0.0001119
-0.000154478
-0.000167831
-0.000148498
-0.000117024
-0.000108545
-0.000128698
-0.000136966
-0.000114132
-5.26182e-05
1.05382e-05
2.52579e-05
-1.19521e-06
-3.49418e-05
-5.56714e-05
-3.42965e-05
-4.12412e-05
-9.67932e-05
-0.000164899
-0.000197867
-0.000184349
-7.89755e-05
3.01635e-05
1.60773e-06
-0.000141065
-0.000196641
-0.00014442
-7.75624e-05
-3.90706e-05
-4.21352e-05
-5.58162e-05
-6.32224e-05
-8.85603e-05
-0.000121087
-0.000163767
-0.000182166
-0.000182772
-0.000160624
-0.000116589
-9.09798e-05
-0.000107876
-0.000153265
-0.000163746
-0.000140128
-0.000110256
-0.0001071
-0.000131487
-0.000139255
-0.000107643
-3.9343e-05
1.71912e-05
2.54352e-05
-1.19609e-06
-3.03888e-05
-4.88155e-05
-3.45746e-05
-4.34106e-05
-9.06048e-05
-0.000162568
-0.000201836
-0.000177629
-4.95246e-05
5.79279e-05
1.0614e-05
-0.00013068
-0.000167958
-0.000115198
-5.46253e-05
-2.36657e-05
-3.57123e-05
-5.39661e-05
-6.64436e-05
-9.90259e-05
-0.000131806
-0.000166759
-0.000174314
-0.000179525
-0.000163214
-0.000119541
-8.93194e-05
-0.000103901
-0.000147609
-0.00015995
-0.000135197
-0.000106631
-0.000108362
-0.000131975
-0.000137328
-9.91593e-05
-3.37044e-05
1.26716e-05
2.11588e-05
2.3091e-06
-2.37661e-05
-4.80632e-05
-3.89655e-05
-4.64926e-05
-8.99047e-05
-0.000164325
-0.00019988
-0.000159752
-2.69071e-05
6.92694e-05
2.05834e-05
-0.000106586
-0.000141732
-9.70892e-05
-3.73676e-05
-1.46981e-05
-3.31675e-05
-5.1942e-05
-7.08292e-05
-0.000111724
-0.00014478
-0.000169221
-0.000175311
-0.000185345
-0.000168299
-0.000122447
-8.78168e-05
-0.000102365
-0.000145822
-0.000157736
-0.000133076
-0.000105439
-0.000110194
-0.000133706
-0.000134789
-9.54288e-05
-3.37904e-05
8.91588e-06
2.33171e-05
8.41004e-06
-1.91152e-05
-4.63279e-05
-3.61879e-05
-4.57948e-05
-9.02013e-05
-0.000165712
-0.000197278
-0.000149274
-1.52421e-05
6.60194e-05
2.17279e-05
-9.77826e-05
-0.000129047
-8.28355e-05
-2.77171e-05
-1.31655e-05
-3.33402e-05
-5.36272e-05
-8.13689e-05
-0.00012431
-0.000153926
-0.000169758
-0.000182069
-0.00019098
-0.000169961
-0.000123078
-8.84288e-05
-0.000102983
-0.000145696
-0.00015736
-0.000132767
-0.000104885
-0.000111822
-0.000136129
-0.000136111
-9.63266e-05
-3.37319e-05
1.21505e-05
2.97574e-05
1.62396e-05
-1.37581e-05
-4.23881e-05
-3.18477e-05
-3.39367e-05
-8.77211e-05
-0.00017078
-0.00019838
-0.000145681
-1.08108e-05
6.07042e-05
1.90621e-05
-9.0012e-05
-0.000118781
-7.45994e-05
-2.48989e-05
-1.49713e-05
-3.7141e-05
-5.96967e-05
-9.11255e-05
-0.000127295
-0.000153429
-0.000170286
-0.00018285
-0.000188413
-0.000168939
-0.0001234
-8.89132e-05
-0.000104492
-0.000145543
-0.000156588
-0.000131703
-0.000104441
-0.000113876
-0.000140053
-0.000138638
-9.64832e-05
-2.92284e-05
2.03087e-05
3.80879e-05
2.39849e-05
-9.57252e-06
-3.82272e-05
-2.53501e-05
-3.41742e-05
-8.98723e-05
-0.000173774
-0.000197158
-0.000139856
-8.51215e-06
5.62966e-05
1.41984e-05
-8.6509e-05
-0.000112256
-6.98232e-05
-2.50921e-05
-1.8104e-05
-4.09727e-05
-6.38629e-05
-9.1957e-05
-0.000121687
-0.000149495
-0.000169029
-0.000179875
-0.000185802
-0.000167891
-0.000123725
-8.92342e-05
-0.000105028
-0.000145119
-0.000155799
-0.000130975
-0.000104916
-0.000115481
-0.000142382
-0.000137973
-9.20365e-05
-2.28495e-05
2.67409e-05
4.36448e-05
2.92682e-05
-6.74085e-06
-3.74548e-05
-2.58058e-05
-3.47767e-05
-9.06448e-05
-0.000173121
-0.000194281
-0.000135313
-7.58278e-06
5.18773e-05
9.43588e-06
-8.64981e-05
-0.000108672
-6.73896e-05
-2.62843e-05
-2.01984e-05
-4.29251e-05
-6.2978e-05
-8.88321e-05
-0.000117805
-0.000147257
-0.000167359
-0.000177895
-0.000184053
-0.000166871
-0.000123633
-9.00364e-05
-0.000105875
-0.000145006
-0.000156086
-0.000130536
-0.000105006
-0.000115098
-0.000141905
-0.000135441
-8.81164e-05
-1.82615e-05
3.04865e-05
4.50792e-05
2.83521e-05
-7.73849e-06
-3.7283e-05
-2.56834e-05
-3.52215e-05
-9.10426e-05
-0.000172314
-0.000192116
-0.00013202
-7.62762e-06
4.79041e-05
5.40541e-06
-8.69843e-05
-0.000106808
-6.59927e-05
-2.7141e-05
-2.17436e-05
-4.38934e-05
-6.2692e-05
-8.78378e-05
-0.000116606
-0.000146321
-0.000166866
-0.00017707
-0.000182719
-0.000166072
-0.000123432
-9.04617e-05
-0.000106688
-0.000144973
-0.000155688
-0.000130288
-0.000104602
-0.000114201
-0.000140478
-0.000133282
-8.57533e-05
-1.67974e-05
3.02018e-05
4.44816e-05
2.78427e-05
-7.76965e-06
-3.6441e-05
-2.52911e-05
-3.54974e-05
-9.17458e-05
-0.00017188
-0.000190932
-0.000130309
-7.55594e-06
4.6003e-05
3.5437e-06
-8.73882e-05
-0.000106169
-6.54341e-05
-2.806e-05
-2.28735e-05
-4.49381e-05
-6.35432e-05
-8.84221e-05
-0.000116892
-0.000146128
-8.97256e-05
-9.17019e-05
-9.66804e-05
-0.00011313
-0.000138642
-0.000162601
-0.000174346
-0.000179085
-0.000163553
-0.000139784
-0.000118246
-0.000105223
-0.000100014
-0.000100345
-9.91783e-05
-9.5286e-05
-9.49809e-05
-9.51964e-05
-0.000100793
-0.000110058
-0.000113553
-0.000111831
-0.000107623
-0.000106723
-0.000109043
-0.000111958
-0.000109151
-9.88464e-05
-8.97912e-05
-8.2952e-05
-7.52993e-05
-6.31864e-05
-5.57904e-05
-5.30105e-05
-4.82284e-05
-4.97848e-05
-6.27602e-05
-7.80537e-05
-8.39736e-05
-8.62832e-05
-9.42124e-05
-0.000100125
-0.000109824
-0.000126095
-0.00014703
-0.000161422
-0.000169961
-0.000170202
-0.000156996
-0.000134344
-0.000114477
-0.000105568
-0.000105131
-0.000105372
-9.97943e-05
-9.45456e-05
-9.3239e-05
-9.50053e-05
-0.00010126
-0.000103023
-0.000105268
-0.000104514
-0.000109493
-0.000118989
-0.000125636
-0.00012512
-0.000113808
-9.79108e-05
-8.20866e-05
-7.48359e-05
-6.8228e-05
-6.00901e-05
-5.39321e-05
-4.94406e-05
-4.47218e-05
-4.97388e-05
-6.30558e-05
-7.35627e-05
-7.76885e-05
-8.42132e-05
-9.63665e-05
-0.000105031
-0.000112569
-0.000126227
-0.000140168
-0.000151477
-0.000154569
-0.000155519
-0.000147387
-0.000128265
-0.000113027
-0.000107855
-0.000105661
-0.00010086
-9.74421e-05
-0.000100386
-0.000104743
-0.000104983
-0.000108007
-0.000117676
-0.000123071
-0.00012594
-0.000131534
-0.000138393
-0.000140197
-0.000137005
-0.000123393
-0.000100711
-8.28176e-05
-7.74737e-05
-7.72956e-05
-6.52982e-05
-5.87289e-05
-5.23045e-05
-4.45217e-05
-4.64937e-05
-5.78499e-05
-6.99471e-05
-7.93977e-05
-8.96116e-05
-9.93281e-05
-0.000109644
-0.000118891
-0.000132476
-0.000145845
-0.000156921
-0.000155845
-0.000152462
-0.000139863
-0.000118558
-0.000102582
-9.83835e-05
-9.87599e-05
-9.43253e-05
-9.15278e-05
-9.66515e-05
-0.000104302
-0.000107579
-0.000113938
-0.000123159
-0.000126619
-0.000126042
-0.000130988
-0.000136167
-0.000134412
-0.00013404
-0.000121846
-0.000104115
-8.9676e-05
-7.49364e-05
-5.59028e-05
-4.54352e-05
-4.0947e-05
-3.69386e-05
-3.4239e-05
-4.29671e-05
-5.59428e-05
-6.75118e-05
-7.67448e-05
-8.8533e-05
-9.4959e-05
-0.000105988
-0.000118622
-0.000134857
-0.000151231
-0.0001554
-0.000153606
-0.000144147
-0.000125182
-0.000104637
-9.58319e-05
-9.71418e-05
-9.62279e-05
-9.18348e-05
-9.5157e-05
-0.000108622
-0.00011246
-0.000107184
-0.000107286
-0.0001096
-9.84218e-05
-9.98939e-05
-0.000110009
-0.000132193
-0.000150876
-0.000155818
-0.000136571
-0.00011086
-8.69296e-05
-5.86112e-05
-4.28875e-05
-4.28622e-05
-4.57321e-05
-4.08281e-05
-3.10647e-05
-2.92752e-05
-4.04416e-05
-5.60364e-05
-7.12214e-05
-8.53856e-05
-8.20914e-05
-0.000103033
-0.000126834
-0.000144337
-0.000166457
-0.000156166
-0.000151473
-0.000139305
-0.000121151
-0.000101799
-9.94765e-05
-0.000104029
-0.000108224
-0.000114593
-0.000131752
-0.000129162
-0.00011298
-9.75226e-05
-9.00485e-05
-9.13987e-05
-9.5543e-05
-9.7082e-05
-0.000109239
-0.000137786
-0.000162365
-0.000161444
-0.00013649
-0.000111574
-8.62645e-05
-4.30192e-05
-2.91861e-05
-4.15107e-05
-5.01615e-05
-4.36228e-05
-3.66626e-05
-3.82515e-05
-4.79446e-05
-5.42296e-05
-5.76643e-05
-6.84536e-05
-7.29136e-05
-0.00010168
-0.000139751
-0.000154715
-0.000161928
-0.000163662
-0.000162922
-0.000142968
-0.000110222
-0.000102263
-0.000106372
-0.000117155
-0.000130464
-0.000140308
-0.000149211
-0.000123605
-0.000105009
-9.26e-05
-8.8367e-05
-8.84029e-05
-8.82708e-05
-8.88097e-05
-0.000105107
-0.000139369
-0.000162613
-0.00016071
-0.000137154
-0.000115677
-9.01384e-05
-6.60411e-05
-4.65612e-05
-7.06267e-05
-7.7921e-05
-5.72053e-05
-4.07207e-05
-4.12406e-05
-4.48582e-05
-4.41137e-05
-3.98329e-05
-5.28674e-05
-6.93488e-05
-0.000101287
-0.000130456
-0.000149109
-0.000160845
-0.000166359
-0.000163903
-0.000140946
-0.00011213
-0.000117846
-0.000131739
-0.000142798
-0.000144315
-0.000131982
-0.000106825
-0.000105575
-9.85528e-05
-9.60807e-05
-9.31075e-05
-8.0549e-05
-7.21073e-05
-8.37689e-05
-0.000108616
-0.000137807
-0.000155156
-0.0001527
-0.00014083
-0.000139075
-0.000135407
-9.6266e-05
-6.88641e-05
-8.80059e-05
-8.0708e-05
-5.17455e-05
-3.98455e-05
-5.0295e-05
-4.88202e-05
-3.2288e-05
-3.07752e-05
-4.81148e-05
-6.82633e-05
-9.1898e-05
-0.000122383
-0.000148853
-0.000166371
-0.000171008
-0.000162713
-0.000142485
-0.000137993
-0.000157739
-0.000174245
-0.000165362
-0.000137958
-0.000108134
-9.76689e-05
-0.000100902
-0.000104768
-0.000106023
-9.5017e-05
-7.20052e-05
-6.40143e-05
-8.70738e-05
-0.00011436
-0.000137007
-0.000150662
-0.000147388
-0.000133067
-0.000153086
-0.000146872
-0.000107341
-6.8764e-05
-8.83671e-05
-7.77227e-05
-3.81763e-05
-5.36755e-05
-6.50189e-05
-4.2859e-05
-3.94227e-05
-4.87482e-05
-5.91086e-05
-6.31575e-05
-8.5842e-05
-0.000118084
-0.00015554
-0.000179502
-0.000177914
-0.000164137
-0.000143892
-0.000151353
-0.000184459
-0.000193628
-0.000164864
-0.000123252
-9.4174e-05
-0.000100349
-0.000110144
-0.000122567
-0.000118284
-9.20829e-05
-6.09731e-05
-5.31808e-05
-8.0027e-05
-0.000124939
-0.000150624
-0.000162512
-0.000138809
-0.000117723
-0.000126948
-0.000118612
-8.21981e-05
-5.95568e-05
-8.50858e-05
-7.6436e-05
-6.44141e-05
-8.36706e-05
-6.52142e-05
-6.05821e-05
-6.23225e-05
-5.55139e-05
-5.05289e-05
-6.30025e-05
-8.43391e-05
-0.000119469
-0.000162755
-0.000185425
-0.000178732
-0.000170913
-0.000157261
-0.000167714
-0.000194627
-0.000188349
-0.000150549
-0.000110489
-9.30489e-05
-0.000103237
-0.000126353
-0.000139584
-0.000124642
-8.44489e-05
-5.48747e-05
-5.33726e-05
-8.70605e-05
-0.000131941
-0.000146193
-0.000145607
-0.000118043
-9.14914e-05
-9.98814e-05
-7.68229e-05
-2.97398e-05
-6.1059e-05
-9.29584e-05
-7.97694e-05
-5.78067e-05
-7.08899e-05
-7.15049e-05
-6.3411e-05
-5.53703e-05
-4.28434e-05
-4.51503e-05
-6.55092e-05
-8.79559e-05
-0.000130645
-0.000172936
-0.00018159
-0.000170814
-0.000169153
-0.00017193
-0.000186113
-0.000200717
-0.000178969
-0.000138667
-0.000100889
-8.29715e-05
-9.36483e-05
-0.000132033
-0.000150082
-0.000124035
-7.40207e-05
-4.19735e-05
-5.17004e-05
-8.66026e-05
-0.000125932
-0.000136334
-0.000129206
-9.94468e-05
-8.1121e-05
-8.26091e-05
-5.31702e-05
-3.44663e-05
-7.82656e-05
-0.000116143
-8.39191e-05
-5.55945e-05
-6.27374e-05
-6.9519e-05
-4.98538e-05
-3.46311e-05
-3.09642e-05
-3.99436e-05
-7.40832e-05
-9.81623e-05
-0.000145502
-0.000183127
-0.00017675
-0.000161761
-0.000166461
-0.000179342
-0.000192201
-0.000199181
-0.00017296
-0.000133783
-9.53597e-05
-7.36915e-05
-8.63946e-05
-0.000126484
-0.000139684
-0.000110914
-6.48242e-05
-2.86654e-05
-4.37392e-05
-8.98404e-05
-0.000127154
-0.000130216
-0.00012807
-7.90698e-05
-7.15179e-05
-8.70888e-05
-6.32541e-05
-5.56576e-05
-0.000109923
-0.000145647
-0.000102421
-6.88063e-05
-6.39923e-05
-6.36243e-05
-3.43658e-05
-2.26697e-05
-2.8857e-05
-4.82686e-05
-9.149e-05
-0.000124722
-0.000167568
-0.000187829
-0.000169546
-0.000154039
-0.000155857
-0.0001685
-0.000182169
-0.000193067
-0.00017346
-0.000137334
-9.80616e-05
-7.09584e-05
-7.73953e-05
-0.000108635
-0.000113795
-8.92681e-05
-5.59613e-05
-2.7676e-05
-4.11242e-05
-8.95677e-05
-0.000133055
-0.000144728
-0.000134133
-8.42928e-05
-9.22634e-05
-0.000111928
-8.11753e-05
-7.57699e-05
-0.000139355
-0.000174947
-0.000124368
-7.76693e-05
-6.19598e-05
-5.08606e-05
-2.22563e-05
-1.67102e-05
-3.57909e-05
-6.45683e-05
-0.000112917
-0.000160761
-0.000184405
-0.000177817
-0.00015649
-0.000142756
-0.000139633
-0.000152573
-0.000166771
-0.000187087
-0.000173486
-0.000138743
-0.000100442
-7.04853e-05
-6.72398e-05
-8.39647e-05
-8.42905e-05
-7.19739e-05
-5.44402e-05
-2.70777e-05
-3.74603e-05
-8.6065e-05
-0.000143394
-0.00016387
-0.000139606
-8.94893e-05
-0.000109839
-0.00013311
-0.000103543
-9.9635e-05
-0.000174229
-0.000210696
-0.000136397
-7.97455e-05
-5.65886e-05
-3.43769e-05
-8.7053e-06
-1.68175e-05
-4.60445e-05
-8.12025e-05
-0.000131817
-0.000183519
-0.00018486
-0.000160984
-0.000149262
-0.000132452
-0.00012564
-0.00014329
-0.000155428
-0.000180881
-0.000167648
-0.000138875
-0.000106303
-7.09087e-05
-5.76656e-05
-6.18351e-05
-6.48788e-05
-6.55862e-05
-5.03877e-05
-2.20383e-05
-2.83564e-05
-8.21744e-05
-0.000145442
-0.000167266
-0.000125434
-7.60867e-05
-0.000107577
-0.000139287
-0.00010768
-0.000124917
-0.000209969
-0.000226579
-0.000141446
-7.66346e-05
-4.64572e-05
-1.67482e-05
4.17031e-06
-1.6831e-05
-5.48737e-05
-9.18397e-05
-0.000149835
-0.000192217
-0.000171494
-0.000150442
-0.000147213
-0.000119751
-0.000113566
-0.000140995
-0.00015654
-0.000178581
-0.000162985
-0.000139602
-0.000111403
-7.42162e-05
-5.64282e-05
-5.32676e-05
-5.43994e-05
-5.51271e-05
-4.24054e-05
-1.44642e-05
-2.34737e-05
-7.84022e-05
-0.000133175
-0.00015151
-8.90242e-05
-5.81872e-05
-0.000113743
-0.000148492
-0.000105803
-0.000141963
-0.000231036
-0.000226119
-0.000134472
-6.50737e-05
-3.17261e-05
-1.54636e-06
1.04928e-05
-1.97358e-05
-5.95547e-05
-9.54934e-05
-0.000160663
-0.000187341
-0.000159879
-0.000156119
-0.00013733
-9.52746e-05
-9.88537e-05
-0.000138427
-0.000163895
-0.000178149
-0.000162488
-0.000139869
-0.000113939
-7.94785e-05
-5.93792e-05
-4.86827e-05
-4.83902e-05
-4.83269e-05
-3.63239e-05
-1.07585e-05
-1.93866e-05
-7.27034e-05
-0.000125318
-0.000127935
-6.34387e-05
-7.97932e-05
-0.000140147
-0.000148247
-9.39058e-05
-0.00014582
-0.000228527
-0.000206267
-0.000113858
-5.038e-05
-2.07619e-05
7.08793e-06
1.12044e-05
-2.30464e-05
-5.9284e-05
-9.76713e-05
-0.000165127
-0.000180409
-0.000166311
-0.000154505
-0.000102798
-6.359e-05
-8.49442e-05
-0.000140114
-0.000170689
-0.00017464
-0.00015706
-0.000137002
-0.000115881
-8.63498e-05
-6.43209e-05
-4.72522e-05
-4.6577e-05
-4.79511e-05
-3.20588e-05
-7.42294e-06
-2.0042e-05
-7.59121e-05
-0.000118123
-0.000112279
-5.98882e-05
-0.000102461
-0.000158946
-0.000131731
-8.02647e-05
-0.000148136
-0.000204246
-0.000181367
-9.808e-05
-4.24029e-05
-1.30829e-05
1.32964e-05
1.08608e-05
-2.19817e-05
-5.57454e-05
-9.96782e-05
-0.000166112
-0.00018338
-0.000169495
-0.000133605
-6.86708e-05
-4.27705e-05
-7.72659e-05
-0.000143255
-0.000171542
-0.000171488
-0.00015571
-0.000138266
-0.000119766
-9.31731e-05
-6.8456e-05
-4.87407e-05
-4.81567e-05
-4.83702e-05
-2.91524e-05
-6.40491e-06
-2.18635e-05
-8.00093e-05
-0.000110692
-0.000107435
-6.83217e-05
-0.000116561
-0.000153383
-0.000112592
-7.1714e-05
-0.000144155
-0.000194526
-0.00016978
-9.22338e-05
-3.52267e-05
-4.65055e-06
1.68286e-05
1.12857e-05
-2.08029e-05
-5.75816e-05
-0.000106301
-0.000167482
-0.000180172
-0.000153503
-0.00011216
-5.30101e-05
-3.6721e-05
-7.61493e-05
-0.000144581
-0.000172269
-0.000171515
-0.0001561
-0.000137968
-0.000121297
-9.7423e-05
-7.37824e-05
-5.34752e-05
-5.03951e-05
-4.61501e-05
-2.4799e-05
-3.72758e-06
-2.20696e-05
-7.75835e-05
-0.000106812
-0.000105627
-7.11018e-05
-0.000118822
-0.000144106
-0.000100524
-6.83814e-05
-0.000140762
-0.000193497
-0.000167015
-8.89152e-05
-3.00011e-05
-2.18121e-07
1.7495e-05
9.94829e-06
-2.12367e-05
-6.23942e-05
-0.000112981
-0.000165106
-0.000169646
-0.000139376
-0.000104221
-4.99836e-05
-3.8196e-05
-7.6725e-05
-0.000144937
-0.00017163
-0.000170545
-0.000155402
-0.000136991
-0.000122195
-0.000101134
-7.76576e-05
-5.50014e-05
-4.72891e-05
-3.89866e-05
-1.80122e-05
-2.94079e-06
-2.43189e-05
-7.55922e-05
-0.000102742
-0.000103234
-7.17614e-05
-0.000118462
-0.00013832
-9.48729e-05
-6.60986e-05
-0.000136352
-0.000193089
-0.000165093
-8.62281e-05
-2.82524e-05
-4.625e-07
1.6319e-05
8.07451e-06
-2.22528e-05
-6.638e-05
-0.000115227
-0.000161985
-0.000161
-0.000134966
-0.000102964
-5.12243e-05
-4.06758e-05
-7.71191e-05
-0.000144621
-0.000170774
-0.000169593
-0.000154206
-0.000136065
-0.000122311
-0.000102706
-7.82838e-05
-5.37054e-05
-4.34077e-05
-3.46782e-05
-1.67689e-05
-4.5827e-06
-2.6071e-05
-7.31503e-05
-9.93918e-05
-0.000101353
-7.31875e-05
-0.000118977
-0.0001361
-9.2352e-05
-6.52046e-05
-0.000133274
-0.000191707
-0.000162879
-8.51061e-05
-2.82333e-05
-1.15016e-06
1.52186e-05
6.95765e-06
-2.36302e-05
-6.88251e-05
-0.000116632
-0.000159689
-0.000158355
-0.000134
-0.000102367
-5.25949e-05
-4.34534e-05
-7.81794e-05
-0.000144689
-0.000170147
-0.0001687
-0.000153067
-0.000135378
-0.000121684
-0.000102867
-7.77502e-05
-5.29368e-05
-4.20515e-05
-3.33489e-05
-1.6728e-05
-5.83462e-06
-2.72605e-05
-7.19992e-05
-9.7544e-05
-0.000100027
-7.42195e-05
-0.000119532
-0.000135203
-9.12299e-05
-6.54319e-05
-0.000131954
-0.000190161
-0.000160734
-8.36995e-05
-2.77286e-05
-1.40925e-06
1.4672e-05
5.54014e-06
-2.48639e-05
-6.96757e-05
-0.000116126
-0.000158928
-0.000156853
-0.000133178
-0.000101815
-5.33057e-05
-4.45207e-05
-7.90616e-05
-0.000144814
-0.000169845
-0.000168151
-0.00015229
-0.000134787
-0.000120849
-0.000102829
-7.79135e-05
-5.31608e-05
-4.20849e-05
-3.30824e-05
-1.67571e-05
-6.47428e-06
-2.82869e-05
-7.19838e-05
-9.68718e-05
-9.91944e-05
-7.46173e-05
-0.000119957
-0.000135106
-9.11871e-05
-6.61119e-05
-0.000131685
-0.000189165
-0.000158982
-8.24429e-05
-2.72309e-05
-1.47123e-06
1.42204e-05
4.81479e-06
-2.54002e-05
-6.96606e-05
-0.000115891
)
;

boundaryField
{
    bottomWall
    {
        type            zeroGradient;
    }
    topWall
    {
        type            zeroGradient;
    }
    sides1_half0
    {
        type            cyclic;
    }
    sides1_half1
    {
        type            cyclic;
    }
    sides2_half0
    {
        type            cyclic;
    }
    sides2_half1
    {
        type            cyclic;
    }
    inout1_half0
    {
        type            cyclic;
    }
    inout1_half1
    {
        type            cyclic;
    }
    inout2_half0
    {
        type            cyclic;
    }
    inout2_half1
    {
        type            cyclic;
    }
}


// ************************************************************************* //
