/*--------------------------------*- C++ -*----------------------------------*\
| =========                 |                                                 |
| \\      /  F ield         | OpenFOAM: The Open Source CFD Toolbox           |
|  \\    /   O peration     | Version:  v2006                                 |
|   \\  /    A nd           | Website:  www.openfoam.com                      |
|    \\/     M anipulation  |                                                 |
\*---------------------------------------------------------------------------*/
FoamFile
{
    version     2.0;
    format      ascii;
    class       volScalarField;
    location    "1000";
    object      pMean;
}
// * * * * * * * * * * * * * * * * * * * * * * * * * * * * * * * * * * * * * //

dimensions      [0 2 -2 0 0 0 0];


internalField   nonuniform List<scalar> 
60000
(
-9.4788e-06
-9.09444e-06
-8.34086e-06
-7.39674e-06
-6.50584e-06
-5.95067e-06
-5.81243e-06
-5.86956e-06
-5.96148e-06
-6.02746e-06
-6.06772e-06
-6.11122e-06
-6.0902e-06
-5.92444e-06
-5.61048e-06
-5.23474e-06
-5.04259e-06
-5.05796e-06
-5.13255e-06
-5.09101e-06
-4.81642e-06
-4.39378e-06
-4.01977e-06
-3.81785e-06
-3.80767e-06
-3.91863e-06
-4.012e-06
-4.09347e-06
-4.22499e-06
-4.51584e-06
-4.82912e-06
-5.02533e-06
-5.17743e-06
-5.42492e-06
-5.87896e-06
-6.59835e-06
-7.47411e-06
-8.30835e-06
-8.98374e-06
-9.4227e-06
-9.68348e-06
-9.29981e-06
-8.54237e-06
-7.58624e-06
-6.67784e-06
-6.10318e-06
-5.94822e-06
-5.99326e-06
-6.07999e-06
-6.14487e-06
-6.19453e-06
-6.24565e-06
-6.22947e-06
-6.07519e-06
-5.77739e-06
-5.41495e-06
-5.2362e-06
-5.26849e-06
-5.35989e-06
-5.32635e-06
-5.0503e-06
-4.62068e-06
-4.2439e-06
-4.04525e-06
-4.04618e-06
-4.16701e-06
-4.26784e-06
-4.35529e-06
-4.48486e-06
-4.77093e-06
-5.08478e-06
-5.28123e-06
-5.43207e-06
-5.67687e-06
-6.12478e-06
-6.83367e-06
-7.70057e-06
-8.5224e-06
-9.19274e-06
-9.62857e-06
-1.05835e-05
-1.01977e-05
-9.44114e-06
-8.47492e-06
-7.55491e-06
-6.97185e-06
-6.81231e-06
-6.84865e-06
-6.9158e-06
-6.96165e-06
-6.99005e-06
-7.02682e-06
-7.0037e-06
-6.83208e-06
-6.51866e-06
-6.1647e-06
-6.01391e-06
-6.0822e-06
-6.21355e-06
-6.20395e-06
-5.91261e-06
-5.45799e-06
-5.07686e-06
-4.89346e-06
-4.89486e-06
-5.02687e-06
-5.16414e-06
-5.29792e-06
-5.46309e-06
-5.76191e-06
-6.06472e-06
-6.2453e-06
-6.39486e-06
-6.64715e-06
-7.0954e-06
-7.80066e-06
-8.65562e-06
-9.46498e-06
-1.01198e-05
-1.05405e-05
-1.24703e-05
-1.21209e-05
-1.14128e-05
-1.04638e-05
-9.54128e-06
-8.95721e-06
-8.80402e-06
-8.85025e-06
-8.90412e-06
-8.89905e-06
-8.86257e-06
-8.84071e-06
-8.75853e-06
-8.53562e-06
-8.17019e-06
-7.79322e-06
-7.66325e-06
-7.79197e-06
-7.98641e-06
-7.99917e-06
-7.69003e-06
-7.21753e-06
-6.85245e-06
-6.69014e-06
-6.70161e-06
-6.82563e-06
-6.99752e-06
-7.19826e-06
-7.4145e-06
-7.71638e-06
-8.00024e-06
-8.16903e-06
-8.33069e-06
-8.65506e-06
-9.17619e-06
-9.88818e-06
-1.06796e-05
-1.14236e-05
-1.20381e-05
-1.2437e-05
-1.51113e-05
-1.48641e-05
-1.43108e-05
-1.34592e-05
-1.25541e-05
-1.19434e-05
-1.17824e-05
-1.18559e-05
-1.19175e-05
-1.18484e-05
-1.17042e-05
-1.15845e-05
-1.14286e-05
-1.11515e-05
-1.07645e-05
-1.03804e-05
-1.02618e-05
-1.04094e-05
-1.0594e-05
-1.05811e-05
-1.02565e-05
-9.81392e-06
-9.55092e-06
-9.50029e-06
-9.57022e-06
-9.68264e-06
-9.83925e-06
-1.00414e-05
-1.028e-05
-1.05856e-05
-1.08631e-05
-1.10631e-05
-1.12969e-05
-1.17065e-05
-1.22765e-05
-1.29097e-05
-1.3548e-05
-1.4168e-05
-1.47187e-05
-1.50769e-05
-1.80904e-05
-1.79878e-05
-1.76412e-05
-1.69883e-05
-1.62024e-05
-1.56409e-05
-1.55042e-05
-1.55538e-05
-1.5518e-05
-1.53392e-05
-1.51215e-05
-1.49561e-05
-1.47915e-05
-1.45629e-05
-1.42327e-05
-1.38905e-05
-1.37271e-05
-1.37568e-05
-1.38184e-05
-1.37108e-05
-1.3401e-05
-1.30642e-05
-1.29304e-05
-1.30016e-05
-1.31597e-05
-1.32777e-05
-1.33853e-05
-1.35324e-05
-1.37541e-05
-1.40832e-05
-1.44036e-05
-1.46704e-05
-1.49758e-05
-1.54102e-05
-1.5909e-05
-1.64053e-05
-1.686e-05
-1.73226e-05
-1.77522e-05
-1.80361e-05
-2.13673e-05
-2.14568e-05
-2.13806e-05
-2.09682e-05
-2.03611e-05
-1.98702e-05
-1.96723e-05
-1.95508e-05
-1.92946e-05
-1.89925e-05
-1.88071e-05
-1.8742e-05
-1.87466e-05
-1.87008e-05
-1.8451e-05
-1.80407e-05
-1.76623e-05
-1.74214e-05
-1.73052e-05
-1.71992e-05
-1.7038e-05
-1.68716e-05
-1.68358e-05
-1.69731e-05
-1.7125e-05
-1.7209e-05
-1.72843e-05
-1.74163e-05
-1.76267e-05
-1.79604e-05
-1.83064e-05
-1.86047e-05
-1.89197e-05
-1.92463e-05
-1.95904e-05
-1.99638e-05
-2.02926e-05
-2.06034e-05
-2.09309e-05
-2.12101e-05
-2.50265e-05
-2.53914e-05
-2.55312e-05
-2.52611e-05
-2.47329e-05
-2.41491e-05
-2.37055e-05
-2.33189e-05
-2.28575e-05
-2.25949e-05
-2.26439e-05
-2.28967e-05
-2.31252e-05
-2.31279e-05
-2.27811e-05
-2.21736e-05
-2.15715e-05
-2.11638e-05
-2.09501e-05
-2.0907e-05
-2.09325e-05
-2.09428e-05
-2.10014e-05
-2.11752e-05
-2.13032e-05
-2.13315e-05
-2.14005e-05
-2.14811e-05
-2.1571e-05
-2.17318e-05
-2.192e-05
-2.21258e-05
-2.23412e-05
-2.25444e-05
-2.27589e-05
-2.30842e-05
-2.34578e-05
-2.38227e-05
-2.42179e-05
-2.46285e-05
-2.82777e-05
-2.8908e-05
-2.91941e-05
-2.89697e-05
-2.83448e-05
-2.75946e-05
-2.70108e-05
-2.65456e-05
-2.61712e-05
-2.61361e-05
-2.64628e-05
-2.68725e-05
-2.70428e-05
-2.67739e-05
-2.6195e-05
-2.55446e-05
-2.49753e-05
-2.46741e-05
-2.46047e-05
-2.46824e-05
-2.48204e-05
-2.49437e-05
-2.50678e-05
-2.52518e-05
-2.5373e-05
-2.53795e-05
-2.53951e-05
-2.53573e-05
-2.52054e-05
-2.50494e-05
-2.49568e-05
-2.49445e-05
-2.50195e-05
-2.51678e-05
-2.53879e-05
-2.56861e-05
-2.60526e-05
-2.64656e-05
-2.69668e-05
-2.75957e-05
-3.04671e-05
-3.11893e-05
-3.16296e-05
-3.15152e-05
-3.09182e-05
-3.02219e-05
-2.97017e-05
-2.93707e-05
-2.91767e-05
-2.92798e-05
-2.96509e-05
-2.99695e-05
-2.9998e-05
-2.96894e-05
-2.91848e-05
-2.86108e-05
-2.81463e-05
-2.79721e-05
-2.80372e-05
-2.82549e-05
-2.84461e-05
-2.85628e-05
-2.86298e-05
-2.87817e-05
-2.88615e-05
-2.87545e-05
-2.8574e-05
-2.8381e-05
-2.80789e-05
-2.77232e-05
-2.73962e-05
-2.71314e-05
-2.69876e-05
-2.6947e-05
-2.70503e-05
-2.73354e-05
-2.77799e-05
-2.83095e-05
-2.89346e-05
-2.96904e-05
-3.18796e-05
-3.25961e-05
-3.31611e-05
-3.32846e-05
-3.2931e-05
-3.25218e-05
-3.23354e-05
-3.22509e-05
-3.22583e-05
-3.2398e-05
-3.26274e-05
-3.27573e-05
-3.26502e-05
-3.23225e-05
-3.18487e-05
-3.13653e-05
-3.10372e-05
-3.0946e-05
-3.10838e-05
-3.13742e-05
-3.16514e-05
-3.17567e-05
-3.1735e-05
-3.17489e-05
-3.17304e-05
-3.16105e-05
-3.13841e-05
-3.11316e-05
-3.08326e-05
-3.05274e-05
-3.01468e-05
-2.96789e-05
-2.92575e-05
-2.89821e-05
-2.88856e-05
-2.90958e-05
-2.94733e-05
-2.99279e-05
-3.0487e-05
-3.11482e-05
-3.34674e-05
-3.40675e-05
-3.45361e-05
-3.46653e-05
-3.44684e-05
-3.43126e-05
-3.43957e-05
-3.45925e-05
-3.48866e-05
-3.52158e-05
-3.54659e-05
-3.55256e-05
-3.53634e-05
-3.50027e-05
-3.45611e-05
-3.42158e-05
-3.4002e-05
-3.39708e-05
-3.40977e-05
-3.43603e-05
-3.46203e-05
-3.47304e-05
-3.46682e-05
-3.45028e-05
-3.43578e-05
-3.41984e-05
-3.3994e-05
-3.3765e-05
-3.35686e-05
-3.33581e-05
-3.30687e-05
-3.25937e-05
-3.20658e-05
-3.16936e-05
-3.15741e-05
-3.17057e-05
-3.19115e-05
-3.21207e-05
-3.24297e-05
-3.28926e-05
-3.49572e-05
-3.55029e-05
-3.6002e-05
-3.62402e-05
-3.62189e-05
-3.61996e-05
-3.62983e-05
-3.64972e-05
-3.67131e-05
-3.69242e-05
-3.70278e-05
-3.69679e-05
-3.66057e-05
-3.61178e-05
-3.57251e-05
-3.54303e-05
-3.52997e-05
-3.52929e-05
-3.54243e-05
-3.55885e-05
-3.57324e-05
-3.57947e-05
-3.57734e-05
-3.5589e-05
-3.53221e-05
-3.51116e-05
-3.49265e-05
-3.48238e-05
-3.47476e-05
-3.46324e-05
-3.44493e-05
-3.40493e-05
-3.35385e-05
-3.32156e-05
-3.32325e-05
-3.34352e-05
-3.37048e-05
-3.39147e-05
-3.41469e-05
-3.44871e-05
-3.53706e-05
-3.59266e-05
-3.64359e-05
-3.67998e-05
-3.69237e-05
-3.69074e-05
-3.69209e-05
-3.69287e-05
-3.69316e-05
-3.69619e-05
-3.68858e-05
-3.65961e-05
-3.61318e-05
-3.56439e-05
-3.52542e-05
-3.50119e-05
-3.49133e-05
-3.49104e-05
-3.50388e-05
-3.52241e-05
-3.53994e-05
-3.54527e-05
-3.53861e-05
-3.51288e-05
-3.47253e-05
-3.43407e-05
-3.40876e-05
-3.40138e-05
-3.40151e-05
-3.40575e-05
-3.40934e-05
-3.39925e-05
-3.38324e-05
-3.37747e-05
-3.39417e-05
-3.42334e-05
-3.44827e-05
-3.46056e-05
-3.47075e-05
-3.49594e-05
-3.39197e-05
-3.42285e-05
-3.45621e-05
-3.48125e-05
-3.49774e-05
-3.50477e-05
-3.50898e-05
-3.50987e-05
-3.50619e-05
-3.49498e-05
-3.47448e-05
-3.44241e-05
-3.40771e-05
-3.37901e-05
-3.36183e-05
-3.35621e-05
-3.35821e-05
-3.36435e-05
-3.37515e-05
-3.39075e-05
-3.40621e-05
-3.40701e-05
-3.38658e-05
-3.34922e-05
-3.29864e-05
-3.25418e-05
-3.23017e-05
-3.21785e-05
-3.21286e-05
-3.22786e-05
-3.2503e-05
-3.2741e-05
-3.28597e-05
-3.29523e-05
-3.31349e-05
-3.33493e-05
-3.35031e-05
-3.35637e-05
-3.36075e-05
-3.37107e-05
-3.16971e-05
-3.19342e-05
-3.22021e-05
-3.24537e-05
-3.26019e-05
-3.27465e-05
-3.28859e-05
-3.29641e-05
-3.29572e-05
-3.28543e-05
-3.27218e-05
-3.25952e-05
-3.2471e-05
-3.23945e-05
-3.23366e-05
-3.22738e-05
-3.22103e-05
-3.21741e-05
-3.21571e-05
-3.21933e-05
-3.22959e-05
-3.23751e-05
-3.23043e-05
-3.20307e-05
-3.15752e-05
-3.11134e-05
-3.08103e-05
-3.05508e-05
-3.0321e-05
-3.0176e-05
-3.02856e-05
-3.05306e-05
-3.07127e-05
-3.08339e-05
-3.09686e-05
-3.11346e-05
-3.12065e-05
-3.1263e-05
-3.13546e-05
-3.1498e-05
-2.91684e-05
-2.92601e-05
-2.93817e-05
-2.94468e-05
-2.94662e-05
-2.95043e-05
-2.95251e-05
-2.94934e-05
-2.94293e-05
-2.93486e-05
-2.92749e-05
-2.92284e-05
-2.92612e-05
-2.93422e-05
-2.94497e-05
-2.95293e-05
-2.95793e-05
-2.96192e-05
-2.96443e-05
-2.96291e-05
-2.96341e-05
-2.97095e-05
-2.9762e-05
-2.96945e-05
-2.94948e-05
-2.92606e-05
-2.90343e-05
-2.87938e-05
-2.86105e-05
-2.85493e-05
-2.87122e-05
-2.89498e-05
-2.91009e-05
-2.9186e-05
-2.92524e-05
-2.92708e-05
-2.92306e-05
-2.91157e-05
-2.90764e-05
-2.91125e-05
-2.69242e-05
-2.68872e-05
-2.68303e-05
-2.67602e-05
-2.66724e-05
-2.6609e-05
-2.65541e-05
-2.6519e-05
-2.65069e-05
-2.65213e-05
-2.65706e-05
-2.66201e-05
-2.66535e-05
-2.67089e-05
-2.67907e-05
-2.68494e-05
-2.69467e-05
-2.70717e-05
-2.72018e-05
-2.72964e-05
-2.73212e-05
-2.73175e-05
-2.73011e-05
-2.72274e-05
-2.70758e-05
-2.6895e-05
-2.67463e-05
-2.66258e-05
-2.65334e-05
-2.65365e-05
-2.66661e-05
-2.68242e-05
-2.6947e-05
-2.70145e-05
-2.70646e-05
-2.70643e-05
-2.70148e-05
-2.69689e-05
-2.69488e-05
-2.69488e-05
-2.50891e-05
-2.5075e-05
-2.50881e-05
-2.50769e-05
-2.50505e-05
-2.50204e-05
-2.50199e-05
-2.50157e-05
-2.499e-05
-2.49496e-05
-2.49175e-05
-2.48898e-05
-2.48547e-05
-2.4832e-05
-2.48412e-05
-2.49058e-05
-2.50251e-05
-2.52231e-05
-2.54383e-05
-2.56247e-05
-2.57571e-05
-2.58348e-05
-2.58524e-05
-2.58179e-05
-2.57373e-05
-2.56232e-05
-2.55062e-05
-2.54137e-05
-2.53771e-05
-2.53922e-05
-2.54451e-05
-2.55012e-05
-2.55068e-05
-2.54568e-05
-2.54025e-05
-2.5328e-05
-2.52341e-05
-2.51481e-05
-2.5107e-05
-2.50932e-05
-2.37222e-05
-2.36867e-05
-2.36353e-05
-2.35535e-05
-2.34722e-05
-2.33962e-05
-2.33095e-05
-2.32197e-05
-2.31572e-05
-2.31378e-05
-2.31393e-05
-2.31431e-05
-2.30979e-05
-2.29894e-05
-2.28436e-05
-2.27015e-05
-2.26332e-05
-2.26357e-05
-2.26804e-05
-2.27846e-05
-2.29457e-05
-2.31278e-05
-2.32839e-05
-2.33788e-05
-2.34002e-05
-2.33941e-05
-2.34162e-05
-2.34734e-05
-2.35691e-05
-2.36852e-05
-2.381e-05
-2.39438e-05
-2.40399e-05
-2.40822e-05
-2.40736e-05
-2.40158e-05
-2.39369e-05
-2.38572e-05
-2.38117e-05
-2.37763e-05
-2.13945e-05
-2.13568e-05
-2.12927e-05
-2.11927e-05
-2.10849e-05
-2.09824e-05
-2.09005e-05
-2.08394e-05
-2.08133e-05
-2.08192e-05
-2.08319e-05
-2.08379e-05
-2.08188e-05
-2.07647e-05
-2.06902e-05
-2.06051e-05
-2.04943e-05
-2.03487e-05
-2.02416e-05
-2.02268e-05
-2.02983e-05
-2.0409e-05
-2.05273e-05
-2.0622e-05
-2.06712e-05
-2.06945e-05
-2.07209e-05
-2.08005e-05
-2.09369e-05
-2.11078e-05
-2.12894e-05
-2.14395e-05
-2.15667e-05
-2.16471e-05
-2.1673e-05
-2.16559e-05
-2.1603e-05
-2.15258e-05
-2.14689e-05
-2.14259e-05
-2.04465e-05
-2.0475e-05
-2.04935e-05
-2.04327e-05
-2.03197e-05
-2.01974e-05
-2.00885e-05
-1.99988e-05
-1.99094e-05
-1.98274e-05
-1.9747e-05
-1.96678e-05
-1.95968e-05
-1.95322e-05
-1.94658e-05
-1.93907e-05
-1.92806e-05
-1.9155e-05
-1.90427e-05
-1.89738e-05
-1.89711e-05
-1.90263e-05
-1.91023e-05
-1.91479e-05
-1.91739e-05
-1.91756e-05
-1.91969e-05
-1.92792e-05
-1.94362e-05
-1.96464e-05
-1.98729e-05
-2.00744e-05
-2.02146e-05
-2.03051e-05
-2.03703e-05
-2.04253e-05
-2.04525e-05
-2.04515e-05
-2.04407e-05
-2.04352e-05
-1.78643e-05
-1.78768e-05
-1.78694e-05
-1.78511e-05
-1.78009e-05
-1.7758e-05
-1.77154e-05
-1.7665e-05
-1.7621e-05
-1.75751e-05
-1.75328e-05
-1.74996e-05
-1.74697e-05
-1.74338e-05
-1.73843e-05
-1.73386e-05
-1.72888e-05
-1.72219e-05
-1.71356e-05
-1.70481e-05
-1.69849e-05
-1.69461e-05
-1.6945e-05
-1.69447e-05
-1.69217e-05
-1.69001e-05
-1.69149e-05
-1.7e-05
-1.71282e-05
-1.72727e-05
-1.74283e-05
-1.75672e-05
-1.76545e-05
-1.7696e-05
-1.77322e-05
-1.77734e-05
-1.78178e-05
-1.78414e-05
-1.78445e-05
-1.78513e-05
-1.58105e-05
-1.58533e-05
-1.59116e-05
-1.5956e-05
-1.59854e-05
-1.59935e-05
-1.59726e-05
-1.59475e-05
-1.5927e-05
-1.59172e-05
-1.59063e-05
-1.5882e-05
-1.58643e-05
-1.58365e-05
-1.5804e-05
-1.57636e-05
-1.57182e-05
-1.56671e-05
-1.56134e-05
-1.55646e-05
-1.55061e-05
-1.54386e-05
-1.53909e-05
-1.53844e-05
-1.53919e-05
-1.54048e-05
-1.54156e-05
-1.54483e-05
-1.54942e-05
-1.55589e-05
-1.564e-05
-1.57167e-05
-1.57687e-05
-1.57886e-05
-1.57882e-05
-1.57823e-05
-1.57739e-05
-1.57695e-05
-1.57672e-05
-1.57785e-05
-1.51214e-05
-1.51244e-05
-1.51559e-05
-1.5184e-05
-1.51892e-05
-1.51621e-05
-1.51158e-05
-1.50457e-05
-1.49824e-05
-1.4947e-05
-1.49229e-05
-1.49111e-05
-1.49131e-05
-1.49136e-05
-1.49114e-05
-1.49051e-05
-1.48926e-05
-1.48768e-05
-1.48526e-05
-1.48096e-05
-1.47706e-05
-1.47507e-05
-1.47528e-05
-1.47848e-05
-1.48289e-05
-1.48684e-05
-1.49065e-05
-1.49396e-05
-1.49789e-05
-1.50242e-05
-1.50828e-05
-1.51364e-05
-1.51896e-05
-1.52116e-05
-1.52102e-05
-1.52013e-05
-1.51833e-05
-1.51658e-05
-1.51411e-05
-1.51219e-05
3.11472e-07
2.67091e-10
-4.0953e-07
-8.94768e-07
-1.47713e-06
-2.21422e-06
-3.15607e-06
-4.13624e-06
-4.80883e-06
-5.194e-06
-5.38568e-06
-5.45462e-06
-5.6139e-06
-5.8989e-06
-6.0643e-06
-5.95334e-06
-5.57339e-06
-5.13532e-06
-4.86801e-06
-4.83929e-06
-5.04862e-06
-5.42114e-06
-5.88664e-06
-6.32606e-06
-6.6313e-06
-6.74368e-06
-6.58067e-06
-6.10303e-06
-5.4211e-06
-4.65277e-06
-3.89387e-06
-3.18657e-06
-2.58654e-06
-2.09879e-06
-1.58329e-06
-8.48095e-07
1.57834e-09
6.48118e-07
8.38203e-07
6.30995e-07
8.79016e-08
-2.10534e-07
-6.09318e-07
-1.08067e-06
-1.64109e-06
-2.36513e-06
-3.29224e-06
-4.25876e-06
-4.93049e-06
-5.32386e-06
-5.52539e-06
-5.60271e-06
-5.76989e-06
-6.06199e-06
-6.24521e-06
-6.15621e-06
-5.79097e-06
-5.36006e-06
-5.0983e-06
-5.07929e-06
-5.2968e-06
-5.67678e-06
-6.14301e-06
-6.5765e-06
-6.88172e-06
-6.99389e-06
-6.8189e-06
-6.33539e-06
-5.65423e-06
-4.88086e-06
-4.11763e-06
-3.40547e-06
-2.7974e-06
-2.30412e-06
-1.79793e-06
-1.08249e-06
-2.47267e-07
3.99474e-07
5.97954e-07
3.99266e-07
-8.66607e-07
-1.15536e-06
-1.54048e-06
-2.01018e-06
-2.57028e-06
-3.28222e-06
-4.1926e-06
-5.13253e-06
-5.77276e-06
-6.15577e-06
-6.37301e-06
-6.48541e-06
-6.67517e-06
-6.98383e-06
-7.17107e-06
-7.09608e-06
-6.7644e-06
-6.37547e-06
-6.14402e-06
-6.14791e-06
-6.38792e-06
-6.76663e-06
-7.19634e-06
-7.57093e-06
-7.83947e-06
-7.9456e-06
-7.7792e-06
-7.27703e-06
-6.56335e-06
-5.76674e-06
-4.99162e-06
-4.2765e-06
-3.66446e-06
-3.16957e-06
-2.67536e-06
-1.99123e-06
-1.19299e-06
-5.64323e-07
-3.63532e-07
-5.59375e-07
-2.88975e-06
-3.181e-06
-3.55208e-06
-4.02191e-06
-4.59999e-06
-5.33306e-06
-6.2558e-06
-7.17151e-06
-7.79359e-06
-8.17931e-06
-8.42231e-06
-8.58521e-06
-8.82978e-06
-9.14024e-06
-9.30569e-06
-9.22217e-06
-8.92785e-06
-8.59657e-06
-8.38958e-06
-8.36173e-06
-8.53682e-06
-8.83847e-06
-9.16544e-06
-9.43734e-06
-9.65381e-06
-9.79452e-06
-9.6776e-06
-9.20931e-06
-8.45283e-06
-7.59264e-06
-6.82077e-06
-6.1725e-06
-5.60879e-06
-5.12397e-06
-4.63492e-06
-3.96561e-06
-3.19921e-06
-2.60413e-06
-2.40001e-06
-2.58117e-06
-6.07663e-06
-6.31443e-06
-6.6418e-06
-7.12118e-06
-7.71497e-06
-8.41731e-06
-9.24942e-06
-1.00721e-05
-1.06996e-05
-1.1199e-05
-1.15814e-05
-1.18724e-05
-1.21859e-05
-1.24871e-05
-1.26108e-05
-1.24815e-05
-1.22273e-05
-1.19894e-05
-1.18055e-05
-1.16546e-05
-1.16355e-05
-1.17234e-05
-1.18605e-05
-1.19902e-05
-1.2129e-05
-1.23008e-05
-1.23015e-05
-1.19036e-05
-1.11722e-05
-1.03427e-05
-9.68589e-06
-9.20393e-06
-8.7592e-06
-8.30489e-06
-7.78896e-06
-7.17763e-06
-6.5352e-06
-5.94952e-06
-5.69981e-06
-5.82367e-06
-1.03839e-05
-1.05222e-05
-1.07711e-05
-1.11861e-05
-1.16568e-05
-1.2161e-05
-1.27832e-05
-1.34158e-05
-1.39801e-05
-1.4597e-05
-1.5215e-05
-1.57307e-05
-1.61728e-05
-1.64934e-05
-1.6574e-05
-1.64166e-05
-1.62205e-05
-1.61565e-05
-1.60974e-05
-1.58766e-05
-1.56077e-05
-1.54319e-05
-1.53614e-05
-1.53288e-05
-1.53839e-05
-1.55636e-05
-1.56547e-05
-1.54058e-05
-1.47801e-05
-1.40481e-05
-1.34896e-05
-1.31078e-05
-1.27554e-05
-1.23641e-05
-1.20049e-05
-1.16482e-05
-1.11546e-05
-1.05867e-05
-1.02401e-05
-1.02407e-05
-1.55794e-05
-1.56587e-05
-1.57642e-05
-1.5969e-05
-1.61729e-05
-1.63573e-05
-1.65963e-05
-1.69076e-05
-1.7341e-05
-1.80236e-05
-1.89019e-05
-1.96944e-05
-2.03221e-05
-2.07277e-05
-2.07886e-05
-2.05352e-05
-2.0273e-05
-2.02555e-05
-2.03495e-05
-2.02198e-05
-1.99358e-05
-1.97337e-05
-1.961e-05
-1.95142e-05
-1.95356e-05
-1.971e-05
-1.98812e-05
-1.97399e-05
-1.92053e-05
-1.85363e-05
-1.79546e-05
-1.74954e-05
-1.70926e-05
-1.68286e-05
-1.6726e-05
-1.66043e-05
-1.62785e-05
-1.58267e-05
-1.54936e-05
-1.54581e-05
-2.12009e-05
-2.1252e-05
-2.12508e-05
-2.12028e-05
-2.10045e-05
-2.07658e-05
-2.06486e-05
-2.06694e-05
-2.09355e-05
-2.15639e-05
-2.25509e-05
-2.34638e-05
-2.41315e-05
-2.45491e-05
-2.45666e-05
-2.42457e-05
-2.38895e-05
-2.37299e-05
-2.37521e-05
-2.37629e-05
-2.37485e-05
-2.37568e-05
-2.37953e-05
-2.3797e-05
-2.38853e-05
-2.41391e-05
-2.4354e-05
-2.42669e-05
-2.3773e-05
-2.31142e-05
-2.2488e-05
-2.19545e-05
-2.15304e-05
-2.13331e-05
-2.1343e-05
-2.13777e-05
-2.12164e-05
-2.09756e-05
-2.09023e-05
-2.10278e-05
-2.62402e-05
-2.62949e-05
-2.62014e-05
-2.58753e-05
-2.53974e-05
-2.49066e-05
-2.44641e-05
-2.42704e-05
-2.43835e-05
-2.48901e-05
-2.57881e-05
-2.66176e-05
-2.70742e-05
-2.72638e-05
-2.72375e-05
-2.70266e-05
-2.68644e-05
-2.6775e-05
-2.67192e-05
-2.67615e-05
-2.68841e-05
-2.71e-05
-2.7319e-05
-2.74621e-05
-2.76373e-05
-2.80109e-05
-2.82995e-05
-2.82123e-05
-2.7771e-05
-2.73117e-05
-2.69471e-05
-2.65032e-05
-2.602e-05
-2.56861e-05
-2.56221e-05
-2.56426e-05
-2.55693e-05
-2.55506e-05
-2.57249e-05
-2.60091e-05
-2.99078e-05
-2.99626e-05
-2.97535e-05
-2.93134e-05
-2.87283e-05
-2.80862e-05
-2.75268e-05
-2.71461e-05
-2.71348e-05
-2.75633e-05
-2.82645e-05
-2.87405e-05
-2.8861e-05
-2.8966e-05
-2.90177e-05
-2.90075e-05
-2.90058e-05
-2.90758e-05
-2.91847e-05
-2.93194e-05
-2.95497e-05
-2.98789e-05
-3.01846e-05
-3.03477e-05
-3.05078e-05
-3.08339e-05
-3.11183e-05
-3.1181e-05
-3.10778e-05
-3.10255e-05
-3.10273e-05
-3.08292e-05
-3.03152e-05
-2.97794e-05
-2.9456e-05
-2.93213e-05
-2.92173e-05
-2.91697e-05
-2.93648e-05
-2.96667e-05
-3.25411e-05
-3.27699e-05
-3.27677e-05
-3.25453e-05
-3.20181e-05
-3.13069e-05
-3.06075e-05
-3.00407e-05
-2.98619e-05
-3.01512e-05
-3.06713e-05
-3.09373e-05
-3.09066e-05
-3.09134e-05
-3.10186e-05
-3.11774e-05
-3.13718e-05
-3.15438e-05
-3.17114e-05
-3.18502e-05
-3.19645e-05
-3.20601e-05
-3.21143e-05
-3.21103e-05
-3.22356e-05
-3.25255e-05
-3.28443e-05
-3.29942e-05
-3.3079e-05
-3.32529e-05
-3.34307e-05
-3.34275e-05
-3.31418e-05
-3.26566e-05
-3.22113e-05
-3.19479e-05
-3.17187e-05
-3.15684e-05
-3.16956e-05
-3.20912e-05
-3.38777e-05
-3.4517e-05
-3.48792e-05
-3.49693e-05
-3.47376e-05
-3.42658e-05
-3.37764e-05
-3.33585e-05
-3.31331e-05
-3.31509e-05
-3.32864e-05
-3.3277e-05
-3.31297e-05
-3.30987e-05
-3.32597e-05
-3.34629e-05
-3.36708e-05
-3.38782e-05
-3.40712e-05
-3.41554e-05
-3.41696e-05
-3.41715e-05
-3.40739e-05
-3.39391e-05
-3.39545e-05
-3.41126e-05
-3.43356e-05
-3.44491e-05
-3.44566e-05
-3.44053e-05
-3.43647e-05
-3.43233e-05
-3.41397e-05
-3.38138e-05
-3.34902e-05
-3.3294e-05
-3.30734e-05
-3.28254e-05
-3.28327e-05
-3.32279e-05
-3.47838e-05
-3.55371e-05
-3.60866e-05
-3.62987e-05
-3.62262e-05
-3.60809e-05
-3.58923e-05
-3.56451e-05
-3.53374e-05
-3.50538e-05
-3.48999e-05
-3.47564e-05
-3.45624e-05
-3.44165e-05
-3.44856e-05
-3.46241e-05
-3.48148e-05
-3.5148e-05
-3.55396e-05
-3.57866e-05
-3.58029e-05
-3.56846e-05
-3.55062e-05
-3.52683e-05
-3.5102e-05
-3.52634e-05
-3.55246e-05
-3.57073e-05
-3.5742e-05
-3.56559e-05
-3.55046e-05
-3.53845e-05
-3.51879e-05
-3.4907e-05
-3.45892e-05
-3.43208e-05
-3.40479e-05
-3.37288e-05
-3.36479e-05
-3.40562e-05
-3.53098e-05
-3.59535e-05
-3.64544e-05
-3.66802e-05
-3.66702e-05
-3.65628e-05
-3.64071e-05
-3.61166e-05
-3.57083e-05
-3.52965e-05
-3.50088e-05
-3.48236e-05
-3.45815e-05
-3.43103e-05
-3.41121e-05
-3.40758e-05
-3.4241e-05
-3.46256e-05
-3.51273e-05
-3.55386e-05
-3.57334e-05
-3.56886e-05
-3.54649e-05
-3.50915e-05
-3.48482e-05
-3.49803e-05
-3.5478e-05
-3.60176e-05
-3.63749e-05
-3.65297e-05
-3.66241e-05
-3.66288e-05
-3.65631e-05
-3.63621e-05
-3.60487e-05
-3.56435e-05
-3.51298e-05
-3.4652e-05
-3.44915e-05
-3.47472e-05
-3.48786e-05
-3.5023e-05
-3.50509e-05
-3.49559e-05
-3.47649e-05
-3.46284e-05
-3.44974e-05
-3.43372e-05
-3.40866e-05
-3.38632e-05
-3.37784e-05
-3.37902e-05
-3.3715e-05
-3.36072e-05
-3.34411e-05
-3.32649e-05
-3.32065e-05
-3.33312e-05
-3.35543e-05
-3.37806e-05
-3.39161e-05
-3.39315e-05
-3.37889e-05
-3.35391e-05
-3.33391e-05
-3.34056e-05
-3.37396e-05
-3.4272e-05
-3.48171e-05
-3.53036e-05
-3.56594e-05
-3.59284e-05
-3.60425e-05
-3.60306e-05
-3.59496e-05
-3.56657e-05
-3.52754e-05
-3.49129e-05
-3.47033e-05
-3.47219e-05
-3.21947e-05
-3.19727e-05
-3.17868e-05
-3.16768e-05
-3.16547e-05
-3.1656e-05
-3.17553e-05
-3.1894e-05
-3.19934e-05
-3.20745e-05
-3.21952e-05
-3.22897e-05
-3.238e-05
-3.2483e-05
-3.25103e-05
-3.24405e-05
-3.23233e-05
-3.22611e-05
-3.22809e-05
-3.23501e-05
-3.24164e-05
-3.24584e-05
-3.24739e-05
-3.23869e-05
-3.22027e-05
-3.2142e-05
-3.23396e-05
-3.26262e-05
-3.28954e-05
-3.31281e-05
-3.33416e-05
-3.34856e-05
-3.35288e-05
-3.34866e-05
-3.34144e-05
-3.32832e-05
-3.3029e-05
-3.27309e-05
-3.25126e-05
-3.23592e-05
-2.92258e-05
-2.90301e-05
-2.88981e-05
-2.88463e-05
-2.88838e-05
-2.89962e-05
-2.92348e-05
-2.9497e-05
-2.9741e-05
-2.99327e-05
-3.01192e-05
-3.02764e-05
-3.03509e-05
-3.03859e-05
-3.03249e-05
-3.01587e-05
-2.99732e-05
-2.98535e-05
-2.9864e-05
-3.00145e-05
-3.02671e-05
-3.05526e-05
-3.07426e-05
-3.07938e-05
-3.07905e-05
-3.08297e-05
-3.09297e-05
-3.10825e-05
-3.12225e-05
-3.1344e-05
-3.14983e-05
-3.16036e-05
-3.15733e-05
-3.14455e-05
-3.12434e-05
-3.09967e-05
-3.06633e-05
-3.02558e-05
-2.98517e-05
-2.9509e-05
-2.65711e-05
-2.62519e-05
-2.59902e-05
-2.57456e-05
-2.55611e-05
-2.55089e-05
-2.55851e-05
-2.56867e-05
-2.57964e-05
-2.59227e-05
-2.60916e-05
-2.62882e-05
-2.64361e-05
-2.65646e-05
-2.67025e-05
-2.68371e-05
-2.69889e-05
-2.71969e-05
-2.75477e-05
-2.7972e-05
-2.84397e-05
-2.88988e-05
-2.92567e-05
-2.9492e-05
-2.96086e-05
-2.96693e-05
-2.97333e-05
-2.97914e-05
-2.98134e-05
-2.98096e-05
-2.98046e-05
-2.97577e-05
-2.95931e-05
-2.93365e-05
-2.90393e-05
-2.87029e-05
-2.8273e-05
-2.77864e-05
-2.73531e-05
-2.69496e-05
-2.57421e-05
-2.54485e-05
-2.52048e-05
-2.49519e-05
-2.46909e-05
-2.44833e-05
-2.43398e-05
-2.42609e-05
-2.42373e-05
-2.42609e-05
-2.4276e-05
-2.42876e-05
-2.4277e-05
-2.42954e-05
-2.43961e-05
-2.45736e-05
-2.48102e-05
-2.5103e-05
-2.54346e-05
-2.57888e-05
-2.61669e-05
-2.65631e-05
-2.69183e-05
-2.71937e-05
-2.73922e-05
-2.75219e-05
-2.76342e-05
-2.77497e-05
-2.78573e-05
-2.79257e-05
-2.79705e-05
-2.79768e-05
-2.79026e-05
-2.77731e-05
-2.76076e-05
-2.7392e-05
-2.71123e-05
-2.6799e-05
-2.64559e-05
-2.60854e-05
-2.51783e-05
-2.50636e-05
-2.49056e-05
-2.4696e-05
-2.44407e-05
-2.41933e-05
-2.40086e-05
-2.38936e-05
-2.3853e-05
-2.38523e-05
-2.38735e-05
-2.38642e-05
-2.37943e-05
-2.37072e-05
-2.36295e-05
-2.35716e-05
-2.35558e-05
-2.36018e-05
-2.37306e-05
-2.39164e-05
-2.41418e-05
-2.43916e-05
-2.46244e-05
-2.48065e-05
-2.4947e-05
-2.50595e-05
-2.5193e-05
-2.53454e-05
-2.54788e-05
-2.56151e-05
-2.5735e-05
-2.58026e-05
-2.58213e-05
-2.57827e-05
-2.57103e-05
-2.56323e-05
-2.55441e-05
-2.54578e-05
-2.53756e-05
-2.5287e-05
-2.37396e-05
-2.36691e-05
-2.35646e-05
-2.34103e-05
-2.3214e-05
-2.30257e-05
-2.28558e-05
-2.27252e-05
-2.26116e-05
-2.25082e-05
-2.24251e-05
-2.23412e-05
-2.22315e-05
-2.20866e-05
-2.19226e-05
-2.17769e-05
-2.16531e-05
-2.15472e-05
-2.14954e-05
-2.15266e-05
-2.16488e-05
-2.1835e-05
-2.20392e-05
-2.22093e-05
-2.23335e-05
-2.24393e-05
-2.25633e-05
-2.27246e-05
-2.28873e-05
-2.30396e-05
-2.31822e-05
-2.33406e-05
-2.34956e-05
-2.36219e-05
-2.37047e-05
-2.37443e-05
-2.37637e-05
-2.37898e-05
-2.38094e-05
-2.3789e-05
-2.19126e-05
-2.19054e-05
-2.18715e-05
-2.18102e-05
-2.17204e-05
-2.16215e-05
-2.1523e-05
-2.14453e-05
-2.14009e-05
-2.13536e-05
-2.12999e-05
-2.12377e-05
-2.11631e-05
-2.10649e-05
-2.09617e-05
-2.0848e-05
-2.07432e-05
-2.06586e-05
-2.05985e-05
-2.05822e-05
-2.05941e-05
-2.06385e-05
-2.07089e-05
-2.07805e-05
-2.08285e-05
-2.08513e-05
-2.08634e-05
-2.0903e-05
-2.09901e-05
-2.11186e-05
-2.12671e-05
-2.14052e-05
-2.15065e-05
-2.15784e-05
-2.16305e-05
-2.16769e-05
-2.17134e-05
-2.17575e-05
-2.18249e-05
-2.18914e-05
-1.88983e-05
-1.8884e-05
-1.88647e-05
-1.88172e-05
-1.87535e-05
-1.86881e-05
-1.86393e-05
-1.85958e-05
-1.85477e-05
-1.8508e-05
-1.84613e-05
-1.84356e-05
-1.8421e-05
-1.84072e-05
-1.83801e-05
-1.83363e-05
-1.82799e-05
-1.82404e-05
-1.82076e-05
-1.81832e-05
-1.81766e-05
-1.81853e-05
-1.82071e-05
-1.82262e-05
-1.8236e-05
-1.82543e-05
-1.82882e-05
-1.83388e-05
-1.84079e-05
-1.84887e-05
-1.85808e-05
-1.86651e-05
-1.87341e-05
-1.87984e-05
-1.8847e-05
-1.88874e-05
-1.89243e-05
-1.89423e-05
-1.89337e-05
-1.89171e-05
-1.59653e-05
-1.59884e-05
-1.60223e-05
-1.60471e-05
-1.60499e-05
-1.60235e-05
-1.59754e-05
-1.59233e-05
-1.58892e-05
-1.5876e-05
-1.58692e-05
-1.58679e-05
-1.5867e-05
-1.58484e-05
-1.58347e-05
-1.58261e-05
-1.58241e-05
-1.582e-05
-1.58094e-05
-1.58048e-05
-1.57892e-05
-1.57869e-05
-1.57924e-05
-1.57923e-05
-1.58106e-05
-1.583e-05
-1.58496e-05
-1.58816e-05
-1.59232e-05
-1.5972e-05
-1.60247e-05
-1.60704e-05
-1.60827e-05
-1.6062e-05
-1.60422e-05
-1.60313e-05
-1.60288e-05
-1.60048e-05
-1.59759e-05
-1.59579e-05
-1.44051e-05
-1.44104e-05
-1.44486e-05
-1.44944e-05
-1.44955e-05
-1.4469e-05
-1.44088e-05
-1.43454e-05
-1.43006e-05
-1.42814e-05
-1.42523e-05
-1.42115e-05
-1.41754e-05
-1.41526e-05
-1.41315e-05
-1.41147e-05
-1.41084e-05
-1.40985e-05
-1.40937e-05
-1.4089e-05
-1.40929e-05
-1.40971e-05
-1.41243e-05
-1.4157e-05
-1.42009e-05
-1.42357e-05
-1.4273e-05
-1.43133e-05
-1.43499e-05
-1.4391e-05
-1.44389e-05
-1.44839e-05
-1.45251e-05
-1.45438e-05
-1.45368e-05
-1.45266e-05
-1.45043e-05
-1.44847e-05
-1.44478e-05
-1.44203e-05
-5.32201e-06
-5.42282e-06
-5.40426e-06
-5.21063e-06
-5.06372e-06
-5.21636e-06
-5.67341e-06
-6.36205e-06
-7.22149e-06
-8.11724e-06
-8.84124e-06
-9.03422e-06
-8.55459e-06
-7.73704e-06
-7.00271e-06
-6.48112e-06
-6.02919e-06
-5.5075e-06
-5.07988e-06
-4.99382e-06
-5.28233e-06
-5.74424e-06
-6.29039e-06
-6.89585e-06
-7.49447e-06
-8.08469e-06
-8.52664e-06
-8.71394e-06
-8.56531e-06
-8.14287e-06
-7.67011e-06
-7.314e-06
-7.09203e-06
-6.7954e-06
-6.28727e-06
-5.54598e-06
-4.86267e-06
-4.64855e-06
-4.83211e-06
-5.14048e-06
-5.41725e-06
-5.51907e-06
-5.50721e-06
-5.30741e-06
-5.15776e-06
-5.31461e-06
-5.78061e-06
-6.48055e-06
-7.35409e-06
-8.25452e-06
-8.98242e-06
-9.17176e-06
-8.6785e-06
-7.84216e-06
-7.10165e-06
-6.58553e-06
-6.13405e-06
-5.60613e-06
-5.16672e-06
-5.0633e-06
-5.34225e-06
-5.79848e-06
-6.34083e-06
-6.94633e-06
-7.54836e-06
-8.14023e-06
-8.58204e-06
-8.77641e-06
-8.63807e-06
-8.22422e-06
-7.76756e-06
-7.42081e-06
-7.19787e-06
-6.90068e-06
-6.40218e-06
-5.67409e-06
-4.99375e-06
-4.76827e-06
-4.94005e-06
-5.23929e-06
-6.0668e-06
-6.1616e-06
-6.17722e-06
-6.02001e-06
-5.886e-06
-6.05097e-06
-6.54485e-06
-7.27877e-06
-8.17751e-06
-9.09201e-06
-9.81074e-06
-9.99479e-06
-9.51991e-06
-8.70054e-06
-7.96909e-06
-7.46149e-06
-7.00611e-06
-6.45375e-06
-5.99159e-06
-5.89012e-06
-6.18661e-06
-6.65178e-06
-7.17958e-06
-7.77489e-06
-8.38455e-06
-8.9861e-06
-9.42163e-06
-9.58796e-06
-9.44641e-06
-9.05316e-06
-8.6124e-06
-8.27952e-06
-8.04585e-06
-7.71779e-06
-7.19542e-06
-6.4667e-06
-5.78434e-06
-5.52856e-06
-5.65973e-06
-5.91869e-06
-7.73132e-06
-7.8317e-06
-7.90317e-06
-7.81405e-06
-7.72027e-06
-7.88252e-06
-8.37252e-06
-9.14841e-06
-1.00954e-05
-1.10258e-05
-1.173e-05
-1.19465e-05
-1.1585e-05
-1.08766e-05
-1.02144e-05
-9.73964e-06
-9.27812e-06
-8.67228e-06
-8.14437e-06
-8.01778e-06
-8.31748e-06
-8.79429e-06
-9.30885e-06
-9.8745e-06
-1.04804e-05
-1.10884e-05
-1.15023e-05
-1.16169e-05
-1.1426e-05
-1.10132e-05
-1.05538e-05
-1.01888e-05
-9.89783e-06
-9.48772e-06
-8.93111e-06
-8.20882e-06
-7.53972e-06
-7.27202e-06
-7.38204e-06
-7.60707e-06
-1.07055e-05
-1.08639e-05
-1.09881e-05
-1.09665e-05
-1.09009e-05
-1.10373e-05
-1.14455e-05
-1.2163e-05
-1.31465e-05
-1.41562e-05
-1.48773e-05
-1.51308e-05
-1.49188e-05
-1.437e-05
-1.38071e-05
-1.33841e-05
-1.2942e-05
-1.23165e-05
-1.17313e-05
-1.15991e-05
-1.19442e-05
-1.24341e-05
-1.28973e-05
-1.33668e-05
-1.38945e-05
-1.44447e-05
-1.476e-05
-1.47191e-05
-1.44438e-05
-1.40296e-05
-1.35769e-05
-1.31528e-05
-1.27156e-05
-1.21964e-05
-1.16072e-05
-1.09495e-05
-1.03882e-05
-1.01689e-05
-1.02851e-05
-1.05337e-05
-1.50665e-05
-1.52732e-05
-1.54336e-05
-1.54521e-05
-1.53805e-05
-1.53579e-05
-1.55407e-05
-1.60551e-05
-1.69759e-05
-1.80251e-05
-1.87729e-05
-1.90536e-05
-1.88739e-05
-1.84219e-05
-1.79523e-05
-1.76471e-05
-1.7319e-05
-1.67923e-05
-1.63344e-05
-1.62844e-05
-1.66897e-05
-1.71827e-05
-1.75492e-05
-1.78287e-05
-1.81306e-05
-1.8467e-05
-1.86042e-05
-1.84618e-05
-1.81948e-05
-1.79057e-05
-1.75117e-05
-1.69711e-05
-1.64124e-05
-1.58835e-05
-1.5379e-05
-1.4871e-05
-1.44747e-05
-1.43634e-05
-1.45082e-05
-1.482e-05
-2.04372e-05
-2.069e-05
-2.08566e-05
-2.08697e-05
-2.0666e-05
-2.03996e-05
-2.02947e-05
-2.05133e-05
-2.11276e-05
-2.20344e-05
-2.27993e-05
-2.31395e-05
-2.29453e-05
-2.2475e-05
-2.20276e-05
-2.18367e-05
-2.1798e-05
-2.16189e-05
-2.13948e-05
-2.14472e-05
-2.18668e-05
-2.22743e-05
-2.24011e-05
-2.23593e-05
-2.24212e-05
-2.25989e-05
-2.27722e-05
-2.27932e-05
-2.27044e-05
-2.25685e-05
-2.21626e-05
-2.15168e-05
-2.08944e-05
-2.04066e-05
-2.0033e-05
-1.96755e-05
-1.9433e-05
-1.94228e-05
-1.96623e-05
-2.00734e-05
-2.60763e-05
-2.62985e-05
-2.63457e-05
-2.61537e-05
-2.56908e-05
-2.52177e-05
-2.49036e-05
-2.48015e-05
-2.50755e-05
-2.57675e-05
-2.65131e-05
-2.68053e-05
-2.64673e-05
-2.58685e-05
-2.55096e-05
-2.55819e-05
-2.58579e-05
-2.60162e-05
-2.60424e-05
-2.61683e-05
-2.64473e-05
-2.66384e-05
-2.65926e-05
-2.64306e-05
-2.63794e-05
-2.65786e-05
-2.69499e-05
-2.72497e-05
-2.7434e-05
-2.74168e-05
-2.69904e-05
-2.62482e-05
-2.55628e-05
-2.51007e-05
-2.48273e-05
-2.46742e-05
-2.46561e-05
-2.48675e-05
-2.52738e-05
-2.57283e-05
-3.10922e-05
-3.10776e-05
-3.08811e-05
-3.04599e-05
-2.9823e-05
-2.91779e-05
-2.87077e-05
-2.84047e-05
-2.84641e-05
-2.90349e-05
-2.97985e-05
-3.01387e-05
-2.98721e-05
-2.94491e-05
-2.93207e-05
-2.95485e-05
-2.97916e-05
-2.98809e-05
-2.98533e-05
-2.98991e-05
-3.01108e-05
-3.03576e-05
-3.05264e-05
-3.05698e-05
-3.0562e-05
-3.06852e-05
-3.09699e-05
-3.12336e-05
-3.14148e-05
-3.14595e-05
-3.12129e-05
-3.0703e-05
-3.01031e-05
-2.96488e-05
-2.93689e-05
-2.93283e-05
-2.94804e-05
-2.98298e-05
-3.0371e-05
-3.08526e-05
-3.49375e-05
-3.50164e-05
-3.48302e-05
-3.43721e-05
-3.36634e-05
-3.29141e-05
-3.23308e-05
-3.19404e-05
-3.17973e-05
-3.2183e-05
-3.28751e-05
-3.33537e-05
-3.33201e-05
-3.31462e-05
-3.30902e-05
-3.31251e-05
-3.3061e-05
-3.28617e-05
-3.26627e-05
-3.26405e-05
-3.29021e-05
-3.33632e-05
-3.37893e-05
-3.40153e-05
-3.40226e-05
-3.39201e-05
-3.38381e-05
-3.38398e-05
-3.39581e-05
-3.42376e-05
-3.44819e-05
-3.45152e-05
-3.42238e-05
-3.38388e-05
-3.35351e-05
-3.34181e-05
-3.34458e-05
-3.36789e-05
-3.41356e-05
-3.46081e-05
-3.80436e-05
-3.82772e-05
-3.82582e-05
-3.79842e-05
-3.74517e-05
-3.67999e-05
-3.62732e-05
-3.5899e-05
-3.56767e-05
-3.58509e-05
-3.63083e-05
-3.6567e-05
-3.64815e-05
-3.62974e-05
-3.62018e-05
-3.60374e-05
-3.56454e-05
-3.50746e-05
-3.46144e-05
-3.44304e-05
-3.45731e-05
-3.50949e-05
-3.56683e-05
-3.60342e-05
-3.6179e-05
-3.61051e-05
-3.59175e-05
-3.57993e-05
-3.58982e-05
-3.63703e-05
-3.6982e-05
-3.73568e-05
-3.74171e-05
-3.72735e-05
-3.71302e-05
-3.70414e-05
-3.69422e-05
-3.69902e-05
-3.72864e-05
-3.7667e-05
-3.95918e-05
-3.98766e-05
-3.99505e-05
-3.98083e-05
-3.94414e-05
-3.90278e-05
-3.87651e-05
-3.86596e-05
-3.866e-05
-3.88602e-05
-3.91808e-05
-3.93123e-05
-3.91132e-05
-3.87671e-05
-3.84418e-05
-3.7946e-05
-3.7165e-05
-3.62929e-05
-3.56611e-05
-3.53736e-05
-3.54212e-05
-3.57823e-05
-3.62491e-05
-3.66763e-05
-3.70414e-05
-3.73043e-05
-3.73796e-05
-3.73515e-05
-3.74128e-05
-3.78093e-05
-3.83872e-05
-3.88894e-05
-3.91005e-05
-3.91147e-05
-3.90888e-05
-3.90907e-05
-3.9068e-05
-3.9042e-05
-3.90797e-05
-3.92662e-05
-3.93741e-05
-3.95093e-05
-3.9562e-05
-3.9441e-05
-3.92151e-05
-3.90044e-05
-3.89186e-05
-3.90317e-05
-3.91212e-05
-3.9241e-05
-3.9376e-05
-3.93343e-05
-3.89482e-05
-3.84715e-05
-3.80624e-05
-3.75774e-05
-3.69091e-05
-3.62599e-05
-3.58671e-05
-3.57504e-05
-3.57853e-05
-3.59428e-05
-3.62613e-05
-3.6605e-05
-3.69577e-05
-3.72796e-05
-3.75353e-05
-3.77247e-05
-3.79895e-05
-3.84609e-05
-3.90159e-05
-3.94374e-05
-3.97067e-05
-3.98537e-05
-3.98791e-05
-3.97983e-05
-3.96453e-05
-3.94766e-05
-3.9369e-05
-3.93399e-05
-3.82022e-05
-3.81678e-05
-3.80717e-05
-3.78289e-05
-3.74789e-05
-3.71583e-05
-3.70008e-05
-3.69693e-05
-3.68454e-05
-3.66094e-05
-3.64914e-05
-3.62691e-05
-3.58696e-05
-3.5394e-05
-3.51287e-05
-3.50295e-05
-3.48551e-05
-3.46846e-05
-3.4653e-05
-3.47914e-05
-3.50952e-05
-3.54365e-05
-3.57718e-05
-3.6067e-05
-3.63866e-05
-3.68367e-05
-3.73196e-05
-3.77306e-05
-3.8033e-05
-3.83521e-05
-3.86429e-05
-3.88898e-05
-3.90802e-05
-3.92366e-05
-3.9254e-05
-3.91218e-05
-3.88543e-05
-3.85956e-05
-3.83892e-05
-3.8264e-05
-3.59109e-05
-3.5609e-05
-3.53203e-05
-3.50251e-05
-3.47357e-05
-3.46026e-05
-3.45616e-05
-3.45106e-05
-3.43218e-05
-3.40872e-05
-3.40231e-05
-3.40307e-05
-3.39596e-05
-3.38318e-05
-3.37049e-05
-3.35724e-05
-3.34036e-05
-3.32098e-05
-3.3147e-05
-3.32563e-05
-3.35364e-05
-3.38317e-05
-3.41632e-05
-3.45245e-05
-3.49312e-05
-3.53623e-05
-3.58191e-05
-3.6205e-05
-3.6489e-05
-3.67915e-05
-3.71441e-05
-3.73809e-05
-3.7537e-05
-3.75874e-05
-3.75587e-05
-3.74448e-05
-3.71647e-05
-3.67741e-05
-3.64518e-05
-3.62143e-05
-3.42247e-05
-3.41159e-05
-3.40587e-05
-3.40188e-05
-3.40073e-05
-3.40347e-05
-3.4143e-05
-3.42517e-05
-3.42707e-05
-3.41902e-05
-3.41396e-05
-3.40871e-05
-3.40177e-05
-3.38818e-05
-3.36657e-05
-3.34155e-05
-3.31057e-05
-3.27921e-05
-3.2521e-05
-3.23408e-05
-3.22756e-05
-3.23679e-05
-3.2629e-05
-3.29783e-05
-3.33432e-05
-3.37001e-05
-3.4014e-05
-3.42435e-05
-3.43438e-05
-3.43918e-05
-3.45491e-05
-3.47361e-05
-3.48426e-05
-3.48525e-05
-3.4852e-05
-3.48739e-05
-3.47884e-05
-3.46364e-05
-3.45001e-05
-3.43765e-05
-3.15055e-05
-3.15453e-05
-3.17164e-05
-3.19883e-05
-3.22645e-05
-3.25454e-05
-3.27611e-05
-3.29297e-05
-3.29923e-05
-3.29318e-05
-3.28584e-05
-3.28263e-05
-3.28388e-05
-3.28072e-05
-3.27033e-05
-3.2536e-05
-3.22887e-05
-3.20297e-05
-3.17971e-05
-3.16353e-05
-3.16013e-05
-3.17086e-05
-3.19611e-05
-3.22458e-05
-3.24453e-05
-3.25263e-05
-3.2521e-05
-3.24401e-05
-3.23451e-05
-3.22982e-05
-3.23288e-05
-3.24252e-05
-3.2447e-05
-3.23374e-05
-3.22271e-05
-3.21269e-05
-3.19723e-05
-3.17554e-05
-3.15937e-05
-3.15212e-05
-2.83801e-05
-2.82511e-05
-2.82228e-05
-2.82729e-05
-2.83828e-05
-2.8548e-05
-2.87296e-05
-2.88845e-05
-2.89615e-05
-2.89644e-05
-2.8961e-05
-2.89948e-05
-2.90121e-05
-2.89908e-05
-2.89443e-05
-2.88763e-05
-2.88506e-05
-2.88958e-05
-2.9009e-05
-2.91777e-05
-2.93993e-05
-2.96856e-05
-2.99848e-05
-3.02541e-05
-3.0439e-05
-3.051e-05
-3.04716e-05
-3.03959e-05
-3.03146e-05
-3.02608e-05
-3.02566e-05
-3.02698e-05
-3.02186e-05
-3.00567e-05
-2.98671e-05
-2.96868e-05
-2.94595e-05
-2.9194e-05
-2.88758e-05
-2.85892e-05
-2.69383e-05
-2.67209e-05
-2.65265e-05
-2.6373e-05
-2.62616e-05
-2.62165e-05
-2.62446e-05
-2.63517e-05
-2.64657e-05
-2.65191e-05
-2.65008e-05
-2.64364e-05
-2.63413e-05
-2.62321e-05
-2.60937e-05
-2.59626e-05
-2.59344e-05
-2.60263e-05
-2.61841e-05
-2.63584e-05
-2.65712e-05
-2.6833e-05
-2.70975e-05
-2.73361e-05
-2.75523e-05
-2.77363e-05
-2.78644e-05
-2.79311e-05
-2.79645e-05
-2.8035e-05
-2.81591e-05
-2.83001e-05
-2.83937e-05
-2.8393e-05
-2.8308e-05
-2.82061e-05
-2.80459e-05
-2.77924e-05
-2.74857e-05
-2.71814e-05
-2.56418e-05
-2.53985e-05
-2.52046e-05
-2.50762e-05
-2.50022e-05
-2.49625e-05
-2.49773e-05
-2.50485e-05
-2.51627e-05
-2.52681e-05
-2.5323e-05
-2.5343e-05
-2.5345e-05
-2.53644e-05
-2.53904e-05
-2.54318e-05
-2.55025e-05
-2.56332e-05
-2.58126e-05
-2.60355e-05
-2.6294e-05
-2.65479e-05
-2.677e-05
-2.69342e-05
-2.70285e-05
-2.7095e-05
-2.71477e-05
-2.72021e-05
-2.72169e-05
-2.71915e-05
-2.71845e-05
-2.72024e-05
-2.71734e-05
-2.7056e-05
-2.68838e-05
-2.66666e-05
-2.64587e-05
-2.62655e-05
-2.60796e-05
-2.58778e-05
-2.50959e-05
-2.49337e-05
-2.47881e-05
-2.46588e-05
-2.45723e-05
-2.4506e-05
-2.44485e-05
-2.44303e-05
-2.44535e-05
-2.44832e-05
-2.45e-05
-2.44883e-05
-2.4431e-05
-2.43459e-05
-2.4274e-05
-2.42189e-05
-2.41935e-05
-2.41885e-05
-2.42433e-05
-2.43694e-05
-2.45497e-05
-2.47793e-05
-2.50355e-05
-2.52787e-05
-2.54867e-05
-2.56607e-05
-2.57988e-05
-2.59133e-05
-2.6014e-05
-2.60801e-05
-2.61209e-05
-2.61429e-05
-2.61514e-05
-2.61252e-05
-2.60412e-05
-2.59184e-05
-2.57622e-05
-2.55988e-05
-2.54346e-05
-2.5268e-05
-2.34016e-05
-2.33403e-05
-2.32888e-05
-2.32415e-05
-2.31992e-05
-2.31642e-05
-2.31557e-05
-2.31486e-05
-2.31548e-05
-2.31726e-05
-2.31796e-05
-2.31927e-05
-2.3181e-05
-2.3139e-05
-2.31175e-05
-2.31041e-05
-2.30851e-05
-2.305e-05
-2.30088e-05
-2.29958e-05
-2.30163e-05
-2.30695e-05
-2.31184e-05
-2.31711e-05
-2.32166e-05
-2.3259e-05
-2.33019e-05
-2.33614e-05
-2.34317e-05
-2.35057e-05
-2.35764e-05
-2.36278e-05
-2.36636e-05
-2.36895e-05
-2.37057e-05
-2.36979e-05
-2.36528e-05
-2.35924e-05
-2.35291e-05
-2.34705e-05
-1.96803e-05
-1.96197e-05
-1.95552e-05
-1.95117e-05
-1.94807e-05
-1.94479e-05
-1.94255e-05
-1.94232e-05
-1.94502e-05
-1.94756e-05
-1.94985e-05
-1.94992e-05
-1.95034e-05
-1.9505e-05
-1.94976e-05
-1.94951e-05
-1.9491e-05
-1.948e-05
-1.94628e-05
-1.94424e-05
-1.94297e-05
-1.94392e-05
-1.94586e-05
-1.94976e-05
-1.95465e-05
-1.95787e-05
-1.9618e-05
-1.96542e-05
-1.97105e-05
-1.97546e-05
-1.97964e-05
-1.98319e-05
-1.98552e-05
-1.98741e-05
-1.98777e-05
-1.98696e-05
-1.98522e-05
-1.98139e-05
-1.97733e-05
-1.97303e-05
-1.57314e-05
-1.56873e-05
-1.56555e-05
-1.56333e-05
-1.56063e-05
-1.55639e-05
-1.5526e-05
-1.54791e-05
-1.54506e-05
-1.54644e-05
-1.54809e-05
-1.54913e-05
-1.54973e-05
-1.54962e-05
-1.54904e-05
-1.54998e-05
-1.5517e-05
-1.55369e-05
-1.5556e-05
-1.55759e-05
-1.55987e-05
-1.56265e-05
-1.56764e-05
-1.57316e-05
-1.57775e-05
-1.5809e-05
-1.58482e-05
-1.5895e-05
-1.59399e-05
-1.59851e-05
-1.60391e-05
-1.6076e-05
-1.6089e-05
-1.60831e-05
-1.60543e-05
-1.60178e-05
-1.59563e-05
-1.58904e-05
-1.58321e-05
-1.5778e-05
-1.41623e-05
-1.41526e-05
-1.41528e-05
-1.415e-05
-1.4132e-05
-1.40753e-05
-1.3992e-05
-1.38907e-05
-1.38087e-05
-1.37485e-05
-1.37145e-05
-1.36858e-05
-1.36667e-05
-1.36563e-05
-1.36403e-05
-1.36283e-05
-1.36148e-05
-1.36105e-05
-1.36101e-05
-1.36147e-05
-1.36293e-05
-1.36491e-05
-1.36754e-05
-1.37147e-05
-1.37468e-05
-1.3773e-05
-1.37979e-05
-1.38464e-05
-1.39025e-05
-1.39621e-05
-1.40213e-05
-1.40857e-05
-1.41482e-05
-1.41924e-05
-1.42137e-05
-1.42256e-05
-1.42369e-05
-1.42273e-05
-1.42035e-05
-1.41768e-05
-2.57667e-06
-3.67366e-06
-4.30318e-06
-4.55027e-06
-4.55257e-06
-4.45707e-06
-4.49968e-06
-4.65796e-06
-4.93646e-06
-5.2515e-06
-5.59524e-06
-5.76243e-06
-5.48227e-06
-4.78187e-06
-3.71601e-06
-2.58214e-06
-1.72581e-06
-1.12861e-06
-6.93239e-07
-3.80684e-07
-2.07781e-07
-1.43705e-07
-5.2883e-08
1.38799e-07
4.34462e-07
7.86572e-07
1.11025e-06
1.33279e-06
1.44398e-06
1.56882e-06
1.73733e-06
1.84187e-06
1.85867e-06
1.90193e-06
2.19822e-06
2.51136e-06
2.36682e-06
1.59899e-06
3.53053e-07
-1.12024e-06
-2.81731e-06
-3.9019e-06
-4.52532e-06
-4.77244e-06
-4.7855e-06
-4.7068e-06
-4.7609e-06
-4.92535e-06
-5.20145e-06
-5.51355e-06
-5.87257e-06
-6.06469e-06
-5.80715e-06
-5.12134e-06
-4.06036e-06
-2.9126e-06
-2.0336e-06
-1.41181e-06
-9.70315e-07
-6.63267e-07
-4.88438e-07
-4.18019e-07
-3.28955e-07
-1.45027e-07
1.45333e-07
4.93391e-07
8.16929e-07
1.03515e-06
1.13913e-06
1.25576e-06
1.42597e-06
1.53445e-06
1.55519e-06
1.59164e-06
1.87592e-06
2.1953e-06
2.06678e-06
1.31557e-06
8.37828e-08
-1.3757e-06
-3.76928e-06
-4.81982e-06
-5.41095e-06
-5.63591e-06
-5.61979e-06
-5.52838e-06
-5.61e-06
-5.80509e-06
-6.10668e-06
-6.47159e-06
-6.90829e-06
-7.17398e-06
-6.9647e-06
-6.29301e-06
-5.27547e-06
-4.17676e-06
-3.29733e-06
-2.61234e-06
-2.09212e-06
-1.73085e-06
-1.52075e-06
-1.41509e-06
-1.30057e-06
-1.09386e-06
-7.89114e-07
-4.38662e-07
-1.21109e-07
8.8529e-08
1.89806e-07
3.1161e-07
4.78493e-07
5.83024e-07
5.8627e-07
6.1537e-07
8.92601e-07
1.19821e-06
1.05382e-06
3.01179e-07
-9.13013e-07
-2.35157e-06
-5.96145e-06
-6.94302e-06
-7.47075e-06
-7.62458e-06
-7.52893e-06
-7.35373e-06
-7.41378e-06
-7.68925e-06
-8.13357e-06
-8.68808e-06
-9.26309e-06
-9.55538e-06
-9.28046e-06
-8.58845e-06
-7.66327e-06
-6.69903e-06
-5.88312e-06
-5.13648e-06
-4.47402e-06
-3.99211e-06
-3.70297e-06
-3.55109e-06
-3.39008e-06
-3.12043e-06
-2.74724e-06
-2.36483e-06
-2.05877e-06
-1.88463e-06
-1.83275e-06
-1.74347e-06
-1.59882e-06
-1.53165e-06
-1.56737e-06
-1.55879e-06
-1.32822e-06
-1.10111e-06
-1.30324e-06
-2.07471e-06
-3.2428e-06
-4.60863e-06
-9.65701e-06
-1.04846e-05
-1.0877e-05
-1.08961e-05
-1.06291e-05
-1.03113e-05
-1.03667e-05
-1.08247e-05
-1.15536e-05
-1.23381e-05
-1.29454e-05
-1.3069e-05
-1.25857e-05
-1.18489e-05
-1.10405e-05
-1.02535e-05
-9.54349e-06
-8.82119e-06
-8.12326e-06
-7.55951e-06
-7.19314e-06
-6.9969e-06
-6.80486e-06
-6.46242e-06
-5.98569e-06
-5.53495e-06
-5.22887e-06
-5.12287e-06
-5.15407e-06
-5.15264e-06
-5.06697e-06
-5.01707e-06
-5.05154e-06
-5.06825e-06
-4.97195e-06
-4.94586e-06
-5.28788e-06
-6.0785e-06
-7.18324e-06
-8.44444e-06
-1.45213e-05
-1.51648e-05
-1.53942e-05
-1.52482e-05
-1.479e-05
-1.43844e-05
-1.45127e-05
-1.51437e-05
-1.60292e-05
-1.67643e-05
-1.71649e-05
-1.70811e-05
-1.65552e-05
-1.59209e-05
-1.52702e-05
-1.46594e-05
-1.41225e-05
-1.35564e-05
-1.29089e-05
-1.23379e-05
-1.19548e-05
-1.17827e-05
-1.16043e-05
-1.12602e-05
-1.07343e-05
-1.02186e-05
-9.83047e-06
-9.63618e-06
-9.61229e-06
-9.62614e-06
-9.61927e-06
-9.6336e-06
-9.68393e-06
-9.77458e-06
-9.9112e-06
-1.01301e-05
-1.06029e-05
-1.13826e-05
-1.23592e-05
-1.34728e-05
-1.9584e-05
-2.01082e-05
-2.02845e-05
-2.01974e-05
-1.9841e-05
-1.94959e-05
-1.96651e-05
-2.023e-05
-2.08775e-05
-2.13659e-05
-2.15782e-05
-2.14853e-05
-2.1072e-05
-2.058e-05
-2.01142e-05
-1.96717e-05
-1.92507e-05
-1.87732e-05
-1.82848e-05
-1.79322e-05
-1.77635e-05
-1.77067e-05
-1.76483e-05
-1.73725e-05
-1.68187e-05
-1.61378e-05
-1.54783e-05
-1.49753e-05
-1.47331e-05
-1.47709e-05
-1.49053e-05
-1.49756e-05
-1.50875e-05
-1.53024e-05
-1.55896e-05
-1.5902e-05
-1.63564e-05
-1.70672e-05
-1.78629e-05
-1.87508e-05
-2.44395e-05
-2.4826e-05
-2.5078e-05
-2.51949e-05
-2.51784e-05
-2.50904e-05
-2.50959e-05
-2.51619e-05
-2.52471e-05
-2.53427e-05
-2.5604e-05
-2.57811e-05
-2.55897e-05
-2.52308e-05
-2.48755e-05
-2.45322e-05
-2.4225e-05
-2.39046e-05
-2.36714e-05
-2.36762e-05
-2.3806e-05
-2.39417e-05
-2.39667e-05
-2.36631e-05
-2.29278e-05
-2.19521e-05
-2.09907e-05
-2.03062e-05
-2.01223e-05
-2.03611e-05
-2.06859e-05
-2.08159e-05
-2.08872e-05
-2.10899e-05
-2.13495e-05
-2.16717e-05
-2.21634e-05
-2.28523e-05
-2.34775e-05
-2.39615e-05
-2.91312e-05
-2.9395e-05
-2.97417e-05
-3.01077e-05
-3.03155e-05
-3.02077e-05
-2.98711e-05
-2.95238e-05
-2.91498e-05
-2.89526e-05
-2.91707e-05
-2.9488e-05
-2.94869e-05
-2.92435e-05
-2.89914e-05
-2.86919e-05
-2.83966e-05
-2.81803e-05
-2.81874e-05
-2.84736e-05
-2.88669e-05
-2.9143e-05
-2.9201e-05
-2.87887e-05
-2.79397e-05
-2.68963e-05
-2.60136e-05
-2.55544e-05
-2.56367e-05
-2.60923e-05
-2.64797e-05
-2.66341e-05
-2.66573e-05
-2.67555e-05
-2.69442e-05
-2.71742e-05
-2.75778e-05
-2.81332e-05
-2.86129e-05
-2.89175e-05
-3.32741e-05
-3.34789e-05
-3.38371e-05
-3.42709e-05
-3.45814e-05
-3.4559e-05
-3.43208e-05
-3.39913e-05
-3.35592e-05
-3.32162e-05
-3.32529e-05
-3.34326e-05
-3.34433e-05
-3.31168e-05
-3.26722e-05
-3.21443e-05
-3.16391e-05
-3.12743e-05
-3.11883e-05
-3.14962e-05
-3.18576e-05
-3.21069e-05
-3.21544e-05
-3.18992e-05
-3.13681e-05
-3.0764e-05
-3.03257e-05
-3.02481e-05
-3.05505e-05
-3.10621e-05
-3.15075e-05
-3.17538e-05
-3.18818e-05
-3.19996e-05
-3.20924e-05
-3.21503e-05
-3.23091e-05
-3.26806e-05
-3.30021e-05
-3.316e-05
-3.67878e-05
-3.68235e-05
-3.70344e-05
-3.73798e-05
-3.77342e-05
-3.78233e-05
-3.77278e-05
-3.75347e-05
-3.71084e-05
-3.66789e-05
-3.65241e-05
-3.65015e-05
-3.63443e-05
-3.58725e-05
-3.51768e-05
-3.43294e-05
-3.34947e-05
-3.28804e-05
-3.26241e-05
-3.27698e-05
-3.31404e-05
-3.34229e-05
-3.36325e-05
-3.36609e-05
-3.35626e-05
-3.34749e-05
-3.34798e-05
-3.37889e-05
-3.4332e-05
-3.49728e-05
-3.54409e-05
-3.57356e-05
-3.5912e-05
-3.59964e-05
-3.60591e-05
-3.6079e-05
-3.62217e-05
-3.65218e-05
-3.67932e-05
-3.68367e-05
-3.96479e-05
-3.97412e-05
-3.98411e-05
-3.99723e-05
-4.01192e-05
-4.01072e-05
-4.00066e-05
-3.98988e-05
-3.95588e-05
-3.91108e-05
-3.87802e-05
-3.8501e-05
-3.80718e-05
-3.74219e-05
-3.66363e-05
-3.57748e-05
-3.48571e-05
-3.4052e-05
-3.35736e-05
-3.34975e-05
-3.37818e-05
-3.42185e-05
-3.46896e-05
-3.50114e-05
-3.51733e-05
-3.53328e-05
-3.56306e-05
-3.61703e-05
-3.689e-05
-3.76007e-05
-3.80504e-05
-3.82219e-05
-3.82573e-05
-3.82036e-05
-3.82212e-05
-3.83178e-05
-3.84815e-05
-3.88217e-05
-3.91699e-05
-3.94625e-05
-4.10477e-05
-4.12194e-05
-4.12374e-05
-4.12525e-05
-4.12799e-05
-4.12498e-05
-4.12096e-05
-4.11487e-05
-4.09026e-05
-4.04538e-05
-4.001e-05
-3.95832e-05
-3.90154e-05
-3.83689e-05
-3.76202e-05
-3.68155e-05
-3.59249e-05
-3.51014e-05
-3.44836e-05
-3.42482e-05
-3.44516e-05
-3.49328e-05
-3.54363e-05
-3.57453e-05
-3.594e-05
-3.62026e-05
-3.66631e-05
-3.73179e-05
-3.80541e-05
-3.86681e-05
-3.90072e-05
-3.90945e-05
-3.90625e-05
-3.90114e-05
-3.89619e-05
-3.90062e-05
-3.91333e-05
-3.94685e-05
-4.00272e-05
-4.0613e-05
-3.98847e-05
-4.0151e-05
-4.01832e-05
-4.0169e-05
-4.01848e-05
-4.02027e-05
-4.02406e-05
-4.03003e-05
-4.02233e-05
-3.99307e-05
-3.95692e-05
-3.9248e-05
-3.89412e-05
-3.85814e-05
-3.80421e-05
-3.73307e-05
-3.65678e-05
-3.572e-05
-3.49394e-05
-3.44964e-05
-3.43913e-05
-3.45442e-05
-3.47711e-05
-3.4936e-05
-3.50346e-05
-3.51272e-05
-3.54535e-05
-3.60351e-05
-3.66848e-05
-3.71699e-05
-3.74075e-05
-3.74564e-05
-3.75474e-05
-3.7648e-05
-3.77626e-05
-3.78324e-05
-3.79231e-05
-3.81607e-05
-3.87051e-05
-3.93563e-05
-3.63192e-05
-3.66267e-05
-3.67448e-05
-3.68195e-05
-3.69256e-05
-3.70311e-05
-3.70856e-05
-3.71733e-05
-3.7255e-05
-3.72862e-05
-3.72731e-05
-3.72766e-05
-3.72713e-05
-3.71818e-05
-3.69455e-05
-3.65153e-05
-3.59223e-05
-3.52736e-05
-3.46166e-05
-3.4121e-05
-3.38286e-05
-3.37227e-05
-3.37431e-05
-3.37812e-05
-3.38464e-05
-3.3912e-05
-3.40288e-05
-3.42222e-05
-3.43026e-05
-3.42799e-05
-3.41309e-05
-3.40143e-05
-3.40388e-05
-3.41917e-05
-3.43898e-05
-3.45668e-05
-3.47054e-05
-3.49419e-05
-3.53575e-05
-3.58576e-05
-3.27227e-05
-3.30548e-05
-3.33523e-05
-3.36383e-05
-3.39373e-05
-3.41765e-05
-3.43169e-05
-3.44592e-05
-3.45804e-05
-3.46807e-05
-3.4767e-05
-3.47899e-05
-3.47432e-05
-3.4722e-05
-3.46808e-05
-3.44695e-05
-3.41438e-05
-3.37641e-05
-3.33876e-05
-3.30412e-05
-3.28644e-05
-3.28949e-05
-3.29842e-05
-3.3057e-05
-3.31537e-05
-3.32479e-05
-3.32295e-05
-3.31046e-05
-3.29264e-05
-3.26608e-05
-3.2343e-05
-3.2022e-05
-3.18083e-05
-3.16915e-05
-3.16306e-05
-3.16249e-05
-3.16643e-05
-3.17608e-05
-3.19878e-05
-3.23344e-05
-2.92763e-05
-2.95294e-05
-2.98527e-05
-3.02372e-05
-3.06556e-05
-3.10818e-05
-3.14978e-05
-3.19191e-05
-3.22821e-05
-3.25617e-05
-3.27786e-05
-3.28907e-05
-3.29776e-05
-3.31418e-05
-3.33098e-05
-3.33299e-05
-3.32179e-05
-3.30544e-05
-3.28367e-05
-3.25919e-05
-3.24157e-05
-3.23651e-05
-3.23751e-05
-3.23782e-05
-3.23262e-05
-3.22477e-05
-3.21303e-05
-3.19534e-05
-3.1711e-05
-3.14545e-05
-3.11756e-05
-3.08771e-05
-3.05768e-05
-3.029e-05
-3.00489e-05
-2.98474e-05
-2.9608e-05
-2.93516e-05
-2.91809e-05
-2.91539e-05
-2.84846e-05
-2.84719e-05
-2.85277e-05
-2.86323e-05
-2.87923e-05
-2.89903e-05
-2.92314e-05
-2.95008e-05
-2.9764e-05
-3.00556e-05
-3.03249e-05
-3.05097e-05
-3.06384e-05
-3.07902e-05
-3.09394e-05
-3.0974e-05
-3.09169e-05
-3.08278e-05
-3.07594e-05
-3.06959e-05
-3.06329e-05
-3.06168e-05
-3.06767e-05
-3.07185e-05
-3.07199e-05
-3.07495e-05
-3.07908e-05
-3.0812e-05
-3.07742e-05
-3.07134e-05
-3.06272e-05
-3.04815e-05
-3.02607e-05
-3.00081e-05
-2.97713e-05
-2.95828e-05
-2.9361e-05
-2.90532e-05
-2.87617e-05
-2.85746e-05
-2.77546e-05
-2.76204e-05
-2.75107e-05
-2.74044e-05
-2.73342e-05
-2.73376e-05
-2.73861e-05
-2.74656e-05
-2.75913e-05
-2.77099e-05
-2.78373e-05
-2.79544e-05
-2.8038e-05
-2.80864e-05
-2.81325e-05
-2.81856e-05
-2.82592e-05
-2.83671e-05
-2.8495e-05
-2.86393e-05
-2.87527e-05
-2.88716e-05
-2.89897e-05
-2.90971e-05
-2.91889e-05
-2.92811e-05
-2.93719e-05
-2.9441e-05
-2.94828e-05
-2.95229e-05
-2.95529e-05
-2.95481e-05
-2.94577e-05
-2.92932e-05
-2.90924e-05
-2.88721e-05
-2.86458e-05
-2.83867e-05
-2.81421e-05
-2.79378e-05
-2.68456e-05
-2.6677e-05
-2.65965e-05
-2.65878e-05
-2.66231e-05
-2.67092e-05
-2.68173e-05
-2.69483e-05
-2.70746e-05
-2.71666e-05
-2.72365e-05
-2.73051e-05
-2.73694e-05
-2.74416e-05
-2.75347e-05
-2.76545e-05
-2.77865e-05
-2.79388e-05
-2.80979e-05
-2.82363e-05
-2.83783e-05
-2.85219e-05
-2.86596e-05
-2.87785e-05
-2.88687e-05
-2.89279e-05
-2.89476e-05
-2.89425e-05
-2.8919e-05
-2.88936e-05
-2.88716e-05
-2.88272e-05
-2.87144e-05
-2.85317e-05
-2.82883e-05
-2.80151e-05
-2.77478e-05
-2.75105e-05
-2.72934e-05
-2.70653e-05
-2.60668e-05
-2.59079e-05
-2.58174e-05
-2.57826e-05
-2.58123e-05
-2.58771e-05
-2.59611e-05
-2.60792e-05
-2.62104e-05
-2.63344e-05
-2.64507e-05
-2.65694e-05
-2.66594e-05
-2.67129e-05
-2.67625e-05
-2.68299e-05
-2.68799e-05
-2.691e-05
-2.69532e-05
-2.70496e-05
-2.71749e-05
-2.73241e-05
-2.74687e-05
-2.75902e-05
-2.76681e-05
-2.7745e-05
-2.78034e-05
-2.78337e-05
-2.78356e-05
-2.77886e-05
-2.77086e-05
-2.76111e-05
-2.75114e-05
-2.7401e-05
-2.72612e-05
-2.7091e-05
-2.68887e-05
-2.66642e-05
-2.64543e-05
-2.62544e-05
-2.36411e-05
-2.35859e-05
-2.35518e-05
-2.35385e-05
-2.35476e-05
-2.35858e-05
-2.36476e-05
-2.37162e-05
-2.37899e-05
-2.38694e-05
-2.39215e-05
-2.39708e-05
-2.40135e-05
-2.40582e-05
-2.40959e-05
-2.41273e-05
-2.41415e-05
-2.41271e-05
-2.40922e-05
-2.40635e-05
-2.4069e-05
-2.41248e-05
-2.4196e-05
-2.42543e-05
-2.43037e-05
-2.43528e-05
-2.43996e-05
-2.44358e-05
-2.446e-05
-2.44703e-05
-2.44684e-05
-2.4447e-05
-2.4411e-05
-2.4368e-05
-2.43129e-05
-2.42414e-05
-2.41333e-05
-2.39946e-05
-2.38506e-05
-2.37273e-05
-2.00042e-05
-1.99337e-05
-1.98649e-05
-1.98103e-05
-1.97691e-05
-1.97579e-05
-1.97538e-05
-1.97673e-05
-1.97885e-05
-1.98137e-05
-1.982e-05
-1.98298e-05
-1.98284e-05
-1.98156e-05
-1.98097e-05
-1.98173e-05
-1.98346e-05
-1.98327e-05
-1.98095e-05
-1.97997e-05
-1.97971e-05
-1.98098e-05
-1.98416e-05
-1.98858e-05
-1.99404e-05
-1.99968e-05
-2.00397e-05
-2.00987e-05
-2.01643e-05
-2.02315e-05
-2.02979e-05
-2.03481e-05
-2.0386e-05
-2.04102e-05
-2.04124e-05
-2.0381e-05
-2.03205e-05
-2.02489e-05
-2.01751e-05
-2.00932e-05
-1.55519e-05
-1.55127e-05
-1.54841e-05
-1.54562e-05
-1.54208e-05
-1.54029e-05
-1.53772e-05
-1.5347e-05
-1.53372e-05
-1.53449e-05
-1.53533e-05
-1.53557e-05
-1.53536e-05
-1.5352e-05
-1.53529e-05
-1.53597e-05
-1.53797e-05
-1.54112e-05
-1.54347e-05
-1.54518e-05
-1.54692e-05
-1.54946e-05
-1.55266e-05
-1.55702e-05
-1.56075e-05
-1.56451e-05
-1.56888e-05
-1.5724e-05
-1.57578e-05
-1.57904e-05
-1.58211e-05
-1.58541e-05
-1.58679e-05
-1.58741e-05
-1.58612e-05
-1.58252e-05
-1.57824e-05
-1.57261e-05
-1.56591e-05
-1.5599e-05
-1.46564e-05
-1.46285e-05
-1.4599e-05
-1.45904e-05
-1.45725e-05
-1.45371e-05
-1.44863e-05
-1.44224e-05
-1.43628e-05
-1.43213e-05
-1.42883e-05
-1.42682e-05
-1.42552e-05
-1.42416e-05
-1.42338e-05
-1.42165e-05
-1.42013e-05
-1.41875e-05
-1.4179e-05
-1.41739e-05
-1.41728e-05
-1.41912e-05
-1.42295e-05
-1.42616e-05
-1.42899e-05
-1.43102e-05
-1.43359e-05
-1.43774e-05
-1.44278e-05
-1.44725e-05
-1.45117e-05
-1.4549e-05
-1.45859e-05
-1.46134e-05
-1.4638e-05
-1.46613e-05
-1.46784e-05
-1.46903e-05
-1.46921e-05
-1.46824e-05
-7.39589e-06
-7.58752e-06
-7.7426e-06
-7.93445e-06
-8.20257e-06
-8.48554e-06
-8.60976e-06
-8.38333e-06
-7.96391e-06
-7.65942e-06
-7.35806e-06
-6.83116e-06
-6.12695e-06
-5.42946e-06
-4.47728e-06
-3.05455e-06
-1.50917e-06
-2.16332e-07
6.87636e-07
1.28064e-06
1.65407e-06
1.79609e-06
1.78759e-06
1.76162e-06
1.67016e-06
1.36258e-06
7.80281e-07
4.04003e-08
-6.7166e-07
-1.36642e-06
-2.09201e-06
-3.06132e-06
-4.31597e-06
-5.45982e-06
-6.0798e-06
-6.22991e-06
-6.2631e-06
-6.43984e-06
-6.76893e-06
-7.1167e-06
-7.60632e-06
-7.80954e-06
-7.97159e-06
-8.17705e-06
-8.46369e-06
-8.76512e-06
-8.90655e-06
-8.69712e-06
-8.2829e-06
-7.98006e-06
-7.68813e-06
-7.17602e-06
-6.475e-06
-5.78632e-06
-4.8552e-06
-3.44974e-06
-1.91059e-06
-6.20327e-07
2.83276e-07
8.8001e-07
1.26326e-06
1.41193e-06
1.40724e-06
1.38784e-06
1.30405e-06
1.00544e-06
4.41504e-07
-2.71587e-07
-9.64958e-07
-1.64532e-06
-2.36222e-06
-3.32999e-06
-4.58052e-06
-5.70701e-06
-6.31025e-06
-6.44778e-06
-6.47325e-06
-6.64502e-06
-6.97163e-06
-7.3187e-06
-8.52987e-06
-8.72468e-06
-8.8839e-06
-9.09386e-06
-9.38896e-06
-9.69101e-06
-9.82679e-06
-9.6409e-06
-9.27232e-06
-9.01564e-06
-8.78204e-06
-8.341e-06
-7.69437e-06
-7.01288e-06
-6.07401e-06
-4.67327e-06
-3.14399e-06
-1.85929e-06
-9.22457e-07
-2.71963e-07
1.53611e-07
3.23466e-07
3.4007e-07
3.43379e-07
2.74501e-07
-1.92961e-08
-5.99666e-07
-1.32629e-06
-2.01948e-06
-2.70215e-06
-3.42038e-06
-4.38487e-06
-5.63163e-06
-6.75323e-06
-7.33664e-06
-7.44964e-06
-7.44489e-06
-7.59307e-06
-7.90568e-06
-8.24762e-06
-1.06583e-05
-1.07776e-05
-1.08653e-05
-1.10148e-05
-1.1241e-05
-1.1494e-05
-1.16172e-05
-1.14768e-05
-1.11895e-05
-1.09922e-05
-1.08712e-05
-1.05923e-05
-1.0076e-05
-9.46571e-06
-8.55035e-06
-7.17098e-06
-5.65929e-06
-4.36565e-06
-3.38463e-06
-2.65362e-06
-2.13441e-06
-1.88321e-06
-1.81142e-06
-1.75965e-06
-1.80471e-06
-2.13594e-06
-2.78512e-06
-3.59186e-06
-4.37253e-06
-5.11963e-06
-5.88297e-06
-6.85038e-06
-8.05125e-06
-9.14156e-06
-9.69664e-06
-9.78054e-06
-9.76174e-06
-9.88699e-06
-1.01707e-05
-1.0454e-05
-1.40347e-05
-1.4013e-05
-1.39659e-05
-1.39903e-05
-1.40551e-05
-1.41818e-05
-1.43095e-05
-1.42914e-05
-1.4111e-05
-1.40125e-05
-1.40319e-05
-1.39036e-05
-1.35257e-05
-1.30202e-05
-1.21599e-05
-1.08232e-05
-9.37496e-06
-8.15973e-06
-7.21359e-06
-6.45439e-06
-5.85739e-06
-5.50654e-06
-5.32779e-06
-5.23266e-06
-5.28587e-06
-5.66991e-06
-6.42557e-06
-7.37215e-06
-8.30757e-06
-9.16754e-06
-9.94382e-06
-1.08294e-05
-1.18988e-05
-1.28924e-05
-1.34193e-05
-1.34952e-05
-1.34819e-05
-1.3602e-05
-1.38248e-05
-1.39757e-05
-1.83899e-05
-1.83106e-05
-1.81819e-05
-1.8043e-05
-1.78533e-05
-1.77762e-05
-1.78953e-05
-1.79968e-05
-1.7887e-05
-1.78078e-05
-1.79357e-05
-1.79351e-05
-1.76689e-05
-1.72307e-05
-1.64234e-05
-1.51732e-05
-1.38198e-05
-1.27039e-05
-1.19199e-05
-1.12755e-05
-1.06801e-05
-1.02348e-05
-9.94602e-06
-9.81736e-06
-9.96137e-06
-1.04971e-05
-1.14342e-05
-1.24973e-05
-1.34713e-05
-1.43147e-05
-1.50367e-05
-1.58411e-05
-1.68271e-05
-1.77558e-05
-1.82547e-05
-1.83151e-05
-1.82644e-05
-1.83306e-05
-1.84343e-05
-1.84422e-05
-2.31609e-05
-2.30996e-05
-2.29478e-05
-2.27034e-05
-2.23879e-05
-2.21739e-05
-2.22263e-05
-2.22888e-05
-2.21085e-05
-2.19578e-05
-2.20982e-05
-2.21758e-05
-2.20028e-05
-2.16443e-05
-2.09662e-05
-1.98285e-05
-1.85403e-05
-1.75139e-05
-1.68144e-05
-1.62438e-05
-1.56303e-05
-1.51123e-05
-1.48664e-05
-1.48968e-05
-1.52774e-05
-1.60629e-05
-1.71114e-05
-1.81624e-05
-1.89948e-05
-1.96479e-05
-2.03079e-05
-2.11289e-05
-2.21472e-05
-2.30752e-05
-2.35156e-05
-2.34945e-05
-2.33273e-05
-2.32958e-05
-2.33294e-05
-2.32663e-05
-2.76951e-05
-2.78247e-05
-2.78139e-05
-2.75889e-05
-2.71946e-05
-2.68921e-05
-2.67773e-05
-2.66153e-05
-2.62937e-05
-2.6088e-05
-2.62198e-05
-2.63244e-05
-2.62373e-05
-2.59969e-05
-2.54592e-05
-2.44946e-05
-2.33447e-05
-2.2422e-05
-2.1791e-05
-2.12292e-05
-2.04828e-05
-1.98855e-05
-1.9754e-05
-2.00444e-05
-2.06999e-05
-2.16559e-05
-2.27306e-05
-2.36144e-05
-2.41609e-05
-2.4564e-05
-2.51144e-05
-2.58998e-05
-2.68934e-05
-2.78053e-05
-2.81761e-05
-2.80525e-05
-2.77679e-05
-2.76354e-05
-2.76551e-05
-2.76461e-05
-3.12435e-05
-3.15538e-05
-3.173e-05
-3.16341e-05
-3.12887e-05
-3.09209e-05
-3.07343e-05
-3.06403e-05
-3.03749e-05
-3.01074e-05
-3.01331e-05
-3.02414e-05
-3.02471e-05
-3.01623e-05
-2.98086e-05
-2.9011e-05
-2.79782e-05
-2.71057e-05
-2.64755e-05
-2.58623e-05
-2.51675e-05
-2.46646e-05
-2.4617e-05
-2.50722e-05
-2.58632e-05
-2.67614e-05
-2.76012e-05
-2.8192e-05
-2.84802e-05
-2.86566e-05
-2.89907e-05
-2.96247e-05
-3.04479e-05
-3.11939e-05
-3.14921e-05
-3.13392e-05
-3.10619e-05
-3.09208e-05
-3.09429e-05
-3.10366e-05
-3.34787e-05
-3.36398e-05
-3.37652e-05
-3.3748e-05
-3.36497e-05
-3.36018e-05
-3.37384e-05
-3.38797e-05
-3.37801e-05
-3.35344e-05
-3.34883e-05
-3.36372e-05
-3.37871e-05
-3.38363e-05
-3.35656e-05
-3.2827e-05
-3.18745e-05
-3.10365e-05
-3.0351e-05
-2.96968e-05
-2.90337e-05
-2.85847e-05
-2.85879e-05
-2.90736e-05
-2.98453e-05
-3.04908e-05
-3.09971e-05
-3.13089e-05
-3.14418e-05
-3.15187e-05
-3.17713e-05
-3.2279e-05
-3.29192e-05
-3.34539e-05
-3.37138e-05
-3.36897e-05
-3.34998e-05
-3.33904e-05
-3.33777e-05
-3.34095e-05
-3.48903e-05
-3.5025e-05
-3.51191e-05
-3.51825e-05
-3.52818e-05
-3.54315e-05
-3.56987e-05
-3.58912e-05
-3.57841e-05
-3.55094e-05
-3.542e-05
-3.55996e-05
-3.58459e-05
-3.59878e-05
-3.59138e-05
-3.54732e-05
-3.47763e-05
-3.40142e-05
-3.32904e-05
-3.26273e-05
-3.20608e-05
-3.16617e-05
-3.15561e-05
-3.18162e-05
-3.22719e-05
-3.26863e-05
-3.29568e-05
-3.32096e-05
-3.34295e-05
-3.36591e-05
-3.39819e-05
-3.43674e-05
-3.47354e-05
-3.49948e-05
-3.51241e-05
-3.51297e-05
-3.49784e-05
-3.48474e-05
-3.48234e-05
-3.48409e-05
-3.62268e-05
-3.63222e-05
-3.63445e-05
-3.63769e-05
-3.64493e-05
-3.65488e-05
-3.66842e-05
-3.67426e-05
-3.66168e-05
-3.63973e-05
-3.6403e-05
-3.66278e-05
-3.69052e-05
-3.70799e-05
-3.71596e-05
-3.70465e-05
-3.6646e-05
-3.60389e-05
-3.54192e-05
-3.49108e-05
-3.45542e-05
-3.4324e-05
-3.41931e-05
-3.42588e-05
-3.44511e-05
-3.46467e-05
-3.47861e-05
-3.49612e-05
-3.52273e-05
-3.55382e-05
-3.5825e-05
-3.60882e-05
-3.61878e-05
-3.62054e-05
-3.62405e-05
-3.62682e-05
-3.61655e-05
-3.60465e-05
-3.60797e-05
-3.61424e-05
-3.66435e-05
-3.6682e-05
-3.66002e-05
-3.65089e-05
-3.64739e-05
-3.64449e-05
-3.63734e-05
-3.63415e-05
-3.62597e-05
-3.61952e-05
-3.63571e-05
-3.6744e-05
-3.71674e-05
-3.74431e-05
-3.7673e-05
-3.77906e-05
-3.76726e-05
-3.72999e-05
-3.68244e-05
-3.64821e-05
-3.62886e-05
-3.61961e-05
-3.60909e-05
-3.60513e-05
-3.61333e-05
-3.6336e-05
-3.65995e-05
-3.6863e-05
-3.71252e-05
-3.72723e-05
-3.73073e-05
-3.72508e-05
-3.71167e-05
-3.69251e-05
-3.67656e-05
-3.66333e-05
-3.64906e-05
-3.64032e-05
-3.64233e-05
-3.65364e-05
-3.56028e-05
-3.56258e-05
-3.55114e-05
-3.53891e-05
-3.53833e-05
-3.54179e-05
-3.54285e-05
-3.54692e-05
-3.55173e-05
-3.56544e-05
-3.59386e-05
-3.63996e-05
-3.68983e-05
-3.73727e-05
-3.77743e-05
-3.80488e-05
-3.81224e-05
-3.7889e-05
-3.75783e-05
-3.73184e-05
-3.71289e-05
-3.70093e-05
-3.68697e-05
-3.67731e-05
-3.68506e-05
-3.70142e-05
-3.72349e-05
-3.74608e-05
-3.75774e-05
-3.75417e-05
-3.74387e-05
-3.72553e-05
-3.70757e-05
-3.68381e-05
-3.65714e-05
-3.62545e-05
-3.588e-05
-3.55609e-05
-3.54273e-05
-3.54922e-05
-3.47311e-05
-3.46371e-05
-3.44811e-05
-3.42569e-05
-3.41186e-05
-3.4112e-05
-3.41616e-05
-3.43e-05
-3.44861e-05
-3.46755e-05
-3.49243e-05
-3.52259e-05
-3.55432e-05
-3.59358e-05
-3.62659e-05
-3.64833e-05
-3.65806e-05
-3.65457e-05
-3.6455e-05
-3.63692e-05
-3.63592e-05
-3.63391e-05
-3.63496e-05
-3.63745e-05
-3.63661e-05
-3.63802e-05
-3.64084e-05
-3.64247e-05
-3.63518e-05
-3.62061e-05
-3.60272e-05
-3.58742e-05
-3.57246e-05
-3.56e-05
-3.5465e-05
-3.52981e-05
-3.50433e-05
-3.47935e-05
-3.47089e-05
-3.4744e-05
-3.32228e-05
-3.30504e-05
-3.29342e-05
-3.28321e-05
-3.2845e-05
-3.29422e-05
-3.31178e-05
-3.33218e-05
-3.34856e-05
-3.35929e-05
-3.37299e-05
-3.3904e-05
-3.41036e-05
-3.43317e-05
-3.46067e-05
-3.48679e-05
-3.50626e-05
-3.51866e-05
-3.52629e-05
-3.53893e-05
-3.55783e-05
-3.58283e-05
-3.61222e-05
-3.62997e-05
-3.6317e-05
-3.62209e-05
-3.60147e-05
-3.57099e-05
-3.54157e-05
-3.51617e-05
-3.49074e-05
-3.46487e-05
-3.43975e-05
-3.42318e-05
-3.41088e-05
-3.3953e-05
-3.37994e-05
-3.3651e-05
-3.35197e-05
-3.3382e-05
-3.10655e-05
-3.09331e-05
-3.0951e-05
-3.11197e-05
-3.13687e-05
-3.16934e-05
-3.2055e-05
-3.24059e-05
-3.26858e-05
-3.28535e-05
-3.29562e-05
-3.30344e-05
-3.30982e-05
-3.31756e-05
-3.32788e-05
-3.33782e-05
-3.34764e-05
-3.35655e-05
-3.36873e-05
-3.38837e-05
-3.41527e-05
-3.44813e-05
-3.48082e-05
-3.50515e-05
-3.51192e-05
-3.50262e-05
-3.4878e-05
-3.47123e-05
-3.4564e-05
-3.44337e-05
-3.43024e-05
-3.4114e-05
-3.38586e-05
-3.35428e-05
-3.32115e-05
-3.29124e-05
-3.25358e-05
-3.20916e-05
-3.16783e-05
-3.13365e-05
-3.0563e-05
-3.02942e-05
-3.01582e-05
-3.01351e-05
-3.01924e-05
-3.03151e-05
-3.04853e-05
-3.06456e-05
-3.07829e-05
-3.08803e-05
-3.0996e-05
-3.1118e-05
-3.11678e-05
-3.11768e-05
-3.11848e-05
-3.12026e-05
-3.12221e-05
-3.12256e-05
-3.1239e-05
-3.13258e-05
-3.15187e-05
-3.17763e-05
-3.20717e-05
-3.23051e-05
-3.24745e-05
-3.26348e-05
-3.28215e-05
-3.29889e-05
-3.31217e-05
-3.32468e-05
-3.33723e-05
-3.34355e-05
-3.33624e-05
-3.31357e-05
-3.28079e-05
-3.2437e-05
-3.20429e-05
-3.16123e-05
-3.12427e-05
-3.09063e-05
-2.87822e-05
-2.84552e-05
-2.81969e-05
-2.8028e-05
-2.7943e-05
-2.78927e-05
-2.78735e-05
-2.79231e-05
-2.80151e-05
-2.81349e-05
-2.82741e-05
-2.84247e-05
-2.85415e-05
-2.86748e-05
-2.88258e-05
-2.89674e-05
-2.90942e-05
-2.92313e-05
-2.93553e-05
-2.94692e-05
-2.95566e-05
-2.96437e-05
-2.97584e-05
-2.98762e-05
-3.00015e-05
-3.01552e-05
-3.03187e-05
-3.04724e-05
-3.06119e-05
-3.07286e-05
-3.08167e-05
-3.08743e-05
-3.08647e-05
-3.07671e-05
-3.059e-05
-3.03703e-05
-3.00951e-05
-2.97857e-05
-2.94602e-05
-2.91321e-05
-2.70736e-05
-2.6889e-05
-2.67913e-05
-2.67813e-05
-2.68031e-05
-2.683e-05
-2.68883e-05
-2.69869e-05
-2.7094e-05
-2.71905e-05
-2.73138e-05
-2.74654e-05
-2.7579e-05
-2.76717e-05
-2.77842e-05
-2.79147e-05
-2.80211e-05
-2.81303e-05
-2.82358e-05
-2.83085e-05
-2.83281e-05
-2.83315e-05
-2.83349e-05
-2.83238e-05
-2.83131e-05
-2.82993e-05
-2.82871e-05
-2.82721e-05
-2.82532e-05
-2.82482e-05
-2.8251e-05
-2.82704e-05
-2.82872e-05
-2.82765e-05
-2.8217e-05
-2.81386e-05
-2.80196e-05
-2.7827e-05
-2.75779e-05
-2.73121e-05
-2.47213e-05
-2.45935e-05
-2.45477e-05
-2.45575e-05
-2.45932e-05
-2.46554e-05
-2.47333e-05
-2.48334e-05
-2.49545e-05
-2.50936e-05
-2.52515e-05
-2.54186e-05
-2.5573e-05
-2.5693e-05
-2.58147e-05
-2.59198e-05
-2.59959e-05
-2.60274e-05
-2.60334e-05
-2.60494e-05
-2.60863e-05
-2.61295e-05
-2.61589e-05
-2.61529e-05
-2.61434e-05
-2.61173e-05
-2.60978e-05
-2.60745e-05
-2.60256e-05
-2.59644e-05
-2.59047e-05
-2.58447e-05
-2.57935e-05
-2.57465e-05
-2.5692e-05
-2.56156e-05
-2.54866e-05
-2.53157e-05
-2.51125e-05
-2.49053e-05
-2.19044e-05
-2.18699e-05
-2.18722e-05
-2.18861e-05
-2.19112e-05
-2.19402e-05
-2.19833e-05
-2.20411e-05
-2.21316e-05
-2.22051e-05
-2.22493e-05
-2.22782e-05
-2.22878e-05
-2.22776e-05
-2.22558e-05
-2.22208e-05
-2.21578e-05
-2.20763e-05
-2.19904e-05
-2.19224e-05
-2.18825e-05
-2.18839e-05
-2.19344e-05
-2.19832e-05
-2.20372e-05
-2.20945e-05
-2.21487e-05
-2.22019e-05
-2.22242e-05
-2.22468e-05
-2.22736e-05
-2.23147e-05
-2.23433e-05
-2.2357e-05
-2.23232e-05
-2.22603e-05
-2.21797e-05
-2.21025e-05
-2.20319e-05
-2.19646e-05
-1.82162e-05
-1.81606e-05
-1.8112e-05
-1.80687e-05
-1.80345e-05
-1.79946e-05
-1.79529e-05
-1.79194e-05
-1.78787e-05
-1.78355e-05
-1.77924e-05
-1.77666e-05
-1.7757e-05
-1.77389e-05
-1.77241e-05
-1.77124e-05
-1.77011e-05
-1.76878e-05
-1.76704e-05
-1.76518e-05
-1.76386e-05
-1.76605e-05
-1.77035e-05
-1.77737e-05
-1.78442e-05
-1.79152e-05
-1.79973e-05
-1.80934e-05
-1.82054e-05
-1.83122e-05
-1.84055e-05
-1.84687e-05
-1.85069e-05
-1.85228e-05
-1.85235e-05
-1.85085e-05
-1.84729e-05
-1.84064e-05
-1.83356e-05
-1.82763e-05
-1.446e-05
-1.44168e-05
-1.4363e-05
-1.42851e-05
-1.42136e-05
-1.41489e-05
-1.40924e-05
-1.4044e-05
-1.40012e-05
-1.39681e-05
-1.39455e-05
-1.39352e-05
-1.39403e-05
-1.39454e-05
-1.39365e-05
-1.39353e-05
-1.39427e-05
-1.39507e-05
-1.39676e-05
-1.39915e-05
-1.40202e-05
-1.40537e-05
-1.4103e-05
-1.41591e-05
-1.42146e-05
-1.4276e-05
-1.43412e-05
-1.44103e-05
-1.44655e-05
-1.45202e-05
-1.45612e-05
-1.45979e-05
-1.46177e-05
-1.46127e-05
-1.45864e-05
-1.45547e-05
-1.45278e-05
-1.45113e-05
-1.44957e-05
-1.448e-05
-1.46578e-05
-1.46144e-05
-1.45733e-05
-1.45455e-05
-1.45191e-05
-1.45019e-05
-1.44855e-05
-1.4448e-05
-1.44115e-05
-1.43866e-05
-1.43591e-05
-1.43252e-05
-1.42979e-05
-1.42873e-05
-1.42832e-05
-1.42683e-05
-1.42538e-05
-1.42449e-05
-1.42284e-05
-1.42086e-05
-1.41937e-05
-1.41881e-05
-1.41973e-05
-1.42291e-05
-1.4256e-05
-1.42801e-05
-1.43207e-05
-1.43622e-05
-1.44104e-05
-1.44574e-05
-1.45029e-05
-1.45527e-05
-1.4592e-05
-1.45973e-05
-1.46017e-05
-1.46087e-05
-1.46322e-05
-1.46585e-05
-1.46765e-05
-1.46775e-05
-1.06637e-05
-1.01941e-05
-9.5084e-06
-8.69322e-06
-7.82936e-06
-6.88116e-06
-5.8748e-06
-4.80356e-06
-3.71854e-06
-2.97525e-06
-2.4999e-06
-1.91727e-06
-1.35906e-06
-1.17801e-06
-1.29832e-06
-1.21407e-06
-7.37505e-07
4.7084e-08
1.04587e-06
2.00943e-06
2.69263e-06
2.92351e-06
2.74662e-06
2.28862e-06
1.69132e-06
9.68574e-07
9.43186e-08
-9.6996e-07
-2.1216e-06
-3.19971e-06
-4.23088e-06
-5.37923e-06
-6.60684e-06
-7.74261e-06
-8.68895e-06
-9.43143e-06
-1.00324e-05
-1.05099e-05
-1.08009e-05
-1.08546e-05
-1.08827e-05
-1.04119e-05
-9.73902e-06
-8.94215e-06
-8.10005e-06
-7.17334e-06
-6.18649e-06
-5.13037e-06
-4.05325e-06
-3.31024e-06
-2.82941e-06
-2.23275e-06
-1.67259e-06
-1.48727e-06
-1.60563e-06
-1.52028e-06
-1.03837e-06
-2.48913e-07
7.47138e-07
1.69747e-06
2.36669e-06
2.59347e-06
2.4239e-06
1.98811e-06
1.41503e-06
7.03798e-07
-1.66411e-07
-1.22272e-06
-2.36358e-06
-3.42779e-06
-4.45157e-06
-5.60037e-06
-6.83092e-06
-7.96729e-06
-8.91282e-06
-9.64964e-06
-1.02444e-05
-1.07218e-05
-1.10168e-05
-1.10755e-05
-1.18043e-05
-1.13322e-05
-1.06643e-05
-9.89139e-06
-9.08455e-06
-8.19948e-06
-7.26554e-06
-6.25462e-06
-5.2012e-06
-4.46496e-06
-3.98981e-06
-3.38775e-06
-2.81903e-06
-2.63931e-06
-2.72118e-06
-2.57141e-06
-2.04006e-06
-1.23474e-06
-2.34685e-07
7.20703e-07
1.39008e-06
1.61436e-06
1.45556e-06
1.03081e-06
4.48524e-07
-2.93725e-07
-1.18617e-06
-2.26308e-06
-3.40762e-06
-4.45693e-06
-5.44877e-06
-6.57114e-06
-7.79903e-06
-8.93901e-06
-9.89454e-06
-1.06417e-05
-1.12312e-05
-1.16885e-05
-1.19625e-05
-1.20059e-05
-1.3621e-05
-1.31529e-05
-1.25087e-05
-1.17895e-05
-1.10608e-05
-1.02647e-05
-9.43406e-06
-8.51542e-06
-7.52579e-06
-6.82843e-06
-6.39291e-06
-5.85488e-06
-5.31636e-06
-5.08514e-06
-5.02323e-06
-4.67835e-06
-4.03648e-06
-3.22775e-06
-2.29356e-06
-1.39074e-06
-7.50525e-07
-5.3648e-07
-6.91386e-07
-1.11322e-06
-1.74546e-06
-2.53874e-06
-3.46137e-06
-4.5285e-06
-5.65745e-06
-6.66516e-06
-7.59562e-06
-8.65578e-06
-9.84476e-06
-1.10006e-05
-1.19816e-05
-1.27346e-05
-1.32752e-05
-1.36629e-05
-1.38606e-05
-1.38388e-05
-1.63004e-05
-1.5854e-05
-1.52458e-05
-1.45733e-05
-1.39022e-05
-1.32064e-05
-1.2542e-05
-1.18199e-05
-1.09998e-05
-1.03853e-05
-9.97765e-06
-9.4911e-06
-9.02919e-06
-8.80014e-06
-8.62291e-06
-8.14305e-06
-7.40326e-06
-6.59206e-06
-5.72406e-06
-4.93261e-06
-4.36011e-06
-4.16597e-06
-4.3414e-06
-4.80389e-06
-5.47332e-06
-6.29693e-06
-7.173e-06
-8.12919e-06
-9.12372e-06
-1.00641e-05
-1.09646e-05
-1.19806e-05
-1.31411e-05
-1.43088e-05
-1.53081e-05
-1.60239e-05
-1.64542e-05
-1.66902e-05
-1.67285e-05
-1.65798e-05
-1.97066e-05
-1.92687e-05
-1.87224e-05
-1.80734e-05
-1.74862e-05
-1.69632e-05
-1.65376e-05
-1.60518e-05
-1.54108e-05
-1.48837e-05
-1.45453e-05
-1.42313e-05
-1.39453e-05
-1.37617e-05
-1.35774e-05
-1.30303e-05
-1.21155e-05
-1.11565e-05
-1.03037e-05
-9.62877e-06
-9.22436e-06
-9.12246e-06
-9.35353e-06
-9.8634e-06
-1.0555e-05
-1.1344e-05
-1.21038e-05
-1.28816e-05
-1.37142e-05
-1.46096e-05
-1.55661e-05
-1.6637e-05
-1.77898e-05
-1.89213e-05
-1.98111e-05
-2.03678e-05
-2.0577e-05
-2.05711e-05
-2.0415e-05
-2.00964e-05
-2.37005e-05
-2.32956e-05
-2.28269e-05
-2.22385e-05
-2.16978e-05
-2.12638e-05
-2.09622e-05
-2.07065e-05
-2.03288e-05
-1.99616e-05
-1.97216e-05
-1.95967e-05
-1.94927e-05
-1.94282e-05
-1.92458e-05
-1.86067e-05
-1.75839e-05
-1.6536e-05
-1.57307e-05
-1.52217e-05
-1.49288e-05
-1.4894e-05
-1.51631e-05
-1.57111e-05
-1.64389e-05
-1.72237e-05
-1.79058e-05
-1.85326e-05
-1.92748e-05
-2.0208e-05
-2.13065e-05
-2.2437e-05
-2.35528e-05
-2.44333e-05
-2.49708e-05
-2.5202e-05
-2.51363e-05
-2.49023e-05
-2.4563e-05
-2.41234e-05
-2.79767e-05
-2.75772e-05
-2.7137e-05
-2.65933e-05
-2.60679e-05
-2.56452e-05
-2.54284e-05
-2.53132e-05
-2.51017e-05
-2.4842e-05
-2.47308e-05
-2.48523e-05
-2.50201e-05
-2.51209e-05
-2.506e-05
-2.46087e-05
-2.37947e-05
-2.28079e-05
-2.20954e-05
-2.16667e-05
-2.13582e-05
-2.1221e-05
-2.13883e-05
-2.18376e-05
-2.25324e-05
-2.33164e-05
-2.39397e-05
-2.44949e-05
-2.52293e-05
-2.6166e-05
-2.72618e-05
-2.83173e-05
-2.91637e-05
-2.96523e-05
-2.9812e-05
-2.97863e-05
-2.96105e-05
-2.93403e-05
-2.89474e-05
-2.84528e-05
-3.20508e-05
-3.15635e-05
-3.10039e-05
-3.04244e-05
-2.99805e-05
-2.9719e-05
-2.967e-05
-2.97195e-05
-2.96891e-05
-2.95766e-05
-2.96228e-05
-2.98364e-05
-3.01336e-05
-3.04216e-05
-3.05424e-05
-3.03739e-05
-2.98708e-05
-2.92534e-05
-2.87261e-05
-2.82964e-05
-2.79559e-05
-2.77219e-05
-2.76633e-05
-2.79352e-05
-2.84803e-05
-2.90478e-05
-2.9463e-05
-2.98324e-05
-3.04492e-05
-3.13737e-05
-3.2363e-05
-3.31481e-05
-3.35328e-05
-3.35609e-05
-3.34518e-05
-3.33679e-05
-3.33308e-05
-3.32033e-05
-3.28974e-05
-3.25012e-05
-3.49896e-05
-3.44789e-05
-3.39078e-05
-3.34453e-05
-3.31763e-05
-3.30708e-05
-3.31906e-05
-3.34401e-05
-3.3617e-05
-3.3769e-05
-3.39735e-05
-3.42215e-05
-3.45242e-05
-3.4829e-05
-3.49416e-05
-3.4817e-05
-3.459e-05
-3.43486e-05
-3.40588e-05
-3.36965e-05
-3.33548e-05
-3.30657e-05
-3.29321e-05
-3.30926e-05
-3.34308e-05
-3.3675e-05
-3.37015e-05
-3.37779e-05
-3.4238e-05
-3.49669e-05
-3.56806e-05
-3.61176e-05
-3.61739e-05
-3.59602e-05
-3.57811e-05
-3.58435e-05
-3.59076e-05
-3.5849e-05
-3.56587e-05
-3.53888e-05
-3.71349e-05
-3.66278e-05
-3.6106e-05
-3.57184e-05
-3.55387e-05
-3.54951e-05
-3.5644e-05
-3.59217e-05
-3.61957e-05
-3.64584e-05
-3.68065e-05
-3.71495e-05
-3.74847e-05
-3.77259e-05
-3.7761e-05
-3.7615e-05
-3.74403e-05
-3.73313e-05
-3.71305e-05
-3.67726e-05
-3.63522e-05
-3.60505e-05
-3.5918e-05
-3.60545e-05
-3.63329e-05
-3.64329e-05
-3.63723e-05
-3.63394e-05
-3.66063e-05
-3.70618e-05
-3.75012e-05
-3.77725e-05
-3.78049e-05
-3.77042e-05
-3.76961e-05
-3.78113e-05
-3.78221e-05
-3.77097e-05
-3.75917e-05
-3.74445e-05
-3.83254e-05
-3.78131e-05
-3.72351e-05
-3.67458e-05
-3.65189e-05
-3.65242e-05
-3.66903e-05
-3.68841e-05
-3.70401e-05
-3.73071e-05
-3.77373e-05
-3.82108e-05
-3.86161e-05
-3.8873e-05
-3.89537e-05
-3.88493e-05
-3.87455e-05
-3.87096e-05
-3.86267e-05
-3.83552e-05
-3.80158e-05
-3.76881e-05
-3.74919e-05
-3.74748e-05
-3.76148e-05
-3.77342e-05
-3.77635e-05
-3.78024e-05
-3.79467e-05
-3.8236e-05
-3.85118e-05
-3.87082e-05
-3.87612e-05
-3.87327e-05
-3.87693e-05
-3.88321e-05
-3.88387e-05
-3.87596e-05
-3.87163e-05
-3.86602e-05
-3.8291e-05
-3.79935e-05
-3.76162e-05
-3.72483e-05
-3.70226e-05
-3.70383e-05
-3.72314e-05
-3.74557e-05
-3.75497e-05
-3.76523e-05
-3.78974e-05
-3.82519e-05
-3.86505e-05
-3.89598e-05
-3.91486e-05
-3.92361e-05
-3.92999e-05
-3.9441e-05
-3.95349e-05
-3.9502e-05
-3.9281e-05
-3.8996e-05
-3.87343e-05
-3.85775e-05
-3.85368e-05
-3.86254e-05
-3.87365e-05
-3.88629e-05
-3.89957e-05
-3.90426e-05
-3.89914e-05
-3.87965e-05
-3.85679e-05
-3.83223e-05
-3.81886e-05
-3.81526e-05
-3.81555e-05
-3.81732e-05
-3.82891e-05
-3.83859e-05
-3.72163e-05
-3.73623e-05
-3.73522e-05
-3.72909e-05
-3.73006e-05
-3.74725e-05
-3.77827e-05
-3.80424e-05
-3.81035e-05
-3.79537e-05
-3.77297e-05
-3.76797e-05
-3.78869e-05
-3.83001e-05
-3.87099e-05
-3.90486e-05
-3.93649e-05
-3.96516e-05
-3.9867e-05
-3.99828e-05
-3.99487e-05
-3.97807e-05
-3.95618e-05
-3.92898e-05
-3.90973e-05
-3.90537e-05
-3.90768e-05
-3.90719e-05
-3.89316e-05
-3.86285e-05
-3.81395e-05
-3.7616e-05
-3.71423e-05
-3.6698e-05
-3.64032e-05
-3.62412e-05
-3.62389e-05
-3.63412e-05
-3.66192e-05
-3.6937e-05
-3.55447e-05
-3.58065e-05
-3.60449e-05
-3.62478e-05
-3.64666e-05
-3.67478e-05
-3.71042e-05
-3.74086e-05
-3.7453e-05
-3.72788e-05
-3.70397e-05
-3.68914e-05
-3.69905e-05
-3.7318e-05
-3.77205e-05
-3.80816e-05
-3.8427e-05
-3.8754e-05
-3.90779e-05
-3.93067e-05
-3.93979e-05
-3.93618e-05
-3.91922e-05
-3.89418e-05
-3.86879e-05
-3.84506e-05
-3.81668e-05
-3.77424e-05
-3.71578e-05
-3.64713e-05
-3.57833e-05
-3.52674e-05
-3.49632e-05
-3.47499e-05
-3.46506e-05
-3.46904e-05
-3.48243e-05
-3.49585e-05
-3.51244e-05
-3.53159e-05
-3.39885e-05
-3.40598e-05
-3.42183e-05
-3.44686e-05
-3.47849e-05
-3.51672e-05
-3.55954e-05
-3.59308e-05
-3.60763e-05
-3.60103e-05
-3.58121e-05
-3.56197e-05
-3.55942e-05
-3.57561e-05
-3.59684e-05
-3.61694e-05
-3.63858e-05
-3.66753e-05
-3.70138e-05
-3.73254e-05
-3.75205e-05
-3.75851e-05
-3.75341e-05
-3.74088e-05
-3.72251e-05
-3.69521e-05
-3.65327e-05
-3.59536e-05
-3.52538e-05
-3.4528e-05
-3.39477e-05
-3.36098e-05
-3.34549e-05
-3.34507e-05
-3.35261e-05
-3.36846e-05
-3.38544e-05
-3.39685e-05
-3.39802e-05
-3.39697e-05
-3.23067e-05
-3.23026e-05
-3.24452e-05
-3.27521e-05
-3.31805e-05
-3.36192e-05
-3.40195e-05
-3.43349e-05
-3.45054e-05
-3.4499e-05
-3.43903e-05
-3.4242e-05
-3.40846e-05
-3.40237e-05
-3.40413e-05
-3.40783e-05
-3.40989e-05
-3.41987e-05
-3.44073e-05
-3.47127e-05
-3.50786e-05
-3.5412e-05
-3.56627e-05
-3.57474e-05
-3.57e-05
-3.55103e-05
-3.52641e-05
-3.49799e-05
-3.46346e-05
-3.42443e-05
-3.38955e-05
-3.36215e-05
-3.34227e-05
-3.32904e-05
-3.3193e-05
-3.31104e-05
-3.30086e-05
-3.28504e-05
-3.26549e-05
-3.24513e-05
-3.11454e-05
-3.10141e-05
-3.1006e-05
-3.11074e-05
-3.12916e-05
-3.15026e-05
-3.17213e-05
-3.19492e-05
-3.21545e-05
-3.22486e-05
-3.22092e-05
-3.21033e-05
-3.19597e-05
-3.18779e-05
-3.19177e-05
-3.20723e-05
-3.22727e-05
-3.24546e-05
-3.2664e-05
-3.28615e-05
-3.3063e-05
-3.32569e-05
-3.33991e-05
-3.34458e-05
-3.34087e-05
-3.33417e-05
-3.32618e-05
-3.3187e-05
-3.31195e-05
-3.30008e-05
-3.28188e-05
-3.26007e-05
-3.2359e-05
-3.21599e-05
-3.20412e-05
-3.19658e-05
-3.1865e-05
-3.17219e-05
-3.15502e-05
-3.13449e-05
-2.79926e-05
-2.7872e-05
-2.78009e-05
-2.78267e-05
-2.79206e-05
-2.80638e-05
-2.82507e-05
-2.84803e-05
-2.8736e-05
-2.89627e-05
-2.91521e-05
-2.93078e-05
-2.94264e-05
-2.95605e-05
-2.97658e-05
-3.00676e-05
-3.03943e-05
-3.06604e-05
-3.08367e-05
-3.09371e-05
-3.09516e-05
-3.08629e-05
-3.07091e-05
-3.05139e-05
-3.02951e-05
-3.00809e-05
-2.98938e-05
-2.97258e-05
-2.95674e-05
-2.94129e-05
-2.92436e-05
-2.90524e-05
-2.88825e-05
-2.87168e-05
-2.85735e-05
-2.84874e-05
-2.84132e-05
-2.83259e-05
-2.8237e-05
-2.81214e-05
-2.53771e-05
-2.54377e-05
-2.5534e-05
-2.56439e-05
-2.57906e-05
-2.59365e-05
-2.60654e-05
-2.6216e-05
-2.64027e-05
-2.65749e-05
-2.67411e-05
-2.68928e-05
-2.70329e-05
-2.71868e-05
-2.73565e-05
-2.75376e-05
-2.77246e-05
-2.78965e-05
-2.80314e-05
-2.81131e-05
-2.81657e-05
-2.8185e-05
-2.81809e-05
-2.81769e-05
-2.81286e-05
-2.8012e-05
-2.78491e-05
-2.76362e-05
-2.73341e-05
-2.69655e-05
-2.65775e-05
-2.62565e-05
-2.60168e-05
-2.58375e-05
-2.56954e-05
-2.55959e-05
-2.55351e-05
-2.5483e-05
-2.5417e-05
-2.53708e-05
-2.29694e-05
-2.29094e-05
-2.28844e-05
-2.29123e-05
-2.29885e-05
-2.3109e-05
-2.32432e-05
-2.34074e-05
-2.35992e-05
-2.37969e-05
-2.40153e-05
-2.42363e-05
-2.44032e-05
-2.45176e-05
-2.45709e-05
-2.45701e-05
-2.45327e-05
-2.4468e-05
-2.44057e-05
-2.43679e-05
-2.43594e-05
-2.43737e-05
-2.44277e-05
-2.44854e-05
-2.45505e-05
-2.45967e-05
-2.45909e-05
-2.4546e-05
-2.44172e-05
-2.42336e-05
-2.40459e-05
-2.3892e-05
-2.37487e-05
-2.36251e-05
-2.35383e-05
-2.34569e-05
-2.33577e-05
-2.32356e-05
-2.31269e-05
-2.30425e-05
-2.01807e-05
-2.01703e-05
-2.01625e-05
-2.01734e-05
-2.02016e-05
-2.02502e-05
-2.03078e-05
-2.0371e-05
-2.04377e-05
-2.04933e-05
-2.04996e-05
-2.04816e-05
-2.04574e-05
-2.03983e-05
-2.02669e-05
-2.00825e-05
-1.99003e-05
-1.97593e-05
-1.9667e-05
-1.96198e-05
-1.96264e-05
-1.97033e-05
-1.98159e-05
-1.99458e-05
-2.00733e-05
-2.02055e-05
-2.02993e-05
-2.03329e-05
-2.03355e-05
-2.03342e-05
-2.03358e-05
-2.03371e-05
-2.03526e-05
-2.03534e-05
-2.03255e-05
-2.02769e-05
-2.02329e-05
-2.02098e-05
-2.01939e-05
-2.01952e-05
-1.5639e-05
-1.56089e-05
-1.55808e-05
-1.55483e-05
-1.55021e-05
-1.54644e-05
-1.54243e-05
-1.53951e-05
-1.53802e-05
-1.53635e-05
-1.53354e-05
-1.53081e-05
-1.5285e-05
-1.52544e-05
-1.52164e-05
-1.51551e-05
-1.50715e-05
-1.49903e-05
-1.49197e-05
-1.48775e-05
-1.48659e-05
-1.48735e-05
-1.49208e-05
-1.49824e-05
-1.50489e-05
-1.5132e-05
-1.52258e-05
-1.53322e-05
-1.545e-05
-1.55555e-05
-1.5654e-05
-1.57388e-05
-1.58035e-05
-1.58321e-05
-1.58205e-05
-1.57943e-05
-1.57593e-05
-1.57313e-05
-1.57067e-05
-1.56736e-05
-1.31414e-05
-1.3099e-05
-1.3041e-05
-1.29744e-05
-1.28969e-05
-1.28198e-05
-1.27385e-05
-1.26618e-05
-1.26167e-05
-1.25847e-05
-1.25654e-05
-1.25538e-05
-1.25349e-05
-1.25108e-05
-1.24619e-05
-1.24223e-05
-1.23813e-05
-1.23493e-05
-1.23262e-05
-1.23288e-05
-1.23518e-05
-1.23884e-05
-1.2431e-05
-1.24886e-05
-1.25567e-05
-1.26287e-05
-1.27085e-05
-1.27949e-05
-1.28888e-05
-1.29758e-05
-1.30541e-05
-1.3112e-05
-1.31532e-05
-1.31716e-05
-1.31916e-05
-1.31821e-05
-1.31674e-05
-1.31546e-05
-1.31484e-05
-1.3152e-05
-1.35912e-05
-1.35489e-05
-1.35055e-05
-1.34771e-05
-1.34592e-05
-1.34379e-05
-1.34046e-05
-1.33559e-05
-1.33172e-05
-1.32812e-05
-1.32567e-05
-1.32205e-05
-1.31784e-05
-1.31479e-05
-1.31219e-05
-1.30918e-05
-1.30616e-05
-1.30228e-05
-1.2986e-05
-1.29636e-05
-1.29584e-05
-1.29672e-05
-1.30054e-05
-1.30508e-05
-1.30942e-05
-1.31523e-05
-1.32138e-05
-1.32836e-05
-1.33485e-05
-1.33997e-05
-1.34526e-05
-1.35095e-05
-1.35481e-05
-1.35812e-05
-1.35974e-05
-1.36176e-05
-1.36332e-05
-1.36367e-05
-1.36395e-05
-1.36206e-05
-1.34595e-06
-1.19108e-06
-1.02786e-06
-7.82837e-07
-5.38442e-07
-3.817e-07
-2.97465e-07
-2.32128e-07
-1.3711e-07
8.99557e-08
5.20815e-07
1.28672e-06
2.24051e-06
2.99495e-06
3.26786e-06
2.97508e-06
2.36103e-06
1.65764e-06
9.74119e-07
4.29394e-07
1.1699e-07
3.06622e-08
9.35296e-08
1.60958e-07
5.30814e-08
-1.95369e-07
-4.80081e-07
-7.70473e-07
-1.13113e-06
-1.5464e-06
-1.93747e-06
-2.26154e-06
-2.46688e-06
-2.58168e-06
-2.69907e-06
-2.75305e-06
-2.59854e-06
-2.22957e-06
-1.83039e-06
-1.52703e-06
-1.58193e-06
-1.4345e-06
-1.26782e-06
-1.01709e-06
-7.65426e-07
-6.08212e-07
-5.29386e-07
-4.72506e-07
-3.81243e-07
-1.478e-07
2.93561e-07
1.06048e-06
2.01299e-06
2.77387e-06
3.05047e-06
2.75867e-06
2.1451e-06
1.43932e-06
7.53694e-07
2.07922e-07
-1.03677e-07
-1.8953e-07
-1.28077e-07
-6.52259e-08
-1.83306e-07
-4.4628e-07
-7.44891e-07
-1.0439e-06
-1.40648e-06
-1.81891e-06
-2.20314e-06
-2.51967e-06
-2.71791e-06
-2.82751e-06
-2.94218e-06
-2.99246e-06
-2.83446e-06
-2.45734e-06
-2.05486e-06
-1.75313e-06
-2.35134e-06
-2.2257e-06
-2.09614e-06
-1.86913e-06
-1.62914e-06
-1.48369e-06
-1.42534e-06
-1.38931e-06
-1.30509e-06
-1.06734e-06
-6.17099e-07
1.51045e-07
1.07323e-06
1.78406e-06
2.02955e-06
1.73673e-06
1.12977e-06
4.2407e-07
-2.53238e-07
-7.53376e-07
-1.0045e-06
-1.04516e-06
-9.73814e-07
-9.29849e-07
-1.06084e-06
-1.32924e-06
-1.63379e-06
-1.94604e-06
-2.30766e-06
-2.70982e-06
-3.07944e-06
-3.38082e-06
-3.55688e-06
-3.6431e-06
-3.74882e-06
-3.80524e-06
-3.64312e-06
-3.2545e-06
-2.83613e-06
-2.52301e-06
-4.10365e-06
-4.07207e-06
-4.038e-06
-3.90525e-06
-3.74418e-06
-3.65506e-06
-3.63046e-06
-3.5985e-06
-3.4921e-06
-3.22492e-06
-2.751e-06
-1.99237e-06
-1.11831e-06
-5.19374e-07
-3.7684e-07
-6.92998e-07
-1.27486e-06
-1.95406e-06
-2.57801e-06
-2.95266e-06
-3.03041e-06
-2.95927e-06
-2.85775e-06
-2.81975e-06
-2.93377e-06
-3.14459e-06
-3.38289e-06
-3.68704e-06
-4.06962e-06
-4.46921e-06
-4.83351e-06
-5.11407e-06
-5.27053e-06
-5.33582e-06
-5.43462e-06
-5.48899e-06
-5.31428e-06
-4.89405e-06
-4.4767e-06
-4.203e-06
-7.16526e-06
-7.2362e-06
-7.29399e-06
-7.28356e-06
-7.29409e-06
-7.32242e-06
-7.31708e-06
-7.2388e-06
-7.08581e-06
-6.79703e-06
-6.31676e-06
-5.59463e-06
-4.82364e-06
-4.367e-06
-4.3544e-06
-4.68447e-06
-5.23391e-06
-5.89063e-06
-6.41807e-06
-6.58545e-06
-6.50992e-06
-6.41245e-06
-6.31496e-06
-6.24303e-06
-6.25611e-06
-6.27271e-06
-6.31145e-06
-6.49315e-06
-6.85398e-06
-7.26175e-06
-7.61753e-06
-7.91538e-06
-8.09409e-06
-8.18365e-06
-8.28253e-06
-8.29631e-06
-8.04272e-06
-7.59206e-06
-7.24148e-06
-7.12422e-06
-1.13713e-05
-1.14552e-05
-1.14951e-05
-1.15402e-05
-1.17234e-05
-1.19507e-05
-1.20225e-05
-1.19397e-05
-1.17678e-05
-1.15175e-05
-1.11335e-05
-1.05535e-05
-9.92419e-06
-9.6031e-06
-9.74286e-06
-1.01567e-05
-1.06521e-05
-1.1125e-05
-1.14262e-05
-1.1465e-05
-1.139e-05
-1.13082e-05
-1.1189e-05
-1.10579e-05
-1.09305e-05
-1.0739e-05
-1.05373e-05
-1.05324e-05
-1.08094e-05
-1.1197e-05
-1.16219e-05
-1.20214e-05
-1.2281e-05
-1.2421e-05
-1.25018e-05
-1.23892e-05
-1.19955e-05
-1.15008e-05
-1.12179e-05
-1.12231e-05
-1.60612e-05
-1.60731e-05
-1.60542e-05
-1.62272e-05
-1.66909e-05
-1.72549e-05
-1.76017e-05
-1.76301e-05
-1.74913e-05
-1.72885e-05
-1.70397e-05
-1.66611e-05
-1.61769e-05
-1.59795e-05
-1.62715e-05
-1.679e-05
-1.71021e-05
-1.71669e-05
-1.70709e-05
-1.69944e-05
-1.69716e-05
-1.68287e-05
-1.65718e-05
-1.63048e-05
-1.6121e-05
-1.584e-05
-1.54692e-05
-1.53167e-05
-1.55313e-05
-1.595e-05
-1.64629e-05
-1.70085e-05
-1.74264e-05
-1.76552e-05
-1.77226e-05
-1.75166e-05
-1.70085e-05
-1.64361e-05
-1.60827e-05
-1.59918e-05
-2.07954e-05
-2.08277e-05
-2.09511e-05
-2.13526e-05
-2.21646e-05
-2.30294e-05
-2.36284e-05
-2.38295e-05
-2.37309e-05
-2.36153e-05
-2.35343e-05
-2.32826e-05
-2.29188e-05
-2.28608e-05
-2.32616e-05
-2.37865e-05
-2.38842e-05
-2.35794e-05
-2.32396e-05
-2.29308e-05
-2.27071e-05
-2.24659e-05
-2.20814e-05
-2.16665e-05
-2.13613e-05
-2.09874e-05
-2.05462e-05
-2.03853e-05
-2.06356e-05
-2.12112e-05
-2.18923e-05
-2.25237e-05
-2.30028e-05
-2.32486e-05
-2.33262e-05
-2.31379e-05
-2.25839e-05
-2.18115e-05
-2.11551e-05
-2.08422e-05
-2.58072e-05
-2.58309e-05
-2.60147e-05
-2.64847e-05
-2.73212e-05
-2.82561e-05
-2.90015e-05
-2.93808e-05
-2.94536e-05
-2.9482e-05
-2.95421e-05
-2.93949e-05
-2.91158e-05
-2.92034e-05
-2.97551e-05
-3.03339e-05
-3.04811e-05
-3.01741e-05
-2.97533e-05
-2.93024e-05
-2.88102e-05
-2.83528e-05
-2.78749e-05
-2.73461e-05
-2.68536e-05
-2.62469e-05
-2.56465e-05
-2.5381e-05
-2.56413e-05
-2.62622e-05
-2.69468e-05
-2.75773e-05
-2.80336e-05
-2.82404e-05
-2.83253e-05
-2.8233e-05
-2.77498e-05
-2.69637e-05
-2.62477e-05
-2.58885e-05
-3.11941e-05
-3.1084e-05
-3.10707e-05
-3.12755e-05
-3.17719e-05
-3.24379e-05
-3.31487e-05
-3.37434e-05
-3.41465e-05
-3.44195e-05
-3.46216e-05
-3.46156e-05
-3.45419e-05
-3.48484e-05
-3.54159e-05
-3.58247e-05
-3.58677e-05
-3.561e-05
-3.52868e-05
-3.48526e-05
-3.42511e-05
-3.36624e-05
-3.31188e-05
-3.24848e-05
-3.17285e-05
-3.08766e-05
-3.00711e-05
-2.9635e-05
-2.9752e-05
-3.01956e-05
-3.07676e-05
-3.12383e-05
-3.15611e-05
-3.1834e-05
-3.21133e-05
-3.22948e-05
-3.2143e-05
-3.17555e-05
-3.14397e-05
-3.13007e-05
-3.60894e-05
-3.59503e-05
-3.5846e-05
-3.58459e-05
-3.6012e-05
-3.63903e-05
-3.68921e-05
-3.73617e-05
-3.77666e-05
-3.79666e-05
-3.8102e-05
-3.82742e-05
-3.84673e-05
-3.88516e-05
-3.91592e-05
-3.90971e-05
-3.87603e-05
-3.84609e-05
-3.82984e-05
-3.80944e-05
-3.77481e-05
-3.72545e-05
-3.66847e-05
-3.60123e-05
-3.51458e-05
-3.42689e-05
-3.35126e-05
-3.30887e-05
-3.31125e-05
-3.34195e-05
-3.37906e-05
-3.41167e-05
-3.44061e-05
-3.46868e-05
-3.51106e-05
-3.56211e-05
-3.58911e-05
-3.5953e-05
-3.60295e-05
-3.61301e-05
-3.89438e-05
-3.90618e-05
-3.90768e-05
-3.89743e-05
-3.89901e-05
-3.92717e-05
-3.97011e-05
-4.0083e-05
-4.02826e-05
-4.03027e-05
-4.02365e-05
-4.02178e-05
-4.03494e-05
-4.05287e-05
-4.04357e-05
-3.99692e-05
-3.94336e-05
-3.92449e-05
-3.93576e-05
-3.94206e-05
-3.93417e-05
-3.90554e-05
-3.85805e-05
-3.79932e-05
-3.73797e-05
-3.68709e-05
-3.65229e-05
-3.63568e-05
-3.63262e-05
-3.63691e-05
-3.64337e-05
-3.65467e-05
-3.66532e-05
-3.68192e-05
-3.71227e-05
-3.75806e-05
-3.79321e-05
-3.81462e-05
-3.84117e-05
-3.87159e-05
-4.05547e-05
-4.07971e-05
-4.09178e-05
-4.08715e-05
-4.08728e-05
-4.10851e-05
-4.14212e-05
-4.17708e-05
-4.19934e-05
-4.18703e-05
-4.15217e-05
-4.12083e-05
-4.10863e-05
-4.1032e-05
-4.0732e-05
-4.01339e-05
-3.95939e-05
-3.93872e-05
-3.94493e-05
-3.96448e-05
-3.98075e-05
-3.98358e-05
-3.96283e-05
-3.92412e-05
-3.8959e-05
-3.88353e-05
-3.88748e-05
-3.89614e-05
-3.89258e-05
-3.8682e-05
-3.83426e-05
-3.80211e-05
-3.77637e-05
-3.77098e-05
-3.79258e-05
-3.83182e-05
-3.87091e-05
-3.91394e-05
-3.96842e-05
-4.01926e-05
-4.18628e-05
-4.20135e-05
-4.19068e-05
-4.17127e-05
-4.15896e-05
-4.16749e-05
-4.19412e-05
-4.22698e-05
-4.24771e-05
-4.23749e-05
-4.19819e-05
-4.15513e-05
-4.12487e-05
-4.10278e-05
-4.07624e-05
-4.03324e-05
-3.98313e-05
-3.94486e-05
-3.93018e-05
-3.92495e-05
-3.92782e-05
-3.92657e-05
-3.91695e-05
-3.89767e-05
-3.87921e-05
-3.87801e-05
-3.88874e-05
-3.90122e-05
-3.90797e-05
-3.89495e-05
-3.8615e-05
-3.82325e-05
-3.795e-05
-3.79465e-05
-3.827e-05
-3.88214e-05
-3.94134e-05
-4.00617e-05
-4.07961e-05
-4.14475e-05
-4.15218e-05
-4.16138e-05
-4.14792e-05
-4.12785e-05
-4.11706e-05
-4.12312e-05
-4.14509e-05
-4.16914e-05
-4.17842e-05
-4.1645e-05
-4.13811e-05
-4.11116e-05
-4.086e-05
-4.07207e-05
-4.06254e-05
-4.04409e-05
-4.01269e-05
-3.97637e-05
-3.94429e-05
-3.91418e-05
-3.88092e-05
-3.84908e-05
-3.81118e-05
-3.76857e-05
-3.7373e-05
-3.73119e-05
-3.74874e-05
-3.77799e-05
-3.80208e-05
-3.80405e-05
-3.79169e-05
-3.77122e-05
-3.76489e-05
-3.77837e-05
-3.81511e-05
-3.86963e-05
-3.93143e-05
-3.99113e-05
-4.05589e-05
-4.11614e-05
-3.932e-05
-3.93561e-05
-3.93636e-05
-3.93622e-05
-3.94705e-05
-3.97313e-05
-4.00098e-05
-4.02306e-05
-4.02925e-05
-4.02335e-05
-4.00508e-05
-3.97313e-05
-3.93594e-05
-3.9103e-05
-3.89648e-05
-3.87979e-05
-3.85139e-05
-3.81616e-05
-3.78302e-05
-3.75249e-05
-3.72431e-05
-3.69451e-05
-3.65822e-05
-3.62219e-05
-3.59362e-05
-3.58419e-05
-3.59171e-05
-3.60964e-05
-3.62887e-05
-3.64531e-05
-3.66217e-05
-3.68428e-05
-3.71246e-05
-3.73842e-05
-3.76519e-05
-3.79739e-05
-3.82625e-05
-3.85492e-05
-3.88565e-05
-3.91276e-05
-3.66763e-05
-3.67088e-05
-3.67712e-05
-3.68164e-05
-3.68795e-05
-3.7043e-05
-3.73053e-05
-3.76127e-05
-3.79051e-05
-3.81142e-05
-3.81438e-05
-3.78784e-05
-3.74394e-05
-3.70142e-05
-3.6726e-05
-3.65693e-05
-3.64748e-05
-3.64075e-05
-3.63407e-05
-3.62282e-05
-3.60585e-05
-3.59593e-05
-3.59716e-05
-3.60218e-05
-3.60611e-05
-3.60895e-05
-3.61205e-05
-3.61155e-05
-3.60762e-05
-3.60439e-05
-3.60278e-05
-3.60307e-05
-3.60487e-05
-3.60909e-05
-3.61161e-05
-3.62041e-05
-3.63799e-05
-3.65455e-05
-3.66256e-05
-3.66493e-05
-3.47713e-05
-3.47087e-05
-3.46651e-05
-3.46422e-05
-3.46557e-05
-3.4712e-05
-3.48205e-05
-3.49574e-05
-3.50931e-05
-3.51625e-05
-3.51608e-05
-3.49889e-05
-3.4671e-05
-3.43284e-05
-3.41735e-05
-3.42652e-05
-3.44885e-05
-3.47346e-05
-3.49679e-05
-3.5203e-05
-3.53713e-05
-3.55091e-05
-3.56396e-05
-3.58391e-05
-3.60228e-05
-3.60993e-05
-3.60488e-05
-3.59111e-05
-3.57392e-05
-3.54947e-05
-3.5225e-05
-3.49909e-05
-3.48232e-05
-3.47597e-05
-3.47506e-05
-3.47806e-05
-3.48618e-05
-3.49243e-05
-3.4882e-05
-3.48286e-05
-3.19043e-05
-3.18741e-05
-3.1858e-05
-3.18252e-05
-3.18154e-05
-3.18066e-05
-3.18149e-05
-3.18682e-05
-3.19602e-05
-3.20542e-05
-3.20985e-05
-3.20691e-05
-3.18847e-05
-3.16189e-05
-3.14037e-05
-3.13463e-05
-3.14398e-05
-3.16347e-05
-3.18127e-05
-3.19232e-05
-3.19916e-05
-3.20254e-05
-3.2053e-05
-3.20607e-05
-3.20993e-05
-3.21822e-05
-3.22933e-05
-3.23893e-05
-3.23711e-05
-3.22548e-05
-3.20973e-05
-3.19805e-05
-3.19339e-05
-3.19311e-05
-3.19591e-05
-3.19864e-05
-3.2015e-05
-3.20278e-05
-3.20005e-05
-3.19554e-05
-2.73091e-05
-2.72384e-05
-2.72065e-05
-2.72073e-05
-2.72265e-05
-2.72782e-05
-2.7379e-05
-2.75158e-05
-2.76543e-05
-2.77792e-05
-2.79297e-05
-2.80949e-05
-2.82196e-05
-2.82825e-05
-2.82913e-05
-2.82676e-05
-2.8261e-05
-2.832e-05
-2.84383e-05
-2.85264e-05
-2.85308e-05
-2.8496e-05
-2.84721e-05
-2.84978e-05
-2.85408e-05
-2.85941e-05
-2.8645e-05
-2.86164e-05
-2.848e-05
-2.82663e-05
-2.80556e-05
-2.79135e-05
-2.78328e-05
-2.77948e-05
-2.77637e-05
-2.77283e-05
-2.7667e-05
-2.76073e-05
-2.75407e-05
-2.74305e-05
-2.46468e-05
-2.45315e-05
-2.44198e-05
-2.43219e-05
-2.42447e-05
-2.42395e-05
-2.43248e-05
-2.44863e-05
-2.47029e-05
-2.49113e-05
-2.5077e-05
-2.52087e-05
-2.52767e-05
-2.52661e-05
-2.52128e-05
-2.51366e-05
-2.50552e-05
-2.5019e-05
-2.50409e-05
-2.5083e-05
-2.51309e-05
-2.52286e-05
-2.53593e-05
-2.55218e-05
-2.5672e-05
-2.58001e-05
-2.58871e-05
-2.58958e-05
-2.5856e-05
-2.57607e-05
-2.56443e-05
-2.55595e-05
-2.55297e-05
-2.54815e-05
-2.53995e-05
-2.5287e-05
-2.5149e-05
-2.49864e-05
-2.48586e-05
-2.47566e-05
-2.14268e-05
-2.14055e-05
-2.13722e-05
-2.13356e-05
-2.13357e-05
-2.1337e-05
-2.1342e-05
-2.13434e-05
-2.1345e-05
-2.13353e-05
-2.12883e-05
-2.12385e-05
-2.11852e-05
-2.1113e-05
-2.10131e-05
-2.08818e-05
-2.07417e-05
-2.06213e-05
-2.05611e-05
-2.05767e-05
-2.06581e-05
-2.0805e-05
-2.09895e-05
-2.11836e-05
-2.13875e-05
-2.15482e-05
-2.16668e-05
-2.17195e-05
-2.17337e-05
-2.17134e-05
-2.16594e-05
-2.15962e-05
-2.15333e-05
-2.14957e-05
-2.14758e-05
-2.14638e-05
-2.14387e-05
-2.14208e-05
-2.1423e-05
-2.14355e-05
-1.61196e-05
-1.61068e-05
-1.61019e-05
-1.60935e-05
-1.60639e-05
-1.60186e-05
-1.5961e-05
-1.59113e-05
-1.58934e-05
-1.59076e-05
-1.59277e-05
-1.59564e-05
-1.59766e-05
-1.59593e-05
-1.59021e-05
-1.58225e-05
-1.57237e-05
-1.56336e-05
-1.55841e-05
-1.55889e-05
-1.55951e-05
-1.56157e-05
-1.56579e-05
-1.57151e-05
-1.57887e-05
-1.58777e-05
-1.59821e-05
-1.60828e-05
-1.61644e-05
-1.62295e-05
-1.62776e-05
-1.63045e-05
-1.62915e-05
-1.62551e-05
-1.62045e-05
-1.61454e-05
-1.61169e-05
-1.61082e-05
-1.61103e-05
-1.61121e-05
-1.31749e-05
-1.30992e-05
-1.30168e-05
-1.29253e-05
-1.28245e-05
-1.27215e-05
-1.26093e-05
-1.2506e-05
-1.24481e-05
-1.24287e-05
-1.24252e-05
-1.24291e-05
-1.24325e-05
-1.24283e-05
-1.24184e-05
-1.23974e-05
-1.23857e-05
-1.23699e-05
-1.23619e-05
-1.23608e-05
-1.23714e-05
-1.24046e-05
-1.24743e-05
-1.25554e-05
-1.26423e-05
-1.27394e-05
-1.28403e-05
-1.29445e-05
-1.30535e-05
-1.31494e-05
-1.32327e-05
-1.32962e-05
-1.33283e-05
-1.33463e-05
-1.33469e-05
-1.33367e-05
-1.3313e-05
-1.3301e-05
-1.32772e-05
-1.32398e-05
-1.29914e-05
-1.29457e-05
-1.28787e-05
-1.28151e-05
-1.27577e-05
-1.26911e-05
-1.26433e-05
-1.25921e-05
-1.25333e-05
-1.24904e-05
-1.24614e-05
-1.24398e-05
-1.24131e-05
-1.2374e-05
-1.23331e-05
-1.22802e-05
-1.22226e-05
-1.21712e-05
-1.21243e-05
-1.2108e-05
-1.2118e-05
-1.21522e-05
-1.22118e-05
-1.2285e-05
-1.23676e-05
-1.24409e-05
-1.25125e-05
-1.25888e-05
-1.26707e-05
-1.2752e-05
-1.28269e-05
-1.28812e-05
-1.29184e-05
-1.29433e-05
-1.2972e-05
-1.29967e-05
-1.30122e-05
-1.30282e-05
-1.30254e-05
-1.30215e-05
-5.77144e-06
-6.08151e-06
-6.23058e-06
-6.26979e-06
-6.28389e-06
-6.25352e-06
-6.1382e-06
-5.93498e-06
-5.65851e-06
-5.25666e-06
-4.75878e-06
-4.27541e-06
-3.84409e-06
-3.40942e-06
-3.16463e-06
-3.22346e-06
-3.49711e-06
-3.81415e-06
-4.09581e-06
-4.32336e-06
-4.47715e-06
-4.51316e-06
-4.38494e-06
-4.17977e-06
-4.09568e-06
-4.23514e-06
-4.61553e-06
-5.16955e-06
-5.82183e-06
-6.43472e-06
-6.94682e-06
-7.32643e-06
-7.39987e-06
-7.117e-06
-6.61336e-06
-6.08533e-06
-5.62542e-06
-5.29493e-06
-5.21524e-06
-5.40918e-06
-5.93817e-06
-6.2438e-06
-6.37963e-06
-6.40728e-06
-6.41197e-06
-6.37911e-06
-6.26554e-06
-6.06571e-06
-5.79022e-06
-5.38513e-06
-4.88476e-06
-4.40662e-06
-3.9848e-06
-3.54974e-06
-3.29964e-06
-3.35813e-06
-3.62663e-06
-3.93148e-06
-4.20134e-06
-4.42942e-06
-4.58574e-06
-4.61847e-06
-4.48946e-06
-4.29329e-06
-4.2199e-06
-4.37687e-06
-4.77108e-06
-5.33289e-06
-5.98661e-06
-6.59786e-06
-7.10582e-06
-7.48056e-06
-7.54912e-06
-7.26467e-06
-6.76037e-06
-6.23272e-06
-5.77305e-06
-5.44676e-06
-5.37563e-06
-5.57369e-06
-6.91247e-06
-7.20317e-06
-7.32472e-06
-7.33214e-06
-7.30843e-06
-7.24241e-06
-7.09986e-06
-6.875e-06
-6.56675e-06
-6.11947e-06
-5.59245e-06
-5.1106e-06
-4.70293e-06
-4.31187e-06
-4.10327e-06
-4.18319e-06
-4.46983e-06
-4.78331e-06
-5.04121e-06
-5.24545e-06
-5.39553e-06
-5.43082e-06
-5.29169e-06
-5.08055e-06
-4.99965e-06
-5.18139e-06
-5.64255e-06
-6.27829e-06
-6.98023e-06
-7.60679e-06
-8.10036e-06
-8.43315e-06
-8.45438e-06
-8.14073e-06
-7.63777e-06
-7.12471e-06
-6.6876e-06
-6.37941e-06
-6.32455e-06
-6.5438e-06
-9.28899e-06
-9.57193e-06
-9.66688e-06
-9.65713e-06
-9.59401e-06
-9.46954e-06
-9.26043e-06
-8.97135e-06
-8.58208e-06
-8.03325e-06
-7.43113e-06
-6.94169e-06
-6.56843e-06
-6.2435e-06
-6.15305e-06
-6.35007e-06
-6.71657e-06
-7.05283e-06
-7.28234e-06
-7.42944e-06
-7.53212e-06
-7.54905e-06
-7.38361e-06
-7.09966e-06
-6.93744e-06
-7.11463e-06
-7.65878e-06
-8.41285e-06
-9.19725e-06
-9.85329e-06
-1.03411e-05
-1.06381e-05
-1.0589e-05
-1.02154e-05
-9.7079e-06
-9.24232e-06
-8.85137e-06
-8.59592e-06
-8.6071e-06
-8.88762e-06
-1.30288e-05
-1.33661e-05
-1.34795e-05
-1.35e-05
-1.34238e-05
-1.32065e-05
-1.28657e-05
-1.2438e-05
-1.19597e-05
-1.1357e-05
-1.07236e-05
-1.02245e-05
-9.87368e-06
-9.64656e-06
-9.73251e-06
-1.01381e-05
-1.06348e-05
-1.10126e-05
-1.11908e-05
-1.12442e-05
-1.12834e-05
-1.1288e-05
-1.10702e-05
-1.06497e-05
-1.03239e-05
-1.04133e-05
-1.09653e-05
-1.17581e-05
-1.25506e-05
-1.32177e-05
-1.37398e-05
-1.40502e-05
-1.39817e-05
-1.3552e-05
-1.30181e-05
-1.25892e-05
-1.22368e-05
-1.20096e-05
-1.20999e-05
-1.24992e-05
-1.7648e-05
-1.81379e-05
-1.8311e-05
-1.83253e-05
-1.82135e-05
-1.79434e-05
-1.74657e-05
-1.69273e-05
-1.6418e-05
-1.587e-05
-1.53331e-05
-1.48719e-05
-1.45478e-05
-1.44402e-05
-1.47103e-05
-1.53256e-05
-1.59781e-05
-1.63728e-05
-1.64651e-05
-1.64034e-05
-1.63665e-05
-1.63157e-05
-1.60917e-05
-1.5669e-05
-1.52749e-05
-1.52529e-05
-1.56481e-05
-1.62177e-05
-1.68156e-05
-1.73308e-05
-1.78442e-05
-1.82397e-05
-1.82354e-05
-1.78306e-05
-1.72965e-05
-1.68584e-05
-1.65081e-05
-1.6288e-05
-1.63925e-05
-1.6923e-05
-2.27618e-05
-2.33884e-05
-2.36357e-05
-2.36976e-05
-2.36933e-05
-2.35304e-05
-2.30902e-05
-2.24586e-05
-2.18217e-05
-2.12174e-05
-2.07415e-05
-2.03782e-05
-2.01793e-05
-2.02357e-05
-2.06357e-05
-2.13351e-05
-2.20163e-05
-2.23704e-05
-2.24174e-05
-2.23741e-05
-2.2322e-05
-2.22567e-05
-2.21214e-05
-2.18738e-05
-2.15852e-05
-2.14881e-05
-2.16167e-05
-2.17807e-05
-2.19243e-05
-2.21086e-05
-2.24106e-05
-2.27685e-05
-2.28529e-05
-2.25789e-05
-2.2119e-05
-2.16774e-05
-2.12961e-05
-2.10848e-05
-2.12557e-05
-2.18866e-05
-2.7953e-05
-2.86966e-05
-2.90324e-05
-2.91326e-05
-2.92401e-05
-2.93105e-05
-2.89487e-05
-2.81942e-05
-2.73735e-05
-2.67112e-05
-2.6327e-05
-2.61543e-05
-2.61615e-05
-2.63756e-05
-2.68194e-05
-2.74981e-05
-2.81089e-05
-2.84781e-05
-2.86125e-05
-2.86595e-05
-2.87018e-05
-2.87537e-05
-2.87903e-05
-2.87165e-05
-2.84877e-05
-2.81999e-05
-2.79543e-05
-2.77137e-05
-2.74425e-05
-2.71994e-05
-2.71343e-05
-2.73155e-05
-2.74139e-05
-2.72193e-05
-2.68658e-05
-2.6455e-05
-2.61096e-05
-2.59704e-05
-2.62358e-05
-2.69735e-05
-3.2999e-05
-3.36788e-05
-3.38727e-05
-3.37581e-05
-3.37035e-05
-3.37913e-05
-3.36705e-05
-3.30989e-05
-3.23182e-05
-3.16947e-05
-3.14986e-05
-3.16463e-05
-3.19533e-05
-3.23052e-05
-3.2685e-05
-3.32145e-05
-3.3796e-05
-3.42868e-05
-3.4628e-05
-3.48474e-05
-3.49138e-05
-3.50003e-05
-3.51412e-05
-3.5099e-05
-3.48256e-05
-3.43087e-05
-3.37561e-05
-3.31776e-05
-3.25849e-05
-3.20431e-05
-3.16716e-05
-3.15738e-05
-3.15927e-05
-3.14467e-05
-3.11644e-05
-3.08426e-05
-3.05913e-05
-3.0683e-05
-3.12044e-05
-3.20646e-05
-3.69769e-05
-3.73635e-05
-3.73628e-05
-3.7084e-05
-3.68162e-05
-3.67906e-05
-3.68835e-05
-3.68541e-05
-3.65071e-05
-3.60618e-05
-3.59699e-05
-3.62924e-05
-3.6812e-05
-3.72135e-05
-3.74909e-05
-3.77795e-05
-3.82139e-05
-3.87807e-05
-3.92432e-05
-3.95102e-05
-3.957e-05
-3.96375e-05
-3.98045e-05
-3.9879e-05
-3.96821e-05
-3.91606e-05
-3.84242e-05
-3.76526e-05
-3.68733e-05
-3.61864e-05
-3.5642e-05
-3.53136e-05
-3.52094e-05
-3.50823e-05
-3.48717e-05
-3.46998e-05
-3.46289e-05
-3.48274e-05
-3.54111e-05
-3.62456e-05
-3.9013e-05
-3.93134e-05
-3.94296e-05
-3.94067e-05
-3.92426e-05
-3.91496e-05
-3.93448e-05
-3.97144e-05
-3.9801e-05
-3.96256e-05
-3.95143e-05
-3.97643e-05
-4.02545e-05
-4.05569e-05
-4.05511e-05
-4.05542e-05
-4.07817e-05
-4.12543e-05
-4.17203e-05
-4.19681e-05
-4.19928e-05
-4.19695e-05
-4.2064e-05
-4.21765e-05
-4.2059e-05
-4.16919e-05
-4.11223e-05
-4.054e-05
-3.99811e-05
-3.94525e-05
-3.89749e-05
-3.86217e-05
-3.84734e-05
-3.84338e-05
-3.83838e-05
-3.82314e-05
-3.80996e-05
-3.8065e-05
-3.82235e-05
-3.85999e-05
-4.0668e-05
-4.09016e-05
-4.1072e-05
-4.1166e-05
-4.10995e-05
-4.09376e-05
-4.09025e-05
-4.11278e-05
-4.13706e-05
-4.14274e-05
-4.14463e-05
-4.15776e-05
-4.18025e-05
-4.19479e-05
-4.18011e-05
-4.15015e-05
-4.14991e-05
-4.18437e-05
-4.23452e-05
-4.26928e-05
-4.27721e-05
-4.26682e-05
-4.25973e-05
-4.26872e-05
-4.27672e-05
-4.26635e-05
-4.24176e-05
-4.21788e-05
-4.19203e-05
-4.16197e-05
-4.12946e-05
-4.10078e-05
-4.09603e-05
-4.11677e-05
-4.13702e-05
-4.13598e-05
-4.11544e-05
-4.08747e-05
-4.06286e-05
-4.05522e-05
-4.21539e-05
-4.23122e-05
-4.25153e-05
-4.26444e-05
-4.26234e-05
-4.24622e-05
-4.22358e-05
-4.21076e-05
-4.21414e-05
-4.22762e-05
-4.2431e-05
-4.25176e-05
-4.25109e-05
-4.24186e-05
-4.20943e-05
-4.16759e-05
-4.1534e-05
-4.17218e-05
-4.20006e-05
-4.21768e-05
-4.21825e-05
-4.20499e-05
-4.20549e-05
-4.23621e-05
-4.27807e-05
-4.30519e-05
-4.31059e-05
-4.29716e-05
-4.26406e-05
-4.22247e-05
-4.18166e-05
-4.16222e-05
-4.17573e-05
-4.21698e-05
-4.25954e-05
-4.27999e-05
-4.27504e-05
-4.24958e-05
-4.22593e-05
-4.21109e-05
-4.28636e-05
-4.32601e-05
-4.36996e-05
-4.40766e-05
-4.43119e-05
-4.43387e-05
-4.41784e-05
-4.38944e-05
-4.36922e-05
-4.36508e-05
-4.37358e-05
-4.38273e-05
-4.37525e-05
-4.34629e-05
-4.29607e-05
-4.24773e-05
-4.22376e-05
-4.2183e-05
-4.21221e-05
-4.18994e-05
-4.15475e-05
-4.11932e-05
-4.10134e-05
-4.10837e-05
-4.13827e-05
-4.17262e-05
-4.20186e-05
-4.21073e-05
-4.2024e-05
-4.17823e-05
-4.15467e-05
-4.15132e-05
-4.17047e-05
-4.20061e-05
-4.22937e-05
-4.24771e-05
-4.25433e-05
-4.25969e-05
-4.25782e-05
-4.26413e-05
-4.29065e-05
-4.35625e-05
-4.42656e-05
-4.48199e-05
-4.51891e-05
-4.54324e-05
-4.55619e-05
-4.54822e-05
-4.52546e-05
-4.50864e-05
-4.49994e-05
-4.49748e-05
-4.48551e-05
-4.46329e-05
-4.44474e-05
-4.42159e-05
-4.39472e-05
-4.36913e-05
-4.34e-05
-4.29553e-05
-4.23522e-05
-4.17741e-05
-4.12612e-05
-4.0871e-05
-4.07293e-05
-4.08538e-05
-4.10883e-05
-4.13037e-05
-4.14904e-05
-4.16447e-05
-4.17726e-05
-4.19306e-05
-4.20666e-05
-4.21045e-05
-4.20956e-05
-4.20394e-05
-4.19919e-05
-4.20127e-05
-4.21433e-05
-4.24286e-05
-4.21611e-05
-4.25509e-05
-4.31442e-05
-4.37265e-05
-4.42154e-05
-4.45968e-05
-4.49028e-05
-4.51387e-05
-4.51604e-05
-4.49678e-05
-4.46216e-05
-4.42092e-05
-4.38344e-05
-4.35492e-05
-4.3398e-05
-4.33223e-05
-4.32773e-05
-4.32535e-05
-4.3191e-05
-4.2995e-05
-4.26939e-05
-4.23377e-05
-4.18698e-05
-4.13891e-05
-4.09998e-05
-4.07974e-05
-4.08328e-05
-4.09647e-05
-4.11359e-05
-4.13734e-05
-4.16915e-05
-4.20104e-05
-4.22383e-05
-4.23492e-05
-4.23755e-05
-4.24056e-05
-4.23991e-05
-4.23454e-05
-4.22312e-05
-4.21213e-05
-4.1155e-05
-4.1059e-05
-4.0989e-05
-4.10002e-05
-4.10997e-05
-4.13035e-05
-4.16085e-05
-4.19012e-05
-4.21132e-05
-4.21583e-05
-4.20655e-05
-4.17672e-05
-4.1379e-05
-4.10415e-05
-4.08181e-05
-4.07454e-05
-4.07895e-05
-4.0882e-05
-4.09968e-05
-4.10773e-05
-4.1111e-05
-4.10724e-05
-4.10222e-05
-4.09546e-05
-4.09433e-05
-4.09477e-05
-4.08692e-05
-4.07281e-05
-4.05904e-05
-4.06018e-05
-4.07645e-05
-4.09963e-05
-4.11829e-05
-4.13561e-05
-4.14727e-05
-4.14862e-05
-4.1473e-05
-4.14402e-05
-4.13942e-05
-4.12663e-05
-3.96155e-05
-3.94254e-05
-3.91507e-05
-3.88353e-05
-3.85511e-05
-3.8354e-05
-3.82527e-05
-3.82401e-05
-3.82791e-05
-3.82466e-05
-3.81154e-05
-3.79313e-05
-3.76666e-05
-3.74209e-05
-3.72966e-05
-3.72945e-05
-3.74364e-05
-3.77133e-05
-3.80874e-05
-3.84578e-05
-3.876e-05
-3.90316e-05
-3.93243e-05
-3.96206e-05
-3.98461e-05
-3.99874e-05
-4.00573e-05
-4.00197e-05
-3.99255e-05
-3.97603e-05
-3.96676e-05
-3.96494e-05
-3.97405e-05
-3.98775e-05
-3.99562e-05
-3.99598e-05
-3.99337e-05
-3.99276e-05
-3.98982e-05
-3.97769e-05
-3.69441e-05
-3.69428e-05
-3.6883e-05
-3.6723e-05
-3.64868e-05
-3.61945e-05
-3.58961e-05
-3.57124e-05
-3.56067e-05
-3.54872e-05
-3.53425e-05
-3.51596e-05
-3.49356e-05
-3.46158e-05
-3.42495e-05
-3.39391e-05
-3.38164e-05
-3.39125e-05
-3.41775e-05
-3.45127e-05
-3.48535e-05
-3.51646e-05
-3.54478e-05
-3.57328e-05
-3.60489e-05
-3.63705e-05
-3.66844e-05
-3.68914e-05
-3.69067e-05
-3.67176e-05
-3.64285e-05
-3.61483e-05
-3.59712e-05
-3.59351e-05
-3.60498e-05
-3.62338e-05
-3.64199e-05
-3.65743e-05
-3.67173e-05
-3.6861e-05
-3.20451e-05
-3.19529e-05
-3.18829e-05
-3.18763e-05
-3.19265e-05
-3.20162e-05
-3.21491e-05
-3.23312e-05
-3.25335e-05
-3.27429e-05
-3.29654e-05
-3.31863e-05
-3.32588e-05
-3.31051e-05
-3.27617e-05
-3.23286e-05
-3.19227e-05
-3.16619e-05
-3.1576e-05
-3.15769e-05
-3.15726e-05
-3.15234e-05
-3.14658e-05
-3.1418e-05
-3.14541e-05
-3.15541e-05
-3.16611e-05
-3.17238e-05
-3.17314e-05
-3.17261e-05
-3.17338e-05
-3.17816e-05
-3.1879e-05
-3.19289e-05
-3.19414e-05
-3.1984e-05
-3.206e-05
-3.21199e-05
-3.21576e-05
-3.21285e-05
-2.76085e-05
-2.74102e-05
-2.71364e-05
-2.68463e-05
-2.65733e-05
-2.6351e-05
-2.62123e-05
-2.61864e-05
-2.62503e-05
-2.63584e-05
-2.64729e-05
-2.65743e-05
-2.66467e-05
-2.66736e-05
-2.66628e-05
-2.66303e-05
-2.6608e-05
-2.66182e-05
-2.67289e-05
-2.69459e-05
-2.71953e-05
-2.74194e-05
-2.7571e-05
-2.76449e-05
-2.76168e-05
-2.75624e-05
-2.74993e-05
-2.74587e-05
-2.74287e-05
-2.74173e-05
-2.74471e-05
-2.7522e-05
-2.76114e-05
-2.76903e-05
-2.77285e-05
-2.77269e-05
-2.77255e-05
-2.77535e-05
-2.77662e-05
-2.77224e-05
-2.26969e-05
-2.25039e-05
-2.22623e-05
-2.20473e-05
-2.18616e-05
-2.17074e-05
-2.15705e-05
-2.14374e-05
-2.13388e-05
-2.12877e-05
-2.12682e-05
-2.12745e-05
-2.12876e-05
-2.12776e-05
-2.12319e-05
-2.11854e-05
-2.11808e-05
-2.12321e-05
-2.1376e-05
-2.16465e-05
-2.20119e-05
-2.2407e-05
-2.2753e-05
-2.29902e-05
-2.31259e-05
-2.32062e-05
-2.32745e-05
-2.33541e-05
-2.33961e-05
-2.33954e-05
-2.33578e-05
-2.32753e-05
-2.31747e-05
-2.30866e-05
-2.30079e-05
-2.29296e-05
-2.28852e-05
-2.28687e-05
-2.28588e-05
-2.28144e-05
-1.81529e-05
-1.81495e-05
-1.81226e-05
-1.80848e-05
-1.80338e-05
-1.79438e-05
-1.78194e-05
-1.76916e-05
-1.75714e-05
-1.74826e-05
-1.74117e-05
-1.73539e-05
-1.7318e-05
-1.72648e-05
-1.71856e-05
-1.70652e-05
-1.69351e-05
-1.68547e-05
-1.68445e-05
-1.68845e-05
-1.69476e-05
-1.7008e-05
-1.7096e-05
-1.71871e-05
-1.72561e-05
-1.73237e-05
-1.73904e-05
-1.74612e-05
-1.7541e-05
-1.76229e-05
-1.76922e-05
-1.7749e-05
-1.77936e-05
-1.78406e-05
-1.78893e-05
-1.79403e-05
-1.79979e-05
-1.8052e-05
-1.80846e-05
-1.81284e-05
-1.40666e-05
-1.4009e-05
-1.39463e-05
-1.38626e-05
-1.37526e-05
-1.36313e-05
-1.34988e-05
-1.33594e-05
-1.32401e-05
-1.31607e-05
-1.31157e-05
-1.31073e-05
-1.31304e-05
-1.31603e-05
-1.3179e-05
-1.31934e-05
-1.32047e-05
-1.32126e-05
-1.32254e-05
-1.32391e-05
-1.32578e-05
-1.32962e-05
-1.3359e-05
-1.34243e-05
-1.34817e-05
-1.35482e-05
-1.36206e-05
-1.37111e-05
-1.38048e-05
-1.38802e-05
-1.39469e-05
-1.40068e-05
-1.40443e-05
-1.40809e-05
-1.41115e-05
-1.41249e-05
-1.41284e-05
-1.41365e-05
-1.41314e-05
-1.41048e-05
-1.2164e-05
-1.21316e-05
-1.20844e-05
-1.20318e-05
-1.19803e-05
-1.19313e-05
-1.18715e-05
-1.18134e-05
-1.17721e-05
-1.17587e-05
-1.17526e-05
-1.17583e-05
-1.17664e-05
-1.1774e-05
-1.17507e-05
-1.17189e-05
-1.16779e-05
-1.16222e-05
-1.15889e-05
-1.15916e-05
-1.16196e-05
-1.16787e-05
-1.17543e-05
-1.18327e-05
-1.19064e-05
-1.19616e-05
-1.20221e-05
-1.20782e-05
-1.2119e-05
-1.21433e-05
-1.21626e-05
-1.21802e-05
-1.21944e-05
-1.21894e-05
-1.21859e-05
-1.21827e-05
-1.21778e-05
-1.21712e-05
-1.2176e-05
-1.21728e-05
-3.8436e-06
-3.75242e-06
-3.63007e-06
-3.5435e-06
-3.59613e-06
-3.70017e-06
-3.78485e-06
-3.84321e-06
-3.92215e-06
-4.04504e-06
-4.26184e-06
-4.58911e-06
-4.92685e-06
-5.22626e-06
-5.45904e-06
-5.56462e-06
-5.40553e-06
-5.1318e-06
-5.00515e-06
-5.05217e-06
-5.1695e-06
-5.35774e-06
-5.59838e-06
-5.79893e-06
-5.84965e-06
-5.73687e-06
-5.553e-06
-5.38596e-06
-5.34175e-06
-5.37376e-06
-5.40726e-06
-5.45073e-06
-5.49597e-06
-5.43167e-06
-5.22592e-06
-4.92097e-06
-4.57169e-06
-4.23777e-06
-3.99917e-06
-3.89565e-06
-3.91567e-06
-3.8188e-06
-3.68965e-06
-3.60028e-06
-3.65195e-06
-3.75676e-06
-3.83933e-06
-3.89568e-06
-3.97082e-06
-4.09174e-06
-4.30784e-06
-4.63304e-06
-4.96935e-06
-5.27202e-06
-5.51071e-06
-5.62449e-06
-5.47566e-06
-5.21019e-06
-5.08961e-06
-5.14276e-06
-5.2713e-06
-5.46752e-06
-5.71154e-06
-5.91358e-06
-5.96955e-06
-5.86136e-06
-5.68424e-06
-5.52036e-06
-5.4714e-06
-5.4939e-06
-5.5199e-06
-5.56051e-06
-5.60212e-06
-5.53326e-06
-5.32387e-06
-5.01729e-06
-4.66598e-06
-4.32894e-06
-4.08421e-06
-3.97337e-06
-4.64477e-06
-4.54076e-06
-4.40434e-06
-4.30012e-06
-4.3354e-06
-4.43618e-06
-4.52035e-06
-4.55824e-06
-4.60748e-06
-4.70695e-06
-4.92345e-06
-5.26677e-06
-5.62324e-06
-5.92236e-06
-6.15116e-06
-6.25207e-06
-6.08212e-06
-5.80874e-06
-5.69211e-06
-5.76224e-06
-5.90628e-06
-6.12414e-06
-6.39324e-06
-6.61336e-06
-6.66957e-06
-6.575e-06
-6.43107e-06
-6.31077e-06
-6.2985e-06
-6.32655e-06
-6.33515e-06
-6.36369e-06
-6.40202e-06
-6.31994e-06
-6.08634e-06
-5.76543e-06
-5.41787e-06
-5.0904e-06
-4.84616e-06
-4.72094e-06
-6.59887e-06
-6.44852e-06
-6.25118e-06
-6.08973e-06
-6.08856e-06
-6.18614e-06
-6.28707e-06
-6.32198e-06
-6.30933e-06
-6.34509e-06
-6.54588e-06
-6.92025e-06
-7.32196e-06
-7.64603e-06
-7.82788e-06
-7.86177e-06
-7.64017e-06
-7.32577e-06
-7.1577e-06
-7.18866e-06
-7.35943e-06
-7.63339e-06
-7.96267e-06
-8.24081e-06
-8.33306e-06
-8.23112e-06
-8.09069e-06
-8.02696e-06
-8.09908e-06
-8.20087e-06
-8.2453e-06
-8.27407e-06
-8.29343e-06
-8.19875e-06
-7.95067e-06
-7.62112e-06
-7.30279e-06
-7.02712e-06
-6.82361e-06
-6.7034e-06
-1.0053e-05
-9.84078e-06
-9.5533e-06
-9.32246e-06
-9.29253e-06
-9.38431e-06
-9.48094e-06
-9.44448e-06
-9.318e-06
-9.25344e-06
-9.42534e-06
-9.83284e-06
-1.02353e-05
-1.05009e-05
-1.05775e-05
-1.04963e-05
-1.02338e-05
-9.8998e-06
-9.68384e-06
-9.64244e-06
-9.77951e-06
-1.01218e-05
-1.05913e-05
-1.10122e-05
-1.12086e-05
-1.11583e-05
-1.09892e-05
-1.08923e-05
-1.09766e-05
-1.11053e-05
-1.11969e-05
-1.12524e-05
-1.12771e-05
-1.11764e-05
-1.09518e-05
-1.067e-05
-1.04497e-05
-1.03195e-05
-1.02358e-05
-1.01734e-05
-1.49284e-05
-1.46231e-05
-1.42333e-05
-1.39638e-05
-1.39151e-05
-1.3959e-05
-1.39517e-05
-1.37909e-05
-1.35018e-05
-1.33275e-05
-1.34397e-05
-1.38176e-05
-1.41739e-05
-1.43495e-05
-1.43517e-05
-1.42657e-05
-1.40364e-05
-1.37562e-05
-1.35425e-05
-1.34566e-05
-1.35311e-05
-1.38472e-05
-1.43736e-05
-1.49085e-05
-1.52007e-05
-1.52402e-05
-1.51223e-05
-1.49877e-05
-1.49613e-05
-1.501e-05
-1.50853e-05
-1.5225e-05
-1.53475e-05
-1.53244e-05
-1.51586e-05
-1.49689e-05
-1.48857e-05
-1.49065e-05
-1.49708e-05
-1.50343e-05
-2.05162e-05
-2.02157e-05
-1.98035e-05
-1.95359e-05
-1.95124e-05
-1.95464e-05
-1.9463e-05
-1.91494e-05
-1.87232e-05
-1.84262e-05
-1.84052e-05
-1.86457e-05
-1.88952e-05
-1.89471e-05
-1.8929e-05
-1.89488e-05
-1.88904e-05
-1.87991e-05
-1.87297e-05
-1.87155e-05
-1.87577e-05
-1.89507e-05
-1.93478e-05
-1.98003e-05
-2.00594e-05
-2.01363e-05
-2.01539e-05
-2.0104e-05
-2.00369e-05
-2.00069e-05
-2.01065e-05
-2.03344e-05
-2.05751e-05
-2.05744e-05
-2.03218e-05
-2.00495e-05
-1.99798e-05
-2.0088e-05
-2.0301e-05
-2.05305e-05
-2.60467e-05
-2.58845e-05
-2.55517e-05
-2.53746e-05
-2.54604e-05
-2.5607e-05
-2.55889e-05
-2.52693e-05
-2.47379e-05
-2.43581e-05
-2.42067e-05
-2.41874e-05
-2.41282e-05
-2.39837e-05
-2.38987e-05
-2.40088e-05
-2.42111e-05
-2.44359e-05
-2.46685e-05
-2.48867e-05
-2.50154e-05
-2.51495e-05
-2.53663e-05
-2.56347e-05
-2.57599e-05
-2.57873e-05
-2.59175e-05
-2.61054e-05
-2.61736e-05
-2.61491e-05
-2.62005e-05
-2.63342e-05
-2.64277e-05
-2.62966e-05
-2.58752e-05
-2.53691e-05
-2.51505e-05
-2.52821e-05
-2.55651e-05
-2.58994e-05
-3.09433e-05
-3.10154e-05
-3.08767e-05
-3.07747e-05
-3.091e-05
-3.1202e-05
-3.13257e-05
-3.10954e-05
-3.05793e-05
-3.01264e-05
-2.98931e-05
-2.9846e-05
-2.97194e-05
-2.9462e-05
-2.9264e-05
-2.92248e-05
-2.94889e-05
-2.99524e-05
-3.04331e-05
-3.08502e-05
-3.11422e-05
-3.13271e-05
-3.14921e-05
-3.16949e-05
-3.18097e-05
-3.18394e-05
-3.19434e-05
-3.2188e-05
-3.24279e-05
-3.25141e-05
-3.25165e-05
-3.24851e-05
-3.23346e-05
-3.1987e-05
-3.13961e-05
-3.07584e-05
-3.04024e-05
-3.03088e-05
-3.0428e-05
-3.06901e-05
-3.52433e-05
-3.54835e-05
-3.56854e-05
-3.56785e-05
-3.57039e-05
-3.59446e-05
-3.62623e-05
-3.62035e-05
-3.5671e-05
-3.50246e-05
-3.46636e-05
-3.46773e-05
-3.47142e-05
-3.46517e-05
-3.45584e-05
-3.4563e-05
-3.48568e-05
-3.53542e-05
-3.59256e-05
-3.63679e-05
-3.66126e-05
-3.66935e-05
-3.6643e-05
-3.66228e-05
-3.66214e-05
-3.67685e-05
-3.71521e-05
-3.76024e-05
-3.79201e-05
-3.80577e-05
-3.80814e-05
-3.79984e-05
-3.77626e-05
-3.73646e-05
-3.67953e-05
-3.6155e-05
-3.56834e-05
-3.54499e-05
-3.53021e-05
-3.51979e-05
-3.94369e-05
-3.94444e-05
-3.95279e-05
-3.94939e-05
-3.92897e-05
-3.92261e-05
-3.9414e-05
-3.94762e-05
-3.92626e-05
-3.88794e-05
-3.85237e-05
-3.84003e-05
-3.83667e-05
-3.82753e-05
-3.81125e-05
-3.80516e-05
-3.83533e-05
-3.90152e-05
-3.97617e-05
-4.03696e-05
-4.07075e-05
-4.08356e-05
-4.0637e-05
-4.02141e-05
-3.99648e-05
-4.02099e-05
-4.08779e-05
-4.15925e-05
-4.20385e-05
-4.21657e-05
-4.19877e-05
-4.17562e-05
-4.15679e-05
-4.13653e-05
-4.09632e-05
-4.05786e-05
-4.03282e-05
-4.0131e-05
-3.98734e-05
-3.9606e-05
-4.22226e-05
-4.19741e-05
-4.18753e-05
-4.1845e-05
-4.15636e-05
-4.11156e-05
-4.09234e-05
-4.09742e-05
-4.10469e-05
-4.11033e-05
-4.11148e-05
-4.10252e-05
-4.08631e-05
-4.06464e-05
-4.02907e-05
-3.99162e-05
-3.98584e-05
-4.02178e-05
-4.09342e-05
-4.17402e-05
-4.23948e-05
-4.2766e-05
-4.2807e-05
-4.26802e-05
-4.26675e-05
-4.2994e-05
-4.35487e-05
-4.41445e-05
-4.45552e-05
-4.46326e-05
-4.44584e-05
-4.4152e-05
-4.38549e-05
-4.35315e-05
-4.31233e-05
-4.28392e-05
-4.27702e-05
-4.27951e-05
-4.26475e-05
-4.24508e-05
-4.39959e-05
-4.3757e-05
-4.37368e-05
-4.39621e-05
-4.41168e-05
-4.40407e-05
-4.38183e-05
-4.36067e-05
-4.33827e-05
-4.33945e-05
-4.36785e-05
-4.39639e-05
-4.41148e-05
-4.40068e-05
-4.35513e-05
-4.29261e-05
-4.2363e-05
-4.21555e-05
-4.23686e-05
-4.28521e-05
-4.32779e-05
-4.34943e-05
-4.35918e-05
-4.36561e-05
-4.38519e-05
-4.42187e-05
-4.46473e-05
-4.50814e-05
-4.54877e-05
-4.57399e-05
-4.58582e-05
-4.58189e-05
-4.56723e-05
-4.54838e-05
-4.52309e-05
-4.49091e-05
-4.47034e-05
-4.45581e-05
-4.44094e-05
-4.4229e-05
-4.48782e-05
-4.48303e-05
-4.4942e-05
-4.53295e-05
-4.60243e-05
-4.66955e-05
-4.702e-05
-4.69385e-05
-4.66344e-05
-4.63101e-05
-4.62931e-05
-4.65362e-05
-4.68462e-05
-4.70193e-05
-4.68675e-05
-4.64158e-05
-4.58471e-05
-4.55152e-05
-4.53808e-05
-4.53016e-05
-4.50628e-05
-4.45448e-05
-4.40011e-05
-4.36858e-05
-4.36603e-05
-4.38882e-05
-4.42121e-05
-4.46104e-05
-4.50344e-05
-4.54298e-05
-4.56734e-05
-4.57992e-05
-4.59102e-05
-4.60502e-05
-4.61354e-05
-4.60303e-05
-4.58144e-05
-4.55346e-05
-4.52786e-05
-4.50403e-05
-4.47066e-05
-4.50967e-05
-4.56796e-05
-4.64058e-05
-4.72798e-05
-4.81488e-05
-4.86231e-05
-4.87065e-05
-4.8414e-05
-4.80068e-05
-4.78104e-05
-4.78784e-05
-4.80095e-05
-4.80662e-05
-4.80151e-05
-4.7797e-05
-4.75308e-05
-4.73312e-05
-4.72162e-05
-4.71025e-05
-4.69007e-05
-4.65439e-05
-4.61122e-05
-4.58138e-05
-4.57578e-05
-4.58395e-05
-4.59448e-05
-4.60808e-05
-4.61912e-05
-4.6207e-05
-4.60964e-05
-4.586e-05
-4.5673e-05
-4.56911e-05
-4.57477e-05
-4.57064e-05
-4.54993e-05
-4.51647e-05
-4.47937e-05
-4.46041e-05
-4.41311e-05
-4.44584e-05
-4.51618e-05
-4.60249e-05
-4.6849e-05
-4.76178e-05
-4.81687e-05
-4.8311e-05
-4.81316e-05
-4.77204e-05
-4.73202e-05
-4.70063e-05
-4.68192e-05
-4.67823e-05
-4.68933e-05
-4.71021e-05
-4.73035e-05
-4.74503e-05
-4.75575e-05
-4.77975e-05
-4.8103e-05
-4.8299e-05
-4.83067e-05
-4.81398e-05
-4.79295e-05
-4.77328e-05
-4.75343e-05
-4.73615e-05
-4.72403e-05
-4.70873e-05
-4.67505e-05
-4.63739e-05
-4.60495e-05
-4.57978e-05
-4.56422e-05
-4.55583e-05
-4.54474e-05
-4.51602e-05
-4.46981e-05
-4.42628e-05
-4.45102e-05
-4.43885e-05
-4.45237e-05
-4.48261e-05
-4.51675e-05
-4.55033e-05
-4.59142e-05
-4.63441e-05
-4.65951e-05
-4.66528e-05
-4.6555e-05
-4.62882e-05
-4.59442e-05
-4.57371e-05
-4.58148e-05
-4.61518e-05
-4.66217e-05
-4.71423e-05
-4.7533e-05
-4.78064e-05
-4.80344e-05
-4.81919e-05
-4.8198e-05
-4.80851e-05
-4.78341e-05
-4.75003e-05
-4.70631e-05
-4.65585e-05
-4.61684e-05
-4.59117e-05
-4.58175e-05
-4.57537e-05
-4.56987e-05
-4.56997e-05
-4.57336e-05
-4.57511e-05
-4.5725e-05
-4.55689e-05
-4.52709e-05
-4.48874e-05
-4.37081e-05
-4.3325e-05
-4.29297e-05
-4.25609e-05
-4.22131e-05
-4.19546e-05
-4.18376e-05
-4.18303e-05
-4.1982e-05
-4.2278e-05
-4.25528e-05
-4.2674e-05
-4.26367e-05
-4.25085e-05
-4.24617e-05
-4.25289e-05
-4.27334e-05
-4.30996e-05
-4.35136e-05
-4.39226e-05
-4.43269e-05
-4.47279e-05
-4.50474e-05
-4.52621e-05
-4.5358e-05
-4.5334e-05
-4.52013e-05
-4.50199e-05
-4.47737e-05
-4.45281e-05
-4.43695e-05
-4.42321e-05
-4.4101e-05
-4.40209e-05
-4.40379e-05
-4.40869e-05
-4.41401e-05
-4.42009e-05
-4.41621e-05
-4.40025e-05
-3.82703e-05
-3.84553e-05
-3.85527e-05
-3.84698e-05
-3.82954e-05
-3.8038e-05
-3.7724e-05
-3.74494e-05
-3.73261e-05
-3.7323e-05
-3.74233e-05
-3.74893e-05
-3.74277e-05
-3.72478e-05
-3.70057e-05
-3.67677e-05
-3.66165e-05
-3.66343e-05
-3.68577e-05
-3.71926e-05
-3.75696e-05
-3.79402e-05
-3.82565e-05
-3.84512e-05
-3.85729e-05
-3.86833e-05
-3.87734e-05
-3.88501e-05
-3.88078e-05
-3.8649e-05
-3.82935e-05
-3.79024e-05
-3.75243e-05
-3.72797e-05
-3.72606e-05
-3.74092e-05
-3.76082e-05
-3.77914e-05
-3.79315e-05
-3.80729e-05
-3.36648e-05
-3.3584e-05
-3.36082e-05
-3.36895e-05
-3.37965e-05
-3.39447e-05
-3.40845e-05
-3.42017e-05
-3.43363e-05
-3.45158e-05
-3.47782e-05
-3.50401e-05
-3.51919e-05
-3.51547e-05
-3.49457e-05
-3.46042e-05
-3.41982e-05
-3.38295e-05
-3.35896e-05
-3.34867e-05
-3.34468e-05
-3.34111e-05
-3.33728e-05
-3.32733e-05
-3.31522e-05
-3.31041e-05
-3.3178e-05
-3.33882e-05
-3.36389e-05
-3.3801e-05
-3.38589e-05
-3.38332e-05
-3.38146e-05
-3.38202e-05
-3.38859e-05
-3.39587e-05
-3.39953e-05
-3.39903e-05
-3.39078e-05
-3.37992e-05
-2.76416e-05
-2.74608e-05
-2.72744e-05
-2.70889e-05
-2.69065e-05
-2.67302e-05
-2.6588e-05
-2.64689e-05
-2.64089e-05
-2.64357e-05
-2.65515e-05
-2.67803e-05
-2.70057e-05
-2.71664e-05
-2.72541e-05
-2.73116e-05
-2.73663e-05
-2.74651e-05
-2.76377e-05
-2.78573e-05
-2.81002e-05
-2.82938e-05
-2.84059e-05
-2.84051e-05
-2.83232e-05
-2.82004e-05
-2.80692e-05
-2.79674e-05
-2.79167e-05
-2.79019e-05
-2.78895e-05
-2.7853e-05
-2.78005e-05
-2.77637e-05
-2.77408e-05
-2.77412e-05
-2.77911e-05
-2.78486e-05
-2.78528e-05
-2.7785e-05
-2.22847e-05
-2.20775e-05
-2.18575e-05
-2.16231e-05
-2.1387e-05
-2.11633e-05
-2.09601e-05
-2.07626e-05
-2.05899e-05
-2.04751e-05
-2.04253e-05
-2.04442e-05
-2.05334e-05
-2.0642e-05
-2.07472e-05
-2.08561e-05
-2.09767e-05
-2.11473e-05
-2.13918e-05
-2.17522e-05
-2.21979e-05
-2.26591e-05
-2.30437e-05
-2.3313e-05
-2.34411e-05
-2.34352e-05
-2.33605e-05
-2.32424e-05
-2.3136e-05
-2.30523e-05
-2.29955e-05
-2.29375e-05
-2.28552e-05
-2.27686e-05
-2.26954e-05
-2.26618e-05
-2.26476e-05
-2.26145e-05
-2.25519e-05
-2.24442e-05
-1.95903e-05
-1.95213e-05
-1.94063e-05
-1.92791e-05
-1.91418e-05
-1.89724e-05
-1.87627e-05
-1.85727e-05
-1.843e-05
-1.83225e-05
-1.82363e-05
-1.81904e-05
-1.81655e-05
-1.81462e-05
-1.81187e-05
-1.8081e-05
-1.80475e-05
-1.8022e-05
-1.80515e-05
-1.8138e-05
-1.82757e-05
-1.84687e-05
-1.86998e-05
-1.89218e-05
-1.90845e-05
-1.9188e-05
-1.92609e-05
-1.93227e-05
-1.93555e-05
-1.93727e-05
-1.93809e-05
-1.93735e-05
-1.93618e-05
-1.93643e-05
-1.93639e-05
-1.93687e-05
-1.94134e-05
-1.94883e-05
-1.95627e-05
-1.95991e-05
-1.47314e-05
-1.46327e-05
-1.45235e-05
-1.4417e-05
-1.43112e-05
-1.41915e-05
-1.40523e-05
-1.39022e-05
-1.37822e-05
-1.36887e-05
-1.36124e-05
-1.3555e-05
-1.35244e-05
-1.34934e-05
-1.34668e-05
-1.34533e-05
-1.3442e-05
-1.34257e-05
-1.34215e-05
-1.34389e-05
-1.34695e-05
-1.35194e-05
-1.36234e-05
-1.37614e-05
-1.39141e-05
-1.40583e-05
-1.42034e-05
-1.43429e-05
-1.44636e-05
-1.45604e-05
-1.46454e-05
-1.47076e-05
-1.47632e-05
-1.48026e-05
-1.48379e-05
-1.48597e-05
-1.48551e-05
-1.48518e-05
-1.48277e-05
-1.47916e-05
-1.1622e-05
-1.16329e-05
-1.16019e-05
-1.15562e-05
-1.14998e-05
-1.14357e-05
-1.13622e-05
-1.12901e-05
-1.12237e-05
-1.11766e-05
-1.11548e-05
-1.11455e-05
-1.11366e-05
-1.11153e-05
-1.10766e-05
-1.10245e-05
-1.09713e-05
-1.09235e-05
-1.09042e-05
-1.09129e-05
-1.09573e-05
-1.10167e-05
-1.10817e-05
-1.11552e-05
-1.12169e-05
-1.12673e-05
-1.13127e-05
-1.1359e-05
-1.13985e-05
-1.14228e-05
-1.14379e-05
-1.14528e-05
-1.14492e-05
-1.14489e-05
-1.14513e-05
-1.14548e-05
-1.14721e-05
-1.15071e-05
-1.15506e-05
-1.15946e-05
-8.24867e-06
-8.23618e-06
-8.30752e-06
-8.44755e-06
-8.63392e-06
-8.7909e-06
-8.82813e-06
-8.71511e-06
-8.508e-06
-8.26988e-06
-7.99914e-06
-7.64325e-06
-7.18833e-06
-6.62948e-06
-6.02475e-06
-5.48467e-06
-5.15747e-06
-5.00396e-06
-5.00373e-06
-5.20263e-06
-5.54861e-06
-6.0165e-06
-6.60575e-06
-7.19872e-06
-7.7142e-06
-8.17642e-06
-8.54898e-06
-8.76038e-06
-8.78834e-06
-8.73565e-06
-8.68196e-06
-8.71074e-06
-8.81488e-06
-8.88589e-06
-8.84338e-06
-8.69303e-06
-8.52939e-06
-8.42929e-06
-8.37291e-06
-8.31292e-06
-8.26323e-06
-8.25143e-06
-8.32857e-06
-8.47222e-06
-8.66268e-06
-8.82153e-06
-8.85568e-06
-8.73343e-06
-8.51841e-06
-8.2766e-06
-8.00567e-06
-7.65201e-06
-7.19709e-06
-6.6346e-06
-6.02619e-06
-5.48637e-06
-5.16529e-06
-5.01764e-06
-5.02115e-06
-5.21837e-06
-5.5596e-06
-6.02561e-06
-6.61808e-06
-7.21653e-06
-7.73604e-06
-8.20774e-06
-8.59137e-06
-8.80912e-06
-8.83522e-06
-8.77469e-06
-8.71175e-06
-8.73114e-06
-8.83241e-06
-8.90265e-06
-8.86034e-06
-8.71014e-06
-8.54987e-06
-8.45157e-06
-8.39588e-06
-8.33152e-06
-9.04786e-06
-9.01159e-06
-9.06739e-06
-9.19846e-06
-9.37126e-06
-9.51315e-06
-9.53331e-06
-9.4078e-06
-9.1923e-06
-8.95503e-06
-8.67979e-06
-8.31751e-06
-7.85669e-06
-7.28341e-06
-6.6621e-06
-6.11002e-06
-5.77894e-06
-5.6242e-06
-5.61729e-06
-5.80851e-06
-6.15179e-06
-6.63639e-06
-7.26029e-06
-7.89148e-06
-8.43615e-06
-8.92085e-06
-9.3203e-06
-9.56662e-06
-9.61995e-06
-9.58076e-06
-9.5277e-06
-9.55215e-06
-9.65994e-06
-9.74107e-06
-9.70344e-06
-9.55864e-06
-9.39711e-06
-9.29066e-06
-9.2159e-06
-9.13528e-06
-1.10241e-05
-1.09307e-05
-1.09336e-05
-1.10104e-05
-1.11193e-05
-1.12113e-05
-1.12129e-05
-1.10836e-05
-1.08852e-05
-1.06644e-05
-1.04036e-05
-1.00353e-05
-9.56593e-06
-8.9818e-06
-8.33791e-06
-7.76622e-06
-7.42077e-06
-7.24933e-06
-7.2229e-06
-7.39544e-06
-7.74308e-06
-8.2633e-06
-8.94139e-06
-9.61706e-06
-1.0179e-05
-1.0681e-05
-1.11068e-05
-1.13835e-05
-1.14763e-05
-1.14858e-05
-1.14942e-05
-1.15743e-05
-1.17353e-05
-1.18653e-05
-1.18553e-05
-1.17236e-05
-1.15596e-05
-1.14111e-05
-1.12896e-05
-1.11624e-05
-1.42993e-05
-1.41848e-05
-1.41731e-05
-1.42029e-05
-1.42337e-05
-1.42539e-05
-1.42104e-05
-1.40777e-05
-1.39005e-05
-1.37153e-05
-1.34681e-05
-1.31064e-05
-1.26344e-05
-1.20245e-05
-1.13267e-05
-1.06991e-05
-1.03106e-05
-1.01278e-05
-1.00972e-05
-1.02772e-05
-1.06465e-05
-1.1203e-05
-1.19087e-05
-1.26011e-05
-1.31399e-05
-1.35886e-05
-1.40019e-05
-1.43081e-05
-1.44613e-05
-1.4554e-05
-1.46676e-05
-1.4877e-05
-1.51775e-05
-1.54349e-05
-1.54876e-05
-1.5347e-05
-1.51084e-05
-1.48736e-05
-1.46718e-05
-1.44809e-05
-1.87319e-05
-1.86525e-05
-1.87038e-05
-1.88021e-05
-1.88531e-05
-1.88645e-05
-1.88284e-05
-1.87114e-05
-1.85377e-05
-1.83314e-05
-1.80233e-05
-1.75803e-05
-1.70385e-05
-1.63497e-05
-1.55637e-05
-1.48578e-05
-1.44062e-05
-1.42185e-05
-1.42537e-05
-1.45095e-05
-1.49308e-05
-1.5495e-05
-1.61647e-05
-1.68032e-05
-1.72604e-05
-1.75801e-05
-1.79091e-05
-1.82248e-05
-1.8477e-05
-1.87183e-05
-1.89921e-05
-1.93342e-05
-1.97737e-05
-2.01761e-05
-2.02756e-05
-2.0099e-05
-1.9769e-05
-1.94277e-05
-1.91436e-05
-1.89117e-05
-2.40289e-05
-2.40662e-05
-2.42862e-05
-2.45452e-05
-2.47537e-05
-2.48744e-05
-2.48526e-05
-2.47318e-05
-2.45122e-05
-2.4154e-05
-2.3627e-05
-2.29987e-05
-2.2307e-05
-2.15602e-05
-2.08169e-05
-2.014e-05
-1.96862e-05
-1.95045e-05
-1.96062e-05
-1.99807e-05
-2.05015e-05
-2.10737e-05
-2.16511e-05
-2.21957e-05
-2.25436e-05
-2.26959e-05
-2.28787e-05
-2.3174e-05
-2.34768e-05
-2.38389e-05
-2.41994e-05
-2.46043e-05
-2.5105e-05
-2.5566e-05
-2.57289e-05
-2.55928e-05
-2.52359e-05
-2.48154e-05
-2.44425e-05
-2.4165e-05
-3.01711e-05
-3.02689e-05
-3.05872e-05
-3.09224e-05
-3.11948e-05
-3.14385e-05
-3.14977e-05
-3.13647e-05
-3.10165e-05
-3.04028e-05
-2.9563e-05
-2.86752e-05
-2.78492e-05
-2.72118e-05
-2.67081e-05
-2.62855e-05
-2.59929e-05
-2.58584e-05
-2.59837e-05
-2.64535e-05
-2.70374e-05
-2.75535e-05
-2.8011e-05
-2.84134e-05
-2.86387e-05
-2.86319e-05
-2.86105e-05
-2.87544e-05
-2.90012e-05
-2.92655e-05
-2.95568e-05
-3.0027e-05
-3.06826e-05
-3.12928e-05
-3.15858e-05
-3.15202e-05
-3.12391e-05
-3.09002e-05
-3.05973e-05
-3.03103e-05
-3.65921e-05
-3.68053e-05
-3.7098e-05
-3.73603e-05
-3.76148e-05
-3.78345e-05
-3.78658e-05
-3.76783e-05
-3.71768e-05
-3.63433e-05
-3.52846e-05
-3.42939e-05
-3.35565e-05
-3.30703e-05
-3.27338e-05
-3.24882e-05
-3.23344e-05
-3.22949e-05
-3.24223e-05
-3.28278e-05
-3.33344e-05
-3.36658e-05
-3.39448e-05
-3.41724e-05
-3.43188e-05
-3.42623e-05
-3.41226e-05
-3.41639e-05
-3.43633e-05
-3.45286e-05
-3.47227e-05
-3.51712e-05
-3.58754e-05
-3.65211e-05
-3.68201e-05
-3.68527e-05
-3.67579e-05
-3.66804e-05
-3.66057e-05
-3.65425e-05
-4.19678e-05
-4.22509e-05
-4.25875e-05
-4.29075e-05
-4.31504e-05
-4.3312e-05
-4.32995e-05
-4.28762e-05
-4.21814e-05
-4.12542e-05
-4.01835e-05
-3.91994e-05
-3.85579e-05
-3.82525e-05
-3.80771e-05
-3.79991e-05
-3.80293e-05
-3.81199e-05
-3.82979e-05
-3.86268e-05
-3.88814e-05
-3.88159e-05
-3.85729e-05
-3.84043e-05
-3.83749e-05
-3.83323e-05
-3.82944e-05
-3.84383e-05
-3.87047e-05
-3.88529e-05
-3.90112e-05
-3.94194e-05
-4.00179e-05
-4.05453e-05
-4.08243e-05
-4.10227e-05
-4.12729e-05
-4.15039e-05
-4.1669e-05
-4.17887e-05
-4.51112e-05
-4.52156e-05
-4.55665e-05
-4.60276e-05
-4.63884e-05
-4.6645e-05
-4.66614e-05
-4.6291e-05
-4.56726e-05
-4.49322e-05
-4.40543e-05
-4.32472e-05
-4.28222e-05
-4.28518e-05
-4.29111e-05
-4.28585e-05
-4.28631e-05
-4.29733e-05
-4.31208e-05
-4.3243e-05
-4.32287e-05
-4.28073e-05
-4.21279e-05
-4.15737e-05
-4.12572e-05
-4.11911e-05
-4.13002e-05
-4.16133e-05
-4.19393e-05
-4.2094e-05
-4.21539e-05
-4.24525e-05
-4.31213e-05
-4.37666e-05
-4.41874e-05
-4.45212e-05
-4.48855e-05
-4.50422e-05
-4.50339e-05
-4.50981e-05
-4.56617e-05
-4.57871e-05
-4.62357e-05
-4.69832e-05
-4.77391e-05
-4.83048e-05
-4.84986e-05
-4.83329e-05
-4.79183e-05
-4.74119e-05
-4.67776e-05
-4.60592e-05
-4.5639e-05
-4.55421e-05
-4.54818e-05
-4.52747e-05
-4.51716e-05
-4.53299e-05
-4.56194e-05
-4.58234e-05
-4.57834e-05
-4.54428e-05
-4.49072e-05
-4.43612e-05
-4.40315e-05
-4.39256e-05
-4.39357e-05
-4.40716e-05
-4.41272e-05
-4.40193e-05
-4.3838e-05
-4.40223e-05
-4.47347e-05
-4.55952e-05
-4.62388e-05
-4.66477e-05
-4.67518e-05
-4.65128e-05
-4.60891e-05
-4.57779e-05
-4.55462e-05
-4.55894e-05
-4.59374e-05
-4.67712e-05
-4.78632e-05
-4.87767e-05
-4.92745e-05
-4.93961e-05
-4.91739e-05
-4.87469e-05
-4.83269e-05
-4.77299e-05
-4.69914e-05
-4.63579e-05
-4.58247e-05
-4.5405e-05
-4.50934e-05
-4.50516e-05
-4.53656e-05
-4.58223e-05
-4.60702e-05
-4.59936e-05
-4.56394e-05
-4.52926e-05
-4.50799e-05
-4.51195e-05
-4.52895e-05
-4.53993e-05
-4.54062e-05
-4.5269e-05
-4.51159e-05
-4.52512e-05
-4.58073e-05
-4.66017e-05
-4.73226e-05
-4.77245e-05
-4.76984e-05
-4.728e-05
-4.66111e-05
-4.59205e-05
-4.58562e-05
-4.56649e-05
-4.5826e-05
-4.65248e-05
-4.76204e-05
-4.87547e-05
-4.95983e-05
-5.00168e-05
-5.00093e-05
-4.98388e-05
-4.97542e-05
-4.94766e-05
-4.88483e-05
-4.80982e-05
-4.73325e-05
-4.64797e-05
-4.56293e-05
-4.50409e-05
-4.48577e-05
-4.49818e-05
-4.50951e-05
-4.50015e-05
-4.47979e-05
-4.46768e-05
-4.47975e-05
-4.51233e-05
-4.56498e-05
-4.61156e-05
-4.63824e-05
-4.65203e-05
-4.65871e-05
-4.66708e-05
-4.69006e-05
-4.72936e-05
-4.76492e-05
-4.7866e-05
-4.78754e-05
-4.74808e-05
-4.68757e-05
-4.62777e-05
-4.63715e-05
-4.63123e-05
-4.65865e-05
-4.71609e-05
-4.79615e-05
-4.88241e-05
-4.95866e-05
-5.00844e-05
-5.02493e-05
-5.02705e-05
-5.02928e-05
-5.03523e-05
-5.02714e-05
-5.00654e-05
-4.9623e-05
-4.88855e-05
-4.78425e-05
-4.66643e-05
-4.57349e-05
-4.52984e-05
-4.52665e-05
-4.53047e-05
-4.53287e-05
-4.54716e-05
-4.58017e-05
-4.6239e-05
-4.67069e-05
-4.71076e-05
-4.74022e-05
-4.7563e-05
-4.75301e-05
-4.73799e-05
-4.73199e-05
-4.74442e-05
-4.7679e-05
-4.78836e-05
-4.78944e-05
-4.75806e-05
-4.71145e-05
-4.66885e-05
-4.65279e-05
-4.64626e-05
-4.67304e-05
-4.72623e-05
-4.8011e-05
-4.89097e-05
-4.96781e-05
-5.01224e-05
-5.01944e-05
-4.99666e-05
-4.95921e-05
-4.91959e-05
-4.89253e-05
-4.87859e-05
-4.8774e-05
-4.85941e-05
-4.80642e-05
-4.72497e-05
-4.63765e-05
-4.57686e-05
-4.56218e-05
-4.57276e-05
-4.59388e-05
-4.61283e-05
-4.63865e-05
-4.66914e-05
-4.69826e-05
-4.72395e-05
-4.74714e-05
-4.76747e-05
-4.76963e-05
-4.75845e-05
-4.74739e-05
-4.75285e-05
-4.76792e-05
-4.78671e-05
-4.79182e-05
-4.77608e-05
-4.73597e-05
-4.68589e-05
-4.61461e-05
-4.57942e-05
-4.55495e-05
-4.55427e-05
-4.57772e-05
-4.63048e-05
-4.69517e-05
-4.74901e-05
-4.77753e-05
-4.77386e-05
-4.74949e-05
-4.71543e-05
-4.68056e-05
-4.66379e-05
-4.67044e-05
-4.67869e-05
-4.67361e-05
-4.64708e-05
-4.60589e-05
-4.56743e-05
-4.54698e-05
-4.55186e-05
-4.56197e-05
-4.57156e-05
-4.58894e-05
-4.62613e-05
-4.66984e-05
-4.70251e-05
-4.72171e-05
-4.73839e-05
-4.7489e-05
-4.75653e-05
-4.77092e-05
-4.78642e-05
-4.79114e-05
-4.78436e-05
-4.76679e-05
-4.7373e-05
-4.6988e-05
-4.65673e-05
-4.42217e-05
-4.37303e-05
-4.32496e-05
-4.28326e-05
-4.25305e-05
-4.24041e-05
-4.24554e-05
-4.2592e-05
-4.27118e-05
-4.28261e-05
-4.28963e-05
-4.28483e-05
-4.2777e-05
-4.27341e-05
-4.28351e-05
-4.30744e-05
-4.33446e-05
-4.3562e-05
-4.3684e-05
-4.3844e-05
-4.40106e-05
-4.4132e-05
-4.41168e-05
-4.40157e-05
-4.40427e-05
-4.43817e-05
-4.50292e-05
-4.56589e-05
-4.60482e-05
-4.62089e-05
-4.62857e-05
-4.63892e-05
-4.65364e-05
-4.66892e-05
-4.67248e-05
-4.65667e-05
-4.6165e-05
-4.56811e-05
-4.52183e-05
-4.47394e-05
-3.99749e-05
-3.97545e-05
-3.95127e-05
-3.91368e-05
-3.86464e-05
-3.81525e-05
-3.77651e-05
-3.75376e-05
-3.74544e-05
-3.74477e-05
-3.75022e-05
-3.75547e-05
-3.75249e-05
-3.74239e-05
-3.73316e-05
-3.73227e-05
-3.73872e-05
-3.7474e-05
-3.75376e-05
-3.7541e-05
-3.7564e-05
-3.76512e-05
-3.7803e-05
-3.7998e-05
-3.82556e-05
-3.86233e-05
-3.91074e-05
-3.96736e-05
-4.01569e-05
-4.04897e-05
-4.06827e-05
-4.08062e-05
-4.09668e-05
-4.11187e-05
-4.11834e-05
-4.11292e-05
-4.09745e-05
-4.07187e-05
-4.04547e-05
-4.0218e-05
-3.41914e-05
-3.40168e-05
-3.39019e-05
-3.3823e-05
-3.3729e-05
-3.35094e-05
-3.31342e-05
-3.27375e-05
-3.24445e-05
-3.23064e-05
-3.23022e-05
-3.23746e-05
-3.23666e-05
-3.22813e-05
-3.21724e-05
-3.20662e-05
-3.19667e-05
-3.19153e-05
-3.19322e-05
-3.19181e-05
-3.18998e-05
-3.19368e-05
-3.19905e-05
-3.20383e-05
-3.21288e-05
-3.23447e-05
-3.26765e-05
-3.31107e-05
-3.36307e-05
-3.40927e-05
-3.43841e-05
-3.44934e-05
-3.44966e-05
-3.45085e-05
-3.45608e-05
-3.46272e-05
-3.46864e-05
-3.46807e-05
-3.45912e-05
-3.44066e-05
-2.61324e-05
-2.58596e-05
-2.5599e-05
-2.53603e-05
-2.52149e-05
-2.51712e-05
-2.51685e-05
-2.51866e-05
-2.5223e-05
-2.5316e-05
-2.54718e-05
-2.57265e-05
-2.60204e-05
-2.62604e-05
-2.63925e-05
-2.63929e-05
-2.6351e-05
-2.63393e-05
-2.63982e-05
-2.65041e-05
-2.65969e-05
-2.6679e-05
-2.67433e-05
-2.67469e-05
-2.6655e-05
-2.65229e-05
-2.63999e-05
-2.62813e-05
-2.61916e-05
-2.61625e-05
-2.61782e-05
-2.61941e-05
-2.61724e-05
-2.61322e-05
-2.61387e-05
-2.62174e-05
-2.63384e-05
-2.64519e-05
-2.64877e-05
-2.63676e-05
-2.07711e-05
-2.08023e-05
-2.08091e-05
-2.07747e-05
-2.07036e-05
-2.06224e-05
-2.05571e-05
-2.05233e-05
-2.05163e-05
-2.05372e-05
-2.06036e-05
-2.07176e-05
-2.08624e-05
-2.09857e-05
-2.10404e-05
-2.10497e-05
-2.10438e-05
-2.10618e-05
-2.11273e-05
-2.12484e-05
-2.14222e-05
-2.16275e-05
-2.18281e-05
-2.1951e-05
-2.19794e-05
-2.19362e-05
-2.18489e-05
-2.17224e-05
-2.1558e-05
-2.13718e-05
-2.11937e-05
-2.10185e-05
-2.08324e-05
-2.06316e-05
-2.04508e-05
-2.03335e-05
-2.03203e-05
-2.04004e-05
-2.05367e-05
-2.06818e-05
-1.868e-05
-1.86771e-05
-1.86241e-05
-1.85412e-05
-1.84297e-05
-1.83058e-05
-1.81776e-05
-1.80516e-05
-1.79537e-05
-1.78865e-05
-1.78134e-05
-1.7755e-05
-1.77217e-05
-1.76968e-05
-1.76575e-05
-1.76065e-05
-1.75401e-05
-1.74505e-05
-1.73918e-05
-1.73874e-05
-1.74329e-05
-1.75483e-05
-1.77253e-05
-1.79415e-05
-1.81484e-05
-1.82978e-05
-1.83935e-05
-1.84244e-05
-1.84098e-05
-1.83596e-05
-1.82921e-05
-1.82366e-05
-1.81926e-05
-1.81477e-05
-1.81124e-05
-1.8099e-05
-1.81333e-05
-1.82378e-05
-1.84128e-05
-1.85839e-05
-1.42203e-05
-1.42343e-05
-1.42098e-05
-1.4159e-05
-1.40828e-05
-1.3989e-05
-1.38929e-05
-1.38093e-05
-1.37421e-05
-1.36913e-05
-1.367e-05
-1.36634e-05
-1.36642e-05
-1.3667e-05
-1.36748e-05
-1.36607e-05
-1.36274e-05
-1.35919e-05
-1.35624e-05
-1.35354e-05
-1.35069e-05
-1.3501e-05
-1.35487e-05
-1.36447e-05
-1.37566e-05
-1.38606e-05
-1.39527e-05
-1.40455e-05
-1.4112e-05
-1.41535e-05
-1.41725e-05
-1.41851e-05
-1.41863e-05
-1.41743e-05
-1.41567e-05
-1.4141e-05
-1.41284e-05
-1.41319e-05
-1.4155e-05
-1.41912e-05
-1.12186e-05
-1.11892e-05
-1.11561e-05
-1.10944e-05
-1.10081e-05
-1.09037e-05
-1.07979e-05
-1.07031e-05
-1.06211e-05
-1.0567e-05
-1.05314e-05
-1.05178e-05
-1.05285e-05
-1.05304e-05
-1.05161e-05
-1.04988e-05
-1.04717e-05
-1.04506e-05
-1.04352e-05
-1.04479e-05
-1.04735e-05
-1.05201e-05
-1.05831e-05
-1.06679e-05
-1.07524e-05
-1.08241e-05
-1.08898e-05
-1.09417e-05
-1.09907e-05
-1.1023e-05
-1.1038e-05
-1.10419e-05
-1.10518e-05
-1.10643e-05
-1.10899e-05
-1.11228e-05
-1.11416e-05
-1.11698e-05
-1.12029e-05
-1.12137e-05
-1.51615e-06
-1.48746e-06
-1.3486e-06
-1.23402e-06
-1.19715e-06
-1.2223e-06
-1.20801e-06
-1.14915e-06
-1.05077e-06
-9.15683e-07
-8.05308e-07
-7.80939e-07
-8.33355e-07
-9.91882e-07
-1.20926e-06
-1.40318e-06
-1.56868e-06
-1.80292e-06
-2.18723e-06
-2.71504e-06
-3.26398e-06
-3.80927e-06
-4.30701e-06
-4.66284e-06
-4.91813e-06
-5.2429e-06
-5.62693e-06
-5.82984e-06
-5.74097e-06
-5.43129e-06
-5.01882e-06
-4.56066e-06
-4.12351e-06
-3.65508e-06
-3.07623e-06
-2.45961e-06
-1.95523e-06
-1.62343e-06
-1.4844e-06
-1.47581e-06
-1.58673e-06
-1.55781e-06
-1.41656e-06
-1.29553e-06
-1.25576e-06
-1.28618e-06
-1.28202e-06
-1.23354e-06
-1.14148e-06
-1.00932e-06
-8.96448e-07
-8.66227e-07
-9.10213e-07
-1.0588e-06
-1.27088e-06
-1.46222e-06
-1.6303e-06
-1.86589e-06
-2.2503e-06
-2.7802e-06
-3.33311e-06
-3.87709e-06
-4.37362e-06
-4.72913e-06
-4.9848e-06
-5.31091e-06
-5.69057e-06
-5.89321e-06
-5.80486e-06
-5.49258e-06
-5.07427e-06
-4.61248e-06
-4.1782e-06
-3.72079e-06
-3.152e-06
-2.53931e-06
-2.03549e-06
-1.70051e-06
-1.55886e-06
-1.54828e-06
-2.34823e-06
-2.30849e-06
-2.16682e-06
-2.04633e-06
-1.99966e-06
-2.02048e-06
-2.0095e-06
-1.95981e-06
-1.87169e-06
-1.75019e-06
-1.64917e-06
-1.61849e-06
-1.65201e-06
-1.79177e-06
-2.00197e-06
-2.19372e-06
-2.35365e-06
-2.59497e-06
-2.99239e-06
-3.52926e-06
-4.08229e-06
-4.64097e-06
-5.15914e-06
-5.54141e-06
-5.82831e-06
-6.17411e-06
-6.55281e-06
-6.73078e-06
-6.6129e-06
-6.28206e-06
-5.84443e-06
-5.36209e-06
-4.92006e-06
-4.47388e-06
-3.92512e-06
-3.31998e-06
-2.81687e-06
-2.48507e-06
-2.34531e-06
-2.32868e-06
-4.2954e-06
-4.2583e-06
-4.13513e-06
-4.01865e-06
-3.96217e-06
-3.93828e-06
-3.86337e-06
-3.7773e-06
-3.70443e-06
-3.62264e-06
-3.56225e-06
-3.55355e-06
-3.5948e-06
-3.73506e-06
-3.95342e-06
-4.14984e-06
-4.29024e-06
-4.49142e-06
-4.86576e-06
-5.41057e-06
-5.9847e-06
-6.57274e-06
-7.13306e-06
-7.55869e-06
-7.90447e-06
-8.29717e-06
-8.68955e-06
-8.85811e-06
-8.70745e-06
-8.32486e-06
-7.82771e-06
-7.29343e-06
-6.83973e-06
-6.42248e-06
-5.91247e-06
-5.31621e-06
-4.79916e-06
-4.46149e-06
-4.31578e-06
-4.28731e-06
-7.62554e-06
-7.63965e-06
-7.59003e-06
-7.5283e-06
-7.45183e-06
-7.32792e-06
-7.11708e-06
-6.92751e-06
-6.82613e-06
-6.77448e-06
-6.76476e-06
-6.79921e-06
-6.86064e-06
-7.03191e-06
-7.27844e-06
-7.45673e-06
-7.53523e-06
-7.65477e-06
-7.96846e-06
-8.51565e-06
-9.14915e-06
-9.8096e-06
-1.04035e-05
-1.08452e-05
-1.11815e-05
-1.15462e-05
-1.19391e-05
-1.21448e-05
-1.20168e-05
-1.16464e-05
-1.1125e-05
-1.05782e-05
-1.01506e-05
-9.80782e-06
-9.40549e-06
-8.85304e-06
-8.30116e-06
-7.90497e-06
-7.69966e-06
-7.62752e-06
-1.23806e-05
-1.24616e-05
-1.25045e-05
-1.24844e-05
-1.23985e-05
-1.21866e-05
-1.18566e-05
-1.15442e-05
-1.13359e-05
-1.12581e-05
-1.12774e-05
-1.13653e-05
-1.14889e-05
-1.17175e-05
-1.19903e-05
-1.21592e-05
-1.21588e-05
-1.21374e-05
-1.23137e-05
-1.28158e-05
-1.35093e-05
-1.42565e-05
-1.49124e-05
-1.5315e-05
-1.55344e-05
-1.57202e-05
-1.60106e-05
-1.62697e-05
-1.62667e-05
-1.60152e-05
-1.55978e-05
-1.51256e-05
-1.47751e-05
-1.45429e-05
-1.422e-05
-1.36919e-05
-1.31215e-05
-1.26873e-05
-1.24646e-05
-1.23757e-05
-1.82958e-05
-1.84293e-05
-1.84881e-05
-1.8486e-05
-1.84223e-05
-1.82361e-05
-1.78666e-05
-1.74228e-05
-1.70708e-05
-1.68839e-05
-1.68973e-05
-1.70574e-05
-1.73103e-05
-1.76737e-05
-1.79886e-05
-1.80958e-05
-1.79766e-05
-1.78108e-05
-1.78531e-05
-1.8281e-05
-1.90386e-05
-1.99244e-05
-2.06207e-05
-2.09725e-05
-2.1035e-05
-2.09959e-05
-2.10594e-05
-2.11976e-05
-2.12663e-05
-2.12083e-05
-2.09657e-05
-2.06452e-05
-2.03324e-05
-2.00873e-05
-1.97205e-05
-1.91232e-05
-1.85208e-05
-1.81704e-05
-1.8103e-05
-1.81707e-05
-2.45028e-05
-2.47211e-05
-2.47971e-05
-2.47644e-05
-2.46873e-05
-2.44899e-05
-2.41507e-05
-2.37348e-05
-2.3359e-05
-2.3155e-05
-2.32308e-05
-2.3553e-05
-2.40208e-05
-2.44891e-05
-2.47656e-05
-2.47986e-05
-2.46195e-05
-2.44287e-05
-2.44495e-05
-2.49083e-05
-2.571e-05
-2.66077e-05
-2.72702e-05
-2.75093e-05
-2.74184e-05
-2.72202e-05
-2.70766e-05
-2.69921e-05
-2.6899e-05
-2.67593e-05
-2.65608e-05
-2.63613e-05
-2.61444e-05
-2.5782e-05
-2.51818e-05
-2.43892e-05
-2.37691e-05
-2.36625e-05
-2.39281e-05
-2.42518e-05
-3.06852e-05
-3.08084e-05
-3.08327e-05
-3.07134e-05
-3.04527e-05
-3.01152e-05
-2.97755e-05
-2.95311e-05
-2.93955e-05
-2.93891e-05
-2.96581e-05
-3.01219e-05
-3.06289e-05
-3.10711e-05
-3.12772e-05
-3.12267e-05
-3.10725e-05
-3.10008e-05
-3.11857e-05
-3.16821e-05
-3.24118e-05
-3.31995e-05
-3.37588e-05
-3.39197e-05
-3.38146e-05
-3.3599e-05
-3.33941e-05
-3.31289e-05
-3.2709e-05
-3.22117e-05
-3.17832e-05
-3.15572e-05
-3.14683e-05
-3.12562e-05
-3.07274e-05
-2.99845e-05
-2.94016e-05
-2.93928e-05
-2.989e-05
-3.04263e-05
-3.63596e-05
-3.6327e-05
-3.62449e-05
-3.6098e-05
-3.5834e-05
-3.54429e-05
-3.50551e-05
-3.48696e-05
-3.48785e-05
-3.5031e-05
-3.53298e-05
-3.56573e-05
-3.59512e-05
-3.62154e-05
-3.63254e-05
-3.63197e-05
-3.62441e-05
-3.62632e-05
-3.65356e-05
-3.70537e-05
-3.77458e-05
-3.84822e-05
-3.90377e-05
-3.92879e-05
-3.9205e-05
-3.90171e-05
-3.88256e-05
-3.86259e-05
-3.82194e-05
-3.76228e-05
-3.7078e-05
-3.67509e-05
-3.66643e-05
-3.6565e-05
-3.63102e-05
-3.59135e-05
-3.55669e-05
-3.54709e-05
-3.57497e-05
-3.61627e-05
-4.08914e-05
-4.09018e-05
-4.08385e-05
-4.06529e-05
-4.03449e-05
-3.97938e-05
-3.90853e-05
-3.85707e-05
-3.83819e-05
-3.8471e-05
-3.8717e-05
-3.91044e-05
-3.94416e-05
-3.97158e-05
-3.98854e-05
-3.9931e-05
-3.99348e-05
-3.99714e-05
-4.01768e-05
-4.06203e-05
-4.13112e-05
-4.20679e-05
-4.25422e-05
-4.267e-05
-4.25535e-05
-4.22806e-05
-4.21316e-05
-4.21481e-05
-4.2118e-05
-4.19186e-05
-4.16009e-05
-4.13099e-05
-4.12396e-05
-4.13013e-05
-4.12766e-05
-4.1156e-05
-4.09456e-05
-4.08337e-05
-4.08394e-05
-4.08777e-05
-4.38642e-05
-4.39721e-05
-4.39995e-05
-4.3916e-05
-4.38377e-05
-4.34869e-05
-4.27943e-05
-4.19949e-05
-4.13698e-05
-4.11007e-05
-4.11048e-05
-4.13182e-05
-4.16324e-05
-4.19296e-05
-4.20196e-05
-4.19525e-05
-4.18033e-05
-4.17182e-05
-4.19146e-05
-4.23723e-05
-4.30427e-05
-4.36727e-05
-4.40022e-05
-4.40189e-05
-4.38332e-05
-4.36091e-05
-4.34547e-05
-4.3461e-05
-4.36341e-05
-4.38292e-05
-4.38774e-05
-4.38629e-05
-4.39518e-05
-4.41253e-05
-4.42684e-05
-4.43506e-05
-4.425e-05
-4.40376e-05
-4.38796e-05
-4.38091e-05
-4.45691e-05
-4.4805e-05
-4.52261e-05
-4.5707e-05
-4.60044e-05
-4.59566e-05
-4.55474e-05
-4.49046e-05
-4.43483e-05
-4.40633e-05
-4.39208e-05
-4.38141e-05
-4.37275e-05
-4.36252e-05
-4.33255e-05
-4.29069e-05
-4.2471e-05
-4.22128e-05
-4.23447e-05
-4.27701e-05
-4.32804e-05
-4.37137e-05
-4.39753e-05
-4.40792e-05
-4.40703e-05
-4.39914e-05
-4.37738e-05
-4.35869e-05
-4.36268e-05
-4.38668e-05
-4.42093e-05
-4.45189e-05
-4.48448e-05
-4.51691e-05
-4.54352e-05
-4.55172e-05
-4.53602e-05
-4.50437e-05
-4.46571e-05
-4.44563e-05
-4.33996e-05
-4.34041e-05
-4.37258e-05
-4.44314e-05
-4.51888e-05
-4.56801e-05
-4.5813e-05
-4.5687e-05
-4.55683e-05
-4.55674e-05
-4.56014e-05
-4.55387e-05
-4.52142e-05
-4.46737e-05
-4.40539e-05
-4.34548e-05
-4.29886e-05
-4.27167e-05
-4.26098e-05
-4.2592e-05
-4.26581e-05
-4.2749e-05
-4.28612e-05
-4.30749e-05
-4.33782e-05
-4.36084e-05
-4.35908e-05
-4.34474e-05
-4.34604e-05
-4.37282e-05
-4.41923e-05
-4.46476e-05
-4.49672e-05
-4.51979e-05
-4.52375e-05
-4.50411e-05
-4.47317e-05
-4.4409e-05
-4.40211e-05
-4.36168e-05
-4.23217e-05
-4.17826e-05
-4.14366e-05
-4.14515e-05
-4.18913e-05
-4.24677e-05
-4.28626e-05
-4.31265e-05
-4.33793e-05
-4.35509e-05
-4.36315e-05
-4.36435e-05
-4.34926e-05
-4.31494e-05
-4.27221e-05
-4.23566e-05
-4.20323e-05
-4.17568e-05
-4.15333e-05
-4.13864e-05
-4.12379e-05
-4.10065e-05
-4.07607e-05
-4.07718e-05
-4.10933e-05
-4.15343e-05
-4.17885e-05
-4.1878e-05
-4.20014e-05
-4.23622e-05
-4.29763e-05
-4.35775e-05
-4.39693e-05
-4.40671e-05
-4.39392e-05
-4.37402e-05
-4.36954e-05
-4.36961e-05
-4.34454e-05
-4.29385e-05
-4.28151e-05
-4.23976e-05
-4.19303e-05
-4.15552e-05
-4.1335e-05
-4.12795e-05
-4.12584e-05
-4.12439e-05
-4.12228e-05
-4.11283e-05
-4.09664e-05
-4.09617e-05
-4.10721e-05
-4.11826e-05
-4.12226e-05
-4.11618e-05
-4.09761e-05
-4.07444e-05
-4.0593e-05
-4.05909e-05
-4.06761e-05
-4.07478e-05
-4.06344e-05
-4.03417e-05
-4.01994e-05
-4.02219e-05
-4.02638e-05
-4.0203e-05
-4.01902e-05
-4.04869e-05
-4.11022e-05
-4.178e-05
-4.22157e-05
-4.23679e-05
-4.23001e-05
-4.22492e-05
-4.24004e-05
-4.27026e-05
-4.29476e-05
-4.29967e-05
-4.28672e-05
-4.29586e-05
-4.27957e-05
-4.24368e-05
-4.2096e-05
-4.18215e-05
-4.15454e-05
-4.12369e-05
-4.09888e-05
-4.08142e-05
-4.05301e-05
-4.02361e-05
-3.995e-05
-3.96886e-05
-3.95513e-05
-3.94525e-05
-3.93435e-05
-3.9265e-05
-3.92729e-05
-3.94322e-05
-3.97418e-05
-4.00634e-05
-4.02487e-05
-4.02478e-05
-4.02821e-05
-4.04747e-05
-4.07566e-05
-4.09293e-05
-4.09797e-05
-4.10718e-05
-4.13428e-05
-4.17313e-05
-4.20714e-05
-4.21559e-05
-4.20657e-05
-4.19107e-05
-4.18306e-05
-4.19344e-05
-4.22445e-05
-4.26021e-05
-3.91372e-05
-3.93699e-05
-3.95513e-05
-3.96524e-05
-3.96707e-05
-3.96396e-05
-3.96291e-05
-3.95559e-05
-3.93568e-05
-3.90643e-05
-3.87733e-05
-3.84579e-05
-3.81272e-05
-3.77121e-05
-3.72519e-05
-3.68962e-05
-3.67206e-05
-3.66821e-05
-3.6812e-05
-3.70621e-05
-3.74334e-05
-3.78177e-05
-3.80591e-05
-3.8188e-05
-3.8347e-05
-3.87054e-05
-3.92246e-05
-3.97459e-05
-4.00446e-05
-4.00759e-05
-3.99751e-05
-3.99483e-05
-4.00749e-05
-4.02053e-05
-4.01578e-05
-3.99097e-05
-3.95165e-05
-3.91217e-05
-3.88951e-05
-3.89121e-05
-3.49309e-05
-3.44997e-05
-3.4154e-05
-3.38915e-05
-3.36798e-05
-3.35626e-05
-3.35845e-05
-3.36726e-05
-3.37465e-05
-3.37507e-05
-3.36436e-05
-3.34663e-05
-3.31564e-05
-3.27888e-05
-3.24196e-05
-3.21086e-05
-3.18811e-05
-3.17699e-05
-3.17233e-05
-3.17441e-05
-3.18943e-05
-3.22208e-05
-3.27103e-05
-3.33048e-05
-3.40047e-05
-3.48145e-05
-3.5669e-05
-3.6442e-05
-3.70428e-05
-3.73719e-05
-3.74729e-05
-3.74498e-05
-3.74229e-05
-3.74054e-05
-3.73248e-05
-3.71207e-05
-3.67807e-05
-3.63541e-05
-3.58856e-05
-3.53972e-05
-3.03715e-05
-3.0076e-05
-2.97699e-05
-2.94988e-05
-2.92349e-05
-2.89705e-05
-2.87298e-05
-2.85672e-05
-2.84589e-05
-2.8386e-05
-2.83453e-05
-2.82376e-05
-2.80304e-05
-2.77253e-05
-2.73925e-05
-2.7102e-05
-2.6849e-05
-2.65992e-05
-2.63339e-05
-2.6131e-05
-2.61008e-05
-2.63218e-05
-2.6764e-05
-2.73461e-05
-2.80116e-05
-2.87366e-05
-2.94479e-05
-3.01222e-05
-3.06935e-05
-3.11401e-05
-3.14258e-05
-3.15403e-05
-3.15448e-05
-3.15536e-05
-3.15831e-05
-3.16034e-05
-3.15237e-05
-3.13193e-05
-3.1033e-05
-3.06983e-05
-2.49558e-05
-2.47788e-05
-2.45098e-05
-2.4216e-05
-2.39934e-05
-2.38535e-05
-2.37712e-05
-2.37432e-05
-2.37757e-05
-2.3863e-05
-2.39266e-05
-2.39502e-05
-2.39152e-05
-2.38571e-05
-2.38228e-05
-2.37878e-05
-2.37196e-05
-2.35946e-05
-2.3469e-05
-2.33832e-05
-2.33333e-05
-2.33238e-05
-2.33745e-05
-2.34376e-05
-2.34955e-05
-2.35674e-05
-2.36813e-05
-2.38086e-05
-2.39214e-05
-2.40338e-05
-2.4153e-05
-2.4234e-05
-2.42615e-05
-2.43235e-05
-2.44538e-05
-2.46441e-05
-2.485e-05
-2.49877e-05
-2.50644e-05
-2.50562e-05
-2.08692e-05
-2.09182e-05
-2.09423e-05
-2.09333e-05
-2.08775e-05
-2.0831e-05
-2.08102e-05
-2.08249e-05
-2.08879e-05
-2.09465e-05
-2.10028e-05
-2.10867e-05
-2.12062e-05
-2.13181e-05
-2.13898e-05
-2.14098e-05
-2.13702e-05
-2.12889e-05
-2.12044e-05
-2.11369e-05
-2.10802e-05
-2.10141e-05
-2.09576e-05
-2.0888e-05
-2.07928e-05
-2.06947e-05
-2.06051e-05
-2.05188e-05
-2.04216e-05
-2.03048e-05
-2.02019e-05
-2.01471e-05
-2.01138e-05
-2.01163e-05
-2.01613e-05
-2.0247e-05
-2.03618e-05
-2.05065e-05
-2.06601e-05
-2.07843e-05
-1.77604e-05
-1.78847e-05
-1.79446e-05
-1.79679e-05
-1.79426e-05
-1.78625e-05
-1.77793e-05
-1.77185e-05
-1.76869e-05
-1.76767e-05
-1.76838e-05
-1.76851e-05
-1.76842e-05
-1.76863e-05
-1.76532e-05
-1.75717e-05
-1.7451e-05
-1.73105e-05
-1.71706e-05
-1.70557e-05
-1.69718e-05
-1.69296e-05
-1.69336e-05
-1.69579e-05
-1.69624e-05
-1.69462e-05
-1.69188e-05
-1.68753e-05
-1.68332e-05
-1.68018e-05
-1.67777e-05
-1.67646e-05
-1.67799e-05
-1.68167e-05
-1.68801e-05
-1.69489e-05
-1.70356e-05
-1.71709e-05
-1.73638e-05
-1.75795e-05
-1.42367e-05
-1.42774e-05
-1.42892e-05
-1.42668e-05
-1.42161e-05
-1.41524e-05
-1.40788e-05
-1.4007e-05
-1.39472e-05
-1.39095e-05
-1.3889e-05
-1.38758e-05
-1.38476e-05
-1.38271e-05
-1.3798e-05
-1.37475e-05
-1.36966e-05
-1.36276e-05
-1.35615e-05
-1.35147e-05
-1.34772e-05
-1.34467e-05
-1.34356e-05
-1.34459e-05
-1.34799e-05
-1.3521e-05
-1.35664e-05
-1.36124e-05
-1.36646e-05
-1.37058e-05
-1.3732e-05
-1.3761e-05
-1.37873e-05
-1.38041e-05
-1.3844e-05
-1.38877e-05
-1.39342e-05
-1.39817e-05
-1.40597e-05
-1.4152e-05
-1.17118e-05
-1.17257e-05
-1.17261e-05
-1.16991e-05
-1.1654e-05
-1.15952e-05
-1.15246e-05
-1.14503e-05
-1.13921e-05
-1.13503e-05
-1.13241e-05
-1.12994e-05
-1.12871e-05
-1.12675e-05
-1.1247e-05
-1.12314e-05
-1.12135e-05
-1.11901e-05
-1.11747e-05
-1.11668e-05
-1.11676e-05
-1.11741e-05
-1.11875e-05
-1.12175e-05
-1.12425e-05
-1.12603e-05
-1.12908e-05
-1.13277e-05
-1.1354e-05
-1.13736e-05
-1.13973e-05
-1.1419e-05
-1.14389e-05
-1.1471e-05
-1.1509e-05
-1.15294e-05
-1.15526e-05
-1.15825e-05
-1.16357e-05
-1.16893e-05
7.01365e-06
6.97819e-06
6.76817e-06
6.44352e-06
6.03158e-06
5.59376e-06
5.20955e-06
4.87949e-06
4.61185e-06
4.36287e-06
4.04503e-06
3.69144e-06
3.42321e-06
3.3821e-06
3.60349e-06
3.93466e-06
4.19005e-06
4.24459e-06
4.13008e-06
3.92225e-06
3.69428e-06
3.46814e-06
3.20576e-06
2.96938e-06
2.78991e-06
2.62714e-06
2.5451e-06
2.74157e-06
3.34644e-06
4.18056e-06
4.99711e-06
5.57072e-06
5.81229e-06
5.84585e-06
5.85864e-06
5.90707e-06
6.018e-06
6.26792e-06
6.58964e-06
6.86205e-06
6.7715e-06
6.74127e-06
6.53609e-06
6.21416e-06
5.80347e-06
5.36548e-06
4.98449e-06
4.66299e-06
4.40729e-06
4.16928e-06
3.85982e-06
3.51241e-06
3.24862e-06
3.20791e-06
3.42459e-06
3.75113e-06
3.9979e-06
4.03814e-06
3.91164e-06
3.69596e-06
3.46479e-06
3.23344e-06
2.96293e-06
2.71998e-06
2.54569e-06
2.39356e-06
2.32582e-06
2.53591e-06
3.1476e-06
3.97959e-06
4.78853e-06
5.35607e-06
5.59712e-06
5.62887e-06
5.64175e-06
5.69027e-06
5.80182e-06
6.05032e-06
6.36257e-06
6.62372e-06
5.88623e-06
5.86454e-06
5.67537e-06
5.37317e-06
4.98217e-06
4.57208e-06
4.21307e-06
3.90167e-06
3.64567e-06
3.40663e-06
3.10197e-06
2.77033e-06
2.52721e-06
2.50691e-06
2.72677e-06
3.03707e-06
3.26335e-06
3.27807e-06
3.11266e-06
2.85703e-06
2.60419e-06
2.36927e-06
2.08458e-06
1.8085e-06
1.60117e-06
1.44425e-06
1.39616e-06
1.64695e-06
2.30243e-06
3.14034e-06
3.92233e-06
4.44745e-06
4.65978e-06
4.67977e-06
4.69863e-06
4.76633e-06
4.89411e-06
5.15466e-06
5.47296e-06
5.73226e-06
3.83706e-06
3.84213e-06
3.67067e-06
3.38944e-06
3.04234e-06
2.67687e-06
2.35818e-06
2.05739e-06
1.79111e-06
1.54343e-06
1.24283e-06
9.18233e-07
7.0982e-07
7.21275e-07
9.50038e-07
1.24939e-06
1.46224e-06
1.4616e-06
1.26182e-06
9.57735e-07
6.71726e-07
4.10222e-07
8.06313e-08
-2.66678e-07
-5.3145e-07
-7.04614e-07
-7.31357e-07
-4.29535e-07
2.66322e-07
1.08674e-06
1.81112e-06
2.28443e-06
2.45213e-06
2.44117e-06
2.46813e-06
2.56943e-06
2.73801e-06
3.02806e-06
3.37169e-06
3.65567e-06
4.05365e-07
3.61384e-07
1.36867e-07
-1.66768e-07
-4.9414e-07
-7.74717e-07
-1.01727e-06
-1.29406e-06
-1.56928e-06
-1.8028e-06
-2.0538e-06
-2.33213e-06
-2.51257e-06
-2.46525e-06
-2.23647e-06
-1.94846e-06
-1.70665e-06
-1.62716e-06
-1.78018e-06
-2.0893e-06
-2.41881e-06
-2.74507e-06
-3.17958e-06
-3.62909e-06
-3.9469e-06
-4.14083e-06
-4.17202e-06
-3.8589e-06
-3.17415e-06
-2.41981e-06
-1.77378e-06
-1.35065e-06
-1.19159e-06
-1.20467e-06
-1.14849e-06
-9.91848e-07
-7.72564e-07
-4.41899e-07
-6.78669e-08
2.40771e-07
-4.54427e-06
-4.70387e-06
-4.98754e-06
-5.28427e-06
-5.49478e-06
-5.59494e-06
-5.68251e-06
-5.88754e-06
-6.15339e-06
-6.38479e-06
-6.6321e-06
-6.87077e-06
-7.0279e-06
-7.01803e-06
-6.85834e-06
-6.60713e-06
-6.29409e-06
-6.07277e-06
-6.07977e-06
-6.32033e-06
-6.65325e-06
-7.06456e-06
-7.58503e-06
-8.08221e-06
-8.39067e-06
-8.53854e-06
-8.53743e-06
-8.2613e-06
-7.6689e-06
-7.06699e-06
-6.54584e-06
-6.15432e-06
-6.00483e-06
-6.04244e-06
-5.98585e-06
-5.78808e-06
-5.53657e-06
-5.22058e-06
-4.88925e-06
-4.62517e-06
-1.03619e-05
-1.05789e-05
-1.08257e-05
-1.10227e-05
-1.10976e-05
-1.10145e-05
-1.09499e-05
-1.10832e-05
-1.13581e-05
-1.16426e-05
-1.19235e-05
-1.22161e-05
-1.24477e-05
-1.25065e-05
-1.23919e-05
-1.21701e-05
-1.18232e-05
-1.15e-05
-1.14132e-05
-1.15766e-05
-1.18783e-05
-1.23027e-05
-1.28049e-05
-1.32329e-05
-1.34786e-05
-1.3573e-05
-1.34934e-05
-1.31725e-05
-1.27014e-05
-1.22613e-05
-1.18765e-05
-1.14775e-05
-1.12339e-05
-1.12249e-05
-1.11374e-05
-1.09275e-05
-1.07413e-05
-1.05669e-05
-1.03979e-05
-1.03167e-05
-1.57556e-05
-1.59631e-05
-1.61522e-05
-1.62661e-05
-1.62696e-05
-1.60925e-05
-1.59837e-05
-1.61659e-05
-1.65434e-05
-1.69387e-05
-1.73039e-05
-1.76706e-05
-1.80084e-05
-1.81637e-05
-1.81287e-05
-1.79258e-05
-1.75877e-05
-1.72745e-05
-1.71472e-05
-1.73062e-05
-1.75663e-05
-1.78873e-05
-1.82434e-05
-1.85363e-05
-1.87716e-05
-1.89619e-05
-1.88836e-05
-1.84843e-05
-1.79109e-05
-1.74037e-05
-1.6986e-05
-1.65127e-05
-1.61283e-05
-1.59203e-05
-1.56784e-05
-1.54534e-05
-1.53885e-05
-1.54641e-05
-1.55429e-05
-1.56191e-05
-1.9902e-05
-2.00903e-05
-2.03502e-05
-2.05393e-05
-2.06035e-05
-2.05377e-05
-2.05319e-05
-2.08359e-05
-2.13598e-05
-2.18519e-05
-2.22619e-05
-2.27006e-05
-2.3097e-05
-2.33589e-05
-2.35101e-05
-2.34905e-05
-2.33128e-05
-2.3031e-05
-2.28426e-05
-2.28313e-05
-2.30144e-05
-2.31896e-05
-2.33617e-05
-2.35492e-05
-2.37699e-05
-2.41112e-05
-2.42515e-05
-2.38465e-05
-2.29659e-05
-2.20193e-05
-2.12212e-05
-2.05613e-05
-2.01758e-05
-1.99344e-05
-1.96445e-05
-1.94315e-05
-1.94318e-05
-1.95924e-05
-1.97468e-05
-1.98325e-05
-2.29587e-05
-2.31904e-05
-2.35916e-05
-2.39834e-05
-2.42041e-05
-2.43038e-05
-2.45147e-05
-2.5014e-05
-2.56513e-05
-2.6271e-05
-2.68059e-05
-2.73673e-05
-2.78848e-05
-2.82644e-05
-2.85418e-05
-2.86353e-05
-2.85608e-05
-2.83217e-05
-2.81127e-05
-2.79076e-05
-2.7817e-05
-2.78725e-05
-2.801e-05
-2.81561e-05
-2.82866e-05
-2.84912e-05
-2.86949e-05
-2.84333e-05
-2.75396e-05
-2.63577e-05
-2.51959e-05
-2.41442e-05
-2.33817e-05
-2.29551e-05
-2.26717e-05
-2.25764e-05
-2.26957e-05
-2.28683e-05
-2.29669e-05
-2.29432e-05
-2.57716e-05
-2.61357e-05
-2.66082e-05
-2.70482e-05
-2.73068e-05
-2.7442e-05
-2.77123e-05
-2.82259e-05
-2.89896e-05
-2.97728e-05
-3.05001e-05
-3.11826e-05
-3.18412e-05
-3.24027e-05
-3.27781e-05
-3.2947e-05
-3.29166e-05
-3.26857e-05
-3.23603e-05
-3.19665e-05
-3.16451e-05
-3.15524e-05
-3.15781e-05
-3.15386e-05
-3.14287e-05
-3.13724e-05
-3.14284e-05
-3.12584e-05
-3.05599e-05
-2.94849e-05
-2.82953e-05
-2.71191e-05
-2.61646e-05
-2.54824e-05
-2.50879e-05
-2.4999e-05
-2.51635e-05
-2.54203e-05
-2.55716e-05
-2.56154e-05
-2.94006e-05
-2.976e-05
-2.99945e-05
-3.01648e-05
-3.03033e-05
-3.04325e-05
-3.05888e-05
-3.09398e-05
-3.15993e-05
-3.24868e-05
-3.34198e-05
-3.43413e-05
-3.51568e-05
-3.57863e-05
-3.62232e-05
-3.64847e-05
-3.64902e-05
-3.62521e-05
-3.59021e-05
-3.55688e-05
-3.5251e-05
-3.49699e-05
-3.46592e-05
-3.42453e-05
-3.38735e-05
-3.36201e-05
-3.34388e-05
-3.3163e-05
-3.25978e-05
-3.18234e-05
-3.09275e-05
-3.00502e-05
-2.92913e-05
-2.85422e-05
-2.79412e-05
-2.76248e-05
-2.76958e-05
-2.80686e-05
-2.85439e-05
-2.89839e-05
-3.35351e-05
-3.39316e-05
-3.40197e-05
-3.4055e-05
-3.41642e-05
-3.41697e-05
-3.40921e-05
-3.41448e-05
-3.44828e-05
-3.51928e-05
-3.60991e-05
-3.6933e-05
-3.75975e-05
-3.80714e-05
-3.84503e-05
-3.86572e-05
-3.86185e-05
-3.83915e-05
-3.81552e-05
-3.80316e-05
-3.79258e-05
-3.76393e-05
-3.70839e-05
-3.64962e-05
-3.60261e-05
-3.56774e-05
-3.54586e-05
-3.52201e-05
-3.487e-05
-3.4507e-05
-3.40718e-05
-3.35117e-05
-3.28071e-05
-3.18915e-05
-3.09342e-05
-3.04254e-05
-3.0613e-05
-3.12573e-05
-3.20856e-05
-3.29128e-05
-3.60833e-05
-3.65367e-05
-3.69554e-05
-3.73053e-05
-3.75518e-05
-3.766e-05
-3.75922e-05
-3.76274e-05
-3.78529e-05
-3.81671e-05
-3.8515e-05
-3.87254e-05
-3.88014e-05
-3.88468e-05
-3.88451e-05
-3.88008e-05
-3.87025e-05
-3.85813e-05
-3.8407e-05
-3.83151e-05
-3.82723e-05
-3.80489e-05
-3.76674e-05
-3.73166e-05
-3.70665e-05
-3.68783e-05
-3.67576e-05
-3.66011e-05
-3.63477e-05
-3.60819e-05
-3.58061e-05
-3.53497e-05
-3.4718e-05
-3.39256e-05
-3.32065e-05
-3.29251e-05
-3.33068e-05
-3.40516e-05
-3.48535e-05
-3.55807e-05
-3.69335e-05
-3.74764e-05
-3.81412e-05
-3.88325e-05
-3.93848e-05
-3.97295e-05
-3.98334e-05
-3.98224e-05
-3.9874e-05
-3.98756e-05
-3.96807e-05
-3.93677e-05
-3.90331e-05
-3.88045e-05
-3.87794e-05
-3.87935e-05
-3.87239e-05
-3.85353e-05
-3.8273e-05
-3.80289e-05
-3.78273e-05
-3.76457e-05
-3.74872e-05
-3.7388e-05
-3.73145e-05
-3.72689e-05
-3.72732e-05
-3.71925e-05
-3.6954e-05
-3.66527e-05
-3.6346e-05
-3.59036e-05
-3.5282e-05
-3.45703e-05
-3.39702e-05
-3.38019e-05
-3.4185e-05
-3.49817e-05
-3.57924e-05
-3.64068e-05
-3.69663e-05
-3.7456e-05
-3.79102e-05
-3.8264e-05
-3.85778e-05
-3.87828e-05
-3.88101e-05
-3.8645e-05
-3.84388e-05
-3.82394e-05
-3.79956e-05
-3.77442e-05
-3.75159e-05
-3.74418e-05
-3.75135e-05
-3.75971e-05
-3.76168e-05
-3.751e-05
-3.73737e-05
-3.73546e-05
-3.74654e-05
-3.76164e-05
-3.77021e-05
-3.77668e-05
-3.78293e-05
-3.79717e-05
-3.81256e-05
-3.81962e-05
-3.80389e-05
-3.77179e-05
-3.74779e-05
-3.7201e-05
-3.67466e-05
-3.61802e-05
-3.56376e-05
-3.52721e-05
-3.52406e-05
-3.55569e-05
-3.59872e-05
-3.64764e-05
-3.68975e-05
-3.71996e-05
-3.74575e-05
-3.7552e-05
-3.74625e-05
-3.72641e-05
-3.70587e-05
-3.68484e-05
-3.66118e-05
-3.63459e-05
-3.60704e-05
-3.5777e-05
-3.5537e-05
-3.54243e-05
-3.55319e-05
-3.58042e-05
-3.59548e-05
-3.58569e-05
-3.57042e-05
-3.5637e-05
-3.57219e-05
-3.59884e-05
-3.63383e-05
-3.66514e-05
-3.69489e-05
-3.73157e-05
-3.77474e-05
-3.81958e-05
-3.84818e-05
-3.86126e-05
-3.86466e-05
-3.8559e-05
-3.82848e-05
-3.77936e-05
-3.7242e-05
-3.67439e-05
-3.6451e-05
-3.63239e-05
-3.63667e-05
-3.65868e-05
-3.35808e-05
-3.35868e-05
-3.36982e-05
-3.37914e-05
-3.38487e-05
-3.38738e-05
-3.38346e-05
-3.37848e-05
-3.37123e-05
-3.35848e-05
-3.34719e-05
-3.34039e-05
-3.32977e-05
-3.31378e-05
-3.30899e-05
-3.32023e-05
-3.33464e-05
-3.33882e-05
-3.33309e-05
-3.32473e-05
-3.32582e-05
-3.34578e-05
-3.38345e-05
-3.42417e-05
-3.46327e-05
-3.49692e-05
-3.52776e-05
-3.55547e-05
-3.57648e-05
-3.58551e-05
-3.59142e-05
-3.59353e-05
-3.58926e-05
-3.57705e-05
-3.55389e-05
-3.52395e-05
-3.48593e-05
-3.44637e-05
-3.40869e-05
-3.37588e-05
-2.95469e-05
-2.92815e-05
-2.91574e-05
-2.90899e-05
-2.90144e-05
-2.89316e-05
-2.88319e-05
-2.87341e-05
-2.86124e-05
-2.85049e-05
-2.84135e-05
-2.83609e-05
-2.83583e-05
-2.84353e-05
-2.86286e-05
-2.89413e-05
-2.93221e-05
-2.96943e-05
-2.99698e-05
-3.01249e-05
-3.0182e-05
-3.02161e-05
-3.03451e-05
-3.06579e-05
-3.11351e-05
-3.17095e-05
-3.2286e-05
-3.26452e-05
-3.27119e-05
-3.25676e-05
-3.23373e-05
-3.21253e-05
-3.19145e-05
-3.16557e-05
-3.14161e-05
-3.11965e-05
-3.09426e-05
-3.06385e-05
-3.02971e-05
-2.9915e-05
-2.54557e-05
-2.53457e-05
-2.52156e-05
-2.50719e-05
-2.48951e-05
-2.46787e-05
-2.44376e-05
-2.42099e-05
-2.40673e-05
-2.40193e-05
-2.40466e-05
-2.41396e-05
-2.42964e-05
-2.44582e-05
-2.45875e-05
-2.46473e-05
-2.46742e-05
-2.47134e-05
-2.48019e-05
-2.49211e-05
-2.50347e-05
-2.51991e-05
-2.54399e-05
-2.57386e-05
-2.60519e-05
-2.63783e-05
-2.66904e-05
-2.69441e-05
-2.70877e-05
-2.70727e-05
-2.68987e-05
-2.66021e-05
-2.62431e-05
-2.59083e-05
-2.56278e-05
-2.54383e-05
-2.53797e-05
-2.54153e-05
-2.54534e-05
-2.54962e-05
-2.15737e-05
-2.1458e-05
-2.12901e-05
-2.10779e-05
-2.08601e-05
-2.07075e-05
-2.05982e-05
-2.05407e-05
-2.05856e-05
-2.06856e-05
-2.08262e-05
-2.09579e-05
-2.10558e-05
-2.11056e-05
-2.11151e-05
-2.11029e-05
-2.10447e-05
-2.09775e-05
-2.0982e-05
-2.10209e-05
-2.10617e-05
-2.10926e-05
-2.11161e-05
-2.11562e-05
-2.12293e-05
-2.13455e-05
-2.15052e-05
-2.16958e-05
-2.1867e-05
-2.19705e-05
-2.20174e-05
-2.20088e-05
-2.19429e-05
-2.1845e-05
-2.17402e-05
-2.16446e-05
-2.15968e-05
-2.16068e-05
-2.16251e-05
-2.16211e-05
-1.82554e-05
-1.82219e-05
-1.8188e-05
-1.81531e-05
-1.80977e-05
-1.80322e-05
-1.79766e-05
-1.79436e-05
-1.79263e-05
-1.79044e-05
-1.78906e-05
-1.7923e-05
-1.79806e-05
-1.80431e-05
-1.80796e-05
-1.80705e-05
-1.80027e-05
-1.79048e-05
-1.78513e-05
-1.78543e-05
-1.78757e-05
-1.79009e-05
-1.79137e-05
-1.79122e-05
-1.79206e-05
-1.79458e-05
-1.80098e-05
-1.80985e-05
-1.81771e-05
-1.82422e-05
-1.82937e-05
-1.83001e-05
-1.82693e-05
-1.82259e-05
-1.82137e-05
-1.82013e-05
-1.81933e-05
-1.82113e-05
-1.82374e-05
-1.82581e-05
-1.58611e-05
-1.59931e-05
-1.60953e-05
-1.61561e-05
-1.61591e-05
-1.6116e-05
-1.60643e-05
-1.6014e-05
-1.59951e-05
-1.60035e-05
-1.59924e-05
-1.59818e-05
-1.59999e-05
-1.60145e-05
-1.60092e-05
-1.5955e-05
-1.58405e-05
-1.56945e-05
-1.55736e-05
-1.5473e-05
-1.54062e-05
-1.53435e-05
-1.52825e-05
-1.52214e-05
-1.51372e-05
-1.50593e-05
-1.49976e-05
-1.49741e-05
-1.49761e-05
-1.4984e-05
-1.50009e-05
-1.50205e-05
-1.50275e-05
-1.50604e-05
-1.5118e-05
-1.52084e-05
-1.53091e-05
-1.54114e-05
-1.55372e-05
-1.5695e-05
-1.40921e-05
-1.415e-05
-1.41684e-05
-1.41526e-05
-1.40939e-05
-1.40056e-05
-1.39128e-05
-1.3824e-05
-1.37491e-05
-1.37111e-05
-1.36938e-05
-1.36638e-05
-1.3656e-05
-1.36529e-05
-1.36493e-05
-1.36301e-05
-1.35873e-05
-1.35314e-05
-1.34799e-05
-1.34443e-05
-1.34002e-05
-1.33579e-05
-1.33272e-05
-1.33196e-05
-1.3317e-05
-1.332e-05
-1.33336e-05
-1.33488e-05
-1.33692e-05
-1.33939e-05
-1.34172e-05
-1.34424e-05
-1.34859e-05
-1.35487e-05
-1.36122e-05
-1.3667e-05
-1.37309e-05
-1.38113e-05
-1.39094e-05
-1.40068e-05
-1.2225e-05
-1.2262e-05
-1.22779e-05
-1.22698e-05
-1.22344e-05
-1.21871e-05
-1.21227e-05
-1.20607e-05
-1.19997e-05
-1.19368e-05
-1.1886e-05
-1.18475e-05
-1.18276e-05
-1.18222e-05
-1.18217e-05
-1.18161e-05
-1.17969e-05
-1.17743e-05
-1.17543e-05
-1.17452e-05
-1.17332e-05
-1.1725e-05
-1.17275e-05
-1.17284e-05
-1.1735e-05
-1.17475e-05
-1.17676e-05
-1.17902e-05
-1.1811e-05
-1.1832e-05
-1.18488e-05
-1.18655e-05
-1.18808e-05
-1.18999e-05
-1.19383e-05
-1.19771e-05
-1.2016e-05
-1.20647e-05
-1.21203e-05
-1.21743e-05
8.94377e-06
8.70529e-06
8.44316e-06
8.11016e-06
7.66302e-06
7.17086e-06
6.73665e-06
6.38867e-06
6.12542e-06
5.9985e-06
5.95962e-06
5.98744e-06
6.18573e-06
6.64246e-06
7.29872e-06
8.04338e-06
8.82968e-06
9.63177e-06
1.02941e-05
1.05704e-05
1.03821e-05
9.8126e-06
9.03927e-06
8.29003e-06
7.73659e-06
7.39103e-06
7.27586e-06
7.50067e-06
8.02729e-06
8.62565e-06
9.07021e-06
9.2256e-06
9.16659e-06
9.12209e-06
9.08752e-06
9.00801e-06
8.92168e-06
8.90488e-06
8.98373e-06
9.04296e-06
8.70365e-06
8.47478e-06
8.21784e-06
7.88847e-06
7.44544e-06
6.95436e-06
6.52035e-06
6.17558e-06
5.91617e-06
5.79225e-06
5.75021e-06
5.7757e-06
5.97086e-06
6.42412e-06
7.08011e-06
7.82416e-06
8.60706e-06
9.40266e-06
1.00588e-05
1.03281e-05
1.01282e-05
9.5533e-06
8.78213e-06
8.03167e-06
7.47206e-06
7.12399e-06
7.00926e-06
7.23975e-06
7.77433e-06
8.37831e-06
8.82182e-06
8.97498e-06
8.90968e-06
8.86148e-06
8.82444e-06
8.74069e-06
8.6537e-06
8.64143e-06
8.72487e-06
8.79214e-06
7.864e-06
7.66617e-06
7.43762e-06
7.12093e-06
6.68566e-06
6.20839e-06
5.79604e-06
5.47531e-06
5.22817e-06
5.10916e-06
5.06463e-06
5.07486e-06
5.24684e-06
5.69066e-06
6.34749e-06
7.10046e-06
7.88666e-06
8.67406e-06
9.29376e-06
9.50858e-06
9.25944e-06
8.65128e-06
7.86785e-06
7.12054e-06
6.56373e-06
6.21085e-06
6.09643e-06
6.33582e-06
6.89852e-06
7.53922e-06
8.00083e-06
8.14511e-06
8.06654e-06
8.00242e-06
7.95585e-06
7.8736e-06
7.79135e-06
7.78382e-06
7.86648e-06
7.93674e-06
5.88633e-06
5.7431e-06
5.56312e-06
5.27476e-06
4.85722e-06
4.42179e-06
4.05994e-06
3.77361e-06
3.55116e-06
3.44185e-06
3.38266e-06
3.34809e-06
3.48154e-06
3.92617e-06
4.61523e-06
5.37663e-06
6.13789e-06
6.86835e-06
7.42671e-06
7.56973e-06
7.26301e-06
6.63606e-06
5.87226e-06
5.17078e-06
4.65841e-06
4.33454e-06
4.22263e-06
4.47299e-06
5.07275e-06
5.75826e-06
6.24603e-06
6.38716e-06
6.27567e-06
6.17562e-06
6.09528e-06
5.98234e-06
5.87521e-06
5.83845e-06
5.87921e-06
5.93054e-06
2.54035e-06
2.44147e-06
2.33592e-06
2.12879e-06
1.81875e-06
1.50224e-06
1.24492e-06
1.00327e-06
7.99914e-07
7.09759e-07
6.33877e-07
5.14377e-07
5.66803e-07
9.95042e-07
1.69189e-06
2.44043e-06
3.17796e-06
3.87861e-06
4.37076e-06
4.46881e-06
4.15063e-06
3.55697e-06
2.88592e-06
2.30711e-06
1.88663e-06
1.58304e-06
1.45772e-06
1.68011e-06
2.27295e-06
2.96616e-06
3.48075e-06
3.65901e-06
3.55096e-06
3.40184e-06
3.24853e-06
3.04618e-06
2.84176e-06
2.70681e-06
2.64385e-06
2.61207e-06
-1.91724e-06
-1.95754e-06
-1.9118e-06
-1.92297e-06
-2.00254e-06
-2.10095e-06
-2.21487e-06
-2.4213e-06
-2.62943e-06
-2.70986e-06
-2.80912e-06
-2.9872e-06
-3.00028e-06
-2.60598e-06
-1.95022e-06
-1.26326e-06
-5.85037e-07
7.04882e-08
5.35384e-07
6.68262e-07
3.96961e-07
-1.02315e-07
-6.65392e-07
-1.15976e-06
-1.52749e-06
-1.8083e-06
-1.97247e-06
-1.82906e-06
-1.32211e-06
-6.83631e-07
-1.58807e-07
7.00862e-08
-2.37629e-08
-2.60287e-07
-5.51078e-07
-8.86268e-07
-1.22779e-06
-1.46936e-06
-1.64508e-06
-1.79175e-06
-6.62729e-06
-6.52617e-06
-6.31583e-06
-6.151e-06
-6.02868e-06
-5.92162e-06
-5.87871e-06
-5.99259e-06
-6.17756e-06
-6.29181e-06
-6.45338e-06
-6.77008e-06
-6.96472e-06
-6.72145e-06
-6.1686e-06
-5.55095e-06
-4.91577e-06
-4.28132e-06
-3.77568e-06
-3.5667e-06
-3.73359e-06
-4.11973e-06
-4.58113e-06
-4.9963e-06
-5.32033e-06
-5.60046e-06
-5.81885e-06
-5.74397e-06
-5.32524e-06
-4.79197e-06
-4.34927e-06
-4.15749e-06
-4.31799e-06
-4.66722e-06
-5.09705e-06
-5.5827e-06
-5.99067e-06
-6.24503e-06
-6.41564e-06
-6.54726e-06
-1.07637e-05
-1.04899e-05
-1.01422e-05
-9.88763e-06
-9.66542e-06
-9.47634e-06
-9.34677e-06
-9.4041e-06
-9.62897e-06
-9.87194e-06
-1.02231e-05
-1.06958e-05
-1.10899e-05
-1.10942e-05
-1.07464e-05
-1.0229e-05
-9.6216e-06
-9.01114e-06
-8.47438e-06
-8.21257e-06
-8.32404e-06
-8.64853e-06
-8.98975e-06
-9.26873e-06
-9.48007e-06
-9.71423e-06
-9.9126e-06
-9.84465e-06
-9.4831e-06
-9.0858e-06
-8.85887e-06
-8.82898e-06
-9.05937e-06
-9.47148e-06
-9.89793e-06
-1.03186e-05
-1.06588e-05
-1.07922e-05
-1.08351e-05
-1.08449e-05
-1.45441e-05
-1.43281e-05
-1.40223e-05
-1.37297e-05
-1.3397e-05
-1.30857e-05
-1.28687e-05
-1.28738e-05
-1.31592e-05
-1.36288e-05
-1.41764e-05
-1.47818e-05
-1.53319e-05
-1.55421e-05
-1.53643e-05
-1.49659e-05
-1.4461e-05
-1.39513e-05
-1.35291e-05
-1.33566e-05
-1.34911e-05
-1.37534e-05
-1.40147e-05
-1.42173e-05
-1.43941e-05
-1.464e-05
-1.48046e-05
-1.46199e-05
-1.41873e-05
-1.38218e-05
-1.37478e-05
-1.38241e-05
-1.40063e-05
-1.42129e-05
-1.43773e-05
-1.45299e-05
-1.46512e-05
-1.46381e-05
-1.45833e-05
-1.46079e-05
-1.81993e-05
-1.82202e-05
-1.81549e-05
-1.79547e-05
-1.7644e-05
-1.73089e-05
-1.70532e-05
-1.70541e-05
-1.74027e-05
-1.79936e-05
-1.86091e-05
-1.92513e-05
-1.98341e-05
-2.01279e-05
-2.00683e-05
-1.97704e-05
-1.93736e-05
-1.89949e-05
-1.86676e-05
-1.85361e-05
-1.8689e-05
-1.89615e-05
-1.9274e-05
-1.95862e-05
-1.9918e-05
-2.02763e-05
-2.04311e-05
-2.01349e-05
-1.95124e-05
-1.90275e-05
-1.88465e-05
-1.88515e-05
-1.89096e-05
-1.88651e-05
-1.86209e-05
-1.84209e-05
-1.83383e-05
-1.82298e-05
-1.81246e-05
-1.81227e-05
-2.14795e-05
-2.16494e-05
-2.17569e-05
-2.17786e-05
-2.17103e-05
-2.16368e-05
-2.16492e-05
-2.19176e-05
-2.25137e-05
-2.32477e-05
-2.38992e-05
-2.44304e-05
-2.48415e-05
-2.50113e-05
-2.49697e-05
-2.47521e-05
-2.437e-05
-2.39249e-05
-2.35541e-05
-2.33895e-05
-2.34921e-05
-2.37559e-05
-2.40587e-05
-2.44647e-05
-2.49669e-05
-2.54762e-05
-2.57033e-05
-2.53584e-05
-2.46597e-05
-2.40098e-05
-2.3565e-05
-2.33059e-05
-2.31638e-05
-2.29043e-05
-2.24734e-05
-2.21235e-05
-2.19604e-05
-2.18332e-05
-2.16335e-05
-2.1467e-05
-2.49907e-05
-2.51994e-05
-2.53901e-05
-2.5549e-05
-2.57002e-05
-2.5972e-05
-2.64087e-05
-2.70569e-05
-2.79229e-05
-2.88074e-05
-2.95013e-05
-2.98969e-05
-2.99475e-05
-2.98481e-05
-2.97714e-05
-2.96099e-05
-2.92643e-05
-2.87955e-05
-2.83441e-05
-2.80437e-05
-2.80336e-05
-2.80798e-05
-2.82013e-05
-2.85791e-05
-2.92036e-05
-2.98251e-05
-3.01017e-05
-2.97944e-05
-2.90713e-05
-2.83181e-05
-2.76293e-05
-2.69689e-05
-2.63976e-05
-2.56948e-05
-2.50497e-05
-2.47472e-05
-2.47872e-05
-2.49862e-05
-2.49925e-05
-2.49122e-05
-2.89012e-05
-2.92947e-05
-2.96114e-05
-2.97467e-05
-2.98021e-05
-2.99863e-05
-3.04271e-05
-3.11751e-05
-3.2153e-05
-3.31286e-05
-3.38762e-05
-3.42507e-05
-3.42134e-05
-3.39526e-05
-3.3747e-05
-3.35984e-05
-3.34703e-05
-3.31806e-05
-3.27161e-05
-3.22461e-05
-3.18447e-05
-3.14129e-05
-3.10603e-05
-3.10036e-05
-3.13163e-05
-3.18616e-05
-3.22225e-05
-3.21397e-05
-3.16958e-05
-3.11578e-05
-3.05513e-05
-2.97713e-05
-2.88798e-05
-2.79088e-05
-2.71167e-05
-2.68911e-05
-2.71875e-05
-2.77102e-05
-2.81239e-05
-2.8473e-05
-3.13607e-05
-3.19168e-05
-3.23876e-05
-3.26555e-05
-3.27339e-05
-3.2728e-05
-3.28922e-05
-3.3445e-05
-3.42817e-05
-3.51338e-05
-3.58025e-05
-3.62168e-05
-3.63763e-05
-3.63557e-05
-3.6319e-05
-3.62754e-05
-3.60786e-05
-3.55702e-05
-3.48599e-05
-3.41859e-05
-3.35941e-05
-3.29278e-05
-3.22186e-05
-3.17067e-05
-3.15204e-05
-3.16001e-05
-3.17985e-05
-3.1821e-05
-3.16111e-05
-3.13418e-05
-3.10566e-05
-3.05471e-05
-2.98617e-05
-2.9182e-05
-2.87778e-05
-2.88261e-05
-2.92821e-05
-2.98911e-05
-3.03663e-05
-3.08085e-05
-3.22888e-05
-3.2656e-05
-3.30256e-05
-3.33489e-05
-3.36127e-05
-3.37457e-05
-3.38674e-05
-3.42056e-05
-3.47342e-05
-3.52998e-05
-3.57974e-05
-3.62167e-05
-3.65314e-05
-3.68054e-05
-3.70181e-05
-3.72126e-05
-3.71825e-05
-3.67547e-05
-3.60285e-05
-3.51981e-05
-3.43874e-05
-3.36538e-05
-3.29413e-05
-3.23263e-05
-3.20218e-05
-3.20341e-05
-3.22213e-05
-3.22528e-05
-3.20272e-05
-3.17693e-05
-3.15451e-05
-3.1286e-05
-3.08782e-05
-3.04536e-05
-3.0208e-05
-3.02256e-05
-3.05932e-05
-3.10838e-05
-3.15407e-05
-3.19221e-05
-3.29323e-05
-3.33136e-05
-3.36552e-05
-3.3957e-05
-3.4207e-05
-3.43103e-05
-3.42775e-05
-3.43e-05
-3.44355e-05
-3.46578e-05
-3.48702e-05
-3.51362e-05
-3.54527e-05
-3.57672e-05
-3.60757e-05
-3.62992e-05
-3.63431e-05
-3.60793e-05
-3.55538e-05
-3.49693e-05
-3.44329e-05
-3.38689e-05
-3.32931e-05
-3.27966e-05
-3.2533e-05
-3.25972e-05
-3.28862e-05
-3.30853e-05
-3.29966e-05
-3.28215e-05
-3.26793e-05
-3.26081e-05
-3.24275e-05
-3.21716e-05
-3.19637e-05
-3.19349e-05
-3.20208e-05
-3.21579e-05
-3.23509e-05
-3.26043e-05
-3.34968e-05
-3.3897e-05
-3.42682e-05
-3.45351e-05
-3.46421e-05
-3.45505e-05
-3.4249e-05
-3.39465e-05
-3.37784e-05
-3.37756e-05
-3.3894e-05
-3.40731e-05
-3.43408e-05
-3.46483e-05
-3.50002e-05
-3.5317e-05
-3.53759e-05
-3.51731e-05
-3.47625e-05
-3.4315e-05
-3.3969e-05
-3.37093e-05
-3.34573e-05
-3.32754e-05
-3.32133e-05
-3.33024e-05
-3.35176e-05
-3.36888e-05
-3.36909e-05
-3.35495e-05
-3.34986e-05
-3.35021e-05
-3.34701e-05
-3.33587e-05
-3.32252e-05
-3.31115e-05
-3.30692e-05
-3.29948e-05
-3.29383e-05
-3.31422e-05
-3.16467e-05
-3.17233e-05
-3.17269e-05
-3.16386e-05
-3.15104e-05
-3.13418e-05
-3.11766e-05
-3.10795e-05
-3.10948e-05
-3.11728e-05
-3.12254e-05
-3.12436e-05
-3.12285e-05
-3.12495e-05
-3.13871e-05
-3.1637e-05
-3.18922e-05
-3.20441e-05
-3.20471e-05
-3.19924e-05
-3.19982e-05
-3.20338e-05
-3.20654e-05
-3.21018e-05
-3.21567e-05
-3.22262e-05
-3.22901e-05
-3.23383e-05
-3.22723e-05
-3.20611e-05
-3.19183e-05
-3.18803e-05
-3.18506e-05
-3.1784e-05
-3.16735e-05
-3.16189e-05
-3.15906e-05
-3.15487e-05
-3.15388e-05
-3.1562e-05
-2.80982e-05
-2.82799e-05
-2.83304e-05
-2.8226e-05
-2.80438e-05
-2.77948e-05
-2.75208e-05
-2.73286e-05
-2.72881e-05
-2.73078e-05
-2.72883e-05
-2.71916e-05
-2.70863e-05
-2.70355e-05
-2.70828e-05
-2.72029e-05
-2.73448e-05
-2.74983e-05
-2.76195e-05
-2.77336e-05
-2.78792e-05
-2.80113e-05
-2.80898e-05
-2.81751e-05
-2.83299e-05
-2.855e-05
-2.87824e-05
-2.89321e-05
-2.89784e-05
-2.88768e-05
-2.87507e-05
-2.86457e-05
-2.85254e-05
-2.83513e-05
-2.81352e-05
-2.79234e-05
-2.77643e-05
-2.77142e-05
-2.77596e-05
-2.79007e-05
-2.33384e-05
-2.35468e-05
-2.36677e-05
-2.36307e-05
-2.34902e-05
-2.33079e-05
-2.31416e-05
-2.30482e-05
-2.30527e-05
-2.31169e-05
-2.3199e-05
-2.33013e-05
-2.33707e-05
-2.34044e-05
-2.34192e-05
-2.34088e-05
-2.33737e-05
-2.33953e-05
-2.34906e-05
-2.36153e-05
-2.37393e-05
-2.3817e-05
-2.3828e-05
-2.38422e-05
-2.39208e-05
-2.40285e-05
-2.41251e-05
-2.41473e-05
-2.40753e-05
-2.39306e-05
-2.36617e-05
-2.33252e-05
-2.29833e-05
-2.27049e-05
-2.2512e-05
-2.24381e-05
-2.25128e-05
-2.2659e-05
-2.28516e-05
-2.30948e-05
-1.93532e-05
-1.94131e-05
-1.94426e-05
-1.94117e-05
-1.93257e-05
-1.92427e-05
-1.92406e-05
-1.93533e-05
-1.95801e-05
-1.98773e-05
-2.01545e-05
-2.03685e-05
-2.05546e-05
-2.06889e-05
-2.07882e-05
-2.08772e-05
-2.09451e-05
-2.10111e-05
-2.11382e-05
-2.12846e-05
-2.13541e-05
-2.13205e-05
-2.12215e-05
-2.10875e-05
-2.0949e-05
-2.08604e-05
-2.08022e-05
-2.07241e-05
-2.05987e-05
-2.04177e-05
-2.02174e-05
-1.99951e-05
-1.97897e-05
-1.95992e-05
-1.94122e-05
-1.92728e-05
-1.92135e-05
-1.92324e-05
-1.92657e-05
-1.93047e-05
-1.70768e-05
-1.71016e-05
-1.71112e-05
-1.70571e-05
-1.69712e-05
-1.69005e-05
-1.68473e-05
-1.68564e-05
-1.69619e-05
-1.71222e-05
-1.72943e-05
-1.74453e-05
-1.7576e-05
-1.76619e-05
-1.77038e-05
-1.77209e-05
-1.77263e-05
-1.77533e-05
-1.78008e-05
-1.78726e-05
-1.79529e-05
-1.80235e-05
-1.80416e-05
-1.80232e-05
-1.80064e-05
-1.79942e-05
-1.80028e-05
-1.80113e-05
-1.79981e-05
-1.7949e-05
-1.78595e-05
-1.77453e-05
-1.7619e-05
-1.74984e-05
-1.73889e-05
-1.72768e-05
-1.7178e-05
-1.71239e-05
-1.70917e-05
-1.70716e-05
-1.54658e-05
-1.5562e-05
-1.56108e-05
-1.56113e-05
-1.55558e-05
-1.54704e-05
-1.53653e-05
-1.52798e-05
-1.52506e-05
-1.52701e-05
-1.52834e-05
-1.52667e-05
-1.52326e-05
-1.52237e-05
-1.52221e-05
-1.51848e-05
-1.51276e-05
-1.50577e-05
-1.49964e-05
-1.49746e-05
-1.49796e-05
-1.49844e-05
-1.5002e-05
-1.49898e-05
-1.49659e-05
-1.49379e-05
-1.49311e-05
-1.49469e-05
-1.4962e-05
-1.49664e-05
-1.49783e-05
-1.50086e-05
-1.5039e-05
-1.5068e-05
-1.51042e-05
-1.51425e-05
-1.5188e-05
-1.52354e-05
-1.52882e-05
-1.53638e-05
-1.43002e-05
-1.43298e-05
-1.43356e-05
-1.42956e-05
-1.41972e-05
-1.40783e-05
-1.39618e-05
-1.38488e-05
-1.37662e-05
-1.37134e-05
-1.36888e-05
-1.36868e-05
-1.36895e-05
-1.37055e-05
-1.37232e-05
-1.37066e-05
-1.3673e-05
-1.36269e-05
-1.35817e-05
-1.35593e-05
-1.35501e-05
-1.35532e-05
-1.35743e-05
-1.35998e-05
-1.36166e-05
-1.36318e-05
-1.365e-05
-1.36696e-05
-1.36919e-05
-1.37211e-05
-1.37606e-05
-1.38064e-05
-1.38434e-05
-1.39024e-05
-1.39745e-05
-1.40429e-05
-1.41062e-05
-1.41754e-05
-1.42319e-05
-1.42638e-05
-1.29769e-05
-1.29946e-05
-1.2992e-05
-1.29702e-05
-1.29341e-05
-1.28761e-05
-1.28013e-05
-1.27195e-05
-1.26449e-05
-1.25951e-05
-1.25626e-05
-1.25399e-05
-1.25245e-05
-1.25189e-05
-1.25176e-05
-1.2519e-05
-1.25149e-05
-1.24837e-05
-1.24819e-05
-1.25069e-05
-1.25227e-05
-1.25359e-05
-1.25577e-05
-1.25979e-05
-1.2623e-05
-1.26477e-05
-1.26786e-05
-1.27216e-05
-1.27422e-05
-1.2743e-05
-1.27375e-05
-1.27324e-05
-1.2743e-05
-1.27577e-05
-1.27921e-05
-1.28305e-05
-1.28583e-05
-1.28752e-05
-1.2909e-05
-1.29455e-05
4.65286e-06
4.81652e-06
5.00411e-06
5.2113e-06
5.45577e-06
5.77813e-06
6.16822e-06
6.54362e-06
6.91587e-06
7.36473e-06
7.80219e-06
7.99974e-06
7.97151e-06
7.98811e-06
8.18616e-06
8.50003e-06
8.78107e-06
8.81937e-06
8.57402e-06
8.17229e-06
7.8897e-06
7.75807e-06
7.5964e-06
7.31289e-06
6.88843e-06
6.38294e-06
5.90691e-06
5.57535e-06
5.38763e-06
5.18268e-06
4.92637e-06
4.68868e-06
4.57804e-06
4.63676e-06
4.77088e-06
4.79657e-06
4.61669e-06
4.40912e-06
4.3896e-06
4.5123e-06
4.46745e-06
4.64005e-06
4.84151e-06
5.06311e-06
5.31387e-06
5.63732e-06
6.02359e-06
6.39099e-06
6.75943e-06
7.20436e-06
7.63387e-06
7.81749e-06
7.77934e-06
7.79412e-06
7.99653e-06
8.31292e-06
8.59176e-06
8.62409e-06
8.36707e-06
7.9562e-06
7.66519e-06
7.52553e-06
7.35952e-06
7.07707e-06
6.65624e-06
6.15889e-06
5.69347e-06
5.36984e-06
5.18533e-06
4.98544e-06
4.73393e-06
4.49309e-06
4.37926e-06
4.43768e-06
4.57254e-06
4.60091e-06
4.42269e-06
4.21442e-06
4.19572e-06
4.32083e-06
3.66671e-06
3.85958e-06
4.08997e-06
4.33956e-06
4.61314e-06
4.95597e-06
5.35393e-06
5.71647e-06
6.07346e-06
6.51843e-06
6.9339e-06
7.09343e-06
7.02626e-06
7.01733e-06
7.2048e-06
7.49016e-06
7.73934e-06
7.76429e-06
7.50738e-06
7.09486e-06
6.82005e-06
6.70037e-06
6.53842e-06
6.23567e-06
5.79372e-06
5.27281e-06
4.7924e-06
4.4729e-06
4.30934e-06
4.1446e-06
3.94303e-06
3.75486e-06
3.67531e-06
3.75494e-06
3.88943e-06
3.8866e-06
3.66761e-06
3.43071e-06
3.39256e-06
3.50868e-06
1.83589e-06
2.0852e-06
2.36465e-06
2.65418e-06
2.94687e-06
3.30172e-06
3.68349e-06
4.01636e-06
4.33438e-06
4.73592e-06
5.12141e-06
5.25925e-06
5.18435e-06
5.15593e-06
5.27913e-06
5.47702e-06
5.67521e-06
5.73419e-06
5.54699e-06
5.20954e-06
4.99875e-06
4.90793e-06
4.73469e-06
4.39923e-06
3.90772e-06
3.32308e-06
2.79786e-06
2.47587e-06
2.36392e-06
2.30011e-06
2.23091e-06
2.1473e-06
2.13293e-06
2.23052e-06
2.33561e-06
2.25539e-06
1.92897e-06
1.61347e-06
1.53449e-06
1.64162e-06
-9.62163e-07
-6.7308e-07
-3.8275e-07
-1.24993e-07
1.01084e-07
3.75958e-07
6.74157e-07
9.47308e-07
1.23886e-06
1.59826e-06
1.93138e-06
2.03345e-06
1.98671e-06
1.99229e-06
2.11446e-06
2.27933e-06
2.51046e-06
2.70382e-06
2.65247e-06
2.39845e-06
2.23234e-06
2.13879e-06
1.92162e-06
1.52256e-06
9.67702e-07
3.40614e-07
-2.27441e-07
-5.28162e-07
-5.45202e-07
-4.7136e-07
-4.09656e-07
-4.05203e-07
-4.09445e-07
-3.25557e-07
-2.88596e-07
-4.55189e-07
-8.44949e-07
-1.22774e-06
-1.32805e-06
-1.19846e-06
-4.48796e-06
-4.2667e-06
-4.03886e-06
-3.85988e-06
-3.76435e-06
-3.60635e-06
-3.36247e-06
-3.08722e-06
-2.77019e-06
-2.40006e-06
-2.10026e-06
-2.00463e-06
-2.03121e-06
-1.94648e-06
-1.70992e-06
-1.41122e-06
-1.06586e-06
-7.63523e-07
-7.0699e-07
-8.96227e-07
-1.06594e-06
-1.21549e-06
-1.5087e-06
-1.95212e-06
-2.50922e-06
-3.13658e-06
-3.65424e-06
-3.91603e-06
-3.89502e-06
-3.81173e-06
-3.76945e-06
-3.79916e-06
-3.85593e-06
-3.85103e-06
-3.89531e-06
-4.10639e-06
-4.49118e-06
-4.82316e-06
-4.88546e-06
-4.72182e-06
-8.5379e-06
-8.39028e-06
-8.17524e-06
-7.9784e-06
-7.89382e-06
-7.75653e-06
-7.51004e-06
-7.19483e-06
-6.78484e-06
-6.38836e-06
-6.14885e-06
-6.10566e-06
-6.14924e-06
-6.03482e-06
-5.68774e-06
-5.29965e-06
-4.90192e-06
-4.4992e-06
-4.34771e-06
-4.50645e-06
-4.70645e-06
-4.9186e-06
-5.26874e-06
-5.7419e-06
-6.27791e-06
-6.83191e-06
-7.28991e-06
-7.52008e-06
-7.5454e-06
-7.55214e-06
-7.61342e-06
-7.73128e-06
-7.86226e-06
-7.89471e-06
-7.96286e-06
-8.16303e-06
-8.44676e-06
-8.68779e-06
-8.7478e-06
-8.66065e-06
-1.21953e-05
-1.20632e-05
-1.18151e-05
-1.15717e-05
-1.14286e-05
-1.13099e-05
-1.11031e-05
-1.08099e-05
-1.04451e-05
-1.0126e-05
-1.00034e-05
-1.00476e-05
-1.01607e-05
-1.01103e-05
-9.79975e-06
-9.41093e-06
-9.00614e-06
-8.55394e-06
-8.30677e-06
-8.40453e-06
-8.60476e-06
-8.82727e-06
-9.20843e-06
-9.74575e-06
-1.02959e-05
-1.07971e-05
-1.12132e-05
-1.14248e-05
-1.14689e-05
-1.15065e-05
-1.16045e-05
-1.17516e-05
-1.18798e-05
-1.18996e-05
-1.188e-05
-1.19592e-05
-1.20761e-05
-1.2206e-05
-1.22716e-05
-1.22481e-05
-1.53892e-05
-1.52228e-05
-1.4896e-05
-1.45467e-05
-1.43397e-05
-1.42676e-05
-1.42171e-05
-1.40841e-05
-1.38776e-05
-1.3711e-05
-1.3684e-05
-1.37316e-05
-1.38234e-05
-1.38092e-05
-1.3641e-05
-1.33778e-05
-1.29867e-05
-1.25205e-05
-1.21982e-05
-1.21943e-05
-1.22638e-05
-1.23852e-05
-1.27571e-05
-1.33556e-05
-1.39696e-05
-1.44827e-05
-1.48386e-05
-1.49802e-05
-1.49272e-05
-1.49016e-05
-1.49315e-05
-1.5084e-05
-1.52376e-05
-1.52716e-05
-1.51778e-05
-1.51309e-05
-1.51972e-05
-1.52862e-05
-1.53856e-05
-1.54132e-05
-1.82504e-05
-1.81174e-05
-1.7828e-05
-1.74788e-05
-1.72151e-05
-1.71479e-05
-1.71134e-05
-1.70255e-05
-1.6918e-05
-1.68803e-05
-1.688e-05
-1.69019e-05
-1.6967e-05
-1.69823e-05
-1.68774e-05
-1.67201e-05
-1.64026e-05
-1.5928e-05
-1.55319e-05
-1.53948e-05
-1.53276e-05
-1.53165e-05
-1.56253e-05
-1.61949e-05
-1.67921e-05
-1.72769e-05
-1.75837e-05
-1.75921e-05
-1.74698e-05
-1.73605e-05
-1.73756e-05
-1.75692e-05
-1.77277e-05
-1.77757e-05
-1.76941e-05
-1.76265e-05
-1.77706e-05
-1.79564e-05
-1.81184e-05
-1.82255e-05
-2.04802e-05
-2.04421e-05
-2.02762e-05
-2.00619e-05
-1.98988e-05
-1.98124e-05
-1.97143e-05
-1.95325e-05
-1.93893e-05
-1.93142e-05
-1.93046e-05
-1.93617e-05
-1.94429e-05
-1.94555e-05
-1.93725e-05
-1.92375e-05
-1.8936e-05
-1.84285e-05
-1.80221e-05
-1.79171e-05
-1.79825e-05
-1.80561e-05
-1.8315e-05
-1.88079e-05
-1.93285e-05
-1.97425e-05
-1.99616e-05
-1.99496e-05
-1.97555e-05
-1.95572e-05
-1.95201e-05
-1.95991e-05
-1.96913e-05
-1.9719e-05
-1.9701e-05
-1.96791e-05
-1.97965e-05
-2.00293e-05
-2.02367e-05
-2.03773e-05
-2.25983e-05
-2.26756e-05
-2.25336e-05
-2.2308e-05
-2.20918e-05
-2.19244e-05
-2.1769e-05
-2.15525e-05
-2.13801e-05
-2.13563e-05
-2.14814e-05
-2.1683e-05
-2.1801e-05
-2.17529e-05
-2.15485e-05
-2.12605e-05
-2.08497e-05
-2.03762e-05
-2.01165e-05
-2.01721e-05
-2.04106e-05
-2.06242e-05
-2.08798e-05
-2.12767e-05
-2.17369e-05
-2.20768e-05
-2.22368e-05
-2.21525e-05
-2.18448e-05
-2.14957e-05
-2.12711e-05
-2.12165e-05
-2.12275e-05
-2.12666e-05
-2.13567e-05
-2.14771e-05
-2.16783e-05
-2.19312e-05
-2.22012e-05
-2.24141e-05
-2.47481e-05
-2.50139e-05
-2.50544e-05
-2.48738e-05
-2.45497e-05
-2.42174e-05
-2.39008e-05
-2.36175e-05
-2.3471e-05
-2.35617e-05
-2.38439e-05
-2.41835e-05
-2.44584e-05
-2.45512e-05
-2.43286e-05
-2.39156e-05
-2.35151e-05
-2.31857e-05
-2.30109e-05
-2.30979e-05
-2.32195e-05
-2.3182e-05
-2.3121e-05
-2.32648e-05
-2.35577e-05
-2.38476e-05
-2.40024e-05
-2.38989e-05
-2.35418e-05
-2.313e-05
-2.27761e-05
-2.25791e-05
-2.25016e-05
-2.25098e-05
-2.26855e-05
-2.29081e-05
-2.31307e-05
-2.34576e-05
-2.38585e-05
-2.43016e-05
-2.61529e-05
-2.65818e-05
-2.68368e-05
-2.68643e-05
-2.6689e-05
-2.64156e-05
-2.61341e-05
-2.58971e-05
-2.58281e-05
-2.59694e-05
-2.63085e-05
-2.67286e-05
-2.71176e-05
-2.73286e-05
-2.72776e-05
-2.70408e-05
-2.67396e-05
-2.63884e-05
-2.60714e-05
-2.59207e-05
-2.58593e-05
-2.55715e-05
-2.51575e-05
-2.4984e-05
-2.50315e-05
-2.51563e-05
-2.5219e-05
-2.50677e-05
-2.47565e-05
-2.44704e-05
-2.42776e-05
-2.41751e-05
-2.40921e-05
-2.40576e-05
-2.41902e-05
-2.4387e-05
-2.45221e-05
-2.47263e-05
-2.51094e-05
-2.56049e-05
-2.7323e-05
-2.76782e-05
-2.79806e-05
-2.81743e-05
-2.8263e-05
-2.83188e-05
-2.83573e-05
-2.84144e-05
-2.84977e-05
-2.86915e-05
-2.89789e-05
-2.93069e-05
-2.96534e-05
-2.99307e-05
-3.00549e-05
-2.99836e-05
-2.9789e-05
-2.94309e-05
-2.8893e-05
-2.8353e-05
-2.77644e-05
-2.69599e-05
-2.62044e-05
-2.58235e-05
-2.58771e-05
-2.61494e-05
-2.6448e-05
-2.6555e-05
-2.65231e-05
-2.65436e-05
-2.66554e-05
-2.67588e-05
-2.6808e-05
-2.68203e-05
-2.68356e-05
-2.68525e-05
-2.67922e-05
-2.67249e-05
-2.67826e-05
-2.69944e-05
-2.81521e-05
-2.82846e-05
-2.84465e-05
-2.86871e-05
-2.8931e-05
-2.91187e-05
-2.93635e-05
-2.96667e-05
-2.99868e-05
-3.03417e-05
-3.0735e-05
-3.10935e-05
-3.14723e-05
-3.18476e-05
-3.21525e-05
-3.23001e-05
-3.22441e-05
-3.19347e-05
-3.13667e-05
-3.06152e-05
-2.97358e-05
-2.87582e-05
-2.78492e-05
-2.7254e-05
-2.71021e-05
-2.72617e-05
-2.75119e-05
-2.77162e-05
-2.78395e-05
-2.79283e-05
-2.81008e-05
-2.83151e-05
-2.84578e-05
-2.85394e-05
-2.85547e-05
-2.8516e-05
-2.84229e-05
-2.82724e-05
-2.81731e-05
-2.81252e-05
-2.90094e-05
-2.90297e-05
-2.89507e-05
-2.87963e-05
-2.86626e-05
-2.86045e-05
-2.86335e-05
-2.87718e-05
-2.89838e-05
-2.92346e-05
-2.94833e-05
-2.9763e-05
-3.01628e-05
-3.06393e-05
-3.10779e-05
-3.13202e-05
-3.15056e-05
-3.16082e-05
-3.15176e-05
-3.12565e-05
-3.08125e-05
-3.00903e-05
-2.92805e-05
-2.86973e-05
-2.84178e-05
-2.8402e-05
-2.85154e-05
-2.85748e-05
-2.85298e-05
-2.84511e-05
-2.84172e-05
-2.83841e-05
-2.83597e-05
-2.84195e-05
-2.85479e-05
-2.87231e-05
-2.89072e-05
-2.89539e-05
-2.89335e-05
-2.89592e-05
-2.85786e-05
-2.85899e-05
-2.83939e-05
-2.80918e-05
-2.78081e-05
-2.7589e-05
-2.74611e-05
-2.73953e-05
-2.73675e-05
-2.73083e-05
-2.71901e-05
-2.70555e-05
-2.69995e-05
-2.70853e-05
-2.72759e-05
-2.74218e-05
-2.75142e-05
-2.76538e-05
-2.78157e-05
-2.79546e-05
-2.80207e-05
-2.78854e-05
-2.76119e-05
-2.7433e-05
-2.7366e-05
-2.74166e-05
-2.75072e-05
-2.75794e-05
-2.75709e-05
-2.75215e-05
-2.74806e-05
-2.74035e-05
-2.72854e-05
-2.72234e-05
-2.73345e-05
-2.75755e-05
-2.78841e-05
-2.81306e-05
-2.82621e-05
-2.84199e-05
-2.62185e-05
-2.62551e-05
-2.61119e-05
-2.58311e-05
-2.55482e-05
-2.53371e-05
-2.51875e-05
-2.51013e-05
-2.50355e-05
-2.49256e-05
-2.4776e-05
-2.46062e-05
-2.44729e-05
-2.43833e-05
-2.43208e-05
-2.42821e-05
-2.42342e-05
-2.42157e-05
-2.42502e-05
-2.4311e-05
-2.43679e-05
-2.43337e-05
-2.42182e-05
-2.41231e-05
-2.41235e-05
-2.4189e-05
-2.43235e-05
-2.44847e-05
-2.46139e-05
-2.47062e-05
-2.47415e-05
-2.47271e-05
-2.46978e-05
-2.47206e-05
-2.48607e-05
-2.51327e-05
-2.54755e-05
-2.57744e-05
-2.59597e-05
-2.60972e-05
-2.22095e-05
-2.23445e-05
-2.23815e-05
-2.23237e-05
-2.22446e-05
-2.21628e-05
-2.21149e-05
-2.2114e-05
-2.21259e-05
-2.21297e-05
-2.21222e-05
-2.21361e-05
-2.22021e-05
-2.22918e-05
-2.23399e-05
-2.22788e-05
-2.21201e-05
-2.19755e-05
-2.19151e-05
-2.19007e-05
-2.18682e-05
-2.17819e-05
-2.16583e-05
-2.15142e-05
-2.14091e-05
-2.13667e-05
-2.13627e-05
-2.13245e-05
-2.1231e-05
-2.10983e-05
-2.09368e-05
-2.07745e-05
-2.06602e-05
-2.0623e-05
-2.07098e-05
-2.09277e-05
-2.12452e-05
-2.15958e-05
-2.1869e-05
-2.20476e-05
-2.00346e-05
-2.01453e-05
-2.02007e-05
-2.02009e-05
-2.01854e-05
-2.0172e-05
-2.02044e-05
-2.03005e-05
-2.04574e-05
-2.06427e-05
-2.08112e-05
-2.09969e-05
-2.1165e-05
-2.12975e-05
-2.13781e-05
-2.13865e-05
-2.13439e-05
-2.13129e-05
-2.13447e-05
-2.14076e-05
-2.13969e-05
-2.12781e-05
-2.11008e-05
-2.09083e-05
-2.07517e-05
-2.06285e-05
-2.05143e-05
-2.03975e-05
-2.02295e-05
-2.0023e-05
-1.98137e-05
-1.96442e-05
-1.95128e-05
-1.94476e-05
-1.94545e-05
-1.95117e-05
-1.96335e-05
-1.9762e-05
-1.98561e-05
-1.99302e-05
-1.85842e-05
-1.86462e-05
-1.8663e-05
-1.86393e-05
-1.86001e-05
-1.85685e-05
-1.85534e-05
-1.85702e-05
-1.86402e-05
-1.87685e-05
-1.89194e-05
-1.90518e-05
-1.91633e-05
-1.92541e-05
-1.93165e-05
-1.93204e-05
-1.92604e-05
-1.91649e-05
-1.91016e-05
-1.90764e-05
-1.90707e-05
-1.90441e-05
-1.90013e-05
-1.89416e-05
-1.88764e-05
-1.88337e-05
-1.88107e-05
-1.87937e-05
-1.87444e-05
-1.86484e-05
-1.85532e-05
-1.84609e-05
-1.83799e-05
-1.83413e-05
-1.83146e-05
-1.82959e-05
-1.83122e-05
-1.83636e-05
-1.84422e-05
-1.85124e-05
-1.63239e-05
-1.63903e-05
-1.64315e-05
-1.64309e-05
-1.63938e-05
-1.63367e-05
-1.6283e-05
-1.62397e-05
-1.62222e-05
-1.62483e-05
-1.62892e-05
-1.63227e-05
-1.63689e-05
-1.64157e-05
-1.64367e-05
-1.64416e-05
-1.64258e-05
-1.63805e-05
-1.63071e-05
-1.62492e-05
-1.62277e-05
-1.62163e-05
-1.62055e-05
-1.61936e-05
-1.61604e-05
-1.61197e-05
-1.60817e-05
-1.60507e-05
-1.60304e-05
-1.60147e-05
-1.59967e-05
-1.59843e-05
-1.59687e-05
-1.59685e-05
-1.59999e-05
-1.60526e-05
-1.60749e-05
-1.61049e-05
-1.61594e-05
-1.62432e-05
-1.46044e-05
-1.46182e-05
-1.45993e-05
-1.45541e-05
-1.44605e-05
-1.43461e-05
-1.42203e-05
-1.41139e-05
-1.40337e-05
-1.39777e-05
-1.39661e-05
-1.39649e-05
-1.39725e-05
-1.39932e-05
-1.40186e-05
-1.40397e-05
-1.40209e-05
-1.40091e-05
-1.4027e-05
-1.40501e-05
-1.40658e-05
-1.40931e-05
-1.41307e-05
-1.41586e-05
-1.41561e-05
-1.41482e-05
-1.41458e-05
-1.41591e-05
-1.41817e-05
-1.41944e-05
-1.41975e-05
-1.42032e-05
-1.42232e-05
-1.42519e-05
-1.43009e-05
-1.43672e-05
-1.44213e-05
-1.44774e-05
-1.45369e-05
-1.45774e-05
-1.35065e-05
-1.34892e-05
-1.3457e-05
-1.34041e-05
-1.3342e-05
-1.32713e-05
-1.31929e-05
-1.31093e-05
-1.30254e-05
-1.29748e-05
-1.2943e-05
-1.29221e-05
-1.29178e-05
-1.29209e-05
-1.29223e-05
-1.29164e-05
-1.28959e-05
-1.28828e-05
-1.28845e-05
-1.29191e-05
-1.29742e-05
-1.30167e-05
-1.3078e-05
-1.31601e-05
-1.32351e-05
-1.33036e-05
-1.3377e-05
-1.34379e-05
-1.34836e-05
-1.35004e-05
-1.34952e-05
-1.34825e-05
-1.3467e-05
-1.34631e-05
-1.34655e-05
-1.34786e-05
-1.34813e-05
-1.34836e-05
-1.34932e-05
-1.35021e-05
5.88389e-06
6.13781e-06
6.27794e-06
6.33498e-06
6.42223e-06
6.51791e-06
6.54008e-06
6.42829e-06
6.23572e-06
6.03402e-06
5.80174e-06
5.37987e-06
4.8016e-06
4.35785e-06
4.2842e-06
4.61443e-06
5.21719e-06
5.86152e-06
6.43564e-06
7.11291e-06
8.05557e-06
9.14223e-06
1.00078e-05
1.05253e-05
1.08436e-05
1.11262e-05
1.1463e-05
1.18962e-05
1.22441e-05
1.23327e-05
1.20811e-05
1.1452e-05
1.05349e-05
9.53742e-06
8.58018e-06
7.58964e-06
6.60411e-06
5.88224e-06
5.5744e-06
5.63139e-06
5.73311e-06
5.97645e-06
6.10457e-06
6.15064e-06
6.22785e-06
6.31074e-06
6.3171e-06
6.19495e-06
6.00482e-06
5.80921e-06
5.57313e-06
5.1458e-06
4.5612e-06
4.11151e-06
4.03275e-06
4.35511e-06
4.95929e-06
5.61739e-06
6.19927e-06
6.88449e-06
7.8297e-06
8.91625e-06
9.78078e-06
1.02948e-05
1.06157e-05
1.09047e-05
1.12556e-05
1.17003e-05
1.2052e-05
1.21387e-05
1.18887e-05
1.12683e-05
1.0368e-05
9.39084e-06
8.44622e-06
7.46001e-06
6.4762e-06
5.75253e-06
5.4387e-06
5.48819e-06
5.13771e-06
5.37756e-06
5.48937e-06
5.51292e-06
5.57304e-06
5.63844e-06
5.62438e-06
5.48517e-06
5.28647e-06
5.08266e-06
4.82825e-06
4.38639e-06
3.81375e-06
3.37691e-06
3.30554e-06
3.63537e-06
4.2368e-06
4.9049e-06
5.52126e-06
6.21931e-06
7.15554e-06
8.21613e-06
9.05834e-06
9.56486e-06
9.88972e-06
1.01887e-05
1.05439e-05
1.09936e-05
1.13542e-05
1.14389e-05
1.11737e-05
1.05399e-05
9.63381e-06
8.66485e-06
7.75492e-06
6.80047e-06
5.83086e-06
5.12339e-06
4.82614e-06
4.88653e-06
3.77452e-06
4.00623e-06
4.10428e-06
4.12049e-06
4.18562e-06
4.25277e-06
4.23051e-06
4.0802e-06
3.8689e-06
3.64075e-06
3.34585e-06
2.87903e-06
2.33692e-06
1.93943e-06
1.89606e-06
2.25651e-06
2.85741e-06
3.50793e-06
4.12015e-06
4.80166e-06
5.67884e-06
6.66669e-06
7.46721e-06
7.96455e-06
8.29059e-06
8.57277e-06
8.90995e-06
9.34405e-06
9.69813e-06
9.77795e-06
9.49034e-06
8.81737e-06
7.8924e-06
6.93838e-06
6.08631e-06
5.22723e-06
4.34362e-06
3.70121e-06
3.44224e-06
3.51773e-06
1.58621e-06
1.77539e-06
1.85114e-06
1.85264e-06
1.90583e-06
1.98764e-06
1.98525e-06
1.84921e-06
1.62361e-06
1.34303e-06
9.58276e-07
4.28084e-07
-7.85574e-08
-4.0437e-07
-3.83465e-07
2.05048e-08
6.16551e-07
1.22703e-06
1.82142e-06
2.48539e-06
3.29551e-06
4.20215e-06
4.93493e-06
5.40684e-06
5.72012e-06
5.97337e-06
6.2619e-06
6.62843e-06
6.94582e-06
7.01549e-06
6.72412e-06
6.05278e-06
5.14115e-06
4.25802e-06
3.52481e-06
2.78672e-06
2.02021e-06
1.48179e-06
1.27982e-06
1.35572e-06
-1.36357e-06
-1.19906e-06
-1.12666e-06
-1.14113e-06
-1.13816e-06
-1.11637e-06
-1.13553e-06
-1.27436e-06
-1.52871e-06
-1.90119e-06
-2.40537e-06
-2.98443e-06
-3.46275e-06
-3.70785e-06
-3.56192e-06
-3.04714e-06
-2.39372e-06
-1.7423e-06
-1.12625e-06
-4.4155e-07
3.5352e-07
1.19808e-06
1.84076e-06
2.23813e-06
2.49441e-06
2.68686e-06
2.91292e-06
3.18113e-06
3.39218e-06
3.40935e-06
3.12208e-06
2.51792e-06
1.69196e-06
9.23636e-07
2.99676e-07
-3.22397e-07
-9.90623e-07
-1.48851e-06
-1.68005e-06
-1.5935e-06
-4.83822e-06
-4.6804e-06
-4.59331e-06
-4.61893e-06
-4.6968e-06
-4.77319e-06
-4.85792e-06
-5.02135e-06
-5.31393e-06
-5.74728e-06
-6.30328e-06
-6.83822e-06
-7.2645e-06
-7.45049e-06
-7.22028e-06
-6.61364e-06
-5.88984e-06
-5.21241e-06
-4.56391e-06
-3.86901e-06
-3.12526e-06
-2.3576e-06
-1.75761e-06
-1.38233e-06
-1.11302e-06
-9.35158e-07
-7.7446e-07
-6.20362e-07
-5.36867e-07
-6.07309e-07
-9.02619e-07
-1.43584e-06
-2.16714e-06
-2.88346e-06
-3.43751e-06
-3.97817e-06
-4.56595e-06
-5.01478e-06
-5.1871e-06
-5.07829e-06
-8.50353e-06
-8.35846e-06
-8.30365e-06
-8.33723e-06
-8.45593e-06
-8.60245e-06
-8.72767e-06
-8.86489e-06
-9.13392e-06
-9.53834e-06
-1.00204e-05
-1.04849e-05
-1.09038e-05
-1.11392e-05
-1.1034e-05
-1.06184e-05
-1.00545e-05
-9.40145e-06
-8.73856e-06
-8.07683e-06
-7.35102e-06
-6.61887e-06
-6.00694e-06
-5.54835e-06
-5.22484e-06
-5.02822e-06
-4.91455e-06
-4.81365e-06
-4.77171e-06
-4.85209e-06
-5.08518e-06
-5.53582e-06
-6.16223e-06
-6.77109e-06
-7.30505e-06
-7.81433e-06
-8.3398e-06
-8.74075e-06
-8.8996e-06
-8.75953e-06
-1.26001e-05
-1.24005e-05
-1.22656e-05
-1.21893e-05
-1.22213e-05
-1.22801e-05
-1.23289e-05
-1.24032e-05
-1.25901e-05
-1.29106e-05
-1.32714e-05
-1.36594e-05
-1.41809e-05
-1.46533e-05
-1.48962e-05
-1.48246e-05
-1.44885e-05
-1.39065e-05
-1.31965e-05
-1.25275e-05
-1.18698e-05
-1.12119e-05
-1.0637e-05
-1.01388e-05
-9.68018e-06
-9.40054e-06
-9.25305e-06
-9.10874e-06
-8.95587e-06
-8.90344e-06
-8.9931e-06
-9.30565e-06
-9.81257e-06
-1.0445e-05
-1.10847e-05
-1.17089e-05
-1.23073e-05
-1.27539e-05
-1.29511e-05
-1.28713e-05
-1.65905e-05
-1.6218e-05
-1.59128e-05
-1.56569e-05
-1.54915e-05
-1.53826e-05
-1.5326e-05
-1.53909e-05
-1.55914e-05
-1.58737e-05
-1.62093e-05
-1.66472e-05
-1.72434e-05
-1.78663e-05
-1.83342e-05
-1.8517e-05
-1.83247e-05
-1.78344e-05
-1.72563e-05
-1.66724e-05
-1.60729e-05
-1.55174e-05
-1.50102e-05
-1.45428e-05
-1.40029e-05
-1.35644e-05
-1.33252e-05
-1.31197e-05
-1.28611e-05
-1.26595e-05
-1.26155e-05
-1.28495e-05
-1.33155e-05
-1.39111e-05
-1.45709e-05
-1.52575e-05
-1.59384e-05
-1.64447e-05
-1.67668e-05
-1.68483e-05
-1.98852e-05
-1.94643e-05
-1.90203e-05
-1.86587e-05
-1.83992e-05
-1.82361e-05
-1.81969e-05
-1.82911e-05
-1.84858e-05
-1.87349e-05
-1.90112e-05
-1.93858e-05
-1.98941e-05
-2.0485e-05
-2.10245e-05
-2.13311e-05
-2.12839e-05
-2.0995e-05
-2.05767e-05
-2.01291e-05
-1.96643e-05
-1.91669e-05
-1.87302e-05
-1.82755e-05
-1.76899e-05
-1.72077e-05
-1.69424e-05
-1.6719e-05
-1.64271e-05
-1.61803e-05
-1.61373e-05
-1.63167e-05
-1.67052e-05
-1.72458e-05
-1.79101e-05
-1.86235e-05
-1.92712e-05
-1.9762e-05
-2.00475e-05
-2.0114e-05
-2.29066e-05
-2.25401e-05
-2.20151e-05
-2.14556e-05
-2.09789e-05
-2.06565e-05
-2.05671e-05
-2.06527e-05
-2.0841e-05
-2.10762e-05
-2.13093e-05
-2.15931e-05
-2.20472e-05
-2.25648e-05
-2.30301e-05
-2.32849e-05
-2.33589e-05
-2.33128e-05
-2.31459e-05
-2.28961e-05
-2.25685e-05
-2.21768e-05
-2.1769e-05
-2.13209e-05
-2.07482e-05
-2.02445e-05
-1.99201e-05
-1.96651e-05
-1.93789e-05
-1.91486e-05
-1.91091e-05
-1.92128e-05
-1.95099e-05
-2.00381e-05
-2.07069e-05
-2.14387e-05
-2.21006e-05
-2.26071e-05
-2.29369e-05
-2.30483e-05
-2.51173e-05
-2.4974e-05
-2.46508e-05
-2.41538e-05
-2.36016e-05
-2.31863e-05
-2.30008e-05
-2.29348e-05
-2.30208e-05
-2.31807e-05
-2.33414e-05
-2.3584e-05
-2.39439e-05
-2.43296e-05
-2.46195e-05
-2.4694e-05
-2.46532e-05
-2.46499e-05
-2.47241e-05
-2.47604e-05
-2.45847e-05
-2.42717e-05
-2.39629e-05
-2.36143e-05
-2.31161e-05
-2.26499e-05
-2.23064e-05
-2.19773e-05
-2.1649e-05
-2.14013e-05
-2.13128e-05
-2.13397e-05
-2.14821e-05
-2.18443e-05
-2.24123e-05
-2.30924e-05
-2.37433e-05
-2.43074e-05
-2.47356e-05
-2.50278e-05
-2.6101e-05
-2.62583e-05
-2.63025e-05
-2.61108e-05
-2.57769e-05
-2.54004e-05
-2.51602e-05
-2.51141e-05
-2.51829e-05
-2.53133e-05
-2.54203e-05
-2.55638e-05
-2.58326e-05
-2.61456e-05
-2.63472e-05
-2.62953e-05
-2.61228e-05
-2.59716e-05
-2.59612e-05
-2.60481e-05
-2.59652e-05
-2.57417e-05
-2.55198e-05
-2.52033e-05
-2.47191e-05
-2.42434e-05
-2.38729e-05
-2.35465e-05
-2.32552e-05
-2.30733e-05
-2.30114e-05
-2.30225e-05
-2.30822e-05
-2.33077e-05
-2.36706e-05
-2.41353e-05
-2.46365e-05
-2.50776e-05
-2.54662e-05
-2.58346e-05
-2.69796e-05
-2.72351e-05
-2.73575e-05
-2.72827e-05
-2.7083e-05
-2.68105e-05
-2.65696e-05
-2.65008e-05
-2.65919e-05
-2.68132e-05
-2.70303e-05
-2.72073e-05
-2.74503e-05
-2.77856e-05
-2.80539e-05
-2.81814e-05
-2.81213e-05
-2.78892e-05
-2.76792e-05
-2.7504e-05
-2.72416e-05
-2.68283e-05
-2.6407e-05
-2.60178e-05
-2.56103e-05
-2.52437e-05
-2.50549e-05
-2.49159e-05
-2.47817e-05
-2.47235e-05
-2.47073e-05
-2.47642e-05
-2.49105e-05
-2.51502e-05
-2.53907e-05
-2.56232e-05
-2.58793e-05
-2.6125e-05
-2.63654e-05
-2.66615e-05
-2.83333e-05
-2.85286e-05
-2.85908e-05
-2.8481e-05
-2.82584e-05
-2.80126e-05
-2.78213e-05
-2.77287e-05
-2.7772e-05
-2.79311e-05
-2.80832e-05
-2.82292e-05
-2.84543e-05
-2.87475e-05
-2.90231e-05
-2.91907e-05
-2.93104e-05
-2.93023e-05
-2.91648e-05
-2.89527e-05
-2.85422e-05
-2.79165e-05
-2.7264e-05
-2.68225e-05
-2.65522e-05
-2.64092e-05
-2.63228e-05
-2.62557e-05
-2.61603e-05
-2.60505e-05
-2.59481e-05
-2.5928e-05
-2.60837e-05
-2.63713e-05
-2.67097e-05
-2.70477e-05
-2.73722e-05
-2.76264e-05
-2.78423e-05
-2.8077e-05
-2.81913e-05
-2.82126e-05
-2.81361e-05
-2.7924e-05
-2.76697e-05
-2.74145e-05
-2.71815e-05
-2.7015e-05
-2.69851e-05
-2.70856e-05
-2.72371e-05
-2.74006e-05
-2.76489e-05
-2.78939e-05
-2.80361e-05
-2.80907e-05
-2.81371e-05
-2.82111e-05
-2.83028e-05
-2.83498e-05
-2.81455e-05
-2.7657e-05
-2.71256e-05
-2.68112e-05
-2.66529e-05
-2.65535e-05
-2.65413e-05
-2.65477e-05
-2.65201e-05
-2.64751e-05
-2.64247e-05
-2.63859e-05
-2.64012e-05
-2.65352e-05
-2.68122e-05
-2.71681e-05
-2.75338e-05
-2.78073e-05
-2.79891e-05
-2.81013e-05
-2.72065e-05
-2.71284e-05
-2.69854e-05
-2.67635e-05
-2.65195e-05
-2.62756e-05
-2.60343e-05
-2.58614e-05
-2.57783e-05
-2.57926e-05
-2.58971e-05
-2.60428e-05
-2.61514e-05
-2.62496e-05
-2.62464e-05
-2.6075e-05
-2.58725e-05
-2.57273e-05
-2.56567e-05
-2.56152e-05
-2.54549e-05
-2.51281e-05
-2.48109e-05
-2.46679e-05
-2.47055e-05
-2.48329e-05
-2.50081e-05
-2.51807e-05
-2.53021e-05
-2.53735e-05
-2.54265e-05
-2.54598e-05
-2.55172e-05
-2.56697e-05
-2.59584e-05
-2.63388e-05
-2.6735e-05
-2.70225e-05
-2.71699e-05
-2.72219e-05
-2.56276e-05
-2.55682e-05
-2.5456e-05
-2.52662e-05
-2.50137e-05
-2.47357e-05
-2.44881e-05
-2.43084e-05
-2.42454e-05
-2.42632e-05
-2.43393e-05
-2.44281e-05
-2.45323e-05
-2.4612e-05
-2.45504e-05
-2.43396e-05
-2.40355e-05
-2.37516e-05
-2.35197e-05
-2.3347e-05
-2.31676e-05
-2.29134e-05
-2.26383e-05
-2.24954e-05
-2.25282e-05
-2.26764e-05
-2.28484e-05
-2.30842e-05
-2.33222e-05
-2.35381e-05
-2.37141e-05
-2.38695e-05
-2.40492e-05
-2.42842e-05
-2.45494e-05
-2.48508e-05
-2.51959e-05
-2.54912e-05
-2.5659e-05
-2.56609e-05
-2.26584e-05
-2.26123e-05
-2.24777e-05
-2.22573e-05
-2.20018e-05
-2.17714e-05
-2.15837e-05
-2.14898e-05
-2.148e-05
-2.15332e-05
-2.16143e-05
-2.17049e-05
-2.18009e-05
-2.18697e-05
-2.18819e-05
-2.18028e-05
-2.16578e-05
-2.15478e-05
-2.15273e-05
-2.14906e-05
-2.14102e-05
-2.1267e-05
-2.10536e-05
-2.08788e-05
-2.08656e-05
-2.09789e-05
-2.1082e-05
-2.11344e-05
-2.11476e-05
-2.11561e-05
-2.11582e-05
-2.11584e-05
-2.11894e-05
-2.12742e-05
-2.14238e-05
-2.1625e-05
-2.1862e-05
-2.21221e-05
-2.24144e-05
-2.26107e-05
-2.12254e-05
-2.13282e-05
-2.13487e-05
-2.12826e-05
-2.11514e-05
-2.10081e-05
-2.08961e-05
-2.08581e-05
-2.09018e-05
-2.0999e-05
-2.10937e-05
-2.1165e-05
-2.1236e-05
-2.13051e-05
-2.13409e-05
-2.12963e-05
-2.12095e-05
-2.11578e-05
-2.11934e-05
-2.12508e-05
-2.12557e-05
-2.12081e-05
-2.11047e-05
-2.09973e-05
-2.09559e-05
-2.09482e-05
-2.09128e-05
-2.08167e-05
-2.06541e-05
-2.0472e-05
-2.03041e-05
-2.01746e-05
-2.00822e-05
-2.00514e-05
-2.00984e-05
-2.02101e-05
-2.03685e-05
-2.05682e-05
-2.08059e-05
-2.10503e-05
-1.92423e-05
-1.93151e-05
-1.93207e-05
-1.92414e-05
-1.91229e-05
-1.9007e-05
-1.89249e-05
-1.88816e-05
-1.89164e-05
-1.90187e-05
-1.91385e-05
-1.92497e-05
-1.93477e-05
-1.94345e-05
-1.94792e-05
-1.94689e-05
-1.94337e-05
-1.94339e-05
-1.94708e-05
-1.95606e-05
-1.96379e-05
-1.96792e-05
-1.96784e-05
-1.96168e-05
-1.95193e-05
-1.94574e-05
-1.94205e-05
-1.93479e-05
-1.92362e-05
-1.9095e-05
-1.89523e-05
-1.88112e-05
-1.87026e-05
-1.86439e-05
-1.86422e-05
-1.86626e-05
-1.87063e-05
-1.88044e-05
-1.89383e-05
-1.91008e-05
-1.71056e-05
-1.71552e-05
-1.71744e-05
-1.71643e-05
-1.71133e-05
-1.70461e-05
-1.69657e-05
-1.69002e-05
-1.68765e-05
-1.69133e-05
-1.69851e-05
-1.70415e-05
-1.71031e-05
-1.71668e-05
-1.71985e-05
-1.71824e-05
-1.71268e-05
-1.70727e-05
-1.70324e-05
-1.69824e-05
-1.69407e-05
-1.69474e-05
-1.69808e-05
-1.70246e-05
-1.70529e-05
-1.70871e-05
-1.71151e-05
-1.71406e-05
-1.71559e-05
-1.71429e-05
-1.70972e-05
-1.70467e-05
-1.69823e-05
-1.69433e-05
-1.69471e-05
-1.69572e-05
-1.69721e-05
-1.69875e-05
-1.70028e-05
-1.70431e-05
-1.48438e-05
-1.49128e-05
-1.49486e-05
-1.49296e-05
-1.48375e-05
-1.47128e-05
-1.45887e-05
-1.44776e-05
-1.43901e-05
-1.43347e-05
-1.42983e-05
-1.42763e-05
-1.42628e-05
-1.42611e-05
-1.42508e-05
-1.42263e-05
-1.42006e-05
-1.41866e-05
-1.4198e-05
-1.42237e-05
-1.42557e-05
-1.42765e-05
-1.43139e-05
-1.43576e-05
-1.44019e-05
-1.44411e-05
-1.44739e-05
-1.44994e-05
-1.45e-05
-1.44725e-05
-1.44378e-05
-1.44015e-05
-1.43849e-05
-1.43957e-05
-1.44333e-05
-1.44797e-05
-1.45397e-05
-1.45995e-05
-1.4665e-05
-1.47544e-05
-1.42337e-05
-1.42153e-05
-1.41802e-05
-1.41144e-05
-1.40384e-05
-1.39516e-05
-1.38615e-05
-1.37624e-05
-1.36736e-05
-1.36065e-05
-1.35757e-05
-1.35549e-05
-1.35339e-05
-1.35167e-05
-1.34971e-05
-1.34842e-05
-1.34678e-05
-1.34679e-05
-1.34916e-05
-1.35545e-05
-1.36227e-05
-1.37045e-05
-1.37873e-05
-1.38783e-05
-1.39803e-05
-1.40946e-05
-1.41974e-05
-1.42731e-05
-1.43017e-05
-1.43042e-05
-1.42968e-05
-1.4279e-05
-1.42632e-05
-1.42459e-05
-1.42381e-05
-1.42387e-05
-1.42289e-05
-1.42221e-05
-1.42301e-05
-1.42412e-05
7.69632e-06
7.71307e-06
7.53704e-06
7.30004e-06
7.26455e-06
7.47462e-06
7.46072e-06
7.18054e-06
6.89137e-06
6.66589e-06
6.38761e-06
5.87417e-06
5.12427e-06
4.36851e-06
3.95715e-06
4.02744e-06
4.38649e-06
4.81067e-06
5.27554e-06
5.89845e-06
6.70798e-06
7.42162e-06
7.71653e-06
7.59619e-06
7.17762e-06
6.58879e-06
6.07213e-06
5.81671e-06
5.81533e-06
5.80315e-06
5.63267e-06
5.3624e-06
5.24757e-06
5.45119e-06
5.79415e-06
6.07694e-06
6.30473e-06
6.55775e-06
6.94466e-06
7.39931e-06
7.52638e-06
7.54299e-06
7.36403e-06
7.11762e-06
7.07137e-06
7.27729e-06
7.26175e-06
6.97589e-06
6.67896e-06
6.44436e-06
6.15805e-06
5.63774e-06
4.87594e-06
4.11367e-06
3.70916e-06
3.78782e-06
4.14881e-06
4.57326e-06
5.03661e-06
5.65908e-06
6.47087e-06
7.18945e-06
7.48388e-06
7.35983e-06
6.93995e-06
6.35658e-06
5.84997e-06
5.60744e-06
5.61661e-06
5.61571e-06
5.46134e-06
5.20781e-06
5.10153e-06
5.31045e-06
5.65322e-06
5.93216e-06
6.15607e-06
6.39765e-06
6.77912e-06
7.23039e-06
6.90844e-06
6.94394e-06
6.77872e-06
6.53404e-06
6.46882e-06
6.65963e-06
6.63149e-06
6.33075e-06
6.0126e-06
5.74665e-06
5.42515e-06
4.86932e-06
4.06296e-06
3.24884e-06
2.79821e-06
2.85123e-06
3.2111e-06
3.65459e-06
4.14468e-06
4.78692e-06
5.6026e-06
6.30549e-06
6.57664e-06
6.42488e-06
5.98767e-06
5.40369e-06
4.91675e-06
4.69933e-06
4.73132e-06
4.75234e-06
4.62594e-06
4.40332e-06
4.33587e-06
4.57416e-06
4.94152e-06
5.24129e-06
5.47851e-06
5.72532e-06
6.11298e-06
6.59055e-06
5.52966e-06
5.60261e-06
5.45836e-06
5.22074e-06
5.14325e-06
5.31228e-06
5.27846e-06
4.95653e-06
4.58101e-06
4.23909e-06
3.84057e-06
3.19337e-06
2.27883e-06
1.35209e-06
8.07315e-07
8.05601e-07
1.15727e-06
1.64597e-06
2.19428e-06
2.85694e-06
3.63216e-06
4.25078e-06
4.441e-06
4.22567e-06
3.75703e-06
3.19576e-06
2.76808e-06
2.63341e-06
2.72189e-06
2.76865e-06
2.67883e-06
2.52006e-06
2.52411e-06
2.82483e-06
3.24175e-06
3.60387e-06
3.91195e-06
4.21034e-06
4.6266e-06
5.15322e-06
3.30498e-06
3.43279e-06
3.30591e-06
3.09532e-06
3.03111e-06
3.20147e-06
3.20961e-06
2.90045e-06
2.45543e-06
1.99436e-06
1.44138e-06
6.28414e-07
-4.59932e-07
-1.53471e-06
-2.18789e-06
-2.26187e-06
-1.93159e-06
-1.40702e-06
-8.42251e-07
-2.68232e-07
3.56645e-07
8.12409e-07
8.83747e-07
5.90443e-07
1.13826e-07
-3.75099e-07
-6.47348e-07
-6.09775e-07
-4.12912e-07
-2.88924e-07
-2.90976e-07
-3.86847e-07
-3.01324e-07
1.31591e-07
6.84421e-07
1.16351e-06
1.57855e-06
1.9143e-06
2.3243e-06
2.87153e-06
3.8836e-07
5.77805e-07
5.03886e-07
3.37272e-07
2.84839e-07
4.27037e-07
4.69198e-07
2.32689e-07
-1.8471e-07
-7.13085e-07
-1.41492e-06
-2.45136e-06
-3.77227e-06
-5.00538e-06
-5.75143e-06
-5.90303e-06
-5.63917e-06
-5.21254e-06
-4.80614e-06
-4.44661e-06
-4.06003e-06
-3.7465e-06
-3.73178e-06
-4.02504e-06
-4.43084e-06
-4.73162e-06
-4.78043e-06
-4.55486e-06
-4.22742e-06
-4.01888e-06
-3.92732e-06
-3.91257e-06
-3.72868e-06
-3.19325e-06
-2.46113e-06
-1.81198e-06
-1.30725e-06
-9.61248e-07
-5.97631e-07
-7.65513e-08
-3.33308e-06
-2.99201e-06
-2.92144e-06
-2.99936e-06
-3.03423e-06
-2.93538e-06
-2.85883e-06
-3.01409e-06
-3.37092e-06
-3.90065e-06
-4.66827e-06
-5.81855e-06
-7.27636e-06
-8.65854e-06
-9.54004e-06
-9.82307e-06
-9.74272e-06
-9.5618e-06
-9.44156e-06
-9.34246e-06
-9.10819e-06
-8.79853e-06
-8.66453e-06
-8.78571e-06
-8.93679e-06
-8.9882e-06
-8.86647e-06
-8.55753e-06
-8.21622e-06
-7.97698e-06
-7.80466e-06
-7.77877e-06
-7.59716e-06
-7.02733e-06
-6.26927e-06
-5.5359e-06
-4.98882e-06
-4.64352e-06
-4.31851e-06
-3.84191e-06
-7.60505e-06
-7.10314e-06
-6.8482e-06
-6.80924e-06
-6.85215e-06
-6.7737e-06
-6.65187e-06
-6.71244e-06
-6.98321e-06
-7.42911e-06
-8.12187e-06
-9.18695e-06
-1.0582e-05
-1.19766e-05
-1.29462e-05
-1.33774e-05
-1.35143e-05
-1.35394e-05
-1.35415e-05
-1.35321e-05
-1.34021e-05
-1.31425e-05
-1.28968e-05
-1.27812e-05
-1.27366e-05
-1.2667e-05
-1.24797e-05
-1.21598e-05
-1.17938e-05
-1.15676e-05
-1.14697e-05
-1.1588e-05
-1.1625e-05
-1.13115e-05
-1.07156e-05
-9.96273e-06
-9.38174e-06
-9.03311e-06
-8.713e-06
-8.21651e-06
-1.20298e-05
-1.14588e-05
-1.11632e-05
-1.11634e-05
-1.12871e-05
-1.12777e-05
-1.11385e-05
-1.112e-05
-1.12409e-05
-1.14886e-05
-1.19668e-05
-1.27912e-05
-1.39859e-05
-1.52297e-05
-1.61389e-05
-1.6603e-05
-1.67355e-05
-1.66728e-05
-1.65661e-05
-1.65303e-05
-1.6499e-05
-1.64071e-05
-1.62351e-05
-1.6078e-05
-1.59541e-05
-1.57664e-05
-1.54804e-05
-1.51099e-05
-1.47665e-05
-1.4653e-05
-1.47576e-05
-1.51095e-05
-1.54256e-05
-1.54093e-05
-1.50566e-05
-1.44427e-05
-1.38676e-05
-1.35488e-05
-1.32284e-05
-1.2719e-05
-1.67497e-05
-1.63017e-05
-1.61221e-05
-1.61936e-05
-1.63682e-05
-1.6408e-05
-1.62871e-05
-1.62203e-05
-1.62305e-05
-1.63481e-05
-1.65921e-05
-1.71028e-05
-1.79606e-05
-1.89001e-05
-1.9607e-05
-1.98822e-05
-1.98424e-05
-1.96134e-05
-1.93576e-05
-1.92655e-05
-1.92308e-05
-1.91275e-05
-1.89705e-05
-1.88694e-05
-1.87621e-05
-1.85617e-05
-1.82529e-05
-1.78531e-05
-1.75219e-05
-1.74218e-05
-1.75371e-05
-1.79165e-05
-1.83782e-05
-1.86259e-05
-1.85677e-05
-1.83204e-05
-1.80521e-05
-1.78902e-05
-1.76998e-05
-1.73105e-05
-2.12815e-05
-2.09635e-05
-2.08285e-05
-2.08595e-05
-2.09244e-05
-2.08678e-05
-2.07509e-05
-2.07287e-05
-2.08463e-05
-2.10141e-05
-2.11258e-05
-2.1302e-05
-2.16913e-05
-2.222e-05
-2.26254e-05
-2.26761e-05
-2.24659e-05
-2.21581e-05
-2.19075e-05
-2.17644e-05
-2.15915e-05
-2.13688e-05
-2.12103e-05
-2.11513e-05
-2.11331e-05
-2.10967e-05
-2.09442e-05
-2.06098e-05
-2.02536e-05
-2.00594e-05
-2.00425e-05
-2.02766e-05
-2.07027e-05
-2.10917e-05
-2.1401e-05
-2.16192e-05
-2.17653e-05
-2.18923e-05
-2.18776e-05
-2.16352e-05
-2.44272e-05
-2.41466e-05
-2.39551e-05
-2.38248e-05
-2.36912e-05
-2.35566e-05
-2.34451e-05
-2.35414e-05
-2.38873e-05
-2.42559e-05
-2.44174e-05
-2.4458e-05
-2.45875e-05
-2.47852e-05
-2.49167e-05
-2.4836e-05
-2.45319e-05
-2.42046e-05
-2.4036e-05
-2.39261e-05
-2.37903e-05
-2.36239e-05
-2.34462e-05
-2.33683e-05
-2.33868e-05
-2.34566e-05
-2.34869e-05
-2.33333e-05
-2.30644e-05
-2.28161e-05
-2.27039e-05
-2.27775e-05
-2.30183e-05
-2.3332e-05
-2.36931e-05
-2.40657e-05
-2.44048e-05
-2.46664e-05
-2.47799e-05
-2.4667e-05
-2.62788e-05
-2.60887e-05
-2.59681e-05
-2.58501e-05
-2.56765e-05
-2.54419e-05
-2.52894e-05
-2.53272e-05
-2.56138e-05
-2.59377e-05
-2.61442e-05
-2.62781e-05
-2.64228e-05
-2.6556e-05
-2.65644e-05
-2.63908e-05
-2.59787e-05
-2.55839e-05
-2.53386e-05
-2.52428e-05
-2.52465e-05
-2.53002e-05
-2.53447e-05
-2.53766e-05
-2.54147e-05
-2.54382e-05
-2.5491e-05
-2.54758e-05
-2.5332e-05
-2.51242e-05
-2.49906e-05
-2.49216e-05
-2.50141e-05
-2.51717e-05
-2.5344e-05
-2.56416e-05
-2.59922e-05
-2.63169e-05
-2.64895e-05
-2.64478e-05
-2.6528e-05
-2.64353e-05
-2.64226e-05
-2.63993e-05
-2.62687e-05
-2.60164e-05
-2.58227e-05
-2.57719e-05
-2.58403e-05
-2.59373e-05
-2.60885e-05
-2.62929e-05
-2.66228e-05
-2.7013e-05
-2.72536e-05
-2.71832e-05
-2.68044e-05
-2.63271e-05
-2.58355e-05
-2.54704e-05
-2.53243e-05
-2.5352e-05
-2.54789e-05
-2.56188e-05
-2.56885e-05
-2.57489e-05
-2.58532e-05
-2.59065e-05
-2.58687e-05
-2.5784e-05
-2.56705e-05
-2.56014e-05
-2.5634e-05
-2.57268e-05
-2.58395e-05
-2.60214e-05
-2.63243e-05
-2.65679e-05
-2.67122e-05
-2.66838e-05
-2.57165e-05
-2.55763e-05
-2.55017e-05
-2.54886e-05
-2.53878e-05
-2.52037e-05
-2.5021e-05
-2.48985e-05
-2.49032e-05
-2.50423e-05
-2.5274e-05
-2.56978e-05
-2.62102e-05
-2.67836e-05
-2.72192e-05
-2.7377e-05
-2.72361e-05
-2.68055e-05
-2.62625e-05
-2.57785e-05
-2.53616e-05
-2.50589e-05
-2.497e-05
-2.50762e-05
-2.52691e-05
-2.54326e-05
-2.55842e-05
-2.56472e-05
-2.56459e-05
-2.55919e-05
-2.54702e-05
-2.53036e-05
-2.52193e-05
-2.52357e-05
-2.52371e-05
-2.53028e-05
-2.55173e-05
-2.57572e-05
-2.59103e-05
-2.587e-05
-2.55473e-05
-2.55657e-05
-2.55782e-05
-2.55321e-05
-2.54088e-05
-2.52635e-05
-2.5136e-05
-2.50382e-05
-2.50109e-05
-2.50721e-05
-2.52801e-05
-2.55874e-05
-2.59615e-05
-2.63557e-05
-2.66618e-05
-2.68313e-05
-2.68746e-05
-2.68312e-05
-2.66435e-05
-2.6343e-05
-2.59886e-05
-2.5614e-05
-2.53578e-05
-2.53387e-05
-2.54252e-05
-2.54797e-05
-2.55135e-05
-2.54995e-05
-2.54476e-05
-2.53481e-05
-2.51162e-05
-2.4813e-05
-2.45992e-05
-2.45155e-05
-2.45369e-05
-2.46894e-05
-2.49484e-05
-2.52528e-05
-2.54726e-05
-2.55456e-05
-2.55977e-05
-2.57661e-05
-2.59181e-05
-2.59712e-05
-2.58994e-05
-2.57513e-05
-2.55822e-05
-2.54473e-05
-2.53887e-05
-2.54015e-05
-2.55027e-05
-2.56174e-05
-2.57777e-05
-2.59031e-05
-2.59692e-05
-2.60016e-05
-2.59878e-05
-2.59801e-05
-2.58999e-05
-2.56889e-05
-2.53767e-05
-2.50098e-05
-2.47676e-05
-2.47386e-05
-2.48378e-05
-2.48999e-05
-2.49129e-05
-2.49083e-05
-2.48812e-05
-2.47972e-05
-2.46275e-05
-2.43582e-05
-2.41136e-05
-2.39961e-05
-2.40258e-05
-2.42286e-05
-2.45626e-05
-2.49395e-05
-2.5225e-05
-2.54288e-05
-2.52578e-05
-2.54564e-05
-2.56606e-05
-2.57671e-05
-2.57025e-05
-2.55445e-05
-2.53792e-05
-2.52334e-05
-2.51408e-05
-2.51018e-05
-2.50722e-05
-2.50252e-05
-2.50176e-05
-2.50144e-05
-2.49343e-05
-2.47835e-05
-2.46378e-05
-2.44853e-05
-2.43209e-05
-2.41372e-05
-2.39056e-05
-2.36239e-05
-2.34079e-05
-2.33654e-05
-2.34584e-05
-2.34987e-05
-2.34588e-05
-2.344e-05
-2.34235e-05
-2.34115e-05
-2.33521e-05
-2.32432e-05
-2.31683e-05
-2.31992e-05
-2.33603e-05
-2.36534e-05
-2.40446e-05
-2.44682e-05
-2.48367e-05
-2.50789e-05
-2.46699e-05
-2.47354e-05
-2.47978e-05
-2.47908e-05
-2.46625e-05
-2.44757e-05
-2.42854e-05
-2.4117e-05
-2.39837e-05
-2.39181e-05
-2.38873e-05
-2.38598e-05
-2.38863e-05
-2.39576e-05
-2.39553e-05
-2.38382e-05
-2.36932e-05
-2.35889e-05
-2.35129e-05
-2.34252e-05
-2.32971e-05
-2.31494e-05
-2.30248e-05
-2.30094e-05
-2.31284e-05
-2.31987e-05
-2.31329e-05
-2.30375e-05
-2.2997e-05
-2.29614e-05
-2.29113e-05
-2.28532e-05
-2.2875e-05
-2.3017e-05
-2.32501e-05
-2.35317e-05
-2.38335e-05
-2.41301e-05
-2.43871e-05
-2.45743e-05
-2.30851e-05
-2.31509e-05
-2.31353e-05
-2.30349e-05
-2.28715e-05
-2.26744e-05
-2.24926e-05
-2.23497e-05
-2.2276e-05
-2.22717e-05
-2.22928e-05
-2.23171e-05
-2.23531e-05
-2.2372e-05
-2.23407e-05
-2.21986e-05
-2.20153e-05
-2.18995e-05
-2.18536e-05
-2.17938e-05
-2.16744e-05
-2.15189e-05
-2.13666e-05
-2.1312e-05
-2.13933e-05
-2.15486e-05
-2.16734e-05
-2.17178e-05
-2.17234e-05
-2.17074e-05
-2.17071e-05
-2.17133e-05
-2.17488e-05
-2.18236e-05
-2.19532e-05
-2.21152e-05
-2.23002e-05
-2.24964e-05
-2.27175e-05
-2.29317e-05
-2.17741e-05
-2.1933e-05
-2.20096e-05
-2.20087e-05
-2.19283e-05
-2.17721e-05
-2.15876e-05
-2.14536e-05
-2.14099e-05
-2.14139e-05
-2.14003e-05
-2.13619e-05
-2.13032e-05
-2.12481e-05
-2.11731e-05
-2.10645e-05
-2.09354e-05
-2.08267e-05
-2.07656e-05
-2.07752e-05
-2.0791e-05
-2.07428e-05
-2.06462e-05
-2.05962e-05
-2.06399e-05
-2.07418e-05
-2.08402e-05
-2.08722e-05
-2.08494e-05
-2.0796e-05
-2.0711e-05
-2.06301e-05
-2.05901e-05
-2.06107e-05
-2.06692e-05
-2.07645e-05
-2.09064e-05
-2.1093e-05
-2.13224e-05
-2.15572e-05
-1.90539e-05
-1.9134e-05
-1.91438e-05
-1.90934e-05
-1.89965e-05
-1.88743e-05
-1.87678e-05
-1.87026e-05
-1.86951e-05
-1.87145e-05
-1.87361e-05
-1.87211e-05
-1.87092e-05
-1.87128e-05
-1.86994e-05
-1.86851e-05
-1.86513e-05
-1.86441e-05
-1.86942e-05
-1.87829e-05
-1.89066e-05
-1.90245e-05
-1.9074e-05
-1.90676e-05
-1.90565e-05
-1.90525e-05
-1.90661e-05
-1.90709e-05
-1.9035e-05
-1.89352e-05
-1.88108e-05
-1.86825e-05
-1.85922e-05
-1.8546e-05
-1.8546e-05
-1.8583e-05
-1.86327e-05
-1.87062e-05
-1.8814e-05
-1.89409e-05
-1.73036e-05
-1.73436e-05
-1.73586e-05
-1.73341e-05
-1.7296e-05
-1.72451e-05
-1.71813e-05
-1.71083e-05
-1.70424e-05
-1.70298e-05
-1.70511e-05
-1.70856e-05
-1.71225e-05
-1.71582e-05
-1.71731e-05
-1.71532e-05
-1.71076e-05
-1.7046e-05
-1.69938e-05
-1.69681e-05
-1.6979e-05
-1.70286e-05
-1.70866e-05
-1.71287e-05
-1.71741e-05
-1.72411e-05
-1.73234e-05
-1.73964e-05
-1.74319e-05
-1.74164e-05
-1.73814e-05
-1.73384e-05
-1.72902e-05
-1.72519e-05
-1.72335e-05
-1.72407e-05
-1.72586e-05
-1.72596e-05
-1.72575e-05
-1.72663e-05
-1.50447e-05
-1.5107e-05
-1.51266e-05
-1.50793e-05
-1.49837e-05
-1.48635e-05
-1.47457e-05
-1.46453e-05
-1.45667e-05
-1.4512e-05
-1.44795e-05
-1.44586e-05
-1.44354e-05
-1.44161e-05
-1.44092e-05
-1.43941e-05
-1.43734e-05
-1.43712e-05
-1.43872e-05
-1.43995e-05
-1.44095e-05
-1.44441e-05
-1.44906e-05
-1.4556e-05
-1.4628e-05
-1.46974e-05
-1.47619e-05
-1.4809e-05
-1.48315e-05
-1.483e-05
-1.48014e-05
-1.47622e-05
-1.47265e-05
-1.47134e-05
-1.47167e-05
-1.47426e-05
-1.47902e-05
-1.48567e-05
-1.49189e-05
-1.49768e-05
-1.53893e-05
-1.53954e-05
-1.53662e-05
-1.52977e-05
-1.51933e-05
-1.50839e-05
-1.49739e-05
-1.48654e-05
-1.4768e-05
-1.46776e-05
-1.46057e-05
-1.45589e-05
-1.45322e-05
-1.45189e-05
-1.45204e-05
-1.45236e-05
-1.45272e-05
-1.45296e-05
-1.45462e-05
-1.45968e-05
-1.46501e-05
-1.47089e-05
-1.47862e-05
-1.48655e-05
-1.49606e-05
-1.50576e-05
-1.5168e-05
-1.52559e-05
-1.53112e-05
-1.53354e-05
-1.53428e-05
-1.53256e-05
-1.52935e-05
-1.52658e-05
-1.5265e-05
-1.52666e-05
-1.52828e-05
-1.5302e-05
-1.53245e-05
-1.53624e-05
6.01535e-06
5.64245e-06
5.10723e-06
4.66812e-06
4.45345e-06
4.2932e-06
4.07202e-06
3.73942e-06
3.36668e-06
3.0312e-06
2.58785e-06
1.92893e-06
1.12679e-06
3.09342e-07
-3.11457e-07
-6.22739e-07
-6.62545e-07
-4.58021e-07
-7.77666e-08
4.67147e-07
1.16692e-06
1.86047e-06
2.32055e-06
2.52521e-06
2.62687e-06
2.73615e-06
2.93305e-06
3.18787e-06
3.20367e-06
3.00352e-06
2.8841e-06
2.91466e-06
3.03361e-06
3.25436e-06
3.56097e-06
3.96021e-06
4.51919e-06
5.17206e-06
5.71488e-06
6.03849e-06
5.82943e-06
5.46707e-06
4.94619e-06
4.52345e-06
4.32658e-06
4.18037e-06
3.96772e-06
3.64147e-06
3.27497e-06
2.94283e-06
2.49997e-06
1.83629e-06
1.03295e-06
2.11347e-07
-4.11058e-07
-7.19417e-07
-7.5914e-07
-5.61005e-07
-1.88693e-07
3.51473e-07
1.0468e-06
1.73164e-06
2.18187e-06
2.37848e-06
2.47245e-06
2.57503e-06
2.76745e-06
3.01162e-06
3.02138e-06
2.81607e-06
2.68456e-06
2.70226e-06
2.80754e-06
3.0155e-06
3.30776e-06
3.70634e-06
4.27871e-06
4.95128e-06
5.50913e-06
5.8448e-06
5.25806e-06
4.90177e-06
4.376e-06
3.95596e-06
3.76974e-06
3.63949e-06
3.43138e-06
3.09773e-06
2.73431e-06
2.42063e-06
1.99498e-06
1.3341e-06
5.11952e-07
-3.37181e-07
-9.92172e-07
-1.31898e-06
-1.35153e-06
-1.15691e-06
-7.96813e-07
-2.83476e-07
3.8647e-07
1.05615e-06
1.48754e-06
1.65334e-06
1.72198e-06
1.81388e-06
1.9913e-06
2.213e-06
2.19383e-06
1.97817e-06
1.84605e-06
1.85193e-06
1.93496e-06
2.13283e-06
2.45024e-06
2.89809e-06
3.53591e-06
4.27179e-06
4.87838e-06
5.247e-06
3.87261e-06
3.52275e-06
2.99774e-06
2.59955e-06
2.4552e-06
2.36242e-06
2.16709e-06
1.81728e-06
1.42464e-06
1.11388e-06
7.30128e-07
9.30587e-08
-7.50237e-07
-1.6596e-06
-2.35533e-06
-2.68263e-06
-2.68015e-06
-2.44664e-06
-2.11394e-06
-1.66349e-06
-1.05786e-06
-4.33085e-07
-4.57306e-08
3.29339e-08
1.06918e-10
4.44513e-08
1.86625e-07
3.51913e-07
2.99759e-07
8.84438e-08
-7.99815e-09
1.25787e-08
1.08643e-07
3.57799e-07
7.5316e-07
1.30726e-06
2.04837e-06
2.84151e-06
3.47636e-06
3.85504e-06
1.3382e-06
1.024e-06
5.32963e-07
1.72243e-07
1.17825e-07
1.41487e-07
3.01713e-08
-3.08942e-07
-7.1912e-07
-1.00837e-06
-1.33899e-06
-1.95944e-06
-2.84457e-06
-3.8158e-06
-4.56185e-06
-4.86808e-06
-4.79924e-06
-4.54326e-06
-4.24455e-06
-3.89327e-06
-3.37402e-06
-2.81066e-06
-2.54133e-06
-2.62859e-06
-2.79752e-06
-2.85216e-06
-2.77188e-06
-2.65004e-06
-2.70128e-06
-2.88599e-06
-2.95377e-06
-2.8866e-06
-2.71744e-06
-2.3483e-06
-1.82186e-06
-1.15595e-06
-3.74664e-07
3.91281e-07
9.69741e-07
1.307e-06
-2.20621e-06
-2.4429e-06
-2.9024e-06
-3.20324e-06
-3.14529e-06
-2.98126e-06
-2.96347e-06
-3.1982e-06
-3.55229e-06
-3.78666e-06
-3.99935e-06
-4.52729e-06
-5.43161e-06
-6.443e-06
-7.20027e-06
-7.54866e-06
-7.56238e-06
-7.41782e-06
-7.17288e-06
-6.85822e-06
-6.39466e-06
-5.88768e-06
-5.71962e-06
-5.95533e-06
-6.31739e-06
-6.53464e-06
-6.58059e-06
-6.53463e-06
-6.60048e-06
-6.76348e-06
-6.77878e-06
-6.61733e-06
-6.35061e-06
-5.89023e-06
-5.29021e-06
-4.61491e-06
-3.85876e-06
-3.15279e-06
-2.60837e-06
-2.26834e-06
-6.19957e-06
-6.36097e-06
-6.78183e-06
-7.05766e-06
-6.99744e-06
-6.83966e-06
-6.81512e-06
-6.95092e-06
-7.16154e-06
-7.23363e-06
-7.23731e-06
-7.5994e-06
-8.44139e-06
-9.46312e-06
-1.02658e-05
-1.0666e-05
-1.07657e-05
-1.0701e-05
-1.05241e-05
-1.0205e-05
-9.71501e-06
-9.21483e-06
-9.10007e-06
-9.46871e-06
-1.00341e-05
-1.05154e-05
-1.08261e-05
-1.09366e-05
-1.10231e-05
-1.11274e-05
-1.10201e-05
-1.07582e-05
-1.0427e-05
-9.94029e-06
-9.35097e-06
-8.73524e-06
-8.07421e-06
-7.42658e-06
-6.85611e-06
-6.40126e-06
-1.04814e-05
-1.05408e-05
-1.09142e-05
-1.12136e-05
-1.12088e-05
-1.11035e-05
-1.10572e-05
-1.11432e-05
-1.12664e-05
-1.12376e-05
-1.11657e-05
-1.14986e-05
-1.23079e-05
-1.33105e-05
-1.40749e-05
-1.44096e-05
-1.43921e-05
-1.4296e-05
-1.41151e-05
-1.37083e-05
-1.31462e-05
-1.26796e-05
-1.26526e-05
-1.3106e-05
-1.38122e-05
-1.46039e-05
-1.52358e-05
-1.54784e-05
-1.55242e-05
-1.54722e-05
-1.51751e-05
-1.48595e-05
-1.45901e-05
-1.41925e-05
-1.3657e-05
-1.30495e-05
-1.24178e-05
-1.18272e-05
-1.13068e-05
-1.07834e-05
-1.51119e-05
-1.50872e-05
-1.53399e-05
-1.55771e-05
-1.55924e-05
-1.54479e-05
-1.54651e-05
-1.56384e-05
-1.57765e-05
-1.57729e-05
-1.57407e-05
-1.61052e-05
-1.69081e-05
-1.78619e-05
-1.85686e-05
-1.87908e-05
-1.85547e-05
-1.82043e-05
-1.78098e-05
-1.72508e-05
-1.66279e-05
-1.61602e-05
-1.6118e-05
-1.65206e-05
-1.72326e-05
-1.80577e-05
-1.86924e-05
-1.88262e-05
-1.87117e-05
-1.85926e-05
-1.84163e-05
-1.83099e-05
-1.83588e-05
-1.82531e-05
-1.78742e-05
-1.73527e-05
-1.6792e-05
-1.62783e-05
-1.58253e-05
-1.54121e-05
-1.99468e-05
-1.99022e-05
-2.00502e-05
-2.02291e-05
-2.01669e-05
-1.99772e-05
-1.9995e-05
-2.02098e-05
-2.04502e-05
-2.05114e-05
-2.04952e-05
-2.07739e-05
-2.14804e-05
-2.23482e-05
-2.30144e-05
-2.31641e-05
-2.27511e-05
-2.2165e-05
-2.1584e-05
-2.09606e-05
-2.03269e-05
-1.98746e-05
-1.97397e-05
-1.99439e-05
-2.03598e-05
-2.08286e-05
-2.11704e-05
-2.1133e-05
-2.08713e-05
-2.06789e-05
-2.05974e-05
-2.07627e-05
-2.10813e-05
-2.11969e-05
-2.11149e-05
-2.09182e-05
-2.06852e-05
-2.04633e-05
-2.02477e-05
-2.00671e-05
-2.43497e-05
-2.45035e-05
-2.47383e-05
-2.49403e-05
-2.48934e-05
-2.46222e-05
-2.44102e-05
-2.44613e-05
-2.4639e-05
-2.46315e-05
-2.44652e-05
-2.44914e-05
-2.49593e-05
-2.56592e-05
-2.62646e-05
-2.64118e-05
-2.60575e-05
-2.54572e-05
-2.49074e-05
-2.4446e-05
-2.39043e-05
-2.34791e-05
-2.33379e-05
-2.34778e-05
-2.37843e-05
-2.4063e-05
-2.41463e-05
-2.39051e-05
-2.34675e-05
-2.31161e-05
-2.29423e-05
-2.30322e-05
-2.33729e-05
-2.36419e-05
-2.36869e-05
-2.36135e-05
-2.35625e-05
-2.37261e-05
-2.39553e-05
-2.41552e-05
-2.74456e-05
-2.77886e-05
-2.81098e-05
-2.83335e-05
-2.8208e-05
-2.78094e-05
-2.73931e-05
-2.71695e-05
-2.72145e-05
-2.72462e-05
-2.7099e-05
-2.69718e-05
-2.72207e-05
-2.77872e-05
-2.8352e-05
-2.85762e-05
-2.8339e-05
-2.77454e-05
-2.71434e-05
-2.66772e-05
-2.62467e-05
-2.59186e-05
-2.59016e-05
-2.62249e-05
-2.6646e-05
-2.70287e-05
-2.72737e-05
-2.7229e-05
-2.6871e-05
-2.64759e-05
-2.61672e-05
-2.60238e-05
-2.60877e-05
-2.61405e-05
-2.60725e-05
-2.59479e-05
-2.59479e-05
-2.6225e-05
-2.66729e-05
-2.70671e-05
-2.96047e-05
-2.99851e-05
-3.02504e-05
-3.03116e-05
-2.99421e-05
-2.92295e-05
-2.85245e-05
-2.80496e-05
-2.78831e-05
-2.78186e-05
-2.76e-05
-2.74028e-05
-2.75025e-05
-2.7893e-05
-2.8351e-05
-2.85862e-05
-2.84683e-05
-2.80451e-05
-2.76497e-05
-2.74192e-05
-2.7275e-05
-2.71837e-05
-2.73786e-05
-2.78774e-05
-2.84961e-05
-2.90759e-05
-2.9518e-05
-2.96294e-05
-2.94586e-05
-2.92071e-05
-2.88677e-05
-2.85641e-05
-2.84478e-05
-2.84071e-05
-2.83454e-05
-2.82547e-05
-2.82719e-05
-2.85352e-05
-2.8886e-05
-2.92167e-05
-2.99898e-05
-3.01013e-05
-3.01274e-05
-2.99186e-05
-2.92991e-05
-2.84234e-05
-2.76722e-05
-2.71906e-05
-2.69954e-05
-2.6841e-05
-2.66e-05
-2.63245e-05
-2.63603e-05
-2.66888e-05
-2.70635e-05
-2.73173e-05
-2.73636e-05
-2.71566e-05
-2.6892e-05
-2.6796e-05
-2.68595e-05
-2.69979e-05
-2.73382e-05
-2.80169e-05
-2.88489e-05
-2.95687e-05
-3.00421e-05
-3.02198e-05
-3.01576e-05
-2.99863e-05
-2.96796e-05
-2.93412e-05
-2.92852e-05
-2.9383e-05
-2.94745e-05
-2.95527e-05
-2.96077e-05
-2.97257e-05
-2.98762e-05
-2.99439e-05
-2.77739e-05
-2.75287e-05
-2.7301e-05
-2.70434e-05
-2.66439e-05
-2.61219e-05
-2.57118e-05
-2.54564e-05
-2.53691e-05
-2.53705e-05
-2.5355e-05
-2.53503e-05
-2.55222e-05
-2.58608e-05
-2.61971e-05
-2.64492e-05
-2.65555e-05
-2.63852e-05
-2.60638e-05
-2.58329e-05
-2.57962e-05
-2.59019e-05
-2.61774e-05
-2.68207e-05
-2.76699e-05
-2.83587e-05
-2.87573e-05
-2.8948e-05
-2.89575e-05
-2.873e-05
-2.83701e-05
-2.8093e-05
-2.80943e-05
-2.83189e-05
-2.84818e-05
-2.84731e-05
-2.84378e-05
-2.84059e-05
-2.83064e-05
-2.80754e-05
-2.6109e-05
-2.58878e-05
-2.57475e-05
-2.56105e-05
-2.53337e-05
-2.4942e-05
-2.46042e-05
-2.43909e-05
-2.43053e-05
-2.43444e-05
-2.44142e-05
-2.45427e-05
-2.48116e-05
-2.51535e-05
-2.53552e-05
-2.53762e-05
-2.52861e-05
-2.51653e-05
-2.49651e-05
-2.47444e-05
-2.45967e-05
-2.4522e-05
-2.45312e-05
-2.47901e-05
-2.5262e-05
-2.56794e-05
-2.59451e-05
-2.61231e-05
-2.6173e-05
-2.60483e-05
-2.58081e-05
-2.55597e-05
-2.55009e-05
-2.56634e-05
-2.5855e-05
-2.60059e-05
-2.6149e-05
-2.63407e-05
-2.64547e-05
-2.63572e-05
-2.37088e-05
-2.37281e-05
-2.37985e-05
-2.38414e-05
-2.38293e-05
-2.37394e-05
-2.3638e-05
-2.36202e-05
-2.36649e-05
-2.37683e-05
-2.38376e-05
-2.38406e-05
-2.38571e-05
-2.38923e-05
-2.38159e-05
-2.36198e-05
-2.34419e-05
-2.33149e-05
-2.31316e-05
-2.29142e-05
-2.27071e-05
-2.24899e-05
-2.23638e-05
-2.24749e-05
-2.27623e-05
-2.31298e-05
-2.34526e-05
-2.37099e-05
-2.38735e-05
-2.38637e-05
-2.36713e-05
-2.33602e-05
-2.30855e-05
-2.29462e-05
-2.29422e-05
-2.30177e-05
-2.31965e-05
-2.34088e-05
-2.35824e-05
-2.36851e-05
-2.3357e-05
-2.34172e-05
-2.34674e-05
-2.34729e-05
-2.34135e-05
-2.32714e-05
-2.30975e-05
-2.29497e-05
-2.28215e-05
-2.2713e-05
-2.25923e-05
-2.24222e-05
-2.22627e-05
-2.21174e-05
-2.19103e-05
-2.16589e-05
-2.14578e-05
-2.13258e-05
-2.11781e-05
-2.0989e-05
-2.07951e-05
-2.06202e-05
-2.05129e-05
-2.06472e-05
-2.10208e-05
-2.14736e-05
-2.18928e-05
-2.22165e-05
-2.24597e-05
-2.25946e-05
-2.26156e-05
-2.25246e-05
-2.24139e-05
-2.23889e-05
-2.24589e-05
-2.25839e-05
-2.27474e-05
-2.29551e-05
-2.3154e-05
-2.327e-05
-2.32651e-05
-2.33396e-05
-2.33846e-05
-2.33624e-05
-2.32455e-05
-2.30696e-05
-2.28739e-05
-2.27186e-05
-2.25759e-05
-2.24251e-05
-2.22307e-05
-2.20113e-05
-2.17982e-05
-2.16089e-05
-2.13781e-05
-2.10848e-05
-2.08036e-05
-2.05858e-05
-2.04435e-05
-2.03269e-05
-2.02156e-05
-2.01267e-05
-2.00958e-05
-2.01648e-05
-2.03546e-05
-2.06031e-05
-2.08199e-05
-2.10403e-05
-2.1266e-05
-2.14753e-05
-2.16411e-05
-2.17586e-05
-2.18838e-05
-2.20724e-05
-2.22884e-05
-2.24859e-05
-2.26405e-05
-2.28117e-05
-2.30001e-05
-2.31608e-05
-2.28485e-05
-2.29992e-05
-2.30462e-05
-2.29736e-05
-2.28155e-05
-2.2631e-05
-2.24713e-05
-2.23621e-05
-2.23051e-05
-2.22383e-05
-2.21226e-05
-2.1962e-05
-2.18229e-05
-2.1721e-05
-2.15799e-05
-2.13466e-05
-2.10662e-05
-2.08401e-05
-2.06766e-05
-2.05174e-05
-2.0338e-05
-2.01942e-05
-2.01139e-05
-2.00901e-05
-2.01951e-05
-2.03801e-05
-2.05631e-05
-2.07418e-05
-2.09038e-05
-2.10181e-05
-2.10822e-05
-2.11538e-05
-2.12503e-05
-2.13969e-05
-2.15754e-05
-2.17723e-05
-2.19635e-05
-2.21721e-05
-2.23989e-05
-2.26318e-05
-2.15699e-05
-2.16358e-05
-2.16837e-05
-2.16719e-05
-2.1607e-05
-2.14857e-05
-2.13726e-05
-2.12954e-05
-2.12597e-05
-2.12401e-05
-2.12091e-05
-2.11605e-05
-2.11184e-05
-2.11082e-05
-2.10776e-05
-2.09665e-05
-2.08016e-05
-2.06614e-05
-2.05653e-05
-2.04724e-05
-2.04109e-05
-2.0344e-05
-2.02711e-05
-2.02373e-05
-2.02657e-05
-2.03741e-05
-2.05145e-05
-2.06664e-05
-2.07888e-05
-2.08788e-05
-2.09562e-05
-2.10188e-05
-2.10798e-05
-2.11571e-05
-2.12412e-05
-2.12901e-05
-2.13087e-05
-2.1349e-05
-2.14023e-05
-2.14828e-05
-1.96656e-05
-1.96717e-05
-1.96238e-05
-1.95052e-05
-1.93026e-05
-1.9072e-05
-1.88462e-05
-1.8677e-05
-1.85821e-05
-1.85466e-05
-1.85511e-05
-1.8551e-05
-1.85164e-05
-1.84824e-05
-1.84498e-05
-1.83961e-05
-1.83379e-05
-1.82905e-05
-1.82848e-05
-1.83282e-05
-1.8389e-05
-1.84567e-05
-1.85153e-05
-1.85885e-05
-1.87025e-05
-1.88507e-05
-1.89965e-05
-1.91167e-05
-1.91857e-05
-1.92027e-05
-1.91755e-05
-1.91428e-05
-1.91297e-05
-1.91683e-05
-1.92386e-05
-1.93172e-05
-1.93962e-05
-1.94726e-05
-1.95611e-05
-1.96343e-05
-1.70099e-05
-1.69949e-05
-1.69402e-05
-1.68563e-05
-1.6762e-05
-1.66567e-05
-1.65493e-05
-1.6433e-05
-1.63514e-05
-1.631e-05
-1.62858e-05
-1.62543e-05
-1.62019e-05
-1.61529e-05
-1.61135e-05
-1.60651e-05
-1.60128e-05
-1.59657e-05
-1.59271e-05
-1.59086e-05
-1.59241e-05
-1.59634e-05
-1.60103e-05
-1.60637e-05
-1.61375e-05
-1.62595e-05
-1.64118e-05
-1.65182e-05
-1.657e-05
-1.65901e-05
-1.65943e-05
-1.65953e-05
-1.65913e-05
-1.66082e-05
-1.66687e-05
-1.67574e-05
-1.68285e-05
-1.69008e-05
-1.69645e-05
-1.7e-05
-1.54584e-05
-1.55176e-05
-1.55293e-05
-1.54739e-05
-1.5368e-05
-1.52476e-05
-1.51204e-05
-1.49998e-05
-1.48862e-05
-1.47949e-05
-1.47297e-05
-1.46664e-05
-1.4609e-05
-1.45725e-05
-1.45324e-05
-1.44836e-05
-1.44409e-05
-1.44239e-05
-1.44312e-05
-1.44555e-05
-1.44902e-05
-1.45261e-05
-1.45608e-05
-1.45882e-05
-1.46279e-05
-1.46987e-05
-1.4786e-05
-1.48653e-05
-1.49286e-05
-1.4958e-05
-1.49813e-05
-1.50052e-05
-1.50418e-05
-1.50739e-05
-1.51002e-05
-1.51358e-05
-1.51957e-05
-1.52609e-05
-1.5331e-05
-1.5395e-05
-1.56351e-05
-1.56535e-05
-1.56384e-05
-1.5579e-05
-1.54612e-05
-1.53179e-05
-1.51803e-05
-1.50469e-05
-1.4919e-05
-1.48089e-05
-1.47175e-05
-1.46347e-05
-1.45803e-05
-1.45455e-05
-1.45337e-05
-1.45434e-05
-1.45466e-05
-1.4555e-05
-1.45812e-05
-1.46259e-05
-1.46825e-05
-1.47326e-05
-1.47671e-05
-1.48198e-05
-1.48845e-05
-1.49662e-05
-1.50752e-05
-1.51702e-05
-1.52362e-05
-1.52866e-05
-1.53245e-05
-1.53626e-05
-1.53826e-05
-1.53919e-05
-1.54053e-05
-1.54301e-05
-1.54547e-05
-1.54986e-05
-1.55425e-05
-1.55919e-05
4.00614e-06
4.27358e-06
4.19349e-06
4.00429e-06
3.70663e-06
3.32797e-06
2.94455e-06
2.59466e-06
2.19149e-06
1.77679e-06
1.27583e-06
5.10579e-07
-3.75062e-07
-1.14989e-06
-1.70583e-06
-2.03117e-06
-2.16124e-06
-2.1664e-06
-2.11498e-06
-2.0329e-06
-1.83966e-06
-1.55877e-06
-1.36109e-06
-1.33797e-06
-1.35685e-06
-1.24995e-06
-9.80514e-07
-6.43471e-07
-3.67602e-07
-6.6234e-08
4.25774e-07
1.01024e-06
1.47385e-06
1.76265e-06
1.88198e-06
1.85628e-06
1.85992e-06
2.05967e-06
2.59669e-06
3.35051e-06
3.92828e-06
4.19968e-06
4.11884e-06
3.936e-06
3.64735e-06
3.27726e-06
2.90578e-06
2.56577e-06
2.16413e-06
1.74909e-06
1.24875e-06
4.8134e-07
-4.08001e-07
-1.19565e-06
-1.76775e-06
-2.11044e-06
-2.2534e-06
-2.26814e-06
-2.22543e-06
-2.15067e-06
-1.96294e-06
-1.68761e-06
-1.50071e-06
-1.49484e-06
-1.52649e-06
-1.42656e-06
-1.15858e-06
-8.21192e-07
-5.43474e-07
-2.41726e-07
2.52145e-07
8.4742e-07
1.32167e-06
1.61416e-06
1.73523e-06
1.70883e-06
1.71807e-06
1.92999e-06
2.48354e-06
3.25649e-06
3.30022e-06
3.55079e-06
3.42018e-06
3.21104e-06
2.9467e-06
2.62051e-06
2.29112e-06
1.98212e-06
1.59326e-06
1.1826e-06
6.90482e-07
-6.77358e-08
-9.53818e-07
-1.73901e-06
-2.32606e-06
-2.68992e-06
-2.86799e-06
-2.92904e-06
-2.93217e-06
-2.90068e-06
-2.74459e-06
-2.50188e-06
-2.36747e-06
-2.42163e-06
-2.49386e-06
-2.3937e-06
-2.09934e-06
-1.73544e-06
-1.43514e-06
-1.09253e-06
-5.47479e-07
8.96026e-08
5.89496e-07
9.04309e-07
1.0365e-06
1.0117e-06
1.01297e-06
1.23351e-06
1.81753e-06
2.61665e-06
1.67832e-06
1.88926e-06
1.71721e-06
1.49509e-06
1.25334e-06
9.65092e-07
6.87887e-07
4.30263e-07
7.28396e-08
-3.1877e-07
-7.88043e-07
-1.507e-06
-2.36319e-06
-3.13019e-06
-3.70285e-06
-4.06547e-06
-4.27262e-06
-4.40915e-06
-4.50907e-06
-4.57212e-06
-4.50216e-06
-4.35766e-06
-4.32989e-06
-4.45412e-06
-4.54275e-06
-4.40153e-06
-4.0288e-06
-3.57484e-06
-3.19587e-06
-2.80251e-06
-2.20482e-06
-1.52744e-06
-1.00833e-06
-6.7619e-07
-5.37061e-07
-5.88646e-07
-6.16977e-07
-4.12968e-07
1.79909e-07
1.00202e-06
-1.12731e-06
-9.11981e-07
-1.07268e-06
-1.26049e-06
-1.48455e-06
-1.7731e-06
-2.00503e-06
-2.16188e-06
-2.40048e-06
-2.68221e-06
-3.06362e-06
-3.70291e-06
-4.50408e-06
-5.26859e-06
-5.87424e-06
-6.28914e-06
-6.55845e-06
-6.73923e-06
-6.88046e-06
-7.05897e-06
-7.17362e-06
-7.20969e-06
-7.25955e-06
-7.3783e-06
-7.44022e-06
-7.26436e-06
-6.79683e-06
-6.22639e-06
-5.77085e-06
-5.33608e-06
-4.73211e-06
-4.061e-06
-3.59543e-06
-3.33449e-06
-3.27215e-06
-3.41683e-06
-3.54803e-06
-3.37524e-06
-2.73048e-06
-1.84026e-06
-5.26334e-06
-4.97e-06
-5.04747e-06
-5.15603e-06
-5.29011e-06
-5.47759e-06
-5.57942e-06
-5.5613e-06
-5.6289e-06
-5.77493e-06
-6.02634e-06
-6.56204e-06
-7.32367e-06
-8.13739e-06
-8.87151e-06
-9.41785e-06
-9.72116e-06
-9.81901e-06
-9.88274e-06
-1.01554e-05
-1.05391e-05
-1.07763e-05
-1.08469e-05
-1.09017e-05
-1.09581e-05
-1.07657e-05
-1.01802e-05
-9.44974e-06
-8.91641e-06
-8.5351e-06
-8.04846e-06
-7.51189e-06
-7.19783e-06
-7.10814e-06
-7.24509e-06
-7.57707e-06
-7.82139e-06
-7.66786e-06
-6.98271e-06
-6.0377e-06
-1.01163e-05
-9.65391e-06
-9.6133e-06
-9.61295e-06
-9.61413e-06
-9.67273e-06
-9.6545e-06
-9.55565e-06
-9.58353e-06
-9.69537e-06
-9.83978e-06
-1.0274e-05
-1.09882e-05
-1.18357e-05
-1.26331e-05
-1.32338e-05
-1.3525e-05
-1.35637e-05
-1.35799e-05
-1.38487e-05
-1.42799e-05
-1.45024e-05
-1.44933e-05
-1.45135e-05
-1.45595e-05
-1.42793e-05
-1.35294e-05
-1.26817e-05
-1.21612e-05
-1.19676e-05
-1.17816e-05
-1.1546e-05
-1.14726e-05
-1.15814e-05
-1.18937e-05
-1.23769e-05
-1.274e-05
-1.2708e-05
-1.20665e-05
-1.10361e-05
-1.48027e-05
-1.41671e-05
-1.39744e-05
-1.38791e-05
-1.37662e-05
-1.37863e-05
-1.3835e-05
-1.3913e-05
-1.41008e-05
-1.42829e-05
-1.43832e-05
-1.46695e-05
-1.52661e-05
-1.60307e-05
-1.67759e-05
-1.73369e-05
-1.76241e-05
-1.76454e-05
-1.75991e-05
-1.76912e-05
-1.77437e-05
-1.76495e-05
-1.75483e-05
-1.75285e-05
-1.75496e-05
-1.734e-05
-1.66315e-05
-1.58067e-05
-1.53352e-05
-1.52983e-05
-1.53771e-05
-1.53521e-05
-1.54792e-05
-1.57498e-05
-1.61158e-05
-1.66434e-05
-1.71227e-05
-1.72819e-05
-1.68316e-05
-1.58648e-05
-1.88393e-05
-1.83432e-05
-1.82276e-05
-1.80793e-05
-1.78719e-05
-1.7918e-05
-1.8119e-05
-1.83384e-05
-1.86208e-05
-1.88349e-05
-1.88582e-05
-1.90022e-05
-1.94757e-05
-2.01731e-05
-2.08316e-05
-2.13392e-05
-2.1511e-05
-2.13376e-05
-2.10079e-05
-2.07441e-05
-2.05261e-05
-2.02612e-05
-1.99588e-05
-1.97674e-05
-1.97426e-05
-1.9695e-05
-1.92596e-05
-1.85834e-05
-1.81032e-05
-1.79633e-05
-1.7971e-05
-1.79794e-05
-1.82332e-05
-1.87135e-05
-1.92239e-05
-1.98275e-05
-2.04494e-05
-2.08007e-05
-2.05606e-05
-1.9757e-05
-2.25392e-05
-2.24226e-05
-2.25631e-05
-2.2478e-05
-2.21999e-05
-2.20877e-05
-2.21201e-05
-2.22144e-05
-2.23459e-05
-2.24498e-05
-2.23815e-05
-2.24648e-05
-2.29405e-05
-2.36261e-05
-2.42996e-05
-2.47064e-05
-2.45917e-05
-2.4105e-05
-2.3532e-05
-2.31197e-05
-2.28489e-05
-2.24872e-05
-2.203e-05
-2.171e-05
-2.16506e-05
-2.16322e-05
-2.13949e-05
-2.08481e-05
-2.02196e-05
-1.97664e-05
-1.95498e-05
-1.95705e-05
-1.99837e-05
-2.06679e-05
-2.14512e-05
-2.23209e-05
-2.31116e-05
-2.36157e-05
-2.35714e-05
-2.30553e-05
-2.60061e-05
-2.60425e-05
-2.62846e-05
-2.62871e-05
-2.59832e-05
-2.56838e-05
-2.54832e-05
-2.53773e-05
-2.53133e-05
-2.52781e-05
-2.51479e-05
-2.5153e-05
-2.55353e-05
-2.61738e-05
-2.678e-05
-2.71509e-05
-2.70783e-05
-2.66417e-05
-2.6118e-05
-2.57363e-05
-2.53246e-05
-2.46386e-05
-2.38762e-05
-2.33088e-05
-2.31722e-05
-2.32124e-05
-2.30574e-05
-2.25752e-05
-2.18904e-05
-2.13034e-05
-2.09039e-05
-2.08084e-05
-2.12863e-05
-2.23444e-05
-2.3518e-05
-2.46509e-05
-2.57077e-05
-2.63917e-05
-2.65465e-05
-2.63106e-05
-2.81611e-05
-2.81406e-05
-2.8267e-05
-2.82098e-05
-2.79095e-05
-2.75135e-05
-2.7165e-05
-2.68036e-05
-2.65127e-05
-2.63619e-05
-2.6318e-05
-2.6521e-05
-2.70976e-05
-2.77035e-05
-2.82404e-05
-2.86676e-05
-2.88683e-05
-2.87595e-05
-2.84629e-05
-2.80707e-05
-2.75579e-05
-2.68398e-05
-2.61638e-05
-2.58839e-05
-2.604e-05
-2.62294e-05
-2.61428e-05
-2.56775e-05
-2.49179e-05
-2.41168e-05
-2.34874e-05
-2.31912e-05
-2.34514e-05
-2.42804e-05
-2.52287e-05
-2.62372e-05
-2.72796e-05
-2.80865e-05
-2.83819e-05
-2.83107e-05
-2.92739e-05
-2.94e-05
-2.95785e-05
-2.95042e-05
-2.90807e-05
-2.85239e-05
-2.80088e-05
-2.75551e-05
-2.7118e-05
-2.68196e-05
-2.65605e-05
-2.65655e-05
-2.70278e-05
-2.76409e-05
-2.81046e-05
-2.85059e-05
-2.88092e-05
-2.89603e-05
-2.89113e-05
-2.87986e-05
-2.87202e-05
-2.8549e-05
-2.84344e-05
-2.85842e-05
-2.89435e-05
-2.92946e-05
-2.93926e-05
-2.91508e-05
-2.85509e-05
-2.77976e-05
-2.70608e-05
-2.65391e-05
-2.64196e-05
-2.66815e-05
-2.71013e-05
-2.76224e-05
-2.82641e-05
-2.88397e-05
-2.91172e-05
-2.92125e-05
-2.91253e-05
-2.94761e-05
-2.97762e-05
-2.97679e-05
-2.94044e-05
-2.88829e-05
-2.84133e-05
-2.8136e-05
-2.78865e-05
-2.76175e-05
-2.72477e-05
-2.69402e-05
-2.6965e-05
-2.72317e-05
-2.75692e-05
-2.79173e-05
-2.8238e-05
-2.84105e-05
-2.84103e-05
-2.84374e-05
-2.85895e-05
-2.87395e-05
-2.88232e-05
-2.90201e-05
-2.93537e-05
-2.97619e-05
-2.99739e-05
-2.98945e-05
-2.95009e-05
-2.88289e-05
-2.80954e-05
-2.74945e-05
-2.7271e-05
-2.7392e-05
-2.76283e-05
-2.78619e-05
-2.81222e-05
-2.83897e-05
-2.85945e-05
-2.87963e-05
-2.76911e-05
-2.79402e-05
-2.81669e-05
-2.82331e-05
-2.79666e-05
-2.75328e-05
-2.72416e-05
-2.7129e-05
-2.71304e-05
-2.71135e-05
-2.69369e-05
-2.66255e-05
-2.65035e-05
-2.66948e-05
-2.70307e-05
-2.74e-05
-2.76964e-05
-2.77364e-05
-2.7624e-05
-2.75022e-05
-2.75056e-05
-2.75923e-05
-2.7645e-05
-2.77901e-05
-2.80954e-05
-2.84037e-05
-2.86721e-05
-2.88378e-05
-2.86958e-05
-2.8212e-05
-2.75225e-05
-2.69089e-05
-2.66512e-05
-2.6799e-05
-2.70243e-05
-2.71512e-05
-2.72479e-05
-2.73464e-05
-2.74053e-05
-2.75065e-05
-2.58297e-05
-2.60118e-05
-2.62369e-05
-2.63658e-05
-2.63019e-05
-2.61538e-05
-2.60315e-05
-2.60433e-05
-2.61384e-05
-2.61936e-05
-2.61198e-05
-2.59395e-05
-2.58352e-05
-2.59193e-05
-2.60592e-05
-2.62167e-05
-2.6321e-05
-2.62895e-05
-2.60967e-05
-2.5891e-05
-2.57284e-05
-2.55848e-05
-2.55038e-05
-2.5532e-05
-2.567e-05
-2.58403e-05
-2.60196e-05
-2.61755e-05
-2.61355e-05
-2.57967e-05
-2.52326e-05
-2.46399e-05
-2.43484e-05
-2.44457e-05
-2.46969e-05
-2.4948e-05
-2.51956e-05
-2.54433e-05
-2.56207e-05
-2.57332e-05
-2.30558e-05
-2.33711e-05
-2.3754e-05
-2.40947e-05
-2.43421e-05
-2.45304e-05
-2.47128e-05
-2.49399e-05
-2.51895e-05
-2.53818e-05
-2.54765e-05
-2.5452e-05
-2.53738e-05
-2.53074e-05
-2.51281e-05
-2.47985e-05
-2.44092e-05
-2.40423e-05
-2.37091e-05
-2.34114e-05
-2.31262e-05
-2.2811e-05
-2.25799e-05
-2.25871e-05
-2.27971e-05
-2.30619e-05
-2.32532e-05
-2.3277e-05
-2.31338e-05
-2.28219e-05
-2.23495e-05
-2.18972e-05
-2.16593e-05
-2.16687e-05
-2.18561e-05
-2.20649e-05
-2.22889e-05
-2.25233e-05
-2.27141e-05
-2.28622e-05
-2.16234e-05
-2.18051e-05
-2.20863e-05
-2.2372e-05
-2.26152e-05
-2.2852e-05
-2.30976e-05
-2.34349e-05
-2.38096e-05
-2.41547e-05
-2.44344e-05
-2.45983e-05
-2.46521e-05
-2.4608e-05
-2.44006e-05
-2.403e-05
-2.35706e-05
-2.30911e-05
-2.26476e-05
-2.22231e-05
-2.17797e-05
-2.13277e-05
-2.09641e-05
-2.08308e-05
-2.0998e-05
-2.13346e-05
-2.1656e-05
-2.18585e-05
-2.19379e-05
-2.19067e-05
-2.17331e-05
-2.15348e-05
-2.14304e-05
-2.14436e-05
-2.15292e-05
-2.15724e-05
-2.1584e-05
-2.16129e-05
-2.1613e-05
-2.15866e-05
-2.17642e-05
-2.18592e-05
-2.19787e-05
-2.21153e-05
-2.22387e-05
-2.23325e-05
-2.24619e-05
-2.27014e-05
-2.30342e-05
-2.3352e-05
-2.35842e-05
-2.37354e-05
-2.38499e-05
-2.39315e-05
-2.3879e-05
-2.36402e-05
-2.33079e-05
-2.29787e-05
-2.26527e-05
-2.22837e-05
-2.18704e-05
-2.14562e-05
-2.11012e-05
-2.08899e-05
-2.08121e-05
-2.08528e-05
-2.09478e-05
-2.10403e-05
-2.10677e-05
-2.10187e-05
-2.09303e-05
-2.08514e-05
-2.08294e-05
-2.08966e-05
-2.10258e-05
-2.11723e-05
-2.13315e-05
-2.14743e-05
-2.16083e-05
-2.1698e-05
-2.15943e-05
-2.16912e-05
-2.17449e-05
-2.17441e-05
-2.166e-05
-2.15499e-05
-2.14932e-05
-2.15475e-05
-2.17241e-05
-2.19541e-05
-2.21558e-05
-2.22919e-05
-2.24281e-05
-2.25962e-05
-2.26867e-05
-2.26622e-05
-2.25678e-05
-2.24659e-05
-2.23533e-05
-2.21997e-05
-2.20038e-05
-2.17889e-05
-2.15846e-05
-2.13747e-05
-2.11791e-05
-2.10291e-05
-2.09509e-05
-2.0899e-05
-2.08166e-05
-2.06809e-05
-2.05379e-05
-2.04219e-05
-2.0382e-05
-2.04308e-05
-2.05029e-05
-2.06154e-05
-2.07872e-05
-2.102e-05
-2.12646e-05
-2.1449e-05
-2.00102e-05
-1.99874e-05
-1.99129e-05
-1.97964e-05
-1.96664e-05
-1.95307e-05
-1.94182e-05
-1.93322e-05
-1.932e-05
-1.93902e-05
-1.95116e-05
-1.96247e-05
-1.97296e-05
-1.9845e-05
-1.99331e-05
-1.99528e-05
-1.992e-05
-1.98925e-05
-1.99342e-05
-2.00361e-05
-2.01641e-05
-2.02893e-05
-2.04106e-05
-2.05125e-05
-2.05493e-05
-2.05598e-05
-2.05695e-05
-2.05465e-05
-2.0463e-05
-2.0348e-05
-2.02205e-05
-2.00667e-05
-1.99459e-05
-1.98926e-05
-1.9873e-05
-1.98487e-05
-1.98624e-05
-1.99057e-05
-1.99618e-05
-2.00015e-05
-1.83738e-05
-1.83465e-05
-1.82834e-05
-1.8165e-05
-1.79996e-05
-1.78034e-05
-1.75946e-05
-1.74087e-05
-1.72683e-05
-1.72078e-05
-1.72086e-05
-1.7214e-05
-1.71998e-05
-1.71662e-05
-1.71426e-05
-1.71145e-05
-1.70736e-05
-1.70425e-05
-1.70575e-05
-1.71333e-05
-1.72717e-05
-1.74302e-05
-1.76075e-05
-1.7783e-05
-1.79794e-05
-1.8173e-05
-1.83597e-05
-1.8505e-05
-1.85918e-05
-1.86068e-05
-1.85721e-05
-1.85227e-05
-1.84468e-05
-1.83712e-05
-1.83211e-05
-1.83035e-05
-1.83067e-05
-1.83266e-05
-1.83583e-05
-1.83753e-05
-1.69166e-05
-1.68835e-05
-1.68178e-05
-1.6694e-05
-1.65395e-05
-1.63669e-05
-1.61857e-05
-1.60273e-05
-1.59021e-05
-1.58349e-05
-1.57988e-05
-1.57775e-05
-1.57612e-05
-1.57481e-05
-1.57444e-05
-1.57446e-05
-1.57359e-05
-1.57197e-05
-1.56903e-05
-1.56652e-05
-1.5658e-05
-1.56907e-05
-1.57467e-05
-1.58073e-05
-1.58768e-05
-1.59981e-05
-1.61325e-05
-1.62488e-05
-1.63168e-05
-1.63665e-05
-1.64048e-05
-1.64203e-05
-1.64325e-05
-1.64774e-05
-1.65424e-05
-1.66163e-05
-1.66923e-05
-1.67664e-05
-1.68359e-05
-1.69019e-05
-1.64102e-05
-1.64436e-05
-1.64262e-05
-1.63413e-05
-1.62011e-05
-1.60345e-05
-1.58751e-05
-1.57296e-05
-1.55982e-05
-1.55017e-05
-1.54403e-05
-1.53896e-05
-1.53294e-05
-1.5277e-05
-1.52402e-05
-1.51947e-05
-1.51563e-05
-1.51365e-05
-1.51435e-05
-1.51711e-05
-1.51963e-05
-1.52391e-05
-1.52957e-05
-1.53499e-05
-1.54097e-05
-1.54871e-05
-1.55957e-05
-1.57027e-05
-1.5793e-05
-1.58635e-05
-1.59208e-05
-1.59699e-05
-1.60188e-05
-1.60641e-05
-1.61085e-05
-1.61609e-05
-1.62181e-05
-1.62743e-05
-1.63228e-05
-1.63621e-05
-1.59687e-05
-1.59634e-05
-1.59359e-05
-1.5854e-05
-1.5722e-05
-1.55675e-05
-1.5411e-05
-1.52525e-05
-1.51078e-05
-1.4988e-05
-1.4881e-05
-1.47992e-05
-1.47453e-05
-1.47134e-05
-1.46948e-05
-1.46931e-05
-1.47005e-05
-1.47171e-05
-1.47464e-05
-1.48163e-05
-1.48973e-05
-1.49685e-05
-1.50413e-05
-1.50986e-05
-1.51717e-05
-1.52638e-05
-1.53557e-05
-1.54519e-05
-1.55361e-05
-1.56152e-05
-1.56714e-05
-1.57234e-05
-1.57651e-05
-1.57918e-05
-1.58073e-05
-1.58331e-05
-1.58658e-05
-1.59041e-05
-1.5936e-05
-1.59632e-05
-3.46661e-06
-3.00251e-06
-2.63739e-06
-2.0702e-06
-1.3627e-06
-7.44495e-07
-2.59676e-07
7.42116e-08
2.33311e-07
2.38337e-07
4.68347e-09
-4.29908e-07
-9.05876e-07
-1.27157e-06
-1.51906e-06
-1.72097e-06
-1.84133e-06
-1.81761e-06
-1.6785e-06
-1.45778e-06
-1.12474e-06
-8.13514e-07
-6.66555e-07
-7.39222e-07
-1.1313e-06
-1.8049e-06
-2.52863e-06
-3.12768e-06
-3.59812e-06
-3.82637e-06
-3.69271e-06
-3.29413e-06
-2.83551e-06
-2.52157e-06
-2.51656e-06
-2.95779e-06
-3.70775e-06
-4.36957e-06
-4.54701e-06
-4.12685e-06
-3.55581e-06
-3.10054e-06
-2.74137e-06
-2.17182e-06
-1.45655e-06
-8.29292e-07
-3.38532e-07
-2.56246e-10
1.60405e-07
1.64426e-07
-7.97541e-08
-5.27842e-07
-1.00643e-06
-1.36907e-06
-1.61538e-06
-1.81307e-06
-1.92208e-06
-1.88677e-06
-1.74276e-06
-1.51913e-06
-1.18623e-06
-8.74943e-07
-7.29814e-07
-8.05881e-07
-1.204e-06
-1.88667e-06
-2.61783e-06
-3.22483e-06
-3.69813e-06
-3.92645e-06
-3.78393e-06
-3.37296e-06
-2.90554e-06
-2.58594e-06
-2.57274e-06
-3.01049e-06
-3.77063e-06
-4.44476e-06
-4.62956e-06
-4.21299e-06
-4.37245e-06
-3.93359e-06
-3.59571e-06
-3.02192e-06
-2.28407e-06
-1.63774e-06
-1.12976e-06
-7.89872e-07
-6.29707e-07
-6.21665e-07
-8.72107e-07
-1.33623e-06
-1.8241e-06
-2.18202e-06
-2.42653e-06
-2.6349e-06
-2.75794e-06
-2.72721e-06
-2.57668e-06
-2.34351e-06
-1.99683e-06
-1.67082e-06
-1.51496e-06
-1.5994e-06
-2.02122e-06
-2.72856e-06
-3.4628e-06
-4.04587e-06
-4.48809e-06
-4.68462e-06
-4.51841e-06
-4.09531e-06
-3.62528e-06
-3.32978e-06
-3.36201e-06
-3.84427e-06
-4.63857e-06
-5.32024e-06
-5.48277e-06
-5.0373e-06
-6.20498e-06
-5.75427e-06
-5.41855e-06
-4.8697e-06
-4.17514e-06
-3.56071e-06
-3.06963e-06
-2.73965e-06
-2.5788e-06
-2.54261e-06
-2.77237e-06
-3.26273e-06
-3.75157e-06
-4.08416e-06
-4.31409e-06
-4.529e-06
-4.66241e-06
-4.64371e-06
-4.50992e-06
-4.29281e-06
-3.94043e-06
-3.58533e-06
-3.39193e-06
-3.4562e-06
-3.89842e-06
-4.62573e-06
-5.33917e-06
-5.86752e-06
-6.25978e-06
-6.40728e-06
-6.20106e-06
-5.77992e-06
-5.37946e-06
-5.17109e-06
-5.26703e-06
-5.79923e-06
-6.63102e-06
-7.30327e-06
-7.40653e-06
-6.89936e-06
-8.79621e-06
-8.32871e-06
-8.02996e-06
-7.59359e-06
-7.03045e-06
-6.50397e-06
-6.06632e-06
-5.79687e-06
-5.66849e-06
-5.61206e-06
-5.79639e-06
-6.27628e-06
-6.78232e-06
-7.11426e-06
-7.33233e-06
-7.51182e-06
-7.60944e-06
-7.59148e-06
-7.48268e-06
-7.2737e-06
-6.92326e-06
-6.53149e-06
-6.27177e-06
-6.28383e-06
-6.68167e-06
-7.37411e-06
-8.05176e-06
-8.54831e-06
-8.90968e-06
-9.04029e-06
-8.8312e-06
-8.43278e-06
-8.11458e-06
-7.99749e-06
-8.12407e-06
-8.6587e-06
-9.47162e-06
-1.00737e-05
-1.00938e-05
-9.52862e-06
-1.19384e-05
-1.15232e-05
-1.12882e-05
-1.09059e-05
-1.03972e-05
-9.92508e-06
-9.54433e-06
-9.34144e-06
-9.2792e-06
-9.29167e-06
-9.53283e-06
-1.00863e-05
-1.06784e-05
-1.10581e-05
-1.12529e-05
-1.13532e-05
-1.13572e-05
-1.12341e-05
-1.10614e-05
-1.08324e-05
-1.04783e-05
-1.00779e-05
-9.8011e-06
-9.82988e-06
-1.02407e-05
-1.09003e-05
-1.1525e-05
-1.2012e-05
-1.24002e-05
-1.25786e-05
-1.23757e-05
-1.19675e-05
-1.16514e-05
-1.15354e-05
-1.16127e-05
-1.20663e-05
-1.27706e-05
-1.32537e-05
-1.31947e-05
-1.2623e-05
-1.55906e-05
-1.51494e-05
-1.48504e-05
-1.43824e-05
-1.38136e-05
-1.33098e-05
-1.29581e-05
-1.28924e-05
-1.30307e-05
-1.32207e-05
-1.36145e-05
-1.43123e-05
-1.50303e-05
-1.547e-05
-1.56847e-05
-1.57356e-05
-1.56813e-05
-1.55129e-05
-1.52386e-05
-1.49096e-05
-1.45262e-05
-1.41111e-05
-1.38476e-05
-1.38948e-05
-1.43043e-05
-1.49849e-05
-1.56508e-05
-1.61469e-05
-1.65168e-05
-1.66432e-05
-1.63956e-05
-1.5858e-05
-1.5443e-05
-1.52969e-05
-1.53667e-05
-1.5784e-05
-1.64174e-05
-1.68468e-05
-1.67666e-05
-1.62537e-05
-1.91904e-05
-1.86763e-05
-1.82533e-05
-1.77096e-05
-1.71466e-05
-1.67126e-05
-1.64715e-05
-1.65057e-05
-1.67809e-05
-1.71026e-05
-1.75352e-05
-1.82769e-05
-1.91088e-05
-1.96628e-05
-1.99365e-05
-2.00367e-05
-2.00448e-05
-1.99363e-05
-1.96758e-05
-1.93021e-05
-1.88547e-05
-1.84407e-05
-1.81877e-05
-1.8249e-05
-1.86608e-05
-1.92831e-05
-1.98741e-05
-2.02895e-05
-2.05493e-05
-2.05444e-05
-2.01553e-05
-1.95046e-05
-1.90347e-05
-1.89262e-05
-1.90674e-05
-1.94516e-05
-1.99935e-05
-2.03171e-05
-2.02292e-05
-1.98108e-05
-2.22653e-05
-2.18478e-05
-2.14571e-05
-2.09031e-05
-2.03492e-05
-1.99813e-05
-1.98684e-05
-1.99681e-05
-2.02907e-05
-2.06458e-05
-2.09932e-05
-2.16692e-05
-2.24725e-05
-2.30585e-05
-2.33575e-05
-2.34339e-05
-2.33831e-05
-2.32453e-05
-2.29951e-05
-2.26505e-05
-2.22851e-05
-2.1938e-05
-2.17762e-05
-2.19219e-05
-2.24398e-05
-2.31005e-05
-2.36031e-05
-2.38211e-05
-2.38407e-05
-2.35686e-05
-2.30168e-05
-2.24276e-05
-2.20957e-05
-2.20653e-05
-2.22207e-05
-2.25253e-05
-2.28991e-05
-2.31167e-05
-2.30131e-05
-2.27188e-05
-2.43765e-05
-2.40977e-05
-2.37822e-05
-2.33184e-05
-2.29366e-05
-2.27946e-05
-2.28465e-05
-2.31109e-05
-2.35253e-05
-2.38724e-05
-2.4176e-05
-2.47399e-05
-2.55141e-05
-2.60919e-05
-2.63308e-05
-2.63477e-05
-2.62588e-05
-2.6018e-05
-2.56846e-05
-2.53551e-05
-2.50572e-05
-2.47853e-05
-2.46024e-05
-2.47244e-05
-2.51982e-05
-2.57819e-05
-2.61376e-05
-2.62363e-05
-2.61704e-05
-2.58608e-05
-2.53761e-05
-2.49061e-05
-2.46573e-05
-2.46216e-05
-2.46836e-05
-2.47805e-05
-2.49106e-05
-2.49982e-05
-2.4891e-05
-2.46643e-05
-2.64463e-05
-2.63551e-05
-2.61246e-05
-2.56539e-05
-2.5319e-05
-2.53061e-05
-2.55519e-05
-2.59926e-05
-2.66212e-05
-2.71216e-05
-2.74685e-05
-2.80562e-05
-2.88228e-05
-2.93659e-05
-2.94728e-05
-2.94458e-05
-2.93299e-05
-2.90562e-05
-2.87188e-05
-2.83528e-05
-2.79424e-05
-2.75005e-05
-2.70766e-05
-2.6904e-05
-2.71383e-05
-2.75356e-05
-2.77352e-05
-2.76693e-05
-2.74899e-05
-2.71693e-05
-2.68229e-05
-2.65969e-05
-2.65735e-05
-2.67045e-05
-2.68123e-05
-2.68835e-05
-2.68659e-05
-2.67463e-05
-2.66392e-05
-2.65562e-05
-2.85562e-05
-2.85336e-05
-2.84157e-05
-2.81041e-05
-2.77482e-05
-2.76396e-05
-2.78203e-05
-2.82341e-05
-2.88454e-05
-2.94085e-05
-2.97792e-05
-3.02502e-05
-3.09142e-05
-3.14174e-05
-3.16355e-05
-3.16876e-05
-3.16907e-05
-3.15828e-05
-3.13363e-05
-3.09529e-05
-3.05209e-05
-2.99577e-05
-2.93355e-05
-2.89233e-05
-2.8854e-05
-2.8959e-05
-2.89322e-05
-2.87033e-05
-2.83604e-05
-2.7928e-05
-2.75282e-05
-2.72596e-05
-2.72961e-05
-2.76257e-05
-2.79823e-05
-2.82986e-05
-2.84523e-05
-2.85094e-05
-2.85435e-05
-2.85673e-05
-2.9333e-05
-2.95398e-05
-2.96767e-05
-2.96012e-05
-2.93392e-05
-2.91043e-05
-2.90632e-05
-2.91887e-05
-2.94676e-05
-2.98293e-05
-3.01561e-05
-3.058e-05
-3.11272e-05
-3.15952e-05
-3.17645e-05
-3.1756e-05
-3.17923e-05
-3.18051e-05
-3.16587e-05
-3.15207e-05
-3.13406e-05
-3.09271e-05
-3.03022e-05
-2.9713e-05
-2.9467e-05
-2.94005e-05
-2.93254e-05
-2.91529e-05
-2.8869e-05
-2.85048e-05
-2.80963e-05
-2.77276e-05
-2.75744e-05
-2.77313e-05
-2.79572e-05
-2.81928e-05
-2.84789e-05
-2.87199e-05
-2.89346e-05
-2.91366e-05
-2.83404e-05
-2.87286e-05
-2.90299e-05
-2.90715e-05
-2.88521e-05
-2.85185e-05
-2.82923e-05
-2.82792e-05
-2.84848e-05
-2.88394e-05
-2.91941e-05
-2.95199e-05
-2.98737e-05
-3.00887e-05
-3.00451e-05
-2.99771e-05
-3.01245e-05
-3.04238e-05
-3.07061e-05
-3.08999e-05
-3.09682e-05
-3.0739e-05
-3.01671e-05
-2.95223e-05
-2.91303e-05
-2.89e-05
-2.87171e-05
-2.85647e-05
-2.83654e-05
-2.8047e-05
-2.76111e-05
-2.70929e-05
-2.67284e-05
-2.66664e-05
-2.67594e-05
-2.69325e-05
-2.72035e-05
-2.74828e-05
-2.77477e-05
-2.80119e-05
-2.65957e-05
-2.67117e-05
-2.68385e-05
-2.68702e-05
-2.67537e-05
-2.6503e-05
-2.63063e-05
-2.63752e-05
-2.67026e-05
-2.71805e-05
-2.7575e-05
-2.7734e-05
-2.7842e-05
-2.78735e-05
-2.77843e-05
-2.78107e-05
-2.80897e-05
-2.85232e-05
-2.89721e-05
-2.93825e-05
-2.9626e-05
-2.96355e-05
-2.93674e-05
-2.90159e-05
-2.87666e-05
-2.85977e-05
-2.83982e-05
-2.81781e-05
-2.79128e-05
-2.75834e-05
-2.71595e-05
-2.67109e-05
-2.63703e-05
-2.62744e-05
-2.63946e-05
-2.6566e-05
-2.66891e-05
-2.66972e-05
-2.6609e-05
-2.65355e-05
-2.43138e-05
-2.42482e-05
-2.42828e-05
-2.4348e-05
-2.42624e-05
-2.40568e-05
-2.39461e-05
-2.41619e-05
-2.46184e-05
-2.5191e-05
-2.56451e-05
-2.58511e-05
-2.60173e-05
-2.61861e-05
-2.62659e-05
-2.6307e-05
-2.64358e-05
-2.6632e-05
-2.68319e-05
-2.70211e-05
-2.71309e-05
-2.71367e-05
-2.70984e-05
-2.70914e-05
-2.71877e-05
-2.73469e-05
-2.74503e-05
-2.74494e-05
-2.73573e-05
-2.71117e-05
-2.67193e-05
-2.62953e-05
-2.60261e-05
-2.59112e-05
-2.58992e-05
-2.58411e-05
-2.56116e-05
-2.52791e-05
-2.49117e-05
-2.45525e-05
-2.29622e-05
-2.2897e-05
-2.29229e-05
-2.29327e-05
-2.28568e-05
-2.26788e-05
-2.26103e-05
-2.27557e-05
-2.30852e-05
-2.34628e-05
-2.37831e-05
-2.40334e-05
-2.43198e-05
-2.46263e-05
-2.48343e-05
-2.4901e-05
-2.48496e-05
-2.47981e-05
-2.47242e-05
-2.46155e-05
-2.4517e-05
-2.44244e-05
-2.43536e-05
-2.44375e-05
-2.47532e-05
-2.51673e-05
-2.54749e-05
-2.56121e-05
-2.55999e-05
-2.54019e-05
-2.50319e-05
-2.4645e-05
-2.43506e-05
-2.41959e-05
-2.41296e-05
-2.40476e-05
-2.38799e-05
-2.36636e-05
-2.3412e-05
-2.3153e-05
-2.19179e-05
-2.20031e-05
-2.20672e-05
-2.2072e-05
-2.20435e-05
-2.19966e-05
-2.20144e-05
-2.21934e-05
-2.25275e-05
-2.29163e-05
-2.32056e-05
-2.34027e-05
-2.35976e-05
-2.38042e-05
-2.38926e-05
-2.37928e-05
-2.35666e-05
-2.32782e-05
-2.30042e-05
-2.27169e-05
-2.24293e-05
-2.21391e-05
-2.18709e-05
-2.17782e-05
-2.19108e-05
-2.22031e-05
-2.24859e-05
-2.26173e-05
-2.25833e-05
-2.24557e-05
-2.22365e-05
-2.20189e-05
-2.19058e-05
-2.18954e-05
-2.19111e-05
-2.19262e-05
-2.1925e-05
-2.19091e-05
-2.18829e-05
-2.18832e-05
-2.05719e-05
-2.0768e-05
-2.09489e-05
-2.10751e-05
-2.11925e-05
-2.13371e-05
-2.15141e-05
-2.17426e-05
-2.20289e-05
-2.23302e-05
-2.25295e-05
-2.26011e-05
-2.26489e-05
-2.27093e-05
-2.26913e-05
-2.24943e-05
-2.21733e-05
-2.18019e-05
-2.14406e-05
-2.10718e-05
-2.0711e-05
-2.03781e-05
-2.00857e-05
-1.98842e-05
-1.98579e-05
-1.99784e-05
-2.01009e-05
-2.01303e-05
-2.00523e-05
-1.9886e-05
-1.97056e-05
-1.95706e-05
-1.95066e-05
-1.95213e-05
-1.95988e-05
-1.97171e-05
-1.98819e-05
-2.00564e-05
-2.02336e-05
-2.03981e-05
-1.88807e-05
-1.89873e-05
-1.91075e-05
-1.92214e-05
-1.93164e-05
-1.94223e-05
-1.95865e-05
-1.98092e-05
-2.01257e-05
-2.04715e-05
-2.07321e-05
-2.08742e-05
-2.0976e-05
-2.106e-05
-2.10743e-05
-2.09777e-05
-2.07877e-05
-2.05804e-05
-2.03937e-05
-2.02596e-05
-2.01349e-05
-1.99861e-05
-1.98047e-05
-1.9629e-05
-1.95166e-05
-1.94738e-05
-1.94598e-05
-1.94166e-05
-1.9322e-05
-1.91744e-05
-1.90002e-05
-1.88353e-05
-1.87014e-05
-1.8627e-05
-1.86058e-05
-1.85919e-05
-1.85818e-05
-1.85986e-05
-1.8668e-05
-1.87654e-05
-1.79246e-05
-1.79228e-05
-1.78918e-05
-1.7853e-05
-1.78235e-05
-1.78316e-05
-1.78803e-05
-1.79672e-05
-1.80937e-05
-1.82525e-05
-1.83889e-05
-1.8469e-05
-1.85046e-05
-1.85471e-05
-1.85618e-05
-1.85084e-05
-1.83912e-05
-1.82634e-05
-1.81976e-05
-1.81741e-05
-1.81789e-05
-1.81677e-05
-1.81352e-05
-1.81085e-05
-1.8144e-05
-1.82024e-05
-1.82269e-05
-1.81785e-05
-1.80615e-05
-1.79184e-05
-1.77999e-05
-1.77146e-05
-1.76534e-05
-1.76339e-05
-1.7656e-05
-1.76867e-05
-1.7705e-05
-1.77269e-05
-1.77829e-05
-1.78636e-05
-1.71863e-05
-1.7221e-05
-1.72031e-05
-1.71491e-05
-1.70657e-05
-1.69805e-05
-1.69084e-05
-1.68521e-05
-1.68262e-05
-1.68514e-05
-1.69047e-05
-1.69321e-05
-1.69319e-05
-1.69301e-05
-1.69159e-05
-1.68511e-05
-1.67009e-05
-1.65233e-05
-1.63829e-05
-1.63123e-05
-1.62849e-05
-1.62771e-05
-1.62668e-05
-1.62742e-05
-1.63574e-05
-1.64783e-05
-1.6575e-05
-1.66358e-05
-1.6644e-05
-1.66346e-05
-1.66258e-05
-1.66131e-05
-1.66303e-05
-1.6672e-05
-1.67245e-05
-1.67967e-05
-1.68643e-05
-1.69305e-05
-1.701e-05
-1.71055e-05
-1.63652e-05
-1.64026e-05
-1.6411e-05
-1.63637e-05
-1.62613e-05
-1.61464e-05
-1.60459e-05
-1.5966e-05
-1.59435e-05
-1.59854e-05
-1.6049e-05
-1.61018e-05
-1.61375e-05
-1.61655e-05
-1.61719e-05
-1.61538e-05
-1.6109e-05
-1.60325e-05
-1.59591e-05
-1.59029e-05
-1.58696e-05
-1.58673e-05
-1.58701e-05
-1.58699e-05
-1.58855e-05
-1.59307e-05
-1.59917e-05
-1.60261e-05
-1.60239e-05
-1.59896e-05
-1.59456e-05
-1.5903e-05
-1.58931e-05
-1.59162e-05
-1.59679e-05
-1.60469e-05
-1.61347e-05
-1.62114e-05
-1.62717e-05
-1.63186e-05
-1.67633e-05
-1.67975e-05
-1.68159e-05
-1.67849e-05
-1.67004e-05
-1.65907e-05
-1.64655e-05
-1.63462e-05
-1.62416e-05
-1.61797e-05
-1.6149e-05
-1.61271e-05
-1.61079e-05
-1.60839e-05
-1.60637e-05
-1.60439e-05
-1.60348e-05
-1.6042e-05
-1.60485e-05
-1.6073e-05
-1.61203e-05
-1.61798e-05
-1.62338e-05
-1.62801e-05
-1.63088e-05
-1.63388e-05
-1.638e-05
-1.64359e-05
-1.64806e-05
-1.64914e-05
-1.64809e-05
-1.64789e-05
-1.64777e-05
-1.65047e-05
-1.65417e-05
-1.65687e-05
-1.66136e-05
-1.66712e-05
-1.6718e-05
-1.6738e-05
-1.54882e-05
-1.54765e-05
-1.5447e-05
-1.53812e-05
-1.52687e-05
-1.51441e-05
-1.50115e-05
-1.48864e-05
-1.47892e-05
-1.47002e-05
-1.46358e-05
-1.4602e-05
-1.45902e-05
-1.46015e-05
-1.4628e-05
-1.46669e-05
-1.47067e-05
-1.473e-05
-1.47758e-05
-1.48414e-05
-1.4909e-05
-1.49662e-05
-1.50081e-05
-1.50306e-05
-1.50495e-05
-1.50803e-05
-1.51188e-05
-1.51595e-05
-1.51976e-05
-1.52435e-05
-1.5287e-05
-1.53191e-05
-1.53455e-05
-1.53618e-05
-1.5371e-05
-1.53868e-05
-1.54169e-05
-1.54519e-05
-1.54733e-05
-1.5488e-05
3.17724e-07
9.13365e-07
1.4404e-06
1.90947e-06
2.23341e-06
2.26079e-06
2.03114e-06
1.71776e-06
1.51816e-06
1.44489e-06
1.38293e-06
1.37971e-06
1.56423e-06
1.98187e-06
2.54923e-06
3.06599e-06
3.47486e-06
3.78125e-06
3.9372e-06
3.91321e-06
3.83656e-06
3.89729e-06
3.99861e-06
3.879e-06
3.42559e-06
2.69389e-06
1.86521e-06
1.04454e-06
2.9947e-07
-3.13008e-07
-7.66868e-07
-9.86843e-07
-1.03894e-06
-8.95354e-07
-5.97096e-07
-2.41972e-07
-1.16925e-07
-2.97032e-07
-4.31763e-07
-2.22514e-07
8.61648e-08
6.66554e-07
1.18466e-06
1.65194e-06
1.97899e-06
2.00975e-06
1.78634e-06
1.49203e-06
1.31855e-06
1.26754e-06
1.21923e-06
1.22473e-06
1.40798e-06
1.82661e-06
2.39809e-06
2.91721e-06
3.3272e-06
3.63138e-06
3.78651e-06
3.75885e-06
3.67302e-06
3.72546e-06
3.82642e-06
3.70591e-06
3.24842e-06
2.51302e-06
1.68048e-06
8.59784e-07
1.14968e-07
-4.90371e-07
-9.38539e-07
-1.15505e-06
-1.20815e-06
-1.07185e-06
-7.75088e-07
-4.16916e-07
-2.91308e-07
-4.78557e-07
-6.30234e-07
-4.35915e-07
-9.38195e-07
-4.03146e-07
7.4168e-08
5.21948e-07
8.41745e-07
8.78692e-07
6.88003e-07
4.40049e-07
3.19533e-07
3.29567e-07
3.38672e-07
3.87872e-07
6.07526e-07
1.03271e-06
1.59696e-06
2.10556e-06
2.50644e-06
2.80592e-06
2.94935e-06
2.9139e-06
2.8275e-06
2.88102e-06
2.98155e-06
2.85213e-06
2.37428e-06
1.62453e-06
7.93492e-07
-1.85628e-08
-7.58759e-07
-1.37403e-06
-1.81767e-06
-2.02519e-06
-2.06433e-06
-1.93018e-06
-1.65814e-06
-1.32166e-06
-1.22496e-06
-1.44371e-06
-1.61887e-06
-1.44015e-06
-3.24012e-06
-2.78001e-06
-2.32711e-06
-1.85983e-06
-1.53225e-06
-1.50123e-06
-1.71158e-06
-1.94808e-06
-2.04512e-06
-1.98693e-06
-1.86603e-06
-1.6877e-06
-1.40976e-06
-9.97325e-07
-4.9331e-07
-1.68674e-08
4.04001e-07
7.38426e-07
9.34784e-07
9.62053e-07
9.19315e-07
9.78435e-07
1.06042e-06
9.09939e-07
4.03225e-07
-3.88612e-07
-1.25159e-06
-2.06042e-06
-2.7763e-06
-3.38351e-06
-3.78862e-06
-3.93072e-06
-3.94493e-06
-3.85143e-06
-3.67744e-06
-3.46247e-06
-3.44249e-06
-3.69479e-06
-3.87557e-06
-3.69678e-06
-6.7886e-06
-6.4269e-06
-6.01109e-06
-5.5073e-06
-5.16529e-06
-5.18977e-06
-5.48813e-06
-5.8567e-06
-6.03653e-06
-5.96833e-06
-5.75671e-06
-5.47804e-06
-5.14131e-06
-4.68801e-06
-4.17046e-06
-3.65444e-06
-3.14601e-06
-2.68704e-06
-2.3389e-06
-2.13875e-06
-2.03644e-06
-1.91269e-06
-1.87339e-06
-2.08203e-06
-2.64512e-06
-3.52351e-06
-4.48421e-06
-5.34453e-06
-6.03881e-06
-6.55231e-06
-6.8412e-06
-6.86202e-06
-6.81953e-06
-6.83644e-06
-6.86369e-06
-6.82027e-06
-6.92049e-06
-7.19846e-06
-7.33527e-06
-7.15219e-06
-1.1321e-05
-1.12155e-05
-1.09547e-05
-1.04891e-05
-1.01373e-05
-1.01573e-05
-1.04799e-05
-1.08881e-05
-1.11146e-05
-1.10331e-05
-1.07897e-05
-1.04458e-05
-1.00227e-05
-9.46069e-06
-8.80184e-06
-8.15605e-06
-7.54882e-06
-7.02572e-06
-6.56333e-06
-6.18505e-06
-5.93443e-06
-5.75265e-06
-5.73203e-06
-6.04184e-06
-6.72468e-06
-7.75155e-06
-8.88088e-06
-9.78768e-06
-1.03968e-05
-1.07646e-05
-1.0852e-05
-1.07438e-05
-1.06803e-05
-1.07627e-05
-1.08812e-05
-1.08672e-05
-1.09196e-05
-1.11917e-05
-1.14118e-05
-1.14279e-05
-1.65389e-05
-1.66845e-05
-1.65619e-05
-1.61868e-05
-1.5858e-05
-1.57952e-05
-1.59461e-05
-1.61401e-05
-1.61163e-05
-1.58187e-05
-1.54066e-05
-1.4991e-05
-1.45519e-05
-1.39961e-05
-1.34216e-05
-1.29105e-05
-1.24829e-05
-1.20644e-05
-1.1623e-05
-1.1156e-05
-1.07263e-05
-1.04633e-05
-1.04797e-05
-1.08792e-05
-1.16729e-05
-1.27782e-05
-1.39326e-05
-1.48142e-05
-1.53378e-05
-1.55214e-05
-1.54595e-05
-1.52487e-05
-1.51426e-05
-1.52021e-05
-1.52538e-05
-1.5085e-05
-1.50496e-05
-1.54075e-05
-1.58993e-05
-1.62924e-05
-2.14328e-05
-2.16071e-05
-2.15715e-05
-2.1288e-05
-2.101e-05
-2.08845e-05
-2.08127e-05
-2.06218e-05
-2.01512e-05
-1.9477e-05
-1.8872e-05
-1.8558e-05
-1.84347e-05
-1.833e-05
-1.81686e-05
-1.79768e-05
-1.7743e-05
-1.74229e-05
-1.69739e-05
-1.64442e-05
-1.59641e-05
-1.57457e-05
-1.58978e-05
-1.63687e-05
-1.71613e-05
-1.8151e-05
-1.91174e-05
-1.98365e-05
-2.02502e-05
-2.03495e-05
-2.02196e-05
-1.99541e-05
-1.96908e-05
-1.95561e-05
-1.94234e-05
-1.91813e-05
-1.91554e-05
-1.96378e-05
-2.04076e-05
-2.10733e-05
-2.52508e-05
-2.54438e-05
-2.53871e-05
-2.50751e-05
-2.48138e-05
-2.46974e-05
-2.45107e-05
-2.41175e-05
-2.34148e-05
-2.26212e-05
-2.20158e-05
-2.18499e-05
-2.20312e-05
-2.23222e-05
-2.24822e-05
-2.24767e-05
-2.23253e-05
-2.20559e-05
-2.17029e-05
-2.13488e-05
-2.10865e-05
-2.10965e-05
-2.1454e-05
-2.19942e-05
-2.26565e-05
-2.33228e-05
-2.39098e-05
-2.43887e-05
-2.46716e-05
-2.47248e-05
-2.45387e-05
-2.41992e-05
-2.3717e-05
-2.32878e-05
-2.29379e-05
-2.2636e-05
-2.26191e-05
-2.31262e-05
-2.39718e-05
-2.47713e-05
-2.76898e-05
-2.78236e-05
-2.77043e-05
-2.73564e-05
-2.70084e-05
-2.68218e-05
-2.66687e-05
-2.63537e-05
-2.58036e-05
-2.51787e-05
-2.47038e-05
-2.46269e-05
-2.48474e-05
-2.51759e-05
-2.54364e-05
-2.55333e-05
-2.55358e-05
-2.548e-05
-2.5447e-05
-2.54173e-05
-2.54426e-05
-2.56373e-05
-2.60372e-05
-2.64549e-05
-2.68379e-05
-2.71923e-05
-2.74975e-05
-2.77811e-05
-2.79587e-05
-2.79567e-05
-2.77506e-05
-2.73659e-05
-2.6894e-05
-2.64347e-05
-2.60282e-05
-2.5648e-05
-2.54292e-05
-2.56927e-05
-2.63733e-05
-2.71724e-05
-2.83716e-05
-2.84652e-05
-2.83203e-05
-2.79873e-05
-2.76092e-05
-2.73275e-05
-2.71632e-05
-2.6994e-05
-2.6712e-05
-2.64188e-05
-2.625e-05
-2.6305e-05
-2.65553e-05
-2.68376e-05
-2.70292e-05
-2.71268e-05
-2.7247e-05
-2.7469e-05
-2.78216e-05
-2.82681e-05
-2.86672e-05
-2.89599e-05
-2.92012e-05
-2.94258e-05
-2.95133e-05
-2.95499e-05
-2.95885e-05
-2.96341e-05
-2.95914e-05
-2.94136e-05
-2.91495e-05
-2.88638e-05
-2.86562e-05
-2.84499e-05
-2.81872e-05
-2.78541e-05
-2.75139e-05
-2.74545e-05
-2.77087e-05
-2.80986e-05
-2.83426e-05
-2.83741e-05
-2.83603e-05
-2.82418e-05
-2.79915e-05
-2.76712e-05
-2.73816e-05
-2.71229e-05
-2.70061e-05
-2.69436e-05
-2.70022e-05
-2.71742e-05
-2.7431e-05
-2.76173e-05
-2.76797e-05
-2.77303e-05
-2.79119e-05
-2.82617e-05
-2.88757e-05
-2.95648e-05
-3.00671e-05
-3.03696e-05
-3.05026e-05
-3.05368e-05
-3.04451e-05
-3.02925e-05
-3.00863e-05
-2.99e-05
-2.97121e-05
-2.95123e-05
-2.92977e-05
-2.91021e-05
-2.90082e-05
-2.90116e-05
-2.90481e-05
-2.89957e-05
-2.88253e-05
-2.86209e-05
-2.84395e-05
-2.83475e-05
-2.88109e-05
-2.86072e-05
-2.84603e-05
-2.8304e-05
-2.80151e-05
-2.76046e-05
-2.71955e-05
-2.69944e-05
-2.7014e-05
-2.71692e-05
-2.73691e-05
-2.75904e-05
-2.777e-05
-2.78649e-05
-2.77823e-05
-2.76774e-05
-2.77005e-05
-2.79323e-05
-2.83803e-05
-2.88993e-05
-2.93137e-05
-2.95967e-05
-2.97187e-05
-2.97331e-05
-2.96848e-05
-2.9634e-05
-2.95224e-05
-2.94261e-05
-2.93409e-05
-2.9211e-05
-2.90492e-05
-2.88555e-05
-2.86789e-05
-2.86014e-05
-2.87151e-05
-2.89247e-05
-2.91214e-05
-2.92058e-05
-2.91303e-05
-2.89658e-05
-2.84226e-05
-2.80967e-05
-2.76722e-05
-2.72657e-05
-2.68809e-05
-2.64888e-05
-2.61955e-05
-2.61724e-05
-2.6364e-05
-2.66527e-05
-2.69261e-05
-2.71316e-05
-2.72363e-05
-2.71758e-05
-2.69876e-05
-2.68285e-05
-2.68579e-05
-2.70971e-05
-2.74458e-05
-2.78473e-05
-2.8163e-05
-2.82794e-05
-2.82059e-05
-2.80566e-05
-2.79758e-05
-2.79145e-05
-2.78552e-05
-2.78191e-05
-2.78795e-05
-2.79507e-05
-2.79139e-05
-2.78236e-05
-2.76413e-05
-2.75052e-05
-2.75269e-05
-2.77035e-05
-2.80278e-05
-2.83822e-05
-2.8575e-05
-2.8596e-05
-2.61586e-05
-2.58654e-05
-2.5512e-05
-2.52362e-05
-2.50168e-05
-2.48344e-05
-2.47663e-05
-2.50029e-05
-2.55511e-05
-2.6203e-05
-2.66906e-05
-2.70032e-05
-2.71403e-05
-2.71136e-05
-2.69382e-05
-2.67117e-05
-2.65758e-05
-2.65998e-05
-2.67376e-05
-2.6995e-05
-2.72209e-05
-2.72524e-05
-2.71925e-05
-2.70977e-05
-2.70476e-05
-2.70709e-05
-2.70404e-05
-2.69832e-05
-2.6949e-05
-2.69077e-05
-2.68196e-05
-2.66958e-05
-2.65174e-05
-2.63485e-05
-2.62997e-05
-2.63364e-05
-2.63891e-05
-2.64465e-05
-2.64483e-05
-2.63527e-05
-2.43849e-05
-2.40076e-05
-2.36041e-05
-2.32772e-05
-2.30487e-05
-2.29188e-05
-2.29678e-05
-2.33146e-05
-2.39574e-05
-2.4724e-05
-2.53492e-05
-2.57469e-05
-2.59941e-05
-2.61191e-05
-2.6071e-05
-2.58657e-05
-2.56603e-05
-2.55385e-05
-2.55028e-05
-2.55371e-05
-2.55792e-05
-2.55532e-05
-2.55442e-05
-2.55955e-05
-2.57732e-05
-2.60258e-05
-2.62107e-05
-2.63581e-05
-2.6507e-05
-2.66175e-05
-2.66453e-05
-2.65718e-05
-2.64084e-05
-2.62277e-05
-2.60444e-05
-2.58484e-05
-2.5615e-05
-2.53001e-05
-2.4993e-05
-2.47134e-05
-2.4057e-05
-2.37677e-05
-2.33907e-05
-2.29828e-05
-2.26617e-05
-2.24515e-05
-2.24053e-05
-2.2578e-05
-2.29542e-05
-2.34138e-05
-2.37621e-05
-2.39342e-05
-2.40491e-05
-2.41178e-05
-2.40666e-05
-2.39064e-05
-2.37354e-05
-2.36331e-05
-2.3615e-05
-2.36227e-05
-2.37e-05
-2.38459e-05
-2.40203e-05
-2.42372e-05
-2.45958e-05
-2.50565e-05
-2.54456e-05
-2.57402e-05
-2.59214e-05
-2.60192e-05
-2.60133e-05
-2.59689e-05
-2.58755e-05
-2.57337e-05
-2.55193e-05
-2.53123e-05
-2.50643e-05
-2.48038e-05
-2.45254e-05
-2.42856e-05
-2.37915e-05
-2.37149e-05
-2.34883e-05
-2.31719e-05
-2.28374e-05
-2.25219e-05
-2.22756e-05
-2.2177e-05
-2.22567e-05
-2.24403e-05
-2.26206e-05
-2.27043e-05
-2.27566e-05
-2.28082e-05
-2.27963e-05
-2.26858e-05
-2.25338e-05
-2.23957e-05
-2.23239e-05
-2.23364e-05
-2.24202e-05
-2.2545e-05
-2.26734e-05
-2.28592e-05
-2.31401e-05
-2.35349e-05
-2.38914e-05
-2.41257e-05
-2.42636e-05
-2.42877e-05
-2.42264e-05
-2.41932e-05
-2.42095e-05
-2.42153e-05
-2.41622e-05
-2.40508e-05
-2.39121e-05
-2.38074e-05
-2.37672e-05
-2.37768e-05
-2.1923e-05
-2.1995e-05
-2.19708e-05
-2.18454e-05
-2.17009e-05
-2.1631e-05
-2.16374e-05
-2.16677e-05
-2.17486e-05
-2.18657e-05
-2.19426e-05
-2.1928e-05
-2.18516e-05
-2.17887e-05
-2.16915e-05
-2.15202e-05
-2.12877e-05
-2.10383e-05
-2.08325e-05
-2.06958e-05
-2.06046e-05
-2.05791e-05
-2.05828e-05
-2.06171e-05
-2.07295e-05
-2.09216e-05
-2.11352e-05
-2.12822e-05
-2.13397e-05
-2.13286e-05
-2.1296e-05
-2.13081e-05
-2.13972e-05
-2.15063e-05
-2.15847e-05
-2.16072e-05
-2.15803e-05
-2.15769e-05
-2.16477e-05
-2.17907e-05
-1.94114e-05
-1.94476e-05
-1.94497e-05
-1.94278e-05
-1.94424e-05
-1.95405e-05
-1.96929e-05
-1.9866e-05
-2.00496e-05
-2.02981e-05
-2.05535e-05
-2.06951e-05
-2.07576e-05
-2.07761e-05
-2.07102e-05
-2.05654e-05
-2.03463e-05
-2.01007e-05
-1.98893e-05
-1.9702e-05
-1.95786e-05
-1.95042e-05
-1.94522e-05
-1.94229e-05
-1.94105e-05
-1.9447e-05
-1.95156e-05
-1.95488e-05
-1.95348e-05
-1.95029e-05
-1.94657e-05
-1.94481e-05
-1.94875e-05
-1.95365e-05
-1.95789e-05
-1.95548e-05
-1.94607e-05
-1.93914e-05
-1.93776e-05
-1.93826e-05
-1.79132e-05
-1.78889e-05
-1.7844e-05
-1.77659e-05
-1.769e-05
-1.76407e-05
-1.76292e-05
-1.76372e-05
-1.76671e-05
-1.77393e-05
-1.78578e-05
-1.7952e-05
-1.79936e-05
-1.79952e-05
-1.79696e-05
-1.78979e-05
-1.77863e-05
-1.76602e-05
-1.75657e-05
-1.7523e-05
-1.75009e-05
-1.75098e-05
-1.754e-05
-1.75964e-05
-1.76769e-05
-1.7754e-05
-1.77875e-05
-1.77696e-05
-1.77202e-05
-1.76794e-05
-1.76477e-05
-1.7649e-05
-1.77004e-05
-1.77855e-05
-1.78709e-05
-1.79295e-05
-1.79518e-05
-1.79406e-05
-1.79208e-05
-1.79223e-05
-1.71047e-05
-1.70697e-05
-1.70011e-05
-1.68957e-05
-1.67578e-05
-1.66247e-05
-1.65366e-05
-1.64827e-05
-1.6463e-05
-1.64608e-05
-1.64797e-05
-1.64796e-05
-1.64523e-05
-1.63905e-05
-1.62904e-05
-1.61251e-05
-1.59239e-05
-1.57236e-05
-1.55746e-05
-1.54769e-05
-1.54456e-05
-1.546e-05
-1.55066e-05
-1.55775e-05
-1.56848e-05
-1.58156e-05
-1.59698e-05
-1.60842e-05
-1.61828e-05
-1.62621e-05
-1.63428e-05
-1.64552e-05
-1.66004e-05
-1.6749e-05
-1.68778e-05
-1.69791e-05
-1.7062e-05
-1.71079e-05
-1.71122e-05
-1.71075e-05
-1.6267e-05
-1.62762e-05
-1.62494e-05
-1.61642e-05
-1.60328e-05
-1.58792e-05
-1.57424e-05
-1.56664e-05
-1.56403e-05
-1.5663e-05
-1.57043e-05
-1.57435e-05
-1.57619e-05
-1.57653e-05
-1.57612e-05
-1.57247e-05
-1.5647e-05
-1.55494e-05
-1.54665e-05
-1.54033e-05
-1.53656e-05
-1.5355e-05
-1.53691e-05
-1.53903e-05
-1.54285e-05
-1.55143e-05
-1.56065e-05
-1.56761e-05
-1.56893e-05
-1.56887e-05
-1.57077e-05
-1.57405e-05
-1.57841e-05
-1.58488e-05
-1.59272e-05
-1.60088e-05
-1.60952e-05
-1.61672e-05
-1.62047e-05
-1.62411e-05
-1.59499e-05
-1.59564e-05
-1.59395e-05
-1.58869e-05
-1.58114e-05
-1.57103e-05
-1.56205e-05
-1.5541e-05
-1.54838e-05
-1.54362e-05
-1.54176e-05
-1.54279e-05
-1.54477e-05
-1.54571e-05
-1.54694e-05
-1.54749e-05
-1.54532e-05
-1.54265e-05
-1.54104e-05
-1.54126e-05
-1.54123e-05
-1.54129e-05
-1.54105e-05
-1.54119e-05
-1.54127e-05
-1.54398e-05
-1.54822e-05
-1.55507e-05
-1.56097e-05
-1.5656e-05
-1.5678e-05
-1.56905e-05
-1.57153e-05
-1.57475e-05
-1.5805e-05
-1.58504e-05
-1.58817e-05
-1.59028e-05
-1.59249e-05
-1.59447e-05
-1.44128e-05
-1.43794e-05
-1.43302e-05
-1.426e-05
-1.41684e-05
-1.40641e-05
-1.39728e-05
-1.39135e-05
-1.38633e-05
-1.38431e-05
-1.38439e-05
-1.38626e-05
-1.38967e-05
-1.39452e-05
-1.40023e-05
-1.4069e-05
-1.41259e-05
-1.41749e-05
-1.42167e-05
-1.42699e-05
-1.43239e-05
-1.43561e-05
-1.43852e-05
-1.44096e-05
-1.44149e-05
-1.4414e-05
-1.44269e-05
-1.44437e-05
-1.44697e-05
-1.44901e-05
-1.45051e-05
-1.45088e-05
-1.44916e-05
-1.44782e-05
-1.44645e-05
-1.44634e-05
-1.44599e-05
-1.44526e-05
-1.44464e-05
-1.44313e-05
5.82489e-06
6.45236e-06
7.22848e-06
7.88749e-06
8.3852e-06
8.82927e-06
9.17253e-06
9.25396e-06
9.07987e-06
8.77132e-06
8.36508e-06
7.83944e-06
7.3728e-06
7.13376e-06
7.12212e-06
7.33969e-06
7.72017e-06
8.16661e-06
8.59734e-06
9.01219e-06
9.4575e-06
9.89502e-06
1.02672e-05
1.04854e-05
1.04662e-05
1.02622e-05
9.91425e-06
9.30732e-06
8.47366e-06
7.67328e-06
7.19326e-06
7.04229e-06
7.02341e-06
6.94964e-06
6.77165e-06
6.41752e-06
6.00332e-06
5.7117e-06
5.56088e-06
5.55174e-06
5.5448e-06
6.17817e-06
6.96711e-06
7.63526e-06
8.13885e-06
8.59492e-06
8.9469e-06
9.02617e-06
8.84555e-06
8.53364e-06
8.13135e-06
7.61245e-06
7.14515e-06
6.90253e-06
6.87945e-06
7.08197e-06
7.44785e-06
7.88485e-06
8.30696e-06
8.71614e-06
9.16231e-06
9.60565e-06
9.98571e-06
1.02095e-05
1.01922e-05
9.97841e-06
9.61233e-06
8.9882e-06
8.14561e-06
7.34639e-06
6.87852e-06
6.73914e-06
6.72009e-06
6.6406e-06
6.45993e-06
6.1164e-06
5.71208e-06
5.42807e-06
5.27639e-06
5.26764e-06
4.60165e-06
5.23386e-06
6.01986e-06
6.68905e-06
7.21496e-06
7.70141e-06
8.09339e-06
8.19988e-06
8.0198e-06
7.70289e-06
7.30389e-06
6.79625e-06
6.33737e-06
6.09278e-06
6.06843e-06
6.27614e-06
6.6503e-06
7.08335e-06
7.49502e-06
7.89325e-06
8.32831e-06
8.75994e-06
9.13196e-06
9.36628e-06
9.37067e-06
9.16706e-06
8.79081e-06
8.12753e-06
7.24202e-06
6.41539e-06
5.93311e-06
5.78208e-06
5.74892e-06
5.65816e-06
5.46121e-06
5.106e-06
4.73316e-06
4.48595e-06
4.35e-06
4.33496e-06
2.47692e-06
3.08494e-06
3.88703e-06
4.59655e-06
5.1637e-06
5.68513e-06
6.10679e-06
6.22779e-06
6.02437e-06
5.68569e-06
5.28581e-06
4.79256e-06
4.36258e-06
4.16268e-06
4.20568e-06
4.47964e-06
4.91816e-06
5.40081e-06
5.81557e-06
6.18277e-06
6.58032e-06
6.962e-06
7.28192e-06
7.48818e-06
7.50383e-06
7.33178e-06
6.97606e-06
6.32838e-06
5.41328e-06
4.5292e-06
3.98607e-06
3.78027e-06
3.66701e-06
3.50343e-06
3.26535e-06
2.93003e-06
2.61641e-06
2.42514e-06
2.2862e-06
2.24452e-06
-9.37644e-07
-4.34259e-07
3.2659e-07
1.06115e-06
1.69311e-06
2.25144e-06
2.65839e-06
2.73487e-06
2.51288e-06
2.18899e-06
1.84359e-06
1.41934e-06
1.04875e-06
9.35102e-07
1.11006e-06
1.5119e-06
2.07237e-06
2.64539e-06
3.07933e-06
3.42301e-06
3.7665e-06
4.06667e-06
4.32362e-06
4.5276e-06
4.55856e-06
4.42176e-06
4.1073e-06
3.47202e-06
2.53884e-06
1.56297e-06
8.6512e-07
5.0194e-07
2.75154e-07
5.82343e-08
-1.69307e-07
-4.21836e-07
-6.28111e-07
-7.68342e-07
-9.40411e-07
-1.06112e-06
-5.21481e-06
-4.90435e-06
-4.3377e-06
-3.70937e-06
-3.08745e-06
-2.47478e-06
-2.03471e-06
-1.96323e-06
-2.17156e-06
-2.39604e-06
-2.61368e-06
-2.9319e-06
-3.24069e-06
-3.23196e-06
-2.88119e-06
-2.32155e-06
-1.67308e-06
-1.04246e-06
-5.68949e-07
-2.44641e-07
4.3423e-08
3.10017e-07
5.39289e-07
7.31127e-07
7.65627e-07
6.25213e-07
2.98385e-07
-3.97222e-07
-1.45568e-06
-2.60092e-06
-3.44174e-06
-3.87991e-06
-4.11681e-06
-4.29473e-06
-4.45331e-06
-4.59987e-06
-4.65644e-06
-4.74252e-06
-4.94993e-06
-5.17994e-06
-9.78121e-06
-9.67659e-06
-9.33239e-06
-8.86966e-06
-8.32571e-06
-7.71945e-06
-7.24712e-06
-7.15269e-06
-7.29405e-06
-7.38182e-06
-7.465e-06
-7.71392e-06
-7.9404e-06
-7.85653e-06
-7.41796e-06
-6.75285e-06
-5.99876e-06
-5.29685e-06
-4.78093e-06
-4.4758e-06
-4.23413e-06
-3.99144e-06
-3.76069e-06
-3.57018e-06
-3.55649e-06
-3.76376e-06
-4.1768e-06
-4.94561e-06
-6.09482e-06
-7.28601e-06
-8.12896e-06
-8.52888e-06
-8.75382e-06
-8.92631e-06
-9.07294e-06
-9.13225e-06
-9.03083e-06
-9.00237e-06
-9.23724e-06
-9.57937e-06
-1.44032e-05
-1.44713e-05
-1.42024e-05
-1.37256e-05
-1.32032e-05
-1.26945e-05
-1.22753e-05
-1.21352e-05
-1.2177e-05
-1.22351e-05
-1.23072e-05
-1.24681e-05
-1.26313e-05
-1.25234e-05
-1.20709e-05
-1.13843e-05
-1.05915e-05
-9.80949e-06
-9.22074e-06
-8.95475e-06
-8.79277e-06
-8.58215e-06
-8.31104e-06
-8.0853e-06
-8.07408e-06
-8.25375e-06
-8.58536e-06
-9.17466e-06
-1.01715e-05
-1.13083e-05
-1.21353e-05
-1.26095e-05
-1.29523e-05
-1.3244e-05
-1.34493e-05
-1.35249e-05
-1.33855e-05
-1.32778e-05
-1.35083e-05
-1.39913e-05
-1.84489e-05
-1.85448e-05
-1.82277e-05
-1.77313e-05
-1.73368e-05
-1.70499e-05
-1.68311e-05
-1.67698e-05
-1.68398e-05
-1.69262e-05
-1.69787e-05
-1.70791e-05
-1.71841e-05
-1.7054e-05
-1.65818e-05
-1.5853e-05
-1.50057e-05
-1.41669e-05
-1.35978e-05
-1.33796e-05
-1.32899e-05
-1.31134e-05
-1.28166e-05
-1.24906e-05
-1.22734e-05
-1.22248e-05
-1.2334e-05
-1.27064e-05
-1.34638e-05
-1.44578e-05
-1.53687e-05
-1.60553e-05
-1.65889e-05
-1.69571e-05
-1.71978e-05
-1.72871e-05
-1.71806e-05
-1.70776e-05
-1.73191e-05
-1.792e-05
-2.1146e-05
-2.11764e-05
-2.09166e-05
-2.0622e-05
-2.04584e-05
-2.04793e-05
-2.05765e-05
-2.06953e-05
-2.08646e-05
-2.1081e-05
-2.11777e-05
-2.1272e-05
-2.12538e-05
-2.10038e-05
-2.04606e-05
-1.9686e-05
-1.88185e-05
-1.80287e-05
-1.75052e-05
-1.73135e-05
-1.72417e-05
-1.70553e-05
-1.67268e-05
-1.6281e-05
-1.58436e-05
-1.55813e-05
-1.55701e-05
-1.58937e-05
-1.65154e-05
-1.73289e-05
-1.81398e-05
-1.88535e-05
-1.94682e-05
-1.9935e-05
-2.02069e-05
-2.03241e-05
-2.03162e-05
-2.02386e-05
-2.03374e-05
-2.07552e-05
-2.26487e-05
-2.27724e-05
-2.26858e-05
-2.2552e-05
-2.2587e-05
-2.27801e-05
-2.3031e-05
-2.32256e-05
-2.34192e-05
-2.36694e-05
-2.38876e-05
-2.40283e-05
-2.40521e-05
-2.37883e-05
-2.32605e-05
-2.25511e-05
-2.17634e-05
-2.11308e-05
-2.07598e-05
-2.06419e-05
-2.064e-05
-2.05467e-05
-2.02513e-05
-1.97523e-05
-1.9204e-05
-1.88356e-05
-1.86608e-05
-1.88049e-05
-1.92226e-05
-1.97742e-05
-2.03761e-05
-2.10027e-05
-2.15456e-05
-2.19627e-05
-2.22228e-05
-2.23908e-05
-2.24286e-05
-2.23349e-05
-2.22328e-05
-2.23854e-05
-2.45668e-05
-2.46746e-05
-2.46308e-05
-2.44604e-05
-2.43465e-05
-2.43981e-05
-2.45258e-05
-2.46143e-05
-2.47847e-05
-2.49587e-05
-2.50721e-05
-2.52303e-05
-2.54063e-05
-2.53321e-05
-2.49312e-05
-2.43452e-05
-2.37401e-05
-2.32821e-05
-2.30859e-05
-2.31626e-05
-2.34266e-05
-2.36372e-05
-2.36145e-05
-2.32848e-05
-2.2745e-05
-2.21725e-05
-2.17019e-05
-2.14415e-05
-2.14878e-05
-2.17015e-05
-2.20299e-05
-2.24953e-05
-2.29145e-05
-2.33053e-05
-2.37191e-05
-2.4141e-05
-2.44827e-05
-2.4618e-05
-2.45693e-05
-2.44903e-05
-2.63287e-05
-2.6397e-05
-2.64242e-05
-2.62843e-05
-2.60612e-05
-2.59345e-05
-2.58626e-05
-2.58663e-05
-2.59362e-05
-2.59557e-05
-2.5895e-05
-2.58911e-05
-2.59668e-05
-2.59606e-05
-2.57108e-05
-2.52601e-05
-2.47786e-05
-2.43353e-05
-2.40469e-05
-2.40934e-05
-2.43647e-05
-2.46365e-05
-2.47382e-05
-2.45519e-05
-2.41563e-05
-2.37326e-05
-2.33225e-05
-2.30431e-05
-2.30192e-05
-2.31634e-05
-2.34006e-05
-2.37002e-05
-2.40043e-05
-2.43483e-05
-2.47877e-05
-2.53229e-05
-2.5858e-05
-2.62309e-05
-2.63759e-05
-2.63368e-05
-2.73018e-05
-2.73033e-05
-2.72806e-05
-2.71509e-05
-2.69608e-05
-2.68466e-05
-2.68015e-05
-2.68282e-05
-2.69215e-05
-2.70179e-05
-2.6992e-05
-2.68382e-05
-2.66288e-05
-2.63578e-05
-2.60017e-05
-2.56048e-05
-2.5179e-05
-2.47601e-05
-2.44542e-05
-2.43205e-05
-2.42843e-05
-2.42676e-05
-2.41218e-05
-2.38543e-05
-2.356e-05
-2.32908e-05
-2.31189e-05
-2.30282e-05
-2.31221e-05
-2.33725e-05
-2.36665e-05
-2.39434e-05
-2.41997e-05
-2.44531e-05
-2.4786e-05
-2.52763e-05
-2.59058e-05
-2.65671e-05
-2.70277e-05
-2.72293e-05
-2.68274e-05
-2.67548e-05
-2.65896e-05
-2.63885e-05
-2.61742e-05
-2.60636e-05
-2.60474e-05
-2.61475e-05
-2.63833e-05
-2.66635e-05
-2.67754e-05
-2.6604e-05
-2.63073e-05
-2.59684e-05
-2.56349e-05
-2.52764e-05
-2.48882e-05
-2.45248e-05
-2.42143e-05
-2.39992e-05
-2.38343e-05
-2.37052e-05
-2.35146e-05
-2.32819e-05
-2.31282e-05
-2.30928e-05
-2.31e-05
-2.31423e-05
-2.32044e-05
-2.33276e-05
-2.3506e-05
-2.37154e-05
-2.39395e-05
-2.41506e-05
-2.44507e-05
-2.48869e-05
-2.54693e-05
-2.60488e-05
-2.64761e-05
-2.67617e-05
-2.5852e-05
-2.56099e-05
-2.5346e-05
-2.51209e-05
-2.4952e-05
-2.4877e-05
-2.49059e-05
-2.50525e-05
-2.53093e-05
-2.56183e-05
-2.57772e-05
-2.56742e-05
-2.53815e-05
-2.49906e-05
-2.45453e-05
-2.40921e-05
-2.3654e-05
-2.33196e-05
-2.30501e-05
-2.28062e-05
-2.26007e-05
-2.24129e-05
-2.2267e-05
-2.2187e-05
-2.22476e-05
-2.24452e-05
-2.26707e-05
-2.2835e-05
-2.29932e-05
-2.31557e-05
-2.33813e-05
-2.36502e-05
-2.39101e-05
-2.41559e-05
-2.44286e-05
-2.48091e-05
-2.52068e-05
-2.55397e-05
-2.57882e-05
-2.59046e-05
-2.59071e-05
-2.58791e-05
-2.56164e-05
-2.53267e-05
-2.51188e-05
-2.49909e-05
-2.50098e-05
-2.5146e-05
-2.53626e-05
-2.5581e-05
-2.56971e-05
-2.56005e-05
-2.53184e-05
-2.48966e-05
-2.44063e-05
-2.39321e-05
-2.35106e-05
-2.31503e-05
-2.2904e-05
-2.27001e-05
-2.24756e-05
-2.22908e-05
-2.21923e-05
-2.21746e-05
-2.22545e-05
-2.24296e-05
-2.26373e-05
-2.2791e-05
-2.29759e-05
-2.31719e-05
-2.33922e-05
-2.36756e-05
-2.39796e-05
-2.42492e-05
-2.45129e-05
-2.4822e-05
-2.50947e-05
-2.53362e-05
-2.55431e-05
-2.5751e-05
-2.50189e-05
-2.50172e-05
-2.48018e-05
-2.44814e-05
-2.41689e-05
-2.39671e-05
-2.39051e-05
-2.39958e-05
-2.4169e-05
-2.43601e-05
-2.44856e-05
-2.44654e-05
-2.42937e-05
-2.39864e-05
-2.3597e-05
-2.32247e-05
-2.29028e-05
-2.26491e-05
-2.2482e-05
-2.23575e-05
-2.22428e-05
-2.21439e-05
-2.20951e-05
-2.21034e-05
-2.21497e-05
-2.22298e-05
-2.23628e-05
-2.24985e-05
-2.2619e-05
-2.27529e-05
-2.29098e-05
-2.31201e-05
-2.3395e-05
-2.36768e-05
-2.38915e-05
-2.40526e-05
-2.42346e-05
-2.4427e-05
-2.46435e-05
-2.48532e-05
-2.31931e-05
-2.32793e-05
-2.3138e-05
-2.28668e-05
-2.26323e-05
-2.24801e-05
-2.24021e-05
-2.24199e-05
-2.2533e-05
-2.26836e-05
-2.28112e-05
-2.28136e-05
-2.26947e-05
-2.25046e-05
-2.22511e-05
-2.1942e-05
-2.16484e-05
-2.14006e-05
-2.11628e-05
-2.09481e-05
-2.08039e-05
-2.06902e-05
-2.06364e-05
-2.06613e-05
-2.07274e-05
-2.08217e-05
-2.09131e-05
-2.09818e-05
-2.10337e-05
-2.11028e-05
-2.11856e-05
-2.12982e-05
-2.14804e-05
-2.16878e-05
-2.18491e-05
-2.19647e-05
-2.21287e-05
-2.2375e-05
-2.26772e-05
-2.29561e-05
-2.0578e-05
-2.06169e-05
-2.05629e-05
-2.04426e-05
-2.03405e-05
-2.02989e-05
-2.03221e-05
-2.04043e-05
-2.0576e-05
-2.08391e-05
-2.10874e-05
-2.12605e-05
-2.13111e-05
-2.126e-05
-2.11359e-05
-2.09327e-05
-2.06877e-05
-2.04396e-05
-2.01976e-05
-1.99859e-05
-1.98206e-05
-1.97046e-05
-1.96324e-05
-1.95913e-05
-1.95925e-05
-1.96072e-05
-1.96178e-05
-1.95906e-05
-1.95549e-05
-1.95087e-05
-1.94739e-05
-1.95004e-05
-1.95908e-05
-1.97005e-05
-1.98039e-05
-1.99196e-05
-2.00291e-05
-2.01613e-05
-2.03288e-05
-2.04803e-05
-1.84482e-05
-1.83758e-05
-1.82323e-05
-1.80502e-05
-1.78886e-05
-1.77515e-05
-1.76391e-05
-1.7554e-05
-1.7529e-05
-1.7603e-05
-1.77312e-05
-1.78637e-05
-1.79575e-05
-1.79996e-05
-1.79869e-05
-1.78994e-05
-1.77514e-05
-1.75671e-05
-1.74098e-05
-1.73201e-05
-1.72995e-05
-1.73409e-05
-1.74251e-05
-1.75296e-05
-1.76911e-05
-1.78612e-05
-1.79736e-05
-1.80168e-05
-1.80318e-05
-1.80463e-05
-1.80828e-05
-1.81542e-05
-1.82556e-05
-1.83671e-05
-1.84606e-05
-1.85116e-05
-1.85252e-05
-1.85216e-05
-1.85151e-05
-1.84928e-05
-1.67969e-05
-1.67494e-05
-1.66713e-05
-1.65113e-05
-1.6302e-05
-1.60986e-05
-1.59339e-05
-1.58252e-05
-1.57693e-05
-1.57722e-05
-1.58138e-05
-1.58492e-05
-1.58536e-05
-1.58102e-05
-1.57104e-05
-1.55396e-05
-1.53401e-05
-1.51364e-05
-1.49632e-05
-1.48649e-05
-1.48235e-05
-1.48107e-05
-1.48446e-05
-1.49176e-05
-1.50267e-05
-1.52171e-05
-1.54318e-05
-1.56158e-05
-1.57756e-05
-1.59209e-05
-1.60672e-05
-1.62237e-05
-1.63839e-05
-1.6513e-05
-1.66275e-05
-1.67268e-05
-1.67899e-05
-1.68129e-05
-1.6818e-05
-1.68186e-05
-1.51481e-05
-1.51855e-05
-1.51711e-05
-1.51068e-05
-1.4982e-05
-1.48615e-05
-1.4775e-05
-1.4716e-05
-1.46967e-05
-1.4734e-05
-1.48138e-05
-1.48898e-05
-1.49453e-05
-1.49642e-05
-1.49648e-05
-1.49316e-05
-1.48462e-05
-1.47328e-05
-1.46113e-05
-1.45054e-05
-1.442e-05
-1.43613e-05
-1.43376e-05
-1.43405e-05
-1.43723e-05
-1.44343e-05
-1.44971e-05
-1.45537e-05
-1.45957e-05
-1.46082e-05
-1.46162e-05
-1.46554e-05
-1.4711e-05
-1.47667e-05
-1.48311e-05
-1.48934e-05
-1.49371e-05
-1.49854e-05
-1.50469e-05
-1.51032e-05
-1.50652e-05
-1.50806e-05
-1.50833e-05
-1.50422e-05
-1.49459e-05
-1.48333e-05
-1.47369e-05
-1.46574e-05
-1.46058e-05
-1.45784e-05
-1.45644e-05
-1.45749e-05
-1.45797e-05
-1.45833e-05
-1.45721e-05
-1.45383e-05
-1.4487e-05
-1.44259e-05
-1.43824e-05
-1.43636e-05
-1.43504e-05
-1.43501e-05
-1.43668e-05
-1.43935e-05
-1.44333e-05
-1.44959e-05
-1.45931e-05
-1.46818e-05
-1.4762e-05
-1.48174e-05
-1.48477e-05
-1.48637e-05
-1.48741e-05
-1.48922e-05
-1.49113e-05
-1.4935e-05
-1.49563e-05
-1.49821e-05
-1.50056e-05
-1.50304e-05
-1.40686e-05
-1.40358e-05
-1.39963e-05
-1.39292e-05
-1.38347e-05
-1.37414e-05
-1.36655e-05
-1.35977e-05
-1.35388e-05
-1.34894e-05
-1.34668e-05
-1.34718e-05
-1.34945e-05
-1.35211e-05
-1.35601e-05
-1.36147e-05
-1.36648e-05
-1.37111e-05
-1.37637e-05
-1.38247e-05
-1.38857e-05
-1.39335e-05
-1.3975e-05
-1.40076e-05
-1.40379e-05
-1.40663e-05
-1.4099e-05
-1.41423e-05
-1.41821e-05
-1.42117e-05
-1.42285e-05
-1.42305e-05
-1.424e-05
-1.42272e-05
-1.42033e-05
-1.41807e-05
-1.41633e-05
-1.41532e-05
-1.41389e-05
-1.41068e-05
6.95316e-06
6.89808e-06
7.0681e-06
7.42693e-06
7.85795e-06
8.08871e-06
7.955e-06
7.51121e-06
6.92135e-06
6.47843e-06
6.27293e-06
6.20522e-06
6.22606e-06
6.39364e-06
6.67411e-06
7.07109e-06
7.61446e-06
8.27912e-06
9.06616e-06
9.90883e-06
1.05826e-05
1.09108e-05
1.09583e-05
1.08464e-05
1.06044e-05
1.01779e-05
9.6267e-06
9.03908e-06
8.47216e-06
7.89908e-06
7.43686e-06
7.22285e-06
7.21724e-06
7.34752e-06
7.67085e-06
8.08598e-06
8.27549e-06
8.08085e-06
7.63472e-06
7.22609e-06
6.63969e-06
6.58368e-06
6.75163e-06
7.11801e-06
7.55769e-06
7.79608e-06
7.66673e-06
7.22512e-06
6.63272e-06
6.18758e-06
5.98581e-06
5.92561e-06
5.95714e-06
6.13497e-06
6.42309e-06
6.82053e-06
7.36195e-06
8.02362e-06
8.8077e-06
9.64743e-06
1.03145e-05
1.06339e-05
1.06711e-05
1.05536e-05
1.03093e-05
9.88032e-06
9.31968e-06
8.72236e-06
8.14918e-06
7.56906e-06
7.10011e-06
6.87662e-06
6.86046e-06
6.97854e-06
7.30131e-06
7.72161e-06
7.91457e-06
7.72491e-06
7.29306e-06
6.90071e-06
5.67484e-06
5.63244e-06
5.8028e-06
6.17071e-06
6.62482e-06
6.87619e-06
6.76568e-06
6.35467e-06
5.79504e-06
5.37454e-06
5.1724e-06
5.09438e-06
5.11355e-06
5.29671e-06
5.60279e-06
6.0252e-06
6.59481e-06
7.28795e-06
8.09972e-06
8.96103e-06
9.63475e-06
9.93202e-06
9.92196e-06
9.75137e-06
9.47598e-06
9.02297e-06
8.44562e-06
7.83609e-06
7.25458e-06
6.684e-06
6.21356e-06
5.95658e-06
5.89829e-06
5.98068e-06
6.28539e-06
6.72303e-06
6.94276e-06
6.75531e-06
6.32232e-06
5.9311e-06
3.63206e-06
3.58336e-06
3.76075e-06
4.13282e-06
4.59265e-06
4.87248e-06
4.81864e-06
4.48851e-06
4.01634e-06
3.63909e-06
3.43056e-06
3.2853e-06
3.23325e-06
3.3988e-06
3.77453e-06
4.3263e-06
5.00788e-06
5.77411e-06
6.62413e-06
7.48196e-06
8.11343e-06
8.36145e-06
8.29777e-06
8.05038e-06
7.70395e-06
7.2194e-06
6.61553e-06
6.01502e-06
5.47999e-06
4.96693e-06
4.51475e-06
4.20358e-06
4.06253e-06
4.09339e-06
4.34907e-06
4.75005e-06
4.96697e-06
4.78663e-06
4.32963e-06
3.91012e-06
5.51002e-07
4.21878e-07
5.40074e-07
8.89865e-07
1.34918e-06
1.66527e-06
1.7131e-06
1.52626e-06
1.1967e-06
9.16455e-07
6.8822e-07
4.44249e-07
2.76093e-07
3.92745e-07
8.24314e-07
1.51352e-06
2.34655e-06
3.20188e-06
4.0772e-06
4.90768e-06
5.49983e-06
5.72687e-06
5.62812e-06
5.33215e-06
4.94084e-06
4.43128e-06
3.8637e-06
3.34727e-06
2.94197e-06
2.55899e-06
2.14455e-06
1.76323e-06
1.56718e-06
1.54549e-06
1.71501e-06
2.00365e-06
2.12944e-06
1.89205e-06
1.38587e-06
9.05468e-07
-3.3322e-06
-3.51903e-06
-3.43368e-06
-3.07536e-06
-2.62753e-06
-2.33468e-06
-2.24378e-06
-2.31147e-06
-2.51181e-06
-2.69515e-06
-2.91956e-06
-3.24918e-06
-3.5419e-06
-3.55784e-06
-3.19556e-06
-2.49383e-06
-1.6018e-06
-6.74151e-07
3.01073e-07
1.21212e-06
1.8546e-06
2.12979e-06
2.0373e-06
1.71768e-06
1.29705e-06
8.15077e-07
3.6944e-07
3.21202e-08
-2.12063e-07
-4.61173e-07
-8.36543e-07
-1.25708e-06
-1.495e-06
-1.56352e-06
-1.51993e-06
-1.4033e-06
-1.43747e-06
-1.78726e-06
-2.38698e-06
-2.93221e-06
-7.67127e-06
-7.72669e-06
-7.51418e-06
-7.11183e-06
-6.69315e-06
-6.49366e-06
-6.4871e-06
-6.63251e-06
-6.88595e-06
-7.08818e-06
-7.2871e-06
-7.64388e-06
-8.05284e-06
-8.24281e-06
-8.04878e-06
-7.4508e-06
-6.54806e-06
-5.52886e-06
-4.45851e-06
-3.43968e-06
-2.6364e-06
-2.23549e-06
-2.27622e-06
-2.58224e-06
-2.99331e-06
-3.41511e-06
-3.76515e-06
-4.03406e-06
-4.15575e-06
-4.26568e-06
-4.56478e-06
-5.00363e-06
-5.2857e-06
-5.42749e-06
-5.51022e-06
-5.50093e-06
-5.59895e-06
-6.0276e-06
-6.7098e-06
-7.30901e-06
-1.17807e-05
-1.16654e-05
-1.13054e-05
-1.08918e-05
-1.05999e-05
-1.05562e-05
-1.07026e-05
-1.10117e-05
-1.14777e-05
-1.18706e-05
-1.21644e-05
-1.25435e-05
-1.29718e-05
-1.32393e-05
-1.31902e-05
-1.27024e-05
-1.18049e-05
-1.07067e-05
-9.60238e-06
-8.53225e-06
-7.65755e-06
-7.15511e-06
-7.06048e-06
-7.23819e-06
-7.55274e-06
-7.89049e-06
-8.15704e-06
-8.31318e-06
-8.4057e-06
-8.48268e-06
-8.70647e-06
-9.13111e-06
-9.517e-06
-9.78137e-06
-9.93416e-06
-9.92105e-06
-9.91982e-06
-1.02215e-05
-1.08676e-05
-1.14939e-05
-1.55233e-05
-1.54987e-05
-1.5131e-05
-1.47037e-05
-1.44306e-05
-1.44058e-05
-1.46074e-05
-1.50584e-05
-1.57284e-05
-1.63393e-05
-1.68172e-05
-1.72357e-05
-1.76159e-05
-1.78598e-05
-1.78317e-05
-1.74367e-05
-1.66258e-05
-1.55658e-05
-1.44916e-05
-1.35134e-05
-1.26956e-05
-1.21933e-05
-1.19664e-05
-1.19521e-05
-1.21471e-05
-1.24112e-05
-1.26351e-05
-1.27028e-05
-1.26475e-05
-1.25844e-05
-1.27272e-05
-1.31937e-05
-1.37481e-05
-1.41631e-05
-1.43194e-05
-1.4252e-05
-1.41478e-05
-1.42208e-05
-1.46781e-05
-1.52111e-05
-1.90505e-05
-1.92536e-05
-1.90778e-05
-1.87024e-05
-1.83901e-05
-1.82838e-05
-1.83589e-05
-1.87013e-05
-1.92991e-05
-1.99432e-05
-2.05338e-05
-2.10703e-05
-2.14665e-05
-2.16108e-05
-2.15307e-05
-2.11892e-05
-2.05207e-05
-1.95623e-05
-1.85617e-05
-1.76523e-05
-1.69507e-05
-1.65228e-05
-1.62633e-05
-1.62055e-05
-1.64119e-05
-1.67453e-05
-1.70353e-05
-1.70817e-05
-1.68282e-05
-1.64816e-05
-1.64369e-05
-1.68391e-05
-1.74883e-05
-1.80263e-05
-1.82382e-05
-1.81813e-05
-1.80543e-05
-1.80061e-05
-1.82145e-05
-1.864e-05
-2.2018e-05
-2.22258e-05
-2.21318e-05
-2.19184e-05
-2.17572e-05
-2.17828e-05
-2.18837e-05
-2.20599e-05
-2.24011e-05
-2.27902e-05
-2.31607e-05
-2.34597e-05
-2.37377e-05
-2.3896e-05
-2.38618e-05
-2.36104e-05
-2.30733e-05
-2.23079e-05
-2.14986e-05
-2.07568e-05
-2.01409e-05
-1.97069e-05
-1.95832e-05
-1.96425e-05
-1.98382e-05
-2.01701e-05
-2.04651e-05
-2.048e-05
-2.01851e-05
-1.97376e-05
-1.9556e-05
-1.98017e-05
-2.03164e-05
-2.08832e-05
-2.12745e-05
-2.14679e-05
-2.15369e-05
-2.14948e-05
-2.14894e-05
-2.16794e-05
-2.46354e-05
-2.46158e-05
-2.44439e-05
-2.42176e-05
-2.41515e-05
-2.42417e-05
-2.4386e-05
-2.45131e-05
-2.47161e-05
-2.492e-05
-2.49904e-05
-2.48642e-05
-2.47784e-05
-2.47463e-05
-2.46852e-05
-2.446e-05
-2.40395e-05
-2.35767e-05
-2.31062e-05
-2.27002e-05
-2.23366e-05
-2.20148e-05
-2.18822e-05
-2.19066e-05
-2.19717e-05
-2.20422e-05
-2.20336e-05
-2.19034e-05
-2.16275e-05
-2.13164e-05
-2.11924e-05
-2.14402e-05
-2.19109e-05
-2.24306e-05
-2.29936e-05
-2.34839e-05
-2.38914e-05
-2.42298e-05
-2.44001e-05
-2.45136e-05
-2.63376e-05
-2.626e-05
-2.60715e-05
-2.58579e-05
-2.5767e-05
-2.58899e-05
-2.60152e-05
-2.61699e-05
-2.63519e-05
-2.649e-05
-2.64224e-05
-2.61684e-05
-2.57888e-05
-2.54035e-05
-2.49846e-05
-2.45357e-05
-2.40949e-05
-2.36433e-05
-2.32859e-05
-2.30505e-05
-2.29002e-05
-2.27981e-05
-2.27209e-05
-2.2718e-05
-2.27378e-05
-2.28058e-05
-2.27348e-05
-2.25485e-05
-2.24265e-05
-2.24105e-05
-2.25628e-05
-2.29249e-05
-2.34152e-05
-2.39373e-05
-2.44776e-05
-2.4892e-05
-2.52401e-05
-2.56884e-05
-2.60935e-05
-2.62826e-05
-2.59831e-05
-2.60154e-05
-2.59443e-05
-2.59044e-05
-2.58844e-05
-2.59924e-05
-2.62231e-05
-2.65044e-05
-2.68027e-05
-2.70322e-05
-2.70171e-05
-2.66964e-05
-2.6203e-05
-2.56683e-05
-2.5066e-05
-2.45091e-05
-2.40987e-05
-2.36993e-05
-2.3323e-05
-2.29906e-05
-2.26645e-05
-2.23945e-05
-2.22234e-05
-2.21639e-05
-2.22655e-05
-2.25609e-05
-2.28503e-05
-2.30761e-05
-2.32867e-05
-2.34875e-05
-2.37354e-05
-2.40771e-05
-2.4449e-05
-2.48711e-05
-2.52854e-05
-2.55402e-05
-2.56352e-05
-2.56951e-05
-2.57732e-05
-2.58881e-05
-2.51285e-05
-2.53558e-05
-2.55081e-05
-2.55187e-05
-2.55542e-05
-2.56447e-05
-2.58761e-05
-2.61659e-05
-2.64373e-05
-2.66298e-05
-2.66217e-05
-2.64319e-05
-2.61133e-05
-2.57271e-05
-2.52702e-05
-2.47766e-05
-2.43216e-05
-2.39384e-05
-2.35943e-05
-2.32119e-05
-2.28465e-05
-2.25158e-05
-2.22664e-05
-2.21927e-05
-2.23194e-05
-2.26347e-05
-2.29877e-05
-2.32862e-05
-2.35216e-05
-2.37198e-05
-2.39379e-05
-2.42063e-05
-2.44662e-05
-2.47451e-05
-2.50426e-05
-2.52638e-05
-2.52836e-05
-2.51629e-05
-2.50436e-05
-2.50138e-05
-2.56144e-05
-2.57647e-05
-2.58723e-05
-2.58527e-05
-2.57808e-05
-2.57687e-05
-2.58778e-05
-2.60781e-05
-2.6255e-05
-2.63572e-05
-2.6335e-05
-2.62e-05
-2.597e-05
-2.56582e-05
-2.53298e-05
-2.49595e-05
-2.45851e-05
-2.43168e-05
-2.4085e-05
-2.38666e-05
-2.3628e-05
-2.34002e-05
-2.31967e-05
-2.31052e-05
-2.31844e-05
-2.34171e-05
-2.36892e-05
-2.39225e-05
-2.41286e-05
-2.42754e-05
-2.44558e-05
-2.46815e-05
-2.48887e-05
-2.50813e-05
-2.53405e-05
-2.561e-05
-2.57888e-05
-2.58238e-05
-2.57094e-05
-2.55866e-05
-2.61761e-05
-2.63032e-05
-2.63856e-05
-2.63318e-05
-2.61907e-05
-2.60633e-05
-2.60743e-05
-2.622e-05
-2.64377e-05
-2.66138e-05
-2.66569e-05
-2.64989e-05
-2.61862e-05
-2.58451e-05
-2.5512e-05
-2.5198e-05
-2.49029e-05
-2.46415e-05
-2.44277e-05
-2.42535e-05
-2.40823e-05
-2.38984e-05
-2.37184e-05
-2.36072e-05
-2.3572e-05
-2.36294e-05
-2.3791e-05
-2.39635e-05
-2.41152e-05
-2.42735e-05
-2.44477e-05
-2.46773e-05
-2.49019e-05
-2.50848e-05
-2.53331e-05
-2.56695e-05
-2.5984e-05
-2.61957e-05
-2.62535e-05
-2.61695e-05
-2.46759e-05
-2.46288e-05
-2.46376e-05
-2.46121e-05
-2.4539e-05
-2.44662e-05
-2.44681e-05
-2.4604e-05
-2.4833e-05
-2.51096e-05
-2.53279e-05
-2.53227e-05
-2.51099e-05
-2.48143e-05
-2.45177e-05
-2.42264e-05
-2.39274e-05
-2.36752e-05
-2.34837e-05
-2.33279e-05
-2.31857e-05
-2.30652e-05
-2.29733e-05
-2.29159e-05
-2.28729e-05
-2.28697e-05
-2.29112e-05
-2.29606e-05
-2.3036e-05
-2.31123e-05
-2.31622e-05
-2.32511e-05
-2.33585e-05
-2.34687e-05
-2.36461e-05
-2.38953e-05
-2.41812e-05
-2.44732e-05
-2.4698e-05
-2.47478e-05
-2.28339e-05
-2.28071e-05
-2.28002e-05
-2.28219e-05
-2.28918e-05
-2.29784e-05
-2.30661e-05
-2.31511e-05
-2.32724e-05
-2.34656e-05
-2.36918e-05
-2.38371e-05
-2.38209e-05
-2.36921e-05
-2.35101e-05
-2.3257e-05
-2.2991e-05
-2.27236e-05
-2.25016e-05
-2.22997e-05
-2.21491e-05
-2.20436e-05
-2.19545e-05
-2.18785e-05
-2.18458e-05
-2.18677e-05
-2.19082e-05
-2.19518e-05
-2.19924e-05
-2.20274e-05
-2.20566e-05
-2.21041e-05
-2.21443e-05
-2.21809e-05
-2.22378e-05
-2.23522e-05
-2.24986e-05
-2.26674e-05
-2.28098e-05
-2.28584e-05
-2.12236e-05
-2.12599e-05
-2.12993e-05
-2.136e-05
-2.13948e-05
-2.13905e-05
-2.13812e-05
-2.14131e-05
-2.15303e-05
-2.17403e-05
-2.20256e-05
-2.22722e-05
-2.24158e-05
-2.24346e-05
-2.23398e-05
-2.21367e-05
-2.18564e-05
-2.15532e-05
-2.12443e-05
-2.09761e-05
-2.07746e-05
-2.06344e-05
-2.05369e-05
-2.04478e-05
-2.03746e-05
-2.03457e-05
-2.03258e-05
-2.03363e-05
-2.03686e-05
-2.03822e-05
-2.04149e-05
-2.04785e-05
-2.05604e-05
-2.06269e-05
-2.06957e-05
-2.07927e-05
-2.0895e-05
-2.09885e-05
-2.11003e-05
-2.11755e-05
-1.90575e-05
-1.90591e-05
-1.89757e-05
-1.88811e-05
-1.88128e-05
-1.87869e-05
-1.87808e-05
-1.88006e-05
-1.8866e-05
-1.89914e-05
-1.91816e-05
-1.93982e-05
-1.95768e-05
-1.96426e-05
-1.96084e-05
-1.946e-05
-1.92009e-05
-1.88906e-05
-1.85766e-05
-1.83085e-05
-1.81188e-05
-1.80213e-05
-1.79808e-05
-1.79734e-05
-1.80277e-05
-1.81167e-05
-1.82196e-05
-1.82974e-05
-1.83403e-05
-1.83659e-05
-1.83977e-05
-1.84282e-05
-1.8485e-05
-1.8546e-05
-1.85944e-05
-1.86406e-05
-1.86848e-05
-1.87489e-05
-1.88565e-05
-1.89771e-05
-1.62115e-05
-1.62041e-05
-1.61302e-05
-1.59944e-05
-1.58324e-05
-1.56954e-05
-1.56006e-05
-1.55637e-05
-1.55878e-05
-1.56758e-05
-1.58303e-05
-1.60067e-05
-1.61498e-05
-1.62326e-05
-1.62333e-05
-1.61423e-05
-1.59633e-05
-1.57199e-05
-1.54757e-05
-1.52651e-05
-1.50963e-05
-1.50051e-05
-1.49858e-05
-1.50278e-05
-1.51407e-05
-1.52789e-05
-1.54114e-05
-1.55409e-05
-1.56634e-05
-1.5762e-05
-1.58267e-05
-1.58869e-05
-1.59514e-05
-1.60168e-05
-1.60726e-05
-1.61064e-05
-1.61209e-05
-1.61209e-05
-1.61556e-05
-1.6192e-05
-1.37796e-05
-1.38029e-05
-1.37958e-05
-1.37331e-05
-1.36414e-05
-1.35525e-05
-1.35075e-05
-1.34881e-05
-1.34794e-05
-1.3524e-05
-1.36106e-05
-1.37149e-05
-1.38245e-05
-1.39353e-05
-1.39945e-05
-1.3979e-05
-1.38888e-05
-1.37405e-05
-1.358e-05
-1.34156e-05
-1.32753e-05
-1.31804e-05
-1.31593e-05
-1.31934e-05
-1.32587e-05
-1.3342e-05
-1.34361e-05
-1.35125e-05
-1.35572e-05
-1.35655e-05
-1.35676e-05
-1.35704e-05
-1.35828e-05
-1.36002e-05
-1.36035e-05
-1.36177e-05
-1.36323e-05
-1.36452e-05
-1.36864e-05
-1.37358e-05
-1.46247e-05
-1.46022e-05
-1.45845e-05
-1.4542e-05
-1.44649e-05
-1.43749e-05
-1.43022e-05
-1.42496e-05
-1.42099e-05
-1.41772e-05
-1.4158e-05
-1.41539e-05
-1.41598e-05
-1.41593e-05
-1.41237e-05
-1.40685e-05
-1.39888e-05
-1.38977e-05
-1.38071e-05
-1.37261e-05
-1.36658e-05
-1.36357e-05
-1.36458e-05
-1.36924e-05
-1.37571e-05
-1.3847e-05
-1.3971e-05
-1.41125e-05
-1.42359e-05
-1.43192e-05
-1.43723e-05
-1.44128e-05
-1.44432e-05
-1.44635e-05
-1.44776e-05
-1.44986e-05
-1.45312e-05
-1.456e-05
-1.45928e-05
-1.46216e-05
-1.45625e-05
-1.454e-05
-1.45145e-05
-1.44753e-05
-1.44169e-05
-1.43282e-05
-1.42496e-05
-1.4178e-05
-1.41079e-05
-1.4051e-05
-1.40103e-05
-1.39929e-05
-1.39975e-05
-1.40133e-05
-1.40362e-05
-1.40637e-05
-1.41018e-05
-1.41301e-05
-1.41504e-05
-1.41537e-05
-1.41461e-05
-1.41442e-05
-1.41562e-05
-1.41656e-05
-1.41764e-05
-1.41972e-05
-1.42297e-05
-1.42697e-05
-1.43144e-05
-1.43659e-05
-1.43999e-05
-1.44337e-05
-1.44637e-05
-1.44952e-05
-1.45205e-05
-1.45414e-05
-1.4557e-05
-1.45669e-05
-1.45706e-05
-1.45713e-05
4.99911e-06
5.83673e-06
6.64216e-06
7.2407e-06
7.5405e-06
7.56826e-06
7.41025e-06
7.08602e-06
6.67236e-06
6.38401e-06
6.3105e-06
6.32967e-06
6.31127e-06
6.23574e-06
6.17536e-06
6.11954e-06
6.01683e-06
5.86712e-06
5.69727e-06
5.48256e-06
5.15432e-06
4.71633e-06
4.26884e-06
3.94547e-06
3.88705e-06
4.14043e-06
4.3969e-06
4.43732e-06
4.28103e-06
4.00012e-06
3.64041e-06
3.13298e-06
2.48592e-06
2.03228e-06
1.99003e-06
2.28469e-06
2.71502e-06
3.18329e-06
3.66516e-06
4.2478e-06
4.74422e-06
5.57026e-06
6.36031e-06
6.94676e-06
7.23974e-06
7.26771e-06
7.12109e-06
6.80999e-06
6.40587e-06
6.12282e-06
6.05842e-06
6.08537e-06
6.07005e-06
5.99192e-06
5.92737e-06
5.87332e-06
5.78646e-06
5.65827e-06
5.51058e-06
5.3098e-06
4.98775e-06
4.54967e-06
4.10256e-06
3.78103e-06
3.71633e-06
3.96316e-06
4.2144e-06
4.25246e-06
4.09369e-06
3.80916e-06
3.44435e-06
2.92557e-06
2.26225e-06
1.79426e-06
1.74869e-06
2.04481e-06
2.47161e-06
2.93514e-06
3.41664e-06
3.99671e-06
3.84542e-06
4.6683e-06
5.44125e-06
5.99971e-06
6.27069e-06
6.29723e-06
6.16024e-06
5.86533e-06
5.47641e-06
5.2152e-06
5.18046e-06
5.23407e-06
5.23342e-06
5.15805e-06
5.06981e-06
4.99287e-06
4.88973e-06
4.76146e-06
4.63048e-06
4.45833e-06
4.16276e-06
3.74239e-06
3.29944e-06
2.97728e-06
2.92127e-06
3.16767e-06
3.41112e-06
3.43982e-06
3.27653e-06
2.97246e-06
2.57914e-06
2.05099e-06
1.3935e-06
9.25271e-07
8.67149e-07
1.16266e-06
1.59919e-06
2.05377e-06
2.51905e-06
3.09801e-06
1.91976e-06
2.71604e-06
3.47165e-06
3.99481e-06
4.22758e-06
4.22228e-06
4.09109e-06
3.80401e-06
3.42083e-06
3.16623e-06
3.14945e-06
3.22225e-06
3.2236e-06
3.17445e-06
3.10306e-06
2.98951e-06
2.85118e-06
2.70665e-06
2.59508e-06
2.47599e-06
2.26769e-06
1.93151e-06
1.52454e-06
1.19738e-06
1.12118e-06
1.33551e-06
1.53998e-06
1.5511e-06
1.40117e-06
1.11126e-06
7.17619e-07
1.94173e-07
-4.26117e-07
-8.41764e-07
-8.61448e-07
-5.60002e-07
-1.47678e-07
2.60128e-07
6.67978e-07
1.20043e-06
-1.03505e-06
-3.03107e-07
4.22601e-07
9.13426e-07
1.09921e-06
1.05649e-06
8.6408e-07
5.0596e-07
5.62283e-08
-2.46947e-07
-2.74708e-07
-1.76799e-07
-1.34354e-07
-1.31157e-07
-1.67548e-07
-2.55152e-07
-3.86678e-07
-5.09332e-07
-5.67637e-07
-6.05009e-07
-6.94586e-07
-8.97163e-07
-1.21264e-06
-1.51775e-06
-1.64208e-06
-1.53892e-06
-1.45231e-06
-1.47026e-06
-1.56005e-06
-1.73245e-06
-2.0184e-06
-2.43312e-06
-2.98552e-06
-3.40229e-06
-3.44024e-06
-3.17703e-06
-2.83e-06
-2.48704e-06
-2.14911e-06
-1.68608e-06
-4.98372e-06
-4.37486e-06
-3.69119e-06
-3.17255e-06
-2.95469e-06
-2.98858e-06
-3.2346e-06
-3.72299e-06
-4.32978e-06
-4.75569e-06
-4.86646e-06
-4.79441e-06
-4.69497e-06
-4.56705e-06
-4.48488e-06
-4.46167e-06
-4.49838e-06
-4.532e-06
-4.46939e-06
-4.37539e-06
-4.33157e-06
-4.45747e-06
-4.71497e-06
-4.96344e-06
-5.08352e-06
-5.1127e-06
-5.21298e-06
-5.31734e-06
-5.34221e-06
-5.35315e-06
-5.39747e-06
-5.65534e-06
-6.16365e-06
-6.61686e-06
-6.7377e-06
-6.53946e-06
-6.27802e-06
-6.03756e-06
-5.78662e-06
-5.46198e-06
-9.66001e-06
-9.253e-06
-8.69253e-06
-8.16996e-06
-7.82846e-06
-7.70396e-06
-7.8342e-06
-8.33136e-06
-9.02881e-06
-9.57572e-06
-9.86177e-06
-9.9688e-06
-9.94534e-06
-9.69872e-06
-9.41801e-06
-9.25092e-06
-9.16457e-06
-9.05808e-06
-8.79509e-06
-8.47033e-06
-8.3159e-06
-8.41725e-06
-8.64161e-06
-8.83846e-06
-8.99694e-06
-9.22501e-06
-9.53586e-06
-9.70921e-06
-9.66432e-06
-9.46755e-06
-9.26619e-06
-9.32404e-06
-9.7548e-06
-1.02296e-05
-1.04457e-05
-1.03513e-05
-1.02064e-05
-1.01183e-05
-1.00273e-05
-9.89685e-06
-1.43211e-05
-1.42144e-05
-1.38772e-05
-1.34489e-05
-1.30504e-05
-1.27746e-05
-1.2757e-05
-1.31313e-05
-1.38046e-05
-1.43873e-05
-1.4747e-05
-1.49861e-05
-1.50222e-05
-1.47383e-05
-1.43168e-05
-1.39514e-05
-1.37605e-05
-1.36301e-05
-1.33329e-05
-1.29665e-05
-1.27434e-05
-1.27383e-05
-1.28009e-05
-1.28558e-05
-1.29415e-05
-1.32104e-05
-1.3572e-05
-1.37618e-05
-1.3748e-05
-1.35337e-05
-1.32397e-05
-1.31586e-05
-1.34021e-05
-1.38319e-05
-1.41295e-05
-1.42021e-05
-1.41772e-05
-1.41981e-05
-1.42487e-05
-1.43168e-05
-1.83231e-05
-1.8402e-05
-1.83179e-05
-1.80722e-05
-1.77902e-05
-1.7557e-05
-1.75079e-05
-1.77348e-05
-1.82451e-05
-1.87243e-05
-1.90204e-05
-1.92983e-05
-1.94168e-05
-1.9131e-05
-1.86178e-05
-1.81279e-05
-1.78312e-05
-1.77315e-05
-1.76148e-05
-1.74362e-05
-1.72787e-05
-1.71219e-05
-1.68856e-05
-1.66275e-05
-1.65303e-05
-1.67117e-05
-1.7038e-05
-1.72015e-05
-1.71548e-05
-1.69407e-05
-1.66797e-05
-1.6566e-05
-1.67336e-05
-1.70928e-05
-1.74752e-05
-1.76856e-05
-1.78079e-05
-1.79348e-05
-1.80698e-05
-1.81986e-05
-2.11221e-05
-2.12629e-05
-2.13734e-05
-2.13885e-05
-2.13658e-05
-2.13592e-05
-2.13798e-05
-2.15328e-05
-2.19204e-05
-2.22958e-05
-2.24889e-05
-2.26786e-05
-2.28096e-05
-2.26541e-05
-2.22534e-05
-2.17836e-05
-2.14122e-05
-2.12319e-05
-2.11257e-05
-2.09297e-05
-2.06963e-05
-2.03838e-05
-2.00094e-05
-1.96754e-05
-1.95674e-05
-1.97048e-05
-1.99249e-05
-1.99617e-05
-1.97636e-05
-1.94146e-05
-1.91933e-05
-1.9153e-05
-1.93523e-05
-1.97686e-05
-2.0244e-05
-2.06056e-05
-2.08108e-05
-2.09607e-05
-2.10078e-05
-2.10212e-05
-2.32282e-05
-2.33355e-05
-2.35399e-05
-2.37541e-05
-2.39853e-05
-2.41564e-05
-2.42355e-05
-2.43311e-05
-2.45742e-05
-2.48212e-05
-2.49099e-05
-2.48993e-05
-2.49199e-05
-2.48894e-05
-2.4743e-05
-2.45305e-05
-2.43415e-05
-2.41638e-05
-2.38934e-05
-2.35042e-05
-2.31321e-05
-2.28051e-05
-2.2454e-05
-2.21123e-05
-2.19412e-05
-2.19521e-05
-2.1997e-05
-2.19285e-05
-2.16419e-05
-2.12146e-05
-2.09767e-05
-2.10159e-05
-2.13219e-05
-2.18252e-05
-2.23569e-05
-2.28031e-05
-2.31427e-05
-2.33304e-05
-2.3338e-05
-2.32375e-05
-2.50846e-05
-2.51263e-05
-2.52942e-05
-2.55341e-05
-2.58026e-05
-2.60116e-05
-2.61021e-05
-2.61396e-05
-2.63096e-05
-2.65062e-05
-2.64298e-05
-2.61635e-05
-2.59469e-05
-2.58946e-05
-2.59387e-05
-2.59834e-05
-2.60351e-05
-2.59231e-05
-2.56543e-05
-2.526e-05
-2.48557e-05
-2.45126e-05
-2.41326e-05
-2.37834e-05
-2.34886e-05
-2.32403e-05
-2.31077e-05
-2.30217e-05
-2.29026e-05
-2.27458e-05
-2.2724e-05
-2.29659e-05
-2.33601e-05
-2.38044e-05
-2.41773e-05
-2.45044e-05
-2.48054e-05
-2.50963e-05
-2.52258e-05
-2.51794e-05
-2.64977e-05
-2.64485e-05
-2.64973e-05
-2.65968e-05
-2.67695e-05
-2.69839e-05
-2.71935e-05
-2.73649e-05
-2.75674e-05
-2.7816e-05
-2.7904e-05
-2.76954e-05
-2.73258e-05
-2.70142e-05
-2.68328e-05
-2.67071e-05
-2.65805e-05
-2.64347e-05
-2.62061e-05
-2.58711e-05
-2.54498e-05
-2.50525e-05
-2.47404e-05
-2.43927e-05
-2.41102e-05
-2.39241e-05
-2.38578e-05
-2.38699e-05
-2.38541e-05
-2.38835e-05
-2.40627e-05
-2.44511e-05
-2.50096e-05
-2.55798e-05
-2.60647e-05
-2.63709e-05
-2.65633e-05
-2.67068e-05
-2.67225e-05
-2.66299e-05
-2.79366e-05
-2.79408e-05
-2.79721e-05
-2.79021e-05
-2.76995e-05
-2.74992e-05
-2.73873e-05
-2.74843e-05
-2.77747e-05
-2.81684e-05
-2.84872e-05
-2.85661e-05
-2.84068e-05
-2.81623e-05
-2.79239e-05
-2.76649e-05
-2.73259e-05
-2.69268e-05
-2.65434e-05
-2.61305e-05
-2.5643e-05
-2.514e-05
-2.47327e-05
-2.44384e-05
-2.42493e-05
-2.42158e-05
-2.43535e-05
-2.46131e-05
-2.48264e-05
-2.50026e-05
-2.52449e-05
-2.56558e-05
-2.62109e-05
-2.6751e-05
-2.72231e-05
-2.75832e-05
-2.78647e-05
-2.80764e-05
-2.81362e-05
-2.80496e-05
-2.82457e-05
-2.8434e-05
-2.85978e-05
-2.85095e-05
-2.81739e-05
-2.77735e-05
-2.74425e-05
-2.7362e-05
-2.75442e-05
-2.78928e-05
-2.82521e-05
-2.84297e-05
-2.83667e-05
-2.82053e-05
-2.80003e-05
-2.77847e-05
-2.74838e-05
-2.71556e-05
-2.67726e-05
-2.62584e-05
-2.56543e-05
-2.51601e-05
-2.48338e-05
-2.46075e-05
-2.44198e-05
-2.43474e-05
-2.44837e-05
-2.4802e-05
-2.51947e-05
-2.54965e-05
-2.58227e-05
-2.62401e-05
-2.67277e-05
-2.71858e-05
-2.75798e-05
-2.78745e-05
-2.80526e-05
-2.81684e-05
-2.82153e-05
-2.81896e-05
-2.75615e-05
-2.78488e-05
-2.81592e-05
-2.81958e-05
-2.79787e-05
-2.76567e-05
-2.73974e-05
-2.72973e-05
-2.73507e-05
-2.74481e-05
-2.75444e-05
-2.75434e-05
-2.73927e-05
-2.71075e-05
-2.67857e-05
-2.64849e-05
-2.62624e-05
-2.60999e-05
-2.59352e-05
-2.57385e-05
-2.55429e-05
-2.53598e-05
-2.52028e-05
-2.50705e-05
-2.49375e-05
-2.49028e-05
-2.50283e-05
-2.52564e-05
-2.54971e-05
-2.56914e-05
-2.58445e-05
-2.60621e-05
-2.63498e-05
-2.66838e-05
-2.70166e-05
-2.73602e-05
-2.76194e-05
-2.77107e-05
-2.76691e-05
-2.75431e-05
-2.71195e-05
-2.72796e-05
-2.74752e-05
-2.74601e-05
-2.71859e-05
-2.68291e-05
-2.65369e-05
-2.63844e-05
-2.6374e-05
-2.63974e-05
-2.64084e-05
-2.63536e-05
-2.62107e-05
-2.60013e-05
-2.57643e-05
-2.54702e-05
-2.52249e-05
-2.50134e-05
-2.48713e-05
-2.4855e-05
-2.48936e-05
-2.49321e-05
-2.49572e-05
-2.49856e-05
-2.50129e-05
-2.49998e-05
-2.50164e-05
-2.50938e-05
-2.51773e-05
-2.52349e-05
-2.52996e-05
-2.54423e-05
-2.56913e-05
-2.6009e-05
-2.63645e-05
-2.67494e-05
-2.70987e-05
-2.72701e-05
-2.72477e-05
-2.71421e-05
-2.57718e-05
-2.5875e-05
-2.6031e-05
-2.60921e-05
-2.59853e-05
-2.57395e-05
-2.54823e-05
-2.52657e-05
-2.51499e-05
-2.51089e-05
-2.50979e-05
-2.50155e-05
-2.48797e-05
-2.47425e-05
-2.45378e-05
-2.42851e-05
-2.40064e-05
-2.37672e-05
-2.35788e-05
-2.34846e-05
-2.34552e-05
-2.34953e-05
-2.36308e-05
-2.38026e-05
-2.39698e-05
-2.40773e-05
-2.41761e-05
-2.42844e-05
-2.43681e-05
-2.43861e-05
-2.43241e-05
-2.42647e-05
-2.42768e-05
-2.43352e-05
-2.44736e-05
-2.46762e-05
-2.49345e-05
-2.52234e-05
-2.54928e-05
-2.56751e-05
-2.4051e-05
-2.40675e-05
-2.41519e-05
-2.42822e-05
-2.43849e-05
-2.44589e-05
-2.45026e-05
-2.45384e-05
-2.46081e-05
-2.46876e-05
-2.47652e-05
-2.48254e-05
-2.48507e-05
-2.4812e-05
-2.46712e-05
-2.44517e-05
-2.41806e-05
-2.3885e-05
-2.35967e-05
-2.33466e-05
-2.31848e-05
-2.31068e-05
-2.30791e-05
-2.30964e-05
-2.316e-05
-2.32577e-05
-2.33722e-05
-2.35012e-05
-2.36016e-05
-2.36265e-05
-2.35575e-05
-2.34241e-05
-2.3325e-05
-2.33105e-05
-2.33692e-05
-2.34887e-05
-2.36042e-05
-2.3742e-05
-2.39089e-05
-2.40279e-05
-2.15365e-05
-2.14785e-05
-2.1439e-05
-2.14265e-05
-2.14225e-05
-2.14329e-05
-2.14918e-05
-2.16202e-05
-2.18084e-05
-2.20426e-05
-2.23175e-05
-2.25872e-05
-2.27941e-05
-2.29258e-05
-2.29708e-05
-2.29347e-05
-2.28106e-05
-2.25941e-05
-2.23576e-05
-2.21509e-05
-2.20316e-05
-2.2007e-05
-2.20394e-05
-2.20857e-05
-2.2113e-05
-2.21312e-05
-2.21147e-05
-2.20687e-05
-2.20026e-05
-2.19135e-05
-2.17886e-05
-2.16303e-05
-2.14818e-05
-2.13881e-05
-2.13662e-05
-2.13786e-05
-2.1415e-05
-2.14557e-05
-2.151e-05
-2.15579e-05
-1.86011e-05
-1.85462e-05
-1.84586e-05
-1.83427e-05
-1.81824e-05
-1.79993e-05
-1.78656e-05
-1.78181e-05
-1.78828e-05
-1.80691e-05
-1.83274e-05
-1.85937e-05
-1.88466e-05
-1.90343e-05
-1.91523e-05
-1.9175e-05
-1.90932e-05
-1.89372e-05
-1.87534e-05
-1.85909e-05
-1.85234e-05
-1.85547e-05
-1.86704e-05
-1.88346e-05
-1.89955e-05
-1.9145e-05
-1.92589e-05
-1.93347e-05
-1.93583e-05
-1.93123e-05
-1.92291e-05
-1.91334e-05
-1.90228e-05
-1.89332e-05
-1.88649e-05
-1.87994e-05
-1.87351e-05
-1.86719e-05
-1.86298e-05
-1.86203e-05
-1.60664e-05
-1.60088e-05
-1.5919e-05
-1.57922e-05
-1.565e-05
-1.5535e-05
-1.54437e-05
-1.53896e-05
-1.54091e-05
-1.55059e-05
-1.56918e-05
-1.58952e-05
-1.60533e-05
-1.61599e-05
-1.62257e-05
-1.62271e-05
-1.6137e-05
-1.5997e-05
-1.58291e-05
-1.56801e-05
-1.55626e-05
-1.55104e-05
-1.55246e-05
-1.55693e-05
-1.56286e-05
-1.56971e-05
-1.5769e-05
-1.58364e-05
-1.58851e-05
-1.59081e-05
-1.59392e-05
-1.59907e-05
-1.60778e-05
-1.61531e-05
-1.6207e-05
-1.6245e-05
-1.62376e-05
-1.61865e-05
-1.61397e-05
-1.60994e-05
-1.37971e-05
-1.37503e-05
-1.36976e-05
-1.36146e-05
-1.35007e-05
-1.33852e-05
-1.3289e-05
-1.322e-05
-1.31825e-05
-1.32081e-05
-1.32907e-05
-1.34266e-05
-1.35736e-05
-1.37019e-05
-1.37725e-05
-1.37895e-05
-1.37363e-05
-1.36345e-05
-1.35075e-05
-1.33873e-05
-1.33005e-05
-1.32444e-05
-1.32347e-05
-1.32845e-05
-1.33755e-05
-1.34887e-05
-1.36143e-05
-1.37262e-05
-1.38083e-05
-1.38612e-05
-1.38822e-05
-1.38907e-05
-1.38927e-05
-1.38933e-05
-1.39045e-05
-1.39126e-05
-1.39248e-05
-1.39249e-05
-1.39017e-05
-1.3853e-05
-1.41671e-05
-1.41084e-05
-1.4036e-05
-1.39666e-05
-1.38814e-05
-1.37885e-05
-1.3699e-05
-1.36246e-05
-1.35648e-05
-1.35203e-05
-1.35089e-05
-1.35116e-05
-1.35307e-05
-1.35459e-05
-1.35611e-05
-1.35584e-05
-1.35374e-05
-1.35001e-05
-1.34701e-05
-1.34219e-05
-1.33591e-05
-1.33151e-05
-1.33057e-05
-1.3338e-05
-1.33965e-05
-1.34858e-05
-1.35893e-05
-1.36799e-05
-1.37629e-05
-1.38402e-05
-1.38995e-05
-1.39523e-05
-1.40036e-05
-1.40556e-05
-1.40981e-05
-1.41426e-05
-1.41856e-05
-1.42114e-05
-1.42153e-05
-1.42081e-05
-1.50423e-05
-1.50213e-05
-1.49943e-05
-1.49644e-05
-1.49035e-05
-1.48318e-05
-1.47456e-05
-1.46675e-05
-1.45886e-05
-1.45251e-05
-1.44725e-05
-1.44369e-05
-1.44218e-05
-1.44218e-05
-1.44418e-05
-1.44864e-05
-1.45254e-05
-1.45452e-05
-1.45507e-05
-1.45539e-05
-1.45491e-05
-1.45387e-05
-1.45226e-05
-1.45254e-05
-1.45449e-05
-1.45695e-05
-1.45936e-05
-1.46365e-05
-1.46855e-05
-1.47173e-05
-1.477e-05
-1.4833e-05
-1.48959e-05
-1.49501e-05
-1.50068e-05
-1.50413e-05
-1.50607e-05
-1.50682e-05
-1.50693e-05
-1.50551e-05
-2.7353e-06
-2.2956e-06
-1.57755e-06
-7.09836e-07
6.18685e-08
6.0881e-07
9.35415e-07
1.07786e-06
1.1119e-06
1.02289e-06
5.93062e-07
-1.42642e-07
-8.20022e-07
-1.1371e-06
-9.89961e-07
-4.13083e-07
4.31662e-07
1.22099e-06
1.74021e-06
2.06179e-06
2.33936e-06
2.64319e-06
2.90771e-06
3.09496e-06
3.1312e-06
2.95343e-06
2.58451e-06
2.04805e-06
1.45698e-06
9.43259e-07
5.79405e-07
3.51047e-07
1.60804e-07
-1.04613e-07
-5.08998e-07
-1.03669e-06
-1.65386e-06
-2.27157e-06
-2.7252e-06
-2.88511e-06
-2.93006e-06
-2.5015e-06
-1.79442e-06
-9.40853e-07
-1.83052e-07
3.58613e-07
6.86845e-07
8.34416e-07
8.79396e-07
8.04444e-07
3.85617e-07
-3.4903e-07
-1.02884e-06
-1.34661e-06
-1.19522e-06
-6.13792e-07
2.35063e-07
1.03171e-06
1.5597e-06
1.89021e-06
2.17561e-06
2.49324e-06
2.76415e-06
2.94603e-06
2.97847e-06
2.79696e-06
2.4245e-06
1.88683e-06
1.29102e-06
7.67873e-07
3.89127e-07
1.43187e-07
-5.996e-08
-3.29128e-07
-7.36123e-07
-1.26292e-06
-1.87416e-06
-2.48189e-06
-2.9228e-06
-3.07478e-06
-3.96472e-06
-3.50616e-06
-2.77187e-06
-1.89128e-06
-1.12272e-06
-5.69158e-07
-2.19161e-07
-4.05716e-08
1.92503e-08
-7.59052e-08
-5.196e-07
-1.27147e-06
-1.97197e-06
-2.31191e-06
-2.16459e-06
-1.55981e-06
-6.78366e-07
1.40326e-07
6.84431e-07
1.03569e-06
1.34229e-06
1.67128e-06
1.93972e-06
2.09932e-06
2.08313e-06
1.86698e-06
1.47969e-06
9.41307e-07
3.50343e-07
-1.67811e-07
-5.56633e-07
-8.34138e-07
-1.07882e-06
-1.38762e-06
-1.82475e-06
-2.38165e-06
-3.0181e-06
-3.62725e-06
-4.04533e-06
-4.1564e-06
-6.25587e-06
-5.70155e-06
-4.88319e-06
-3.93873e-06
-3.12312e-06
-2.52802e-06
-2.14271e-06
-1.94506e-06
-1.88338e-06
-2.01306e-06
-2.54333e-06
-3.37951e-06
-4.1264e-06
-4.44368e-06
-4.21187e-06
-3.53011e-06
-2.60428e-06
-1.77643e-06
-1.23545e-06
-8.77249e-07
-5.51255e-07
-2.05331e-07
6.2665e-08
1.7365e-07
8.94455e-08
-1.95604e-07
-6.07077e-07
-1.1273e-06
-1.71146e-06
-2.26166e-06
-2.70501e-06
-3.04102e-06
-3.34691e-06
-3.71206e-06
-4.19609e-06
-4.78221e-06
-5.43511e-06
-6.06087e-06
-6.47769e-06
-6.54005e-06
-9.7714e-06
-9.13472e-06
-8.23856e-06
-7.20919e-06
-6.32528e-06
-5.69077e-06
-5.302e-06
-5.12278e-06
-5.10984e-06
-5.3166e-06
-5.89899e-06
-6.75464e-06
-7.44267e-06
-7.66212e-06
-7.30896e-06
-6.52727e-06
-5.563e-06
-4.74651e-06
-4.25734e-06
-3.94771e-06
-3.62984e-06
-3.26283e-06
-2.98456e-06
-2.90125e-06
-3.05204e-06
-3.34376e-06
-3.71715e-06
-4.19624e-06
-4.79588e-06
-5.42334e-06
-5.95916e-06
-6.38189e-06
-6.74105e-06
-7.15165e-06
-7.66951e-06
-8.26321e-06
-8.9238e-06
-9.59933e-06
-1.00518e-05
-1.01081e-05
-1.40107e-05
-1.33907e-05
-1.24838e-05
-1.13603e-05
-1.03427e-05
-9.65755e-06
-9.30054e-06
-9.18608e-06
-9.25493e-06
-9.52525e-06
-1.01129e-05
-1.08644e-05
-1.13875e-05
-1.14421e-05
-1.0999e-05
-1.02504e-05
-9.37992e-06
-8.62943e-06
-8.16973e-06
-7.844e-06
-7.49446e-06
-7.11149e-06
-6.7696e-06
-6.60531e-06
-6.72175e-06
-6.99515e-06
-7.32686e-06
-7.75828e-06
-8.36776e-06
-9.09035e-06
-9.80254e-06
-1.03774e-05
-1.0837e-05
-1.12977e-05
-1.1828e-05
-1.24219e-05
-1.3084e-05
-1.37603e-05
-1.42324e-05
-1.43267e-05
-1.83465e-05
-1.77543e-05
-1.6868e-05
-1.57025e-05
-1.45796e-05
-1.37539e-05
-1.33244e-05
-1.32317e-05
-1.33453e-05
-1.36849e-05
-1.42787e-05
-1.4935e-05
-1.53172e-05
-1.5286e-05
-1.48614e-05
-1.41902e-05
-1.34325e-05
-1.27798e-05
-1.23392e-05
-1.19547e-05
-1.15406e-05
-1.10771e-05
-1.07173e-05
-1.0551e-05
-1.05902e-05
-1.0781e-05
-1.11091e-05
-1.15952e-05
-1.23256e-05
-1.32079e-05
-1.40786e-05
-1.47741e-05
-1.52433e-05
-1.56531e-05
-1.61267e-05
-1.66979e-05
-1.73209e-05
-1.79432e-05
-1.84211e-05
-1.85887e-05
-2.22101e-05
-2.16569e-05
-2.08022e-05
-1.97129e-05
-1.8586e-05
-1.77085e-05
-1.72301e-05
-1.71417e-05
-1.73025e-05
-1.76599e-05
-1.81641e-05
-1.8613e-05
-1.87592e-05
-1.85241e-05
-1.80661e-05
-1.74639e-05
-1.67921e-05
-1.61995e-05
-1.58152e-05
-1.54826e-05
-1.51025e-05
-1.47128e-05
-1.44589e-05
-1.44426e-05
-1.46355e-05
-1.49688e-05
-1.53878e-05
-1.59412e-05
-1.67114e-05
-1.77064e-05
-1.86831e-05
-1.93905e-05
-1.97778e-05
-2.00316e-05
-2.03515e-05
-2.08197e-05
-2.1374e-05
-2.18976e-05
-2.23164e-05
-2.24503e-05
-2.54231e-05
-2.49885e-05
-2.43645e-05
-2.35419e-05
-2.26864e-05
-2.19832e-05
-2.14894e-05
-2.13055e-05
-2.13606e-05
-2.16169e-05
-2.19244e-05
-2.20489e-05
-2.18529e-05
-2.13732e-05
-2.08598e-05
-2.03127e-05
-1.97127e-05
-1.91557e-05
-1.87564e-05
-1.84464e-05
-1.81516e-05
-1.78579e-05
-1.7759e-05
-1.79538e-05
-1.83495e-05
-1.88536e-05
-1.94054e-05
-1.99988e-05
-2.07342e-05
-2.15977e-05
-2.24739e-05
-2.30923e-05
-2.34725e-05
-2.36581e-05
-2.38631e-05
-2.42463e-05
-2.47229e-05
-2.52274e-05
-2.55944e-05
-2.56576e-05
-2.82169e-05
-2.80167e-05
-2.76989e-05
-2.72584e-05
-2.67853e-05
-2.63624e-05
-2.60256e-05
-2.57527e-05
-2.56919e-05
-2.58299e-05
-2.60258e-05
-2.59551e-05
-2.5485e-05
-2.48326e-05
-2.41882e-05
-2.35834e-05
-2.29383e-05
-2.23135e-05
-2.17703e-05
-2.13247e-05
-2.09488e-05
-2.06386e-05
-2.05835e-05
-2.08777e-05
-2.13171e-05
-2.17443e-05
-2.22252e-05
-2.28317e-05
-2.35257e-05
-2.4259e-05
-2.49317e-05
-2.54767e-05
-2.57863e-05
-2.59127e-05
-2.60872e-05
-2.64347e-05
-2.69212e-05
-2.74905e-05
-2.80212e-05
-2.82758e-05
-3.05633e-05
-3.06707e-05
-3.06234e-05
-3.03714e-05
-3.00403e-05
-2.97227e-05
-2.94182e-05
-2.91615e-05
-2.91402e-05
-2.93711e-05
-2.96345e-05
-2.95204e-05
-2.8944e-05
-2.81286e-05
-2.73026e-05
-2.65446e-05
-2.57653e-05
-2.49824e-05
-2.4299e-05
-2.3804e-05
-2.34336e-05
-2.31236e-05
-2.30161e-05
-2.31124e-05
-2.33371e-05
-2.34974e-05
-2.36848e-05
-2.40385e-05
-2.45652e-05
-2.52699e-05
-2.60324e-05
-2.66833e-05
-2.71389e-05
-2.73143e-05
-2.74256e-05
-2.77129e-05
-2.82155e-05
-2.89198e-05
-2.96834e-05
-3.02398e-05
-3.24497e-05
-3.26777e-05
-3.26486e-05
-3.23579e-05
-3.19606e-05
-3.16144e-05
-3.13435e-05
-3.1218e-05
-3.12843e-05
-3.15311e-05
-3.17774e-05
-3.17073e-05
-3.11958e-05
-3.04673e-05
-2.9611e-05
-2.86884e-05
-2.77463e-05
-2.68546e-05
-2.61468e-05
-2.5687e-05
-2.53793e-05
-2.51625e-05
-2.50091e-05
-2.49387e-05
-2.48881e-05
-2.47238e-05
-2.44737e-05
-2.43588e-05
-2.45135e-05
-2.50478e-05
-2.58973e-05
-2.69131e-05
-2.78623e-05
-2.8566e-05
-2.89989e-05
-2.9371e-05
-2.98406e-05
-3.04619e-05
-3.12344e-05
-3.19332e-05
-3.41782e-05
-3.42243e-05
-3.3924e-05
-3.33409e-05
-3.27381e-05
-3.22684e-05
-3.20129e-05
-3.19265e-05
-3.1991e-05
-3.21985e-05
-3.23892e-05
-3.23735e-05
-3.20511e-05
-3.14152e-05
-3.05886e-05
-2.96429e-05
-2.87029e-05
-2.78739e-05
-2.72348e-05
-2.68191e-05
-2.65714e-05
-2.64373e-05
-2.63015e-05
-2.61533e-05
-2.59933e-05
-2.57551e-05
-2.54562e-05
-2.52328e-05
-2.51692e-05
-2.54031e-05
-2.6003e-05
-2.69452e-05
-2.81513e-05
-2.93426e-05
-3.02959e-05
-3.10406e-05
-3.1714e-05
-3.24347e-05
-3.31612e-05
-3.37864e-05
-3.49038e-05
-3.50691e-05
-3.49625e-05
-3.45853e-05
-3.39814e-05
-3.32919e-05
-3.26744e-05
-3.21558e-05
-3.18222e-05
-3.16814e-05
-3.16375e-05
-3.15779e-05
-3.13977e-05
-3.09563e-05
-3.02952e-05
-2.95815e-05
-2.88039e-05
-2.80785e-05
-2.74662e-05
-2.70376e-05
-2.68234e-05
-2.67417e-05
-2.66801e-05
-2.66065e-05
-2.64824e-05
-2.63277e-05
-2.61839e-05
-2.60656e-05
-2.61029e-05
-2.63793e-05
-2.69314e-05
-2.78124e-05
-2.89824e-05
-3.01495e-05
-3.10972e-05
-3.18637e-05
-3.25379e-05
-3.32257e-05
-3.39191e-05
-3.45013e-05
-3.39689e-05
-3.39747e-05
-3.38914e-05
-3.36618e-05
-3.32532e-05
-3.26871e-05
-3.20597e-05
-3.14787e-05
-3.10019e-05
-3.06487e-05
-3.03833e-05
-3.01613e-05
-2.98419e-05
-2.93858e-05
-2.88738e-05
-2.83167e-05
-2.77146e-05
-2.71256e-05
-2.66081e-05
-2.62089e-05
-2.59333e-05
-2.57795e-05
-2.56879e-05
-2.56959e-05
-2.57684e-05
-2.58908e-05
-2.60261e-05
-2.62115e-05
-2.64604e-05
-2.68531e-05
-2.75338e-05
-2.85643e-05
-2.97502e-05
-3.08436e-05
-3.16963e-05
-3.23527e-05
-3.28985e-05
-3.33599e-05
-3.36994e-05
-3.38977e-05
-3.23031e-05
-3.20147e-05
-3.16329e-05
-3.11436e-05
-3.05677e-05
-3.00558e-05
-2.96151e-05
-2.92278e-05
-2.89039e-05
-2.86431e-05
-2.84137e-05
-2.81634e-05
-2.78869e-05
-2.75801e-05
-2.72607e-05
-2.686e-05
-2.63665e-05
-2.58683e-05
-2.54952e-05
-2.52912e-05
-2.51814e-05
-2.51251e-05
-2.51208e-05
-2.51908e-05
-2.53014e-05
-2.54718e-05
-2.5743e-05
-2.60718e-05
-2.6408e-05
-2.68245e-05
-2.74445e-05
-2.83314e-05
-2.94404e-05
-3.04468e-05
-3.11846e-05
-3.17245e-05
-3.21406e-05
-3.2436e-05
-3.25729e-05
-3.25029e-05
-3.03475e-05
-3.00264e-05
-2.96577e-05
-2.91675e-05
-2.85755e-05
-2.79731e-05
-2.74306e-05
-2.69699e-05
-2.66238e-05
-2.6396e-05
-2.62204e-05
-2.60458e-05
-2.58637e-05
-2.57275e-05
-2.56009e-05
-2.5425e-05
-2.51333e-05
-2.4818e-05
-2.46368e-05
-2.45557e-05
-2.4508e-05
-2.44604e-05
-2.44333e-05
-2.44648e-05
-2.45607e-05
-2.46733e-05
-2.48614e-05
-2.51065e-05
-2.53672e-05
-2.56317e-05
-2.59786e-05
-2.65155e-05
-2.72617e-05
-2.80639e-05
-2.87571e-05
-2.93117e-05
-2.9797e-05
-3.02322e-05
-3.05161e-05
-3.05491e-05
-2.82698e-05
-2.82017e-05
-2.80524e-05
-2.77888e-05
-2.73813e-05
-2.68978e-05
-2.64078e-05
-2.59734e-05
-2.56523e-05
-2.53869e-05
-2.51044e-05
-2.48132e-05
-2.45352e-05
-2.4284e-05
-2.40847e-05
-2.39009e-05
-2.36749e-05
-2.34437e-05
-2.32907e-05
-2.32226e-05
-2.32021e-05
-2.32598e-05
-2.33968e-05
-2.35579e-05
-2.37236e-05
-2.38981e-05
-2.40871e-05
-2.42933e-05
-2.45142e-05
-2.47238e-05
-2.49187e-05
-2.5176e-05
-2.5605e-05
-2.61594e-05
-2.67027e-05
-2.7136e-05
-2.74923e-05
-2.78143e-05
-2.80848e-05
-2.8247e-05
-2.63402e-05
-2.62863e-05
-2.62037e-05
-2.60866e-05
-2.59136e-05
-2.57004e-05
-2.5486e-05
-2.52768e-05
-2.51147e-05
-2.50158e-05
-2.49587e-05
-2.48907e-05
-2.47938e-05
-2.46645e-05
-2.45096e-05
-2.43103e-05
-2.40429e-05
-2.37418e-05
-2.34569e-05
-2.32337e-05
-2.31283e-05
-2.3136e-05
-2.32575e-05
-2.34735e-05
-2.37195e-05
-2.39604e-05
-2.41771e-05
-2.43337e-05
-2.44321e-05
-2.45095e-05
-2.4573e-05
-2.46382e-05
-2.47457e-05
-2.49744e-05
-2.52798e-05
-2.55794e-05
-2.58305e-05
-2.60649e-05
-2.62466e-05
-2.6335e-05
-2.33772e-05
-2.32704e-05
-2.31662e-05
-2.30796e-05
-2.29832e-05
-2.28808e-05
-2.27996e-05
-2.27545e-05
-2.27421e-05
-2.2806e-05
-2.29435e-05
-2.3112e-05
-2.32515e-05
-2.33272e-05
-2.33414e-05
-2.32864e-05
-2.3169e-05
-2.3018e-05
-2.28756e-05
-2.28169e-05
-2.28319e-05
-2.29355e-05
-2.30935e-05
-2.32748e-05
-2.3434e-05
-2.35599e-05
-2.36434e-05
-2.36587e-05
-2.36352e-05
-2.35772e-05
-2.35249e-05
-2.34665e-05
-2.34096e-05
-2.34134e-05
-2.34907e-05
-2.35709e-05
-2.35897e-05
-2.3566e-05
-2.35253e-05
-2.34593e-05
-2.02703e-05
-2.00829e-05
-1.98603e-05
-1.96155e-05
-1.93729e-05
-1.91202e-05
-1.88807e-05
-1.86833e-05
-1.85526e-05
-1.85156e-05
-1.85439e-05
-1.86397e-05
-1.87573e-05
-1.88604e-05
-1.89379e-05
-1.89748e-05
-1.89761e-05
-1.89747e-05
-1.90214e-05
-1.91276e-05
-1.92954e-05
-1.95298e-05
-1.97947e-05
-2.0041e-05
-2.02921e-05
-2.05421e-05
-2.07571e-05
-2.09146e-05
-2.1003e-05
-2.10493e-05
-2.10751e-05
-2.1096e-05
-2.11174e-05
-2.11142e-05
-2.1096e-05
-2.10435e-05
-2.09272e-05
-2.07752e-05
-2.06117e-05
-2.04432e-05
-1.7394e-05
-1.72578e-05
-1.70854e-05
-1.68778e-05
-1.66656e-05
-1.64435e-05
-1.62251e-05
-1.60252e-05
-1.58878e-05
-1.58294e-05
-1.58533e-05
-1.59251e-05
-1.60165e-05
-1.60857e-05
-1.60996e-05
-1.60793e-05
-1.60262e-05
-1.59476e-05
-1.58854e-05
-1.58554e-05
-1.58751e-05
-1.59509e-05
-1.60979e-05
-1.63097e-05
-1.65245e-05
-1.675e-05
-1.69542e-05
-1.71061e-05
-1.72091e-05
-1.72932e-05
-1.73806e-05
-1.74549e-05
-1.75261e-05
-1.75905e-05
-1.76292e-05
-1.76585e-05
-1.76621e-05
-1.7621e-05
-1.75579e-05
-1.74876e-05
-1.51845e-05
-1.51688e-05
-1.51192e-05
-1.50205e-05
-1.48714e-05
-1.47164e-05
-1.45586e-05
-1.43956e-05
-1.42535e-05
-1.41684e-05
-1.41496e-05
-1.41674e-05
-1.41915e-05
-1.41928e-05
-1.41769e-05
-1.41193e-05
-1.40276e-05
-1.39036e-05
-1.37914e-05
-1.37219e-05
-1.36865e-05
-1.36923e-05
-1.37373e-05
-1.38035e-05
-1.3907e-05
-1.40522e-05
-1.42076e-05
-1.4355e-05
-1.44701e-05
-1.45676e-05
-1.46494e-05
-1.47375e-05
-1.48274e-05
-1.49106e-05
-1.49915e-05
-1.5055e-05
-1.51023e-05
-1.51354e-05
-1.51536e-05
-1.51801e-05
-1.42186e-05
-1.41684e-05
-1.41043e-05
-1.40253e-05
-1.39293e-05
-1.38436e-05
-1.37759e-05
-1.3711e-05
-1.36513e-05
-1.36073e-05
-1.35738e-05
-1.35577e-05
-1.35643e-05
-1.35803e-05
-1.35969e-05
-1.36027e-05
-1.35974e-05
-1.35752e-05
-1.35445e-05
-1.35216e-05
-1.34899e-05
-1.34629e-05
-1.34613e-05
-1.34848e-05
-1.3543e-05
-1.36318e-05
-1.37321e-05
-1.38174e-05
-1.38973e-05
-1.39644e-05
-1.40295e-05
-1.40853e-05
-1.41273e-05
-1.41451e-05
-1.41635e-05
-1.41949e-05
-1.42265e-05
-1.42449e-05
-1.42496e-05
-1.42417e-05
-1.45913e-05
-1.45293e-05
-1.44641e-05
-1.43976e-05
-1.43332e-05
-1.42637e-05
-1.42103e-05
-1.41402e-05
-1.40813e-05
-1.40376e-05
-1.4007e-05
-1.39893e-05
-1.39827e-05
-1.39995e-05
-1.40319e-05
-1.40742e-05
-1.41165e-05
-1.41394e-05
-1.41653e-05
-1.41717e-05
-1.41634e-05
-1.4147e-05
-1.41315e-05
-1.41331e-05
-1.41481e-05
-1.41885e-05
-1.42371e-05
-1.42961e-05
-1.43634e-05
-1.4419e-05
-1.44674e-05
-1.45258e-05
-1.45807e-05
-1.46242e-05
-1.46634e-05
-1.46952e-05
-1.47098e-05
-1.4697e-05
-1.46719e-05
-1.46457e-05
1.07825e-06
5.62355e-07
1.1273e-07
-1.753e-07
-2.69428e-07
-1.55855e-07
-1.05679e-07
-2.47404e-07
-3.55652e-07
-4.62636e-07
-8.97145e-07
-1.60822e-06
-1.94953e-06
-1.61943e-06
-9.06068e-07
-1.13702e-07
6.64942e-07
1.40516e-06
2.14672e-06
2.98385e-06
3.97628e-06
5.10165e-06
6.22053e-06
7.19165e-06
7.96264e-06
8.44448e-06
8.50253e-06
8.12831e-06
7.54089e-06
6.93206e-06
6.42265e-06
6.09988e-06
5.93165e-06
5.74436e-06
5.36239e-06
4.66576e-06
3.79938e-06
2.99812e-06
2.30814e-06
1.67105e-06
9.40868e-07
4.24959e-07
-2.03981e-08
-3.09811e-07
-4.04293e-07
-2.90622e-07
-2.42661e-07
-3.93992e-07
-5.11656e-07
-6.22925e-07
-1.05974e-06
-1.77564e-06
-2.12089e-06
-1.79036e-06
-1.08446e-06
-3.07709e-07
4.50693e-07
1.17467e-06
1.91037e-06
2.74518e-06
3.73538e-06
4.86177e-06
5.98328e-06
6.95402e-06
7.73202e-06
8.22613e-06
8.29775e-06
7.93135e-06
7.34533e-06
6.74099e-06
6.23805e-06
5.91942e-06
5.76182e-06
5.58601e-06
5.20713e-06
4.51315e-06
3.65321e-06
2.85701e-06
2.17026e-06
1.53425e-06
-7.08824e-08
-5.8699e-07
-1.02147e-06
-1.29064e-06
-1.36803e-06
-1.22484e-06
-1.13172e-06
-1.24122e-06
-1.33941e-06
-1.44646e-06
-1.88377e-06
-2.62124e-06
-2.98745e-06
-2.65051e-06
-1.92678e-06
-1.13856e-06
-3.85295e-07
3.20705e-07
1.04037e-06
1.86826e-06
2.86246e-06
3.99303e-06
5.12571e-06
6.10895e-06
6.89164e-06
7.38767e-06
7.44464e-06
7.0638e-06
6.4733e-06
5.86717e-06
5.36372e-06
5.0503e-06
4.89176e-06
4.71214e-06
4.33189e-06
3.62162e-06
2.73299e-06
1.91277e-06
1.20265e-06
5.40896e-07
-2.69602e-06
-3.15855e-06
-3.50023e-06
-3.66803e-06
-3.62938e-06
-3.37704e-06
-3.18367e-06
-3.1939e-06
-3.2012e-06
-3.26278e-06
-3.71519e-06
-4.4886e-06
-4.87749e-06
-4.51239e-06
-3.7423e-06
-2.92795e-06
-2.16925e-06
-1.50015e-06
-8.0717e-07
2.34428e-08
1.03674e-06
2.20315e-06
3.34016e-06
4.29189e-06
5.02024e-06
5.46452e-06
5.49381e-06
5.07675e-06
4.44362e-06
3.80115e-06
3.27225e-06
2.92467e-06
2.73607e-06
2.53123e-06
2.10444e-06
1.35092e-06
4.08234e-07
-5.02704e-07
-1.31723e-06
-2.06126e-06
-6.85121e-06
-7.19569e-06
-7.36477e-06
-7.33536e-06
-7.08136e-06
-6.64111e-06
-6.29428e-06
-6.2025e-06
-6.18542e-06
-6.21739e-06
-6.62905e-06
-7.37261e-06
-7.74566e-06
-7.38026e-06
-6.61893e-06
-5.80505e-06
-5.04315e-06
-4.36941e-06
-3.68862e-06
-2.87001e-06
-1.8894e-06
-7.67414e-07
3.28717e-07
1.21577e-06
1.85935e-06
2.19043e-06
2.13235e-06
1.66513e-06
9.90628e-07
2.9522e-07
-3.13439e-07
-7.54544e-07
-1.02159e-06
-1.27337e-06
-1.72229e-06
-2.52081e-06
-3.55875e-06
-4.57923e-06
-5.48539e-06
-6.26151e-06
-1.19469e-05
-1.21543e-05
-1.21719e-05
-1.19701e-05
-1.15435e-05
-1.09434e-05
-1.05406e-05
-1.04369e-05
-1.04272e-05
-1.04222e-05
-1.07299e-05
-1.13829e-05
-1.16897e-05
-1.12895e-05
-1.05214e-05
-9.69727e-06
-8.86018e-06
-8.10889e-06
-7.40098e-06
-6.65204e-06
-5.84073e-06
-4.93163e-06
-4.02316e-06
-3.28835e-06
-2.75161e-06
-2.51795e-06
-2.72946e-06
-3.33989e-06
-4.12022e-06
-4.87396e-06
-5.54138e-06
-6.04598e-06
-6.36615e-06
-6.62707e-06
-7.07614e-06
-7.8621e-06
-8.90614e-06
-9.92354e-06
-1.07859e-05
-1.1492e-05
-1.72224e-05
-1.74049e-05
-1.73531e-05
-1.71026e-05
-1.66022e-05
-1.59482e-05
-1.55565e-05
-1.5529e-05
-1.55765e-05
-1.55377e-05
-1.57269e-05
-1.62563e-05
-1.65354e-05
-1.61504e-05
-1.53672e-05
-1.44519e-05
-1.35008e-05
-1.26242e-05
-1.18403e-05
-1.1175e-05
-1.05787e-05
-9.99051e-06
-9.44634e-06
-9.03771e-06
-8.74862e-06
-8.62205e-06
-8.88167e-06
-9.60187e-06
-1.0589e-05
-1.15141e-05
-1.22147e-05
-1.26696e-05
-1.29372e-05
-1.31332e-05
-1.34911e-05
-1.40831e-05
-1.48708e-05
-1.56525e-05
-1.63145e-05
-1.68399e-05
-2.22057e-05
-2.24352e-05
-2.24102e-05
-2.20908e-05
-2.14354e-05
-2.06519e-05
-2.01671e-05
-2.01875e-05
-2.03692e-05
-2.04577e-05
-2.07007e-05
-2.12109e-05
-2.15145e-05
-2.12379e-05
-2.06095e-05
-1.97652e-05
-1.87667e-05
-1.7816e-05
-1.70346e-05
-1.6453e-05
-1.60542e-05
-1.57951e-05
-1.56875e-05
-1.56345e-05
-1.55624e-05
-1.54937e-05
-1.56834e-05
-1.63717e-05
-1.74107e-05
-1.83837e-05
-1.9072e-05
-1.94227e-05
-1.95735e-05
-1.97044e-05
-1.99738e-05
-2.03702e-05
-2.08179e-05
-2.125e-05
-2.16119e-05
-2.19233e-05
-2.65088e-05
-2.67238e-05
-2.67463e-05
-2.64256e-05
-2.57167e-05
-2.48147e-05
-2.41982e-05
-2.41356e-05
-2.43671e-05
-2.46029e-05
-2.49632e-05
-2.55544e-05
-2.59654e-05
-2.58538e-05
-2.53691e-05
-2.46721e-05
-2.37801e-05
-2.28892e-05
-2.21889e-05
-2.16867e-05
-2.14521e-05
-2.14767e-05
-2.15973e-05
-2.17198e-05
-2.17295e-05
-2.15907e-05
-2.15961e-05
-2.20664e-05
-2.29793e-05
-2.39886e-05
-2.46661e-05
-2.50131e-05
-2.51429e-05
-2.52553e-05
-2.54761e-05
-2.57693e-05
-2.60193e-05
-2.61711e-05
-2.62322e-05
-2.63197e-05
-2.98044e-05
-2.98968e-05
-2.98907e-05
-2.95567e-05
-2.88474e-05
-2.79465e-05
-2.724e-05
-2.69849e-05
-2.71135e-05
-2.74601e-05
-2.80782e-05
-2.89099e-05
-2.94873e-05
-2.95664e-05
-2.9257e-05
-2.87323e-05
-2.80197e-05
-2.72353e-05
-2.65158e-05
-2.59508e-05
-2.56595e-05
-2.55936e-05
-2.56349e-05
-2.57519e-05
-2.58134e-05
-2.57879e-05
-2.58758e-05
-2.62709e-05
-2.69978e-05
-2.78713e-05
-2.85979e-05
-2.90869e-05
-2.93844e-05
-2.95529e-05
-2.9691e-05
-2.98636e-05
-2.99878e-05
-3.00077e-05
-2.98616e-05
-2.97664e-05
-3.20313e-05
-3.21276e-05
-3.21025e-05
-3.18149e-05
-3.1187e-05
-3.03818e-05
-2.97352e-05
-2.94825e-05
-2.95765e-05
-2.989e-05
-3.05212e-05
-3.1373e-05
-3.19566e-05
-3.19688e-05
-3.15972e-05
-3.10191e-05
-3.03654e-05
-2.97732e-05
-2.91648e-05
-2.85545e-05
-2.80842e-05
-2.77948e-05
-2.7654e-05
-2.76424e-05
-2.77491e-05
-2.7956e-05
-2.83252e-05
-2.89462e-05
-2.98122e-05
-3.07858e-05
-3.16919e-05
-3.24438e-05
-3.28964e-05
-3.30214e-05
-3.29748e-05
-3.29411e-05
-3.28516e-05
-3.26245e-05
-3.22963e-05
-3.20631e-05
-3.36648e-05
-3.38022e-05
-3.38579e-05
-3.37267e-05
-3.32491e-05
-3.25204e-05
-3.19309e-05
-3.16001e-05
-3.14811e-05
-3.15773e-05
-3.19894e-05
-3.26934e-05
-3.32751e-05
-3.34165e-05
-3.30492e-05
-3.23364e-05
-3.15376e-05
-3.07727e-05
-3.01005e-05
-2.95439e-05
-2.90784e-05
-2.86832e-05
-2.84457e-05
-2.8385e-05
-2.84987e-05
-2.8795e-05
-2.92677e-05
-2.99869e-05
-3.08784e-05
-3.18801e-05
-3.29788e-05
-3.41135e-05
-3.49865e-05
-3.54936e-05
-3.56467e-05
-3.5535e-05
-3.51695e-05
-3.46561e-05
-3.41076e-05
-3.37272e-05
-3.45087e-05
-3.45966e-05
-3.47108e-05
-3.47305e-05
-3.45022e-05
-3.40152e-05
-3.34451e-05
-3.30252e-05
-3.27631e-05
-3.26816e-05
-3.28307e-05
-3.31916e-05
-3.36273e-05
-3.38439e-05
-3.35904e-05
-3.29365e-05
-3.21452e-05
-3.13801e-05
-3.07505e-05
-3.01978e-05
-2.97681e-05
-2.93088e-05
-2.88991e-05
-2.85928e-05
-2.84177e-05
-2.84256e-05
-2.87806e-05
-2.93545e-05
-2.99981e-05
-3.07526e-05
-3.16945e-05
-3.29052e-05
-3.41289e-05
-3.5022e-05
-3.56019e-05
-3.58439e-05
-3.57065e-05
-3.53613e-05
-3.49166e-05
-3.46089e-05
-3.36457e-05
-3.3668e-05
-3.37794e-05
-3.39203e-05
-3.39288e-05
-3.37743e-05
-3.34619e-05
-3.31679e-05
-3.29798e-05
-3.27921e-05
-3.26695e-05
-3.27052e-05
-3.28832e-05
-3.29725e-05
-3.26981e-05
-3.2054e-05
-3.12109e-05
-3.0465e-05
-2.98956e-05
-2.94909e-05
-2.92125e-05
-2.89516e-05
-2.8618e-05
-2.82526e-05
-2.79434e-05
-2.77353e-05
-2.77851e-05
-2.81028e-05
-2.85335e-05
-2.89948e-05
-2.95886e-05
-3.04902e-05
-3.1565e-05
-3.24682e-05
-3.30648e-05
-3.34087e-05
-3.36745e-05
-3.38296e-05
-3.37958e-05
-3.37161e-05
-3.18804e-05
-3.19715e-05
-3.20279e-05
-3.20064e-05
-3.19252e-05
-3.17667e-05
-3.15358e-05
-3.1273e-05
-3.0943e-05
-3.06191e-05
-3.03711e-05
-3.03294e-05
-3.04347e-05
-3.04687e-05
-3.0293e-05
-2.98306e-05
-2.92126e-05
-2.86229e-05
-2.82115e-05
-2.79665e-05
-2.7874e-05
-2.78763e-05
-2.79362e-05
-2.79584e-05
-2.79512e-05
-2.79657e-05
-2.8045e-05
-2.82085e-05
-2.84224e-05
-2.85989e-05
-2.88944e-05
-2.94068e-05
-3.01252e-05
-3.08196e-05
-3.11966e-05
-3.13369e-05
-3.14425e-05
-3.15801e-05
-3.17172e-05
-3.17887e-05
-3.03829e-05
-3.0202e-05
-2.99372e-05
-2.9667e-05
-2.94247e-05
-2.91923e-05
-2.89861e-05
-2.87207e-05
-2.84181e-05
-2.81546e-05
-2.7977e-05
-2.78967e-05
-2.78686e-05
-2.77898e-05
-2.76449e-05
-2.73847e-05
-2.69825e-05
-2.65715e-05
-2.62844e-05
-2.61889e-05
-2.62517e-05
-2.64123e-05
-2.6591e-05
-2.67726e-05
-2.69733e-05
-2.72017e-05
-2.74597e-05
-2.77054e-05
-2.79772e-05
-2.82624e-05
-2.85754e-05
-2.91113e-05
-2.98626e-05
-3.05662e-05
-3.09506e-05
-3.09442e-05
-3.07684e-05
-3.06082e-05
-3.05238e-05
-3.04839e-05
-2.93378e-05
-2.90019e-05
-2.8684e-05
-2.84271e-05
-2.819e-05
-2.79526e-05
-2.776e-05
-2.75952e-05
-2.74168e-05
-2.72601e-05
-2.71576e-05
-2.70828e-05
-2.70276e-05
-2.69673e-05
-2.68467e-05
-2.65734e-05
-2.61763e-05
-2.57205e-05
-2.52839e-05
-2.50205e-05
-2.49133e-05
-2.49329e-05
-2.50796e-05
-2.5272e-05
-2.55217e-05
-2.57629e-05
-2.59868e-05
-2.62279e-05
-2.65029e-05
-2.6813e-05
-2.71372e-05
-2.75978e-05
-2.83313e-05
-2.91955e-05
-2.98427e-05
-3.00749e-05
-3.00342e-05
-2.99402e-05
-2.98231e-05
-2.96422e-05
-2.80856e-05
-2.79912e-05
-2.7883e-05
-2.77323e-05
-2.75411e-05
-2.73689e-05
-2.71873e-05
-2.70289e-05
-2.69656e-05
-2.69819e-05
-2.69809e-05
-2.69252e-05
-2.68221e-05
-2.66931e-05
-2.65335e-05
-2.63068e-05
-2.59848e-05
-2.55865e-05
-2.52004e-05
-2.48977e-05
-2.47282e-05
-2.46315e-05
-2.4634e-05
-2.4745e-05
-2.49154e-05
-2.51057e-05
-2.52796e-05
-2.54242e-05
-2.55262e-05
-2.5652e-05
-2.58096e-05
-2.60544e-05
-2.64832e-05
-2.7064e-05
-2.7607e-05
-2.793e-05
-2.80562e-05
-2.81099e-05
-2.81793e-05
-2.81744e-05
-2.6342e-05
-2.63554e-05
-2.63613e-05
-2.63236e-05
-2.6239e-05
-2.614e-05
-2.6009e-05
-2.59003e-05
-2.58716e-05
-2.59497e-05
-2.60163e-05
-2.6007e-05
-2.59056e-05
-2.57644e-05
-2.56117e-05
-2.54729e-05
-2.52977e-05
-2.50813e-05
-2.48473e-05
-2.46415e-05
-2.44596e-05
-2.4313e-05
-2.42399e-05
-2.42709e-05
-2.43987e-05
-2.45625e-05
-2.47307e-05
-2.48739e-05
-2.49507e-05
-2.50081e-05
-2.50535e-05
-2.51255e-05
-2.52532e-05
-2.54792e-05
-2.57619e-05
-2.59805e-05
-2.60888e-05
-2.61458e-05
-2.62203e-05
-2.62963e-05
-2.41443e-05
-2.40674e-05
-2.40164e-05
-2.40063e-05
-2.39952e-05
-2.39703e-05
-2.39563e-05
-2.39371e-05
-2.3937e-05
-2.39892e-05
-2.41124e-05
-2.42145e-05
-2.42536e-05
-2.42602e-05
-2.42671e-05
-2.42557e-05
-2.42133e-05
-2.41202e-05
-2.40057e-05
-2.38917e-05
-2.3788e-05
-2.36845e-05
-2.36364e-05
-2.36579e-05
-2.3734e-05
-2.38251e-05
-2.39201e-05
-2.40192e-05
-2.41055e-05
-2.41719e-05
-2.42208e-05
-2.42627e-05
-2.42884e-05
-2.4338e-05
-2.44213e-05
-2.44786e-05
-2.44668e-05
-2.44005e-05
-2.43125e-05
-2.42291e-05
-2.18438e-05
-2.16626e-05
-2.14697e-05
-2.12488e-05
-2.10047e-05
-2.07859e-05
-2.05926e-05
-2.04229e-05
-2.02919e-05
-2.02365e-05
-2.02443e-05
-2.02818e-05
-2.03383e-05
-2.04204e-05
-2.05252e-05
-2.06215e-05
-2.06933e-05
-2.07763e-05
-2.08645e-05
-2.09452e-05
-2.10279e-05
-2.1111e-05
-2.12098e-05
-2.13203e-05
-2.14271e-05
-2.15634e-05
-2.17154e-05
-2.18795e-05
-2.20134e-05
-2.21154e-05
-2.2206e-05
-2.22966e-05
-2.23939e-05
-2.24575e-05
-2.24731e-05
-2.24397e-05
-2.23661e-05
-2.22784e-05
-2.2168e-05
-2.20265e-05
-1.8768e-05
-1.86749e-05
-1.8571e-05
-1.8424e-05
-1.82297e-05
-1.80355e-05
-1.78601e-05
-1.76937e-05
-1.75423e-05
-1.74319e-05
-1.73897e-05
-1.74149e-05
-1.74479e-05
-1.74771e-05
-1.75189e-05
-1.75316e-05
-1.75201e-05
-1.74968e-05
-1.74876e-05
-1.74845e-05
-1.74705e-05
-1.74765e-05
-1.75413e-05
-1.7636e-05
-1.77483e-05
-1.78371e-05
-1.79038e-05
-1.79638e-05
-1.80407e-05
-1.81119e-05
-1.82007e-05
-1.83105e-05
-1.84428e-05
-1.85608e-05
-1.86685e-05
-1.87751e-05
-1.88505e-05
-1.88774e-05
-1.88704e-05
-1.88343e-05
-1.63567e-05
-1.6385e-05
-1.63844e-05
-1.63418e-05
-1.6258e-05
-1.61548e-05
-1.60623e-05
-1.59763e-05
-1.58916e-05
-1.58379e-05
-1.58191e-05
-1.58231e-05
-1.58273e-05
-1.58244e-05
-1.58037e-05
-1.57647e-05
-1.56807e-05
-1.55936e-05
-1.55002e-05
-1.5414e-05
-1.53427e-05
-1.52894e-05
-1.52748e-05
-1.53091e-05
-1.53493e-05
-1.53784e-05
-1.54013e-05
-1.5428e-05
-1.54431e-05
-1.54759e-05
-1.55185e-05
-1.55815e-05
-1.56635e-05
-1.57725e-05
-1.58883e-05
-1.59883e-05
-1.60791e-05
-1.61561e-05
-1.62249e-05
-1.6297e-05
-1.40327e-05
-1.40013e-05
-1.39438e-05
-1.38401e-05
-1.36975e-05
-1.35622e-05
-1.3448e-05
-1.33404e-05
-1.3231e-05
-1.31421e-05
-1.30823e-05
-1.30583e-05
-1.3068e-05
-1.31019e-05
-1.31375e-05
-1.31632e-05
-1.31661e-05
-1.31713e-05
-1.31854e-05
-1.31876e-05
-1.3192e-05
-1.31898e-05
-1.31936e-05
-1.32237e-05
-1.32706e-05
-1.3325e-05
-1.33923e-05
-1.34559e-05
-1.3523e-05
-1.35847e-05
-1.36392e-05
-1.37036e-05
-1.37672e-05
-1.38222e-05
-1.38568e-05
-1.3902e-05
-1.39397e-05
-1.39723e-05
-1.40023e-05
-1.403e-05
-1.3952e-05
-1.38941e-05
-1.3828e-05
-1.37639e-05
-1.37033e-05
-1.36297e-05
-1.35501e-05
-1.34657e-05
-1.33753e-05
-1.33081e-05
-1.32669e-05
-1.32503e-05
-1.32633e-05
-1.32851e-05
-1.3323e-05
-1.33785e-05
-1.34263e-05
-1.34649e-05
-1.34884e-05
-1.35003e-05
-1.34946e-05
-1.34826e-05
-1.34731e-05
-1.34832e-05
-1.35159e-05
-1.35629e-05
-1.36223e-05
-1.3693e-05
-1.37539e-05
-1.38071e-05
-1.38462e-05
-1.3876e-05
-1.39197e-05
-1.39498e-05
-1.39738e-05
-1.40031e-05
-1.40211e-05
-1.40215e-05
-1.40153e-05
-1.39881e-05
-4.00884e-06
-4.15305e-06
-4.43099e-06
-4.80869e-06
-5.18005e-06
-5.49823e-06
-5.87041e-06
-6.21195e-06
-6.32734e-06
-6.20613e-06
-6.04363e-06
-5.72714e-06
-4.87427e-06
-3.5698e-06
-2.15356e-06
-7.86043e-07
2.96753e-07
1.02708e-06
1.53732e-06
1.84413e-06
1.91678e-06
1.74273e-06
1.37411e-06
1.00217e-06
7.07644e-07
4.29983e-07
4.16252e-08
-4.60922e-07
-9.41274e-07
-1.28718e-06
-1.5564e-06
-1.81579e-06
-2.12622e-06
-2.55039e-06
-3.08403e-06
-3.53084e-06
-3.71163e-06
-3.676e-06
-3.71204e-06
-3.89412e-06
-4.1892e-06
-4.32018e-06
-4.58484e-06
-4.95334e-06
-5.31641e-06
-5.62704e-06
-5.9901e-06
-6.3259e-06
-6.44242e-06
-6.32217e-06
-6.16524e-06
-5.85774e-06
-5.01421e-06
-3.72262e-06
-2.32876e-06
-9.92244e-07
6.87536e-08
7.88818e-07
1.29369e-06
1.6018e-06
1.67344e-06
1.50002e-06
1.1342e-06
7.62158e-07
4.72344e-07
1.99518e-07
-1.85567e-07
-6.83965e-07
-1.15447e-06
-1.49202e-06
-1.75189e-06
-2.00985e-06
-2.32421e-06
-2.75517e-06
-3.29475e-06
-3.74822e-06
-3.92909e-06
-3.8835e-06
-3.90697e-06
-4.08498e-06
-5.21418e-06
-5.37339e-06
-5.66029e-06
-6.04075e-06
-6.42166e-06
-6.73977e-06
-7.10271e-06
-7.41142e-06
-7.48605e-06
-7.32055e-06
-7.1071e-06
-6.74094e-06
-5.84618e-06
-4.52287e-06
-3.13201e-06
-1.84215e-06
-8.58531e-07
-2.18425e-07
2.23095e-07
4.74581e-07
5.02134e-07
2.93556e-07
-9.59236e-08
-4.78842e-07
-7.77638e-07
-1.04278e-06
-1.40282e-06
-1.87058e-06
-2.29988e-06
-2.59813e-06
-2.83461e-06
-3.07241e-06
-3.38456e-06
-3.82154e-06
-4.37186e-06
-4.82714e-06
-4.99078e-06
-4.9116e-06
-4.90688e-06
-5.08539e-06
-7.56588e-06
-7.7726e-06
-8.09161e-06
-8.47724e-06
-8.86585e-06
-9.216e-06
-9.58108e-06
-9.83167e-06
-9.81035e-06
-9.55692e-06
-9.26504e-06
-8.79371e-06
-7.79096e-06
-6.42474e-06
-5.08824e-06
-3.92077e-06
-3.1047e-06
-2.62193e-06
-2.3155e-06
-2.19946e-06
-2.30444e-06
-2.602e-06
-3.02644e-06
-3.42024e-06
-3.70279e-06
-3.92012e-06
-4.20016e-06
-4.57729e-06
-4.92761e-06
-5.17356e-06
-5.37834e-06
-5.58393e-06
-5.84815e-06
-6.2353e-06
-6.74332e-06
-7.15095e-06
-7.26469e-06
-7.1228e-06
-7.10304e-06
-7.35446e-06
-1.11032e-05
-1.13094e-05
-1.15752e-05
-1.19002e-05
-1.22438e-05
-1.25634e-05
-1.29099e-05
-1.31493e-05
-1.31156e-05
-1.28717e-05
-1.26007e-05
-1.21302e-05
-1.11148e-05
-9.78783e-06
-8.61496e-06
-7.73306e-06
-7.16586e-06
-6.8759e-06
-6.73049e-06
-6.74123e-06
-6.91337e-06
-7.19837e-06
-7.55116e-06
-7.87538e-06
-8.11873e-06
-8.28404e-06
-8.4788e-06
-8.75989e-06
-9.03926e-06
-9.26638e-06
-9.45221e-06
-9.58722e-06
-9.73423e-06
-9.99362e-06
-1.03854e-05
-1.06773e-05
-1.0701e-05
-1.0509e-05
-1.04982e-05
-1.08265e-05
-1.51793e-05
-1.53326e-05
-1.54851e-05
-1.56462e-05
-1.58658e-05
-1.61457e-05
-1.65018e-05
-1.68446e-05
-1.70127e-05
-1.69771e-05
-1.68781e-05
-1.65322e-05
-1.56365e-05
-1.44522e-05
-1.34453e-05
-1.27805e-05
-1.24426e-05
-1.2323e-05
-1.23317e-05
-1.2451e-05
-1.26259e-05
-1.28372e-05
-1.30533e-05
-1.32746e-05
-1.34742e-05
-1.35922e-05
-1.37296e-05
-1.39355e-05
-1.41472e-05
-1.43226e-05
-1.44776e-05
-1.4526e-05
-1.44872e-05
-1.45369e-05
-1.47708e-05
-1.49541e-05
-1.49079e-05
-1.46527e-05
-1.45773e-05
-1.48826e-05
-1.92672e-05
-1.93789e-05
-1.93905e-05
-1.93798e-05
-1.9495e-05
-1.9703e-05
-2.00754e-05
-2.05419e-05
-2.09561e-05
-2.12108e-05
-2.13849e-05
-2.12788e-05
-2.06279e-05
-1.96395e-05
-1.87851e-05
-1.82704e-05
-1.81037e-05
-1.81301e-05
-1.82362e-05
-1.84168e-05
-1.85815e-05
-1.86823e-05
-1.87824e-05
-1.89555e-05
-1.91279e-05
-1.91611e-05
-1.91554e-05
-1.92486e-05
-1.93925e-05
-1.95687e-05
-1.97396e-05
-1.97753e-05
-1.96282e-05
-1.94098e-05
-1.9337e-05
-1.93016e-05
-1.91429e-05
-1.88389e-05
-1.87191e-05
-1.89765e-05
-2.32188e-05
-2.34445e-05
-2.34267e-05
-2.32477e-05
-2.31826e-05
-2.32587e-05
-2.35467e-05
-2.39875e-05
-2.44633e-05
-2.49156e-05
-2.52822e-05
-2.54176e-05
-2.50778e-05
-2.44128e-05
-2.38219e-05
-2.35019e-05
-2.34314e-05
-2.34677e-05
-2.35558e-05
-2.37047e-05
-2.38421e-05
-2.38871e-05
-2.38854e-05
-2.39787e-05
-2.40618e-05
-2.4001e-05
-2.39033e-05
-2.39415e-05
-2.41514e-05
-2.45157e-05
-2.48821e-05
-2.50015e-05
-2.47785e-05
-2.43105e-05
-2.39008e-05
-2.35819e-05
-2.31489e-05
-2.26818e-05
-2.25221e-05
-2.28234e-05
-2.68771e-05
-2.73052e-05
-2.73836e-05
-2.71438e-05
-2.69015e-05
-2.67485e-05
-2.68009e-05
-2.70762e-05
-2.74352e-05
-2.78725e-05
-2.82701e-05
-2.84468e-05
-2.82481e-05
-2.77536e-05
-2.73353e-05
-2.71661e-05
-2.71873e-05
-2.72397e-05
-2.73044e-05
-2.74427e-05
-2.76436e-05
-2.77433e-05
-2.7761e-05
-2.76845e-05
-2.75595e-05
-2.74522e-05
-2.74026e-05
-2.74873e-05
-2.78047e-05
-2.82912e-05
-2.87578e-05
-2.89872e-05
-2.87311e-05
-2.82012e-05
-2.76614e-05
-2.71739e-05
-2.66442e-05
-2.61103e-05
-2.59239e-05
-2.62626e-05
-2.98559e-05
-3.03721e-05
-3.06261e-05
-3.0465e-05
-3.00454e-05
-2.96512e-05
-2.93943e-05
-2.93762e-05
-2.95022e-05
-2.97022e-05
-2.996e-05
-3.00852e-05
-3.00187e-05
-2.97644e-05
-2.94708e-05
-2.93291e-05
-2.93453e-05
-2.94733e-05
-2.96239e-05
-2.98206e-05
-3.00609e-05
-3.01826e-05
-3.00873e-05
-2.98926e-05
-2.96167e-05
-2.93907e-05
-2.93909e-05
-2.95661e-05
-2.98965e-05
-3.03177e-05
-3.07411e-05
-3.09779e-05
-3.08887e-05
-3.05953e-05
-3.02768e-05
-2.99609e-05
-2.95783e-05
-2.91471e-05
-2.89885e-05
-2.9242e-05
-3.17347e-05
-3.20299e-05
-3.20863e-05
-3.18435e-05
-3.13663e-05
-3.08618e-05
-3.04608e-05
-3.02754e-05
-3.02168e-05
-3.02907e-05
-3.05323e-05
-3.08142e-05
-3.09685e-05
-3.09753e-05
-3.09432e-05
-3.09451e-05
-3.10045e-05
-3.10882e-05
-3.10787e-05
-3.10427e-05
-3.10534e-05
-3.10967e-05
-3.10342e-05
-3.08447e-05
-3.06232e-05
-3.04837e-05
-3.05531e-05
-3.07862e-05
-3.11059e-05
-3.13932e-05
-3.16575e-05
-3.18425e-05
-3.18822e-05
-3.18434e-05
-3.18146e-05
-3.17489e-05
-3.15748e-05
-3.13445e-05
-3.12448e-05
-3.13784e-05
-3.22279e-05
-3.2362e-05
-3.23321e-05
-3.20791e-05
-3.17167e-05
-3.12444e-05
-3.08395e-05
-3.0581e-05
-3.03881e-05
-3.03781e-05
-3.06361e-05
-3.10019e-05
-3.13055e-05
-3.15311e-05
-3.17055e-05
-3.18261e-05
-3.18599e-05
-3.1786e-05
-3.15273e-05
-3.12119e-05
-3.1004e-05
-3.09119e-05
-3.07226e-05
-3.04225e-05
-3.01669e-05
-3.00411e-05
-3.0163e-05
-3.052e-05
-3.09326e-05
-3.13461e-05
-3.17033e-05
-3.18904e-05
-3.2005e-05
-3.21962e-05
-3.23309e-05
-3.23456e-05
-3.23103e-05
-3.21924e-05
-3.2077e-05
-3.2068e-05
-3.25387e-05
-3.25532e-05
-3.24876e-05
-3.23189e-05
-3.20389e-05
-3.17256e-05
-3.13851e-05
-3.10567e-05
-3.0809e-05
-3.07496e-05
-3.10075e-05
-3.14687e-05
-3.18246e-05
-3.20449e-05
-3.21145e-05
-3.20314e-05
-3.18149e-05
-3.15482e-05
-3.11504e-05
-3.06752e-05
-3.01616e-05
-2.96243e-05
-2.90857e-05
-2.85238e-05
-2.80035e-05
-2.76433e-05
-2.75681e-05
-2.78277e-05
-2.83468e-05
-2.8967e-05
-2.95893e-05
-3.01366e-05
-3.06557e-05
-3.12094e-05
-3.16839e-05
-3.20422e-05
-3.22908e-05
-3.23822e-05
-3.23929e-05
-3.24521e-05
-3.22745e-05
-3.24803e-05
-3.2563e-05
-3.24969e-05
-3.23054e-05
-3.20328e-05
-3.17537e-05
-3.13613e-05
-3.10035e-05
-3.08568e-05
-3.10361e-05
-3.13324e-05
-3.1514e-05
-3.1603e-05
-3.15615e-05
-3.13582e-05
-3.1039e-05
-3.06045e-05
-3.01157e-05
-2.95353e-05
-2.88721e-05
-2.816e-05
-2.75345e-05
-2.70228e-05
-2.6496e-05
-2.60595e-05
-2.57807e-05
-2.5853e-05
-2.62136e-05
-2.66981e-05
-2.72626e-05
-2.79134e-05
-2.86371e-05
-2.93609e-05
-3.00065e-05
-3.05394e-05
-3.10328e-05
-3.14865e-05
-3.18133e-05
-3.20533e-05
-3.05612e-05
-3.08941e-05
-3.11825e-05
-3.13462e-05
-3.13693e-05
-3.12888e-05
-3.10818e-05
-3.08066e-05
-3.0495e-05
-3.03258e-05
-3.02744e-05
-3.0296e-05
-3.02993e-05
-3.02257e-05
-3.01138e-05
-2.99311e-05
-2.96379e-05
-2.92479e-05
-2.87669e-05
-2.82285e-05
-2.76711e-05
-2.71679e-05
-2.67551e-05
-2.64672e-05
-2.62398e-05
-2.61079e-05
-2.60898e-05
-2.61327e-05
-2.62612e-05
-2.64934e-05
-2.68223e-05
-2.72669e-05
-2.77728e-05
-2.82507e-05
-2.86806e-05
-2.90378e-05
-2.93538e-05
-2.96622e-05
-2.99666e-05
-3.0256e-05
-2.89456e-05
-2.90548e-05
-2.91734e-05
-2.93024e-05
-2.94325e-05
-2.9513e-05
-2.95369e-05
-2.95047e-05
-2.9426e-05
-2.92887e-05
-2.91855e-05
-2.9151e-05
-2.91638e-05
-2.91372e-05
-2.90285e-05
-2.89329e-05
-2.88117e-05
-2.86026e-05
-2.83039e-05
-2.79397e-05
-2.76008e-05
-2.72998e-05
-2.71021e-05
-2.69393e-05
-2.68414e-05
-2.67994e-05
-2.68174e-05
-2.6895e-05
-2.70136e-05
-2.71764e-05
-2.74349e-05
-2.77492e-05
-2.80419e-05
-2.82767e-05
-2.8496e-05
-2.86369e-05
-2.87164e-05
-2.87879e-05
-2.88452e-05
-2.8884e-05
-2.81596e-05
-2.82878e-05
-2.84703e-05
-2.86269e-05
-2.8775e-05
-2.89244e-05
-2.91123e-05
-2.92894e-05
-2.94152e-05
-2.94811e-05
-2.95365e-05
-2.95953e-05
-2.95777e-05
-2.95004e-05
-2.94463e-05
-2.9352e-05
-2.91963e-05
-2.89997e-05
-2.87959e-05
-2.8568e-05
-2.83306e-05
-2.81537e-05
-2.80495e-05
-2.80137e-05
-2.79673e-05
-2.78627e-05
-2.77503e-05
-2.76724e-05
-2.76231e-05
-2.76514e-05
-2.7751e-05
-2.79105e-05
-2.80805e-05
-2.82105e-05
-2.82981e-05
-2.83435e-05
-2.82956e-05
-2.81775e-05
-2.81021e-05
-2.80862e-05
-2.82492e-05
-2.85013e-05
-2.8748e-05
-2.89429e-05
-2.91205e-05
-2.93033e-05
-2.95113e-05
-2.97051e-05
-2.98891e-05
-3.00392e-05
-3.01697e-05
-3.02183e-05
-3.01591e-05
-3.00297e-05
-2.99033e-05
-2.97541e-05
-2.95753e-05
-2.93663e-05
-2.91351e-05
-2.8921e-05
-2.87508e-05
-2.86289e-05
-2.85428e-05
-2.84795e-05
-2.84129e-05
-2.83103e-05
-2.81869e-05
-2.8077e-05
-2.79673e-05
-2.78471e-05
-2.77779e-05
-2.78038e-05
-2.78773e-05
-2.79689e-05
-2.80081e-05
-2.79929e-05
-2.79141e-05
-2.78531e-05
-2.78924e-05
-2.8031e-05
-2.7263e-05
-2.74346e-05
-2.76027e-05
-2.77501e-05
-2.78699e-05
-2.79897e-05
-2.81068e-05
-2.8236e-05
-2.83905e-05
-2.85702e-05
-2.87233e-05
-2.88034e-05
-2.87844e-05
-2.86825e-05
-2.85634e-05
-2.84733e-05
-2.84108e-05
-2.83876e-05
-2.83596e-05
-2.83106e-05
-2.8246e-05
-2.82159e-05
-2.82211e-05
-2.82403e-05
-2.82365e-05
-2.82077e-05
-2.81647e-05
-2.80832e-05
-2.79613e-05
-2.78014e-05
-2.76514e-05
-2.75798e-05
-2.75648e-05
-2.75853e-05
-2.75946e-05
-2.75304e-05
-2.73827e-05
-2.72157e-05
-2.71325e-05
-2.71544e-05
-2.53524e-05
-2.52581e-05
-2.52214e-05
-2.51827e-05
-2.51483e-05
-2.5131e-05
-2.51543e-05
-2.5195e-05
-2.52554e-05
-2.53814e-05
-2.55486e-05
-2.5674e-05
-2.5722e-05
-2.57092e-05
-2.5663e-05
-2.56294e-05
-2.56297e-05
-2.56628e-05
-2.56929e-05
-2.57187e-05
-2.5736e-05
-2.57731e-05
-2.58501e-05
-2.59647e-05
-2.6108e-05
-2.62718e-05
-2.64315e-05
-2.65426e-05
-2.66202e-05
-2.66611e-05
-2.66664e-05
-2.66369e-05
-2.6595e-05
-2.65348e-05
-2.64821e-05
-2.63979e-05
-2.62195e-05
-2.59765e-05
-2.57232e-05
-2.55009e-05
-2.38337e-05
-2.37045e-05
-2.35906e-05
-2.34957e-05
-2.34105e-05
-2.33238e-05
-2.32328e-05
-2.31757e-05
-2.31375e-05
-2.31317e-05
-2.31925e-05
-2.3271e-05
-2.33114e-05
-2.33028e-05
-2.32728e-05
-2.32448e-05
-2.32122e-05
-2.31745e-05
-2.31619e-05
-2.3167e-05
-2.32007e-05
-2.32645e-05
-2.33548e-05
-2.34724e-05
-2.36245e-05
-2.37945e-05
-2.39458e-05
-2.40764e-05
-2.41875e-05
-2.42882e-05
-2.43734e-05
-2.44589e-05
-2.45152e-05
-2.45215e-05
-2.44951e-05
-2.4443e-05
-2.4349e-05
-2.42158e-05
-2.40825e-05
-2.39605e-05
-2.06188e-05
-2.05795e-05
-2.05438e-05
-2.04987e-05
-2.04456e-05
-2.03956e-05
-2.03468e-05
-2.0303e-05
-2.02681e-05
-2.02493e-05
-2.02638e-05
-2.02837e-05
-2.03013e-05
-2.03148e-05
-2.03101e-05
-2.02896e-05
-2.02451e-05
-2.0192e-05
-2.01666e-05
-2.01548e-05
-2.01188e-05
-2.00892e-05
-2.01076e-05
-2.01665e-05
-2.02465e-05
-2.0322e-05
-2.04143e-05
-2.05037e-05
-2.05671e-05
-2.0622e-05
-2.06771e-05
-2.07316e-05
-2.07658e-05
-2.07916e-05
-2.08014e-05
-2.08005e-05
-2.07723e-05
-2.07209e-05
-2.0672e-05
-2.06482e-05
-1.7919e-05
-1.7864e-05
-1.77877e-05
-1.76973e-05
-1.75983e-05
-1.75232e-05
-1.74733e-05
-1.74331e-05
-1.74168e-05
-1.74411e-05
-1.74938e-05
-1.75512e-05
-1.75964e-05
-1.76152e-05
-1.76248e-05
-1.7621e-05
-1.76032e-05
-1.75601e-05
-1.75028e-05
-1.74621e-05
-1.74284e-05
-1.74067e-05
-1.74082e-05
-1.74391e-05
-1.74701e-05
-1.75055e-05
-1.75337e-05
-1.75597e-05
-1.75927e-05
-1.76312e-05
-1.7694e-05
-1.77546e-05
-1.78173e-05
-1.78804e-05
-1.79404e-05
-1.79695e-05
-1.79671e-05
-1.79543e-05
-1.79454e-05
-1.79413e-05
-1.431e-05
-1.42453e-05
-1.41474e-05
-1.40325e-05
-1.38879e-05
-1.37379e-05
-1.35952e-05
-1.34635e-05
-1.33463e-05
-1.32684e-05
-1.32272e-05
-1.3225e-05
-1.32582e-05
-1.33077e-05
-1.33453e-05
-1.33774e-05
-1.34056e-05
-1.34365e-05
-1.34611e-05
-1.34939e-05
-1.35183e-05
-1.35404e-05
-1.35836e-05
-1.36394e-05
-1.37005e-05
-1.37596e-05
-1.38199e-05
-1.39134e-05
-1.40133e-05
-1.41072e-05
-1.41982e-05
-1.4288e-05
-1.43667e-05
-1.44236e-05
-1.44541e-05
-1.44599e-05
-1.4451e-05
-1.44173e-05
-1.43851e-05
-1.43539e-05
-1.39105e-05
-1.38572e-05
-1.37874e-05
-1.37237e-05
-1.36423e-05
-1.35695e-05
-1.35044e-05
-1.34356e-05
-1.3375e-05
-1.33403e-05
-1.33363e-05
-1.33475e-05
-1.33778e-05
-1.34141e-05
-1.34522e-05
-1.34815e-05
-1.35148e-05
-1.35417e-05
-1.35639e-05
-1.35729e-05
-1.35825e-05
-1.35827e-05
-1.35965e-05
-1.36279e-05
-1.36677e-05
-1.37184e-05
-1.37805e-05
-1.38392e-05
-1.3907e-05
-1.39528e-05
-1.39781e-05
-1.40051e-05
-1.40186e-05
-1.40155e-05
-1.40161e-05
-1.40085e-05
-1.39904e-05
-1.39763e-05
-1.39526e-05
-1.39323e-05
1.2578e-06
1.13729e-06
9.58885e-07
8.01604e-07
6.76591e-07
5.17513e-07
3.01612e-07
9.62012e-08
8.18408e-08
1.60815e-07
1.10633e-07
-1.1386e-07
-3.73072e-07
-5.17554e-07
-4.75615e-07
-3.80868e-07
-3.95552e-07
-5.17175e-07
-6.46984e-07
-6.97205e-07
-6.66216e-07
-6.27093e-07
-6.56415e-07
-7.62268e-07
-7.94746e-07
-7.45589e-07
-6.37643e-07
-4.35884e-07
-9.99832e-08
2.7713e-07
5.34112e-07
6.64787e-07
7.8603e-07
9.22823e-07
1.02415e-06
1.14234e-06
1.36964e-06
1.60525e-06
1.57975e-06
1.40215e-06
9.99424e-07
8.87962e-07
7.20919e-07
5.68961e-07
4.53211e-07
3.04023e-07
9.89656e-08
-9.7423e-08
-1.04717e-07
-2.26845e-08
-7.33258e-08
-2.99239e-07
-5.58799e-07
-7.04663e-07
-6.69262e-07
-5.83248e-07
-6.05393e-07
-7.28554e-07
-8.51211e-07
-9.02098e-07
-8.7875e-07
-8.46481e-07
-8.83425e-07
-9.95234e-07
-1.0283e-06
-9.73367e-07
-8.60091e-07
-6.49719e-07
-3.0761e-07
6.95173e-08
3.21837e-07
4.45005e-07
5.56563e-07
6.86539e-07
7.85443e-07
8.9447e-07
1.11066e-06
1.33812e-06
1.31006e-06
1.13556e-06
1.21206e-07
3.49274e-08
-1.15173e-07
-2.52684e-07
-3.73977e-07
-5.35006e-07
-7.52804e-07
-9.60667e-07
-9.66545e-07
-8.83136e-07
-9.45315e-07
-1.1772e-06
-1.43983e-06
-1.59041e-06
-1.56536e-06
-1.50885e-06
-1.57397e-06
-1.73208e-06
-1.88139e-06
-1.93808e-06
-1.91608e-06
-1.90128e-06
-1.95814e-06
-2.08332e-06
-2.10997e-06
-2.02533e-06
-1.86404e-06
-1.6194e-06
-1.24516e-06
-8.2489e-07
-5.37905e-07
-4.02383e-07
-2.83936e-07
-1.43151e-07
-3.38801e-08
7.49906e-08
2.72335e-07
4.75749e-07
4.25924e-07
2.3934e-07
-1.8381e-06
-1.94173e-06
-2.1225e-06
-2.28756e-06
-2.43535e-06
-2.64208e-06
-2.91843e-06
-3.15543e-06
-3.15149e-06
-3.03343e-06
-3.07565e-06
-3.30728e-06
-3.57166e-06
-3.73535e-06
-3.73761e-06
-3.71189e-06
-3.83611e-06
-4.04736e-06
-4.2009e-06
-4.24443e-06
-4.20566e-06
-4.17441e-06
-4.22051e-06
-4.33663e-06
-4.34925e-06
-4.2287e-06
-4.03832e-06
-3.77789e-06
-3.37767e-06
-2.92032e-06
-2.59826e-06
-2.44265e-06
-2.31908e-06
-2.1623e-06
-2.02204e-06
-1.89977e-06
-1.69261e-06
-1.47633e-06
-1.51536e-06
-1.70882e-06
-5.10355e-06
-5.34612e-06
-5.64245e-06
-5.84766e-06
-6.02743e-06
-6.28378e-06
-6.60225e-06
-6.85418e-06
-6.77436e-06
-6.54959e-06
-6.53576e-06
-6.74364e-06
-6.98048e-06
-7.15797e-06
-7.22053e-06
-7.25618e-06
-7.4221e-06
-7.60397e-06
-7.68006e-06
-7.63112e-06
-7.51879e-06
-7.43478e-06
-7.4575e-06
-7.55394e-06
-7.56662e-06
-7.47866e-06
-7.35174e-06
-7.15645e-06
-6.82837e-06
-6.41937e-06
-6.07209e-06
-5.8702e-06
-5.69773e-06
-5.50948e-06
-5.34865e-06
-5.21205e-06
-4.99125e-06
-4.69812e-06
-4.66447e-06
-4.87799e-06
-9.51466e-06
-9.9583e-06
-1.04035e-05
-1.06517e-05
-1.08328e-05
-1.11094e-05
-1.14361e-05
-1.16965e-05
-1.16468e-05
-1.13925e-05
-1.12836e-05
-1.13698e-05
-1.15618e-05
-1.17838e-05
-1.1901e-05
-1.19274e-05
-1.19749e-05
-1.19328e-05
-1.17613e-05
-1.15279e-05
-1.13325e-05
-1.12577e-05
-1.1312e-05
-1.14427e-05
-1.14929e-05
-1.14855e-05
-1.14901e-05
-1.15057e-05
-1.13697e-05
-1.10922e-05
-1.07781e-05
-1.05174e-05
-1.02998e-05
-1.00673e-05
-9.84506e-06
-9.66989e-06
-9.42465e-06
-9.09153e-06
-8.96411e-06
-9.1611e-06
-1.50585e-05
-1.55131e-05
-1.59671e-05
-1.6251e-05
-1.64646e-05
-1.66783e-05
-1.6853e-05
-1.70141e-05
-1.69827e-05
-1.68199e-05
-1.67505e-05
-1.68083e-05
-1.69763e-05
-1.72274e-05
-1.7344e-05
-1.72171e-05
-1.70131e-05
-1.67083e-05
-1.6301e-05
-1.5942e-05
-1.57168e-05
-1.56482e-05
-1.56874e-05
-1.58015e-05
-1.59029e-05
-1.59855e-05
-1.61146e-05
-1.62482e-05
-1.62037e-05
-1.59529e-05
-1.56172e-05
-1.53132e-05
-1.50733e-05
-1.4892e-05
-1.47875e-05
-1.47381e-05
-1.46646e-05
-1.45129e-05
-1.4473e-05
-1.46868e-05
-2.06507e-05
-2.11155e-05
-2.15757e-05
-2.18927e-05
-2.21362e-05
-2.2326e-05
-2.23487e-05
-2.22735e-05
-2.21491e-05
-2.20835e-05
-2.21451e-05
-2.22635e-05
-2.23974e-05
-2.25269e-05
-2.24937e-05
-2.22224e-05
-2.18561e-05
-2.14529e-05
-2.10691e-05
-2.07691e-05
-2.06054e-05
-2.05726e-05
-2.06221e-05
-2.06986e-05
-2.07428e-05
-2.0827e-05
-2.10109e-05
-2.11606e-05
-2.10728e-05
-2.07499e-05
-2.0357e-05
-2.00635e-05
-1.97984e-05
-1.96147e-05
-1.96093e-05
-1.97509e-05
-1.99187e-05
-1.99696e-05
-2.00713e-05
-2.03048e-05
-2.49313e-05
-2.53847e-05
-2.58429e-05
-2.6173e-05
-2.64523e-05
-2.67555e-05
-2.68757e-05
-2.68647e-05
-2.68091e-05
-2.68353e-05
-2.70069e-05
-2.71443e-05
-2.71599e-05
-2.70401e-05
-2.67736e-05
-2.63521e-05
-2.59242e-05
-2.55983e-05
-2.54033e-05
-2.53317e-05
-2.53472e-05
-2.54504e-05
-2.56094e-05
-2.57129e-05
-2.57272e-05
-2.57829e-05
-2.59554e-05
-2.60048e-05
-2.58316e-05
-2.54508e-05
-2.50424e-05
-2.47344e-05
-2.44505e-05
-2.42211e-05
-2.41456e-05
-2.42682e-05
-2.44404e-05
-2.44638e-05
-2.44526e-05
-2.45994e-05
-2.82281e-05
-2.8424e-05
-2.865e-05
-2.87849e-05
-2.89794e-05
-2.93419e-05
-2.96475e-05
-2.9874e-05
-2.99921e-05
-3.0076e-05
-3.01991e-05
-3.02554e-05
-3.01832e-05
-3.00801e-05
-2.98817e-05
-2.95052e-05
-2.91472e-05
-2.89347e-05
-2.89304e-05
-2.90234e-05
-2.91542e-05
-2.9354e-05
-2.96119e-05
-2.97628e-05
-2.97702e-05
-2.97642e-05
-2.97493e-05
-2.96501e-05
-2.93799e-05
-2.90032e-05
-2.86424e-05
-2.84071e-05
-2.82157e-05
-2.80951e-05
-2.80972e-05
-2.825e-05
-2.84124e-05
-2.83344e-05
-2.81984e-05
-2.81566e-05
-3.08782e-05
-3.07419e-05
-3.06871e-05
-3.06386e-05
-3.06951e-05
-3.09988e-05
-3.13743e-05
-3.16339e-05
-3.17891e-05
-3.17924e-05
-3.16893e-05
-3.15697e-05
-3.15642e-05
-3.16701e-05
-3.17406e-05
-3.16485e-05
-3.15115e-05
-3.14484e-05
-3.14612e-05
-3.1582e-05
-3.17723e-05
-3.20956e-05
-3.24551e-05
-3.2676e-05
-3.2733e-05
-3.25927e-05
-3.23312e-05
-3.20083e-05
-3.16181e-05
-3.12269e-05
-3.0961e-05
-3.09191e-05
-3.10381e-05
-3.11855e-05
-3.13576e-05
-3.15844e-05
-3.17493e-05
-3.16592e-05
-3.14032e-05
-3.11295e-05
-3.2365e-05
-3.1954e-05
-3.16756e-05
-3.15902e-05
-3.17053e-05
-3.20194e-05
-3.23643e-05
-3.26372e-05
-3.27712e-05
-3.27559e-05
-3.26109e-05
-3.25084e-05
-3.25943e-05
-3.27917e-05
-3.29816e-05
-3.30488e-05
-3.30844e-05
-3.31455e-05
-3.3201e-05
-3.33119e-05
-3.3486e-05
-3.36692e-05
-3.38163e-05
-3.39145e-05
-3.38812e-05
-3.37019e-05
-3.34497e-05
-3.31369e-05
-3.27393e-05
-3.2358e-05
-3.21785e-05
-3.22886e-05
-3.26339e-05
-3.30482e-05
-3.33771e-05
-3.35512e-05
-3.36025e-05
-3.34593e-05
-3.31756e-05
-3.28039e-05
-3.31417e-05
-3.26594e-05
-3.226e-05
-3.20576e-05
-3.21078e-05
-3.2435e-05
-3.28433e-05
-3.31333e-05
-3.32986e-05
-3.33062e-05
-3.33204e-05
-3.34195e-05
-3.36551e-05
-3.39905e-05
-3.42703e-05
-3.44083e-05
-3.44267e-05
-3.44036e-05
-3.43915e-05
-3.43318e-05
-3.43379e-05
-3.43298e-05
-3.42415e-05
-3.4087e-05
-3.38839e-05
-3.37591e-05
-3.3652e-05
-3.34824e-05
-3.326e-05
-3.30237e-05
-3.3009e-05
-3.31648e-05
-3.34271e-05
-3.37217e-05
-3.40233e-05
-3.41861e-05
-3.42132e-05
-3.41335e-05
-3.39333e-05
-3.35784e-05
-3.3765e-05
-3.34436e-05
-3.31922e-05
-3.30559e-05
-3.3073e-05
-3.32851e-05
-3.35387e-05
-3.37074e-05
-3.37582e-05
-3.3784e-05
-3.38068e-05
-3.38372e-05
-3.3953e-05
-3.41493e-05
-3.44035e-05
-3.4657e-05
-3.48986e-05
-3.50552e-05
-3.51779e-05
-3.52806e-05
-3.54049e-05
-3.53741e-05
-3.51993e-05
-3.50021e-05
-3.47675e-05
-3.45514e-05
-3.43998e-05
-3.4264e-05
-3.41255e-05
-3.40015e-05
-3.39919e-05
-3.41e-05
-3.42476e-05
-3.44037e-05
-3.44858e-05
-3.45002e-05
-3.44698e-05
-3.44352e-05
-3.43416e-05
-3.40964e-05
-3.37063e-05
-3.34965e-05
-3.33425e-05
-3.32241e-05
-3.32403e-05
-3.33854e-05
-3.35616e-05
-3.36588e-05
-3.37605e-05
-3.3833e-05
-3.38519e-05
-3.38757e-05
-3.39397e-05
-3.41201e-05
-3.43393e-05
-3.45247e-05
-3.46849e-05
-3.47708e-05
-3.48865e-05
-3.50769e-05
-3.53382e-05
-3.55892e-05
-3.57391e-05
-3.57585e-05
-3.56985e-05
-3.5561e-05
-3.5416e-05
-3.5227e-05
-3.49869e-05
-3.47621e-05
-3.45991e-05
-3.45336e-05
-3.44506e-05
-3.43543e-05
-3.43511e-05
-3.42755e-05
-3.41509e-05
-3.41048e-05
-3.40276e-05
-3.39075e-05
-3.3506e-05
-3.34169e-05
-3.33332e-05
-3.32407e-05
-3.31917e-05
-3.32316e-05
-3.32782e-05
-3.33398e-05
-3.34536e-05
-3.35805e-05
-3.37326e-05
-3.38876e-05
-3.40113e-05
-3.4127e-05
-3.42379e-05
-3.43881e-05
-3.45218e-05
-3.46061e-05
-3.46992e-05
-3.48354e-05
-3.5098e-05
-3.5443e-05
-3.56977e-05
-3.58385e-05
-3.58371e-05
-3.57778e-05
-3.57082e-05
-3.56082e-05
-3.54717e-05
-3.53052e-05
-3.51346e-05
-3.4981e-05
-3.47605e-05
-3.45137e-05
-3.43231e-05
-3.41366e-05
-3.39117e-05
-3.37046e-05
-3.36115e-05
-3.35713e-05
-3.3834e-05
-3.39579e-05
-3.4012e-05
-3.39975e-05
-3.39597e-05
-3.40051e-05
-3.40731e-05
-3.41831e-05
-3.43163e-05
-3.4426e-05
-3.44821e-05
-3.44819e-05
-3.44136e-05
-3.42709e-05
-3.41127e-05
-3.39429e-05
-3.37602e-05
-3.36461e-05
-3.35879e-05
-3.35942e-05
-3.36967e-05
-3.38847e-05
-3.40623e-05
-3.41393e-05
-3.4132e-05
-3.41158e-05
-3.4166e-05
-3.42043e-05
-3.42417e-05
-3.43248e-05
-3.44226e-05
-3.45086e-05
-3.45186e-05
-3.44093e-05
-3.42908e-05
-3.41605e-05
-3.39788e-05
-3.37995e-05
-3.36982e-05
-3.3708e-05
-3.3851e-05
-3.40244e-05
-3.41649e-05
-3.42096e-05
-3.41797e-05
-3.41611e-05
-3.41676e-05
-3.42123e-05
-3.43374e-05
-3.44663e-05
-3.45707e-05
-3.46126e-05
-3.45629e-05
-3.44059e-05
-3.41916e-05
-3.39316e-05
-3.36388e-05
-3.33393e-05
-3.30631e-05
-3.28288e-05
-3.26502e-05
-3.25623e-05
-3.25653e-05
-3.25777e-05
-3.25518e-05
-3.25571e-05
-3.26629e-05
-3.2846e-05
-3.30295e-05
-3.32175e-05
-3.34536e-05
-3.37253e-05
-3.39323e-05
-3.4007e-05
-3.40005e-05
-3.39868e-05
-3.39322e-05
-3.38245e-05
-3.37373e-05
-3.37336e-05
-3.15474e-05
-3.1618e-05
-3.16964e-05
-3.17109e-05
-3.16682e-05
-3.16151e-05
-3.15892e-05
-3.15867e-05
-3.16256e-05
-3.16969e-05
-3.17787e-05
-3.18653e-05
-3.18667e-05
-3.17474e-05
-3.15501e-05
-3.13124e-05
-3.10906e-05
-3.08838e-05
-3.06918e-05
-3.05511e-05
-3.04843e-05
-3.04725e-05
-3.05076e-05
-3.05836e-05
-3.06903e-05
-3.07946e-05
-3.0891e-05
-3.10059e-05
-3.11019e-05
-3.11653e-05
-3.12196e-05
-3.13083e-05
-3.13935e-05
-3.14671e-05
-3.15325e-05
-3.16103e-05
-3.16636e-05
-3.16619e-05
-3.16039e-05
-3.15431e-05
-2.78411e-05
-2.77437e-05
-2.76755e-05
-2.75987e-05
-2.75191e-05
-2.74565e-05
-2.74587e-05
-2.75026e-05
-2.75634e-05
-2.76267e-05
-2.76767e-05
-2.77121e-05
-2.77062e-05
-2.76389e-05
-2.75373e-05
-2.74121e-05
-2.73085e-05
-2.72577e-05
-2.72471e-05
-2.7256e-05
-2.7276e-05
-2.73275e-05
-2.74025e-05
-2.74869e-05
-2.75846e-05
-2.77026e-05
-2.78366e-05
-2.79755e-05
-2.81175e-05
-2.82304e-05
-2.83453e-05
-2.84344e-05
-2.84822e-05
-2.84797e-05
-2.84397e-05
-2.83787e-05
-2.83078e-05
-2.82092e-05
-2.80917e-05
-2.79701e-05
-2.49783e-05
-2.48383e-05
-2.46844e-05
-2.45212e-05
-2.43726e-05
-2.42885e-05
-2.42665e-05
-2.4284e-05
-2.43307e-05
-2.43926e-05
-2.44717e-05
-2.45456e-05
-2.45673e-05
-2.45152e-05
-2.44166e-05
-2.43045e-05
-2.41725e-05
-2.40545e-05
-2.39867e-05
-2.39529e-05
-2.39409e-05
-2.39785e-05
-2.40665e-05
-2.41994e-05
-2.43641e-05
-2.45524e-05
-2.47575e-05
-2.49492e-05
-2.51195e-05
-2.52823e-05
-2.54292e-05
-2.55241e-05
-2.558e-05
-2.5612e-05
-2.55936e-05
-2.55177e-05
-2.54169e-05
-2.53139e-05
-2.52133e-05
-2.51043e-05
-2.18321e-05
-2.18151e-05
-2.17679e-05
-2.17186e-05
-2.16849e-05
-2.16835e-05
-2.16887e-05
-2.16681e-05
-2.16595e-05
-2.16765e-05
-2.17088e-05
-2.17466e-05
-2.17813e-05
-2.17879e-05
-2.17783e-05
-2.17342e-05
-2.167e-05
-2.16193e-05
-2.15625e-05
-2.15049e-05
-2.14651e-05
-2.14529e-05
-2.14711e-05
-2.1505e-05
-2.15562e-05
-2.16111e-05
-2.16729e-05
-2.17419e-05
-2.1799e-05
-2.1857e-05
-2.19249e-05
-2.19954e-05
-2.20486e-05
-2.20665e-05
-2.20607e-05
-2.2034e-05
-2.19927e-05
-2.19441e-05
-2.19046e-05
-2.1866e-05
-1.90171e-05
-1.89991e-05
-1.89732e-05
-1.8913e-05
-1.8829e-05
-1.87586e-05
-1.86897e-05
-1.86014e-05
-1.8518e-05
-1.84735e-05
-1.84699e-05
-1.84978e-05
-1.85308e-05
-1.85612e-05
-1.85909e-05
-1.86069e-05
-1.8597e-05
-1.85716e-05
-1.85546e-05
-1.85441e-05
-1.85338e-05
-1.85309e-05
-1.85574e-05
-1.86119e-05
-1.86672e-05
-1.87239e-05
-1.87884e-05
-1.88644e-05
-1.89422e-05
-1.90127e-05
-1.90804e-05
-1.91365e-05
-1.91758e-05
-1.91909e-05
-1.9189e-05
-1.9171e-05
-1.9148e-05
-1.91091e-05
-1.90669e-05
-1.90335e-05
-1.46112e-05
-1.45724e-05
-1.45178e-05
-1.44502e-05
-1.43701e-05
-1.42695e-05
-1.41598e-05
-1.40398e-05
-1.39265e-05
-1.38552e-05
-1.38268e-05
-1.38306e-05
-1.38595e-05
-1.3897e-05
-1.39283e-05
-1.39518e-05
-1.39806e-05
-1.40095e-05
-1.40424e-05
-1.40781e-05
-1.40907e-05
-1.41023e-05
-1.41174e-05
-1.41418e-05
-1.4179e-05
-1.42288e-05
-1.4297e-05
-1.43755e-05
-1.44614e-05
-1.45492e-05
-1.4632e-05
-1.47124e-05
-1.4764e-05
-1.48039e-05
-1.48094e-05
-1.48008e-05
-1.47661e-05
-1.47217e-05
-1.46706e-05
-1.46465e-05
-1.40116e-05
-1.39467e-05
-1.38913e-05
-1.38345e-05
-1.37724e-05
-1.37042e-05
-1.363e-05
-1.35539e-05
-1.34752e-05
-1.3422e-05
-1.34041e-05
-1.34084e-05
-1.34307e-05
-1.3458e-05
-1.34744e-05
-1.349e-05
-1.35078e-05
-1.35229e-05
-1.35327e-05
-1.35464e-05
-1.35549e-05
-1.3554e-05
-1.3567e-05
-1.36031e-05
-1.36593e-05
-1.37154e-05
-1.37745e-05
-1.38558e-05
-1.3938e-05
-1.40034e-05
-1.40642e-05
-1.41192e-05
-1.41573e-05
-1.4175e-05
-1.41767e-05
-1.41716e-05
-1.41557e-05
-1.41214e-05
-1.40801e-05
-1.40523e-05
-1.7375e-06
-1.39195e-06
-9.08926e-07
-2.20947e-07
5.98997e-07
1.4422e-06
2.26639e-06
2.96564e-06
3.35343e-06
3.38948e-06
3.16891e-06
2.84253e-06
2.42922e-06
1.92044e-06
1.41875e-06
9.77796e-07
7.29163e-07
6.94152e-07
6.80532e-07
5.35328e-07
2.08089e-07
-2.73635e-07
-9.07113e-07
-1.61468e-06
-2.20941e-06
-2.57084e-06
-2.74714e-06
-2.75323e-06
-2.64355e-06
-2.49812e-06
-2.48586e-06
-2.6874e-06
-2.91455e-06
-2.94267e-06
-2.77613e-06
-2.57237e-06
-2.39698e-06
-2.24536e-06
-2.12335e-06
-1.9775e-06
-1.95407e-06
-1.61635e-06
-1.14012e-06
-4.54816e-07
3.59933e-07
1.20046e-06
2.02947e-06
2.74327e-06
3.15031e-06
3.19989e-06
2.99409e-06
2.68174e-06
2.27623e-06
1.76986e-06
1.26777e-06
8.24884e-07
5.69752e-07
5.25369e-07
5.01661e-07
3.48409e-07
1.98104e-08
-4.59196e-07
-1.09105e-06
-1.799e-06
-2.39163e-06
-2.74579e-06
-2.91384e-06
-2.90852e-06
-2.78708e-06
-2.63318e-06
-2.61821e-06
-2.82074e-06
-3.04972e-06
-3.08212e-06
-2.92029e-06
-2.72202e-06
-2.55553e-06
-2.41297e-06
-2.30624e-06
-2.17905e-06
-2.82499e-06
-2.52345e-06
-2.07102e-06
-1.39808e-06
-5.81351e-07
2.68428e-07
1.11054e-06
1.83069e-06
2.24836e-06
2.30116e-06
2.08339e-06
1.75555e-06
1.3475e-06
8.37359e-07
3.33005e-07
-1.16313e-07
-3.74647e-07
-4.3524e-07
-4.81153e-07
-6.5296e-07
-9.91608e-07
-1.4661e-06
-2.08528e-06
-2.76748e-06
-3.33351e-06
-3.66834e-06
-3.82789e-06
-3.8234e-06
-3.69236e-06
-3.52182e-06
-3.48691e-06
-3.66678e-06
-3.87159e-06
-3.88696e-06
-3.7213e-06
-3.52922e-06
-3.37021e-06
-3.23022e-06
-3.13025e-06
-3.02323e-06
-4.73379e-06
-4.44003e-06
-4.0334e-06
-3.4031e-06
-2.5956e-06
-1.73609e-06
-8.95026e-07
-2.20212e-07
1.26695e-07
1.22756e-07
-1.37519e-07
-4.98821e-07
-9.44752e-07
-1.47747e-06
-1.99242e-06
-2.4144e-06
-2.64989e-06
-2.70128e-06
-2.7451e-06
-2.9053e-06
-3.21919e-06
-3.6613e-06
-4.2618e-06
-4.93081e-06
-5.47926e-06
-5.81379e-06
-5.98231e-06
-5.99174e-06
-5.86029e-06
-5.67886e-06
-5.62647e-06
-5.77357e-06
-5.92898e-06
-5.91087e-06
-5.73403e-06
-5.55818e-06
-5.41956e-06
-5.26316e-06
-5.1049e-06
-4.94842e-06
-7.80259e-06
-7.47865e-06
-7.0967e-06
-6.55366e-06
-5.83545e-06
-5.06695e-06
-4.30801e-06
-3.71878e-06
-3.45294e-06
-3.51061e-06
-3.82173e-06
-4.19772e-06
-4.61882e-06
-5.11266e-06
-5.5908e-06
-5.98037e-06
-6.17517e-06
-6.19584e-06
-6.18189e-06
-6.26611e-06
-6.51134e-06
-6.91036e-06
-7.51081e-06
-8.2088e-06
-8.78594e-06
-9.14555e-06
-9.36622e-06
-9.411e-06
-9.30488e-06
-9.11008e-06
-9.02411e-06
-9.12828e-06
-9.25756e-06
-9.22177e-06
-9.04088e-06
-8.88915e-06
-8.80803e-06
-8.64381e-06
-8.37695e-06
-8.09762e-06
-1.17973e-05
-1.14342e-05
-1.1073e-05
-1.06416e-05
-1.00849e-05
-9.48715e-06
-8.81433e-06
-8.24164e-06
-8.00755e-06
-8.12878e-06
-8.46146e-06
-8.80091e-06
-9.16186e-06
-9.5806e-06
-9.97895e-06
-1.0284e-05
-1.04688e-05
-1.05029e-05
-1.04447e-05
-1.04305e-05
-1.05776e-05
-1.09021e-05
-1.14275e-05
-1.20823e-05
-1.26298e-05
-1.29605e-05
-1.32022e-05
-1.33357e-05
-1.32698e-05
-1.30748e-05
-1.29987e-05
-1.31265e-05
-1.33461e-05
-1.34476e-05
-1.33495e-05
-1.32487e-05
-1.32117e-05
-1.30149e-05
-1.2624e-05
-1.21921e-05
-1.65105e-05
-1.61219e-05
-1.57436e-05
-1.53652e-05
-1.49412e-05
-1.45066e-05
-1.39065e-05
-1.32794e-05
-1.29898e-05
-1.31134e-05
-1.34502e-05
-1.37698e-05
-1.41056e-05
-1.44745e-05
-1.47825e-05
-1.5001e-05
-1.5169e-05
-1.5281e-05
-1.52768e-05
-1.52148e-05
-1.52521e-05
-1.54317e-05
-1.58359e-05
-1.63223e-05
-1.67074e-05
-1.69655e-05
-1.72457e-05
-1.74723e-05
-1.74995e-05
-1.73219e-05
-1.72326e-05
-1.73914e-05
-1.76978e-05
-1.7984e-05
-1.8107e-05
-1.81289e-05
-1.81157e-05
-1.79011e-05
-1.74432e-05
-1.69357e-05
-2.15939e-05
-2.12171e-05
-2.08453e-05
-2.04468e-05
-2.00585e-05
-1.96847e-05
-1.91297e-05
-1.85224e-05
-1.81385e-05
-1.82015e-05
-1.85203e-05
-1.88788e-05
-1.92378e-05
-1.95462e-05
-1.973e-05
-1.9826e-05
-1.9947e-05
-2.00759e-05
-2.01115e-05
-2.00499e-05
-2.0032e-05
-2.01554e-05
-2.05084e-05
-2.08594e-05
-2.10559e-05
-2.12794e-05
-2.16404e-05
-2.20042e-05
-2.21483e-05
-2.19939e-05
-2.18544e-05
-2.19086e-05
-2.21412e-05
-2.24218e-05
-2.26775e-05
-2.2899e-05
-2.3049e-05
-2.29712e-05
-2.25966e-05
-2.20642e-05
-2.66369e-05
-2.63221e-05
-2.59965e-05
-2.55631e-05
-2.50502e-05
-2.4581e-05
-2.4051e-05
-2.34623e-05
-2.30249e-05
-2.30421e-05
-2.34295e-05
-2.38769e-05
-2.42173e-05
-2.44238e-05
-2.44296e-05
-2.43303e-05
-2.43986e-05
-2.4563e-05
-2.46366e-05
-2.46861e-05
-2.47878e-05
-2.49504e-05
-2.52361e-05
-2.54536e-05
-2.55152e-05
-2.55603e-05
-2.58345e-05
-2.63099e-05
-2.6671e-05
-2.67199e-05
-2.66541e-05
-2.6668e-05
-2.68127e-05
-2.70761e-05
-2.73888e-05
-2.77058e-05
-2.7952e-05
-2.78832e-05
-2.7535e-05
-2.70571e-05
-3.06974e-05
-3.04483e-05
-3.01088e-05
-2.96061e-05
-2.90269e-05
-2.8577e-05
-2.81222e-05
-2.76184e-05
-2.71976e-05
-2.72196e-05
-2.76799e-05
-2.81862e-05
-2.84883e-05
-2.8615e-05
-2.85496e-05
-2.83771e-05
-2.82534e-05
-2.82376e-05
-2.83029e-05
-2.84535e-05
-2.87255e-05
-2.90592e-05
-2.9454e-05
-2.97193e-05
-2.96993e-05
-2.95965e-05
-2.96809e-05
-2.9996e-05
-3.03846e-05
-3.05953e-05
-3.07165e-05
-3.08795e-05
-3.11769e-05
-3.1582e-05
-3.19436e-05
-3.22639e-05
-3.24001e-05
-3.21602e-05
-3.16329e-05
-3.10758e-05
-3.37142e-05
-3.36247e-05
-3.34653e-05
-3.30398e-05
-3.25392e-05
-3.21346e-05
-3.17205e-05
-3.12974e-05
-3.09479e-05
-3.09752e-05
-3.13136e-05
-3.17519e-05
-3.20551e-05
-3.22139e-05
-3.2172e-05
-3.20035e-05
-3.18593e-05
-3.174e-05
-3.16314e-05
-3.16274e-05
-3.18345e-05
-3.22208e-05
-3.27372e-05
-3.32023e-05
-3.3385e-05
-3.33764e-05
-3.33563e-05
-3.34424e-05
-3.35513e-05
-3.35594e-05
-3.35912e-05
-3.37419e-05
-3.40987e-05
-3.45283e-05
-3.491e-05
-3.51868e-05
-3.51516e-05
-3.4823e-05
-3.4337e-05
-3.39152e-05
-3.52086e-05
-3.5346e-05
-3.54792e-05
-3.54677e-05
-3.53587e-05
-3.52799e-05
-3.52374e-05
-3.50398e-05
-3.47948e-05
-3.47664e-05
-3.49958e-05
-3.52763e-05
-3.54398e-05
-3.55366e-05
-3.55567e-05
-3.55113e-05
-3.5357e-05
-3.51246e-05
-3.48714e-05
-3.46468e-05
-3.45282e-05
-3.46236e-05
-3.48927e-05
-3.52083e-05
-3.54412e-05
-3.55134e-05
-3.55674e-05
-3.55677e-05
-3.5453e-05
-3.51849e-05
-3.50047e-05
-3.51424e-05
-3.5528e-05
-3.59158e-05
-3.6184e-05
-3.61894e-05
-3.59941e-05
-3.57164e-05
-3.54095e-05
-3.52304e-05
-3.55361e-05
-3.56035e-05
-3.58271e-05
-3.60209e-05
-3.61738e-05
-3.63879e-05
-3.6625e-05
-3.67447e-05
-3.67628e-05
-3.68673e-05
-3.70969e-05
-3.73083e-05
-3.74713e-05
-3.75317e-05
-3.74827e-05
-3.74185e-05
-3.72356e-05
-3.70203e-05
-3.68137e-05
-3.65972e-05
-3.64078e-05
-3.63761e-05
-3.64846e-05
-3.6607e-05
-3.67373e-05
-3.68412e-05
-3.68307e-05
-3.6741e-05
-3.65336e-05
-3.62556e-05
-3.60706e-05
-3.60582e-05
-3.61634e-05
-3.63839e-05
-3.65232e-05
-3.64808e-05
-3.63405e-05
-3.61188e-05
-3.58695e-05
-3.56635e-05
-3.59417e-05
-3.58722e-05
-3.58791e-05
-3.58887e-05
-3.59341e-05
-3.60757e-05
-3.63209e-05
-3.6582e-05
-3.67839e-05
-3.69859e-05
-3.71985e-05
-3.73549e-05
-3.74278e-05
-3.74109e-05
-3.72857e-05
-3.70979e-05
-3.69088e-05
-3.68514e-05
-3.68129e-05
-3.6805e-05
-3.68626e-05
-3.6959e-05
-3.71287e-05
-3.73516e-05
-3.75406e-05
-3.76896e-05
-3.77936e-05
-3.78e-05
-3.76483e-05
-3.74019e-05
-3.71135e-05
-3.69445e-05
-3.69008e-05
-3.69527e-05
-3.70168e-05
-3.69569e-05
-3.67518e-05
-3.64712e-05
-3.62245e-05
-3.60447e-05
-3.55351e-05
-3.54659e-05
-3.54023e-05
-3.53613e-05
-3.54193e-05
-3.55981e-05
-3.58406e-05
-3.60451e-05
-3.61761e-05
-3.62403e-05
-3.63756e-05
-3.66185e-05
-3.68082e-05
-3.69453e-05
-3.6965e-05
-3.68187e-05
-3.67333e-05
-3.68177e-05
-3.69424e-05
-3.70361e-05
-3.71097e-05
-3.72284e-05
-3.73244e-05
-3.74534e-05
-3.76244e-05
-3.78284e-05
-3.79811e-05
-3.79509e-05
-3.77348e-05
-3.74011e-05
-3.70151e-05
-3.66962e-05
-3.64939e-05
-3.63719e-05
-3.62454e-05
-3.60686e-05
-3.58837e-05
-3.57539e-05
-3.56727e-05
-3.56135e-05
-3.48466e-05
-3.47923e-05
-3.47412e-05
-3.47262e-05
-3.47623e-05
-3.48649e-05
-3.49873e-05
-3.50508e-05
-3.50442e-05
-3.50373e-05
-3.5073e-05
-3.51747e-05
-3.53022e-05
-3.54209e-05
-3.55286e-05
-3.55896e-05
-3.57225e-05
-3.59496e-05
-3.61438e-05
-3.63052e-05
-3.64948e-05
-3.67128e-05
-3.68655e-05
-3.69805e-05
-3.70857e-05
-3.71601e-05
-3.71957e-05
-3.70832e-05
-3.67465e-05
-3.62248e-05
-3.57118e-05
-3.53285e-05
-3.50667e-05
-3.49058e-05
-3.48304e-05
-3.478e-05
-3.47794e-05
-3.47715e-05
-3.48034e-05
-3.48485e-05
-3.42471e-05
-3.43442e-05
-3.43834e-05
-3.43987e-05
-3.43911e-05
-3.43689e-05
-3.43832e-05
-3.44057e-05
-3.44142e-05
-3.4362e-05
-3.424e-05
-3.4105e-05
-3.3982e-05
-3.38837e-05
-3.38407e-05
-3.38121e-05
-3.38289e-05
-3.39425e-05
-3.41245e-05
-3.42954e-05
-3.4499e-05
-3.47056e-05
-3.49024e-05
-3.50082e-05
-3.50201e-05
-3.50437e-05
-3.50559e-05
-3.49934e-05
-3.48062e-05
-3.45755e-05
-3.43947e-05
-3.42449e-05
-3.40811e-05
-3.39265e-05
-3.38366e-05
-3.37877e-05
-3.37431e-05
-3.37841e-05
-3.392e-05
-3.41013e-05
-3.45347e-05
-3.46959e-05
-3.48154e-05
-3.48675e-05
-3.48521e-05
-3.4735e-05
-3.46079e-05
-3.45465e-05
-3.45132e-05
-3.45176e-05
-3.45131e-05
-3.44478e-05
-3.43128e-05
-3.41506e-05
-3.39823e-05
-3.38329e-05
-3.37339e-05
-3.36508e-05
-3.35656e-05
-3.34389e-05
-3.33231e-05
-3.32851e-05
-3.33045e-05
-3.33137e-05
-3.33483e-05
-3.33998e-05
-3.34322e-05
-3.34169e-05
-3.33712e-05
-3.33461e-05
-3.33996e-05
-3.34502e-05
-3.34627e-05
-3.34577e-05
-3.34753e-05
-3.35516e-05
-3.3706e-05
-3.39008e-05
-3.41232e-05
-3.4338e-05
-3.28132e-05
-3.29171e-05
-3.29921e-05
-3.30362e-05
-3.30615e-05
-3.30825e-05
-3.30807e-05
-3.30968e-05
-3.31477e-05
-3.31728e-05
-3.31295e-05
-3.30227e-05
-3.28556e-05
-3.26315e-05
-3.23571e-05
-3.20671e-05
-3.17714e-05
-3.15436e-05
-3.13788e-05
-3.12779e-05
-3.12341e-05
-3.12419e-05
-3.12807e-05
-3.13031e-05
-3.13044e-05
-3.13106e-05
-3.13066e-05
-3.13162e-05
-3.13327e-05
-3.13678e-05
-3.1423e-05
-3.14729e-05
-3.15371e-05
-3.15753e-05
-3.16198e-05
-3.17275e-05
-3.19385e-05
-3.22133e-05
-3.24765e-05
-3.26724e-05
-2.84822e-05
-2.85617e-05
-2.86393e-05
-2.86722e-05
-2.8689e-05
-2.87271e-05
-2.87989e-05
-2.88543e-05
-2.8863e-05
-2.88264e-05
-2.87755e-05
-2.87062e-05
-2.86261e-05
-2.85435e-05
-2.84337e-05
-2.82816e-05
-2.81304e-05
-2.80397e-05
-2.79861e-05
-2.79307e-05
-2.78748e-05
-2.78432e-05
-2.7847e-05
-2.78717e-05
-2.79125e-05
-2.79618e-05
-2.80053e-05
-2.80563e-05
-2.8094e-05
-2.80988e-05
-2.80755e-05
-2.80615e-05
-2.80693e-05
-2.80559e-05
-2.80319e-05
-2.80411e-05
-2.81083e-05
-2.82115e-05
-2.8311e-05
-2.84024e-05
-2.43834e-05
-2.44198e-05
-2.44486e-05
-2.44489e-05
-2.44725e-05
-2.45311e-05
-2.45816e-05
-2.46175e-05
-2.46354e-05
-2.46568e-05
-2.46361e-05
-2.46153e-05
-2.4605e-05
-2.45899e-05
-2.4532e-05
-2.44408e-05
-2.43375e-05
-2.42121e-05
-2.40874e-05
-2.39686e-05
-2.38747e-05
-2.38029e-05
-2.37533e-05
-2.37368e-05
-2.37345e-05
-2.37684e-05
-2.38293e-05
-2.3928e-05
-2.40503e-05
-2.41808e-05
-2.43025e-05
-2.44056e-05
-2.44579e-05
-2.44515e-05
-2.44056e-05
-2.43644e-05
-2.4332e-05
-2.43256e-05
-2.43505e-05
-2.43722e-05
-2.15209e-05
-2.15723e-05
-2.16211e-05
-2.16425e-05
-2.16673e-05
-2.16964e-05
-2.17076e-05
-2.16813e-05
-2.16087e-05
-2.15326e-05
-2.1487e-05
-2.14952e-05
-2.15253e-05
-2.15365e-05
-2.15173e-05
-2.14633e-05
-2.13763e-05
-2.12746e-05
-2.11746e-05
-2.10875e-05
-2.10344e-05
-2.10161e-05
-2.10172e-05
-2.10001e-05
-2.09607e-05
-2.09363e-05
-2.09497e-05
-2.09935e-05
-2.10966e-05
-2.12297e-05
-2.13791e-05
-2.15015e-05
-2.15901e-05
-2.16554e-05
-2.1663e-05
-2.16329e-05
-2.15819e-05
-2.15257e-05
-2.14811e-05
-2.148e-05
-1.89281e-05
-1.89167e-05
-1.89093e-05
-1.88997e-05
-1.88844e-05
-1.88508e-05
-1.8822e-05
-1.87877e-05
-1.8746e-05
-1.86994e-05
-1.86784e-05
-1.86899e-05
-1.87042e-05
-1.87244e-05
-1.87497e-05
-1.87505e-05
-1.8744e-05
-1.87225e-05
-1.86981e-05
-1.86964e-05
-1.87151e-05
-1.87281e-05
-1.87288e-05
-1.87317e-05
-1.8737e-05
-1.87414e-05
-1.87754e-05
-1.88423e-05
-1.89248e-05
-1.90214e-05
-1.91193e-05
-1.92022e-05
-1.92608e-05
-1.92983e-05
-1.92768e-05
-1.92141e-05
-1.91366e-05
-1.90578e-05
-1.89962e-05
-1.89511e-05
-1.51477e-05
-1.51583e-05
-1.51519e-05
-1.51311e-05
-1.50988e-05
-1.50597e-05
-1.50232e-05
-1.49826e-05
-1.49399e-05
-1.49181e-05
-1.49075e-05
-1.49223e-05
-1.49582e-05
-1.49985e-05
-1.50359e-05
-1.50763e-05
-1.5111e-05
-1.51328e-05
-1.51335e-05
-1.51139e-05
-1.50794e-05
-1.50443e-05
-1.50167e-05
-1.50006e-05
-1.49836e-05
-1.4966e-05
-1.49703e-05
-1.50045e-05
-1.50515e-05
-1.5107e-05
-1.51816e-05
-1.52543e-05
-1.53053e-05
-1.5326e-05
-1.53231e-05
-1.53045e-05
-1.52683e-05
-1.52129e-05
-1.51601e-05
-1.51435e-05
-1.40139e-05
-1.39886e-05
-1.39709e-05
-1.39678e-05
-1.39614e-05
-1.39453e-05
-1.3913e-05
-1.38643e-05
-1.3816e-05
-1.37938e-05
-1.37964e-05
-1.38156e-05
-1.38318e-05
-1.38549e-05
-1.38773e-05
-1.38997e-05
-1.39195e-05
-1.39231e-05
-1.39111e-05
-1.38902e-05
-1.38807e-05
-1.38705e-05
-1.38762e-05
-1.3905e-05
-1.39397e-05
-1.39752e-05
-1.39986e-05
-1.40235e-05
-1.40617e-05
-1.40981e-05
-1.41308e-05
-1.41606e-05
-1.41795e-05
-1.41863e-05
-1.41769e-05
-1.41664e-05
-1.41341e-05
-1.4095e-05
-1.40553e-05
-1.40328e-05
-6.17193e-06
-6.20388e-06
-6.2114e-06
-6.06984e-06
-5.63855e-06
-4.92801e-06
-4.0569e-06
-3.18654e-06
-2.52212e-06
-2.09553e-06
-1.78524e-06
-1.4482e-06
-1.10865e-06
-8.64214e-07
-6.94788e-07
-4.27872e-07
-8.64706e-08
2.53752e-07
5.54859e-07
7.89385e-07
9.08456e-07
8.99488e-07
7.1854e-07
3.7292e-07
-1.06879e-07
-6.93962e-07
-1.36322e-06
-2.01829e-06
-2.52843e-06
-2.98555e-06
-3.50427e-06
-4.07914e-06
-4.62959e-06
-5.07434e-06
-5.456e-06
-5.81012e-06
-6.09642e-06
-6.24389e-06
-6.238e-06
-6.18718e-06
-6.30486e-06
-6.3489e-06
-6.36997e-06
-6.24513e-06
-5.82898e-06
-5.13367e-06
-4.27259e-06
-3.40792e-06
-2.74234e-06
-2.30985e-06
-1.99147e-06
-1.64517e-06
-1.29754e-06
-1.04036e-06
-8.60914e-07
-5.86631e-07
-2.42142e-07
9.49225e-08
3.93143e-07
6.27165e-07
7.40472e-07
7.33181e-07
5.61049e-07
2.21965e-07
-2.48058e-07
-8.21428e-07
-1.47859e-06
-2.12465e-06
-2.6294e-06
-3.0785e-06
-3.5907e-06
-4.16495e-06
-4.71819e-06
-5.1654e-06
-5.5437e-06
-5.89682e-06
-6.18793e-06
-6.34159e-06
-6.34286e-06
-6.30435e-06
-7.09803e-06
-7.18795e-06
-7.23957e-06
-7.1261e-06
-6.7252e-06
-6.04866e-06
-5.21561e-06
-4.37268e-06
-3.72041e-06
-3.28125e-06
-2.95135e-06
-2.59073e-06
-2.22456e-06
-1.95912e-06
-1.75651e-06
-1.44965e-06
-1.06933e-06
-7.00177e-07
-3.8799e-07
-1.54655e-07
-4.13098e-08
-6.12765e-08
-2.46746e-07
-5.88825e-07
-1.05026e-06
-1.60876e-06
-2.25099e-06
-2.87692e-06
-3.35458e-06
-3.78796e-06
-4.29197e-06
-4.87579e-06
-5.45096e-06
-5.91774e-06
-6.3141e-06
-6.67049e-06
-6.94883e-06
-7.09319e-06
-7.09336e-06
-7.06417e-06
-8.97824e-06
-9.08942e-06
-9.13036e-06
-8.99495e-06
-8.58882e-06
-7.94789e-06
-7.18793e-06
-6.4376e-06
-5.84504e-06
-5.40519e-06
-5.02552e-06
-4.61684e-06
-4.2226e-06
-3.9497e-06
-3.72634e-06
-3.34662e-06
-2.8692e-06
-2.39448e-06
-2.00849e-06
-1.75246e-06
-1.67571e-06
-1.7402e-06
-1.96804e-06
-2.35192e-06
-2.8309e-06
-3.38053e-06
-4.01439e-06
-4.62854e-06
-5.09439e-06
-5.51673e-06
-6.01789e-06
-6.60747e-06
-7.23185e-06
-7.74924e-06
-8.17009e-06
-8.54279e-06
-8.80992e-06
-8.92039e-06
-8.91358e-06
-8.90726e-06
-1.19448e-05
-1.20088e-05
-1.19976e-05
-1.18385e-05
-1.1461e-05
-1.08769e-05
-1.01857e-05
-9.48503e-06
-8.9245e-06
-8.5029e-06
-8.10989e-06
-7.63e-06
-7.13906e-06
-6.79103e-06
-6.50068e-06
-6.02768e-06
-5.463e-06
-4.92535e-06
-4.50103e-06
-4.24463e-06
-4.18105e-06
-4.29348e-06
-4.57124e-06
-4.99425e-06
-5.50963e-06
-6.05778e-06
-6.65527e-06
-7.22751e-06
-7.67257e-06
-8.08731e-06
-8.60214e-06
-9.24136e-06
-9.93763e-06
-1.05465e-05
-1.10566e-05
-1.15139e-05
-1.18299e-05
-1.1942e-05
-1.19381e-05
-1.1916e-05
-1.5637e-05
-1.56131e-05
-1.55729e-05
-1.54699e-05
-1.51803e-05
-1.46569e-05
-1.39519e-05
-1.32243e-05
-1.26943e-05
-1.23151e-05
-1.19366e-05
-1.14222e-05
-1.08106e-05
-1.03364e-05
-9.95459e-06
-9.46337e-06
-8.93136e-06
-8.41881e-06
-7.98613e-06
-7.701e-06
-7.6165e-06
-7.71436e-06
-7.99273e-06
-8.41167e-06
-8.87697e-06
-9.38488e-06
-9.92702e-06
-1.04275e-05
-1.08156e-05
-1.12166e-05
-1.17772e-05
-1.24807e-05
-1.32516e-05
-1.39734e-05
-1.46022e-05
-1.51621e-05
-1.55607e-05
-1.57375e-05
-1.57325e-05
-1.56812e-05
-1.97264e-05
-1.96406e-05
-1.95829e-05
-1.94972e-05
-1.92325e-05
-1.87153e-05
-1.80113e-05
-1.73225e-05
-1.68735e-05
-1.65665e-05
-1.62088e-05
-1.56798e-05
-1.50649e-05
-1.45954e-05
-1.42389e-05
-1.38042e-05
-1.32909e-05
-1.2759e-05
-1.22554e-05
-1.18927e-05
-1.17542e-05
-1.18226e-05
-1.20626e-05
-1.24271e-05
-1.28276e-05
-1.3262e-05
-1.37938e-05
-1.4297e-05
-1.46697e-05
-1.50337e-05
-1.55894e-05
-1.63307e-05
-1.71426e-05
-1.78796e-05
-1.85409e-05
-1.91104e-05
-1.95423e-05
-1.97567e-05
-1.98019e-05
-1.97883e-05
-2.40402e-05
-2.38966e-05
-2.37245e-05
-2.351e-05
-2.31572e-05
-2.25758e-05
-2.19205e-05
-2.13714e-05
-2.10856e-05
-2.09322e-05
-2.07003e-05
-2.02721e-05
-1.97515e-05
-1.9338e-05
-1.90467e-05
-1.86536e-05
-1.80719e-05
-1.74152e-05
-1.68177e-05
-1.64051e-05
-1.62649e-05
-1.63381e-05
-1.65579e-05
-1.68475e-05
-1.71978e-05
-1.76524e-05
-1.82132e-05
-1.86922e-05
-1.90606e-05
-1.94394e-05
-1.99737e-05
-2.07069e-05
-2.15153e-05
-2.22358e-05
-2.28142e-05
-2.32638e-05
-2.36301e-05
-2.38755e-05
-2.40035e-05
-2.40775e-05
-2.82758e-05
-2.81177e-05
-2.77773e-05
-2.73219e-05
-2.67642e-05
-2.61001e-05
-2.54375e-05
-2.49649e-05
-2.48295e-05
-2.48861e-05
-2.48566e-05
-2.45807e-05
-2.41487e-05
-2.3784e-05
-2.35392e-05
-2.31601e-05
-2.26357e-05
-2.20806e-05
-2.16028e-05
-2.12782e-05
-2.11505e-05
-2.11335e-05
-2.12221e-05
-2.1372e-05
-2.1635e-05
-2.21455e-05
-2.28215e-05
-2.33719e-05
-2.37263e-05
-2.41089e-05
-2.46688e-05
-2.54087e-05
-2.61815e-05
-2.67597e-05
-2.71335e-05
-2.73605e-05
-2.76156e-05
-2.78458e-05
-2.80257e-05
-2.82069e-05
-3.1455e-05
-3.1403e-05
-3.1088e-05
-3.05528e-05
-2.98547e-05
-2.91355e-05
-2.84932e-05
-2.80529e-05
-2.78947e-05
-2.79725e-05
-2.81021e-05
-2.80674e-05
-2.77741e-05
-2.73915e-05
-2.70459e-05
-2.66942e-05
-2.6317e-05
-2.6011e-05
-2.58027e-05
-2.56645e-05
-2.55579e-05
-2.55398e-05
-2.56757e-05
-2.58717e-05
-2.61428e-05
-2.65993e-05
-2.72402e-05
-2.78109e-05
-2.8169e-05
-2.8505e-05
-2.90178e-05
-2.97484e-05
-3.05175e-05
-3.09999e-05
-3.11656e-05
-3.11998e-05
-3.11812e-05
-3.11646e-05
-3.12207e-05
-3.13424e-05
-3.3691e-05
-3.37202e-05
-3.33882e-05
-3.28028e-05
-3.21182e-05
-3.14169e-05
-3.08153e-05
-3.04168e-05
-3.02836e-05
-3.03551e-05
-3.05008e-05
-3.05702e-05
-3.04253e-05
-3.00768e-05
-2.96566e-05
-2.92319e-05
-2.88412e-05
-2.85856e-05
-2.85095e-05
-2.85382e-05
-2.86739e-05
-2.88676e-05
-2.9137e-05
-2.95517e-05
-2.9923e-05
-3.0272e-05
-3.06689e-05
-3.10929e-05
-3.14722e-05
-3.17808e-05
-3.21198e-05
-3.26074e-05
-3.30924e-05
-3.33079e-05
-3.33229e-05
-3.32749e-05
-3.32551e-05
-3.32697e-05
-3.33259e-05
-3.35106e-05
-3.4697e-05
-3.48887e-05
-3.48268e-05
-3.45203e-05
-3.40597e-05
-3.35166e-05
-3.30252e-05
-3.26731e-05
-3.25255e-05
-3.25238e-05
-3.25498e-05
-3.24989e-05
-3.23186e-05
-3.20091e-05
-3.16078e-05
-3.12382e-05
-3.09295e-05
-3.07261e-05
-3.06267e-05
-3.06258e-05
-3.07234e-05
-3.08799e-05
-3.11936e-05
-3.17373e-05
-3.22084e-05
-3.24272e-05
-3.25766e-05
-3.28853e-05
-3.32995e-05
-3.37115e-05
-3.40943e-05
-3.44701e-05
-3.46589e-05
-3.4543e-05
-3.42808e-05
-3.40463e-05
-3.39782e-05
-3.40521e-05
-3.41623e-05
-3.43966e-05
-3.55749e-05
-3.57987e-05
-3.5968e-05
-3.59631e-05
-3.58748e-05
-3.57158e-05
-3.54394e-05
-3.50531e-05
-3.46293e-05
-3.42781e-05
-3.40079e-05
-3.37206e-05
-3.33429e-05
-3.29299e-05
-3.25894e-05
-3.2355e-05
-3.22841e-05
-3.2357e-05
-3.24329e-05
-3.24324e-05
-3.24027e-05
-3.24193e-05
-3.26948e-05
-3.32501e-05
-3.38445e-05
-3.41511e-05
-3.43226e-05
-3.46039e-05
-3.49875e-05
-3.54747e-05
-3.59491e-05
-3.63466e-05
-3.64655e-05
-3.62241e-05
-3.58193e-05
-3.55868e-05
-3.54488e-05
-3.53913e-05
-3.53944e-05
-3.54452e-05
-3.71194e-05
-3.71975e-05
-3.72824e-05
-3.72272e-05
-3.70841e-05
-3.6931e-05
-3.67075e-05
-3.63478e-05
-3.59228e-05
-3.55556e-05
-3.52076e-05
-3.4776e-05
-3.42332e-05
-3.36788e-05
-3.31926e-05
-3.28478e-05
-3.26954e-05
-3.27128e-05
-3.28298e-05
-3.29313e-05
-3.30125e-05
-3.3081e-05
-3.33404e-05
-3.39752e-05
-3.47877e-05
-3.54488e-05
-3.59084e-05
-3.62965e-05
-3.67088e-05
-3.71299e-05
-3.75576e-05
-3.78835e-05
-3.79602e-05
-3.77239e-05
-3.74072e-05
-3.72903e-05
-3.7311e-05
-3.73293e-05
-3.72437e-05
-3.71433e-05
-3.76813e-05
-3.75346e-05
-3.73258e-05
-3.70869e-05
-3.68353e-05
-3.66449e-05
-3.64823e-05
-3.61901e-05
-3.58869e-05
-3.56662e-05
-3.55237e-05
-3.53237e-05
-3.50486e-05
-3.47235e-05
-3.43964e-05
-3.4093e-05
-3.38345e-05
-3.36664e-05
-3.35726e-05
-3.34883e-05
-3.34012e-05
-3.33137e-05
-3.33929e-05
-3.3777e-05
-3.44185e-05
-3.50788e-05
-3.55924e-05
-3.59474e-05
-3.62001e-05
-3.64651e-05
-3.68242e-05
-3.71884e-05
-3.74909e-05
-3.76441e-05
-3.7649e-05
-3.76199e-05
-3.7689e-05
-3.77924e-05
-3.78234e-05
-3.77727e-05
-3.66682e-05
-3.66473e-05
-3.66165e-05
-3.64797e-05
-3.62929e-05
-3.60958e-05
-3.58504e-05
-3.5562e-05
-3.5304e-05
-3.51834e-05
-3.51528e-05
-3.51701e-05
-3.51914e-05
-3.51536e-05
-3.50437e-05
-3.48505e-05
-3.45738e-05
-3.4318e-05
-3.40765e-05
-3.38522e-05
-3.36433e-05
-3.34671e-05
-3.33796e-05
-3.34341e-05
-3.36243e-05
-3.38472e-05
-3.40164e-05
-3.40995e-05
-3.41327e-05
-3.42016e-05
-3.44249e-05
-3.47498e-05
-3.51638e-05
-3.55252e-05
-3.57665e-05
-3.59508e-05
-3.61417e-05
-3.63496e-05
-3.65295e-05
-3.66402e-05
-3.52508e-05
-3.55053e-05
-3.56527e-05
-3.56594e-05
-3.55923e-05
-3.55443e-05
-3.54813e-05
-3.53485e-05
-3.52255e-05
-3.51312e-05
-3.5116e-05
-3.51366e-05
-3.51118e-05
-3.50358e-05
-3.49246e-05
-3.47591e-05
-3.45292e-05
-3.43475e-05
-3.41995e-05
-3.40635e-05
-3.38866e-05
-3.37347e-05
-3.35927e-05
-3.35055e-05
-3.34359e-05
-3.33353e-05
-3.32276e-05
-3.31078e-05
-3.30085e-05
-3.30402e-05
-3.32161e-05
-3.34496e-05
-3.36984e-05
-3.39449e-05
-3.40877e-05
-3.41721e-05
-3.42513e-05
-3.44164e-05
-3.46538e-05
-3.49473e-05
-3.40102e-05
-3.43256e-05
-3.465e-05
-3.48912e-05
-3.50379e-05
-3.51537e-05
-3.52152e-05
-3.52046e-05
-3.51127e-05
-3.49957e-05
-3.48606e-05
-3.4689e-05
-3.44583e-05
-3.41443e-05
-3.37913e-05
-3.34113e-05
-3.3051e-05
-3.27997e-05
-3.26881e-05
-3.26396e-05
-3.26498e-05
-3.27038e-05
-3.27521e-05
-3.2758e-05
-3.26995e-05
-3.2592e-05
-3.2441e-05
-3.22966e-05
-3.21915e-05
-3.22144e-05
-3.23631e-05
-3.2559e-05
-3.27157e-05
-3.28334e-05
-3.29195e-05
-3.29903e-05
-3.30779e-05
-3.32298e-05
-3.34315e-05
-3.37017e-05
-3.20426e-05
-3.23393e-05
-3.26177e-05
-3.28496e-05
-3.30015e-05
-3.31142e-05
-3.32014e-05
-3.3257e-05
-3.32541e-05
-3.31579e-05
-3.30093e-05
-3.278e-05
-3.24789e-05
-3.21088e-05
-3.17134e-05
-3.13305e-05
-3.09501e-05
-3.06081e-05
-3.03931e-05
-3.03092e-05
-3.02805e-05
-3.02913e-05
-3.02898e-05
-3.027e-05
-3.02462e-05
-3.02289e-05
-3.02341e-05
-3.02766e-05
-3.03362e-05
-3.04171e-05
-3.05189e-05
-3.06826e-05
-3.08095e-05
-3.08394e-05
-3.08647e-05
-3.09448e-05
-3.10754e-05
-3.1268e-05
-3.15001e-05
-3.17664e-05
-2.77203e-05
-2.78475e-05
-2.7953e-05
-2.80397e-05
-2.81061e-05
-2.81586e-05
-2.82019e-05
-2.82325e-05
-2.82332e-05
-2.82095e-05
-2.81286e-05
-2.80092e-05
-2.7868e-05
-2.77152e-05
-2.75561e-05
-2.7376e-05
-2.7187e-05
-2.70382e-05
-2.69681e-05
-2.69389e-05
-2.69042e-05
-2.68769e-05
-2.68609e-05
-2.68561e-05
-2.68496e-05
-2.6879e-05
-2.69433e-05
-2.70208e-05
-2.70921e-05
-2.7149e-05
-2.72126e-05
-2.72749e-05
-2.7301e-05
-2.72818e-05
-2.72545e-05
-2.72501e-05
-2.7271e-05
-2.73324e-05
-2.74538e-05
-2.75851e-05
-2.36263e-05
-2.36886e-05
-2.37608e-05
-2.38161e-05
-2.38652e-05
-2.39098e-05
-2.39315e-05
-2.39444e-05
-2.39524e-05
-2.3973e-05
-2.40002e-05
-2.40102e-05
-2.40071e-05
-2.39824e-05
-2.39144e-05
-2.38145e-05
-2.36926e-05
-2.35605e-05
-2.3462e-05
-2.3406e-05
-2.33711e-05
-2.33607e-05
-2.33649e-05
-2.33455e-05
-2.3306e-05
-2.32843e-05
-2.33023e-05
-2.33602e-05
-2.34538e-05
-2.3574e-05
-2.36933e-05
-2.37958e-05
-2.38649e-05
-2.38724e-05
-2.38186e-05
-2.37297e-05
-2.36377e-05
-2.35688e-05
-2.35566e-05
-2.35849e-05
-2.06002e-05
-2.0696e-05
-2.07855e-05
-2.08404e-05
-2.08743e-05
-2.08994e-05
-2.09138e-05
-2.09011e-05
-2.08782e-05
-2.08638e-05
-2.08872e-05
-2.09174e-05
-2.0946e-05
-2.09448e-05
-2.08958e-05
-2.08056e-05
-2.06885e-05
-2.05774e-05
-2.04672e-05
-2.03781e-05
-2.03218e-05
-2.02801e-05
-2.0236e-05
-2.01636e-05
-2.00517e-05
-1.99392e-05
-1.9864e-05
-1.98857e-05
-1.99883e-05
-2.01363e-05
-2.0294e-05
-2.0423e-05
-2.05183e-05
-2.05849e-05
-2.06417e-05
-2.06645e-05
-2.06566e-05
-2.06074e-05
-2.05521e-05
-2.05484e-05
-1.86447e-05
-1.86721e-05
-1.86996e-05
-1.87048e-05
-1.86746e-05
-1.86462e-05
-1.86169e-05
-1.85719e-05
-1.85099e-05
-1.8455e-05
-1.84306e-05
-1.8418e-05
-1.83978e-05
-1.83673e-05
-1.83308e-05
-1.82654e-05
-1.81858e-05
-1.81137e-05
-1.80537e-05
-1.80099e-05
-1.79796e-05
-1.79658e-05
-1.79495e-05
-1.79245e-05
-1.78989e-05
-1.7869e-05
-1.78804e-05
-1.79375e-05
-1.80397e-05
-1.81921e-05
-1.83518e-05
-1.84954e-05
-1.86104e-05
-1.86713e-05
-1.87048e-05
-1.87389e-05
-1.87247e-05
-1.86843e-05
-1.86622e-05
-1.86422e-05
-1.52624e-05
-1.52731e-05
-1.52956e-05
-1.53205e-05
-1.53202e-05
-1.5291e-05
-1.52394e-05
-1.51845e-05
-1.5131e-05
-1.50888e-05
-1.5057e-05
-1.50462e-05
-1.50436e-05
-1.50396e-05
-1.50373e-05
-1.50406e-05
-1.5048e-05
-1.50452e-05
-1.50168e-05
-1.49819e-05
-1.49549e-05
-1.49262e-05
-1.49159e-05
-1.49146e-05
-1.49106e-05
-1.49078e-05
-1.49117e-05
-1.49322e-05
-1.49704e-05
-1.50394e-05
-1.51145e-05
-1.52018e-05
-1.52801e-05
-1.53303e-05
-1.53582e-05
-1.5354e-05
-1.53356e-05
-1.53104e-05
-1.52847e-05
-1.52683e-05
-1.43393e-05
-1.43156e-05
-1.43172e-05
-1.43316e-05
-1.43288e-05
-1.43114e-05
-1.42786e-05
-1.42315e-05
-1.41887e-05
-1.41777e-05
-1.41848e-05
-1.41908e-05
-1.42277e-05
-1.42731e-05
-1.43168e-05
-1.43496e-05
-1.43692e-05
-1.43722e-05
-1.43454e-05
-1.43179e-05
-1.42936e-05
-1.42729e-05
-1.42723e-05
-1.42943e-05
-1.43263e-05
-1.4343e-05
-1.43566e-05
-1.43801e-05
-1.44093e-05
-1.44535e-05
-1.44899e-05
-1.4527e-05
-1.45525e-05
-1.45723e-05
-1.45719e-05
-1.45493e-05
-1.45075e-05
-1.44542e-05
-1.44068e-05
-1.43727e-05
-9.80736e-06
-9.44836e-06
-8.71336e-06
-7.85448e-06
-7.06695e-06
-6.49129e-06
-6.1817e-06
-6.07405e-06
-6.03045e-06
-5.95645e-06
-5.80551e-06
-5.53101e-06
-5.17054e-06
-4.78897e-06
-4.3719e-06
-3.90446e-06
-3.43732e-06
-2.95309e-06
-2.34364e-06
-1.56713e-06
-7.54614e-07
-1.38505e-07
1.25031e-07
-7.41001e-08
-6.60903e-07
-1.43941e-06
-2.32558e-06
-3.22629e-06
-4.07536e-06
-4.87475e-06
-5.64923e-06
-6.40642e-06
-7.08442e-06
-7.55928e-06
-7.89858e-06
-8.14384e-06
-8.40289e-06
-8.76262e-06
-9.25807e-06
-9.70195e-06
-1.0046e-05
-9.69079e-06
-8.96384e-06
-8.11889e-06
-7.34779e-06
-6.7849e-06
-6.47287e-06
-6.35137e-06
-6.2937e-06
-6.21065e-06
-6.04776e-06
-5.75676e-06
-5.37829e-06
-4.98065e-06
-4.555e-06
-4.08696e-06
-3.63071e-06
-3.16457e-06
-2.572e-06
-1.80651e-06
-9.89385e-07
-3.61285e-07
-8.5442e-08
-2.8073e-07
-8.68922e-07
-1.64724e-06
-2.53042e-06
-3.42707e-06
-4.27317e-06
-5.06879e-06
-5.83588e-06
-6.58714e-06
-7.26276e-06
-7.74066e-06
-8.08376e-06
-8.33847e-06
-8.60797e-06
-8.97882e-06
-9.48599e-06
-9.93773e-06
-1.09867e-05
-1.06021e-05
-9.863e-06
-9.03356e-06
-8.29054e-06
-7.76593e-06
-7.48895e-06
-7.38313e-06
-7.31028e-06
-7.19169e-06
-6.99244e-06
-6.66039e-06
-6.23662e-06
-5.80983e-06
-5.37041e-06
-4.89887e-06
-4.4506e-06
-4.01309e-06
-3.45009e-06
-2.71161e-06
-1.92552e-06
-1.31319e-06
-1.03815e-06
-1.23269e-06
-1.82698e-06
-2.61017e-06
-3.48865e-06
-4.39111e-06
-5.24878e-06
-6.06059e-06
-6.83765e-06
-7.5764e-06
-8.22327e-06
-8.67289e-06
-9.00722e-06
-9.27194e-06
-9.56461e-06
-9.95373e-06
-1.04621e-05
-1.09023e-05
-1.2879e-05
-1.24369e-05
-1.16755e-05
-1.08501e-05
-1.01326e-05
-9.64491e-06
-9.42407e-06
-9.35592e-06
-9.28869e-06
-9.136e-06
-8.87376e-06
-8.47396e-06
-7.99449e-06
-7.53285e-06
-7.07545e-06
-6.59812e-06
-6.15661e-06
-5.76127e-06
-5.27524e-06
-4.62269e-06
-3.92689e-06
-3.39467e-06
-3.17553e-06
-3.40365e-06
-3.99867e-06
-4.75987e-06
-5.61707e-06
-6.50988e-06
-7.37788e-06
-8.20853e-06
-8.97581e-06
-9.65829e-06
-1.02296e-05
-1.06323e-05
-1.09483e-05
-1.12201e-05
-1.15321e-05
-1.19142e-05
-1.24131e-05
-1.28405e-05
-1.56204e-05
-1.52163e-05
-1.45083e-05
-1.37182e-05
-1.30105e-05
-1.2521e-05
-1.23026e-05
-1.22671e-05
-1.22115e-05
-1.20323e-05
-1.17104e-05
-1.12413e-05
-1.06828e-05
-1.01637e-05
-9.65236e-06
-9.10221e-06
-8.59955e-06
-8.18621e-06
-7.75832e-06
-7.25367e-06
-6.73215e-06
-6.37515e-06
-6.2984e-06
-6.62327e-06
-7.25497e-06
-8.00565e-06
-8.82416e-06
-9.67819e-06
-1.052e-05
-1.13125e-05
-1.20154e-05
-1.26022e-05
-1.3075e-05
-1.34326e-05
-1.37273e-05
-1.39814e-05
-1.43209e-05
-1.47207e-05
-1.51897e-05
-1.55873e-05
-1.92209e-05
-1.89634e-05
-1.84579e-05
-1.77826e-05
-1.70654e-05
-1.65284e-05
-1.62901e-05
-1.62353e-05
-1.6171e-05
-1.60052e-05
-1.56551e-05
-1.50786e-05
-1.43936e-05
-1.37512e-05
-1.30748e-05
-1.23124e-05
-1.15857e-05
-1.10565e-05
-1.06686e-05
-1.02829e-05
-9.937e-06
-9.77752e-06
-9.90996e-06
-1.04187e-05
-1.11683e-05
-1.19422e-05
-1.27246e-05
-1.35004e-05
-1.42591e-05
-1.50114e-05
-1.56826e-05
-1.61986e-05
-1.65693e-05
-1.68368e-05
-1.7108e-05
-1.73748e-05
-1.77817e-05
-1.82405e-05
-1.87208e-05
-1.91215e-05
-2.36171e-05
-2.36424e-05
-2.34217e-05
-2.29308e-05
-2.22407e-05
-2.16434e-05
-2.13158e-05
-2.11821e-05
-2.10483e-05
-2.07954e-05
-2.03269e-05
-1.95675e-05
-1.86633e-05
-1.78254e-05
-1.70206e-05
-1.61098e-05
-1.52454e-05
-1.46585e-05
-1.42927e-05
-1.40237e-05
-1.37853e-05
-1.37034e-05
-1.39729e-05
-1.46344e-05
-1.54583e-05
-1.61917e-05
-1.68599e-05
-1.74936e-05
-1.81565e-05
-1.8878e-05
-1.95945e-05
-2.01804e-05
-2.05858e-05
-2.08531e-05
-2.10984e-05
-2.13489e-05
-2.17164e-05
-2.21922e-05
-2.27432e-05
-2.32924e-05
-2.82061e-05
-2.85756e-05
-2.87076e-05
-2.84716e-05
-2.78276e-05
-2.71447e-05
-2.66688e-05
-2.63611e-05
-2.6097e-05
-2.57647e-05
-2.52213e-05
-2.43535e-05
-2.33103e-05
-2.23538e-05
-2.15145e-05
-2.06174e-05
-1.97558e-05
-1.91594e-05
-1.87916e-05
-1.85817e-05
-1.83938e-05
-1.83689e-05
-1.86995e-05
-1.92939e-05
-1.98964e-05
-2.04002e-05
-2.08669e-05
-2.13359e-05
-2.19049e-05
-2.26579e-05
-2.35269e-05
-2.42939e-05
-2.48122e-05
-2.51024e-05
-2.5325e-05
-2.55426e-05
-2.58917e-05
-2.63252e-05
-2.68966e-05
-2.75946e-05
-3.20307e-05
-3.26093e-05
-3.28906e-05
-3.27267e-05
-3.21383e-05
-3.14527e-05
-3.08791e-05
-3.05033e-05
-3.01951e-05
-2.99109e-05
-2.94561e-05
-2.8719e-05
-2.77628e-05
-2.67508e-05
-2.58671e-05
-2.50257e-05
-2.42454e-05
-2.36919e-05
-2.34382e-05
-2.33626e-05
-2.33141e-05
-2.33763e-05
-2.36201e-05
-2.39737e-05
-2.4269e-05
-2.45089e-05
-2.48027e-05
-2.51525e-05
-2.55498e-05
-2.61434e-05
-2.69302e-05
-2.7742e-05
-2.83469e-05
-2.8717e-05
-2.89431e-05
-2.91394e-05
-2.94007e-05
-2.97509e-05
-3.03678e-05
-3.12248e-05
-3.45237e-05
-3.52204e-05
-3.56491e-05
-3.56117e-05
-3.51326e-05
-3.44434e-05
-3.39207e-05
-3.35553e-05
-3.33085e-05
-3.30732e-05
-3.27473e-05
-3.21823e-05
-3.13457e-05
-3.03094e-05
-2.9291e-05
-2.84118e-05
-2.76967e-05
-2.73532e-05
-2.73994e-05
-2.76182e-05
-2.77593e-05
-2.78565e-05
-2.79662e-05
-2.80983e-05
-2.81228e-05
-2.81525e-05
-2.83785e-05
-2.86985e-05
-2.8978e-05
-2.93104e-05
-2.98633e-05
-3.05472e-05
-3.11064e-05
-3.13816e-05
-3.14703e-05
-3.15773e-05
-3.17631e-05
-3.21307e-05
-3.27804e-05
-3.36372e-05
-3.5683e-05
-3.63114e-05
-3.67226e-05
-3.67422e-05
-3.6379e-05
-3.5941e-05
-3.56556e-05
-3.55766e-05
-3.55272e-05
-3.53806e-05
-3.50773e-05
-3.45667e-05
-3.37368e-05
-3.26431e-05
-3.1594e-05
-3.07667e-05
-3.02982e-05
-3.0249e-05
-3.05542e-05
-3.0905e-05
-3.11507e-05
-3.12561e-05
-3.12841e-05
-3.12714e-05
-3.11428e-05
-3.10632e-05
-3.12055e-05
-3.15144e-05
-3.18061e-05
-3.20835e-05
-3.24403e-05
-3.28695e-05
-3.32829e-05
-3.35729e-05
-3.36103e-05
-3.3577e-05
-3.36041e-05
-3.38051e-05
-3.42396e-05
-3.48884e-05
-3.62486e-05
-3.67802e-05
-3.70463e-05
-3.70204e-05
-3.67804e-05
-3.64394e-05
-3.62455e-05
-3.62465e-05
-3.63307e-05
-3.63554e-05
-3.62654e-05
-3.59153e-05
-3.52049e-05
-3.42798e-05
-3.33773e-05
-3.27075e-05
-3.24321e-05
-3.25061e-05
-3.28028e-05
-3.31101e-05
-3.32416e-05
-3.3234e-05
-3.32508e-05
-3.33457e-05
-3.3297e-05
-3.31843e-05
-3.3274e-05
-3.3537e-05
-3.38593e-05
-3.41978e-05
-3.45463e-05
-3.48608e-05
-3.51662e-05
-3.53794e-05
-3.54498e-05
-3.53681e-05
-3.52139e-05
-3.51217e-05
-3.52087e-05
-3.56322e-05
-3.66147e-05
-3.69221e-05
-3.70015e-05
-3.68948e-05
-3.67311e-05
-3.65874e-05
-3.65141e-05
-3.65554e-05
-3.66862e-05
-3.68439e-05
-3.68827e-05
-3.66497e-05
-3.60506e-05
-3.52725e-05
-3.4524e-05
-3.40331e-05
-3.38927e-05
-3.40873e-05
-3.43833e-05
-3.46251e-05
-3.47172e-05
-3.46674e-05
-3.46267e-05
-3.47852e-05
-3.49478e-05
-3.50295e-05
-3.5214e-05
-3.55428e-05
-3.58867e-05
-3.61494e-05
-3.63716e-05
-3.64812e-05
-3.65621e-05
-3.65682e-05
-3.64093e-05
-3.61446e-05
-3.59078e-05
-3.5759e-05
-3.5806e-05
-3.61682e-05
-3.72971e-05
-3.72788e-05
-3.71104e-05
-3.68456e-05
-3.66065e-05
-3.64191e-05
-3.6337e-05
-3.63421e-05
-3.63825e-05
-3.64376e-05
-3.64257e-05
-3.62252e-05
-3.57552e-05
-3.51612e-05
-3.4525e-05
-3.39992e-05
-3.3755e-05
-3.39536e-05
-3.43591e-05
-3.4768e-05
-3.50595e-05
-3.51462e-05
-3.52624e-05
-3.55417e-05
-3.58245e-05
-3.60882e-05
-3.64018e-05
-3.67613e-05
-3.70831e-05
-3.73293e-05
-3.74847e-05
-3.75651e-05
-3.75959e-05
-3.75848e-05
-3.74217e-05
-3.71985e-05
-3.70393e-05
-3.6916e-05
-3.69398e-05
-3.71167e-05
-3.79024e-05
-3.77487e-05
-3.74058e-05
-3.69769e-05
-3.66037e-05
-3.63708e-05
-3.626e-05
-3.61818e-05
-3.61233e-05
-3.60917e-05
-3.59892e-05
-3.57827e-05
-3.54022e-05
-3.48715e-05
-3.42921e-05
-3.37384e-05
-3.33319e-05
-3.32479e-05
-3.33438e-05
-3.35628e-05
-3.37714e-05
-3.39059e-05
-3.40964e-05
-3.44149e-05
-3.47824e-05
-3.51287e-05
-3.55539e-05
-3.60235e-05
-3.64728e-05
-3.68625e-05
-3.71715e-05
-3.7384e-05
-3.75287e-05
-3.76823e-05
-3.77736e-05
-3.78001e-05
-3.78131e-05
-3.78444e-05
-3.78905e-05
-3.79199e-05
-3.65312e-05
-3.66741e-05
-3.66938e-05
-3.65721e-05
-3.63743e-05
-3.62265e-05
-3.61172e-05
-3.59608e-05
-3.57949e-05
-3.56844e-05
-3.56091e-05
-3.54511e-05
-3.52115e-05
-3.483e-05
-3.43242e-05
-3.37452e-05
-3.33045e-05
-3.30425e-05
-3.29492e-05
-3.29109e-05
-3.29242e-05
-3.2988e-05
-3.30218e-05
-3.305e-05
-3.30809e-05
-3.31354e-05
-3.33133e-05
-3.35859e-05
-3.38664e-05
-3.41512e-05
-3.44046e-05
-3.46267e-05
-3.48129e-05
-3.5036e-05
-3.53258e-05
-3.55869e-05
-3.58194e-05
-3.601e-05
-3.61762e-05
-3.63458e-05
-3.35397e-05
-3.3824e-05
-3.40113e-05
-3.40091e-05
-3.39116e-05
-3.37877e-05
-3.36605e-05
-3.35169e-05
-3.3345e-05
-3.31957e-05
-3.30898e-05
-3.29861e-05
-3.27994e-05
-3.25513e-05
-3.22225e-05
-3.18581e-05
-3.15559e-05
-3.13989e-05
-3.14054e-05
-3.14484e-05
-3.14936e-05
-3.15974e-05
-3.16627e-05
-3.16183e-05
-3.15123e-05
-3.14289e-05
-3.14579e-05
-3.15971e-05
-3.17218e-05
-3.18161e-05
-3.1911e-05
-3.20009e-05
-3.20915e-05
-3.21971e-05
-3.23787e-05
-3.25406e-05
-3.26981e-05
-3.28636e-05
-3.3043e-05
-3.3268e-05
-3.11508e-05
-3.13673e-05
-3.152e-05
-3.15552e-05
-3.14807e-05
-3.13822e-05
-3.12566e-05
-3.1096e-05
-3.09537e-05
-3.0822e-05
-3.06745e-05
-3.05235e-05
-3.02908e-05
-2.9979e-05
-2.96452e-05
-2.93448e-05
-2.9136e-05
-2.90632e-05
-2.90921e-05
-2.91991e-05
-2.934e-05
-2.95265e-05
-2.96928e-05
-2.97427e-05
-2.96965e-05
-2.95962e-05
-2.95514e-05
-2.95914e-05
-2.9676e-05
-2.97756e-05
-2.99265e-05
-3.01178e-05
-3.0275e-05
-3.03728e-05
-3.04306e-05
-3.04834e-05
-3.05536e-05
-3.06319e-05
-3.07692e-05
-3.09465e-05
-2.88413e-05
-2.90689e-05
-2.92817e-05
-2.94307e-05
-2.94802e-05
-2.94759e-05
-2.94587e-05
-2.94378e-05
-2.93931e-05
-2.93038e-05
-2.92131e-05
-2.90878e-05
-2.89241e-05
-2.86979e-05
-2.84132e-05
-2.81324e-05
-2.79135e-05
-2.77647e-05
-2.77051e-05
-2.7723e-05
-2.77883e-05
-2.79202e-05
-2.80514e-05
-2.80976e-05
-2.80577e-05
-2.79748e-05
-2.79177e-05
-2.79257e-05
-2.79946e-05
-2.81023e-05
-2.8244e-05
-2.83691e-05
-2.84502e-05
-2.84934e-05
-2.85041e-05
-2.84981e-05
-2.84839e-05
-2.84947e-05
-2.85364e-05
-2.86541e-05
-2.59252e-05
-2.60319e-05
-2.6128e-05
-2.61672e-05
-2.6141e-05
-2.60757e-05
-2.59672e-05
-2.58503e-05
-2.5752e-05
-2.56595e-05
-2.55784e-05
-2.54889e-05
-2.53825e-05
-2.52648e-05
-2.51177e-05
-2.49643e-05
-2.48169e-05
-2.47108e-05
-2.46627e-05
-2.46608e-05
-2.47e-05
-2.47709e-05
-2.48689e-05
-2.49384e-05
-2.49639e-05
-2.49551e-05
-2.49823e-05
-2.50728e-05
-2.52148e-05
-2.53745e-05
-2.55244e-05
-2.56698e-05
-2.57887e-05
-2.58511e-05
-2.58447e-05
-2.58241e-05
-2.57987e-05
-2.57993e-05
-2.58397e-05
-2.58754e-05
-2.2484e-05
-2.25283e-05
-2.25592e-05
-2.25595e-05
-2.25115e-05
-2.24391e-05
-2.2356e-05
-2.22684e-05
-2.21862e-05
-2.21307e-05
-2.20925e-05
-2.20755e-05
-2.20844e-05
-2.20997e-05
-2.21035e-05
-2.20754e-05
-2.19941e-05
-2.19009e-05
-2.18347e-05
-2.18229e-05
-2.18572e-05
-2.1926e-05
-2.20151e-05
-2.21003e-05
-2.21588e-05
-2.21821e-05
-2.22067e-05
-2.22786e-05
-2.24068e-05
-2.25707e-05
-2.27238e-05
-2.28367e-05
-2.28728e-05
-2.2849e-05
-2.27928e-05
-2.2725e-05
-2.26616e-05
-2.25865e-05
-2.25079e-05
-2.24698e-05
-2.01648e-05
-2.02874e-05
-2.03821e-05
-2.04197e-05
-2.0408e-05
-2.03682e-05
-2.03155e-05
-2.02518e-05
-2.01946e-05
-2.01319e-05
-2.00706e-05
-2.00193e-05
-1.99676e-05
-1.99092e-05
-1.98473e-05
-1.97665e-05
-1.96646e-05
-1.95663e-05
-1.94805e-05
-1.94307e-05
-1.94229e-05
-1.94565e-05
-1.94951e-05
-1.95124e-05
-1.949e-05
-1.94488e-05
-1.941e-05
-1.94155e-05
-1.95012e-05
-1.96327e-05
-1.97818e-05
-1.99165e-05
-1.99921e-05
-2.00196e-05
-2.00354e-05
-2.00471e-05
-2.00518e-05
-2.00535e-05
-2.0056e-05
-2.00859e-05
-1.7794e-05
-1.78453e-05
-1.78981e-05
-1.79252e-05
-1.79145e-05
-1.78604e-05
-1.77987e-05
-1.77233e-05
-1.76366e-05
-1.7557e-05
-1.74973e-05
-1.74491e-05
-1.73943e-05
-1.73272e-05
-1.72418e-05
-1.71523e-05
-1.70723e-05
-1.70063e-05
-1.6959e-05
-1.69191e-05
-1.68786e-05
-1.68542e-05
-1.68453e-05
-1.68348e-05
-1.68207e-05
-1.68218e-05
-1.68499e-05
-1.69266e-05
-1.70431e-05
-1.71832e-05
-1.73488e-05
-1.74789e-05
-1.7564e-05
-1.76169e-05
-1.76434e-05
-1.7659e-05
-1.76843e-05
-1.76936e-05
-1.77065e-05
-1.77398e-05
-1.53542e-05
-1.53898e-05
-1.54341e-05
-1.54602e-05
-1.54625e-05
-1.54445e-05
-1.54145e-05
-1.53598e-05
-1.53048e-05
-1.52664e-05
-1.52325e-05
-1.5195e-05
-1.51624e-05
-1.51465e-05
-1.5111e-05
-1.50828e-05
-1.50632e-05
-1.5043e-05
-1.50265e-05
-1.49932e-05
-1.49447e-05
-1.48964e-05
-1.48832e-05
-1.48912e-05
-1.4908e-05
-1.49291e-05
-1.49598e-05
-1.50051e-05
-1.50741e-05
-1.51533e-05
-1.52308e-05
-1.53095e-05
-1.53691e-05
-1.54004e-05
-1.53959e-05
-1.53806e-05
-1.53665e-05
-1.53572e-05
-1.53375e-05
-1.53354e-05
-1.49648e-05
-1.49532e-05
-1.49598e-05
-1.49797e-05
-1.49936e-05
-1.49732e-05
-1.49327e-05
-1.48753e-05
-1.48089e-05
-1.47679e-05
-1.47498e-05
-1.47529e-05
-1.47635e-05
-1.47802e-05
-1.47907e-05
-1.47917e-05
-1.48022e-05
-1.47916e-05
-1.47663e-05
-1.47448e-05
-1.47244e-05
-1.47063e-05
-1.47137e-05
-1.47591e-05
-1.48153e-05
-1.48637e-05
-1.48965e-05
-1.49226e-05
-1.49637e-05
-1.50149e-05
-1.5076e-05
-1.51415e-05
-1.51876e-05
-1.52129e-05
-1.52199e-05
-1.51931e-05
-1.51516e-05
-1.50944e-05
-1.50386e-05
-1.49951e-05
-1.5524e-05
-1.55402e-05
-1.55739e-05
-1.56215e-05
-1.56444e-05
-1.56372e-05
-1.56133e-05
-1.55805e-05
-1.55476e-05
-1.55272e-05
-1.55094e-05
-1.55036e-05
-1.55089e-05
-1.55113e-05
-1.55298e-05
-1.55427e-05
-1.55546e-05
-1.55508e-05
-1.55156e-05
-1.54753e-05
-1.54445e-05
-1.54427e-05
-1.54552e-05
-1.54621e-05
-1.54802e-05
-1.54991e-05
-1.54999e-05
-1.55017e-05
-1.55019e-05
-1.54998e-05
-1.54966e-05
-1.55155e-05
-1.55428e-05
-1.557e-05
-1.55821e-05
-1.55769e-05
-1.55639e-05
-1.55323e-05
-1.55151e-05
-1.55159e-05
-1.61476e-05
-1.61162e-05
-1.60813e-05
-1.60484e-05
-1.60006e-05
-1.59319e-05
-1.58349e-05
-1.57315e-05
-1.56415e-05
-1.55829e-05
-1.55548e-05
-1.55319e-05
-1.55051e-05
-1.54931e-05
-1.5482e-05
-1.54825e-05
-1.54871e-05
-1.54683e-05
-1.54525e-05
-1.54589e-05
-1.55036e-05
-1.55948e-05
-1.57073e-05
-1.58228e-05
-1.59265e-05
-1.60126e-05
-1.60758e-05
-1.61193e-05
-1.61452e-05
-1.61676e-05
-1.61825e-05
-1.62028e-05
-1.62252e-05
-1.62413e-05
-1.62527e-05
-1.6275e-05
-1.62766e-05
-1.6251e-05
-1.62162e-05
-1.61834e-05
-1.87452e-05
-1.86918e-05
-1.86376e-05
-1.85447e-05
-1.8394e-05
-1.82149e-05
-1.80419e-05
-1.78937e-05
-1.77552e-05
-1.76374e-05
-1.75469e-05
-1.74738e-05
-1.74192e-05
-1.73934e-05
-1.73884e-05
-1.73842e-05
-1.73482e-05
-1.73457e-05
-1.73905e-05
-1.74964e-05
-1.76422e-05
-1.78083e-05
-1.79821e-05
-1.8156e-05
-1.83132e-05
-1.84394e-05
-1.85367e-05
-1.86313e-05
-1.87237e-05
-1.87985e-05
-1.88535e-05
-1.88873e-05
-1.88954e-05
-1.88731e-05
-1.88581e-05
-1.88607e-05
-1.88911e-05
-1.89054e-05
-1.8875e-05
-1.88129e-05
-2.1744e-05
-2.17848e-05
-2.18073e-05
-2.17806e-05
-2.16782e-05
-2.15158e-05
-2.13101e-05
-2.10943e-05
-2.09029e-05
-2.07471e-05
-2.06258e-05
-2.05189e-05
-2.04155e-05
-2.03307e-05
-2.02992e-05
-2.02742e-05
-2.02291e-05
-2.01884e-05
-2.01911e-05
-2.02173e-05
-2.02692e-05
-2.03205e-05
-2.03843e-05
-2.04924e-05
-2.06153e-05
-2.07171e-05
-2.07608e-05
-2.07602e-05
-2.07573e-05
-2.07645e-05
-2.07923e-05
-2.08619e-05
-2.09588e-05
-2.10719e-05
-2.12069e-05
-2.13493e-05
-2.14725e-05
-2.15598e-05
-2.16322e-05
-2.16914e-05
-2.55207e-05
-2.54791e-05
-2.5361e-05
-2.51641e-05
-2.49023e-05
-2.45769e-05
-2.424e-05
-2.3965e-05
-2.37699e-05
-2.36342e-05
-2.35484e-05
-2.35099e-05
-2.34862e-05
-2.34633e-05
-2.34353e-05
-2.34288e-05
-2.34528e-05
-2.34765e-05
-2.35109e-05
-2.3571e-05
-2.36359e-05
-2.36917e-05
-2.38093e-05
-2.40015e-05
-2.42556e-05
-2.45087e-05
-2.46822e-05
-2.47728e-05
-2.48309e-05
-2.48703e-05
-2.48943e-05
-2.49361e-05
-2.50388e-05
-2.52136e-05
-2.54243e-05
-2.55777e-05
-2.56392e-05
-2.56209e-05
-2.55716e-05
-2.55358e-05
-2.99645e-05
-2.98104e-05
-2.95239e-05
-2.91014e-05
-2.8575e-05
-2.80213e-05
-2.75737e-05
-2.72439e-05
-2.70038e-05
-2.68461e-05
-2.67364e-05
-2.66183e-05
-2.6485e-05
-2.64135e-05
-2.64325e-05
-2.64851e-05
-2.65457e-05
-2.65979e-05
-2.66817e-05
-2.68015e-05
-2.69652e-05
-2.72142e-05
-2.75355e-05
-2.79191e-05
-2.83433e-05
-2.86881e-05
-2.89434e-05
-2.91223e-05
-2.92029e-05
-2.91868e-05
-2.91801e-05
-2.92261e-05
-2.94016e-05
-2.96919e-05
-2.99801e-05
-3.01709e-05
-3.02208e-05
-3.01808e-05
-3.00951e-05
-3.00333e-05
-3.37763e-05
-3.36376e-05
-3.33282e-05
-3.28193e-05
-3.21439e-05
-3.14636e-05
-3.08524e-05
-3.03767e-05
-3.00262e-05
-2.97936e-05
-2.96722e-05
-2.95776e-05
-2.95048e-05
-2.9514e-05
-2.96393e-05
-2.98577e-05
-3.01003e-05
-3.03858e-05
-3.06884e-05
-3.09607e-05
-3.12191e-05
-3.15186e-05
-3.18895e-05
-3.22978e-05
-3.26518e-05
-3.2843e-05
-3.28748e-05
-3.27576e-05
-3.26103e-05
-3.24513e-05
-3.22891e-05
-3.22432e-05
-3.23491e-05
-3.25679e-05
-3.27839e-05
-3.29374e-05
-3.30758e-05
-3.3269e-05
-3.34821e-05
-3.37006e-05
-3.47103e-05
-3.47255e-05
-3.46538e-05
-3.44104e-05
-3.39627e-05
-3.34408e-05
-3.2944e-05
-3.2507e-05
-3.22186e-05
-3.21239e-05
-3.21339e-05
-3.21745e-05
-3.22546e-05
-3.24116e-05
-3.26625e-05
-3.29945e-05
-3.33656e-05
-3.37265e-05
-3.40639e-05
-3.43227e-05
-3.45076e-05
-3.46163e-05
-3.46685e-05
-3.47371e-05
-3.47423e-05
-3.46382e-05
-3.44055e-05
-3.40824e-05
-3.37776e-05
-3.35461e-05
-3.34248e-05
-3.34654e-05
-3.36352e-05
-3.38367e-05
-3.39311e-05
-3.39694e-05
-3.40388e-05
-3.41814e-05
-3.43816e-05
-3.45861e-05
-3.73534e-05
-3.73385e-05
-3.72069e-05
-3.69385e-05
-3.65633e-05
-3.61899e-05
-3.5869e-05
-3.56926e-05
-3.56629e-05
-3.57092e-05
-3.56917e-05
-3.56288e-05
-3.56201e-05
-3.5675e-05
-3.57245e-05
-3.57956e-05
-3.592e-05
-3.60639e-05
-3.6207e-05
-3.62944e-05
-3.63164e-05
-3.62688e-05
-3.63521e-05
-3.65002e-05
-3.66256e-05
-3.66605e-05
-3.66285e-05
-3.64936e-05
-3.63063e-05
-3.61799e-05
-3.61237e-05
-3.61622e-05
-3.62297e-05
-3.6306e-05
-3.6329e-05
-3.63861e-05
-3.65467e-05
-3.67932e-05
-3.70964e-05
-3.73012e-05
-3.89464e-05
-3.88945e-05
-3.88139e-05
-3.87151e-05
-3.86667e-05
-3.85647e-05
-3.84574e-05
-3.83494e-05
-3.82592e-05
-3.80961e-05
-3.78436e-05
-3.76947e-05
-3.76751e-05
-3.76304e-05
-3.75096e-05
-3.72749e-05
-3.69804e-05
-3.6716e-05
-3.65802e-05
-3.66189e-05
-3.68097e-05
-3.71735e-05
-3.75935e-05
-3.78863e-05
-3.79446e-05
-3.79083e-05
-3.77715e-05
-3.75773e-05
-3.73891e-05
-3.73685e-05
-3.75706e-05
-3.79046e-05
-3.82197e-05
-3.83997e-05
-3.84198e-05
-3.83637e-05
-3.83243e-05
-3.84461e-05
-3.87297e-05
-3.89176e-05
-3.97327e-05
-3.96926e-05
-3.96122e-05
-3.95584e-05
-3.95757e-05
-3.96059e-05
-3.97007e-05
-3.97693e-05
-3.96775e-05
-3.94845e-05
-3.91951e-05
-3.90582e-05
-3.90963e-05
-3.91634e-05
-3.91217e-05
-3.89777e-05
-3.87433e-05
-3.85377e-05
-3.83651e-05
-3.82723e-05
-3.83764e-05
-3.86533e-05
-3.89767e-05
-3.92067e-05
-3.93547e-05
-3.93665e-05
-3.92233e-05
-3.89502e-05
-3.87332e-05
-3.87054e-05
-3.89921e-05
-3.9536e-05
-4.00167e-05
-4.01043e-05
-3.97604e-05
-3.92811e-05
-3.90238e-05
-3.91024e-05
-3.94476e-05
-3.96802e-05
-4.08365e-05
-4.09915e-05
-4.11541e-05
-4.13612e-05
-4.15879e-05
-4.17857e-05
-4.19034e-05
-4.19247e-05
-4.17796e-05
-4.15314e-05
-4.11963e-05
-4.09659e-05
-4.09675e-05
-4.10782e-05
-4.11426e-05
-4.11707e-05
-4.12045e-05
-4.13176e-05
-4.13796e-05
-4.151e-05
-4.17992e-05
-4.21001e-05
-4.22693e-05
-4.23279e-05
-4.23674e-05
-4.21671e-05
-4.16175e-05
-4.0984e-05
-4.04662e-05
-4.02595e-05
-4.04401e-05
-4.0849e-05
-4.10293e-05
-4.07664e-05
-4.0344e-05
-3.99065e-05
-3.97244e-05
-3.98891e-05
-4.02465e-05
-4.05934e-05
-4.05431e-05
-4.10322e-05
-4.16279e-05
-4.21997e-05
-4.26216e-05
-4.28443e-05
-4.29295e-05
-4.29129e-05
-4.29357e-05
-4.28891e-05
-4.27158e-05
-4.25776e-05
-4.25042e-05
-4.24327e-05
-4.23486e-05
-4.23346e-05
-4.25203e-05
-4.28141e-05
-4.30708e-05
-4.3441e-05
-4.38203e-05
-4.41688e-05
-4.42615e-05
-4.40021e-05
-4.35343e-05
-4.2883e-05
-4.21547e-05
-4.14081e-05
-4.07572e-05
-4.03127e-05
-4.02067e-05
-4.03636e-05
-4.04454e-05
-4.03457e-05
-4.00614e-05
-3.9766e-05
-3.96593e-05
-3.97338e-05
-3.99232e-05
-4.01988e-05
-4.02807e-05
-4.08548e-05
-4.16016e-05
-4.23952e-05
-4.30429e-05
-4.34382e-05
-4.35205e-05
-4.34341e-05
-4.3371e-05
-4.3218e-05
-4.28772e-05
-4.25241e-05
-4.21583e-05
-4.18338e-05
-4.17325e-05
-4.18993e-05
-4.22602e-05
-4.25732e-05
-4.2663e-05
-4.26002e-05
-4.24713e-05
-4.24992e-05
-4.24707e-05
-4.21501e-05
-4.15872e-05
-4.11091e-05
-4.07799e-05
-4.03699e-05
-3.99296e-05
-3.96315e-05
-3.94681e-05
-3.93821e-05
-3.94419e-05
-3.94837e-05
-3.93523e-05
-3.91986e-05
-3.91577e-05
-3.9404e-05
-3.97091e-05
-3.99494e-05
-3.97099e-05
-4.03518e-05
-4.12949e-05
-4.23272e-05
-4.31883e-05
-4.36775e-05
-4.36933e-05
-4.34477e-05
-4.32e-05
-4.27752e-05
-4.21085e-05
-4.1503e-05
-4.08678e-05
-4.03526e-05
-4.02578e-05
-4.04569e-05
-4.0706e-05
-4.07656e-05
-4.05403e-05
-4.0061e-05
-3.96209e-05
-3.93888e-05
-3.91792e-05
-3.86863e-05
-3.80503e-05
-3.75925e-05
-3.7334e-05
-3.71422e-05
-3.71584e-05
-3.73938e-05
-3.76063e-05
-3.77451e-05
-3.78253e-05
-3.78487e-05
-3.77418e-05
-3.77505e-05
-3.80529e-05
-3.86141e-05
-3.91155e-05
-3.93747e-05
-3.76879e-05
-3.83934e-05
-3.93993e-05
-4.02442e-05
-4.06688e-05
-4.06639e-05
-4.0335e-05
-3.99172e-05
-3.95803e-05
-3.92105e-05
-3.87369e-05
-3.83324e-05
-3.79798e-05
-3.77783e-05
-3.78821e-05
-3.79495e-05
-3.79125e-05
-3.77814e-05
-3.74293e-05
-3.69452e-05
-3.65439e-05
-3.6233e-05
-3.59205e-05
-3.53915e-05
-3.47488e-05
-3.42084e-05
-3.38476e-05
-3.371e-05
-3.3953e-05
-3.44918e-05
-3.49763e-05
-3.52174e-05
-3.52283e-05
-3.50672e-05
-3.4866e-05
-3.49483e-05
-3.5564e-05
-3.64208e-05
-3.7065e-05
-3.73811e-05
-3.35814e-05
-3.42526e-05
-3.51157e-05
-3.56958e-05
-3.58355e-05
-3.55844e-05
-3.50715e-05
-3.44773e-05
-3.393e-05
-3.35055e-05
-3.33012e-05
-3.33971e-05
-3.35529e-05
-3.37349e-05
-3.39611e-05
-3.39186e-05
-3.36889e-05
-3.33889e-05
-3.30369e-05
-3.2768e-05
-3.26004e-05
-3.24428e-05
-3.21672e-05
-3.16985e-05
-3.1102e-05
-3.06563e-05
-3.05715e-05
-3.07123e-05
-3.10366e-05
-3.16024e-05
-3.21368e-05
-3.24211e-05
-3.22898e-05
-3.19686e-05
-3.17009e-05
-3.16661e-05
-3.2105e-05
-3.27871e-05
-3.31943e-05
-3.33104e-05
-2.76184e-05
-2.8238e-05
-2.91024e-05
-2.98241e-05
-3.01748e-05
-3.01753e-05
-2.98806e-05
-2.92727e-05
-2.85859e-05
-2.80475e-05
-2.76903e-05
-2.76712e-05
-2.79171e-05
-2.83199e-05
-2.86607e-05
-2.86624e-05
-2.83961e-05
-2.80845e-05
-2.78077e-05
-2.76912e-05
-2.77242e-05
-2.77418e-05
-2.7484e-05
-2.68698e-05
-2.61839e-05
-2.57991e-05
-2.58976e-05
-2.62834e-05
-2.68062e-05
-2.73849e-05
-2.78161e-05
-2.80758e-05
-2.79335e-05
-2.74892e-05
-2.70572e-05
-2.67907e-05
-2.69053e-05
-2.72828e-05
-2.74311e-05
-2.74121e-05
-2.14805e-05
-2.21729e-05
-2.2993e-05
-2.36732e-05
-2.40048e-05
-2.40135e-05
-2.37978e-05
-2.33612e-05
-2.28722e-05
-2.24428e-05
-2.20348e-05
-2.17014e-05
-2.16362e-05
-2.18783e-05
-2.21666e-05
-2.21735e-05
-2.19813e-05
-2.1696e-05
-2.13994e-05
-2.12506e-05
-2.13257e-05
-2.14861e-05
-2.14047e-05
-2.09254e-05
-2.03315e-05
-2.00164e-05
-2.01186e-05
-2.05002e-05
-2.09765e-05
-2.14944e-05
-2.19128e-05
-2.21613e-05
-2.19994e-05
-2.1502e-05
-2.10013e-05
-2.07134e-05
-2.07829e-05
-2.10158e-05
-2.10899e-05
-2.11456e-05
-1.56682e-05
-1.63901e-05
-1.71596e-05
-1.76813e-05
-1.78193e-05
-1.77193e-05
-1.74303e-05
-1.69823e-05
-1.65471e-05
-1.62398e-05
-1.59249e-05
-1.55609e-05
-1.53388e-05
-1.53762e-05
-1.54471e-05
-1.53625e-05
-1.51931e-05
-1.49796e-05
-1.47589e-05
-1.46301e-05
-1.45875e-05
-1.46364e-05
-1.46009e-05
-1.43975e-05
-1.41459e-05
-1.40261e-05
-1.41086e-05
-1.43479e-05
-1.46936e-05
-1.5193e-05
-1.56346e-05
-1.58057e-05
-1.5586e-05
-1.51557e-05
-1.47972e-05
-1.46516e-05
-1.47753e-05
-1.49767e-05
-1.50767e-05
-1.52312e-05
-1.0452e-05
-1.10971e-05
-1.17546e-05
-1.21355e-05
-1.21983e-05
-1.20702e-05
-1.17681e-05
-1.13159e-05
-1.08732e-05
-1.05842e-05
-1.03305e-05
-1.00144e-05
-9.81651e-06
-9.74414e-06
-9.64107e-06
-9.49222e-06
-9.34924e-06
-9.22925e-06
-9.13022e-06
-9.04123e-06
-8.92919e-06
-8.80108e-06
-8.65373e-06
-8.47584e-06
-8.29623e-06
-8.1987e-06
-8.24281e-06
-8.41435e-06
-8.74072e-06
-9.22823e-06
-9.65327e-06
-9.83862e-06
-9.7065e-06
-9.39027e-06
-9.15345e-06
-9.15205e-06
-9.39505e-06
-9.66299e-06
-9.83271e-06
-1.00353e-05
-6.3291e-06
-6.84129e-06
-7.36121e-06
-7.64233e-06
-7.66245e-06
-7.57067e-06
-7.35369e-06
-6.99424e-06
-6.63131e-06
-6.43312e-06
-6.30773e-06
-6.06254e-06
-5.82248e-06
-5.6327e-06
-5.37246e-06
-5.13406e-06
-5.00346e-06
-4.96812e-06
-4.98978e-06
-5.02071e-06
-4.97981e-06
-4.86834e-06
-4.72649e-06
-4.50455e-06
-4.19593e-06
-3.94039e-06
-3.84162e-06
-3.91631e-06
-4.16187e-06
-4.57373e-06
-4.93865e-06
-5.15812e-06
-5.13854e-06
-5.00043e-06
-4.91836e-06
-5.03128e-06
-5.37333e-06
-5.70064e-06
-5.86116e-06
-6.00103e-06
-3.92234e-06
-4.3368e-06
-4.75259e-06
-4.94043e-06
-4.92559e-06
-4.84968e-06
-4.67209e-06
-4.37612e-06
-4.10308e-06
-4.00085e-06
-3.97364e-06
-3.78229e-06
-3.48849e-06
-3.1821e-06
-2.83443e-06
-2.52481e-06
-2.38171e-06
-2.37222e-06
-2.45565e-06
-2.58452e-06
-2.62192e-06
-2.58279e-06
-2.51241e-06
-2.32326e-06
-1.99102e-06
-1.68821e-06
-1.53615e-06
-1.5365e-06
-1.67131e-06
-1.94766e-06
-2.21758e-06
-2.39771e-06
-2.43894e-06
-2.40558e-06
-2.42933e-06
-2.62162e-06
-3.00756e-06
-3.35573e-06
-3.52665e-06
-3.65215e-06
-2.9887e-06
-3.38678e-06
-3.78719e-06
-3.95696e-06
-3.93111e-06
-3.8587e-06
-3.67529e-06
-3.38231e-06
-3.13853e-06
-3.06021e-06
-3.05316e-06
-2.87636e-06
-2.58527e-06
-2.22748e-06
-1.81539e-06
-1.46749e-06
-1.29919e-06
-1.27588e-06
-1.36399e-06
-1.51101e-06
-1.57794e-06
-1.58078e-06
-1.54142e-06
-1.3817e-06
-1.08735e-06
-8.06414e-07
-6.58431e-07
-6.39933e-07
-7.4093e-07
-9.6956e-07
-1.18863e-06
-1.3398e-06
-1.37765e-06
-1.3796e-06
-1.43939e-06
-1.65248e-06
-2.05496e-06
-2.42047e-06
-2.60755e-06
-2.73123e-06
-2.89638e-06
-3.29026e-06
-3.68868e-06
-3.85412e-06
-3.82349e-06
-3.73882e-06
-3.55321e-06
-3.2714e-06
-3.03695e-06
-2.96583e-06
-2.96545e-06
-2.79416e-06
-2.49043e-06
-2.11766e-06
-1.67301e-06
-1.29127e-06
-1.11029e-06
-1.08602e-06
-1.18051e-06
-1.3376e-06
-1.41534e-06
-1.41346e-06
-1.36911e-06
-1.2142e-06
-9.32444e-07
-6.62015e-07
-5.12453e-07
-4.87899e-07
-5.81941e-07
-8.0969e-07
-1.03639e-06
-1.19667e-06
-1.24721e-06
-1.25261e-06
-1.31237e-06
-1.52946e-06
-1.93983e-06
-2.31607e-06
-2.51012e-06
-2.64059e-06
-1.55384e-05
-1.55677e-05
-1.55939e-05
-1.56144e-05
-1.56173e-05
-1.55943e-05
-1.55522e-05
-1.54986e-05
-1.54424e-05
-1.54052e-05
-1.53808e-05
-1.53597e-05
-1.535e-05
-1.53424e-05
-1.53354e-05
-1.53377e-05
-1.53409e-05
-1.53444e-05
-1.53434e-05
-1.53393e-05
-1.5345e-05
-1.53606e-05
-1.53867e-05
-1.54094e-05
-1.54201e-05
-1.54438e-05
-1.54667e-05
-1.54792e-05
-1.54984e-05
-1.55104e-05
-1.55122e-05
-1.55283e-05
-1.55642e-05
-1.55929e-05
-1.56048e-05
-1.56068e-05
-1.5587e-05
-1.5557e-05
-1.55409e-05
-1.55322e-05
-1.71565e-05
-1.7108e-05
-1.7092e-05
-1.70788e-05
-1.70499e-05
-1.70105e-05
-1.69569e-05
-1.68966e-05
-1.68568e-05
-1.68358e-05
-1.68245e-05
-1.6811e-05
-1.67991e-05
-1.68068e-05
-1.68336e-05
-1.68758e-05
-1.69083e-05
-1.69524e-05
-1.69847e-05
-1.70358e-05
-1.71228e-05
-1.72379e-05
-1.73593e-05
-1.74768e-05
-1.75774e-05
-1.76387e-05
-1.76734e-05
-1.76757e-05
-1.76725e-05
-1.76498e-05
-1.76301e-05
-1.76127e-05
-1.7588e-05
-1.75404e-05
-1.74938e-05
-1.74659e-05
-1.74269e-05
-1.73715e-05
-1.72982e-05
-1.72238e-05
-2.04404e-05
-2.03642e-05
-2.02524e-05
-2.01268e-05
-1.99848e-05
-1.98411e-05
-1.97096e-05
-1.96003e-05
-1.94916e-05
-1.94249e-05
-1.9405e-05
-1.94038e-05
-1.94352e-05
-1.94904e-05
-1.95562e-05
-1.96187e-05
-1.96841e-05
-1.97568e-05
-1.9869e-05
-1.99835e-05
-2.00933e-05
-2.02001e-05
-2.03051e-05
-2.04045e-05
-2.05161e-05
-2.06326e-05
-2.07309e-05
-2.07966e-05
-2.08586e-05
-2.09177e-05
-2.09364e-05
-2.09365e-05
-2.09041e-05
-2.08411e-05
-2.07759e-05
-2.07349e-05
-2.07078e-05
-2.06646e-05
-2.05948e-05
-2.05135e-05
-2.30672e-05
-2.30766e-05
-2.31189e-05
-2.31697e-05
-2.32205e-05
-2.32348e-05
-2.32293e-05
-2.32083e-05
-2.3163e-05
-2.31209e-05
-2.31057e-05
-2.31228e-05
-2.31769e-05
-2.32684e-05
-2.33496e-05
-2.34113e-05
-2.34401e-05
-2.34608e-05
-2.34821e-05
-2.35054e-05
-2.35304e-05
-2.35517e-05
-2.3564e-05
-2.3571e-05
-2.35708e-05
-2.35711e-05
-2.35602e-05
-2.3535e-05
-2.35117e-05
-2.35003e-05
-2.34907e-05
-2.34477e-05
-2.33703e-05
-2.32859e-05
-2.3226e-05
-2.31775e-05
-2.31345e-05
-2.30791e-05
-2.30615e-05
-2.30677e-05
-2.61331e-05
-2.62605e-05
-2.63338e-05
-2.6367e-05
-2.63411e-05
-2.62325e-05
-2.60607e-05
-2.58803e-05
-2.56906e-05
-2.54992e-05
-2.5344e-05
-2.52291e-05
-2.51651e-05
-2.51372e-05
-2.51388e-05
-2.51489e-05
-2.51914e-05
-2.52713e-05
-2.53779e-05
-2.55192e-05
-2.56833e-05
-2.58557e-05
-2.60155e-05
-2.61761e-05
-2.63239e-05
-2.64495e-05
-2.65185e-05
-2.65285e-05
-2.65209e-05
-2.64962e-05
-2.64254e-05
-2.63419e-05
-2.62542e-05
-2.61868e-05
-2.61474e-05
-2.61083e-05
-2.60515e-05
-2.59828e-05
-2.59686e-05
-2.60188e-05
-2.82779e-05
-2.83472e-05
-2.84019e-05
-2.83888e-05
-2.82269e-05
-2.79615e-05
-2.76752e-05
-2.7414e-05
-2.71278e-05
-2.68428e-05
-2.65973e-05
-2.63682e-05
-2.61279e-05
-2.59036e-05
-2.57581e-05
-2.57012e-05
-2.56912e-05
-2.57825e-05
-2.59609e-05
-2.6204e-05
-2.6557e-05
-2.69832e-05
-2.74034e-05
-2.77989e-05
-2.81363e-05
-2.84227e-05
-2.86424e-05
-2.88332e-05
-2.89807e-05
-2.90394e-05
-2.90128e-05
-2.89457e-05
-2.88937e-05
-2.88781e-05
-2.88365e-05
-2.87296e-05
-2.85578e-05
-2.83782e-05
-2.8258e-05
-2.82242e-05
-3.21609e-05
-3.20834e-05
-3.19127e-05
-3.1705e-05
-3.14706e-05
-3.11994e-05
-3.08415e-05
-3.03705e-05
-2.98826e-05
-2.95624e-05
-2.94048e-05
-2.92941e-05
-2.91444e-05
-2.90168e-05
-2.89753e-05
-2.89938e-05
-2.90316e-05
-2.90603e-05
-2.90997e-05
-2.91921e-05
-2.93845e-05
-2.96694e-05
-3.00458e-05
-3.04368e-05
-3.07699e-05
-3.10377e-05
-3.12026e-05
-3.13421e-05
-3.14013e-05
-3.13705e-05
-3.13183e-05
-3.13327e-05
-3.1511e-05
-3.17784e-05
-3.19691e-05
-3.20497e-05
-3.20827e-05
-3.21033e-05
-3.21232e-05
-3.21528e-05
-3.34133e-05
-3.33488e-05
-3.33315e-05
-3.32716e-05
-3.3195e-05
-3.3189e-05
-3.31645e-05
-3.29901e-05
-3.27344e-05
-3.25627e-05
-3.24739e-05
-3.24578e-05
-3.24776e-05
-3.24921e-05
-3.24679e-05
-3.24216e-05
-3.2453e-05
-3.25406e-05
-3.26252e-05
-3.27457e-05
-3.29361e-05
-3.32006e-05
-3.3499e-05
-3.38317e-05
-3.40877e-05
-3.42445e-05
-3.43828e-05
-3.44105e-05
-3.42661e-05
-3.40122e-05
-3.37686e-05
-3.36785e-05
-3.38059e-05
-3.40194e-05
-3.40954e-05
-3.40023e-05
-3.37998e-05
-3.36214e-05
-3.35019e-05
-3.34649e-05
-3.53766e-05
-3.53814e-05
-3.53928e-05
-3.54994e-05
-3.56875e-05
-3.5955e-05
-3.61764e-05
-3.62771e-05
-3.63397e-05
-3.63546e-05
-3.62494e-05
-3.6161e-05
-3.61451e-05
-3.60695e-05
-3.58786e-05
-3.55769e-05
-3.52095e-05
-3.49313e-05
-3.47336e-05
-3.46304e-05
-3.46677e-05
-3.4817e-05
-3.50714e-05
-3.54339e-05
-3.58444e-05
-3.62094e-05
-3.64524e-05
-3.65608e-05
-3.64796e-05
-3.62682e-05
-3.60559e-05
-3.59578e-05
-3.59519e-05
-3.58742e-05
-3.56382e-05
-3.52694e-05
-3.50128e-05
-3.49928e-05
-3.516e-05
-3.53306e-05
-3.75486e-05
-3.75408e-05
-3.75267e-05
-3.75192e-05
-3.75625e-05
-3.75166e-05
-3.74036e-05
-3.72425e-05
-3.71114e-05
-3.7004e-05
-3.69025e-05
-3.68965e-05
-3.70026e-05
-3.71159e-05
-3.70628e-05
-3.68118e-05
-3.64032e-05
-3.59546e-05
-3.56294e-05
-3.54711e-05
-3.54574e-05
-3.56565e-05
-3.60481e-05
-3.65415e-05
-3.71379e-05
-3.77956e-05
-3.83254e-05
-3.85919e-05
-3.85678e-05
-3.84307e-05
-3.84104e-05
-3.83709e-05
-3.81462e-05
-3.76702e-05
-3.7047e-05
-3.65723e-05
-3.64617e-05
-3.67644e-05
-3.72219e-05
-3.74984e-05
-3.94598e-05
-3.91629e-05
-3.88032e-05
-3.84413e-05
-3.81195e-05
-3.77684e-05
-3.7358e-05
-3.70559e-05
-3.68306e-05
-3.67097e-05
-3.67142e-05
-3.6982e-05
-3.76377e-05
-3.85103e-05
-3.91569e-05
-3.93419e-05
-3.91676e-05
-3.88154e-05
-3.84615e-05
-3.82678e-05
-3.83892e-05
-3.87522e-05
-3.91754e-05
-3.95512e-05
-3.98667e-05
-4.02432e-05
-4.05195e-05
-4.05156e-05
-4.03207e-05
-4.021e-05
-4.02818e-05
-4.03273e-05
-4.00514e-05
-3.9344e-05
-3.85857e-05
-3.81659e-05
-3.83204e-05
-3.88318e-05
-3.92883e-05
-3.95161e-05
-3.98463e-05
-3.95196e-05
-3.91102e-05
-3.87071e-05
-3.83741e-05
-3.80498e-05
-3.77379e-05
-3.75372e-05
-3.74723e-05
-3.75152e-05
-3.76928e-05
-3.82046e-05
-3.90858e-05
-4.01435e-05
-4.09748e-05
-4.13124e-05
-4.13517e-05
-4.13096e-05
-4.13503e-05
-4.16196e-05
-4.22442e-05
-4.30989e-05
-4.36971e-05
-4.38907e-05
-4.37018e-05
-4.32819e-05
-4.26754e-05
-4.1968e-05
-4.13668e-05
-4.10252e-05
-4.09355e-05
-4.08597e-05
-4.05102e-05
-3.99033e-05
-3.93319e-05
-3.91256e-05
-3.94111e-05
-3.98183e-05
-4.00494e-05
-4.00249e-05
-3.97938e-05
-3.92614e-05
-3.87351e-05
-3.83576e-05
-3.81291e-05
-3.79374e-05
-3.78394e-05
-3.78148e-05
-3.79302e-05
-3.8038e-05
-3.83257e-05
-3.89854e-05
-4.00214e-05
-4.10131e-05
-4.16246e-05
-4.19975e-05
-4.24156e-05
-4.2853e-05
-4.33616e-05
-4.41069e-05
-4.50101e-05
-4.59925e-05
-4.66529e-05
-4.66751e-05
-4.59045e-05
-4.4609e-05
-4.32866e-05
-4.21943e-05
-4.14239e-05
-4.10942e-05
-4.09277e-05
-4.06063e-05
-4.00227e-05
-3.94926e-05
-3.92256e-05
-3.94279e-05
-3.98977e-05
-4.03502e-05
-4.04403e-05
-4.02276e-05
-3.87501e-05
-3.83459e-05
-3.81247e-05
-3.79758e-05
-3.78458e-05
-3.78216e-05
-3.79954e-05
-3.8247e-05
-3.83506e-05
-3.82011e-05
-3.80997e-05
-3.84185e-05
-3.90684e-05
-3.96808e-05
-4.01504e-05
-4.07563e-05
-4.15981e-05
-4.2356e-05
-4.29288e-05
-4.33515e-05
-4.37844e-05
-4.42964e-05
-4.46121e-05
-4.44092e-05
-4.35881e-05
-4.23764e-05
-4.13408e-05
-4.07036e-05
-4.04723e-05
-4.06386e-05
-4.09624e-05
-4.08868e-05
-4.03415e-05
-3.97477e-05
-3.94656e-05
-3.95673e-05
-3.98803e-05
-4.00663e-05
-3.98595e-05
-3.93409e-05
-3.62704e-05
-3.63048e-05
-3.672e-05
-3.71774e-05
-3.73905e-05
-3.74728e-05
-3.75732e-05
-3.75771e-05
-3.73128e-05
-3.68478e-05
-3.64124e-05
-3.62405e-05
-3.63883e-05
-3.67649e-05
-3.74164e-05
-3.83278e-05
-3.91672e-05
-3.96837e-05
-3.97144e-05
-3.9523e-05
-3.94056e-05
-3.94378e-05
-3.9509e-05
-3.92966e-05
-3.85903e-05
-3.77896e-05
-3.73758e-05
-3.74023e-05
-3.77209e-05
-3.83503e-05
-3.89849e-05
-3.90654e-05
-3.85601e-05
-3.78537e-05
-3.73222e-05
-3.72435e-05
-3.73533e-05
-3.73079e-05
-3.69964e-05
-3.65448e-05
-3.23856e-05
-3.26178e-05
-3.32497e-05
-3.3853e-05
-3.41057e-05
-3.42069e-05
-3.42041e-05
-3.39144e-05
-3.3349e-05
-3.2731e-05
-3.23144e-05
-3.20495e-05
-3.19656e-05
-3.22871e-05
-3.30047e-05
-3.37639e-05
-3.41799e-05
-3.42228e-05
-3.39891e-05
-3.36899e-05
-3.34583e-05
-3.34068e-05
-3.34765e-05
-3.34467e-05
-3.31368e-05
-3.28058e-05
-3.27794e-05
-3.30683e-05
-3.35301e-05
-3.42338e-05
-3.48589e-05
-3.48865e-05
-3.43819e-05
-3.38127e-05
-3.35794e-05
-3.37554e-05
-3.39746e-05
-3.38258e-05
-3.32742e-05
-3.26986e-05
-2.70109e-05
-2.69692e-05
-2.72772e-05
-2.74164e-05
-2.72978e-05
-2.73225e-05
-2.75225e-05
-2.7607e-05
-2.73658e-05
-2.7008e-05
-2.6819e-05
-2.67588e-05
-2.6798e-05
-2.71955e-05
-2.7674e-05
-2.79892e-05
-2.80121e-05
-2.78479e-05
-2.77131e-05
-2.76672e-05
-2.7691e-05
-2.7802e-05
-2.80035e-05
-2.80739e-05
-2.79562e-05
-2.78794e-05
-2.79943e-05
-2.83222e-05
-2.88178e-05
-2.94834e-05
-2.98627e-05
-2.9674e-05
-2.91608e-05
-2.88632e-05
-2.90335e-05
-2.94805e-05
-2.97512e-05
-2.94275e-05
-2.85694e-05
-2.76099e-05
-2.08038e-05
-2.05482e-05
-2.06172e-05
-2.0507e-05
-2.01941e-05
-2.0115e-05
-2.04403e-05
-2.09334e-05
-2.12569e-05
-2.13155e-05
-2.12361e-05
-2.12669e-05
-2.14134e-05
-2.1669e-05
-2.18182e-05
-2.17471e-05
-2.1495e-05
-2.12483e-05
-2.13214e-05
-2.16267e-05
-2.19969e-05
-2.23913e-05
-2.26584e-05
-2.2744e-05
-2.26526e-05
-2.26826e-05
-2.28353e-05
-2.30573e-05
-2.34189e-05
-2.3864e-05
-2.39634e-05
-2.34355e-05
-2.27511e-05
-2.24668e-05
-2.271e-05
-2.32377e-05
-2.35678e-05
-2.33485e-05
-2.25892e-05
-2.15805e-05
-1.49851e-05
-1.47034e-05
-1.47793e-05
-1.47435e-05
-1.44034e-05
-1.41282e-05
-1.42471e-05
-1.4674e-05
-1.51639e-05
-1.54084e-05
-1.53737e-05
-1.51817e-05
-1.50108e-05
-1.49299e-05
-1.48399e-05
-1.46315e-05
-1.43427e-05
-1.42534e-05
-1.45907e-05
-1.51905e-05
-1.59424e-05
-1.65542e-05
-1.68938e-05
-1.70625e-05
-1.71876e-05
-1.73477e-05
-1.75449e-05
-1.77717e-05
-1.80901e-05
-1.84256e-05
-1.83129e-05
-1.75301e-05
-1.6663e-05
-1.62679e-05
-1.6392e-05
-1.67954e-05
-1.71101e-05
-1.70846e-05
-1.6542e-05
-1.57024e-05
-9.81312e-06
-9.50423e-06
-9.55569e-06
-9.59547e-06
-9.3707e-06
-9.09509e-06
-9.12027e-06
-9.41954e-06
-9.69191e-06
-9.82891e-06
-9.67706e-06
-9.26232e-06
-8.7515e-06
-8.42944e-06
-8.23449e-06
-7.99633e-06
-7.78596e-06
-7.86264e-06
-8.3492e-06
-9.07506e-06
-9.9151e-06
-1.06465e-05
-1.11193e-05
-1.14575e-05
-1.1755e-05
-1.20271e-05
-1.22854e-05
-1.25528e-05
-1.29538e-05
-1.33056e-05
-1.31637e-05
-1.23883e-05
-1.15302e-05
-1.10888e-05
-1.10882e-05
-1.12953e-05
-1.15088e-05
-1.15546e-05
-1.11749e-05
-1.04839e-05
-5.59949e-06
-5.1842e-06
-5.06348e-06
-5.03619e-06
-4.8463e-06
-4.62498e-06
-4.68345e-06
-4.92282e-06
-5.08938e-06
-5.08965e-06
-4.87833e-06
-4.37212e-06
-3.72196e-06
-3.26046e-06
-2.96004e-06
-2.74386e-06
-2.66095e-06
-2.82664e-06
-3.31435e-06
-4.03003e-06
-4.85806e-06
-5.56819e-06
-6.05888e-06
-6.46027e-06
-6.87101e-06
-7.17989e-06
-7.36163e-06
-7.54269e-06
-7.88958e-06
-8.30318e-06
-8.31721e-06
-7.82552e-06
-7.22291e-06
-6.87354e-06
-6.80516e-06
-6.82146e-06
-6.8981e-06
-6.96603e-06
-6.74149e-06
-6.21e-06
-2.34948e-06
-1.88252e-06
-1.63279e-06
-1.49314e-06
-1.20782e-06
-8.99259e-07
-9.03977e-07
-1.15948e-06
-1.37422e-06
-1.40667e-06
-1.22948e-06
-7.3313e-07
-4.01386e-08
4.48173e-07
7.38268e-07
9.27033e-07
9.70916e-07
7.79244e-07
3.03475e-07
-4.18273e-07
-1.28303e-06
-2.00494e-06
-2.4737e-06
-2.87915e-06
-3.36743e-06
-3.72433e-06
-3.85267e-06
-3.88437e-06
-4.06131e-06
-4.36773e-06
-4.48063e-06
-4.24612e-06
-3.9227e-06
-3.70514e-06
-3.57703e-06
-3.45794e-06
-3.41935e-06
-3.44984e-06
-3.29476e-06
-2.88546e-06
-2.83107e-07
1.98662e-07
5.24229e-07
7.62694e-07
1.12779e-06
1.51161e-06
1.61286e-06
1.42099e-06
1.13259e-06
9.98011e-07
1.12252e-06
1.62663e-06
2.35434e-06
2.87276e-06
3.12951e-06
3.26625e-06
3.25059e-06
3.00563e-06
2.48945e-06
1.72338e-06
8.25044e-07
7.63029e-08
-4.22439e-07
-8.64534e-07
-1.38991e-06
-1.77598e-06
-1.88744e-06
-1.86488e-06
-1.95487e-06
-2.19237e-06
-2.31146e-06
-2.17547e-06
-1.96103e-06
-1.80455e-06
-1.63734e-06
-1.4201e-06
-1.27666e-06
-1.24538e-06
-1.11551e-06
-7.77653e-07
6.24213e-07
1.12009e-06
1.49028e-06
1.77016e-06
2.16834e-06
2.58618e-06
2.7306e-06
2.55763e-06
2.24634e-06
2.04984e-06
2.13265e-06
2.66893e-06
3.46633e-06
4.02263e-06
4.29276e-06
4.41952e-06
4.36511e-06
4.0506e-06
3.46087e-06
2.64516e-06
1.72482e-06
9.67862e-07
4.51106e-07
-2.35682e-09
-5.37891e-07
-9.40663e-07
-1.07455e-06
-1.06712e-06
-1.16046e-06
-1.39762e-06
-1.51773e-06
-1.37759e-06
-1.15723e-06
-9.72384e-07
-7.67237e-07
-5.14722e-07
-3.41691e-07
-2.93106e-07
-1.66376e-07
1.53796e-07
8.20986e-07
1.33603e-06
1.72066e-06
2.00819e-06
2.41674e-06
2.84055e-06
2.97331e-06
2.78046e-06
2.45715e-06
2.25241e-06
2.32433e-06
2.8717e-06
3.70307e-06
4.29202e-06
4.58251e-06
4.71624e-06
4.64737e-06
4.31362e-06
3.71117e-06
2.88437e-06
1.95076e-06
1.16915e-06
6.35733e-07
1.77898e-07
-3.64195e-07
-7.77388e-07
-9.1251e-07
-9.06228e-07
-1.00675e-06
-1.25096e-06
-1.3699e-06
-1.21655e-06
-9.78619e-07
-7.71023e-07
-5.44065e-07
-2.85448e-07
-1.20473e-07
-8.81255e-08
2.55942e-08
3.4019e-07
-1.5883e-05
-1.58791e-05
-1.58972e-05
-1.59064e-05
-1.58949e-05
-1.58586e-05
-1.58068e-05
-1.57433e-05
-1.56646e-05
-1.56003e-05
-1.55526e-05
-1.55108e-05
-1.54831e-05
-1.54646e-05
-1.54553e-05
-1.54421e-05
-1.54167e-05
-1.5395e-05
-1.53843e-05
-1.53743e-05
-1.53726e-05
-1.53853e-05
-1.54182e-05
-1.54651e-05
-1.54977e-05
-1.55338e-05
-1.55742e-05
-1.56288e-05
-1.567e-05
-1.57093e-05
-1.575e-05
-1.57958e-05
-1.58466e-05
-1.5897e-05
-1.59363e-05
-1.5962e-05
-1.59757e-05
-1.59567e-05
-1.5929e-05
-1.59062e-05
-1.85871e-05
-1.84999e-05
-1.84423e-05
-1.83949e-05
-1.83399e-05
-1.82798e-05
-1.82179e-05
-1.81383e-05
-1.80461e-05
-1.79553e-05
-1.78801e-05
-1.78223e-05
-1.77692e-05
-1.77403e-05
-1.77312e-05
-1.77413e-05
-1.77659e-05
-1.77896e-05
-1.78232e-05
-1.78883e-05
-1.80009e-05
-1.81258e-05
-1.8262e-05
-1.84063e-05
-1.85361e-05
-1.86575e-05
-1.87603e-05
-1.88352e-05
-1.88809e-05
-1.8925e-05
-1.89656e-05
-1.89986e-05
-1.90242e-05
-1.90462e-05
-1.90449e-05
-1.90215e-05
-1.89804e-05
-1.88958e-05
-1.87934e-05
-1.86819e-05
-2.17924e-05
-2.16767e-05
-2.15467e-05
-2.14224e-05
-2.13153e-05
-2.12163e-05
-2.11142e-05
-2.10515e-05
-2.10169e-05
-2.09928e-05
-2.09825e-05
-2.09969e-05
-2.10167e-05
-2.10305e-05
-2.10565e-05
-2.10775e-05
-2.10868e-05
-2.11165e-05
-2.11801e-05
-2.12823e-05
-2.14064e-05
-2.15275e-05
-2.16305e-05
-2.1733e-05
-2.18395e-05
-2.19479e-05
-2.20441e-05
-2.21329e-05
-2.22396e-05
-2.23068e-05
-2.23492e-05
-2.23595e-05
-2.23557e-05
-2.2341e-05
-2.23192e-05
-2.22847e-05
-2.222e-05
-2.21295e-05
-2.20116e-05
-2.19028e-05
-2.36208e-05
-2.3624e-05
-2.36406e-05
-2.36871e-05
-2.37261e-05
-2.3738e-05
-2.37139e-05
-2.36732e-05
-2.36673e-05
-2.36783e-05
-2.3691e-05
-2.37303e-05
-2.38087e-05
-2.39575e-05
-2.4138e-05
-2.42747e-05
-2.43761e-05
-2.44642e-05
-2.45244e-05
-2.45443e-05
-2.45264e-05
-2.45105e-05
-2.44897e-05
-2.44482e-05
-2.44279e-05
-2.44341e-05
-2.4434e-05
-2.44225e-05
-2.44097e-05
-2.44052e-05
-2.4388e-05
-2.43615e-05
-2.42892e-05
-2.42058e-05
-2.41252e-05
-2.40291e-05
-2.39097e-05
-2.37982e-05
-2.36955e-05
-2.36335e-05
-2.61538e-05
-2.61816e-05
-2.62305e-05
-2.62566e-05
-2.62308e-05
-2.61449e-05
-2.60258e-05
-2.59243e-05
-2.58116e-05
-2.56885e-05
-2.56106e-05
-2.55662e-05
-2.55661e-05
-2.56097e-05
-2.56618e-05
-2.57141e-05
-2.57678e-05
-2.58335e-05
-2.58933e-05
-2.59393e-05
-2.59949e-05
-2.6047e-05
-2.60855e-05
-2.614e-05
-2.62204e-05
-2.6285e-05
-2.63417e-05
-2.64079e-05
-2.64685e-05
-2.65346e-05
-2.65602e-05
-2.65517e-05
-2.65354e-05
-2.65456e-05
-2.6548e-05
-2.65176e-05
-2.64154e-05
-2.62755e-05
-2.61757e-05
-2.61403e-05
-2.73291e-05
-2.72539e-05
-2.72057e-05
-2.71782e-05
-2.71057e-05
-2.69827e-05
-2.69004e-05
-2.68347e-05
-2.67808e-05
-2.67485e-05
-2.67378e-05
-2.67422e-05
-2.67306e-05
-2.67497e-05
-2.68431e-05
-2.69521e-05
-2.70776e-05
-2.7179e-05
-2.72495e-05
-2.72936e-05
-2.73082e-05
-2.73388e-05
-2.73829e-05
-2.74471e-05
-2.75339e-05
-2.76528e-05
-2.77726e-05
-2.78891e-05
-2.80401e-05
-2.82134e-05
-2.83779e-05
-2.84853e-05
-2.8515e-05
-2.84715e-05
-2.83883e-05
-2.82556e-05
-2.80815e-05
-2.78692e-05
-2.76518e-05
-2.74732e-05
-2.93469e-05
-2.94243e-05
-2.95928e-05
-2.9768e-05
-2.98836e-05
-2.99386e-05
-2.99451e-05
-2.98739e-05
-2.97725e-05
-2.97266e-05
-2.97288e-05
-2.97007e-05
-2.96316e-05
-2.95885e-05
-2.9548e-05
-2.94891e-05
-2.94069e-05
-2.93293e-05
-2.92569e-05
-2.91672e-05
-2.90861e-05
-2.90261e-05
-2.90298e-05
-2.90941e-05
-2.9209e-05
-2.93311e-05
-2.94542e-05
-2.95535e-05
-2.95928e-05
-2.95912e-05
-2.95949e-05
-2.96426e-05
-2.96569e-05
-2.96332e-05
-2.95896e-05
-2.95255e-05
-2.94346e-05
-2.939e-05
-2.93798e-05
-2.9366e-05
-3.27605e-05
-3.28833e-05
-3.31194e-05
-3.34524e-05
-3.37569e-05
-3.3998e-05
-3.41583e-05
-3.41754e-05
-3.40952e-05
-3.39834e-05
-3.38267e-05
-3.36485e-05
-3.34892e-05
-3.33078e-05
-3.30851e-05
-3.27985e-05
-3.24842e-05
-3.21978e-05
-3.19155e-05
-3.1702e-05
-3.15033e-05
-3.13216e-05
-3.12005e-05
-3.11908e-05
-3.13008e-05
-3.1427e-05
-3.15069e-05
-3.15759e-05
-3.1621e-05
-3.16556e-05
-3.16784e-05
-3.17739e-05
-3.18973e-05
-3.20039e-05
-3.20853e-05
-3.21229e-05
-3.22506e-05
-3.24169e-05
-3.25551e-05
-3.26711e-05
-3.60878e-05
-3.62238e-05
-3.64422e-05
-3.67539e-05
-3.70813e-05
-3.73708e-05
-3.75316e-05
-3.75446e-05
-3.74591e-05
-3.72782e-05
-3.70021e-05
-3.665e-05
-3.62997e-05
-3.59263e-05
-3.54751e-05
-3.4973e-05
-3.44672e-05
-3.39802e-05
-3.34867e-05
-3.30992e-05
-3.28565e-05
-3.27301e-05
-3.2692e-05
-3.2654e-05
-3.25832e-05
-3.25601e-05
-3.26207e-05
-3.28554e-05
-3.31942e-05
-3.35631e-05
-3.39199e-05
-3.4204e-05
-3.44743e-05
-3.46947e-05
-3.47787e-05
-3.48262e-05
-3.49776e-05
-3.5285e-05
-3.56443e-05
-3.592e-05
-3.89104e-05
-3.88781e-05
-3.8929e-05
-3.89838e-05
-3.90192e-05
-3.90456e-05
-3.90432e-05
-3.89231e-05
-3.86225e-05
-3.81325e-05
-3.75155e-05
-3.68916e-05
-3.64171e-05
-3.6076e-05
-3.57678e-05
-3.55163e-05
-3.53509e-05
-3.5189e-05
-3.49472e-05
-3.46675e-05
-3.45299e-05
-3.45954e-05
-3.48313e-05
-3.50784e-05
-3.51515e-05
-3.51733e-05
-3.53056e-05
-3.56993e-05
-3.62546e-05
-3.68383e-05
-3.73403e-05
-3.77354e-05
-3.80406e-05
-3.82276e-05
-3.82924e-05
-3.83366e-05
-3.84897e-05
-3.87585e-05
-3.8943e-05
-3.8986e-05
-4.11731e-05
-4.0894e-05
-4.04781e-05
-3.99937e-05
-3.95811e-05
-3.93836e-05
-3.92604e-05
-3.89717e-05
-3.85088e-05
-3.79094e-05
-3.72484e-05
-3.6691e-05
-3.63564e-05
-3.62913e-05
-3.63574e-05
-3.64109e-05
-3.64915e-05
-3.64698e-05
-3.64106e-05
-3.63389e-05
-3.64274e-05
-3.67254e-05
-3.71426e-05
-3.74919e-05
-3.76139e-05
-3.76014e-05
-3.76589e-05
-3.78869e-05
-3.81856e-05
-3.8518e-05
-3.88469e-05
-3.91068e-05
-3.92043e-05
-3.92534e-05
-3.93275e-05
-3.95861e-05
-4.0061e-05
-4.06549e-05
-4.11422e-05
-4.13078e-05
-4.22383e-05
-4.17376e-05
-4.10979e-05
-4.04086e-05
-3.9811e-05
-3.94634e-05
-3.92561e-05
-3.89498e-05
-3.84927e-05
-3.79302e-05
-3.74643e-05
-3.71962e-05
-3.71908e-05
-3.748e-05
-3.78723e-05
-3.81703e-05
-3.8274e-05
-3.82227e-05
-3.81603e-05
-3.8249e-05
-3.85698e-05
-3.90769e-05
-3.95842e-05
-3.98138e-05
-3.96731e-05
-3.93896e-05
-3.90714e-05
-3.88429e-05
-3.87271e-05
-3.88432e-05
-3.90834e-05
-3.92978e-05
-3.94304e-05
-3.95066e-05
-3.96757e-05
-4.01301e-05
-4.09172e-05
-4.17889e-05
-4.24058e-05
-4.25206e-05
-4.30365e-05
-4.2739e-05
-4.22797e-05
-4.17841e-05
-4.12649e-05
-4.08249e-05
-4.04127e-05
-3.9974e-05
-3.94947e-05
-3.90207e-05
-3.87515e-05
-3.88118e-05
-3.9173e-05
-3.96401e-05
-4.00525e-05
-4.02484e-05
-4.00607e-05
-3.96455e-05
-3.93148e-05
-3.93669e-05
-3.97503e-05
-4.02242e-05
-4.0609e-05
-4.06826e-05
-4.03844e-05
-3.97598e-05
-3.91294e-05
-3.86039e-05
-3.84816e-05
-3.87571e-05
-3.91271e-05
-3.92522e-05
-3.91229e-05
-3.90154e-05
-3.91818e-05
-3.97799e-05
-4.08767e-05
-4.20545e-05
-4.28107e-05
-4.3096e-05
-4.20294e-05
-4.21636e-05
-4.2109e-05
-4.19598e-05
-4.16827e-05
-4.14485e-05
-4.11848e-05
-4.09217e-05
-4.05098e-05
-4.00324e-05
-3.97401e-05
-3.95767e-05
-3.95545e-05
-3.95839e-05
-3.96694e-05
-3.96143e-05
-3.91319e-05
-3.83235e-05
-3.75479e-05
-3.7157e-05
-3.71891e-05
-3.75511e-05
-3.79945e-05
-3.81307e-05
-3.77423e-05
-3.70159e-05
-3.62773e-05
-3.60029e-05
-3.62627e-05
-3.68799e-05
-3.74246e-05
-3.74868e-05
-3.73004e-05
-3.7193e-05
-3.74645e-05
-3.8211e-05
-3.93051e-05
-4.03914e-05
-4.11411e-05
-4.16724e-05
-3.85129e-05
-3.89858e-05
-3.92856e-05
-3.9379e-05
-3.92458e-05
-3.91415e-05
-3.90566e-05
-3.89761e-05
-3.87464e-05
-3.83542e-05
-3.78646e-05
-3.74396e-05
-3.71518e-05
-3.7003e-05
-3.69824e-05
-3.68044e-05
-3.61369e-05
-3.49968e-05
-3.37966e-05
-3.29783e-05
-3.26431e-05
-3.27638e-05
-3.31246e-05
-3.32189e-05
-3.29138e-05
-3.24343e-05
-3.20285e-05
-3.2038e-05
-3.26968e-05
-3.36608e-05
-3.42571e-05
-3.4223e-05
-3.3839e-05
-3.36057e-05
-3.38227e-05
-3.45295e-05
-3.54754e-05
-3.63218e-05
-3.70969e-05
-3.78348e-05
-3.36834e-05
-3.4285e-05
-3.47771e-05
-3.50918e-05
-3.50903e-05
-3.48159e-05
-3.45005e-05
-3.41437e-05
-3.38665e-05
-3.36538e-05
-3.33084e-05
-3.30039e-05
-3.29113e-05
-3.30716e-05
-3.32674e-05
-3.31874e-05
-3.24186e-05
-3.1009e-05
-2.94723e-05
-2.8372e-05
-2.77876e-05
-2.76521e-05
-2.78221e-05
-2.79405e-05
-2.78647e-05
-2.76463e-05
-2.74635e-05
-2.76865e-05
-2.84306e-05
-2.94232e-05
-2.99638e-05
-2.98759e-05
-2.94576e-05
-2.92141e-05
-2.94395e-05
-3.02006e-05
-3.11054e-05
-3.17982e-05
-3.23838e-05
-3.30144e-05
-2.88159e-05
-2.93026e-05
-2.97193e-05
-2.98976e-05
-2.96711e-05
-2.92127e-05
-2.86449e-05
-2.82072e-05
-2.79428e-05
-2.77522e-05
-2.75578e-05
-2.73795e-05
-2.73596e-05
-2.76427e-05
-2.79784e-05
-2.79483e-05
-2.71959e-05
-2.58329e-05
-2.4416e-05
-2.34796e-05
-2.29373e-05
-2.26149e-05
-2.24996e-05
-2.25975e-05
-2.28196e-05
-2.29291e-05
-2.28691e-05
-2.29704e-05
-2.34734e-05
-2.41006e-05
-2.44281e-05
-2.43305e-05
-2.40957e-05
-2.4167e-05
-2.48155e-05
-2.5845e-05
-2.67935e-05
-2.73691e-05
-2.78046e-05
-2.82635e-05
-2.36959e-05
-2.39258e-05
-2.40503e-05
-2.3885e-05
-2.33956e-05
-2.27942e-05
-2.22867e-05
-2.2077e-05
-2.19484e-05
-2.18455e-05
-2.1743e-05
-2.15901e-05
-2.14544e-05
-2.14437e-05
-2.14869e-05
-2.12178e-05
-2.03668e-05
-1.90697e-05
-1.79695e-05
-1.74907e-05
-1.73616e-05
-1.72079e-05
-1.69964e-05
-1.69869e-05
-1.72456e-05
-1.75189e-05
-1.75921e-05
-1.76667e-05
-1.79754e-05
-1.83762e-05
-1.85101e-05
-1.83473e-05
-1.82222e-05
-1.85177e-05
-1.92897e-05
-2.03197e-05
-2.12849e-05
-2.20362e-05
-2.26578e-05
-2.32678e-05
-1.83413e-05
-1.8459e-05
-1.84753e-05
-1.83073e-05
-1.77985e-05
-1.71107e-05
-1.65368e-05
-1.62284e-05
-1.60282e-05
-1.59501e-05
-1.58985e-05
-1.56969e-05
-1.53678e-05
-1.50936e-05
-1.47314e-05
-1.41248e-05
-1.32e-05
-1.20686e-05
-1.12932e-05
-1.11935e-05
-1.14487e-05
-1.15778e-05
-1.15471e-05
-1.16218e-05
-1.19379e-05
-1.23248e-05
-1.25093e-05
-1.25692e-05
-1.27217e-05
-1.28997e-05
-1.2787e-05
-1.24173e-05
-1.22612e-05
-1.26375e-05
-1.3475e-05
-1.44164e-05
-1.53328e-05
-1.61947e-05
-1.70723e-05
-1.78796e-05
-1.29078e-05
-1.31673e-05
-1.33293e-05
-1.3305e-05
-1.28805e-05
-1.21706e-05
-1.15044e-05
-1.1014e-05
-1.06009e-05
-1.03935e-05
-1.03267e-05
-1.01076e-05
-9.7686e-06
-9.39424e-06
-8.84859e-06
-8.10516e-06
-7.25124e-06
-6.40592e-06
-5.86265e-06
-5.86171e-06
-6.12961e-06
-6.30722e-06
-6.35748e-06
-6.55681e-06
-6.96942e-06
-7.42004e-06
-7.6201e-06
-7.60916e-06
-7.52852e-06
-7.38424e-06
-6.98039e-06
-6.50136e-06
-6.41196e-06
-6.94575e-06
-7.96061e-06
-9.07547e-06
-1.00089e-05
-1.07873e-05
-1.15808e-05
-1.2391e-05
-8.02977e-06
-8.31019e-06
-8.53328e-06
-8.57879e-06
-8.23369e-06
-7.63425e-06
-7.05184e-06
-6.59063e-06
-6.17158e-06
-5.90159e-06
-5.74891e-06
-5.54965e-06
-5.24529e-06
-4.85093e-06
-4.2843e-06
-3.6037e-06
-2.90902e-06
-2.23504e-06
-1.76796e-06
-1.6586e-06
-1.77317e-06
-1.80838e-06
-1.83645e-06
-2.00323e-06
-2.35211e-06
-2.76231e-06
-2.99123e-06
-3.03859e-06
-2.92758e-06
-2.60975e-06
-2.05316e-06
-1.5661e-06
-1.57421e-06
-2.18157e-06
-3.24947e-06
-4.48299e-06
-5.55593e-06
-6.30947e-06
-6.93455e-06
-7.57071e-06
-4.19663e-06
-4.36733e-06
-4.50693e-06
-4.50481e-06
-4.18204e-06
-3.67798e-06
-3.24753e-06
-2.91767e-06
-2.60304e-06
-2.3791e-06
-2.21272e-06
-2.00567e-06
-1.70622e-06
-1.31685e-06
-8.08065e-07
-2.51989e-07
2.72647e-07
8.08053e-07
1.24128e-06
1.47454e-06
1.5566e-06
1.61287e-06
1.63045e-06
1.54025e-06
1.30416e-06
9.64589e-07
7.00911e-07
5.27547e-07
5.30083e-07
8.16922e-07
1.39439e-06
1.86118e-06
1.84092e-06
1.2819e-06
3.19069e-07
-8.89454e-07
-2.07587e-06
-2.94568e-06
-3.49437e-06
-3.91601e-06
-1.59506e-06
-1.66666e-06
-1.73535e-06
-1.68912e-06
-1.38648e-06
-9.5143e-07
-6.31349e-07
-4.15555e-07
-1.97682e-07
-4.87299e-08
1.26685e-07
3.72783e-07
6.66357e-07
9.76379e-07
1.39752e-06
1.85283e-06
2.26546e-06
2.7016e-06
3.10614e-06
3.41677e-06
3.61843e-06
3.75687e-06
3.79242e-06
3.74131e-06
3.56033e-06
3.23881e-06
2.93739e-06
2.67712e-06
2.59824e-06
2.82576e-06
3.34946e-06
3.82648e-06
3.88583e-06
3.45499e-06
2.59728e-06
1.4288e-06
1.8576e-07
-7.52886e-07
-1.22721e-06
-1.47161e-06
-3.03459e-07
-3.41837e-07
-3.8414e-07
-3.54582e-07
-1.03471e-07
2.67759e-07
5.42804e-07
7.30695e-07
9.08259e-07
1.02676e-06
1.20083e-06
1.45753e-06
1.74319e-06
2.02358e-06
2.43381e-06
2.89222e-06
3.27875e-06
3.68061e-06
4.0698e-06
4.41673e-06
4.66882e-06
4.81911e-06
4.83988e-06
4.76742e-06
4.58495e-06
4.25352e-06
3.91645e-06
3.62327e-06
3.51686e-06
3.72146e-06
4.24509e-06
4.7407e-06
4.84702e-06
4.47383e-06
3.67535e-06
2.53901e-06
1.31217e-06
3.94378e-07
-3.64264e-08
-2.22228e-07
8.91905e-08
3.82321e-08
-1.8259e-08
-1.55332e-08
2.08659e-07
5.67679e-07
8.3783e-07
1.02625e-06
1.20049e-06
1.3198e-06
1.4906e-06
1.74263e-06
2.0242e-06
2.30676e-06
2.73479e-06
3.21409e-06
3.61958e-06
4.03391e-06
4.4382e-06
4.80018e-06
5.05201e-06
5.18331e-06
5.18324e-06
5.10014e-06
4.91229e-06
4.5673e-06
4.21357e-06
3.90855e-06
3.79409e-06
4.00003e-06
4.53217e-06
5.05129e-06
5.17902e-06
4.81835e-06
4.0312e-06
2.91088e-06
1.69391e-06
7.87214e-07
3.68762e-07
1.84265e-07
-1.59258e-05
-1.59046e-05
-1.58842e-05
-1.58715e-05
-1.58526e-05
-1.58041e-05
-1.57503e-05
-1.5691e-05
-1.56448e-05
-1.56086e-05
-1.55624e-05
-1.55054e-05
-1.54672e-05
-1.54455e-05
-1.54364e-05
-1.54303e-05
-1.54228e-05
-1.54154e-05
-1.5399e-05
-1.53921e-05
-1.53907e-05
-1.54106e-05
-1.54445e-05
-1.54772e-05
-1.55072e-05
-1.55434e-05
-1.55922e-05
-1.56335e-05
-1.5668e-05
-1.57121e-05
-1.57647e-05
-1.58149e-05
-1.58455e-05
-1.5883e-05
-1.59343e-05
-1.5982e-05
-1.60094e-05
-1.60147e-05
-1.59962e-05
-1.59554e-05
-1.86154e-05
-1.85718e-05
-1.8538e-05
-1.8491e-05
-1.84301e-05
-1.83586e-05
-1.82875e-05
-1.82129e-05
-1.81362e-05
-1.80623e-05
-1.80007e-05
-1.79357e-05
-1.78623e-05
-1.78098e-05
-1.7785e-05
-1.77955e-05
-1.77982e-05
-1.77854e-05
-1.78056e-05
-1.78385e-05
-1.7875e-05
-1.7925e-05
-1.798e-05
-1.80412e-05
-1.81162e-05
-1.81968e-05
-1.82829e-05
-1.83503e-05
-1.83951e-05
-1.84363e-05
-1.8471e-05
-1.85149e-05
-1.85782e-05
-1.86287e-05
-1.86925e-05
-1.87422e-05
-1.87658e-05
-1.87382e-05
-1.86932e-05
-1.86599e-05
-2.21577e-05
-2.20424e-05
-2.1922e-05
-2.18067e-05
-2.16948e-05
-2.15946e-05
-2.1512e-05
-2.14558e-05
-2.14341e-05
-2.14462e-05
-2.14914e-05
-2.15311e-05
-2.15567e-05
-2.16075e-05
-2.17241e-05
-2.18442e-05
-2.19322e-05
-2.20032e-05
-2.2082e-05
-2.21604e-05
-2.22229e-05
-2.2251e-05
-2.2253e-05
-2.22643e-05
-2.23271e-05
-2.24287e-05
-2.25078e-05
-2.25791e-05
-2.26356e-05
-2.26713e-05
-2.26678e-05
-2.26489e-05
-2.26279e-05
-2.26337e-05
-2.26337e-05
-2.26212e-05
-2.25722e-05
-2.24902e-05
-2.23863e-05
-2.22764e-05
-2.3754e-05
-2.36009e-05
-2.34831e-05
-2.34029e-05
-2.33785e-05
-2.33744e-05
-2.3397e-05
-2.34494e-05
-2.35259e-05
-2.36257e-05
-2.36983e-05
-2.37825e-05
-2.39197e-05
-2.41067e-05
-2.42927e-05
-2.44514e-05
-2.45469e-05
-2.46193e-05
-2.46833e-05
-2.47078e-05
-2.46827e-05
-2.46013e-05
-2.45135e-05
-2.44385e-05
-2.44008e-05
-2.44009e-05
-2.43986e-05
-2.43917e-05
-2.43982e-05
-2.44088e-05
-2.44292e-05
-2.44669e-05
-2.45228e-05
-2.45422e-05
-2.4518e-05
-2.44723e-05
-2.43802e-05
-2.42358e-05
-2.40842e-05
-2.39252e-05
-2.54912e-05
-2.55249e-05
-2.55502e-05
-2.55777e-05
-2.55888e-05
-2.55769e-05
-2.55905e-05
-2.56292e-05
-2.56815e-05
-2.57031e-05
-2.56931e-05
-2.57027e-05
-2.57516e-05
-2.58329e-05
-2.5908e-05
-2.59364e-05
-2.59593e-05
-2.60412e-05
-2.61425e-05
-2.62045e-05
-2.61985e-05
-2.61507e-05
-2.60877e-05
-2.60474e-05
-2.60049e-05
-2.59358e-05
-2.5862e-05
-2.5822e-05
-2.58143e-05
-2.57908e-05
-2.57708e-05
-2.5767e-05
-2.57869e-05
-2.5807e-05
-2.57955e-05
-2.57187e-05
-2.56122e-05
-2.55192e-05
-2.54618e-05
-2.54564e-05
-2.65438e-05
-2.64249e-05
-2.63086e-05
-2.62089e-05
-2.61497e-05
-2.61029e-05
-2.61287e-05
-2.62279e-05
-2.63734e-05
-2.65428e-05
-2.67648e-05
-2.69854e-05
-2.71828e-05
-2.73651e-05
-2.75108e-05
-2.76516e-05
-2.77591e-05
-2.77877e-05
-2.78017e-05
-2.77715e-05
-2.76501e-05
-2.7455e-05
-2.72256e-05
-2.70226e-05
-2.68743e-05
-2.6759e-05
-2.67473e-05
-2.68255e-05
-2.69485e-05
-2.71084e-05
-2.72644e-05
-2.73954e-05
-2.7469e-05
-2.74821e-05
-2.74538e-05
-2.73586e-05
-2.72025e-05
-2.69994e-05
-2.68337e-05
-2.6679e-05
-2.80212e-05
-2.79489e-05
-2.79458e-05
-2.79976e-05
-2.80381e-05
-2.80851e-05
-2.81729e-05
-2.82908e-05
-2.83653e-05
-2.83908e-05
-2.84017e-05
-2.83998e-05
-2.84319e-05
-2.85013e-05
-2.85488e-05
-2.85441e-05
-2.84729e-05
-2.83569e-05
-2.82099e-05
-2.80461e-05
-2.78715e-05
-2.7667e-05
-2.74902e-05
-2.73768e-05
-2.73839e-05
-2.74895e-05
-2.76522e-05
-2.78468e-05
-2.80526e-05
-2.83035e-05
-2.85939e-05
-2.88641e-05
-2.90522e-05
-2.91448e-05
-2.91493e-05
-2.90679e-05
-2.88901e-05
-2.86204e-05
-2.83375e-05
-2.81325e-05
-3.13185e-05
-3.13727e-05
-3.14898e-05
-3.16338e-05
-3.17665e-05
-3.18425e-05
-3.18623e-05
-3.17977e-05
-3.16644e-05
-3.14717e-05
-3.12268e-05
-3.10203e-05
-3.09383e-05
-3.09369e-05
-3.09235e-05
-3.08844e-05
-3.08405e-05
-3.08166e-05
-3.07911e-05
-3.07069e-05
-3.05454e-05
-3.03585e-05
-3.02019e-05
-3.0126e-05
-3.01177e-05
-3.01931e-05
-3.02759e-05
-3.03288e-05
-3.04164e-05
-3.05643e-05
-3.0785e-05
-3.10228e-05
-3.12765e-05
-3.15054e-05
-3.16542e-05
-3.1716e-05
-3.16833e-05
-3.16042e-05
-3.14734e-05
-3.13592e-05
-3.38575e-05
-3.38893e-05
-3.40545e-05
-3.43243e-05
-3.45722e-05
-3.47332e-05
-3.47515e-05
-3.45438e-05
-3.41964e-05
-3.38169e-05
-3.34783e-05
-3.31742e-05
-3.29513e-05
-3.28529e-05
-3.28236e-05
-3.28144e-05
-3.28281e-05
-3.28903e-05
-3.29492e-05
-3.29902e-05
-3.29404e-05
-3.27623e-05
-3.25729e-05
-3.2427e-05
-3.23533e-05
-3.23381e-05
-3.23761e-05
-3.23894e-05
-3.24416e-05
-3.26064e-05
-3.28776e-05
-3.31898e-05
-3.34573e-05
-3.36528e-05
-3.3789e-05
-3.38513e-05
-3.39084e-05
-3.39588e-05
-3.39567e-05
-3.39025e-05
-3.63036e-05
-3.63773e-05
-3.64836e-05
-3.65987e-05
-3.6667e-05
-3.67264e-05
-3.66636e-05
-3.63869e-05
-3.59078e-05
-3.53409e-05
-3.47889e-05
-3.43574e-05
-3.41232e-05
-3.40668e-05
-3.40596e-05
-3.41285e-05
-3.43036e-05
-3.44852e-05
-3.46932e-05
-3.49622e-05
-3.51885e-05
-3.52586e-05
-3.51734e-05
-3.50123e-05
-3.48311e-05
-3.46286e-05
-3.44131e-05
-3.43185e-05
-3.4366e-05
-3.46225e-05
-3.50538e-05
-3.55263e-05
-3.59261e-05
-3.61478e-05
-3.62471e-05
-3.62857e-05
-3.6274e-05
-3.62775e-05
-3.62725e-05
-3.62744e-05
-3.88421e-05
-3.90495e-05
-3.89971e-05
-3.88345e-05
-3.87184e-05
-3.86209e-05
-3.84353e-05
-3.81342e-05
-3.76743e-05
-3.7131e-05
-3.66348e-05
-3.6286e-05
-3.61589e-05
-3.62174e-05
-3.63455e-05
-3.65043e-05
-3.6672e-05
-3.67514e-05
-3.68614e-05
-3.70429e-05
-3.72037e-05
-3.72475e-05
-3.70932e-05
-3.6731e-05
-3.61579e-05
-3.55419e-05
-3.49981e-05
-3.46207e-05
-3.46256e-05
-3.49424e-05
-3.54481e-05
-3.6069e-05
-3.6644e-05
-3.71548e-05
-3.75505e-05
-3.78059e-05
-3.79837e-05
-3.81126e-05
-3.82854e-05
-3.85111e-05
-4.13411e-05
-4.15485e-05
-4.13738e-05
-4.10576e-05
-4.08436e-05
-4.07588e-05
-4.06646e-05
-4.04829e-05
-4.01701e-05
-3.97692e-05
-3.93524e-05
-3.90194e-05
-3.88146e-05
-3.86866e-05
-3.85893e-05
-3.85003e-05
-3.84271e-05
-3.83448e-05
-3.82801e-05
-3.83487e-05
-3.84984e-05
-3.85897e-05
-3.85791e-05
-3.83394e-05
-3.7858e-05
-3.72454e-05
-3.65752e-05
-3.59622e-05
-3.56646e-05
-3.58192e-05
-3.63133e-05
-3.68652e-05
-3.7449e-05
-3.80416e-05
-3.85562e-05
-3.89744e-05
-3.93954e-05
-3.98195e-05
-4.03002e-05
-4.08825e-05
-4.25226e-05
-4.30771e-05
-4.32561e-05
-4.32089e-05
-4.31944e-05
-4.322e-05
-4.32383e-05
-4.31323e-05
-4.28727e-05
-4.25e-05
-4.21255e-05
-4.17434e-05
-4.12921e-05
-4.07509e-05
-4.02512e-05
-3.99427e-05
-3.96298e-05
-3.92119e-05
-3.88895e-05
-3.88169e-05
-3.8989e-05
-3.92144e-05
-3.92895e-05
-3.91379e-05
-3.87747e-05
-3.8229e-05
-3.7517e-05
-3.67138e-05
-3.61436e-05
-3.60982e-05
-3.64521e-05
-3.68778e-05
-3.73051e-05
-3.78107e-05
-3.82933e-05
-3.87239e-05
-3.91949e-05
-3.98099e-05
-4.062e-05
-4.15925e-05
-4.04936e-05
-4.14286e-05
-4.21916e-05
-4.27856e-05
-4.3216e-05
-4.35281e-05
-4.37357e-05
-4.37565e-05
-4.36332e-05
-4.33954e-05
-4.3075e-05
-4.2699e-05
-4.21929e-05
-4.15465e-05
-4.10279e-05
-4.04987e-05
-3.97928e-05
-3.8929e-05
-3.81501e-05
-3.77154e-05
-3.75583e-05
-3.75089e-05
-3.73646e-05
-3.70276e-05
-3.65375e-05
-3.5944e-05
-3.52176e-05
-3.45375e-05
-3.41686e-05
-3.42481e-05
-3.45482e-05
-3.48929e-05
-3.52887e-05
-3.57657e-05
-3.61808e-05
-3.65003e-05
-3.69266e-05
-3.75351e-05
-3.83802e-05
-3.94037e-05
-3.60472e-05
-3.68146e-05
-3.76964e-05
-3.86951e-05
-3.96822e-05
-4.04413e-05
-4.09536e-05
-4.12422e-05
-4.14204e-05
-4.13188e-05
-4.10231e-05
-4.06446e-05
-4.01073e-05
-3.95637e-05
-3.913e-05
-3.8533e-05
-3.76837e-05
-3.67063e-05
-3.59151e-05
-3.54648e-05
-3.51433e-05
-3.48401e-05
-3.44794e-05
-3.3999e-05
-3.33477e-05
-3.25209e-05
-3.16355e-05
-3.08035e-05
-3.03591e-05
-3.03669e-05
-3.06112e-05
-3.10345e-05
-3.16108e-05
-3.2221e-05
-3.27564e-05
-3.32253e-05
-3.37365e-05
-3.42808e-05
-3.48115e-05
-3.53941e-05
-3.13442e-05
-3.17559e-05
-3.24495e-05
-3.34277e-05
-3.44697e-05
-3.54105e-05
-3.61629e-05
-3.66591e-05
-3.68796e-05
-3.68097e-05
-3.65068e-05
-3.60825e-05
-3.56723e-05
-3.52346e-05
-3.48407e-05
-3.4394e-05
-3.3755e-05
-3.30101e-05
-3.23377e-05
-3.19925e-05
-3.17888e-05
-3.1525e-05
-3.12136e-05
-3.08011e-05
-3.0136e-05
-2.91816e-05
-2.80011e-05
-2.6899e-05
-2.62145e-05
-2.60414e-05
-2.62091e-05
-2.67128e-05
-2.75329e-05
-2.83935e-05
-2.90681e-05
-2.9634e-05
-3.01829e-05
-3.0637e-05
-3.09471e-05
-3.11319e-05
-2.69169e-05
-2.71902e-05
-2.76149e-05
-2.8185e-05
-2.88341e-05
-2.94595e-05
-2.99918e-05
-3.04588e-05
-3.08371e-05
-3.09853e-05
-3.09147e-05
-3.07732e-05
-3.04732e-05
-3.00492e-05
-2.9606e-05
-2.92425e-05
-2.88398e-05
-2.83441e-05
-2.79228e-05
-2.77599e-05
-2.76137e-05
-2.73536e-05
-2.70809e-05
-2.67088e-05
-2.60932e-05
-2.5195e-05
-2.40474e-05
-2.28631e-05
-2.20952e-05
-2.1832e-05
-2.19434e-05
-2.23876e-05
-2.33329e-05
-2.43278e-05
-2.50927e-05
-2.55821e-05
-2.59443e-05
-2.63174e-05
-2.65629e-05
-2.67511e-05
-2.21063e-05
-2.23296e-05
-2.24831e-05
-2.25825e-05
-2.28359e-05
-2.32531e-05
-2.37239e-05
-2.42101e-05
-2.4638e-05
-2.48701e-05
-2.4986e-05
-2.50804e-05
-2.49624e-05
-2.46013e-05
-2.41627e-05
-2.38175e-05
-2.34894e-05
-2.31121e-05
-2.2928e-05
-2.30129e-05
-2.30203e-05
-2.28288e-05
-2.24532e-05
-2.19664e-05
-2.13708e-05
-2.0661e-05
-1.98085e-05
-1.88737e-05
-1.82539e-05
-1.80281e-05
-1.80133e-05
-1.8285e-05
-1.90211e-05
-1.98875e-05
-2.0438e-05
-2.06546e-05
-2.08236e-05
-2.10991e-05
-2.14928e-05
-2.18458e-05
-1.69537e-05
-1.71827e-05
-1.71679e-05
-1.70054e-05
-1.70182e-05
-1.7318e-05
-1.77711e-05
-1.81721e-05
-1.84377e-05
-1.85307e-05
-1.86447e-05
-1.88514e-05
-1.8857e-05
-1.85239e-05
-1.80739e-05
-1.77905e-05
-1.76315e-05
-1.74878e-05
-1.74265e-05
-1.75196e-05
-1.75465e-05
-1.73617e-05
-1.69936e-05
-1.6597e-05
-1.62361e-05
-1.58262e-05
-1.52907e-05
-1.46569e-05
-1.41327e-05
-1.37975e-05
-1.35758e-05
-1.35842e-05
-1.40186e-05
-1.46024e-05
-1.49391e-05
-1.49055e-05
-1.48998e-05
-1.51925e-05
-1.5794e-05
-1.64642e-05
-1.12205e-05
-1.17306e-05
-1.1926e-05
-1.18434e-05
-1.18166e-05
-1.19985e-05
-1.22683e-05
-1.24708e-05
-1.25165e-05
-1.23952e-05
-1.23616e-05
-1.24612e-05
-1.23849e-05
-1.19833e-05
-1.1495e-05
-1.12035e-05
-1.11208e-05
-1.11595e-05
-1.13322e-05
-1.15255e-05
-1.16162e-05
-1.15446e-05
-1.12884e-05
-1.10892e-05
-1.10257e-05
-1.08773e-05
-1.04721e-05
-9.88871e-06
-9.3368e-06
-8.86495e-06
-8.54158e-06
-8.42597e-06
-8.664e-06
-9.0879e-06
-9.32809e-06
-9.21224e-06
-9.07042e-06
-9.28507e-06
-9.81568e-06
-1.0522e-05
-5.49844e-06
-6.21641e-06
-6.71131e-06
-6.90313e-06
-7.01484e-06
-7.22804e-06
-7.44467e-06
-7.5013e-06
-7.29539e-06
-6.91913e-06
-6.67589e-06
-6.56297e-06
-6.30641e-06
-5.87635e-06
-5.38596e-06
-4.95618e-06
-4.72564e-06
-4.80038e-06
-5.11623e-06
-5.52815e-06
-5.84904e-06
-6.03606e-06
-6.08739e-06
-6.0941e-06
-6.14229e-06
-6.09465e-06
-5.74291e-06
-5.19576e-06
-4.63058e-06
-4.14089e-06
-3.83654e-06
-3.80439e-06
-4.00282e-06
-4.28498e-06
-4.35766e-06
-4.13706e-06
-3.86947e-06
-3.89088e-06
-4.21803e-06
-4.78046e-06
-9.34752e-07
-1.5523e-06
-2.09769e-06
-2.48631e-06
-2.83982e-06
-3.27514e-06
-3.63804e-06
-3.72561e-06
-3.41283e-06
-2.79807e-06
-2.26042e-06
-1.9064e-06
-1.52821e-06
-1.1032e-06
-6.53986e-07
-1.82213e-07
1.26867e-07
1.4095e-07
-1.18763e-07
-5.77833e-07
-1.05766e-06
-1.46221e-06
-1.74226e-06
-1.93792e-06
-2.13091e-06
-2.18245e-06
-1.94431e-06
-1.465e-06
-9.20763e-07
-4.70838e-07
-2.46299e-07
-2.53893e-07
-4.4447e-07
-6.46248e-07
-5.9836e-07
-2.39095e-07
1.31012e-07
2.25906e-07
4.23235e-08
-3.66041e-07
1.78338e-06
1.33543e-06
9.07391e-07
5.03799e-07
4.85726e-08
-5.19435e-07
-1.0262e-06
-1.21526e-06
-9.16357e-07
-2.30543e-07
4.40852e-07
9.19793e-07
1.3404e-06
1.74669e-06
2.15228e-06
2.60565e-06
2.93116e-06
2.98161e-06
2.7698e-06
2.36788e-06
1.93231e-06
1.51116e-06
1.143e-06
8.22896e-07
5.1165e-07
3.31445e-07
4.44303e-07
8.28546e-07
1.33622e-06
1.77922e-06
2.03834e-06
2.07827e-06
1.9131e-06
1.72445e-06
1.78717e-06
2.1858e-06
2.60202e-06
2.73974e-06
2.60519e-06
2.23927e-06
2.96706e-06
2.57468e-06
2.20731e-06
1.82987e-06
1.38692e-06
8.09737e-07
2.60349e-07
2.90002e-08
3.02095e-07
9.73704e-07
1.6487e-06
2.13852e-06
2.55973e-06
2.95014e-06
3.33407e-06
3.77586e-06
4.09831e-06
4.14996e-06
3.95528e-06
3.59122e-06
3.19208e-06
2.78621e-06
2.39148e-06
2.02733e-06
1.65392e-06
1.41416e-06
1.45615e-06
1.7771e-06
2.25677e-06
2.71191e-06
3.00718e-06
3.09956e-06
2.98269e-06
2.8024e-06
2.85036e-06
3.24438e-06
3.66647e-06
3.83615e-06
3.73459e-06
3.40086e-06
3.26425e-06
2.87229e-06
2.50784e-06
2.1341e-06
1.70536e-06
1.14631e-06
6.14477e-07
3.98821e-07
6.70132e-07
1.32378e-06
1.97065e-06
2.43095e-06
2.82438e-06
3.19502e-06
3.57958e-06
4.03191e-06
4.37102e-06
4.44197e-06
4.2617e-06
3.90668e-06
3.5085e-06
3.08741e-06
2.66664e-06
2.27253e-06
1.8805e-06
1.6312e-06
1.66488e-06
1.97504e-06
2.45035e-06
2.91375e-06
3.23961e-06
3.36451e-06
3.26175e-06
3.084e-06
3.13304e-06
3.53255e-06
3.96401e-06
4.13725e-06
4.04188e-06
3.70394e-06
-1.52528e-05
-1.51781e-05
-1.51222e-05
-1.50739e-05
-1.50145e-05
-1.4953e-05
-1.48933e-05
-1.48459e-05
-1.48087e-05
-1.47866e-05
-1.47724e-05
-1.47648e-05
-1.4757e-05
-1.47632e-05
-1.47798e-05
-1.47997e-05
-1.4831e-05
-1.48579e-05
-1.48965e-05
-1.49349e-05
-1.49733e-05
-1.50158e-05
-1.50761e-05
-1.5132e-05
-1.51895e-05
-1.5245e-05
-1.52956e-05
-1.53441e-05
-1.53755e-05
-1.54058e-05
-1.54382e-05
-1.54653e-05
-1.54768e-05
-1.54753e-05
-1.54674e-05
-1.54732e-05
-1.54805e-05
-1.54603e-05
-1.5407e-05
-1.53363e-05
-1.71177e-05
-1.70443e-05
-1.69701e-05
-1.68955e-05
-1.67927e-05
-1.66895e-05
-1.65935e-05
-1.65098e-05
-1.64232e-05
-1.6338e-05
-1.62659e-05
-1.62042e-05
-1.61784e-05
-1.61818e-05
-1.62231e-05
-1.62849e-05
-1.63608e-05
-1.64285e-05
-1.64933e-05
-1.65706e-05
-1.66454e-05
-1.67129e-05
-1.67785e-05
-1.6843e-05
-1.69154e-05
-1.69875e-05
-1.70495e-05
-1.70973e-05
-1.71285e-05
-1.71438e-05
-1.71638e-05
-1.7186e-05
-1.72064e-05
-1.72232e-05
-1.72401e-05
-1.725e-05
-1.72341e-05
-1.72149e-05
-1.71976e-05
-1.71719e-05
-2.10701e-05
-2.09417e-05
-2.08555e-05
-2.07925e-05
-2.07205e-05
-2.06397e-05
-2.05833e-05
-2.05463e-05
-2.05242e-05
-2.05135e-05
-2.0526e-05
-2.05389e-05
-2.05417e-05
-2.05976e-05
-2.06911e-05
-2.0814e-05
-2.09426e-05
-2.10493e-05
-2.11275e-05
-2.11684e-05
-2.119e-05
-2.11909e-05
-2.11812e-05
-2.11891e-05
-2.12155e-05
-2.12654e-05
-2.13445e-05
-2.14229e-05
-2.1493e-05
-2.15401e-05
-2.15595e-05
-2.15566e-05
-2.15534e-05
-2.15481e-05
-2.15381e-05
-2.15212e-05
-2.14706e-05
-2.13807e-05
-2.1303e-05
-2.11942e-05
-2.43006e-05
-2.40769e-05
-2.38814e-05
-2.37351e-05
-2.36363e-05
-2.35857e-05
-2.3603e-05
-2.36643e-05
-2.37417e-05
-2.38188e-05
-2.39331e-05
-2.40537e-05
-2.41856e-05
-2.43086e-05
-2.44225e-05
-2.45372e-05
-2.46884e-05
-2.48618e-05
-2.50485e-05
-2.52381e-05
-2.53757e-05
-2.54654e-05
-2.55321e-05
-2.55942e-05
-2.56363e-05
-2.56479e-05
-2.56293e-05
-2.55641e-05
-2.54942e-05
-2.54288e-05
-2.5361e-05
-2.52858e-05
-2.52045e-05
-2.51479e-05
-2.51056e-05
-2.50487e-05
-2.49551e-05
-2.48216e-05
-2.46832e-05
-2.45097e-05
-2.67876e-05
-2.67113e-05
-2.66254e-05
-2.65808e-05
-2.65764e-05
-2.65642e-05
-2.65636e-05
-2.65942e-05
-2.66445e-05
-2.66854e-05
-2.67131e-05
-2.67522e-05
-2.68178e-05
-2.68596e-05
-2.69113e-05
-2.69579e-05
-2.69998e-05
-2.70578e-05
-2.71333e-05
-2.7195e-05
-2.72178e-05
-2.71904e-05
-2.71023e-05
-2.70247e-05
-2.70064e-05
-2.70103e-05
-2.69969e-05
-2.69626e-05
-2.69398e-05
-2.69312e-05
-2.69407e-05
-2.69631e-05
-2.70047e-05
-2.70519e-05
-2.70685e-05
-2.70343e-05
-2.69355e-05
-2.68551e-05
-2.68307e-05
-2.68235e-05
-2.84581e-05
-2.84098e-05
-2.83652e-05
-2.83309e-05
-2.8336e-05
-2.84258e-05
-2.85858e-05
-2.88134e-05
-2.90511e-05
-2.91852e-05
-2.91927e-05
-2.91286e-05
-2.9031e-05
-2.89032e-05
-2.87978e-05
-2.87041e-05
-2.8665e-05
-2.86696e-05
-2.8694e-05
-2.86876e-05
-2.86075e-05
-2.84605e-05
-2.8253e-05
-2.80706e-05
-2.79614e-05
-2.79595e-05
-2.8039e-05
-2.81648e-05
-2.82986e-05
-2.84252e-05
-2.85456e-05
-2.86374e-05
-2.86936e-05
-2.87321e-05
-2.87454e-05
-2.87099e-05
-2.86472e-05
-2.85888e-05
-2.8534e-05
-2.84966e-05
-2.94489e-05
-2.92493e-05
-2.90768e-05
-2.89326e-05
-2.88599e-05
-2.88863e-05
-2.90263e-05
-2.92508e-05
-2.94471e-05
-2.9561e-05
-2.95797e-05
-2.95462e-05
-2.95169e-05
-2.94957e-05
-2.94751e-05
-2.93846e-05
-2.92697e-05
-2.9187e-05
-2.91417e-05
-2.91442e-05
-2.9155e-05
-2.91284e-05
-2.91006e-05
-2.91536e-05
-2.93216e-05
-2.95477e-05
-2.97973e-05
-2.99721e-05
-3.00864e-05
-3.01584e-05
-3.02376e-05
-3.03174e-05
-3.04269e-05
-3.05514e-05
-3.06014e-05
-3.0535e-05
-3.03691e-05
-3.01698e-05
-2.99419e-05
-2.96896e-05
-3.00065e-05
-2.97973e-05
-2.96723e-05
-2.96083e-05
-2.96383e-05
-2.97455e-05
-2.99434e-05
-3.0183e-05
-3.03505e-05
-3.04465e-05
-3.04771e-05
-3.04723e-05
-3.04118e-05
-3.03379e-05
-3.02914e-05
-3.03236e-05
-3.03759e-05
-3.03946e-05
-3.04155e-05
-3.04388e-05
-3.04116e-05
-3.03717e-05
-3.03656e-05
-3.04672e-05
-3.07088e-05
-3.09996e-05
-3.12401e-05
-3.13169e-05
-3.12617e-05
-3.12039e-05
-3.11943e-05
-3.12166e-05
-3.12169e-05
-3.12209e-05
-3.12056e-05
-3.11053e-05
-3.09403e-05
-3.07247e-05
-3.04815e-05
-3.02425e-05
-3.24145e-05
-3.23622e-05
-3.23294e-05
-3.23532e-05
-3.24884e-05
-3.27039e-05
-3.28691e-05
-3.28619e-05
-3.27101e-05
-3.2482e-05
-3.21753e-05
-3.18092e-05
-3.14732e-05
-3.12238e-05
-3.10902e-05
-3.10557e-05
-3.11201e-05
-3.1284e-05
-3.14323e-05
-3.15453e-05
-3.15433e-05
-3.14742e-05
-3.14167e-05
-3.15167e-05
-3.17384e-05
-3.19613e-05
-3.21385e-05
-3.22735e-05
-3.23397e-05
-3.23522e-05
-3.23334e-05
-3.23205e-05
-3.23651e-05
-3.24384e-05
-3.25049e-05
-3.25282e-05
-3.25098e-05
-3.25389e-05
-3.25563e-05
-3.24891e-05
-3.50749e-05
-3.5065e-05
-3.4865e-05
-3.46025e-05
-3.43731e-05
-3.41855e-05
-3.40083e-05
-3.37372e-05
-3.33889e-05
-3.29551e-05
-3.24865e-05
-3.19874e-05
-3.15659e-05
-3.13219e-05
-3.13082e-05
-3.14679e-05
-3.17149e-05
-3.20553e-05
-3.2456e-05
-3.28126e-05
-3.29898e-05
-3.29995e-05
-3.2984e-05
-3.30606e-05
-3.32044e-05
-3.33513e-05
-3.34717e-05
-3.35232e-05
-3.35386e-05
-3.35912e-05
-3.36741e-05
-3.37887e-05
-3.39305e-05
-3.41077e-05
-3.42183e-05
-3.41946e-05
-3.42031e-05
-3.435e-05
-3.46107e-05
-3.49115e-05
-3.80003e-05
-3.76973e-05
-3.72021e-05
-3.66746e-05
-3.62691e-05
-3.59404e-05
-3.55605e-05
-3.5176e-05
-3.47851e-05
-3.43465e-05
-3.38462e-05
-3.34046e-05
-3.31099e-05
-3.29491e-05
-3.29225e-05
-3.30776e-05
-3.33378e-05
-3.35657e-05
-3.38514e-05
-3.40781e-05
-3.42436e-05
-3.43583e-05
-3.44026e-05
-3.44998e-05
-3.46606e-05
-3.486e-05
-3.51101e-05
-3.53642e-05
-3.56215e-05
-3.58773e-05
-3.62036e-05
-3.65012e-05
-3.67932e-05
-3.71189e-05
-3.73017e-05
-3.73703e-05
-3.74205e-05
-3.75622e-05
-3.77662e-05
-3.80002e-05
-4.01276e-05
-3.97917e-05
-3.92565e-05
-3.87743e-05
-3.84404e-05
-3.81444e-05
-3.78825e-05
-3.76038e-05
-3.72424e-05
-3.68113e-05
-3.63479e-05
-3.58671e-05
-3.5525e-05
-3.5275e-05
-3.51106e-05
-3.50857e-05
-3.5172e-05
-3.52514e-05
-3.52845e-05
-3.53252e-05
-3.54414e-05
-3.5629e-05
-3.58007e-05
-3.59573e-05
-3.61492e-05
-3.63908e-05
-3.66995e-05
-3.71364e-05
-3.75878e-05
-3.80965e-05
-3.86307e-05
-3.90321e-05
-3.93261e-05
-3.95587e-05
-3.96815e-05
-3.97491e-05
-3.98776e-05
-4.00793e-05
-4.02087e-05
-4.02328e-05
-3.93263e-05
-3.91026e-05
-3.88845e-05
-3.87548e-05
-3.86937e-05
-3.86828e-05
-3.86861e-05
-3.86147e-05
-3.84526e-05
-3.81884e-05
-3.7784e-05
-3.73576e-05
-3.69493e-05
-3.65693e-05
-3.61628e-05
-3.58728e-05
-3.57618e-05
-3.57459e-05
-3.57528e-05
-3.58609e-05
-3.61138e-05
-3.64213e-05
-3.67381e-05
-3.69213e-05
-3.70017e-05
-3.70592e-05
-3.72001e-05
-3.74281e-05
-3.77971e-05
-3.83378e-05
-3.88973e-05
-3.93122e-05
-3.96226e-05
-3.97778e-05
-3.97487e-05
-3.96546e-05
-3.96074e-05
-3.96278e-05
-3.95955e-05
-3.94786e-05
-3.61911e-05
-3.60129e-05
-3.60819e-05
-3.64175e-05
-3.68018e-05
-3.70738e-05
-3.72253e-05
-3.73838e-05
-3.75616e-05
-3.76209e-05
-3.75567e-05
-3.74252e-05
-3.70911e-05
-3.64908e-05
-3.58407e-05
-3.53596e-05
-3.50432e-05
-3.48528e-05
-3.47824e-05
-3.48115e-05
-3.50021e-05
-3.53878e-05
-3.5723e-05
-3.58567e-05
-3.57758e-05
-3.56692e-05
-3.56701e-05
-3.58533e-05
-3.62437e-05
-3.68525e-05
-3.74888e-05
-3.79746e-05
-3.82824e-05
-3.84225e-05
-3.84002e-05
-3.81931e-05
-3.78019e-05
-3.73193e-05
-3.69072e-05
-3.65419e-05
-3.28302e-05
-3.26691e-05
-3.27461e-05
-3.31731e-05
-3.37756e-05
-3.42022e-05
-3.43656e-05
-3.44459e-05
-3.46887e-05
-3.49492e-05
-3.51411e-05
-3.52238e-05
-3.50883e-05
-3.46564e-05
-3.41316e-05
-3.37328e-05
-3.34951e-05
-3.33294e-05
-3.32432e-05
-3.32807e-05
-3.34773e-05
-3.38359e-05
-3.40969e-05
-3.40443e-05
-3.38126e-05
-3.35641e-05
-3.33671e-05
-3.34222e-05
-3.37866e-05
-3.44131e-05
-3.49811e-05
-3.53588e-05
-3.559e-05
-3.5704e-05
-3.56465e-05
-3.53906e-05
-3.48322e-05
-3.4117e-05
-3.354e-05
-3.31567e-05
-3.01899e-05
-3.00958e-05
-3.01323e-05
-3.04588e-05
-3.09312e-05
-3.12255e-05
-3.11728e-05
-3.10441e-05
-3.1096e-05
-3.12871e-05
-3.15857e-05
-3.18599e-05
-3.19428e-05
-3.18071e-05
-3.16163e-05
-3.15727e-05
-3.17455e-05
-3.19647e-05
-3.21911e-05
-3.23131e-05
-3.24295e-05
-3.25284e-05
-3.24565e-05
-3.21811e-05
-3.18159e-05
-3.15286e-05
-3.12312e-05
-3.11104e-05
-3.12233e-05
-3.15579e-05
-3.19029e-05
-3.20964e-05
-3.22491e-05
-3.23528e-05
-3.23935e-05
-3.22563e-05
-3.17297e-05
-3.10252e-05
-3.05416e-05
-3.03219e-05
-2.6681e-05
-2.66732e-05
-2.68889e-05
-2.73385e-05
-2.78587e-05
-2.811e-05
-2.79061e-05
-2.75114e-05
-2.72407e-05
-2.72181e-05
-2.7444e-05
-2.77951e-05
-2.81225e-05
-2.82835e-05
-2.83633e-05
-2.85384e-05
-2.90252e-05
-2.96909e-05
-3.03224e-05
-3.06921e-05
-3.08261e-05
-3.07505e-05
-3.04409e-05
-3.00244e-05
-2.96965e-05
-2.94102e-05
-2.90208e-05
-2.86929e-05
-2.85674e-05
-2.87184e-05
-2.8978e-05
-2.91302e-05
-2.91448e-05
-2.91002e-05
-2.90492e-05
-2.87515e-05
-2.80253e-05
-2.72685e-05
-2.68309e-05
-2.67209e-05
-2.16359e-05
-2.15663e-05
-2.17921e-05
-2.23541e-05
-2.3014e-05
-2.34056e-05
-2.33293e-05
-2.29321e-05
-2.25276e-05
-2.24379e-05
-2.27268e-05
-2.32031e-05
-2.36893e-05
-2.40586e-05
-2.43074e-05
-2.45272e-05
-2.50293e-05
-2.57873e-05
-2.66217e-05
-2.72119e-05
-2.74209e-05
-2.73093e-05
-2.692e-05
-2.65464e-05
-2.64039e-05
-2.63617e-05
-2.61095e-05
-2.55817e-05
-2.51404e-05
-2.50238e-05
-2.51543e-05
-2.53137e-05
-2.53824e-05
-2.53978e-05
-2.52522e-05
-2.46767e-05
-2.37081e-05
-2.27117e-05
-2.20656e-05
-2.17784e-05
-1.58333e-05
-1.56056e-05
-1.57216e-05
-1.62983e-05
-1.70324e-05
-1.75738e-05
-1.77398e-05
-1.74966e-05
-1.72028e-05
-1.71669e-05
-1.75441e-05
-1.81622e-05
-1.87757e-05
-1.92518e-05
-1.95054e-05
-1.96409e-05
-1.9991e-05
-2.06447e-05
-2.14569e-05
-2.20159e-05
-2.21851e-05
-2.20023e-05
-2.16394e-05
-2.1354e-05
-2.13956e-05
-2.1559e-05
-2.14659e-05
-2.1008e-05
-2.04345e-05
-2.0069e-05
-2.00005e-05
-2.00983e-05
-2.02417e-05
-2.03832e-05
-2.02842e-05
-1.96647e-05
-1.86464e-05
-1.75482e-05
-1.67027e-05
-1.61926e-05
-9.98061e-06
-9.61946e-06
-9.69022e-06
-1.02031e-05
-1.09039e-05
-1.15554e-05
-1.19633e-05
-1.19696e-05
-1.18038e-05
-1.18283e-05
-1.21527e-05
-1.26232e-05
-1.31195e-05
-1.35581e-05
-1.3836e-05
-1.40143e-05
-1.42849e-05
-1.47465e-05
-1.53567e-05
-1.57968e-05
-1.58881e-05
-1.57e-05
-1.54052e-05
-1.51987e-05
-1.52425e-05
-1.54334e-05
-1.54342e-05
-1.51593e-05
-1.47416e-05
-1.44345e-05
-1.43096e-05
-1.43349e-05
-1.44885e-05
-1.4674e-05
-1.46565e-05
-1.41516e-05
-1.32068e-05
-1.20999e-05
-1.11949e-05
-1.05269e-05
-4.8847e-06
-4.47038e-06
-4.44631e-06
-4.85643e-06
-5.4602e-06
-6.09513e-06
-6.58246e-06
-6.77118e-06
-6.74935e-06
-6.79552e-06
-7.05345e-06
-7.44616e-06
-7.79082e-06
-8.02869e-06
-8.13937e-06
-8.2668e-06
-8.51101e-06
-8.86299e-06
-9.31718e-06
-9.67431e-06
-9.79438e-06
-9.65585e-06
-9.44132e-06
-9.23929e-06
-9.15209e-06
-9.19439e-06
-9.19225e-06
-9.10946e-06
-8.99064e-06
-8.91684e-06
-8.96543e-06
-9.09112e-06
-9.27827e-06
-9.4514e-06
-9.42687e-06
-8.95194e-06
-8.06484e-06
-7.04054e-06
-6.15812e-06
-5.46506e-06
-9.70548e-07
-4.83058e-07
-3.51945e-07
-6.72044e-07
-1.24671e-06
-1.86241e-06
-2.35339e-06
-2.57173e-06
-2.62365e-06
-2.73689e-06
-2.99754e-06
-3.3084e-06
-3.52152e-06
-3.62908e-06
-3.68354e-06
-3.8278e-06
-4.13957e-06
-4.49907e-06
-4.83815e-06
-5.08992e-06
-5.18542e-06
-5.07861e-06
-4.87112e-06
-4.63911e-06
-4.4375e-06
-4.33278e-06
-4.2739e-06
-4.26377e-06
-4.28649e-06
-4.3782e-06
-4.59545e-06
-4.88552e-06
-5.17314e-06
-5.39439e-06
-5.37484e-06
-4.94152e-06
-4.10714e-06
-3.12303e-06
-2.2592e-06
-1.57583e-06
1.60962e-06
2.15826e-06
2.36045e-06
2.05144e-06
1.43573e-06
8.04914e-07
3.54425e-07
1.29492e-07
2.76867e-08
-1.19711e-07
-3.72981e-07
-6.65624e-07
-8.28008e-07
-8.73928e-07
-8.85738e-07
-1.05336e-06
-1.44606e-06
-1.87857e-06
-2.23171e-06
-2.45814e-06
-2.53488e-06
-2.39927e-06
-2.16028e-06
-1.89806e-06
-1.62127e-06
-1.3997e-06
-1.27049e-06
-1.27048e-06
-1.34997e-06
-1.51535e-06
-1.84602e-06
-2.27301e-06
-2.64987e-06
-2.90067e-06
-2.90987e-06
-2.50233e-06
-1.70705e-06
-7.20229e-07
2.03584e-07
9.55578e-07
2.73735e-06
3.29929e-06
3.51307e-06
3.21775e-06
2.60167e-06
1.98581e-06
1.53822e-06
1.2958e-06
1.16028e-06
1.00231e-06
7.65383e-07
4.89516e-07
3.38542e-07
3.10722e-07
3.1633e-07
1.49569e-07
-2.65923e-07
-7.2091e-07
-1.08697e-06
-1.33266e-06
-1.42215e-06
-1.28919e-06
-1.04252e-06
-7.62205e-07
-4.5582e-07
-1.97514e-07
-6.37993e-08
-8.11932e-08
-1.81245e-07
-3.6746e-07
-7.15762e-07
-1.16279e-06
-1.55501e-06
-1.81083e-06
-1.82373e-06
-1.4282e-06
-6.50254e-07
3.46288e-07
1.29672e-06
2.07118e-06
2.96981e-06
3.53387e-06
3.75527e-06
3.46468e-06
2.85625e-06
2.23985e-06
1.78143e-06
1.5235e-06
1.38728e-06
1.23814e-06
1.00641e-06
7.27276e-07
5.70251e-07
5.36839e-07
5.35416e-07
3.62254e-07
-5.04528e-08
-4.99571e-07
-8.66403e-07
-1.11175e-06
-1.19921e-06
-1.06659e-06
-8.26372e-07
-5.49478e-07
-2.41597e-07
5.96673e-09
1.23579e-07
9.03021e-08
-2.16851e-08
-2.02479e-07
-5.36043e-07
-9.62693e-07
-1.33314e-06
-1.57481e-06
-1.57688e-06
-1.18782e-06
-4.15399e-07
5.74562e-07
1.52368e-06
2.29919e-06
-1.43075e-05
-1.4175e-05
-1.40498e-05
-1.39371e-05
-1.38313e-05
-1.37366e-05
-1.36735e-05
-1.36306e-05
-1.35943e-05
-1.3586e-05
-1.35951e-05
-1.36157e-05
-1.36459e-05
-1.36798e-05
-1.37173e-05
-1.37639e-05
-1.38086e-05
-1.3862e-05
-1.39265e-05
-1.39969e-05
-1.408e-05
-1.41629e-05
-1.42439e-05
-1.43251e-05
-1.43995e-05
-1.44664e-05
-1.4535e-05
-1.46023e-05
-1.46568e-05
-1.46891e-05
-1.47114e-05
-1.47199e-05
-1.47209e-05
-1.47125e-05
-1.46928e-05
-1.46627e-05
-1.46249e-05
-1.45674e-05
-1.4496e-05
-1.44153e-05
-1.57113e-05
-1.56484e-05
-1.55685e-05
-1.54868e-05
-1.53961e-05
-1.52859e-05
-1.52103e-05
-1.51653e-05
-1.51163e-05
-1.505e-05
-1.49994e-05
-1.49535e-05
-1.4935e-05
-1.49606e-05
-1.50229e-05
-1.51077e-05
-1.52034e-05
-1.53124e-05
-1.54417e-05
-1.55631e-05
-1.56702e-05
-1.57786e-05
-1.58812e-05
-1.59682e-05
-1.60179e-05
-1.6057e-05
-1.60908e-05
-1.60996e-05
-1.6085e-05
-1.60661e-05
-1.60484e-05
-1.60266e-05
-1.60104e-05
-1.59947e-05
-1.59751e-05
-1.59482e-05
-1.59059e-05
-1.58578e-05
-1.58221e-05
-1.57726e-05
-1.95841e-05
-1.94251e-05
-1.92877e-05
-1.91736e-05
-1.90688e-05
-1.89986e-05
-1.89566e-05
-1.89262e-05
-1.8886e-05
-1.88657e-05
-1.88332e-05
-1.87904e-05
-1.87772e-05
-1.87894e-05
-1.88265e-05
-1.89026e-05
-1.90081e-05
-1.91257e-05
-1.92549e-05
-1.93672e-05
-1.94428e-05
-1.9477e-05
-1.94953e-05
-1.9508e-05
-1.95228e-05
-1.95548e-05
-1.95898e-05
-1.96153e-05
-1.96395e-05
-1.96688e-05
-1.97067e-05
-1.97524e-05
-1.97998e-05
-1.98448e-05
-1.98734e-05
-1.98965e-05
-1.99025e-05
-1.98881e-05
-1.98273e-05
-1.97272e-05
-2.35447e-05
-2.34388e-05
-2.33395e-05
-2.32637e-05
-2.31924e-05
-2.31577e-05
-2.31993e-05
-2.32979e-05
-2.33715e-05
-2.34043e-05
-2.34058e-05
-2.34263e-05
-2.34751e-05
-2.35272e-05
-2.35693e-05
-2.36092e-05
-2.36761e-05
-2.37743e-05
-2.38834e-05
-2.39933e-05
-2.41065e-05
-2.41887e-05
-2.42568e-05
-2.43223e-05
-2.44044e-05
-2.44718e-05
-2.45254e-05
-2.45676e-05
-2.45689e-05
-2.45642e-05
-2.45574e-05
-2.45164e-05
-2.44521e-05
-2.43568e-05
-2.42517e-05
-2.41132e-05
-2.39383e-05
-2.38139e-05
-2.37254e-05
-2.36396e-05
-2.65417e-05
-2.65567e-05
-2.66131e-05
-2.6691e-05
-2.67579e-05
-2.68376e-05
-2.6921e-05
-2.70387e-05
-2.71618e-05
-2.7264e-05
-2.73529e-05
-2.74365e-05
-2.7478e-05
-2.75074e-05
-2.75238e-05
-2.75175e-05
-2.74824e-05
-2.74353e-05
-2.73857e-05
-2.73652e-05
-2.73589e-05
-2.7312e-05
-2.72217e-05
-2.713e-05
-2.70959e-05
-2.70984e-05
-2.71191e-05
-2.71384e-05
-2.71899e-05
-2.72562e-05
-2.73252e-05
-2.73705e-05
-2.73794e-05
-2.73523e-05
-2.72456e-05
-2.70597e-05
-2.689e-05
-2.6736e-05
-2.66246e-05
-2.65673e-05
-2.97737e-05
-2.98408e-05
-2.99156e-05
-2.99451e-05
-2.99353e-05
-2.98804e-05
-2.98305e-05
-2.98047e-05
-2.976e-05
-2.97065e-05
-2.96232e-05
-2.95119e-05
-2.94011e-05
-2.93476e-05
-2.92779e-05
-2.92273e-05
-2.91929e-05
-2.91634e-05
-2.91199e-05
-2.91058e-05
-2.913e-05
-2.91719e-05
-2.92395e-05
-2.93313e-05
-2.94925e-05
-2.97329e-05
-2.99877e-05
-3.02163e-05
-3.03852e-05
-3.04991e-05
-3.05403e-05
-3.05253e-05
-3.04815e-05
-3.04072e-05
-3.03108e-05
-3.01612e-05
-3.00159e-05
-2.98978e-05
-2.98122e-05
-2.97632e-05
-3.15823e-05
-3.14406e-05
-3.1287e-05
-3.11417e-05
-3.09995e-05
-3.08519e-05
-3.07144e-05
-3.05958e-05
-3.04782e-05
-3.03925e-05
-3.03578e-05
-3.03512e-05
-3.03758e-05
-3.04407e-05
-3.05137e-05
-3.06286e-05
-3.07713e-05
-3.09201e-05
-3.10292e-05
-3.10994e-05
-3.12018e-05
-3.13444e-05
-3.15035e-05
-3.16775e-05
-3.18997e-05
-3.21699e-05
-3.2448e-05
-3.26853e-05
-3.28164e-05
-3.28462e-05
-3.28388e-05
-3.28084e-05
-3.27701e-05
-3.27155e-05
-3.26185e-05
-3.2457e-05
-3.22462e-05
-3.2028e-05
-3.18487e-05
-3.17078e-05
-3.30544e-05
-3.28121e-05
-3.26184e-05
-3.24352e-05
-3.22277e-05
-3.20263e-05
-3.18555e-05
-3.17686e-05
-3.17591e-05
-3.17997e-05
-3.18594e-05
-3.19243e-05
-3.19831e-05
-3.2023e-05
-3.20471e-05
-3.21617e-05
-3.23091e-05
-3.24492e-05
-3.26001e-05
-3.27975e-05
-3.29878e-05
-3.31439e-05
-3.332e-05
-3.35218e-05
-3.37606e-05
-3.4045e-05
-3.4376e-05
-3.46708e-05
-3.49011e-05
-3.50729e-05
-3.51919e-05
-3.52332e-05
-3.5202e-05
-3.50716e-05
-3.48643e-05
-3.45604e-05
-3.42048e-05
-3.38931e-05
-3.35969e-05
-3.33131e-05
-3.48459e-05
-3.46304e-05
-3.44566e-05
-3.43241e-05
-3.41498e-05
-3.39658e-05
-3.38106e-05
-3.37042e-05
-3.35972e-05
-3.34683e-05
-3.33489e-05
-3.32682e-05
-3.32086e-05
-3.31407e-05
-3.3127e-05
-3.32042e-05
-3.33459e-05
-3.35196e-05
-3.37681e-05
-3.40556e-05
-3.43188e-05
-3.45669e-05
-3.47854e-05
-3.50106e-05
-3.53053e-05
-3.5664e-05
-3.60406e-05
-3.63797e-05
-3.6618e-05
-3.67487e-05
-3.68098e-05
-3.67718e-05
-3.66393e-05
-3.64675e-05
-3.62409e-05
-3.59665e-05
-3.57143e-05
-3.55136e-05
-3.53354e-05
-3.51002e-05
-3.60566e-05
-3.60498e-05
-3.59936e-05
-3.58128e-05
-3.55749e-05
-3.53587e-05
-3.52541e-05
-3.52137e-05
-3.51389e-05
-3.50364e-05
-3.49013e-05
-3.47091e-05
-3.44992e-05
-3.42939e-05
-3.41619e-05
-3.42125e-05
-3.44552e-05
-3.48101e-05
-3.51148e-05
-3.53225e-05
-3.5513e-05
-3.56799e-05
-3.5807e-05
-3.58746e-05
-3.5965e-05
-3.6156e-05
-3.63754e-05
-3.6584e-05
-3.67501e-05
-3.68036e-05
-3.67929e-05
-3.67248e-05
-3.65565e-05
-3.63932e-05
-3.62676e-05
-3.61211e-05
-3.60217e-05
-3.60374e-05
-3.60723e-05
-3.60817e-05
-3.66644e-05
-3.64587e-05
-3.62698e-05
-3.61065e-05
-3.60024e-05
-3.60532e-05
-3.62719e-05
-3.65363e-05
-3.66543e-05
-3.65784e-05
-3.63678e-05
-3.60549e-05
-3.56508e-05
-3.51963e-05
-3.48372e-05
-3.46525e-05
-3.47482e-05
-3.50187e-05
-3.52333e-05
-3.53306e-05
-3.54593e-05
-3.55349e-05
-3.55747e-05
-3.56299e-05
-3.57515e-05
-3.59234e-05
-3.60599e-05
-3.61361e-05
-3.62481e-05
-3.64574e-05
-3.67197e-05
-3.68886e-05
-3.69351e-05
-3.69318e-05
-3.69855e-05
-3.71117e-05
-3.72189e-05
-3.72718e-05
-3.7174e-05
-3.69071e-05
-3.61289e-05
-3.58006e-05
-3.55361e-05
-3.53755e-05
-3.5363e-05
-3.56447e-05
-3.62745e-05
-3.69322e-05
-3.72366e-05
-3.71748e-05
-3.68492e-05
-3.6263e-05
-3.55384e-05
-3.47867e-05
-3.41351e-05
-3.37004e-05
-3.36406e-05
-3.38095e-05
-3.40356e-05
-3.42952e-05
-3.46789e-05
-3.50549e-05
-3.54127e-05
-3.57856e-05
-3.61476e-05
-3.6423e-05
-3.65713e-05
-3.65849e-05
-3.66175e-05
-3.67949e-05
-3.70976e-05
-3.73238e-05
-3.7316e-05
-3.72112e-05
-3.71643e-05
-3.72103e-05
-3.72516e-05
-3.71965e-05
-3.69232e-05
-3.65155e-05
-3.52452e-05
-3.49233e-05
-3.48405e-05
-3.48948e-05
-3.50735e-05
-3.54611e-05
-3.60332e-05
-3.65712e-05
-3.66673e-05
-3.63121e-05
-3.56901e-05
-3.50131e-05
-3.42385e-05
-3.3441e-05
-3.27082e-05
-3.22691e-05
-3.2217e-05
-3.24758e-05
-3.28516e-05
-3.32452e-05
-3.36716e-05
-3.41981e-05
-3.47929e-05
-3.54149e-05
-3.59126e-05
-3.61557e-05
-3.61973e-05
-3.60458e-05
-3.58598e-05
-3.58809e-05
-3.60168e-05
-3.59795e-05
-3.58405e-05
-3.5763e-05
-3.59154e-05
-3.61466e-05
-3.63102e-05
-3.63117e-05
-3.60793e-05
-3.56566e-05
-3.48368e-05
-3.4511e-05
-3.44757e-05
-3.47781e-05
-3.51228e-05
-3.54345e-05
-3.57028e-05
-3.56855e-05
-3.52319e-05
-3.45304e-05
-3.38837e-05
-3.3336e-05
-3.2667e-05
-3.18887e-05
-3.11271e-05
-3.0471e-05
-3.01396e-05
-3.01608e-05
-3.03454e-05
-3.06252e-05
-3.10585e-05
-3.17415e-05
-3.25942e-05
-3.33548e-05
-3.37687e-05
-3.38668e-05
-3.36818e-05
-3.34558e-05
-3.33706e-05
-3.3495e-05
-3.36541e-05
-3.36506e-05
-3.36286e-05
-3.38902e-05
-3.45167e-05
-3.51688e-05
-3.5619e-05
-3.56826e-05
-3.54741e-05
-3.51972e-05
-3.44335e-05
-3.3977e-05
-3.38235e-05
-3.39942e-05
-3.41567e-05
-3.42202e-05
-3.40583e-05
-3.35197e-05
-3.26875e-05
-3.17953e-05
-3.09619e-05
-3.02888e-05
-2.96556e-05
-2.90813e-05
-2.86217e-05
-2.82166e-05
-2.80512e-05
-2.81139e-05
-2.81591e-05
-2.81437e-05
-2.82517e-05
-2.87655e-05
-2.96235e-05
-3.04448e-05
-3.08913e-05
-3.09161e-05
-3.06595e-05
-3.04385e-05
-3.06025e-05
-3.10244e-05
-3.14261e-05
-3.16097e-05
-3.17578e-05
-3.22644e-05
-3.31517e-05
-3.40906e-05
-3.48165e-05
-3.51379e-05
-3.50759e-05
-3.48267e-05
-3.38586e-05
-3.33727e-05
-3.30179e-05
-3.28175e-05
-3.25939e-05
-3.22773e-05
-3.17381e-05
-3.08256e-05
-2.96712e-05
-2.85739e-05
-2.76514e-05
-2.68657e-05
-2.62023e-05
-2.5844e-05
-2.58393e-05
-2.60625e-05
-2.63706e-05
-2.66533e-05
-2.66191e-05
-2.62457e-05
-2.59653e-05
-2.6152e-05
-2.68342e-05
-2.75565e-05
-2.80814e-05
-2.83344e-05
-2.83318e-05
-2.83707e-05
-2.87457e-05
-2.93748e-05
-2.9905e-05
-3.01577e-05
-3.04106e-05
-3.09438e-05
-3.1805e-05
-3.27613e-05
-3.35594e-05
-3.40549e-05
-3.42669e-05
-3.42029e-05
-3.18524e-05
-3.13887e-05
-3.1096e-05
-3.08471e-05
-3.05523e-05
-3.0197e-05
-2.95098e-05
-2.8287e-05
-2.68345e-05
-2.54927e-05
-2.43233e-05
-2.34493e-05
-2.28764e-05
-2.26924e-05
-2.28914e-05
-2.33381e-05
-2.38688e-05
-2.42451e-05
-2.42201e-05
-2.39017e-05
-2.36074e-05
-2.3621e-05
-2.39452e-05
-2.43631e-05
-2.47069e-05
-2.49756e-05
-2.51834e-05
-2.54969e-05
-2.60119e-05
-2.66683e-05
-2.71705e-05
-2.73998e-05
-2.76933e-05
-2.83881e-05
-2.94635e-05
-3.05888e-05
-3.15385e-05
-3.21167e-05
-3.23267e-05
-3.22331e-05
-2.84667e-05
-2.82432e-05
-2.81246e-05
-2.78956e-05
-2.75146e-05
-2.70133e-05
-2.62123e-05
-2.48469e-05
-2.32336e-05
-2.17503e-05
-2.05783e-05
-1.97746e-05
-1.94297e-05
-1.94863e-05
-1.97901e-05
-2.01617e-05
-2.05557e-05
-2.08687e-05
-2.09408e-05
-2.0762e-05
-2.05107e-05
-2.04737e-05
-2.06665e-05
-2.09043e-05
-2.10921e-05
-2.12273e-05
-2.13905e-05
-2.17101e-05
-2.21854e-05
-2.27689e-05
-2.32078e-05
-2.35494e-05
-2.40313e-05
-2.4961e-05
-2.62534e-05
-2.75181e-05
-2.85504e-05
-2.90747e-05
-2.90812e-05
-2.87948e-05
-2.50827e-05
-2.50091e-05
-2.49732e-05
-2.47602e-05
-2.41907e-05
-2.33477e-05
-2.2258e-05
-2.08627e-05
-1.93384e-05
-1.79299e-05
-1.69259e-05
-1.63617e-05
-1.62333e-05
-1.63491e-05
-1.64058e-05
-1.64285e-05
-1.65427e-05
-1.67255e-05
-1.68356e-05
-1.67834e-05
-1.67062e-05
-1.67861e-05
-1.70417e-05
-1.73132e-05
-1.74492e-05
-1.74458e-05
-1.74801e-05
-1.77248e-05
-1.81666e-05
-1.87505e-05
-1.93222e-05
-1.99021e-05
-2.06546e-05
-2.17304e-05
-2.29298e-05
-2.40725e-05
-2.49578e-05
-2.53875e-05
-2.53864e-05
-2.52182e-05
-2.10452e-05
-2.10749e-05
-2.11326e-05
-2.09849e-05
-2.04256e-05
-1.94147e-05
-1.80878e-05
-1.66033e-05
-1.51282e-05
-1.38458e-05
-1.29647e-05
-1.25593e-05
-1.25286e-05
-1.25556e-05
-1.23897e-05
-1.22025e-05
-1.21954e-05
-1.23142e-05
-1.24489e-05
-1.25582e-05
-1.26219e-05
-1.27834e-05
-1.30763e-05
-1.33445e-05
-1.34209e-05
-1.33498e-05
-1.32984e-05
-1.34605e-05
-1.38972e-05
-1.45367e-05
-1.52474e-05
-1.59989e-05
-1.6956e-05
-1.80335e-05
-1.9054e-05
-1.99792e-05
-2.07354e-05
-2.10998e-05
-2.11229e-05
-2.10536e-05
-1.65804e-05
-1.65587e-05
-1.6597e-05
-1.64546e-05
-1.59664e-05
-1.5021e-05
-1.36772e-05
-1.21488e-05
-1.06986e-05
-9.53544e-06
-8.7883e-06
-8.46456e-06
-8.36713e-06
-8.22962e-06
-7.91127e-06
-7.61879e-06
-7.56344e-06
-7.7279e-06
-7.9709e-06
-8.12873e-06
-8.23574e-06
-8.45699e-06
-8.74324e-06
-8.95886e-06
-9.03161e-06
-8.99902e-06
-8.98353e-06
-9.16889e-06
-9.60169e-06
-1.02662e-05
-1.1007e-05
-1.18293e-05
-1.28124e-05
-1.38698e-05
-1.48613e-05
-1.57706e-05
-1.65145e-05
-1.68593e-05
-1.68182e-05
-1.66702e-05
-1.28025e-05
-1.2659e-05
-1.25902e-05
-1.2413e-05
-1.19735e-05
-1.11173e-05
-9.8477e-06
-8.34725e-06
-6.98346e-06
-6.00968e-06
-5.44199e-06
-5.14053e-06
-4.87688e-06
-4.50611e-06
-4.01329e-06
-3.62984e-06
-3.56173e-06
-3.7301e-06
-3.94593e-06
-4.09636e-06
-4.22482e-06
-4.43698e-06
-4.69578e-06
-4.87792e-06
-4.94048e-06
-4.94318e-06
-5.04218e-06
-5.32622e-06
-5.82433e-06
-6.55606e-06
-7.3986e-06
-8.2856e-06
-9.23795e-06
-1.02667e-05
-1.12783e-05
-1.22147e-05
-1.29577e-05
-1.32838e-05
-1.32e-05
-1.29789e-05
-1.01727e-05
-1.00032e-05
-9.91204e-06
-9.7335e-06
-9.33977e-06
-8.52799e-06
-7.30611e-06
-5.86559e-06
-4.56885e-06
-3.70779e-06
-3.2475e-06
-2.97495e-06
-2.64271e-06
-2.14899e-06
-1.51854e-06
-1.0507e-06
-9.39707e-07
-1.06431e-06
-1.23861e-06
-1.36515e-06
-1.44817e-06
-1.63116e-06
-1.87819e-06
-2.07106e-06
-2.17405e-06
-2.23603e-06
-2.41361e-06
-2.75785e-06
-3.28527e-06
-4.04585e-06
-4.95861e-06
-5.90905e-06
-6.85488e-06
-7.82403e-06
-8.803e-06
-9.724e-06
-1.04494e-05
-1.07611e-05
-1.06529e-05
-1.03872e-05
-8.86797e-06
-8.71775e-06
-8.63549e-06
-8.46931e-06
-8.07772e-06
-7.28161e-06
-6.09698e-06
-4.68567e-06
-3.41278e-06
-2.56807e-06
-2.13262e-06
-1.87514e-06
-1.54986e-06
-1.03595e-06
-3.86881e-07
1.02918e-07
2.28811e-07
1.28696e-07
-1.15691e-08
-1.056e-07
-1.60818e-07
-3.17334e-07
-5.59218e-07
-7.77547e-07
-9.10547e-07
-1.01345e-06
-1.24422e-06
-1.63104e-06
-2.16915e-06
-2.92366e-06
-3.84552e-06
-4.81867e-06
-5.75765e-06
-6.68643e-06
-7.6118e-06
-8.47904e-06
-9.16951e-06
-9.46796e-06
-9.35151e-06
-9.07416e-06
-8.61441e-06
-8.4709e-06
-8.39012e-06
-8.20997e-06
-7.80442e-06
-7.00254e-06
-5.81649e-06
-4.40917e-06
-3.13654e-06
-2.29459e-06
-1.86121e-06
-1.60959e-06
-1.27857e-06
-7.66339e-07
-1.25181e-07
3.54233e-07
4.80562e-07
3.87788e-07
2.60873e-07
1.83311e-07
1.43774e-07
-3.05784e-09
-2.47925e-07
-4.78811e-07
-6.31479e-07
-7.51827e-07
-9.90995e-07
-1.38549e-06
-1.92634e-06
-2.68071e-06
-3.60514e-06
-4.57897e-06
-5.51448e-06
-6.43337e-06
-7.33957e-06
-8.18969e-06
-8.87812e-06
-9.18184e-06
-9.073e-06
-8.80805e-06
-1.32845e-05
-1.32354e-05
-1.31714e-05
-1.30995e-05
-1.30378e-05
-1.29823e-05
-1.29236e-05
-1.2868e-05
-1.28269e-05
-1.27909e-05
-1.27778e-05
-1.27707e-05
-1.27708e-05
-1.27669e-05
-1.27521e-05
-1.27382e-05
-1.27334e-05
-1.2746e-05
-1.27741e-05
-1.28098e-05
-1.28435e-05
-1.28868e-05
-1.29483e-05
-1.30103e-05
-1.30492e-05
-1.30713e-05
-1.31119e-05
-1.31657e-05
-1.32136e-05
-1.32485e-05
-1.3282e-05
-1.33088e-05
-1.33287e-05
-1.33471e-05
-1.33674e-05
-1.33763e-05
-1.33738e-05
-1.33629e-05
-1.33526e-05
-1.33263e-05
-1.48976e-05
-1.48215e-05
-1.47445e-05
-1.46614e-05
-1.45717e-05
-1.44731e-05
-1.43804e-05
-1.42942e-05
-1.42035e-05
-1.41406e-05
-1.41073e-05
-1.40977e-05
-1.41013e-05
-1.41238e-05
-1.41766e-05
-1.42538e-05
-1.43494e-05
-1.44564e-05
-1.45698e-05
-1.46848e-05
-1.4772e-05
-1.48415e-05
-1.4919e-05
-1.50062e-05
-1.50816e-05
-1.51266e-05
-1.51568e-05
-1.51728e-05
-1.51753e-05
-1.51564e-05
-1.51199e-05
-1.50915e-05
-1.50747e-05
-1.50587e-05
-1.50417e-05
-1.50126e-05
-1.4981e-05
-1.49724e-05
-1.49734e-05
-1.49466e-05
-1.86604e-05
-1.85206e-05
-1.83833e-05
-1.82262e-05
-1.80689e-05
-1.7912e-05
-1.77586e-05
-1.76475e-05
-1.75384e-05
-1.74414e-05
-1.73583e-05
-1.72737e-05
-1.7203e-05
-1.71692e-05
-1.7212e-05
-1.7315e-05
-1.74496e-05
-1.76182e-05
-1.78067e-05
-1.79695e-05
-1.81014e-05
-1.82052e-05
-1.83058e-05
-1.84119e-05
-1.85054e-05
-1.85969e-05
-1.86762e-05
-1.87379e-05
-1.88073e-05
-1.88739e-05
-1.89189e-05
-1.8958e-05
-1.89989e-05
-1.90367e-05
-1.90519e-05
-1.9049e-05
-1.90337e-05
-1.89843e-05
-1.89017e-05
-1.87903e-05
-2.33505e-05
-2.33013e-05
-2.32665e-05
-2.32326e-05
-2.31848e-05
-2.31795e-05
-2.32676e-05
-2.34036e-05
-2.35226e-05
-2.36053e-05
-2.3659e-05
-2.36621e-05
-2.36677e-05
-2.36928e-05
-2.37056e-05
-2.37228e-05
-2.37582e-05
-2.38005e-05
-2.38306e-05
-2.38459e-05
-2.38271e-05
-2.37836e-05
-2.37292e-05
-2.36602e-05
-2.3596e-05
-2.35365e-05
-2.34643e-05
-2.34225e-05
-2.34099e-05
-2.33967e-05
-2.33837e-05
-2.33623e-05
-2.3355e-05
-2.33564e-05
-2.33647e-05
-2.33881e-05
-2.34034e-05
-2.34161e-05
-2.34151e-05
-2.33947e-05
-2.83827e-05
-2.85111e-05
-2.86907e-05
-2.88911e-05
-2.90792e-05
-2.92439e-05
-2.94358e-05
-2.95988e-05
-2.96978e-05
-2.97199e-05
-2.96736e-05
-2.9593e-05
-2.95084e-05
-2.94055e-05
-2.92583e-05
-2.90919e-05
-2.89274e-05
-2.87615e-05
-2.85946e-05
-2.84041e-05
-2.82252e-05
-2.80712e-05
-2.79301e-05
-2.7826e-05
-2.77705e-05
-2.77735e-05
-2.78136e-05
-2.79218e-05
-2.8023e-05
-2.8116e-05
-2.81842e-05
-2.8248e-05
-2.8265e-05
-2.82522e-05
-2.82203e-05
-2.81926e-05
-2.8172e-05
-2.81787e-05
-2.82309e-05
-2.82995e-05
-3.40271e-05
-3.4144e-05
-3.42869e-05
-3.4432e-05
-3.45199e-05
-3.45379e-05
-3.44944e-05
-3.43488e-05
-3.40881e-05
-3.37449e-05
-3.34205e-05
-3.31453e-05
-3.29329e-05
-3.27397e-05
-3.25306e-05
-3.23788e-05
-3.2284e-05
-3.22009e-05
-3.21105e-05
-3.2012e-05
-3.19469e-05
-3.19171e-05
-3.19006e-05
-3.18786e-05
-3.18938e-05
-3.19864e-05
-3.21469e-05
-3.23177e-05
-3.2473e-05
-3.26072e-05
-3.27019e-05
-3.27755e-05
-3.28689e-05
-3.29785e-05
-3.3117e-05
-3.32592e-05
-3.34145e-05
-3.3582e-05
-3.37395e-05
-3.38911e-05
-3.65766e-05
-3.65084e-05
-3.6451e-05
-3.64183e-05
-3.63417e-05
-3.61915e-05
-3.60201e-05
-3.58169e-05
-3.559e-05
-3.53539e-05
-3.51954e-05
-3.515e-05
-3.51913e-05
-3.52107e-05
-3.5229e-05
-3.52941e-05
-3.53685e-05
-3.54158e-05
-3.54323e-05
-3.5469e-05
-3.54884e-05
-3.54497e-05
-3.53528e-05
-3.52769e-05
-3.52984e-05
-3.53906e-05
-3.54935e-05
-3.55977e-05
-3.56985e-05
-3.57829e-05
-3.58613e-05
-3.59389e-05
-3.60649e-05
-3.62317e-05
-3.64128e-05
-3.66039e-05
-3.67531e-05
-3.68063e-05
-3.67641e-05
-3.66684e-05
-3.8199e-05
-3.81341e-05
-3.81133e-05
-3.80373e-05
-3.78767e-05
-3.76513e-05
-3.73659e-05
-3.70194e-05
-3.67014e-05
-3.64858e-05
-3.64075e-05
-3.64363e-05
-3.64749e-05
-3.64138e-05
-3.63077e-05
-3.62019e-05
-3.61292e-05
-3.60621e-05
-3.60459e-05
-3.6104e-05
-3.61971e-05
-3.6218e-05
-3.62277e-05
-3.6317e-05
-3.6513e-05
-3.68458e-05
-3.72251e-05
-3.75702e-05
-3.78482e-05
-3.80835e-05
-3.82985e-05
-3.85128e-05
-3.87307e-05
-3.89011e-05
-3.89734e-05
-3.90298e-05
-3.89964e-05
-3.8842e-05
-3.86064e-05
-3.83724e-05
-3.9542e-05
-3.96032e-05
-3.96587e-05
-3.96373e-05
-3.95149e-05
-3.93369e-05
-3.90929e-05
-3.88494e-05
-3.8653e-05
-3.85472e-05
-3.85707e-05
-3.86691e-05
-3.87286e-05
-3.86625e-05
-3.84547e-05
-3.8208e-05
-3.80224e-05
-3.78845e-05
-3.7793e-05
-3.77665e-05
-3.77456e-05
-3.76211e-05
-3.74424e-05
-3.7353e-05
-3.74291e-05
-3.76218e-05
-3.78636e-05
-3.81077e-05
-3.83002e-05
-3.84815e-05
-3.87514e-05
-3.90828e-05
-3.94137e-05
-3.97445e-05
-3.99753e-05
-4.00271e-05
-3.99128e-05
-3.97809e-05
-3.96301e-05
-3.95208e-05
-4.00573e-05
-4.01508e-05
-4.01927e-05
-4.01644e-05
-4.00807e-05
-3.99529e-05
-3.9833e-05
-3.96479e-05
-3.9431e-05
-3.92257e-05
-3.9201e-05
-3.93459e-05
-3.94539e-05
-3.93932e-05
-3.91731e-05
-3.90113e-05
-3.89548e-05
-3.9038e-05
-3.91909e-05
-3.93643e-05
-3.95029e-05
-3.9576e-05
-3.95611e-05
-3.95183e-05
-3.9458e-05
-3.93464e-05
-3.92457e-05
-3.91192e-05
-3.90358e-05
-3.90211e-05
-3.9139e-05
-3.94168e-05
-3.96721e-05
-3.99028e-05
-4.00738e-05
-4.01679e-05
-4.01778e-05
-4.00699e-05
-3.99739e-05
-3.99844e-05
-3.8861e-05
-3.88998e-05
-3.90121e-05
-3.90999e-05
-3.92168e-05
-3.93133e-05
-3.93809e-05
-3.93643e-05
-3.91571e-05
-3.89013e-05
-3.88472e-05
-3.89959e-05
-3.9029e-05
-3.88287e-05
-3.85413e-05
-3.83727e-05
-3.83518e-05
-3.8488e-05
-3.86856e-05
-3.90027e-05
-3.93708e-05
-3.97244e-05
-4.0026e-05
-4.01313e-05
-4.00153e-05
-3.96508e-05
-3.91273e-05
-3.86041e-05
-3.82036e-05
-3.79904e-05
-3.8029e-05
-3.82515e-05
-3.85609e-05
-3.88228e-05
-3.90614e-05
-3.91969e-05
-3.92522e-05
-3.91584e-05
-3.90257e-05
-3.89241e-05
-3.59146e-05
-3.62217e-05
-3.67418e-05
-3.73062e-05
-3.78134e-05
-3.81873e-05
-3.83321e-05
-3.82734e-05
-3.80766e-05
-3.79352e-05
-3.80082e-05
-3.81832e-05
-3.81752e-05
-3.78831e-05
-3.74646e-05
-3.71222e-05
-3.69068e-05
-3.68952e-05
-3.7055e-05
-3.73715e-05
-3.77188e-05
-3.79948e-05
-3.82145e-05
-3.83061e-05
-3.82295e-05
-3.79344e-05
-3.74579e-05
-3.70089e-05
-3.67258e-05
-3.66246e-05
-3.67203e-05
-3.68218e-05
-3.68758e-05
-3.70065e-05
-3.70825e-05
-3.70174e-05
-3.68165e-05
-3.64721e-05
-3.61206e-05
-3.58807e-05
-3.47414e-05
-3.51698e-05
-3.57322e-05
-3.63651e-05
-3.69427e-05
-3.737e-05
-3.75805e-05
-3.75839e-05
-3.74937e-05
-3.74518e-05
-3.75656e-05
-3.76622e-05
-3.75928e-05
-3.72496e-05
-3.6749e-05
-3.63064e-05
-3.60848e-05
-3.60938e-05
-3.62827e-05
-3.64804e-05
-3.65623e-05
-3.64645e-05
-3.6256e-05
-3.61023e-05
-3.58858e-05
-3.55298e-05
-3.51167e-05
-3.48712e-05
-3.47673e-05
-3.47282e-05
-3.47375e-05
-3.48068e-05
-3.49757e-05
-3.52873e-05
-3.55368e-05
-3.56274e-05
-3.54923e-05
-3.52242e-05
-3.49342e-05
-3.46992e-05
-3.45494e-05
-3.47986e-05
-3.50992e-05
-3.53972e-05
-3.569e-05
-3.59032e-05
-3.607e-05
-3.62346e-05
-3.64134e-05
-3.66272e-05
-3.6924e-05
-3.71526e-05
-3.70846e-05
-3.66739e-05
-3.60628e-05
-3.55257e-05
-3.5167e-05
-3.50348e-05
-3.51007e-05
-3.52811e-05
-3.53213e-05
-3.51638e-05
-3.50682e-05
-3.49322e-05
-3.46417e-05
-3.4135e-05
-3.35668e-05
-3.31172e-05
-3.27532e-05
-3.23909e-05
-3.21299e-05
-3.20902e-05
-3.23385e-05
-3.29428e-05
-3.36245e-05
-3.4128e-05
-3.43646e-05
-3.44146e-05
-3.44138e-05
-3.44423e-05
-3.30321e-05
-3.30063e-05
-3.29476e-05
-3.2944e-05
-3.30256e-05
-3.31338e-05
-3.33448e-05
-3.36656e-05
-3.40886e-05
-3.45801e-05
-3.51204e-05
-3.55514e-05
-3.56225e-05
-3.53388e-05
-3.48359e-05
-3.4241e-05
-3.37483e-05
-3.35288e-05
-3.3454e-05
-3.34418e-05
-3.33887e-05
-3.33614e-05
-3.35465e-05
-3.36573e-05
-3.33857e-05
-3.2768e-05
-3.20424e-05
-3.1407e-05
-3.08688e-05
-3.03507e-05
-2.99444e-05
-2.97368e-05
-2.99949e-05
-3.07552e-05
-3.1649e-05
-3.24184e-05
-3.27999e-05
-3.2936e-05
-3.30333e-05
-3.3054e-05
-2.9865e-05
-2.96473e-05
-2.95294e-05
-2.96062e-05
-2.98583e-05
-3.01626e-05
-3.05648e-05
-3.09143e-05
-3.12408e-05
-3.16571e-05
-3.22015e-05
-3.26618e-05
-3.285e-05
-3.27065e-05
-3.23789e-05
-3.19184e-05
-3.14914e-05
-3.11667e-05
-3.08841e-05
-3.06276e-05
-3.03682e-05
-3.029e-05
-3.05089e-05
-3.06723e-05
-3.04557e-05
-2.99395e-05
-2.93619e-05
-2.88902e-05
-2.8472e-05
-2.8064e-05
-2.76721e-05
-2.7426e-05
-2.76791e-05
-2.84167e-05
-2.9246e-05
-2.98687e-05
-3.00933e-05
-3.01097e-05
-3.01204e-05
-3.00388e-05
-2.59832e-05
-2.58933e-05
-2.601e-05
-2.64069e-05
-2.69182e-05
-2.73496e-05
-2.75824e-05
-2.76418e-05
-2.76204e-05
-2.76556e-05
-2.7873e-05
-2.81117e-05
-2.81888e-05
-2.80565e-05
-2.77953e-05
-2.75697e-05
-2.75177e-05
-2.75437e-05
-2.73989e-05
-2.70458e-05
-2.65718e-05
-2.63301e-05
-2.638e-05
-2.64665e-05
-2.62079e-05
-2.58149e-05
-2.55086e-05
-2.52683e-05
-2.50603e-05
-2.48112e-05
-2.44688e-05
-2.42892e-05
-2.46248e-05
-2.53068e-05
-2.60149e-05
-2.64137e-05
-2.63671e-05
-2.62425e-05
-2.61626e-05
-2.61063e-05
-2.1999e-05
-2.21749e-05
-2.25183e-05
-2.29978e-05
-2.35244e-05
-2.37893e-05
-2.36392e-05
-2.31125e-05
-2.25524e-05
-2.21985e-05
-2.21094e-05
-2.20699e-05
-2.19561e-05
-2.16618e-05
-2.13355e-05
-2.13893e-05
-2.18856e-05
-2.24844e-05
-2.28541e-05
-2.27386e-05
-2.23417e-05
-2.202e-05
-2.19177e-05
-2.18644e-05
-2.15847e-05
-2.12308e-05
-2.10274e-05
-2.09601e-05
-2.09111e-05
-2.08283e-05
-2.07041e-05
-2.07734e-05
-2.12451e-05
-2.19373e-05
-2.25321e-05
-2.27621e-05
-2.25958e-05
-2.23388e-05
-2.21353e-05
-2.19894e-05
-1.77682e-05
-1.79972e-05
-1.84011e-05
-1.88176e-05
-1.92069e-05
-1.92712e-05
-1.88665e-05
-1.81231e-05
-1.72225e-05
-1.65026e-05
-1.61322e-05
-1.59452e-05
-1.57313e-05
-1.5322e-05
-1.49705e-05
-1.50938e-05
-1.57308e-05
-1.65381e-05
-1.71668e-05
-1.74282e-05
-1.74142e-05
-1.73204e-05
-1.73329e-05
-1.72387e-05
-1.69752e-05
-1.6688e-05
-1.65319e-05
-1.64934e-05
-1.6536e-05
-1.66033e-05
-1.6693e-05
-1.69457e-05
-1.74276e-05
-1.79938e-05
-1.83856e-05
-1.85017e-05
-1.83946e-05
-1.8225e-05
-1.79918e-05
-1.77951e-05
-1.3584e-05
-1.37339e-05
-1.39105e-05
-1.40296e-05
-1.41123e-05
-1.39596e-05
-1.35042e-05
-1.27606e-05
-1.18907e-05
-1.11505e-05
-1.06686e-05
-1.03894e-05
-1.01212e-05
-9.73866e-06
-9.44004e-06
-9.55754e-06
-1.01463e-05
-1.09851e-05
-1.17963e-05
-1.24028e-05
-1.27093e-05
-1.28742e-05
-1.30307e-05
-1.30503e-05
-1.28697e-05
-1.25852e-05
-1.22997e-05
-1.21251e-05
-1.20986e-05
-1.21259e-05
-1.2187e-05
-1.24161e-05
-1.28006e-05
-1.31681e-05
-1.33671e-05
-1.34441e-05
-1.35405e-05
-1.36874e-05
-1.37162e-05
-1.36073e-05
-9.5585e-06
-9.48668e-06
-9.40975e-06
-9.2519e-06
-9.03566e-06
-8.72597e-06
-8.26799e-06
-7.61731e-06
-6.89321e-06
-6.19797e-06
-5.65107e-06
-5.29225e-06
-4.99469e-06
-4.71122e-06
-4.62697e-06
-4.94696e-06
-5.67849e-06
-6.6411e-06
-7.57783e-06
-8.28482e-06
-8.68352e-06
-8.89825e-06
-9.07537e-06
-9.09479e-06
-8.92055e-06
-8.60496e-06
-8.2063e-06
-7.87106e-06
-7.69282e-06
-7.61777e-06
-7.61539e-06
-7.77569e-06
-8.05635e-06
-8.29934e-06
-8.39946e-06
-8.5313e-06
-8.89808e-06
-9.4179e-06
-9.71475e-06
-9.67763e-06
-5.95079e-06
-5.67869e-06
-5.43001e-06
-5.13603e-06
-4.78499e-06
-4.4098e-06
-4.02801e-06
-3.52899e-06
-2.91726e-06
-2.24955e-06
-1.68583e-06
-1.2912e-06
-9.7255e-07
-7.34075e-07
-7.54252e-07
-1.19848e-06
-2.0351e-06
-3.06282e-06
-4.05139e-06
-4.77739e-06
-5.18894e-06
-5.40477e-06
-5.55966e-06
-5.52942e-06
-5.34197e-06
-5.05776e-06
-4.64453e-06
-4.2085e-06
-3.91897e-06
-3.78588e-06
-3.78565e-06
-3.92588e-06
-4.16153e-06
-4.38183e-06
-4.52484e-06
-4.73745e-06
-5.19926e-06
-5.82402e-06
-6.21812e-06
-6.21108e-06
-3.32708e-06
-3.00306e-06
-2.71794e-06
-2.4127e-06
-2.06192e-06
-1.71672e-06
-1.37247e-06
-9.30915e-07
-3.78283e-07
2.27165e-07
7.48171e-07
1.15463e-06
1.51042e-06
1.79639e-06
1.80666e-06
1.34947e-06
4.64855e-07
-6.04192e-07
-1.59355e-06
-2.32189e-06
-2.73483e-06
-2.95836e-06
-3.1072e-06
-3.05629e-06
-2.86073e-06
-2.61179e-06
-2.23407e-06
-1.8018e-06
-1.48029e-06
-1.32765e-06
-1.33627e-06
-1.45835e-06
-1.63087e-06
-1.79334e-06
-1.92592e-06
-2.13151e-06
-2.57081e-06
-3.18491e-06
-3.60661e-06
-3.61845e-06
-2.00946e-06
-1.69464e-06
-1.43022e-06
-1.15991e-06
-8.38974e-07
-4.99723e-07
-1.46329e-07
3.02999e-07
8.345e-07
1.40201e-06
1.89311e-06
2.2893e-06
2.66199e-06
2.96127e-06
2.97693e-06
2.50137e-06
1.58296e-06
5.0644e-07
-4.67241e-07
-1.1733e-06
-1.57909e-06
-1.81346e-06
-1.98312e-06
-1.93405e-06
-1.72597e-06
-1.48247e-06
-1.13378e-06
-7.14933e-07
-3.94689e-07
-2.3969e-07
-2.60106e-07
-3.7419e-07
-4.91531e-07
-6.00473e-07
-6.96771e-07
-8.72762e-07
-1.27503e-06
-1.84247e-06
-2.25255e-06
-2.28518e-06
-1.65603e-06
-1.3373e-06
-1.08113e-06
-8.28578e-07
-5.15682e-07
-1.72383e-07
1.91185e-07
6.40145e-07
1.16467e-06
1.72096e-06
2.19913e-06
2.5859e-06
2.95139e-06
3.24183e-06
3.2401e-06
2.7451e-06
1.81827e-06
7.4236e-07
-2.27115e-07
-9.32085e-07
-1.33486e-06
-1.56305e-06
-1.71635e-06
-1.64454e-06
-1.42042e-06
-1.17613e-06
-8.32501e-07
-4.28798e-07
-1.20848e-07
1.96319e-08
-2.13427e-09
-1.08189e-07
-2.18995e-07
-3.24672e-07
-4.16468e-07
-5.76638e-07
-9.53882e-07
-1.50033e-06
-1.9051e-06
-1.93317e-06
-1.21704e-05
-1.21509e-05
-1.21068e-05
-1.20553e-05
-1.19942e-05
-1.19148e-05
-1.1835e-05
-1.17661e-05
-1.16989e-05
-1.16535e-05
-1.1645e-05
-1.16428e-05
-1.16361e-05
-1.16153e-05
-1.15824e-05
-1.15589e-05
-1.15397e-05
-1.15212e-05
-1.15104e-05
-1.15166e-05
-1.1539e-05
-1.15857e-05
-1.16538e-05
-1.17236e-05
-1.17876e-05
-1.18385e-05
-1.18681e-05
-1.19017e-05
-1.19323e-05
-1.19656e-05
-1.20076e-05
-1.20637e-05
-1.21e-05
-1.21223e-05
-1.21286e-05
-1.21352e-05
-1.21352e-05
-1.21323e-05
-1.2152e-05
-1.21743e-05
-1.40787e-05
-1.39978e-05
-1.39281e-05
-1.38462e-05
-1.37652e-05
-1.36819e-05
-1.35827e-05
-1.34883e-05
-1.34146e-05
-1.33572e-05
-1.33328e-05
-1.33205e-05
-1.33028e-05
-1.32928e-05
-1.33002e-05
-1.3327e-05
-1.33581e-05
-1.34088e-05
-1.34669e-05
-1.352e-05
-1.35612e-05
-1.35863e-05
-1.36108e-05
-1.3655e-05
-1.3698e-05
-1.37354e-05
-1.37608e-05
-1.37687e-05
-1.37903e-05
-1.38236e-05
-1.38635e-05
-1.39132e-05
-1.39713e-05
-1.40238e-05
-1.40607e-05
-1.40899e-05
-1.41122e-05
-1.41405e-05
-1.41475e-05
-1.41309e-05
-1.69974e-05
-1.68641e-05
-1.67188e-05
-1.65846e-05
-1.6456e-05
-1.63257e-05
-1.62188e-05
-1.61485e-05
-1.61202e-05
-1.61062e-05
-1.60994e-05
-1.60851e-05
-1.60827e-05
-1.6093e-05
-1.61303e-05
-1.61823e-05
-1.62588e-05
-1.63592e-05
-1.64741e-05
-1.65851e-05
-1.66522e-05
-1.66959e-05
-1.67433e-05
-1.68123e-05
-1.68788e-05
-1.69491e-05
-1.70401e-05
-1.71452e-05
-1.72349e-05
-1.73286e-05
-1.74164e-05
-1.74716e-05
-1.74846e-05
-1.74917e-05
-1.74856e-05
-1.74614e-05
-1.74227e-05
-1.73525e-05
-1.72455e-05
-1.71242e-05
-2.28799e-05
-2.2919e-05
-2.29713e-05
-2.30027e-05
-2.30476e-05
-2.31261e-05
-2.32516e-05
-2.34096e-05
-2.35526e-05
-2.36018e-05
-2.35644e-05
-2.3531e-05
-2.35004e-05
-2.34534e-05
-2.33741e-05
-2.33113e-05
-2.32992e-05
-2.33244e-05
-2.3357e-05
-2.33394e-05
-2.32853e-05
-2.32115e-05
-2.31562e-05
-2.31219e-05
-2.30723e-05
-2.29684e-05
-2.28838e-05
-2.28716e-05
-2.2903e-05
-2.29411e-05
-2.29554e-05
-2.29451e-05
-2.29317e-05
-2.29014e-05
-2.287e-05
-2.28529e-05
-2.28606e-05
-2.29056e-05
-2.29185e-05
-2.28904e-05
-3.00793e-05
-3.02687e-05
-3.04186e-05
-3.05551e-05
-3.06671e-05
-3.07302e-05
-3.07375e-05
-3.07253e-05
-3.06792e-05
-3.05745e-05
-3.04339e-05
-3.03316e-05
-3.02729e-05
-3.02197e-05
-3.01458e-05
-3.00529e-05
-2.9958e-05
-2.98526e-05
-2.97077e-05
-2.95163e-05
-2.93305e-05
-2.91943e-05
-2.90701e-05
-2.89568e-05
-2.88385e-05
-2.8745e-05
-2.87001e-05
-2.86725e-05
-2.86502e-05
-2.862e-05
-2.85915e-05
-2.8572e-05
-2.8595e-05
-2.86785e-05
-2.88163e-05
-2.89954e-05
-2.92052e-05
-2.94187e-05
-2.96233e-05
-2.9849e-05
-3.57322e-05
-3.57558e-05
-3.58148e-05
-3.59025e-05
-3.59734e-05
-3.60076e-05
-3.60143e-05
-3.59954e-05
-3.59083e-05
-3.57457e-05
-3.5542e-05
-3.54127e-05
-3.53589e-05
-3.52903e-05
-3.52123e-05
-3.51216e-05
-3.50853e-05
-3.50726e-05
-3.50116e-05
-3.4904e-05
-3.47738e-05
-3.46736e-05
-3.45906e-05
-3.4518e-05
-3.44739e-05
-3.44886e-05
-3.45373e-05
-3.46013e-05
-3.46873e-05
-3.47839e-05
-3.48847e-05
-3.50113e-05
-3.5158e-05
-3.53089e-05
-3.54303e-05
-3.55376e-05
-3.56343e-05
-3.56883e-05
-3.56882e-05
-3.5707e-05
-3.78385e-05
-3.78035e-05
-3.78886e-05
-3.8004e-05
-3.80864e-05
-3.80897e-05
-3.80562e-05
-3.80794e-05
-3.80631e-05
-3.79095e-05
-3.7726e-05
-3.76351e-05
-3.76249e-05
-3.76658e-05
-3.77316e-05
-3.77978e-05
-3.79061e-05
-3.79849e-05
-3.79746e-05
-3.7907e-05
-3.77948e-05
-3.76295e-05
-3.74624e-05
-3.73311e-05
-3.72474e-05
-3.72417e-05
-3.73145e-05
-3.73909e-05
-3.74791e-05
-3.75605e-05
-3.76201e-05
-3.76983e-05
-3.78005e-05
-3.79136e-05
-3.80264e-05
-3.81437e-05
-3.82073e-05
-3.81916e-05
-3.80974e-05
-3.79521e-05
-3.84036e-05
-3.84201e-05
-3.85685e-05
-3.87343e-05
-3.87729e-05
-3.87037e-05
-3.86145e-05
-3.85558e-05
-3.84355e-05
-3.82236e-05
-3.8041e-05
-3.79297e-05
-3.79228e-05
-3.79722e-05
-3.80167e-05
-3.805e-05
-3.80637e-05
-3.80021e-05
-3.79721e-05
-3.79417e-05
-3.78686e-05
-3.77711e-05
-3.76828e-05
-3.76197e-05
-3.76368e-05
-3.77971e-05
-3.80733e-05
-3.83848e-05
-3.86731e-05
-3.89373e-05
-3.91509e-05
-3.9356e-05
-3.95221e-05
-3.95971e-05
-3.95981e-05
-3.94945e-05
-3.93244e-05
-3.90791e-05
-3.88001e-05
-3.85503e-05
-4.11818e-05
-4.13056e-05
-4.15424e-05
-4.17124e-05
-4.17325e-05
-4.15985e-05
-4.14537e-05
-4.13119e-05
-4.10103e-05
-4.06245e-05
-4.03192e-05
-4.01363e-05
-3.99446e-05
-3.96824e-05
-3.94252e-05
-3.92336e-05
-3.91076e-05
-3.90698e-05
-3.90976e-05
-3.9157e-05
-3.92504e-05
-3.93372e-05
-3.94292e-05
-3.95182e-05
-3.96892e-05
-3.99491e-05
-4.02823e-05
-4.06426e-05
-4.10255e-05
-4.14409e-05
-4.18682e-05
-4.22893e-05
-4.26381e-05
-4.282e-05
-4.27958e-05
-4.25903e-05
-4.2244e-05
-4.18363e-05
-4.1445e-05
-4.12133e-05
-4.31413e-05
-4.34313e-05
-4.36883e-05
-4.37829e-05
-4.36542e-05
-4.33399e-05
-4.29029e-05
-4.23469e-05
-4.16086e-05
-4.08763e-05
-4.03698e-05
-4.01502e-05
-4.00387e-05
-3.99431e-05
-3.9898e-05
-3.99312e-05
-4.00887e-05
-4.03e-05
-4.05532e-05
-4.08153e-05
-4.10646e-05
-4.1271e-05
-4.14363e-05
-4.15256e-05
-4.15322e-05
-4.15552e-05
-4.16727e-05
-4.18617e-05
-4.21167e-05
-4.24303e-05
-4.28311e-05
-4.32269e-05
-4.36062e-05
-4.3839e-05
-4.38823e-05
-4.38046e-05
-4.35776e-05
-4.32865e-05
-4.30523e-05
-4.29887e-05
-4.29871e-05
-4.31564e-05
-4.32635e-05
-4.31758e-05
-4.28664e-05
-4.24136e-05
-4.19027e-05
-4.13001e-05
-4.05909e-05
-3.99541e-05
-3.967e-05
-3.98684e-05
-4.02949e-05
-4.06391e-05
-4.08357e-05
-4.09245e-05
-4.09839e-05
-4.09707e-05
-4.09026e-05
-4.08625e-05
-4.07563e-05
-4.06465e-05
-4.05889e-05
-4.04813e-05
-4.03171e-05
-4.02856e-05
-4.03958e-05
-4.06205e-05
-4.09895e-05
-4.13778e-05
-4.17089e-05
-4.19784e-05
-4.22338e-05
-4.25044e-05
-4.26969e-05
-4.27967e-05
-4.28017e-05
-4.27211e-05
-4.27057e-05
-4.27936e-05
-4.07646e-05
-4.09202e-05
-4.10951e-05
-4.11334e-05
-4.095e-05
-4.06226e-05
-4.02496e-05
-3.98979e-05
-3.95989e-05
-3.95115e-05
-3.97525e-05
-4.02988e-05
-4.08992e-05
-4.12729e-05
-4.14261e-05
-4.13106e-05
-4.09769e-05
-4.06415e-05
-4.03988e-05
-4.01998e-05
-3.99503e-05
-3.95342e-05
-3.90094e-05
-3.85387e-05
-3.8155e-05
-3.80293e-05
-3.81569e-05
-3.84514e-05
-3.87661e-05
-3.89491e-05
-3.90769e-05
-3.934e-05
-3.97209e-05
-4.011e-05
-4.0513e-05
-4.08253e-05
-4.09357e-05
-4.0848e-05
-4.06913e-05
-4.0661e-05
-3.91373e-05
-3.94813e-05
-3.983e-05
-3.99444e-05
-3.97532e-05
-3.94733e-05
-3.92129e-05
-3.89938e-05
-3.88423e-05
-3.89471e-05
-3.93854e-05
-3.99285e-05
-4.03659e-05
-4.06042e-05
-4.05558e-05
-4.0303e-05
-3.99698e-05
-3.97177e-05
-3.96843e-05
-3.97072e-05
-3.94907e-05
-3.8917e-05
-3.82208e-05
-3.75705e-05
-3.70757e-05
-3.67744e-05
-3.6768e-05
-3.69104e-05
-3.70505e-05
-3.71519e-05
-3.74035e-05
-3.79731e-05
-3.86467e-05
-3.9357e-05
-3.99161e-05
-4.01097e-05
-3.98658e-05
-3.94365e-05
-3.91009e-05
-3.89764e-05
-3.77312e-05
-3.7898e-05
-3.79479e-05
-3.77817e-05
-3.74798e-05
-3.71476e-05
-3.68626e-05
-3.66107e-05
-3.65735e-05
-3.67415e-05
-3.7068e-05
-3.73778e-05
-3.75781e-05
-3.76827e-05
-3.77175e-05
-3.76679e-05
-3.76214e-05
-3.77127e-05
-3.80413e-05
-3.8351e-05
-3.82383e-05
-3.76884e-05
-3.69884e-05
-3.63484e-05
-3.57868e-05
-3.53681e-05
-3.51473e-05
-3.50567e-05
-3.50501e-05
-3.52293e-05
-3.57148e-05
-3.64871e-05
-3.74421e-05
-3.83768e-05
-3.89409e-05
-3.89161e-05
-3.83661e-05
-3.77197e-05
-3.74467e-05
-3.7529e-05
-3.45939e-05
-3.42606e-05
-3.39029e-05
-3.35327e-05
-3.32404e-05
-3.30194e-05
-3.28511e-05
-3.27031e-05
-3.26573e-05
-3.28053e-05
-3.30607e-05
-3.33967e-05
-3.36144e-05
-3.37822e-05
-3.38901e-05
-3.38932e-05
-3.41007e-05
-3.45623e-05
-3.51578e-05
-3.56551e-05
-3.56444e-05
-3.51033e-05
-3.43689e-05
-3.36847e-05
-3.31353e-05
-3.28312e-05
-3.26049e-05
-3.23966e-05
-3.22386e-05
-3.22702e-05
-3.26084e-05
-3.32589e-05
-3.4219e-05
-3.53524e-05
-3.62963e-05
-3.65664e-05
-3.62045e-05
-3.55799e-05
-3.51148e-05
-3.48513e-05
-2.96017e-05
-2.90118e-05
-2.85763e-05
-2.83248e-05
-2.82921e-05
-2.83654e-05
-2.85057e-05
-2.86166e-05
-2.85674e-05
-2.84411e-05
-2.83802e-05
-2.83486e-05
-2.83823e-05
-2.85709e-05
-2.87714e-05
-2.89391e-05
-2.93118e-05
-2.99756e-05
-3.06653e-05
-3.12141e-05
-3.13344e-05
-3.10641e-05
-3.06281e-05
-3.01343e-05
-2.981e-05
-2.96448e-05
-2.95233e-05
-2.93129e-05
-2.90348e-05
-2.89812e-05
-2.92189e-05
-2.97415e-05
-3.06145e-05
-3.16645e-05
-3.24845e-05
-3.27266e-05
-3.23495e-05
-3.16299e-05
-3.09634e-05
-3.02661e-05
-2.43952e-05
-2.36995e-05
-2.32789e-05
-2.30392e-05
-2.30398e-05
-2.32684e-05
-2.36973e-05
-2.40894e-05
-2.41227e-05
-2.39225e-05
-2.3688e-05
-2.34925e-05
-2.34146e-05
-2.34829e-05
-2.35782e-05
-2.37027e-05
-2.40718e-05
-2.46864e-05
-2.52907e-05
-2.56877e-05
-2.58185e-05
-2.57795e-05
-2.5631e-05
-2.54678e-05
-2.54088e-05
-2.54181e-05
-2.53983e-05
-2.52963e-05
-2.51099e-05
-2.50494e-05
-2.52553e-05
-2.57628e-05
-2.6574e-05
-2.73446e-05
-2.77976e-05
-2.77837e-05
-2.73094e-05
-2.66701e-05
-2.6024e-05
-2.52562e-05
-1.95352e-05
-1.88568e-05
-1.84784e-05
-1.82937e-05
-1.82855e-05
-1.84843e-05
-1.88511e-05
-1.92054e-05
-1.92927e-05
-1.91463e-05
-1.89227e-05
-1.8641e-05
-1.83121e-05
-1.80005e-05
-1.7801e-05
-1.7774e-05
-1.80577e-05
-1.86094e-05
-1.92036e-05
-1.96078e-05
-1.98286e-05
-1.9955e-05
-1.99933e-05
-2.00451e-05
-2.0107e-05
-2.01611e-05
-2.02453e-05
-2.03853e-05
-2.04507e-05
-2.05003e-05
-2.07105e-05
-2.1307e-05
-2.22653e-05
-2.31189e-05
-2.34389e-05
-2.31536e-05
-2.25309e-05
-2.19321e-05
-2.1331e-05
-2.04782e-05
-1.45568e-05
-1.39555e-05
-1.36613e-05
-1.34796e-05
-1.33795e-05
-1.34601e-05
-1.36585e-05
-1.37597e-05
-1.36374e-05
-1.34751e-05
-1.32926e-05
-1.29623e-05
-1.24336e-05
-1.19262e-05
-1.15951e-05
-1.16077e-05
-1.20562e-05
-1.27219e-05
-1.33812e-05
-1.38768e-05
-1.41808e-05
-1.4366e-05
-1.44928e-05
-1.46469e-05
-1.47583e-05
-1.48326e-05
-1.5056e-05
-1.53942e-05
-1.56292e-05
-1.5807e-05
-1.61304e-05
-1.68435e-05
-1.78799e-05
-1.87825e-05
-1.90989e-05
-1.86478e-05
-1.78074e-05
-1.70626e-05
-1.63388e-05
-1.54416e-05
-9.58257e-06
-8.98118e-06
-8.57162e-06
-8.25467e-06
-8.03504e-06
-7.96945e-06
-8.00425e-06
-7.91723e-06
-7.66444e-06
-7.47304e-06
-7.39664e-06
-7.18205e-06
-6.72462e-06
-6.23431e-06
-5.9278e-06
-6.09914e-06
-6.76351e-06
-7.57799e-06
-8.31839e-06
-8.77236e-06
-8.90148e-06
-8.96016e-06
-9.11008e-06
-9.34066e-06
-9.57283e-06
-9.75933e-06
-1.01406e-05
-1.06222e-05
-1.09987e-05
-1.13267e-05
-1.17835e-05
-1.24685e-05
-1.33354e-05
-1.40603e-05
-1.43109e-05
-1.39446e-05
-1.31461e-05
-1.2305e-05
-1.14262e-05
-1.04643e-05
-5.43146e-06
-4.64454e-06
-4.04278e-06
-3.57291e-06
-3.2712e-06
-3.16315e-06
-3.16991e-06
-3.0643e-06
-2.78221e-06
-2.58249e-06
-2.52684e-06
-2.38391e-06
-2.0101e-06
-1.55402e-06
-1.3087e-06
-1.57675e-06
-2.34824e-06
-3.27112e-06
-4.05484e-06
-4.4273e-06
-4.36246e-06
-4.20804e-06
-4.2853e-06
-4.54676e-06
-4.83536e-06
-5.14356e-06
-5.62684e-06
-6.19306e-06
-6.69815e-06
-7.22306e-06
-7.79506e-06
-8.42602e-06
-9.13618e-06
-9.73721e-06
-1.00101e-05
-9.80367e-06
-9.16192e-06
-8.30931e-06
-7.37714e-06
-6.38175e-06
-2.34136e-06
-1.4291e-06
-6.85012e-07
-1.11713e-07
2.22808e-07
2.93135e-07
1.92801e-07
2.39316e-07
5.03993e-07
7.05292e-07
7.71552e-07
9.36159e-07
1.3246e-06
1.81588e-06
2.08587e-06
1.83079e-06
1.0716e-06
1.04934e-07
-7.19078e-07
-1.0805e-06
-9.49895e-07
-7.16537e-07
-7.57711e-07
-1.05573e-06
-1.42517e-06
-1.80477e-06
-2.27388e-06
-2.77123e-06
-3.27766e-06
-3.8665e-06
-4.48065e-06
-5.08394e-06
-5.78227e-06
-6.42769e-06
-6.77654e-06
-6.64803e-06
-6.09417e-06
-5.34568e-06
-4.43865e-06
-3.40273e-06
-3.59033e-07
6.42051e-07
1.43559e-06
2.03195e-06
2.37937e-06
2.43461e-06
2.29859e-06
2.33433e-06
2.60474e-06
2.79346e-06
2.86086e-06
3.03291e-06
3.44611e-06
3.96884e-06
4.25597e-06
4.01949e-06
3.28838e-06
2.31265e-06
1.45045e-06
1.07813e-06
1.17746e-06
1.34006e-06
1.25484e-06
9.31196e-07
5.34803e-07
1.5036e-07
-2.49293e-07
-6.52754e-07
-1.11571e-06
-1.7016e-06
-2.29199e-06
-2.89817e-06
-3.62607e-06
-4.33919e-06
-4.73669e-06
-4.61918e-06
-4.09463e-06
-3.41785e-06
-2.58681e-06
-1.51564e-06
5.05724e-07
1.54417e-06
2.36991e-06
2.99554e-06
3.35177e-06
3.40409e-06
3.26783e-06
3.3137e-06
3.58995e-06
3.78518e-06
3.85343e-06
4.02217e-06
4.425e-06
4.94947e-06
5.235e-06
5.00181e-06
4.26465e-06
3.26479e-06
2.38685e-06
2.0035e-06
2.07132e-06
2.20632e-06
2.10145e-06
1.77199e-06
1.38093e-06
1.02545e-06
6.79555e-07
3.09595e-07
-1.6528e-07
-7.68058e-07
-1.36951e-06
-1.97404e-06
-2.70476e-06
-3.42449e-06
-3.82675e-06
-3.71272e-06
-3.18462e-06
-2.53385e-06
-1.74347e-06
-6.78224e-07
7.16353e-07
1.76966e-06
2.60466e-06
3.23252e-06
3.58797e-06
3.63791e-06
3.50461e-06
3.54971e-06
3.81983e-06
4.00556e-06
4.07276e-06
4.24005e-06
4.63444e-06
5.14146e-06
5.41299e-06
5.16631e-06
4.41732e-06
3.41856e-06
2.54695e-06
2.17492e-06
2.25253e-06
2.39482e-06
2.29444e-06
1.96536e-06
1.56984e-06
1.20871e-06
8.61891e-07
4.92759e-07
2.0631e-08
-5.73075e-07
-1.1683e-06
-1.77817e-06
-2.51882e-06
-3.24366e-06
-3.64525e-06
-3.53038e-06
-3.00754e-06
-2.36391e-06
-1.56924e-06
-4.8885e-07
-1.19535e-05
-1.19303e-05
-1.18859e-05
-1.18209e-05
-1.17393e-05
-1.16484e-05
-1.15555e-05
-1.1464e-05
-1.13803e-05
-1.13177e-05
-1.12791e-05
-1.12493e-05
-1.12234e-05
-1.11849e-05
-1.11493e-05
-1.1139e-05
-1.11325e-05
-1.11259e-05
-1.11312e-05
-1.11526e-05
-1.11867e-05
-1.12244e-05
-1.12757e-05
-1.13343e-05
-1.13953e-05
-1.14524e-05
-1.15002e-05
-1.15507e-05
-1.16032e-05
-1.16589e-05
-1.17131e-05
-1.17622e-05
-1.18076e-05
-1.18332e-05
-1.1859e-05
-1.18775e-05
-1.18837e-05
-1.18886e-05
-1.19216e-05
-1.19493e-05
-1.46918e-05
-1.46496e-05
-1.45952e-05
-1.45169e-05
-1.44135e-05
-1.42822e-05
-1.41369e-05
-1.40034e-05
-1.38902e-05
-1.38028e-05
-1.37363e-05
-1.36802e-05
-1.3631e-05
-1.35914e-05
-1.35807e-05
-1.35738e-05
-1.35805e-05
-1.36174e-05
-1.36749e-05
-1.37329e-05
-1.37712e-05
-1.37885e-05
-1.38121e-05
-1.38638e-05
-1.39123e-05
-1.39316e-05
-1.39352e-05
-1.39398e-05
-1.39591e-05
-1.40022e-05
-1.40782e-05
-1.41653e-05
-1.42619e-05
-1.43594e-05
-1.44385e-05
-1.45165e-05
-1.46023e-05
-1.46757e-05
-1.47087e-05
-1.47136e-05
-1.84084e-05
-1.8425e-05
-1.84086e-05
-1.8353e-05
-1.82552e-05
-1.81413e-05
-1.80339e-05
-1.79396e-05
-1.78682e-05
-1.78313e-05
-1.77921e-05
-1.77341e-05
-1.76876e-05
-1.76571e-05
-1.76373e-05
-1.7644e-05
-1.76821e-05
-1.7763e-05
-1.7841e-05
-1.78874e-05
-1.79e-05
-1.79454e-05
-1.80118e-05
-1.80637e-05
-1.8109e-05
-1.81657e-05
-1.81972e-05
-1.8217e-05
-1.82718e-05
-1.83188e-05
-1.83631e-05
-1.84123e-05
-1.84388e-05
-1.84361e-05
-1.84359e-05
-1.8452e-05
-1.84517e-05
-1.84298e-05
-1.83979e-05
-1.83869e-05
-2.43076e-05
-2.41894e-05
-2.40833e-05
-2.39654e-05
-2.38479e-05
-2.37702e-05
-2.37345e-05
-2.3718e-05
-2.36885e-05
-2.36419e-05
-2.35561e-05
-2.34959e-05
-2.34582e-05
-2.34329e-05
-2.3432e-05
-2.34797e-05
-2.35575e-05
-2.36247e-05
-2.36598e-05
-2.36762e-05
-2.36899e-05
-2.37138e-05
-2.37286e-05
-2.3735e-05
-2.37319e-05
-2.37581e-05
-2.38219e-05
-2.38931e-05
-2.39796e-05
-2.40793e-05
-2.4195e-05
-2.43345e-05
-2.44484e-05
-2.45274e-05
-2.45811e-05
-2.46002e-05
-2.46067e-05
-2.45883e-05
-2.4531e-05
-2.4433e-05
-2.9338e-05
-2.93445e-05
-2.93408e-05
-2.93433e-05
-2.93332e-05
-2.93109e-05
-2.92793e-05
-2.92059e-05
-2.9018e-05
-2.87348e-05
-2.84763e-05
-2.82834e-05
-2.81501e-05
-2.80501e-05
-2.79841e-05
-2.79761e-05
-2.7993e-05
-2.79847e-05
-2.79292e-05
-2.78437e-05
-2.77595e-05
-2.76891e-05
-2.76506e-05
-2.76122e-05
-2.75696e-05
-2.75372e-05
-2.7541e-05
-2.76104e-05
-2.77694e-05
-2.79999e-05
-2.82421e-05
-2.84592e-05
-2.86485e-05
-2.88135e-05
-2.89474e-05
-2.90464e-05
-2.91442e-05
-2.92267e-05
-2.92919e-05
-2.93236e-05
-3.49465e-05
-3.47948e-05
-3.46292e-05
-3.44705e-05
-3.43185e-05
-3.41818e-05
-3.40789e-05
-3.39791e-05
-3.37923e-05
-3.35043e-05
-3.31946e-05
-3.29033e-05
-3.26259e-05
-3.2334e-05
-3.20592e-05
-3.1815e-05
-3.16531e-05
-3.16004e-05
-3.16345e-05
-3.16933e-05
-3.17766e-05
-3.18874e-05
-3.20281e-05
-3.21932e-05
-3.24019e-05
-3.26551e-05
-3.2968e-05
-3.33033e-05
-3.36638e-05
-3.4009e-05
-3.43231e-05
-3.45987e-05
-3.48179e-05
-3.49694e-05
-3.50656e-05
-3.51173e-05
-3.51378e-05
-3.51478e-05
-3.51349e-05
-3.50546e-05
-3.71928e-05
-3.7017e-05
-3.68523e-05
-3.66809e-05
-3.65029e-05
-3.62854e-05
-3.60377e-05
-3.58589e-05
-3.57125e-05
-3.55199e-05
-3.52626e-05
-3.49952e-05
-3.47935e-05
-3.46129e-05
-3.44843e-05
-3.43723e-05
-3.43285e-05
-3.43837e-05
-3.45034e-05
-3.46496e-05
-3.48181e-05
-3.50262e-05
-3.52184e-05
-3.53799e-05
-3.5585e-05
-3.58171e-05
-3.60838e-05
-3.63894e-05
-3.67229e-05
-3.7063e-05
-3.73548e-05
-3.76014e-05
-3.77888e-05
-3.79037e-05
-3.79541e-05
-3.79436e-05
-3.78743e-05
-3.77639e-05
-3.7605e-05
-3.73992e-05
-3.73638e-05
-3.72188e-05
-3.71207e-05
-3.70369e-05
-3.6893e-05
-3.66625e-05
-3.64597e-05
-3.63656e-05
-3.62702e-05
-3.60567e-05
-3.57393e-05
-3.54558e-05
-3.5212e-05
-3.50407e-05
-3.49287e-05
-3.48854e-05
-3.48837e-05
-3.49207e-05
-3.5021e-05
-3.52201e-05
-3.54253e-05
-3.55558e-05
-3.56179e-05
-3.56699e-05
-3.57729e-05
-3.59633e-05
-3.63014e-05
-3.67119e-05
-3.71928e-05
-3.76421e-05
-3.80562e-05
-3.84343e-05
-3.87202e-05
-3.8898e-05
-3.89458e-05
-3.87865e-05
-3.84935e-05
-3.81847e-05
-3.78833e-05
-3.75998e-05
-4.02673e-05
-4.0175e-05
-4.01294e-05
-4.0114e-05
-4.00159e-05
-3.97799e-05
-3.95151e-05
-3.92671e-05
-3.8911e-05
-3.84938e-05
-3.812e-05
-3.77619e-05
-3.73516e-05
-3.69816e-05
-3.67505e-05
-3.66104e-05
-3.65279e-05
-3.66189e-05
-3.69136e-05
-3.7328e-05
-3.77531e-05
-3.80783e-05
-3.83099e-05
-3.84454e-05
-3.85205e-05
-3.86256e-05
-3.87931e-05
-3.90553e-05
-3.93587e-05
-3.96768e-05
-4.00033e-05
-4.03622e-05
-4.07483e-05
-4.11299e-05
-4.13576e-05
-4.1394e-05
-4.12916e-05
-4.10594e-05
-4.07258e-05
-4.04504e-05
-4.2958e-05
-4.30035e-05
-4.30458e-05
-4.30137e-05
-4.28641e-05
-4.25377e-05
-4.21232e-05
-4.17046e-05
-4.12465e-05
-4.07523e-05
-4.0255e-05
-3.97911e-05
-3.93145e-05
-3.88826e-05
-3.8606e-05
-3.84747e-05
-3.84993e-05
-3.86697e-05
-3.89682e-05
-3.93107e-05
-3.95979e-05
-3.976e-05
-3.97498e-05
-3.96789e-05
-3.9618e-05
-3.96402e-05
-3.98332e-05
-4.01062e-05
-4.03901e-05
-4.07507e-05
-4.11674e-05
-4.16249e-05
-4.22028e-05
-4.27376e-05
-4.31069e-05
-4.3273e-05
-4.3355e-05
-4.33256e-05
-4.31389e-05
-4.29848e-05
-4.2706e-05
-4.27333e-05
-4.28427e-05
-4.28754e-05
-4.26627e-05
-4.22733e-05
-4.18317e-05
-4.13761e-05
-4.09933e-05
-4.05939e-05
-4.01863e-05
-3.97996e-05
-3.94569e-05
-3.92197e-05
-3.9104e-05
-3.90794e-05
-3.91641e-05
-3.93698e-05
-3.96456e-05
-3.98338e-05
-3.98893e-05
-3.97949e-05
-3.96585e-05
-3.95812e-05
-3.96512e-05
-3.99228e-05
-4.03276e-05
-4.07538e-05
-4.11116e-05
-4.13971e-05
-4.16467e-05
-4.1944e-05
-4.23324e-05
-4.27836e-05
-4.31926e-05
-4.34684e-05
-4.357e-05
-4.34096e-05
-4.30788e-05
-4.28333e-05
-4.13804e-05
-4.12961e-05
-4.13753e-05
-4.14646e-05
-4.14253e-05
-4.12711e-05
-4.09689e-05
-4.05671e-05
-4.01263e-05
-3.97659e-05
-3.95359e-05
-3.93273e-05
-3.91257e-05
-3.90245e-05
-3.90056e-05
-3.89175e-05
-3.88065e-05
-3.88226e-05
-3.89907e-05
-3.91465e-05
-3.91555e-05
-3.9052e-05
-3.89129e-05
-3.88426e-05
-3.8956e-05
-3.93769e-05
-4.0007e-05
-4.06294e-05
-4.11661e-05
-4.15663e-05
-4.18397e-05
-4.21308e-05
-4.24303e-05
-4.2786e-05
-4.31927e-05
-4.34968e-05
-4.34567e-05
-4.29396e-05
-4.22545e-05
-4.16705e-05
-4.014e-05
-4.03261e-05
-4.06748e-05
-4.09185e-05
-4.09346e-05
-4.07641e-05
-4.04959e-05
-4.01769e-05
-3.98392e-05
-3.95572e-05
-3.94022e-05
-3.93042e-05
-3.91955e-05
-3.90952e-05
-3.89659e-05
-3.86422e-05
-3.81487e-05
-3.78148e-05
-3.76914e-05
-3.77372e-05
-3.77603e-05
-3.77383e-05
-3.76778e-05
-3.7706e-05
-3.80365e-05
-3.86608e-05
-3.95112e-05
-4.03926e-05
-4.11766e-05
-4.17902e-05
-4.22736e-05
-4.27099e-05
-4.30867e-05
-4.34451e-05
-4.37202e-05
-4.36491e-05
-4.30115e-05
-4.1983e-05
-4.09873e-05
-4.03732e-05
-4.01131e-05
-4.04195e-05
-4.07964e-05
-4.10235e-05
-4.09981e-05
-4.06601e-05
-4.00782e-05
-3.94883e-05
-3.90472e-05
-3.86645e-05
-3.83086e-05
-3.79079e-05
-3.7483e-05
-3.70881e-05
-3.67263e-05
-3.63119e-05
-3.58811e-05
-3.55877e-05
-3.55834e-05
-3.58311e-05
-3.61457e-05
-3.6399e-05
-3.66519e-05
-3.70653e-05
-3.78564e-05
-3.88992e-05
-3.99416e-05
-4.07434e-05
-4.12196e-05
-4.15203e-05
-4.18001e-05
-4.21088e-05
-4.23373e-05
-4.25241e-05
-4.26646e-05
-4.24185e-05
-4.16972e-05
-4.08401e-05
-4.02717e-05
-4.00413e-05
-3.82946e-05
-3.86815e-05
-3.8984e-05
-3.91116e-05
-3.89887e-05
-3.85149e-05
-3.78352e-05
-3.713e-05
-3.6536e-05
-3.60422e-05
-3.55326e-05
-3.48856e-05
-3.4224e-05
-3.37092e-05
-3.32845e-05
-3.29439e-05
-3.28023e-05
-3.29571e-05
-3.34709e-05
-3.41141e-05
-3.47054e-05
-3.52727e-05
-3.59215e-05
-3.67239e-05
-3.77605e-05
-3.89335e-05
-3.98629e-05
-4.02542e-05
-4.01732e-05
-4.00715e-05
-4.00759e-05
-4.02197e-05
-4.04187e-05
-4.0659e-05
-4.07824e-05
-4.05029e-05
-3.97152e-05
-3.88537e-05
-3.83012e-05
-3.81117e-05
-3.4121e-05
-3.44882e-05
-3.49551e-05
-3.5328e-05
-3.54941e-05
-3.52445e-05
-3.45652e-05
-3.37138e-05
-3.28826e-05
-3.21575e-05
-3.13038e-05
-3.03752e-05
-2.95857e-05
-2.90381e-05
-2.87461e-05
-2.86244e-05
-2.87709e-05
-2.92781e-05
-3.00413e-05
-3.07484e-05
-3.13518e-05
-3.20654e-05
-3.29676e-05
-3.39908e-05
-3.50889e-05
-3.61297e-05
-3.6773e-05
-3.68596e-05
-3.66014e-05
-3.63969e-05
-3.64194e-05
-3.65874e-05
-3.70091e-05
-3.74426e-05
-3.76331e-05
-3.72991e-05
-3.63868e-05
-3.53399e-05
-3.45325e-05
-3.41062e-05
-2.88848e-05
-2.92472e-05
-2.98987e-05
-3.05749e-05
-3.1026e-05
-3.0974e-05
-3.02937e-05
-2.91978e-05
-2.79569e-05
-2.68881e-05
-2.58581e-05
-2.48221e-05
-2.39706e-05
-2.35292e-05
-2.34081e-05
-2.33615e-05
-2.3554e-05
-2.40178e-05
-2.46237e-05
-2.51768e-05
-2.57084e-05
-2.65147e-05
-2.76295e-05
-2.87911e-05
-2.98012e-05
-3.0667e-05
-3.1238e-05
-3.14012e-05
-3.13103e-05
-3.12076e-05
-3.12353e-05
-3.14367e-05
-3.19727e-05
-3.26239e-05
-3.29004e-05
-3.24892e-05
-3.14903e-05
-3.03922e-05
-2.94951e-05
-2.8957e-05
-2.37573e-05
-2.40592e-05
-2.45764e-05
-2.50972e-05
-2.54428e-05
-2.54343e-05
-2.48276e-05
-2.37217e-05
-2.24893e-05
-2.14108e-05
-2.03954e-05
-1.93708e-05
-1.85346e-05
-1.8036e-05
-1.77652e-05
-1.75606e-05
-1.7558e-05
-1.78023e-05
-1.81077e-05
-1.84032e-05
-1.89145e-05
-1.98586e-05
-2.11347e-05
-2.2429e-05
-2.35686e-05
-2.45286e-05
-2.52297e-05
-2.56436e-05
-2.58715e-05
-2.59968e-05
-2.61114e-05
-2.63042e-05
-2.6765e-05
-2.72843e-05
-2.74419e-05
-2.69508e-05
-2.60019e-05
-2.507e-05
-2.43726e-05
-2.39127e-05
-1.93226e-05
-1.92862e-05
-1.94666e-05
-1.96392e-05
-1.95972e-05
-1.93333e-05
-1.86912e-05
-1.77161e-05
-1.67528e-05
-1.59163e-05
-1.50947e-05
-1.4258e-05
-1.34888e-05
-1.29248e-05
-1.25389e-05
-1.22873e-05
-1.22226e-05
-1.22722e-05
-1.23799e-05
-1.25345e-05
-1.28852e-05
-1.36718e-05
-1.48365e-05
-1.60922e-05
-1.73231e-05
-1.84135e-05
-1.92841e-05
-2.00181e-05
-2.06116e-05
-2.10799e-05
-2.14428e-05
-2.17386e-05
-2.2127e-05
-2.24883e-05
-2.24447e-05
-2.18877e-05
-2.11075e-05
-2.03895e-05
-1.99197e-05
-1.95739e-05
-1.49976e-05
-1.46778e-05
-1.4518e-05
-1.4342e-05
-1.39856e-05
-1.34752e-05
-1.27105e-05
-1.18548e-05
-1.1137e-05
-1.05114e-05
-9.84258e-06
-9.14606e-06
-8.5357e-06
-8.07893e-06
-7.80433e-06
-7.71255e-06
-7.75976e-06
-7.82784e-06
-7.88526e-06
-7.88505e-06
-8.03816e-06
-8.57032e-06
-9.4546e-06
-1.05453e-05
-1.17836e-05
-1.29964e-05
-1.40843e-05
-1.50627e-05
-1.59438e-05
-1.66594e-05
-1.72266e-05
-1.76924e-05
-1.8173e-05
-1.85361e-05
-1.83935e-05
-1.76945e-05
-1.68534e-05
-1.62369e-05
-1.5794e-05
-1.53934e-05
-1.06645e-05
-1.02128e-05
-9.8954e-06
-9.5904e-06
-9.10714e-06
-8.45139e-06
-7.60157e-06
-6.7155e-06
-6.01652e-06
-5.46631e-06
-4.91802e-06
-4.40353e-06
-3.98998e-06
-3.71651e-06
-3.60709e-06
-3.68759e-06
-3.85239e-06
-3.96226e-06
-4.00921e-06
-3.94723e-06
-3.99141e-06
-4.37823e-06
-5.08506e-06
-6.07701e-06
-7.30663e-06
-8.59615e-06
-9.81812e-06
-1.09772e-05
-1.20504e-05
-1.29436e-05
-1.3634e-05
-1.4164e-05
-1.4629e-05
-1.49634e-05
-1.4793e-05
-1.39252e-05
-1.28568e-05
-1.20723e-05
-1.15705e-05
-1.11357e-05
-6.83657e-06
-6.38755e-06
-6.03042e-06
-5.72756e-06
-5.32833e-06
-4.75723e-06
-3.90449e-06
-2.91467e-06
-2.0692e-06
-1.46742e-06
-9.89787e-07
-6.21205e-07
-4.04425e-07
-3.07297e-07
-3.33927e-07
-4.9831e-07
-7.16485e-07
-8.76662e-07
-9.47739e-07
-9.06148e-07
-9.52684e-07
-1.31176e-06
-1.98552e-06
-2.93415e-06
-4.12346e-06
-5.37199e-06
-6.59124e-06
-7.79653e-06
-8.95964e-06
-9.94082e-06
-1.07085e-05
-1.12745e-05
-1.17129e-05
-1.19744e-05
-1.17182e-05
-1.0739e-05
-9.42815e-06
-8.34956e-06
-7.68873e-06
-7.26482e-06
-4.06813e-06
-3.63259e-06
-3.29264e-06
-3.04484e-06
-2.7328e-06
-2.27555e-06
-1.52209e-06
-5.54515e-07
3.40926e-07
1.01028e-06
1.51408e-06
1.8223e-06
1.92522e-06
1.89465e-06
1.77469e-06
1.55844e-06
1.30237e-06
1.10381e-06
9.97139e-07
9.94589e-07
8.97745e-07
5.00579e-07
-2.02154e-07
-1.16455e-06
-2.31121e-06
-3.47762e-06
-4.60835e-06
-5.75664e-06
-6.90616e-06
-7.9211e-06
-8.71836e-06
-9.28047e-06
-9.68823e-06
-9.90361e-06
-9.59583e-06
-8.59208e-06
-7.20191e-06
-5.94453e-06
-5.0772e-06
-4.53194e-06
-2.77529e-06
-2.30433e-06
-1.9755e-06
-1.75744e-06
-1.48987e-06
-1.07553e-06
-3.71508e-07
5.4438e-07
1.40759e-06
2.08707e-06
2.59391e-06
2.89493e-06
2.97966e-06
2.90005e-06
2.712e-06
2.45413e-06
2.17402e-06
1.95723e-06
1.83056e-06
1.80282e-06
1.67718e-06
1.25309e-06
5.31856e-07
-4.33614e-07
-1.56469e-06
-2.69129e-06
-3.77591e-06
-4.88709e-06
-6.03738e-06
-7.06389e-06
-7.85964e-06
-8.40434e-06
-8.8037e-06
-9.01332e-06
-8.6987e-06
-7.70165e-06
-6.32036e-06
-5.01032e-06
-4.0143e-06
-3.32853e-06
-2.57884e-06
-2.09465e-06
-1.76122e-06
-1.55285e-06
-1.29445e-06
-8.76638e-07
-1.66624e-07
7.43567e-07
1.5997e-06
2.26649e-06
2.76893e-06
3.07115e-06
3.14372e-06
3.04684e-06
2.85274e-06
2.59324e-06
2.31405e-06
2.09251e-06
1.95575e-06
1.91239e-06
1.77708e-06
1.34875e-06
6.26869e-07
-3.36067e-07
-1.46194e-06
-2.59107e-06
-3.67847e-06
-4.79858e-06
-5.95888e-06
-6.99118e-06
-7.79082e-06
-8.34479e-06
-8.75049e-06
-8.95545e-06
-8.6337e-06
-7.62725e-06
-6.23362e-06
-4.9055e-06
-3.88074e-06
-3.16162e-06
-1.19118e-05
-1.19065e-05
-1.18718e-05
-1.18173e-05
-1.1745e-05
-1.16659e-05
-1.15769e-05
-1.14978e-05
-1.14209e-05
-1.13614e-05
-1.13145e-05
-1.12834e-05
-1.1264e-05
-1.12472e-05
-1.12235e-05
-1.11858e-05
-1.1146e-05
-1.11143e-05
-1.10992e-05
-1.10927e-05
-1.10987e-05
-1.11168e-05
-1.11525e-05
-1.12072e-05
-1.12626e-05
-1.13114e-05
-1.13666e-05
-1.14263e-05
-1.1493e-05
-1.15568e-05
-1.1621e-05
-1.16796e-05
-1.17411e-05
-1.17865e-05
-1.18171e-05
-1.1848e-05
-1.1868e-05
-1.18897e-05
-1.19035e-05
-1.19084e-05
-1.49209e-05
-1.49046e-05
-1.48754e-05
-1.48233e-05
-1.47297e-05
-1.46076e-05
-1.44727e-05
-1.43503e-05
-1.42504e-05
-1.41743e-05
-1.41185e-05
-1.4074e-05
-1.40338e-05
-1.40079e-05
-1.40058e-05
-1.40285e-05
-1.40507e-05
-1.40774e-05
-1.41339e-05
-1.4191e-05
-1.42345e-05
-1.42731e-05
-1.43244e-05
-1.43693e-05
-1.43964e-05
-1.43962e-05
-1.44014e-05
-1.4433e-05
-1.44786e-05
-1.45312e-05
-1.45983e-05
-1.46899e-05
-1.47705e-05
-1.48274e-05
-1.48639e-05
-1.48873e-05
-1.49186e-05
-1.49315e-05
-1.49415e-05
-1.49351e-05
-1.91177e-05
-1.90479e-05
-1.89593e-05
-1.88602e-05
-1.87286e-05
-1.85692e-05
-1.84083e-05
-1.82665e-05
-1.81778e-05
-1.81229e-05
-1.80599e-05
-1.79718e-05
-1.78884e-05
-1.78399e-05
-1.78102e-05
-1.78174e-05
-1.78785e-05
-1.79625e-05
-1.80506e-05
-1.81187e-05
-1.82002e-05
-1.8287e-05
-1.83764e-05
-1.84466e-05
-1.85047e-05
-1.85551e-05
-1.86179e-05
-1.87057e-05
-1.88083e-05
-1.89535e-05
-1.9116e-05
-1.92508e-05
-1.93544e-05
-1.94259e-05
-1.94615e-05
-1.94703e-05
-1.94153e-05
-1.93295e-05
-1.92432e-05
-1.9181e-05
-2.27914e-05
-2.27326e-05
-2.26602e-05
-2.25676e-05
-2.24581e-05
-2.23329e-05
-2.22126e-05
-2.2132e-05
-2.21196e-05
-2.21505e-05
-2.21763e-05
-2.2173e-05
-2.21403e-05
-2.21101e-05
-2.21057e-05
-2.21409e-05
-2.21987e-05
-2.22774e-05
-2.23322e-05
-2.23727e-05
-2.23974e-05
-2.24345e-05
-2.24816e-05
-2.25102e-05
-2.25236e-05
-2.25357e-05
-2.25529e-05
-2.26102e-05
-2.27037e-05
-2.2827e-05
-2.29749e-05
-2.31054e-05
-2.31853e-05
-2.32282e-05
-2.32172e-05
-2.31744e-05
-2.31233e-05
-2.3053e-05
-2.29716e-05
-2.28757e-05
-2.61578e-05
-2.61768e-05
-2.61833e-05
-2.61448e-05
-2.60868e-05
-2.59904e-05
-2.58643e-05
-2.57342e-05
-2.55506e-05
-2.53059e-05
-2.50858e-05
-2.49049e-05
-2.47826e-05
-2.47094e-05
-2.46691e-05
-2.46355e-05
-2.45986e-05
-2.45636e-05
-2.45558e-05
-2.45846e-05
-2.46418e-05
-2.46959e-05
-2.47375e-05
-2.47775e-05
-2.48143e-05
-2.48674e-05
-2.49722e-05
-2.51276e-05
-2.53049e-05
-2.55206e-05
-2.57358e-05
-2.59046e-05
-2.60038e-05
-2.6063e-05
-2.61007e-05
-2.61343e-05
-2.61499e-05
-2.61501e-05
-2.61525e-05
-2.6152e-05
-3.0421e-05
-3.03752e-05
-3.02619e-05
-3.0069e-05
-2.9801e-05
-2.94797e-05
-2.91415e-05
-2.88163e-05
-2.85052e-05
-2.81984e-05
-2.79138e-05
-2.76981e-05
-2.7535e-05
-2.74272e-05
-2.7334e-05
-2.72639e-05
-2.7213e-05
-2.71953e-05
-2.71966e-05
-2.72187e-05
-2.72772e-05
-2.73933e-05
-2.75227e-05
-2.76259e-05
-2.77327e-05
-2.78874e-05
-2.80888e-05
-2.83732e-05
-2.87277e-05
-2.90836e-05
-2.93794e-05
-2.95943e-05
-2.97512e-05
-2.98508e-05
-2.99402e-05
-3.00393e-05
-3.01755e-05
-3.03111e-05
-3.04026e-05
-3.04359e-05
-3.35411e-05
-3.33444e-05
-3.30984e-05
-3.28399e-05
-3.25667e-05
-3.22472e-05
-3.19168e-05
-3.16306e-05
-3.13175e-05
-3.09463e-05
-3.06141e-05
-3.03909e-05
-3.02087e-05
-3.00396e-05
-2.98913e-05
-2.98073e-05
-2.97877e-05
-2.9821e-05
-2.98751e-05
-2.99405e-05
-3.00015e-05
-3.00751e-05
-3.01052e-05
-3.01143e-05
-3.0141e-05
-3.02504e-05
-3.04654e-05
-3.08461e-05
-3.13338e-05
-3.18345e-05
-3.22862e-05
-3.26255e-05
-3.29042e-05
-3.31452e-05
-3.33295e-05
-3.34833e-05
-3.36236e-05
-3.37372e-05
-3.37763e-05
-3.36947e-05
-3.46134e-05
-3.43222e-05
-3.39743e-05
-3.36396e-05
-3.33442e-05
-3.30006e-05
-3.26685e-05
-3.23919e-05
-3.20836e-05
-3.16661e-05
-3.12678e-05
-3.0943e-05
-3.07027e-05
-3.05234e-05
-3.04408e-05
-3.04555e-05
-3.05853e-05
-3.07724e-05
-3.09527e-05
-3.11867e-05
-3.14599e-05
-3.16265e-05
-3.16629e-05
-3.1683e-05
-3.1724e-05
-3.18751e-05
-3.21537e-05
-3.25968e-05
-3.31456e-05
-3.36571e-05
-3.40525e-05
-3.43749e-05
-3.46298e-05
-3.48048e-05
-3.49091e-05
-3.49604e-05
-3.50018e-05
-3.5018e-05
-3.49497e-05
-3.48147e-05
-3.70753e-05
-3.68765e-05
-3.66344e-05
-3.63663e-05
-3.59752e-05
-3.54569e-05
-3.49374e-05
-3.44705e-05
-3.39754e-05
-3.34277e-05
-3.2901e-05
-3.24734e-05
-3.21381e-05
-3.18988e-05
-3.18137e-05
-3.18426e-05
-3.19941e-05
-3.22729e-05
-3.2566e-05
-3.2888e-05
-3.32255e-05
-3.34886e-05
-3.36787e-05
-3.38387e-05
-3.39813e-05
-3.41758e-05
-3.44944e-05
-3.48793e-05
-3.53318e-05
-3.57199e-05
-3.60446e-05
-3.63279e-05
-3.6585e-05
-3.68652e-05
-3.71224e-05
-3.73026e-05
-3.74537e-05
-3.74967e-05
-3.73978e-05
-3.72429e-05
-3.91968e-05
-3.91957e-05
-3.91409e-05
-3.89467e-05
-3.85758e-05
-3.8034e-05
-3.74164e-05
-3.68119e-05
-3.62074e-05
-3.56717e-05
-3.52186e-05
-3.48566e-05
-3.45275e-05
-3.42832e-05
-3.41452e-05
-3.41195e-05
-3.42166e-05
-3.44842e-05
-3.4854e-05
-3.5232e-05
-3.55034e-05
-3.56106e-05
-3.55957e-05
-3.55758e-05
-3.56022e-05
-3.57119e-05
-3.59431e-05
-3.62457e-05
-3.66626e-05
-3.71408e-05
-3.76178e-05
-3.80152e-05
-3.84467e-05
-3.88658e-05
-3.91695e-05
-3.94066e-05
-3.95374e-05
-3.95377e-05
-3.94017e-05
-3.92549e-05
-3.99923e-05
-4.00265e-05
-4.0145e-05
-4.02068e-05
-4.0049e-05
-3.96522e-05
-3.91031e-05
-3.85552e-05
-3.79577e-05
-3.72843e-05
-3.65869e-05
-3.58858e-05
-3.52518e-05
-3.47925e-05
-3.44979e-05
-3.4371e-05
-3.44196e-05
-3.46631e-05
-3.50669e-05
-3.5515e-05
-3.57907e-05
-3.57953e-05
-3.55876e-05
-3.54001e-05
-3.53482e-05
-3.54661e-05
-3.5763e-05
-3.61503e-05
-3.66505e-05
-3.73263e-05
-3.80179e-05
-3.8699e-05
-3.93945e-05
-4.00716e-05
-4.05209e-05
-4.07599e-05
-4.08016e-05
-4.05949e-05
-4.03236e-05
-4.00936e-05
-4.06976e-05
-4.08795e-05
-4.11439e-05
-4.13521e-05
-4.13042e-05
-4.10332e-05
-4.06444e-05
-4.01268e-05
-3.94504e-05
-3.86432e-05
-3.77728e-05
-3.68558e-05
-3.59578e-05
-3.5164e-05
-3.45765e-05
-3.42338e-05
-3.41542e-05
-3.4299e-05
-3.46559e-05
-3.51094e-05
-3.54607e-05
-3.54748e-05
-3.53026e-05
-3.51397e-05
-3.51697e-05
-3.549e-05
-3.59809e-05
-3.65176e-05
-3.71799e-05
-3.80518e-05
-3.89145e-05
-3.98013e-05
-4.07539e-05
-4.15572e-05
-4.20282e-05
-4.21479e-05
-4.19909e-05
-4.15838e-05
-4.10836e-05
-4.07762e-05
-4.05204e-05
-4.08575e-05
-4.13559e-05
-4.18206e-05
-4.20491e-05
-4.19566e-05
-4.16518e-05
-4.10856e-05
-4.01786e-05
-3.9095e-05
-3.80546e-05
-3.70474e-05
-3.60455e-05
-3.50694e-05
-3.42886e-05
-3.36885e-05
-3.33747e-05
-3.34034e-05
-3.36221e-05
-3.3911e-05
-3.4142e-05
-3.42484e-05
-3.43553e-05
-3.46547e-05
-3.51906e-05
-3.60696e-05
-3.71131e-05
-3.81703e-05
-3.91886e-05
-4.00835e-05
-4.07756e-05
-4.14069e-05
-4.21749e-05
-4.26938e-05
-4.28039e-05
-4.25034e-05
-4.19498e-05
-4.13023e-05
-4.072e-05
-4.04456e-05
-3.99409e-05
-4.04415e-05
-4.10946e-05
-4.1597e-05
-4.17087e-05
-4.142e-05
-4.08505e-05
-4.00719e-05
-3.90478e-05
-3.79204e-05
-3.69382e-05
-3.60396e-05
-3.51539e-05
-3.4251e-05
-3.33843e-05
-3.26414e-05
-3.22955e-05
-3.23186e-05
-3.24657e-05
-3.25425e-05
-3.2538e-05
-3.25375e-05
-3.26381e-05
-3.31396e-05
-3.41777e-05
-3.55598e-05
-3.69836e-05
-3.83172e-05
-3.94649e-05
-4.02837e-05
-4.07539e-05
-4.12176e-05
-4.17403e-05
-4.20231e-05
-4.19094e-05
-4.14713e-05
-4.08494e-05
-4.01943e-05
-3.97522e-05
-3.96923e-05
-3.88193e-05
-3.92302e-05
-3.96004e-05
-3.98034e-05
-3.96125e-05
-3.90641e-05
-3.83131e-05
-3.74505e-05
-3.64778e-05
-3.55367e-05
-3.48513e-05
-3.42617e-05
-3.36753e-05
-3.29687e-05
-3.21003e-05
-3.14637e-05
-3.12909e-05
-3.14137e-05
-3.15428e-05
-3.15041e-05
-3.13078e-05
-3.1067e-05
-3.10616e-05
-3.15723e-05
-3.26813e-05
-3.4078e-05
-3.53679e-05
-3.65263e-05
-3.74489e-05
-3.80215e-05
-3.84751e-05
-3.9119e-05
-3.97554e-05
-4.01174e-05
-4.01733e-05
-3.99028e-05
-3.93428e-05
-3.87001e-05
-3.8398e-05
-3.84896e-05
-3.53802e-05
-3.56656e-05
-3.57075e-05
-3.56773e-05
-3.55071e-05
-3.50728e-05
-3.4395e-05
-3.35679e-05
-3.25913e-05
-3.17966e-05
-3.12917e-05
-3.08355e-05
-3.0345e-05
-2.9719e-05
-2.89762e-05
-2.84382e-05
-2.84302e-05
-2.85935e-05
-2.86568e-05
-2.85752e-05
-2.83588e-05
-2.81487e-05
-2.82981e-05
-2.90034e-05
-3.01161e-05
-3.14153e-05
-3.25721e-05
-3.35891e-05
-3.44295e-05
-3.49855e-05
-3.55405e-05
-3.62822e-05
-3.69541e-05
-3.73307e-05
-3.73965e-05
-3.70872e-05
-3.61956e-05
-3.52522e-05
-3.48325e-05
-3.49469e-05
-2.99854e-05
-3.02869e-05
-3.03782e-05
-3.03486e-05
-3.02787e-05
-3.00326e-05
-2.94935e-05
-2.85701e-05
-2.74863e-05
-2.66287e-05
-2.61178e-05
-2.5719e-05
-2.52826e-05
-2.4667e-05
-2.39011e-05
-2.3431e-05
-2.34669e-05
-2.36799e-05
-2.38054e-05
-2.3791e-05
-2.37453e-05
-2.38965e-05
-2.44553e-05
-2.54344e-05
-2.65608e-05
-2.77032e-05
-2.87439e-05
-2.96445e-05
-3.03815e-05
-3.08902e-05
-3.13949e-05
-3.2071e-05
-3.27123e-05
-3.31255e-05
-3.33068e-05
-3.28858e-05
-3.17114e-05
-3.04585e-05
-2.97399e-05
-2.96673e-05
-2.40855e-05
-2.42212e-05
-2.42193e-05
-2.40737e-05
-2.38326e-05
-2.35129e-05
-2.30432e-05
-2.2214e-05
-2.12463e-05
-2.05352e-05
-2.01643e-05
-1.99831e-05
-1.97946e-05
-1.92635e-05
-1.85921e-05
-1.82303e-05
-1.82832e-05
-1.84582e-05
-1.85085e-05
-1.85298e-05
-1.86751e-05
-1.92032e-05
-2.01151e-05
-2.11295e-05
-2.20122e-05
-2.27817e-05
-2.34972e-05
-2.41062e-05
-2.46421e-05
-2.50821e-05
-2.55696e-05
-2.61898e-05
-2.68858e-05
-2.74958e-05
-2.78132e-05
-2.74399e-05
-2.63507e-05
-2.51551e-05
-2.43335e-05
-2.40193e-05
-1.81417e-05
-1.80506e-05
-1.79629e-05
-1.76958e-05
-1.71803e-05
-1.66633e-05
-1.62016e-05
-1.55421e-05
-1.48269e-05
-1.43666e-05
-1.42984e-05
-1.44747e-05
-1.45479e-05
-1.41796e-05
-1.36651e-05
-1.33466e-05
-1.32638e-05
-1.32231e-05
-1.31617e-05
-1.31346e-05
-1.33133e-05
-1.38548e-05
-1.46993e-05
-1.5561e-05
-1.6296e-05
-1.69612e-05
-1.75041e-05
-1.79483e-05
-1.83978e-05
-1.88674e-05
-1.93788e-05
-2.00165e-05
-2.07987e-05
-2.15059e-05
-2.18124e-05
-2.13774e-05
-2.04004e-05
-1.94505e-05
-1.87418e-05
-1.83297e-05
-1.25118e-05
-1.23753e-05
-1.23301e-05
-1.21049e-05
-1.15992e-05
-1.1029e-05
-1.05456e-05
-9.99749e-06
-9.49098e-06
-9.25726e-06
-9.37734e-06
-9.68241e-06
-9.80196e-06
-9.54087e-06
-9.11828e-06
-8.69874e-06
-8.37608e-06
-8.14197e-06
-8.00459e-06
-7.96043e-06
-8.08112e-06
-8.47917e-06
-9.04803e-06
-9.69015e-06
-1.03314e-05
-1.10221e-05
-1.16247e-05
-1.20875e-05
-1.26224e-05
-1.325e-05
-1.39213e-05
-1.47151e-05
-1.56239e-05
-1.63714e-05
-1.66029e-05
-1.60203e-05
-1.4971e-05
-1.39939e-05
-1.32223e-05
-1.27813e-05
-7.80917e-06
-7.70728e-06
-7.71129e-06
-7.5687e-06
-7.22851e-06
-6.82969e-06
-6.45709e-06
-6.00354e-06
-5.60781e-06
-5.49176e-06
-5.61624e-06
-5.80114e-06
-5.81614e-06
-5.52035e-06
-5.10875e-06
-4.69723e-06
-4.29979e-06
-3.96333e-06
-3.77684e-06
-3.71444e-06
-3.83992e-06
-4.14056e-06
-4.53141e-06
-4.96986e-06
-5.46409e-06
-6.09604e-06
-6.70107e-06
-7.1846e-06
-7.76398e-06
-8.51742e-06
-9.36023e-06
-1.03631e-05
-1.14519e-05
-1.22892e-05
-1.24577e-05
-1.17591e-05
-1.06372e-05
-9.53999e-06
-8.69327e-06
-8.1469e-06
-4.61319e-06
-4.47308e-06
-4.52709e-06
-4.49414e-06
-4.27846e-06
-4.05663e-06
-3.84978e-06
-3.48229e-06
-3.09327e-06
-2.90148e-06
-2.89575e-06
-2.93496e-06
-2.82786e-06
-2.45873e-06
-2.0539e-06
-1.67519e-06
-1.26947e-06
-9.11888e-07
-7.19033e-07
-7.00001e-07
-8.66945e-07
-1.16548e-06
-1.47094e-06
-1.73447e-06
-2.08117e-06
-2.66917e-06
-3.29155e-06
-3.79228e-06
-4.36117e-06
-5.10528e-06
-6.01431e-06
-7.15428e-06
-8.36901e-06
-9.32416e-06
-9.52293e-06
-8.81595e-06
-7.69286e-06
-6.58179e-06
-5.68276e-06
-5.0417e-06
-2.69103e-06
-2.52042e-06
-2.64659e-06
-2.73039e-06
-2.62434e-06
-2.44957e-06
-2.27589e-06
-1.94131e-06
-1.52737e-06
-1.25149e-06
-1.14593e-06
-1.11088e-06
-9.62663e-07
-6.15925e-07
-2.51025e-07
9.3673e-08
5.0768e-07
9.11272e-07
1.11694e-06
1.1376e-06
9.68211e-07
6.45938e-07
3.50465e-07
1.46011e-07
-1.48011e-07
-7.36214e-07
-1.41596e-06
-1.94984e-06
-2.50094e-06
-3.22554e-06
-4.12063e-06
-5.24006e-06
-6.47581e-06
-7.48043e-06
-7.75401e-06
-7.10491e-06
-6.03861e-06
-4.92349e-06
-3.94707e-06
-3.21463e-06
-1.8191e-06
-1.63688e-06
-1.77559e-06
-1.91934e-06
-1.86326e-06
-1.69673e-06
-1.5061e-06
-1.16327e-06
-7.47267e-07
-4.56162e-07
-3.38794e-07
-2.71763e-07
-1.10605e-07
2.11132e-07
5.2949e-07
8.42395e-07
1.27573e-06
1.72008e-06
1.96694e-06
2.01256e-06
1.84462e-06
1.49121e-06
1.16445e-06
9.4826e-07
6.5013e-07
4.09624e-08
-6.64189e-07
-1.21328e-06
-1.7658e-06
-2.48401e-06
-3.36242e-06
-4.46024e-06
-5.68516e-06
-6.69727e-06
-7.00422e-06
-6.39806e-06
-5.34449e-06
-4.20435e-06
-3.17975e-06
-2.38352e-06
-1.6786e-06
-1.49785e-06
-1.64989e-06
-1.80245e-06
-1.74434e-06
-1.56435e-06
-1.35294e-06
-1.0028e-06
-5.8374e-07
-2.95105e-07
-1.66138e-07
-8.79799e-08
7.02401e-08
3.8215e-07
6.97717e-07
1.02363e-06
1.47552e-06
1.93523e-06
2.1868e-06
2.22957e-06
2.04772e-06
1.68151e-06
1.34105e-06
1.10781e-06
7.91049e-07
1.73669e-07
-5.29494e-07
-1.0825e-06
-1.64141e-06
-2.36952e-06
-3.25873e-06
-4.37295e-06
-5.60937e-06
-6.62706e-06
-6.93707e-06
-6.32745e-06
-5.2562e-06
-4.0947e-06
-3.04783e-06
-2.24242e-06
-1.19266e-05
-1.19434e-05
-1.19532e-05
-1.1947e-05
-1.19171e-05
-1.18624e-05
-1.17885e-05
-1.17164e-05
-1.16566e-05
-1.1612e-05
-1.15837e-05
-1.15502e-05
-1.15093e-05
-1.14681e-05
-1.14281e-05
-1.1394e-05
-1.1345e-05
-1.13e-05
-1.1258e-05
-1.12306e-05
-1.121e-05
-1.11993e-05
-1.12078e-05
-1.1241e-05
-1.12782e-05
-1.13067e-05
-1.13358e-05
-1.1381e-05
-1.14199e-05
-1.14682e-05
-1.15121e-05
-1.15595e-05
-1.15986e-05
-1.1633e-05
-1.16759e-05
-1.17155e-05
-1.175e-05
-1.17964e-05
-1.18499e-05
-1.18943e-05
-1.49119e-05
-1.48611e-05
-1.48098e-05
-1.47562e-05
-1.46721e-05
-1.45531e-05
-1.44183e-05
-1.42725e-05
-1.41353e-05
-1.40113e-05
-1.39108e-05
-1.3827e-05
-1.37518e-05
-1.36878e-05
-1.36447e-05
-1.36144e-05
-1.36175e-05
-1.36413e-05
-1.36802e-05
-1.3726e-05
-1.37866e-05
-1.38572e-05
-1.39299e-05
-1.40034e-05
-1.4056e-05
-1.41017e-05
-1.41633e-05
-1.424e-05
-1.43362e-05
-1.44203e-05
-1.4509e-05
-1.46101e-05
-1.47003e-05
-1.47689e-05
-1.48304e-05
-1.48757e-05
-1.49236e-05
-1.49586e-05
-1.49653e-05
-1.49534e-05
-1.85695e-05
-1.85201e-05
-1.84491e-05
-1.83455e-05
-1.82123e-05
-1.80349e-05
-1.78463e-05
-1.76852e-05
-1.75392e-05
-1.74093e-05
-1.72872e-05
-1.71729e-05
-1.70453e-05
-1.69432e-05
-1.6873e-05
-1.68399e-05
-1.68425e-05
-1.68697e-05
-1.69254e-05
-1.70093e-05
-1.70858e-05
-1.71699e-05
-1.72719e-05
-1.73587e-05
-1.74323e-05
-1.75176e-05
-1.76378e-05
-1.77887e-05
-1.79558e-05
-1.81138e-05
-1.82578e-05
-1.83831e-05
-1.84768e-05
-1.85588e-05
-1.86359e-05
-1.86929e-05
-1.87259e-05
-1.87213e-05
-1.86884e-05
-1.86287e-05
-2.07646e-05
-2.07445e-05
-2.07049e-05
-2.06082e-05
-2.04529e-05
-2.02624e-05
-2.00759e-05
-1.99447e-05
-1.9875e-05
-1.98268e-05
-1.97854e-05
-1.97273e-05
-1.96433e-05
-1.95437e-05
-1.94734e-05
-1.94365e-05
-1.94233e-05
-1.94395e-05
-1.946e-05
-1.94802e-05
-1.9541e-05
-1.96109e-05
-1.96522e-05
-1.96626e-05
-1.96763e-05
-1.9719e-05
-1.97971e-05
-1.99045e-05
-2.00483e-05
-2.0214e-05
-2.03588e-05
-2.04808e-05
-2.05754e-05
-2.06474e-05
-2.07178e-05
-2.07937e-05
-2.08525e-05
-2.08691e-05
-2.08387e-05
-2.07894e-05
-2.4089e-05
-2.40979e-05
-2.40592e-05
-2.39462e-05
-2.37605e-05
-2.3515e-05
-2.32217e-05
-2.29538e-05
-2.27227e-05
-2.24822e-05
-2.22528e-05
-2.20629e-05
-2.19074e-05
-2.1768e-05
-2.16838e-05
-2.16297e-05
-2.15894e-05
-2.1567e-05
-2.15595e-05
-2.15628e-05
-2.16158e-05
-2.17173e-05
-2.18266e-05
-2.19241e-05
-2.20206e-05
-2.21182e-05
-2.22595e-05
-2.24474e-05
-2.26675e-05
-2.29078e-05
-2.31057e-05
-2.32832e-05
-2.34403e-05
-2.35481e-05
-2.36539e-05
-2.37709e-05
-2.38569e-05
-2.39191e-05
-2.39758e-05
-2.4044e-05
-2.64708e-05
-2.65163e-05
-2.64653e-05
-2.63528e-05
-2.62346e-05
-2.61057e-05
-2.59538e-05
-2.57965e-05
-2.55997e-05
-2.53503e-05
-2.50825e-05
-2.4813e-05
-2.45662e-05
-2.43944e-05
-2.42882e-05
-2.41633e-05
-2.40592e-05
-2.39921e-05
-2.40061e-05
-2.40687e-05
-2.4202e-05
-2.43607e-05
-2.44916e-05
-2.45684e-05
-2.45775e-05
-2.45812e-05
-2.46124e-05
-2.46872e-05
-2.48226e-05
-2.50273e-05
-2.52232e-05
-2.53935e-05
-2.55328e-05
-2.56488e-05
-2.57184e-05
-2.57855e-05
-2.58954e-05
-2.60583e-05
-2.62159e-05
-2.63546e-05
-2.85988e-05
-2.87456e-05
-2.88019e-05
-2.87563e-05
-2.86498e-05
-2.85059e-05
-2.83537e-05
-2.82036e-05
-2.80308e-05
-2.78061e-05
-2.75531e-05
-2.73002e-05
-2.70594e-05
-2.68401e-05
-2.66461e-05
-2.64711e-05
-2.63643e-05
-2.63105e-05
-2.62563e-05
-2.62853e-05
-2.64366e-05
-2.66594e-05
-2.68341e-05
-2.69029e-05
-2.69002e-05
-2.68876e-05
-2.69077e-05
-2.69859e-05
-2.7132e-05
-2.72857e-05
-2.73966e-05
-2.74676e-05
-2.75104e-05
-2.75731e-05
-2.76341e-05
-2.77064e-05
-2.78323e-05
-2.7976e-05
-2.81611e-05
-2.83908e-05
-3.12866e-05
-3.12483e-05
-3.11239e-05
-3.10269e-05
-3.09516e-05
-3.08162e-05
-3.06152e-05
-3.03806e-05
-3.00361e-05
-2.95686e-05
-2.91107e-05
-2.87395e-05
-2.84019e-05
-2.80784e-05
-2.77854e-05
-2.75798e-05
-2.74857e-05
-2.74875e-05
-2.74856e-05
-2.75558e-05
-2.77387e-05
-2.80172e-05
-2.83044e-05
-2.84664e-05
-2.84957e-05
-2.84889e-05
-2.85615e-05
-2.87092e-05
-2.88877e-05
-2.91152e-05
-2.93482e-05
-2.9511e-05
-2.96668e-05
-2.98789e-05
-3.01201e-05
-3.03975e-05
-3.06508e-05
-3.08741e-05
-3.10671e-05
-3.12167e-05
-3.45476e-05
-3.42822e-05
-3.40326e-05
-3.38617e-05
-3.37611e-05
-3.36666e-05
-3.3521e-05
-3.32917e-05
-3.2927e-05
-3.24217e-05
-3.18517e-05
-3.12555e-05
-3.06921e-05
-3.0193e-05
-2.97867e-05
-2.95251e-05
-2.93626e-05
-2.93108e-05
-2.93378e-05
-2.94317e-05
-2.96509e-05
-2.99884e-05
-3.03709e-05
-3.07523e-05
-3.10951e-05
-3.14146e-05
-3.17288e-05
-3.20491e-05
-3.23753e-05
-3.27057e-05
-3.30445e-05
-3.3367e-05
-3.36639e-05
-3.39785e-05
-3.4294e-05
-3.46058e-05
-3.48635e-05
-3.49711e-05
-3.49451e-05
-3.47947e-05
-3.65612e-05
-3.63716e-05
-3.62681e-05
-3.62548e-05
-3.62327e-05
-3.61631e-05
-3.60077e-05
-3.57185e-05
-3.53144e-05
-3.48419e-05
-3.43342e-05
-3.38024e-05
-3.32238e-05
-3.27247e-05
-3.23319e-05
-3.20052e-05
-3.1793e-05
-3.17066e-05
-3.17132e-05
-3.18133e-05
-3.19952e-05
-3.23245e-05
-3.27293e-05
-3.318e-05
-3.36168e-05
-3.40504e-05
-3.44603e-05
-3.4779e-05
-3.50436e-05
-3.53304e-05
-3.56736e-05
-3.59644e-05
-3.62255e-05
-3.64892e-05
-3.67436e-05
-3.69802e-05
-3.71267e-05
-3.71404e-05
-3.70408e-05
-3.68044e-05
-3.77233e-05
-3.76226e-05
-3.75995e-05
-3.75573e-05
-3.74381e-05
-3.71967e-05
-3.68686e-05
-3.64327e-05
-3.59179e-05
-3.53833e-05
-3.48064e-05
-3.41381e-05
-3.34345e-05
-3.28156e-05
-3.24149e-05
-3.2077e-05
-3.18232e-05
-3.17323e-05
-3.17979e-05
-3.1965e-05
-3.22121e-05
-3.25245e-05
-3.2913e-05
-3.33353e-05
-3.38141e-05
-3.43349e-05
-3.48405e-05
-3.52662e-05
-3.55818e-05
-3.59633e-05
-3.6421e-05
-3.68581e-05
-3.72542e-05
-3.75881e-05
-3.78322e-05
-3.80072e-05
-3.8134e-05
-3.8157e-05
-3.80414e-05
-3.78827e-05
-3.74048e-05
-3.72571e-05
-3.70771e-05
-3.68416e-05
-3.65052e-05
-3.60419e-05
-3.55771e-05
-3.50843e-05
-3.45504e-05
-3.40066e-05
-3.34054e-05
-3.26534e-05
-3.18e-05
-3.10878e-05
-3.05584e-05
-3.01167e-05
-2.97913e-05
-2.96493e-05
-2.96037e-05
-2.9748e-05
-3.00792e-05
-3.05548e-05
-3.11621e-05
-3.18489e-05
-3.26037e-05
-3.33559e-05
-3.40363e-05
-3.45639e-05
-3.50422e-05
-3.56184e-05
-3.61544e-05
-3.664e-05
-3.71375e-05
-3.74886e-05
-3.77124e-05
-3.78741e-05
-3.7943e-05
-3.78986e-05
-3.77728e-05
-3.76073e-05
-3.61071e-05
-3.60439e-05
-3.58013e-05
-3.53888e-05
-3.48646e-05
-3.42831e-05
-3.37703e-05
-3.33318e-05
-3.28153e-05
-3.21908e-05
-3.14846e-05
-3.06969e-05
-2.98198e-05
-2.89878e-05
-2.82426e-05
-2.76844e-05
-2.74003e-05
-2.73037e-05
-2.73283e-05
-2.7546e-05
-2.80376e-05
-2.87381e-05
-2.95709e-05
-3.04691e-05
-3.1406e-05
-3.22503e-05
-3.29361e-05
-3.34295e-05
-3.39515e-05
-3.45444e-05
-3.49353e-05
-3.52983e-05
-3.56569e-05
-3.59117e-05
-3.60743e-05
-3.61863e-05
-3.62532e-05
-3.62028e-05
-3.61574e-05
-3.61368e-05
-3.46942e-05
-3.45871e-05
-3.43409e-05
-3.38569e-05
-3.31845e-05
-3.24824e-05
-3.18787e-05
-3.13895e-05
-3.09685e-05
-3.05488e-05
-3.00184e-05
-2.93105e-05
-2.84869e-05
-2.76517e-05
-2.68439e-05
-2.62048e-05
-2.59043e-05
-2.58905e-05
-2.61003e-05
-2.64929e-05
-2.6971e-05
-2.75564e-05
-2.82422e-05
-2.89602e-05
-2.97712e-05
-3.04693e-05
-3.09278e-05
-3.12108e-05
-3.16109e-05
-3.21341e-05
-3.2517e-05
-3.2837e-05
-3.32348e-05
-3.35542e-05
-3.37897e-05
-3.4064e-05
-3.43486e-05
-3.45432e-05
-3.46441e-05
-3.47023e-05
-3.24517e-05
-3.22968e-05
-3.20938e-05
-3.17312e-05
-3.12375e-05
-3.06881e-05
-3.01622e-05
-2.97354e-05
-2.94957e-05
-2.92704e-05
-2.88478e-05
-2.81387e-05
-2.72532e-05
-2.63881e-05
-2.55121e-05
-2.4792e-05
-2.44224e-05
-2.44107e-05
-2.45309e-05
-2.47391e-05
-2.49545e-05
-2.52765e-05
-2.57441e-05
-2.63983e-05
-2.70416e-05
-2.74642e-05
-2.76726e-05
-2.78509e-05
-2.83078e-05
-2.88749e-05
-2.93052e-05
-2.97525e-05
-3.02449e-05
-3.07356e-05
-3.11759e-05
-3.16742e-05
-3.21826e-05
-3.25047e-05
-3.26126e-05
-3.257e-05
-2.82702e-05
-2.80931e-05
-2.8024e-05
-2.8012e-05
-2.79867e-05
-2.78394e-05
-2.76376e-05
-2.73594e-05
-2.70879e-05
-2.68022e-05
-2.62921e-05
-2.54763e-05
-2.4524e-05
-2.35729e-05
-2.26805e-05
-2.20928e-05
-2.19207e-05
-2.18958e-05
-2.18195e-05
-2.17476e-05
-2.18135e-05
-2.21446e-05
-2.2631e-05
-2.31633e-05
-2.34928e-05
-2.35987e-05
-2.36569e-05
-2.39407e-05
-2.45282e-05
-2.50926e-05
-2.55254e-05
-2.60254e-05
-2.66249e-05
-2.72707e-05
-2.78728e-05
-2.83883e-05
-2.87745e-05
-2.89242e-05
-2.8809e-05
-2.85455e-05
-2.30556e-05
-2.26536e-05
-2.25961e-05
-2.27667e-05
-2.30184e-05
-2.32965e-05
-2.34249e-05
-2.32993e-05
-2.30027e-05
-2.2673e-05
-2.21795e-05
-2.1437e-05
-2.05445e-05
-1.95952e-05
-1.87545e-05
-1.83529e-05
-1.83452e-05
-1.83572e-05
-1.82004e-05
-1.80668e-05
-1.81306e-05
-1.84936e-05
-1.89704e-05
-1.92547e-05
-1.92445e-05
-1.9257e-05
-1.94949e-05
-1.99685e-05
-2.05741e-05
-2.10684e-05
-2.13576e-05
-2.17346e-05
-2.23125e-05
-2.30222e-05
-2.36437e-05
-2.40227e-05
-2.42559e-05
-2.42815e-05
-2.40459e-05
-2.35976e-05
-1.76778e-05
-1.70902e-05
-1.69229e-05
-1.69905e-05
-1.71371e-05
-1.74047e-05
-1.76832e-05
-1.77594e-05
-1.76314e-05
-1.73933e-05
-1.69802e-05
-1.64124e-05
-1.56904e-05
-1.49476e-05
-1.44016e-05
-1.43255e-05
-1.45327e-05
-1.46205e-05
-1.44393e-05
-1.42159e-05
-1.42071e-05
-1.44009e-05
-1.46761e-05
-1.47293e-05
-1.45169e-05
-1.4466e-05
-1.47282e-05
-1.51915e-05
-1.56641e-05
-1.60747e-05
-1.63885e-05
-1.67708e-05
-1.73743e-05
-1.80806e-05
-1.86382e-05
-1.89345e-05
-1.90468e-05
-1.90537e-05
-1.8863e-05
-1.83983e-05
-1.23798e-05
-1.18254e-05
-1.16019e-05
-1.15636e-05
-1.16133e-05
-1.17821e-05
-1.20633e-05
-1.21777e-05
-1.20683e-05
-1.17875e-05
-1.13561e-05
-1.08558e-05
-1.0338e-05
-9.96445e-06
-9.85533e-06
-1.00305e-05
-1.02947e-05
-1.03752e-05
-1.02375e-05
-1.0087e-05
-9.99004e-06
-9.95086e-06
-9.90189e-06
-9.66338e-06
-9.26955e-06
-9.07159e-06
-9.17857e-06
-9.46775e-06
-9.82145e-06
-1.02579e-05
-1.08275e-05
-1.15362e-05
-1.23422e-05
-1.31377e-05
-1.36711e-05
-1.38597e-05
-1.37522e-05
-1.36037e-05
-1.34231e-05
-1.30033e-05
-6.77464e-06
-6.34152e-06
-6.17453e-06
-6.1759e-06
-6.30976e-06
-6.60495e-06
-6.98304e-06
-7.20809e-06
-7.135e-06
-6.8032e-06
-6.29794e-06
-5.72367e-06
-5.20084e-06
-4.85851e-06
-4.90222e-06
-5.20872e-06
-5.46187e-06
-5.52636e-06
-5.46768e-06
-5.43362e-06
-5.42811e-06
-5.4e-06
-5.21819e-06
-4.79722e-06
-4.21917e-06
-3.81704e-06
-3.72591e-06
-3.8408e-06
-4.08628e-06
-4.48698e-06
-5.19756e-06
-6.20123e-06
-7.29752e-06
-8.24629e-06
-8.76648e-06
-8.85034e-06
-8.53552e-06
-8.11517e-06
-7.74224e-06
-7.30818e-06
-1.34225e-06
-1.02301e-06
-9.77476e-07
-1.18126e-06
-1.55086e-06
-2.09454e-06
-2.67403e-06
-3.00466e-06
-2.98497e-06
-2.69881e-06
-2.16104e-06
-1.44834e-06
-7.49571e-07
-3.0724e-07
-3.03961e-07
-6.0214e-07
-8.68279e-07
-9.86627e-07
-9.98272e-07
-1.05331e-06
-1.11402e-06
-1.11065e-06
-9.23738e-07
-4.33894e-07
2.30418e-07
7.03385e-07
8.30117e-07
7.45424e-07
5.41481e-07
1.37733e-07
-5.9972e-07
-1.65519e-06
-2.83476e-06
-3.85239e-06
-4.38849e-06
-4.27705e-06
-3.64944e-06
-2.93163e-06
-2.29571e-06
-1.77882e-06
2.79169e-06
3.02057e-06
2.96618e-06
2.64205e-06
2.11834e-06
1.46543e-06
8.37848e-07
4.74415e-07
4.18999e-07
6.24473e-07
1.12656e-06
1.85641e-06
2.60554e-06
3.06336e-06
3.07717e-06
2.78978e-06
2.52978e-06
2.3888e-06
2.34154e-06
2.27318e-06
2.18913e-06
2.16408e-06
2.38638e-06
2.94338e-06
3.66147e-06
4.14529e-06
4.24704e-06
4.14072e-06
3.90019e-06
3.42577e-06
2.63948e-06
1.57506e-06
4.55379e-07
-5.15477e-07
-1.0269e-06
-7.71454e-07
9.03363e-08
1.03635e-06
1.82697e-06
2.39009e-06
5.21074e-06
5.4134e-06
5.33761e-06
4.97514e-06
4.41165e-06
3.7558e-06
3.15306e-06
2.76361e-06
2.66278e-06
2.81215e-06
3.23649e-06
3.89549e-06
4.60152e-06
5.01339e-06
4.99953e-06
4.78377e-06
4.61111e-06
4.49021e-06
4.40324e-06
4.26193e-06
4.12184e-06
4.06124e-06
4.31454e-06
4.94766e-06
5.72208e-06
6.21947e-06
6.30774e-06
6.18832e-06
5.92822e-06
5.45261e-06
4.68553e-06
3.67408e-06
2.60004e-06
1.62793e-06
1.0661e-06
1.29618e-06
2.18629e-06
3.24329e-06
4.17092e-06
4.80453e-06
6.25605e-06
6.45061e-06
6.37622e-06
6.02228e-06
5.469e-06
4.83032e-06
4.23078e-06
3.83032e-06
3.69366e-06
3.78493e-06
4.16141e-06
4.77613e-06
5.44989e-06
5.8617e-06
5.87088e-06
5.71803e-06
5.62526e-06
5.5599e-06
5.47593e-06
5.30884e-06
5.11353e-06
4.99571e-06
5.19705e-06
5.82053e-06
6.61537e-06
7.11081e-06
7.17699e-06
7.03926e-06
6.78595e-06
6.33961e-06
5.62539e-06
4.65974e-06
3.60005e-06
2.61867e-06
2.01086e-06
2.18691e-06
3.06701e-06
4.16019e-06
5.14654e-06
5.83118e-06
6.51573e-06
6.7139e-06
6.64016e-06
6.29086e-06
5.74148e-06
5.09878e-06
4.49228e-06
4.08348e-06
3.93965e-06
4.03214e-06
4.40805e-06
5.01601e-06
5.68831e-06
6.10668e-06
6.13203e-06
6.01792e-06
5.97602e-06
5.93367e-06
5.8434e-06
5.65678e-06
5.44845e-06
5.31259e-06
5.5018e-06
6.12106e-06
6.91431e-06
7.40083e-06
7.45073e-06
7.29879e-06
7.04174e-06
6.6003e-06
5.88392e-06
4.91018e-06
3.84854e-06
2.86991e-06
2.26473e-06
2.43822e-06
3.31583e-06
4.41422e-06
5.40414e-06
6.08992e-06
-1.26836e-05
-1.27306e-05
-1.27599e-05
-1.27697e-05
-1.27515e-05
-1.26897e-05
-1.25974e-05
-1.24836e-05
-1.23842e-05
-1.22961e-05
-1.22032e-05
-1.21121e-05
-1.20282e-05
-1.19544e-05
-1.18971e-05
-1.18493e-05
-1.18069e-05
-1.17713e-05
-1.17391e-05
-1.17208e-05
-1.17153e-05
-1.17203e-05
-1.17627e-05
-1.18176e-05
-1.18694e-05
-1.19057e-05
-1.19446e-05
-1.20001e-05
-1.20537e-05
-1.20974e-05
-1.21331e-05
-1.21587e-05
-1.21817e-05
-1.22252e-05
-1.22764e-05
-1.23399e-05
-1.24116e-05
-1.24836e-05
-1.2561e-05
-1.26276e-05
-1.5806e-05
-1.57753e-05
-1.57443e-05
-1.5714e-05
-1.56667e-05
-1.55708e-05
-1.5452e-05
-1.53064e-05
-1.51627e-05
-1.50106e-05
-1.48604e-05
-1.47322e-05
-1.46263e-05
-1.45546e-05
-1.45211e-05
-1.45054e-05
-1.45048e-05
-1.45248e-05
-1.45363e-05
-1.45667e-05
-1.45982e-05
-1.46267e-05
-1.46689e-05
-1.47161e-05
-1.47436e-05
-1.47733e-05
-1.48352e-05
-1.49198e-05
-1.50071e-05
-1.51181e-05
-1.52411e-05
-1.53593e-05
-1.54624e-05
-1.55408e-05
-1.5618e-05
-1.56975e-05
-1.57721e-05
-1.58206e-05
-1.58338e-05
-1.58284e-05
-1.95007e-05
-1.95374e-05
-1.95498e-05
-1.95272e-05
-1.94495e-05
-1.93293e-05
-1.91831e-05
-1.90139e-05
-1.88283e-05
-1.86577e-05
-1.85046e-05
-1.83461e-05
-1.81855e-05
-1.80438e-05
-1.79258e-05
-1.7838e-05
-1.77815e-05
-1.77466e-05
-1.77206e-05
-1.7736e-05
-1.77743e-05
-1.78106e-05
-1.78443e-05
-1.78811e-05
-1.78986e-05
-1.79096e-05
-1.79602e-05
-1.8055e-05
-1.8184e-05
-1.833e-05
-1.84867e-05
-1.86326e-05
-1.87774e-05
-1.89091e-05
-1.90435e-05
-1.91709e-05
-1.92752e-05
-1.93587e-05
-1.94057e-05
-1.94528e-05
-2.1089e-05
-2.10472e-05
-2.09748e-05
-2.08656e-05
-2.0697e-05
-2.04749e-05
-2.02462e-05
-2.00338e-05
-1.98478e-05
-1.96578e-05
-1.94577e-05
-1.92554e-05
-1.90631e-05
-1.89076e-05
-1.87883e-05
-1.86965e-05
-1.86316e-05
-1.86013e-05
-1.86338e-05
-1.87038e-05
-1.88176e-05
-1.89443e-05
-1.90642e-05
-1.91815e-05
-1.92733e-05
-1.93693e-05
-1.94879e-05
-1.96542e-05
-1.9863e-05
-2.01128e-05
-2.03527e-05
-2.05677e-05
-2.07457e-05
-2.08982e-05
-2.10258e-05
-2.11329e-05
-2.12089e-05
-2.12173e-05
-2.11782e-05
-2.11293e-05
-2.27939e-05
-2.2771e-05
-2.27091e-05
-2.2577e-05
-2.24001e-05
-2.22002e-05
-2.19957e-05
-2.1773e-05
-2.15452e-05
-2.13347e-05
-2.11081e-05
-2.08857e-05
-2.06987e-05
-2.05616e-05
-2.04494e-05
-2.03639e-05
-2.02882e-05
-2.02472e-05
-2.02658e-05
-2.03251e-05
-2.04487e-05
-2.06323e-05
-2.08559e-05
-2.10428e-05
-2.11885e-05
-2.12977e-05
-2.14079e-05
-2.15363e-05
-2.16908e-05
-2.18581e-05
-2.20716e-05
-2.2274e-05
-2.24542e-05
-2.26094e-05
-2.27239e-05
-2.27912e-05
-2.28123e-05
-2.28145e-05
-2.27986e-05
-2.27964e-05
-2.45724e-05
-2.46162e-05
-2.45581e-05
-2.44629e-05
-2.43995e-05
-2.43472e-05
-2.42523e-05
-2.41222e-05
-2.3962e-05
-2.37718e-05
-2.35715e-05
-2.34001e-05
-2.32411e-05
-2.31246e-05
-2.30527e-05
-2.30039e-05
-2.29611e-05
-2.2942e-05
-2.29435e-05
-2.2994e-05
-2.30791e-05
-2.3182e-05
-2.33017e-05
-2.33581e-05
-2.33554e-05
-2.32952e-05
-2.32135e-05
-2.31414e-05
-2.31354e-05
-2.3201e-05
-2.33235e-05
-2.34675e-05
-2.3638e-05
-2.38114e-05
-2.39523e-05
-2.40394e-05
-2.41096e-05
-2.41943e-05
-2.42964e-05
-2.44394e-05
-2.59032e-05
-2.57862e-05
-2.56026e-05
-2.54478e-05
-2.53431e-05
-2.52236e-05
-2.50631e-05
-2.49318e-05
-2.48382e-05
-2.47714e-05
-2.47297e-05
-2.47055e-05
-2.46958e-05
-2.46903e-05
-2.47047e-05
-2.47269e-05
-2.47265e-05
-2.47192e-05
-2.46739e-05
-2.46147e-05
-2.46029e-05
-2.46741e-05
-2.47629e-05
-2.48244e-05
-2.48234e-05
-2.47923e-05
-2.47331e-05
-2.46749e-05
-2.46595e-05
-2.47614e-05
-2.49529e-05
-2.51388e-05
-2.52895e-05
-2.53994e-05
-2.55087e-05
-2.55933e-05
-2.56691e-05
-2.5744e-05
-2.5846e-05
-2.59209e-05
-2.83662e-05
-2.83131e-05
-2.82356e-05
-2.81657e-05
-2.80862e-05
-2.79481e-05
-2.77759e-05
-2.76159e-05
-2.74553e-05
-2.7287e-05
-2.71192e-05
-2.69564e-05
-2.67428e-05
-2.65085e-05
-2.62838e-05
-2.60868e-05
-2.59246e-05
-2.57654e-05
-2.56258e-05
-2.55488e-05
-2.55776e-05
-2.57059e-05
-2.58964e-05
-2.60315e-05
-2.60955e-05
-2.61339e-05
-2.61715e-05
-2.62541e-05
-2.63904e-05
-2.65631e-05
-2.67714e-05
-2.69691e-05
-2.71515e-05
-2.73242e-05
-2.75124e-05
-2.77142e-05
-2.79104e-05
-2.8081e-05
-2.82346e-05
-2.83495e-05
-3.21055e-05
-3.19028e-05
-3.17889e-05
-3.17462e-05
-3.17673e-05
-3.1772e-05
-3.17504e-05
-3.1654e-05
-3.14702e-05
-3.12161e-05
-3.08813e-05
-3.04636e-05
-2.9996e-05
-2.9537e-05
-2.91832e-05
-2.88806e-05
-2.87116e-05
-2.86435e-05
-2.86455e-05
-2.87318e-05
-2.88784e-05
-2.91021e-05
-2.93806e-05
-2.96923e-05
-2.99863e-05
-3.02024e-05
-3.03351e-05
-3.04222e-05
-3.05045e-05
-3.06602e-05
-3.08469e-05
-3.10802e-05
-3.13387e-05
-3.16053e-05
-3.1849e-05
-3.20796e-05
-3.22694e-05
-3.238e-05
-3.24019e-05
-3.22908e-05
-3.43648e-05
-3.41894e-05
-3.40947e-05
-3.41087e-05
-3.41251e-05
-3.40779e-05
-3.39663e-05
-3.37702e-05
-3.35132e-05
-3.32436e-05
-3.28953e-05
-3.24348e-05
-3.19115e-05
-3.13969e-05
-3.09594e-05
-3.06607e-05
-3.05536e-05
-3.0594e-05
-3.07659e-05
-3.10223e-05
-3.13498e-05
-3.17313e-05
-3.21766e-05
-3.26526e-05
-3.30769e-05
-3.34362e-05
-3.36585e-05
-3.37179e-05
-3.37337e-05
-3.37063e-05
-3.37077e-05
-3.37403e-05
-3.38564e-05
-3.40099e-05
-3.41772e-05
-3.43358e-05
-3.45192e-05
-3.46566e-05
-3.47008e-05
-3.46003e-05
-3.45927e-05
-3.4541e-05
-3.44715e-05
-3.44444e-05
-3.44535e-05
-3.4405e-05
-3.43067e-05
-3.41275e-05
-3.38988e-05
-3.36351e-05
-3.33203e-05
-3.29286e-05
-3.2406e-05
-3.19325e-05
-3.15508e-05
-3.13506e-05
-3.12753e-05
-3.13122e-05
-3.13834e-05
-3.14874e-05
-3.16516e-05
-3.19572e-05
-3.23797e-05
-3.28123e-05
-3.32097e-05
-3.35775e-05
-3.38516e-05
-3.39779e-05
-3.3984e-05
-3.39455e-05
-3.38476e-05
-3.36911e-05
-3.36386e-05
-3.36621e-05
-3.37523e-05
-3.39155e-05
-3.40953e-05
-3.43186e-05
-3.45155e-05
-3.45963e-05
-3.31683e-05
-3.31504e-05
-3.30965e-05
-3.30394e-05
-3.29855e-05
-3.29614e-05
-3.29627e-05
-3.29124e-05
-3.27721e-05
-3.25125e-05
-3.2106e-05
-3.15768e-05
-3.09926e-05
-3.04385e-05
-3.00812e-05
-2.99597e-05
-2.99144e-05
-2.98384e-05
-2.97172e-05
-2.95617e-05
-2.95626e-05
-2.97476e-05
-3.01482e-05
-3.05727e-05
-3.09579e-05
-3.13382e-05
-3.16548e-05
-3.18198e-05
-3.18666e-05
-3.18526e-05
-3.17821e-05
-3.17144e-05
-3.17362e-05
-3.18718e-05
-3.20718e-05
-3.2237e-05
-3.23915e-05
-3.26145e-05
-3.28809e-05
-3.30714e-05
-3.09774e-05
-3.0898e-05
-3.07318e-05
-3.04722e-05
-3.03262e-05
-3.04093e-05
-3.05908e-05
-3.06807e-05
-3.0618e-05
-3.03391e-05
-2.98216e-05
-2.92025e-05
-2.85088e-05
-2.79337e-05
-2.7554e-05
-2.73452e-05
-2.72249e-05
-2.70983e-05
-2.6989e-05
-2.69511e-05
-2.70862e-05
-2.75535e-05
-2.8237e-05
-2.89342e-05
-2.95583e-05
-3.00314e-05
-3.02331e-05
-3.01521e-05
-3.00497e-05
-2.9971e-05
-2.98423e-05
-2.97252e-05
-2.97331e-05
-2.99343e-05
-3.02078e-05
-3.04674e-05
-3.06163e-05
-3.07409e-05
-3.08569e-05
-3.09738e-05
-2.84909e-05
-2.83745e-05
-2.81665e-05
-2.79603e-05
-2.79587e-05
-2.81719e-05
-2.84492e-05
-2.8659e-05
-2.86933e-05
-2.84926e-05
-2.80791e-05
-2.75629e-05
-2.6993e-05
-2.64361e-05
-2.59493e-05
-2.55742e-05
-2.53515e-05
-2.52039e-05
-2.51324e-05
-2.5188e-05
-2.55616e-05
-2.62398e-05
-2.70678e-05
-2.78757e-05
-2.84723e-05
-2.87847e-05
-2.88146e-05
-2.86918e-05
-2.85796e-05
-2.84309e-05
-2.82441e-05
-2.80114e-05
-2.79412e-05
-2.81407e-05
-2.84001e-05
-2.863e-05
-2.87534e-05
-2.87304e-05
-2.859e-05
-2.84948e-05
-2.67304e-05
-2.66411e-05
-2.64683e-05
-2.63027e-05
-2.62332e-05
-2.63566e-05
-2.66169e-05
-2.69039e-05
-2.71032e-05
-2.71229e-05
-2.69333e-05
-2.65602e-05
-2.60788e-05
-2.55176e-05
-2.493e-05
-2.44018e-05
-2.40448e-05
-2.39195e-05
-2.39413e-05
-2.41302e-05
-2.46092e-05
-2.53473e-05
-2.60651e-05
-2.65765e-05
-2.68587e-05
-2.68466e-05
-2.67707e-05
-2.68492e-05
-2.70972e-05
-2.73177e-05
-2.7319e-05
-2.71157e-05
-2.70069e-05
-2.70746e-05
-2.72411e-05
-2.74305e-05
-2.75396e-05
-2.74056e-05
-2.71208e-05
-2.68602e-05
-2.47696e-05
-2.43983e-05
-2.41349e-05
-2.40165e-05
-2.40526e-05
-2.42083e-05
-2.45217e-05
-2.48935e-05
-2.512e-05
-2.51275e-05
-2.49475e-05
-2.4671e-05
-2.42581e-05
-2.36579e-05
-2.29923e-05
-2.23536e-05
-2.18921e-05
-2.17015e-05
-2.16557e-05
-2.18414e-05
-2.24309e-05
-2.32836e-05
-2.40093e-05
-2.44431e-05
-2.46007e-05
-2.45373e-05
-2.45623e-05
-2.49334e-05
-2.5604e-05
-2.61491e-05
-2.62473e-05
-2.60067e-05
-2.57789e-05
-2.57855e-05
-2.60361e-05
-2.63674e-05
-2.65538e-05
-2.63429e-05
-2.58066e-05
-2.52317e-05
-2.16168e-05
-2.111e-05
-2.0865e-05
-2.09628e-05
-2.12609e-05
-2.1608e-05
-2.19011e-05
-2.2194e-05
-2.23049e-05
-2.21819e-05
-2.19686e-05
-2.17633e-05
-2.13464e-05
-2.06337e-05
-1.98137e-05
-1.9045e-05
-1.85139e-05
-1.82209e-05
-1.81253e-05
-1.83844e-05
-1.91347e-05
-2.01746e-05
-2.10561e-05
-2.16267e-05
-2.19218e-05
-2.20316e-05
-2.21911e-05
-2.26605e-05
-2.33109e-05
-2.36799e-05
-2.35505e-05
-2.31824e-05
-2.29103e-05
-2.29676e-05
-2.3362e-05
-2.37728e-05
-2.39427e-05
-2.36789e-05
-2.30429e-05
-2.22938e-05
-1.67542e-05
-1.62628e-05
-1.61507e-05
-1.64385e-05
-1.69014e-05
-1.73134e-05
-1.76688e-05
-1.79159e-05
-1.79313e-05
-1.76655e-05
-1.74023e-05
-1.71642e-05
-1.67045e-05
-1.59984e-05
-1.52413e-05
-1.45738e-05
-1.41076e-05
-1.38138e-05
-1.37656e-05
-1.41618e-05
-1.50777e-05
-1.62555e-05
-1.73217e-05
-1.81327e-05
-1.86049e-05
-1.88824e-05
-1.918e-05
-1.96768e-05
-2.01734e-05
-2.02712e-05
-1.98908e-05
-1.93735e-05
-1.90947e-05
-1.91774e-05
-1.94975e-05
-1.97362e-05
-1.96388e-05
-1.91771e-05
-1.84332e-05
-1.75413e-05
-1.117e-05
-1.06573e-05
-1.06214e-05
-1.09711e-05
-1.15106e-05
-1.19992e-05
-1.23857e-05
-1.26072e-05
-1.25206e-05
-1.21013e-05
-1.16188e-05
-1.12379e-05
-1.07505e-05
-1.01962e-05
-9.68318e-06
-9.27659e-06
-8.98875e-06
-8.81825e-06
-8.86522e-06
-9.36252e-06
-1.03895e-05
-1.16916e-05
-1.29811e-05
-1.40442e-05
-1.47097e-05
-1.50823e-05
-1.54736e-05
-1.60049e-05
-1.64153e-05
-1.63927e-05
-1.59571e-05
-1.54516e-05
-1.51478e-05
-1.51093e-05
-1.51649e-05
-1.50221e-05
-1.45586e-05
-1.38953e-05
-1.30609e-05
-1.20803e-05
-5.66517e-06
-5.04835e-06
-5.01677e-06
-5.4334e-06
-6.08833e-06
-6.69002e-06
-7.14924e-06
-7.33003e-06
-7.08916e-06
-6.45598e-06
-5.7665e-06
-5.25288e-06
-4.77639e-06
-4.34694e-06
-4.08268e-06
-3.91953e-06
-3.84135e-06
-3.84291e-06
-3.99728e-06
-4.54439e-06
-5.56383e-06
-6.87704e-06
-8.26695e-06
-9.50294e-06
-1.03227e-05
-1.07979e-05
-1.12586e-05
-1.1794e-05
-1.21474e-05
-1.20719e-05
-1.17265e-05
-1.14247e-05
-1.12093e-05
-1.10293e-05
-1.07453e-05
-1.02122e-05
-9.46623e-06
-8.66274e-06
-7.7606e-06
-6.70117e-06
-7.0827e-07
-1.26403e-07
-1.12458e-07
-5.8554e-07
-1.32218e-06
-2.04371e-06
-2.57371e-06
-2.72684e-06
-2.3825e-06
-1.66433e-06
-9.31382e-07
-3.47829e-07
1.10763e-07
4.81818e-07
6.82144e-07
7.71776e-07
8.20513e-07
7.85121e-07
5.68752e-07
3.52426e-09
-9.70855e-07
-2.288e-06
-3.72174e-06
-4.95881e-06
-5.81204e-06
-6.33665e-06
-6.81666e-06
-7.3536e-06
-7.69278e-06
-7.67031e-06
-7.48795e-06
-7.40676e-06
-7.33743e-06
-7.08075e-06
-6.53916e-06
-5.70239e-06
-4.72011e-06
-3.75033e-06
-2.76703e-06
-1.70255e-06
3.26411e-06
3.80378e-06
3.82438e-06
3.35694e-06
2.59841e-06
1.80748e-06
1.20483e-06
1.03328e-06
1.35523e-06
2.0069e-06
2.70883e-06
3.27695e-06
3.71714e-06
4.05584e-06
4.29057e-06
4.47382e-06
4.61669e-06
4.60378e-06
4.32341e-06
3.71933e-06
2.72733e-06
1.3894e-06
-5.5122e-08
-1.30339e-06
-2.13036e-06
-2.61653e-06
-3.07652e-06
-3.61568e-06
-3.99268e-06
-4.04147e-06
-4.00069e-06
-4.08163e-06
-4.09379e-06
-3.79517e-06
-3.08858e-06
-2.03459e-06
-8.40964e-07
2.70156e-07
1.30839e-06
2.33886e-06
5.89596e-06
6.40708e-06
6.42524e-06
5.97194e-06
5.20266e-06
4.37348e-06
3.73111e-06
3.53003e-06
3.78058e-06
4.34774e-06
4.99307e-06
5.52329e-06
5.94476e-06
6.26621e-06
6.51517e-06
6.77559e-06
6.98732e-06
6.98975e-06
6.68156e-06
6.0414e-06
5.03853e-06
3.70327e-06
2.24282e-06
9.42848e-07
7.48421e-08
-4.22155e-07
-8.53614e-07
-1.3558e-06
-1.73891e-06
-1.85853e-06
-1.91495e-06
-2.05796e-06
-2.09369e-06
-1.77932e-06
-9.75908e-07
2.35415e-07
1.58034e-06
2.81555e-06
3.93701e-06
4.99458e-06
7.18559e-06
7.66731e-06
7.6647e-06
7.1835e-06
6.38322e-06
5.525e-06
4.85761e-06
4.63801e-06
4.86188e-06
5.39499e-06
6.00204e-06
6.50189e-06
6.89844e-06
7.20342e-06
7.46105e-06
7.75225e-06
7.99992e-06
8.01396e-06
7.69373e-06
7.03995e-06
6.03419e-06
4.71966e-06
3.27023e-06
1.95624e-06
1.0636e-06
5.48507e-07
1.14769e-07
-3.89555e-07
-7.89796e-07
-9.45021e-07
-1.04357e-06
-1.20404e-06
-1.24041e-06
-8.99879e-07
-2.08228e-08
1.29993e-06
2.75443e-06
4.08535e-06
5.25489e-06
6.30958e-06
7.62557e-06
8.07452e-06
8.04078e-06
7.53629e-06
6.72123e-06
5.84533e-06
5.15725e-06
4.91906e-06
5.12684e-06
5.64404e-06
6.24407e-06
6.74689e-06
7.15658e-06
7.47362e-06
7.73762e-06
8.03966e-06
8.29534e-06
8.31174e-06
7.99259e-06
7.33542e-06
6.33374e-06
5.02883e-06
3.58608e-06
2.27048e-06
1.36852e-06
8.36919e-07
3.87415e-07
-1.2324e-07
-5.25674e-07
-6.80226e-07
-7.69131e-07
-9.08947e-07
-9.17418e-07
-5.45399e-07
3.74818e-07
1.74135e-06
3.22415e-06
4.56683e-06
5.73864e-06
6.7803e-06
-1.38688e-05
-1.39145e-05
-1.39453e-05
-1.39497e-05
-1.39269e-05
-1.38661e-05
-1.37768e-05
-1.36597e-05
-1.3537e-05
-1.34195e-05
-1.33123e-05
-1.32158e-05
-1.31355e-05
-1.30774e-05
-1.30453e-05
-1.30256e-05
-1.29928e-05
-1.29594e-05
-1.2953e-05
-1.29753e-05
-1.29992e-05
-1.30263e-05
-1.30643e-05
-1.31279e-05
-1.31836e-05
-1.32356e-05
-1.32882e-05
-1.3345e-05
-1.33917e-05
-1.34161e-05
-1.34349e-05
-1.34578e-05
-1.34677e-05
-1.34847e-05
-1.35225e-05
-1.35761e-05
-1.36338e-05
-1.36901e-05
-1.37526e-05
-1.38193e-05
-1.62868e-05
-1.62855e-05
-1.62746e-05
-1.62605e-05
-1.62238e-05
-1.6159e-05
-1.60471e-05
-1.59348e-05
-1.57961e-05
-1.56616e-05
-1.55513e-05
-1.54252e-05
-1.53145e-05
-1.52495e-05
-1.52284e-05
-1.52315e-05
-1.52376e-05
-1.52438e-05
-1.52806e-05
-1.53172e-05
-1.53393e-05
-1.53481e-05
-1.53654e-05
-1.53856e-05
-1.54301e-05
-1.54825e-05
-1.55563e-05
-1.56416e-05
-1.57141e-05
-1.5791e-05
-1.58844e-05
-1.5975e-05
-1.60626e-05
-1.61369e-05
-1.61949e-05
-1.62548e-05
-1.62947e-05
-1.63172e-05
-1.63174e-05
-1.62937e-05
-1.981e-05
-1.98109e-05
-1.97959e-05
-1.97323e-05
-1.96355e-05
-1.95161e-05
-1.93692e-05
-1.92098e-05
-1.90453e-05
-1.88599e-05
-1.86632e-05
-1.84624e-05
-1.8275e-05
-1.81079e-05
-1.79908e-05
-1.79286e-05
-1.78974e-05
-1.7913e-05
-1.79754e-05
-1.80414e-05
-1.81202e-05
-1.81845e-05
-1.82353e-05
-1.82921e-05
-1.83408e-05
-1.84089e-05
-1.84983e-05
-1.86111e-05
-1.8741e-05
-1.88801e-05
-1.9031e-05
-1.92071e-05
-1.93761e-05
-1.95168e-05
-1.96284e-05
-1.97247e-05
-1.98043e-05
-1.98441e-05
-1.98487e-05
-1.98307e-05
-2.03298e-05
-2.02393e-05
-2.01594e-05
-2.00473e-05
-1.98908e-05
-1.96959e-05
-1.9496e-05
-1.93197e-05
-1.91356e-05
-1.89401e-05
-1.87354e-05
-1.85491e-05
-1.84098e-05
-1.83293e-05
-1.82913e-05
-1.82983e-05
-1.83648e-05
-1.84789e-05
-1.86186e-05
-1.87706e-05
-1.89215e-05
-1.90605e-05
-1.9186e-05
-1.92879e-05
-1.93854e-05
-1.95026e-05
-1.96305e-05
-1.97553e-05
-1.98934e-05
-2.00402e-05
-2.02047e-05
-2.0391e-05
-2.05453e-05
-2.06613e-05
-2.07267e-05
-2.07514e-05
-2.07314e-05
-2.06636e-05
-2.05683e-05
-2.04498e-05
-2.05957e-05
-2.05116e-05
-2.03748e-05
-2.01915e-05
-1.99971e-05
-1.98294e-05
-1.96824e-05
-1.95358e-05
-1.93681e-05
-1.91893e-05
-1.90111e-05
-1.88715e-05
-1.87616e-05
-1.86854e-05
-1.86711e-05
-1.87329e-05
-1.88264e-05
-1.89438e-05
-1.90798e-05
-1.92119e-05
-1.934e-05
-1.94718e-05
-1.95958e-05
-1.97315e-05
-1.98467e-05
-1.99394e-05
-2.00135e-05
-2.007e-05
-2.01202e-05
-2.01985e-05
-2.03369e-05
-2.05113e-05
-2.06709e-05
-2.07985e-05
-2.08822e-05
-2.09051e-05
-2.09034e-05
-2.08672e-05
-2.07802e-05
-2.06724e-05
-2.27277e-05
-2.25402e-05
-2.22865e-05
-2.20227e-05
-2.18177e-05
-2.1668e-05
-2.15334e-05
-2.1413e-05
-2.13163e-05
-2.1237e-05
-2.1179e-05
-2.11252e-05
-2.10796e-05
-2.10756e-05
-2.11082e-05
-2.115e-05
-2.12077e-05
-2.12568e-05
-2.12766e-05
-2.12548e-05
-2.12438e-05
-2.12539e-05
-2.12849e-05
-2.13616e-05
-2.14545e-05
-2.15533e-05
-2.16399e-05
-2.17306e-05
-2.18696e-05
-2.21024e-05
-2.2376e-05
-2.26532e-05
-2.29217e-05
-2.31602e-05
-2.33353e-05
-2.34263e-05
-2.34174e-05
-2.32903e-05
-2.30858e-05
-2.2882e-05
-2.45628e-05
-2.43779e-05
-2.41842e-05
-2.40144e-05
-2.38782e-05
-2.37278e-05
-2.35567e-05
-2.33938e-05
-2.32884e-05
-2.3198e-05
-2.31231e-05
-2.30649e-05
-2.3012e-05
-2.2998e-05
-2.30455e-05
-2.31394e-05
-2.32387e-05
-2.32977e-05
-2.32918e-05
-2.32692e-05
-2.32723e-05
-2.32957e-05
-2.33317e-05
-2.33684e-05
-2.34193e-05
-2.34787e-05
-2.35207e-05
-2.35437e-05
-2.3601e-05
-2.37782e-05
-2.4043e-05
-2.43297e-05
-2.45746e-05
-2.48181e-05
-2.50148e-05
-2.51174e-05
-2.5144e-05
-2.50794e-05
-2.49428e-05
-2.47567e-05
-2.6756e-05
-2.65645e-05
-2.63964e-05
-2.62801e-05
-2.61719e-05
-2.6019e-05
-2.58377e-05
-2.56667e-05
-2.54945e-05
-2.53259e-05
-2.51719e-05
-2.50364e-05
-2.48886e-05
-2.47524e-05
-2.46642e-05
-2.46671e-05
-2.47451e-05
-2.48236e-05
-2.48655e-05
-2.48606e-05
-2.48277e-05
-2.47824e-05
-2.47763e-05
-2.47713e-05
-2.47538e-05
-2.47485e-05
-2.47843e-05
-2.4821e-05
-2.49026e-05
-2.50865e-05
-2.53784e-05
-2.57341e-05
-2.60963e-05
-2.64815e-05
-2.68549e-05
-2.7142e-05
-2.72616e-05
-2.72232e-05
-2.70925e-05
-2.69284e-05
-2.85599e-05
-2.83304e-05
-2.8186e-05
-2.80715e-05
-2.79447e-05
-2.77504e-05
-2.74959e-05
-2.72432e-05
-2.70276e-05
-2.69076e-05
-2.68844e-05
-2.68969e-05
-2.68593e-05
-2.67494e-05
-2.6674e-05
-2.66762e-05
-2.67548e-05
-2.688e-05
-2.69739e-05
-2.70056e-05
-2.70212e-05
-2.7046e-05
-2.7115e-05
-2.71828e-05
-2.72669e-05
-2.73423e-05
-2.74407e-05
-2.75768e-05
-2.77437e-05
-2.79548e-05
-2.8244e-05
-2.85815e-05
-2.89375e-05
-2.92613e-05
-2.95252e-05
-2.96529e-05
-2.961e-05
-2.94319e-05
-2.91586e-05
-2.88548e-05
-3.04969e-05
-3.03109e-05
-3.01602e-05
-3.00225e-05
-2.98441e-05
-2.96514e-05
-2.94353e-05
-2.92583e-05
-2.91573e-05
-2.91502e-05
-2.92321e-05
-2.92854e-05
-2.92416e-05
-2.91267e-05
-2.90276e-05
-2.89864e-05
-2.89938e-05
-2.90686e-05
-2.91696e-05
-2.91975e-05
-2.91907e-05
-2.93223e-05
-2.95316e-05
-2.97906e-05
-3.00484e-05
-3.03413e-05
-3.06056e-05
-3.07793e-05
-3.08901e-05
-3.09655e-05
-3.10245e-05
-3.10922e-05
-3.1207e-05
-3.13376e-05
-3.14571e-05
-3.14856e-05
-3.13999e-05
-3.12391e-05
-3.10176e-05
-3.07453e-05
-3.09984e-05
-3.06839e-05
-3.04522e-05
-3.03077e-05
-3.0257e-05
-3.01823e-05
-3.01215e-05
-3.01112e-05
-3.01844e-05
-3.03329e-05
-3.05313e-05
-3.0599e-05
-3.05e-05
-3.02825e-05
-3.00507e-05
-2.99107e-05
-2.99363e-05
-3.00769e-05
-3.022e-05
-3.03692e-05
-3.06584e-05
-3.11604e-05
-3.17784e-05
-3.24043e-05
-3.29688e-05
-3.34619e-05
-3.37924e-05
-3.39394e-05
-3.39013e-05
-3.37425e-05
-3.352e-05
-3.32523e-05
-3.30334e-05
-3.29583e-05
-3.29157e-05
-3.27461e-05
-3.24426e-05
-3.20771e-05
-3.17117e-05
-3.13576e-05
-2.99722e-05
-2.97275e-05
-2.96136e-05
-2.96151e-05
-2.97384e-05
-2.98461e-05
-2.98728e-05
-2.99447e-05
-3.00216e-05
-3.01273e-05
-3.02147e-05
-3.01337e-05
-2.98657e-05
-2.95715e-05
-2.93904e-05
-2.94076e-05
-2.96222e-05
-2.99224e-05
-3.02191e-05
-3.05388e-05
-3.09814e-05
-3.16581e-05
-3.24447e-05
-3.3116e-05
-3.36121e-05
-3.39098e-05
-3.40433e-05
-3.39773e-05
-3.3739e-05
-3.3451e-05
-3.31949e-05
-3.30188e-05
-3.29248e-05
-3.29476e-05
-3.2923e-05
-3.26667e-05
-3.21282e-05
-3.14607e-05
-3.08676e-05
-3.03601e-05
-2.96604e-05
-2.94342e-05
-2.9264e-05
-2.92504e-05
-2.9329e-05
-2.94065e-05
-2.94266e-05
-2.93836e-05
-2.92756e-05
-2.91373e-05
-2.89424e-05
-2.86813e-05
-2.83547e-05
-2.80796e-05
-2.79929e-05
-2.81547e-05
-2.85243e-05
-2.89952e-05
-2.93776e-05
-2.9677e-05
-3.01171e-05
-3.08738e-05
-3.17952e-05
-3.25891e-05
-3.31231e-05
-3.33484e-05
-3.33215e-05
-3.30644e-05
-3.26709e-05
-3.23373e-05
-3.21521e-05
-3.22298e-05
-3.24171e-05
-3.25937e-05
-3.26371e-05
-3.22847e-05
-3.15979e-05
-3.08081e-05
-3.02314e-05
-2.9896e-05
-2.90326e-05
-2.87575e-05
-2.85635e-05
-2.84556e-05
-2.84742e-05
-2.86019e-05
-2.87139e-05
-2.8695e-05
-2.85656e-05
-2.83928e-05
-2.81146e-05
-2.78143e-05
-2.75417e-05
-2.7368e-05
-2.73795e-05
-2.76163e-05
-2.8147e-05
-2.88044e-05
-2.94271e-05
-2.9849e-05
-3.02453e-05
-3.08761e-05
-3.16836e-05
-3.23495e-05
-3.27074e-05
-3.27797e-05
-3.26095e-05
-3.22929e-05
-3.18981e-05
-3.15994e-05
-3.1543e-05
-3.1679e-05
-3.18971e-05
-3.19716e-05
-3.18587e-05
-3.13906e-05
-3.06244e-05
-2.98977e-05
-2.94521e-05
-2.92537e-05
-2.83143e-05
-2.80378e-05
-2.77627e-05
-2.76042e-05
-2.761e-05
-2.7797e-05
-2.80569e-05
-2.82893e-05
-2.83633e-05
-2.82803e-05
-2.81103e-05
-2.79177e-05
-2.76846e-05
-2.74809e-05
-2.7455e-05
-2.76986e-05
-2.82371e-05
-2.89551e-05
-2.96219e-05
-3.01681e-05
-3.06959e-05
-3.12447e-05
-3.17375e-05
-3.19325e-05
-3.18022e-05
-3.14415e-05
-3.1066e-05
-3.07698e-05
-3.05307e-05
-3.0433e-05
-3.05777e-05
-3.08555e-05
-3.11351e-05
-3.11871e-05
-3.09205e-05
-3.02807e-05
-2.95225e-05
-2.89461e-05
-2.86598e-05
-2.85042e-05
-2.69426e-05
-2.66982e-05
-2.63562e-05
-2.61068e-05
-2.59935e-05
-2.6075e-05
-2.63074e-05
-2.65796e-05
-2.67902e-05
-2.69589e-05
-2.70979e-05
-2.70638e-05
-2.68509e-05
-2.65915e-05
-2.64466e-05
-2.66172e-05
-2.7068e-05
-2.77424e-05
-2.84657e-05
-2.91244e-05
-2.96203e-05
-2.98077e-05
-2.9781e-05
-2.95515e-05
-2.91291e-05
-2.85748e-05
-2.80493e-05
-2.77553e-05
-2.78434e-05
-2.82328e-05
-2.8741e-05
-2.92155e-05
-2.95676e-05
-2.96288e-05
-2.93761e-05
-2.88092e-05
-2.81782e-05
-2.76753e-05
-2.73498e-05
-2.71386e-05
-2.44333e-05
-2.40572e-05
-2.35494e-05
-2.30824e-05
-2.27914e-05
-2.26791e-05
-2.28263e-05
-2.31766e-05
-2.36229e-05
-2.41264e-05
-2.46e-05
-2.48447e-05
-2.46985e-05
-2.42827e-05
-2.3893e-05
-2.37956e-05
-2.40127e-05
-2.45045e-05
-2.5219e-05
-2.59003e-05
-2.62573e-05
-2.62063e-05
-2.58297e-05
-2.53828e-05
-2.50022e-05
-2.4737e-05
-2.44062e-05
-2.41682e-05
-2.42489e-05
-2.47968e-05
-2.55457e-05
-2.61763e-05
-2.66399e-05
-2.68796e-05
-2.68473e-05
-2.65077e-05
-2.59911e-05
-2.54266e-05
-2.4992e-05
-2.47039e-05
-2.06032e-05
-2.00477e-05
-1.93428e-05
-1.86556e-05
-1.81166e-05
-1.78163e-05
-1.78626e-05
-1.82542e-05
-1.88674e-05
-1.96339e-05
-2.04442e-05
-2.09978e-05
-2.10186e-05
-2.05922e-05
-2.0042e-05
-1.97157e-05
-1.96171e-05
-1.97033e-05
-2.00363e-05
-2.04346e-05
-2.0714e-05
-2.07744e-05
-2.06211e-05
-2.04469e-05
-2.04248e-05
-2.05492e-05
-2.05629e-05
-2.05035e-05
-2.05818e-05
-2.09355e-05
-2.1422e-05
-2.19995e-05
-2.26404e-05
-2.30544e-05
-2.31169e-05
-2.28411e-05
-2.237e-05
-2.17974e-05
-2.13139e-05
-2.0952e-05
-1.59009e-05
-1.52427e-05
-1.44356e-05
-1.36429e-05
-1.29071e-05
-1.24112e-05
-1.2354e-05
-1.27103e-05
-1.32999e-05
-1.41115e-05
-1.50312e-05
-1.57213e-05
-1.59079e-05
-1.56348e-05
-1.51872e-05
-1.4823e-05
-1.45206e-05
-1.4325e-05
-1.43369e-05
-1.45207e-05
-1.48175e-05
-1.50542e-05
-1.52444e-05
-1.54878e-05
-1.57436e-05
-1.60319e-05
-1.62996e-05
-1.65412e-05
-1.67222e-05
-1.68091e-05
-1.68583e-05
-1.71698e-05
-1.77699e-05
-1.82754e-05
-1.83289e-05
-1.8056e-05
-1.76223e-05
-1.71348e-05
-1.67215e-05
-1.63596e-05
-1.08788e-05
-1.0161e-05
-9.34649e-06
-8.55465e-06
-7.82663e-06
-7.3271e-06
-7.12305e-06
-7.27225e-06
-7.64787e-06
-8.23567e-06
-9.01445e-06
-9.70112e-06
-1.00236e-05
-9.97661e-06
-9.77233e-06
-9.59746e-06
-9.38849e-06
-9.21082e-06
-9.22864e-06
-9.45694e-06
-9.87721e-06
-1.03015e-05
-1.06607e-05
-1.09945e-05
-1.12572e-05
-1.14831e-05
-1.17388e-05
-1.20089e-05
-1.22209e-05
-1.22567e-05
-1.21318e-05
-1.2093e-05
-1.24478e-05
-1.29423e-05
-1.31032e-05
-1.29561e-05
-1.26106e-05
-1.21638e-05
-1.17567e-05
-1.13806e-05
-6.49522e-06
-5.80084e-06
-4.98059e-06
-4.14629e-06
-3.39418e-06
-2.79376e-06
-2.40104e-06
-2.29103e-06
-2.42094e-06
-2.79895e-06
-3.42334e-06
-4.09753e-06
-4.61492e-06
-4.90843e-06
-5.08805e-06
-5.17495e-06
-5.11694e-06
-5.01736e-06
-5.05251e-06
-5.32376e-06
-5.81515e-06
-6.32234e-06
-6.71222e-06
-7.03706e-06
-7.27164e-06
-7.42784e-06
-7.56753e-06
-7.73635e-06
-7.86518e-06
-7.8672e-06
-7.70939e-06
-7.54362e-06
-7.60663e-06
-7.86221e-06
-8.05717e-06
-8.04709e-06
-7.83301e-06
-7.49921e-06
-7.21324e-06
-6.94597e-06
-3.10228e-06
-2.42676e-06
-1.57371e-06
-6.64976e-07
2.29907e-07
9.93137e-07
1.56156e-06
1.83714e-06
1.81382e-06
1.48604e-06
8.86926e-07
1.60103e-07
-5.32029e-07
-1.14149e-06
-1.6384e-06
-1.96574e-06
-2.08154e-06
-2.06832e-06
-2.10226e-06
-2.33332e-06
-2.7577e-06
-3.17553e-06
-3.49047e-06
-3.77578e-06
-4.03696e-06
-4.2146e-06
-4.30801e-06
-4.36812e-06
-4.42076e-06
-4.41948e-06
-4.32716e-06
-4.18984e-06
-4.118e-06
-4.06894e-06
-3.97168e-06
-3.90713e-06
-3.84661e-06
-3.73785e-06
-3.65189e-06
-3.49999e-06
-7.37024e-07
-6.88383e-08
8.06555e-07
1.79532e-06
2.78222e-06
3.63252e-06
4.24409e-06
4.51137e-06
4.45031e-06
4.07817e-06
3.44185e-06
2.68299e-06
1.91695e-06
1.18335e-06
5.39574e-07
7.97769e-08
-1.45295e-07
-1.91678e-07
-2.47691e-07
-4.92009e-07
-8.76944e-07
-1.22056e-06
-1.47693e-06
-1.72805e-06
-1.99325e-06
-2.18623e-06
-2.27039e-06
-2.28952e-06
-2.30445e-06
-2.31738e-06
-2.2836e-06
-2.17184e-06
-2.02143e-06
-1.79056e-06
-1.42843e-06
-1.20034e-06
-1.14661e-06
-1.15175e-06
-1.17778e-06
-1.10036e-06
5.52737e-07
1.22859e-06
2.10431e-06
3.08002e-06
4.03738e-06
4.85148e-06
5.43545e-06
5.68208e-06
5.58126e-06
5.16321e-06
4.51369e-06
3.76147e-06
3.00892e-06
2.26935e-06
1.59372e-06
1.0977e-06
8.28854e-07
7.31859e-07
6.32175e-07
3.66879e-07
-2.53501e-08
-3.84218e-07
-6.43288e-07
-8.81273e-07
-1.12763e-06
-1.30657e-06
-1.3774e-06
-1.37778e-06
-1.3773e-06
-1.38503e-06
-1.35407e-06
-1.22753e-06
-1.04744e-06
-7.45993e-07
-2.65279e-07
7.90761e-08
1.71752e-07
1.51385e-07
1.09736e-07
1.81479e-07
9.51078e-07
1.62923e-06
2.49939e-06
3.45649e-06
4.39199e-06
5.18946e-06
5.75859e-06
5.98093e-06
5.85606e-06
5.42835e-06
4.77209e-06
4.01274e-06
3.25736e-06
2.51885e-06
1.83926e-06
1.32553e-06
1.03546e-06
9.24876e-07
8.20522e-07
5.55582e-07
1.68214e-07
-1.85078e-07
-4.39409e-07
-6.71995e-07
-9.11431e-07
-1.08552e-06
-1.15257e-06
-1.15001e-06
-1.14241e-06
-1.13452e-06
-1.08178e-06
-9.3494e-07
-7.31662e-07
-4.02126e-07
9.96626e-08
4.44644e-07
5.28809e-07
5.10386e-07
4.81312e-07
5.6879e-07
-1.5178e-05
-1.5216e-05
-1.52307e-05
-1.52151e-05
-1.51659e-05
-1.50898e-05
-1.49898e-05
-1.48726e-05
-1.47353e-05
-1.46066e-05
-1.45052e-05
-1.44219e-05
-1.4359e-05
-1.43167e-05
-1.42932e-05
-1.4268e-05
-1.42569e-05
-1.42582e-05
-1.42875e-05
-1.43274e-05
-1.43662e-05
-1.44121e-05
-1.44651e-05
-1.45213e-05
-1.4569e-05
-1.46084e-05
-1.46584e-05
-1.47109e-05
-1.47634e-05
-1.48013e-05
-1.48261e-05
-1.48389e-05
-1.4858e-05
-1.4866e-05
-1.48849e-05
-1.49207e-05
-1.49577e-05
-1.50119e-05
-1.50703e-05
-1.51314e-05
-1.66469e-05
-1.65938e-05
-1.65461e-05
-1.64983e-05
-1.64113e-05
-1.62704e-05
-1.61076e-05
-1.59505e-05
-1.57939e-05
-1.56551e-05
-1.55319e-05
-1.54425e-05
-1.53835e-05
-1.53457e-05
-1.53439e-05
-1.53862e-05
-1.5458e-05
-1.55467e-05
-1.56646e-05
-1.57843e-05
-1.58779e-05
-1.59452e-05
-1.60039e-05
-1.60742e-05
-1.61528e-05
-1.62506e-05
-1.6366e-05
-1.64772e-05
-1.65786e-05
-1.66606e-05
-1.67196e-05
-1.67683e-05
-1.67832e-05
-1.67942e-05
-1.67971e-05
-1.67854e-05
-1.67671e-05
-1.67453e-05
-1.67227e-05
-1.66898e-05
-2.07074e-05
-2.06599e-05
-2.05991e-05
-2.05023e-05
-2.03647e-05
-2.02036e-05
-2.00525e-05
-1.99067e-05
-1.97664e-05
-1.96191e-05
-1.94785e-05
-1.93575e-05
-1.92519e-05
-1.91812e-05
-1.91644e-05
-1.91883e-05
-1.92526e-05
-1.93533e-05
-1.94656e-05
-1.95987e-05
-1.97232e-05
-1.98227e-05
-1.99048e-05
-1.99842e-05
-2.00826e-05
-2.02295e-05
-2.03992e-05
-2.05797e-05
-2.0727e-05
-2.08274e-05
-2.09086e-05
-2.09676e-05
-2.10031e-05
-2.10085e-05
-2.09814e-05
-2.09265e-05
-2.08801e-05
-2.0844e-05
-2.0797e-05
-2.07543e-05
-2.14787e-05
-2.13674e-05
-2.12199e-05
-2.10347e-05
-2.08306e-05
-2.06105e-05
-2.03871e-05
-2.01766e-05
-1.99914e-05
-1.9833e-05
-1.97104e-05
-1.96322e-05
-1.95982e-05
-1.95951e-05
-1.96209e-05
-1.97272e-05
-1.98837e-05
-2.00681e-05
-2.0262e-05
-2.0442e-05
-2.06135e-05
-2.07579e-05
-2.08785e-05
-2.09971e-05
-2.11211e-05
-2.12662e-05
-2.14317e-05
-2.15699e-05
-2.16598e-05
-2.1721e-05
-2.17742e-05
-2.18359e-05
-2.18796e-05
-2.18975e-05
-2.18953e-05
-2.18795e-05
-2.1832e-05
-2.17546e-05
-2.16617e-05
-2.15632e-05
-2.13671e-05
-2.13549e-05
-2.13197e-05
-2.1247e-05
-2.11264e-05
-2.09544e-05
-2.07631e-05
-2.06124e-05
-2.04927e-05
-2.04037e-05
-2.03572e-05
-2.03451e-05
-2.03607e-05
-2.03999e-05
-2.046e-05
-2.05224e-05
-2.06036e-05
-2.07223e-05
-2.08564e-05
-2.09751e-05
-2.10713e-05
-2.11436e-05
-2.1199e-05
-2.12319e-05
-2.12845e-05
-2.13374e-05
-2.1366e-05
-2.13681e-05
-2.13227e-05
-2.12561e-05
-2.12297e-05
-2.12626e-05
-2.13523e-05
-2.14267e-05
-2.14743e-05
-2.15001e-05
-2.1506e-05
-2.14807e-05
-2.14262e-05
-2.1384e-05
-2.3288e-05
-2.31452e-05
-2.29965e-05
-2.2846e-05
-2.26815e-05
-2.25151e-05
-2.23518e-05
-2.21957e-05
-2.2106e-05
-2.20973e-05
-2.21512e-05
-2.22417e-05
-2.23471e-05
-2.24442e-05
-2.25051e-05
-2.25219e-05
-2.25093e-05
-2.24802e-05
-2.24369e-05
-2.23614e-05
-2.2269e-05
-2.22068e-05
-2.21864e-05
-2.21837e-05
-2.22061e-05
-2.22719e-05
-2.23851e-05
-2.25086e-05
-2.26071e-05
-2.27081e-05
-2.28739e-05
-2.30744e-05
-2.32817e-05
-2.34993e-05
-2.3675e-05
-2.37669e-05
-2.37742e-05
-2.3707e-05
-2.35788e-05
-2.34335e-05
-2.62804e-05
-2.61126e-05
-2.59078e-05
-2.57012e-05
-2.55029e-05
-2.53058e-05
-2.51173e-05
-2.50189e-05
-2.49711e-05
-2.4921e-05
-2.49115e-05
-2.49084e-05
-2.49032e-05
-2.48636e-05
-2.48042e-05
-2.47284e-05
-2.46314e-05
-2.44889e-05
-2.43052e-05
-2.41346e-05
-2.40425e-05
-2.40531e-05
-2.41635e-05
-2.43374e-05
-2.45288e-05
-2.47455e-05
-2.50215e-05
-2.52824e-05
-2.548e-05
-2.56076e-05
-2.57344e-05
-2.58719e-05
-2.60364e-05
-2.61995e-05
-2.63467e-05
-2.64583e-05
-2.64995e-05
-2.64708e-05
-2.64276e-05
-2.63806e-05
-2.80574e-05
-2.76563e-05
-2.73504e-05
-2.71564e-05
-2.70872e-05
-2.71354e-05
-2.72533e-05
-2.74307e-05
-2.75916e-05
-2.77036e-05
-2.78117e-05
-2.78465e-05
-2.77679e-05
-2.76015e-05
-2.73812e-05
-2.71324e-05
-2.69334e-05
-2.67809e-05
-2.66274e-05
-2.64959e-05
-2.64449e-05
-2.64432e-05
-2.64887e-05
-2.6585e-05
-2.67309e-05
-2.69815e-05
-2.72971e-05
-2.76057e-05
-2.78941e-05
-2.81839e-05
-2.84468e-05
-2.87015e-05
-2.89435e-05
-2.91125e-05
-2.9231e-05
-2.92867e-05
-2.92342e-05
-2.90895e-05
-2.88326e-05
-2.84781e-05
-2.90164e-05
-2.85828e-05
-2.83257e-05
-2.82375e-05
-2.82834e-05
-2.84498e-05
-2.867e-05
-2.88952e-05
-2.90838e-05
-2.92073e-05
-2.93255e-05
-2.94734e-05
-2.95997e-05
-2.96099e-05
-2.94939e-05
-2.9375e-05
-2.93315e-05
-2.93579e-05
-2.94149e-05
-2.94876e-05
-2.95136e-05
-2.95366e-05
-2.95522e-05
-2.95569e-05
-2.95725e-05
-2.97024e-05
-2.99034e-05
-3.0115e-05
-3.03529e-05
-3.06249e-05
-3.09604e-05
-3.13131e-05
-3.16366e-05
-3.18545e-05
-3.18884e-05
-3.17105e-05
-3.13305e-05
-3.07996e-05
-3.023e-05
-2.96018e-05
-3.08714e-05
-3.0414e-05
-3.01123e-05
-2.99558e-05
-2.99737e-05
-3.01312e-05
-3.03716e-05
-3.05043e-05
-3.04933e-05
-3.05047e-05
-3.06871e-05
-3.10078e-05
-3.13227e-05
-3.14764e-05
-3.14675e-05
-3.14293e-05
-3.15046e-05
-3.17205e-05
-3.19787e-05
-3.21788e-05
-3.23088e-05
-3.23774e-05
-3.23855e-05
-3.23102e-05
-3.22961e-05
-3.23065e-05
-3.23131e-05
-3.2322e-05
-3.24408e-05
-3.26791e-05
-3.29659e-05
-3.32504e-05
-3.34756e-05
-3.35829e-05
-3.35232e-05
-3.33343e-05
-3.30267e-05
-3.26062e-05
-3.20532e-05
-3.14516e-05
-3.26377e-05
-3.22012e-05
-3.18888e-05
-3.16935e-05
-3.16769e-05
-3.18034e-05
-3.18744e-05
-3.17382e-05
-3.15256e-05
-3.14461e-05
-3.15604e-05
-3.18324e-05
-3.21199e-05
-3.22453e-05
-3.21866e-05
-3.2047e-05
-3.20547e-05
-3.22632e-05
-3.25171e-05
-3.27849e-05
-3.3025e-05
-3.31826e-05
-3.32584e-05
-3.33221e-05
-3.34416e-05
-3.36171e-05
-3.37513e-05
-3.38595e-05
-3.39573e-05
-3.40979e-05
-3.42474e-05
-3.4427e-05
-3.4586e-05
-3.47365e-05
-3.48369e-05
-3.47766e-05
-3.45273e-05
-3.41698e-05
-3.37068e-05
-3.31681e-05
-3.33686e-05
-3.29921e-05
-3.26988e-05
-3.25517e-05
-3.26178e-05
-3.27648e-05
-3.27904e-05
-3.25562e-05
-3.21909e-05
-3.2071e-05
-3.22493e-05
-3.25628e-05
-3.28318e-05
-3.29922e-05
-3.29939e-05
-3.28626e-05
-3.28965e-05
-3.31578e-05
-3.3493e-05
-3.38267e-05
-3.41389e-05
-3.43962e-05
-3.45973e-05
-3.48026e-05
-3.50408e-05
-3.52794e-05
-3.5445e-05
-3.54667e-05
-3.5401e-05
-3.53014e-05
-3.52749e-05
-3.53723e-05
-3.55229e-05
-3.56152e-05
-3.56749e-05
-3.55264e-05
-3.51295e-05
-3.46306e-05
-3.41763e-05
-3.37651e-05
-3.35722e-05
-3.30937e-05
-3.263e-05
-3.22975e-05
-3.21925e-05
-3.22372e-05
-3.20974e-05
-3.16794e-05
-3.13066e-05
-3.13302e-05
-3.16987e-05
-3.21385e-05
-3.25246e-05
-3.27829e-05
-3.286e-05
-3.28268e-05
-3.29788e-05
-3.33545e-05
-3.37885e-05
-3.40844e-05
-3.43683e-05
-3.47791e-05
-3.52105e-05
-3.56254e-05
-3.59805e-05
-3.61776e-05
-3.61315e-05
-3.59531e-05
-3.57154e-05
-3.56139e-05
-3.57831e-05
-3.60931e-05
-3.62778e-05
-3.6292e-05
-3.61606e-05
-3.5842e-05
-3.53331e-05
-3.48391e-05
-3.44259e-05
-3.40112e-05
-3.36768e-05
-3.29335e-05
-3.21262e-05
-3.14597e-05
-3.11425e-05
-3.09879e-05
-3.07076e-05
-3.01421e-05
-2.97029e-05
-2.96922e-05
-3.00293e-05
-3.05537e-05
-3.11249e-05
-3.16058e-05
-3.18626e-05
-3.20512e-05
-3.23039e-05
-3.26771e-05
-3.30456e-05
-3.32853e-05
-3.35232e-05
-3.39556e-05
-3.45496e-05
-3.50758e-05
-3.54405e-05
-3.55837e-05
-3.55536e-05
-3.54569e-05
-3.54081e-05
-3.55415e-05
-3.59352e-05
-3.63687e-05
-3.66017e-05
-3.65478e-05
-3.63326e-05
-3.59959e-05
-3.55406e-05
-3.51083e-05
-3.47488e-05
-3.42966e-05
-3.20011e-05
-3.12588e-05
-3.04275e-05
-2.97219e-05
-2.94622e-05
-2.9463e-05
-2.93237e-05
-2.88614e-05
-2.83011e-05
-2.79582e-05
-2.79693e-05
-2.82637e-05
-2.87378e-05
-2.92592e-05
-2.96984e-05
-3.00698e-05
-3.05222e-05
-3.10008e-05
-3.1387e-05
-3.16413e-05
-3.1818e-05
-3.21601e-05
-3.274e-05
-3.33407e-05
-3.37073e-05
-3.38539e-05
-3.38788e-05
-3.3886e-05
-3.39283e-05
-3.41317e-05
-3.44893e-05
-3.47576e-05
-3.47874e-05
-3.47102e-05
-3.45585e-05
-3.43467e-05
-3.40537e-05
-3.36786e-05
-3.32195e-05
-3.2657e-05
-2.91172e-05
-2.85276e-05
-2.78961e-05
-2.74608e-05
-2.73037e-05
-2.74005e-05
-2.73809e-05
-2.6997e-05
-2.6407e-05
-2.59539e-05
-2.57565e-05
-2.57947e-05
-2.59391e-05
-2.61611e-05
-2.64129e-05
-2.67104e-05
-2.72177e-05
-2.79616e-05
-2.87006e-05
-2.91513e-05
-2.93021e-05
-2.93867e-05
-2.95214e-05
-2.96755e-05
-2.98427e-05
-3.00803e-05
-3.03626e-05
-3.05775e-05
-3.0786e-05
-3.1017e-05
-3.13735e-05
-3.15786e-05
-3.15913e-05
-3.1562e-05
-3.14617e-05
-3.12381e-05
-3.09514e-05
-3.05971e-05
-3.01513e-05
-2.96251e-05
-2.62638e-05
-2.57537e-05
-2.52399e-05
-2.4958e-05
-2.49052e-05
-2.49712e-05
-2.49428e-05
-2.46465e-05
-2.40915e-05
-2.36374e-05
-2.34207e-05
-2.33309e-05
-2.32441e-05
-2.308e-05
-2.29268e-05
-2.28866e-05
-2.31544e-05
-2.38303e-05
-2.46575e-05
-2.51961e-05
-2.53667e-05
-2.52683e-05
-2.50478e-05
-2.481e-05
-2.47695e-05
-2.49914e-05
-2.5339e-05
-2.56987e-05
-2.6039e-05
-2.63492e-05
-2.65953e-05
-2.67634e-05
-2.69149e-05
-2.71564e-05
-2.73174e-05
-2.73756e-05
-2.73596e-05
-2.72425e-05
-2.70134e-05
-2.66533e-05
-2.3103e-05
-2.26196e-05
-2.20319e-05
-2.16459e-05
-2.15386e-05
-2.15697e-05
-2.15365e-05
-2.12637e-05
-2.07676e-05
-2.02801e-05
-2.0013e-05
-1.9846e-05
-1.96345e-05
-1.93101e-05
-1.89357e-05
-1.86755e-05
-1.86688e-05
-1.89744e-05
-1.9486e-05
-1.9916e-05
-2.01325e-05
-2.00909e-05
-1.98495e-05
-1.94974e-05
-1.93566e-05
-1.94787e-05
-1.97032e-05
-1.99767e-05
-2.02655e-05
-2.04221e-05
-2.0515e-05
-2.07169e-05
-2.11101e-05
-2.16912e-05
-2.23563e-05
-2.29504e-05
-2.33547e-05
-2.35393e-05
-2.35351e-05
-2.33955e-05
-1.93956e-05
-1.8748e-05
-1.79946e-05
-1.74187e-05
-1.71748e-05
-1.7175e-05
-1.71159e-05
-1.68086e-05
-1.62794e-05
-1.57553e-05
-1.53735e-05
-1.50499e-05
-1.47533e-05
-1.44289e-05
-1.41027e-05
-1.38786e-05
-1.3825e-05
-1.38984e-05
-1.41183e-05
-1.44432e-05
-1.47322e-05
-1.47662e-05
-1.4469e-05
-1.40137e-05
-1.37389e-05
-1.37053e-05
-1.37548e-05
-1.39275e-05
-1.41214e-05
-1.42283e-05
-1.43545e-05
-1.47521e-05
-1.54819e-05
-1.63933e-05
-1.73727e-05
-1.83111e-05
-1.90062e-05
-1.94355e-05
-1.9662e-05
-1.97005e-05
-1.5221e-05
-1.44753e-05
-1.35968e-05
-1.29012e-05
-1.2534e-05
-1.24328e-05
-1.23649e-05
-1.2028e-05
-1.14291e-05
-1.08648e-05
-1.04194e-05
-1.00018e-05
-9.57824e-06
-9.23398e-06
-9.04e-06
-8.96741e-06
-8.99721e-06
-9.09415e-06
-9.30413e-06
-9.61577e-06
-9.88216e-06
-9.8732e-06
-9.47764e-06
-8.924e-06
-8.54707e-06
-8.4492e-06
-8.50149e-06
-8.68483e-06
-8.90973e-06
-9.04388e-06
-9.23352e-06
-9.74196e-06
-1.06634e-05
-1.17539e-05
-1.28152e-05
-1.37871e-05
-1.45546e-05
-1.51229e-05
-1.54831e-05
-1.55569e-05
-1.13981e-05
-1.0739e-05
-9.88674e-06
-9.1426e-06
-8.64292e-06
-8.40889e-06
-8.22159e-06
-7.76107e-06
-7.0459e-06
-6.35616e-06
-5.83649e-06
-5.39666e-06
-4.99886e-06
-4.71134e-06
-4.63632e-06
-4.68444e-06
-4.79427e-06
-4.96839e-06
-5.20395e-06
-5.47021e-06
-5.66523e-06
-5.5959e-06
-5.22402e-06
-4.74342e-06
-4.38864e-06
-4.322e-06
-4.45121e-06
-4.70868e-06
-4.96142e-06
-5.1438e-06
-5.34401e-06
-5.79665e-06
-6.61004e-06
-7.64339e-06
-8.63264e-06
-9.4919e-06
-1.02422e-05
-1.09074e-05
-1.14315e-05
-1.16319e-05
-8.42309e-06
-7.97014e-06
-7.21138e-06
-6.44135e-06
-5.88263e-06
-5.56141e-06
-5.21695e-06
-4.61005e-06
-3.76346e-06
-2.9693e-06
-2.3919e-06
-1.93324e-06
-1.56676e-06
-1.31168e-06
-1.2532e-06
-1.32318e-06
-1.46837e-06
-1.67677e-06
-1.93958e-06
-2.19744e-06
-2.35033e-06
-2.32335e-06
-2.08929e-06
-1.73628e-06
-1.45491e-06
-1.44653e-06
-1.63949e-06
-1.93514e-06
-2.20455e-06
-2.39355e-06
-2.56966e-06
-2.91725e-06
-3.57397e-06
-4.46798e-06
-5.38965e-06
-6.22424e-06
-6.93736e-06
-7.58489e-06
-8.1366e-06
-8.45864e-06
-6.38432e-06
-6.05812e-06
-5.357e-06
-4.61098e-06
-4.06928e-06
-3.72365e-06
-3.3305e-06
-2.67691e-06
-1.79752e-06
-9.53317e-07
-3.23921e-07
1.32522e-07
5.01854e-07
8.04472e-07
9.4056e-07
9.06292e-07
7.32834e-07
4.70038e-07
1.4532e-07
-1.50377e-07
-3.32333e-07
-3.59625e-07
-2.15637e-07
4.85004e-08
2.93738e-07
2.90685e-07
6.82234e-08
-2.44797e-07
-5.2806e-07
-7.11877e-07
-8.76904e-07
-1.19936e-06
-1.7958e-06
-2.611e-06
-3.47914e-06
-4.26933e-06
-4.90008e-06
-5.43207e-06
-5.91784e-06
-6.2842e-06
-5.34944e-06
-5.0549e-06
-4.39024e-06
-3.66871e-06
-3.14775e-06
-2.82602e-06
-2.43937e-06
-1.77967e-06
-8.90816e-07
-3.03717e-08
5.89797e-07
1.03002e-06
1.40472e-06
1.73878e-06
1.92248e-06
1.91392e-06
1.72872e-06
1.41783e-06
1.03262e-06
6.84872e-07
4.57013e-07
3.86407e-07
4.95819e-07
7.39714e-07
9.85402e-07
1.00022e-06
7.95624e-07
4.86497e-07
2.00611e-07
3.29479e-09
-1.68603e-07
-4.8448e-07
-1.06773e-06
-1.84928e-06
-2.67382e-06
-3.41527e-06
-3.98267e-06
-4.45137e-06
-4.89496e-06
-5.23872e-06
-5.15211e-06
-4.86331e-06
-4.20051e-06
-3.48143e-06
-2.95936e-06
-2.62431e-06
-2.22329e-06
-1.56077e-06
-6.779e-07
1.69083e-07
7.82775e-07
1.22e-06
1.59345e-06
1.92748e-06
2.10873e-06
2.08942e-06
1.88179e-06
1.55279e-06
1.15848e-06
8.04424e-07
5.7206e-07
4.98463e-07
6.08179e-07
8.53686e-07
1.107e-06
1.13074e-06
9.25662e-07
6.11e-07
3.20862e-07
1.25644e-07
-4.24684e-08
-3.58e-07
-9.3127e-07
-1.69358e-06
-2.49515e-06
-3.21703e-06
-3.77323e-06
-4.24203e-06
-4.68661e-06
-5.03624e-06
-1.60019e-05
-1.60522e-05
-1.60744e-05
-1.60635e-05
-1.60227e-05
-1.59537e-05
-1.58675e-05
-1.57568e-05
-1.56538e-05
-1.55656e-05
-1.54901e-05
-1.54343e-05
-1.53805e-05
-1.53565e-05
-1.53502e-05
-1.53744e-05
-1.53962e-05
-1.5421e-05
-1.54588e-05
-1.55046e-05
-1.55368e-05
-1.55486e-05
-1.5565e-05
-1.55773e-05
-1.55857e-05
-1.56002e-05
-1.56388e-05
-1.56793e-05
-1.56956e-05
-1.56961e-05
-1.56961e-05
-1.56954e-05
-1.56916e-05
-1.56875e-05
-1.57033e-05
-1.57284e-05
-1.5771e-05
-1.58088e-05
-1.58625e-05
-1.59329e-05
-1.69648e-05
-1.6939e-05
-1.69079e-05
-1.68341e-05
-1.67376e-05
-1.66113e-05
-1.64624e-05
-1.6316e-05
-1.61858e-05
-1.60932e-05
-1.60332e-05
-1.59788e-05
-1.59434e-05
-1.59277e-05
-1.59439e-05
-1.60032e-05
-1.60635e-05
-1.61355e-05
-1.62338e-05
-1.63473e-05
-1.64452e-05
-1.65035e-05
-1.65332e-05
-1.65711e-05
-1.66181e-05
-1.66707e-05
-1.6745e-05
-1.68202e-05
-1.68903e-05
-1.6937e-05
-1.69709e-05
-1.69953e-05
-1.70104e-05
-1.70241e-05
-1.70328e-05
-1.70375e-05
-1.70337e-05
-1.70274e-05
-1.70147e-05
-1.69974e-05
-2.17456e-05
-2.16403e-05
-2.15355e-05
-2.14292e-05
-2.13182e-05
-2.11898e-05
-2.10403e-05
-2.08931e-05
-2.07628e-05
-2.06687e-05
-2.05931e-05
-2.05413e-05
-2.05178e-05
-2.05361e-05
-2.05992e-05
-2.07064e-05
-2.08518e-05
-2.10256e-05
-2.12148e-05
-2.13946e-05
-2.15444e-05
-2.16684e-05
-2.17502e-05
-2.18322e-05
-2.1959e-05
-2.21079e-05
-2.22764e-05
-2.24287e-05
-2.25298e-05
-2.2575e-05
-2.25849e-05
-2.25746e-05
-2.25434e-05
-2.24913e-05
-2.24315e-05
-2.23439e-05
-2.22286e-05
-2.20911e-05
-2.19669e-05
-2.18534e-05
-2.37465e-05
-2.36052e-05
-2.3477e-05
-2.33503e-05
-2.31985e-05
-2.30194e-05
-2.28522e-05
-2.27172e-05
-2.26124e-05
-2.25251e-05
-2.24501e-05
-2.23973e-05
-2.23898e-05
-2.24442e-05
-2.25514e-05
-2.27114e-05
-2.29113e-05
-2.31137e-05
-2.33137e-05
-2.35269e-05
-2.37034e-05
-2.38465e-05
-2.39541e-05
-2.40579e-05
-2.41963e-05
-2.43464e-05
-2.45027e-05
-2.46418e-05
-2.47194e-05
-2.47401e-05
-2.47232e-05
-2.46782e-05
-2.46233e-05
-2.45505e-05
-2.44666e-05
-2.43613e-05
-2.42394e-05
-2.41201e-05
-2.40092e-05
-2.38907e-05
-2.43928e-05
-2.43317e-05
-2.42243e-05
-2.40642e-05
-2.38872e-05
-2.37205e-05
-2.35678e-05
-2.34235e-05
-2.3285e-05
-2.31718e-05
-2.31042e-05
-2.30801e-05
-2.31133e-05
-2.31799e-05
-2.32758e-05
-2.34158e-05
-2.35968e-05
-2.37953e-05
-2.39664e-05
-2.4106e-05
-2.42236e-05
-2.43278e-05
-2.44392e-05
-2.45471e-05
-2.462e-05
-2.46696e-05
-2.46721e-05
-2.46419e-05
-2.46007e-05
-2.45549e-05
-2.45452e-05
-2.45683e-05
-2.46083e-05
-2.46566e-05
-2.46803e-05
-2.46896e-05
-2.46785e-05
-2.46265e-05
-2.4558e-05
-2.44731e-05
-2.52448e-05
-2.50782e-05
-2.49503e-05
-2.49125e-05
-2.49462e-05
-2.50231e-05
-2.5089e-05
-2.51483e-05
-2.51841e-05
-2.51803e-05
-2.5166e-05
-2.51619e-05
-2.51966e-05
-2.5273e-05
-2.53496e-05
-2.5409e-05
-2.54869e-05
-2.55754e-05
-2.56357e-05
-2.56327e-05
-2.56039e-05
-2.55882e-05
-2.55931e-05
-2.56314e-05
-2.56674e-05
-2.57238e-05
-2.57854e-05
-2.58351e-05
-2.58733e-05
-2.58814e-05
-2.58923e-05
-2.5961e-05
-2.60943e-05
-2.62004e-05
-2.62235e-05
-2.61466e-05
-2.59658e-05
-2.57694e-05
-2.55917e-05
-2.54183e-05
-2.65417e-05
-2.64584e-05
-2.64781e-05
-2.65749e-05
-2.67478e-05
-2.69132e-05
-2.70365e-05
-2.71112e-05
-2.71217e-05
-2.70536e-05
-2.697e-05
-2.69332e-05
-2.69668e-05
-2.70614e-05
-2.71843e-05
-2.72858e-05
-2.73573e-05
-2.73895e-05
-2.73787e-05
-2.73318e-05
-2.735e-05
-2.74545e-05
-2.75961e-05
-2.77147e-05
-2.77497e-05
-2.77411e-05
-2.7766e-05
-2.78162e-05
-2.7808e-05
-2.77473e-05
-2.76394e-05
-2.75745e-05
-2.75516e-05
-2.754e-05
-2.74801e-05
-2.73581e-05
-2.71939e-05
-2.70161e-05
-2.68574e-05
-2.66982e-05
-2.88131e-05
-2.87307e-05
-2.87831e-05
-2.89378e-05
-2.91408e-05
-2.93501e-05
-2.95088e-05
-2.95645e-05
-2.95201e-05
-2.93984e-05
-2.93212e-05
-2.9395e-05
-2.95735e-05
-2.97863e-05
-2.99321e-05
-2.99614e-05
-2.98857e-05
-2.97715e-05
-2.96811e-05
-2.96136e-05
-2.95497e-05
-2.95068e-05
-2.95005e-05
-2.95093e-05
-2.95075e-05
-2.9556e-05
-2.96909e-05
-2.98747e-05
-3.00687e-05
-3.02175e-05
-3.02958e-05
-3.02899e-05
-3.01917e-05
-3.00503e-05
-2.98933e-05
-2.97054e-05
-2.95306e-05
-2.93935e-05
-2.9249e-05
-2.90296e-05
-3.14686e-05
-3.14736e-05
-3.16543e-05
-3.19084e-05
-3.21604e-05
-3.23455e-05
-3.24441e-05
-3.23644e-05
-3.21082e-05
-3.18073e-05
-3.16336e-05
-3.1678e-05
-3.19012e-05
-3.20975e-05
-3.21718e-05
-3.20337e-05
-3.17781e-05
-3.15489e-05
-3.14215e-05
-3.13614e-05
-3.13127e-05
-3.13181e-05
-3.13868e-05
-3.14411e-05
-3.15339e-05
-3.17302e-05
-3.19979e-05
-3.2262e-05
-3.25307e-05
-3.2838e-05
-3.31042e-05
-3.32725e-05
-3.33021e-05
-3.31629e-05
-3.29354e-05
-3.26661e-05
-3.23754e-05
-3.21445e-05
-3.19249e-05
-3.1661e-05
-3.41998e-05
-3.4128e-05
-3.4039e-05
-3.39747e-05
-3.38997e-05
-3.38678e-05
-3.39137e-05
-3.39656e-05
-3.39439e-05
-3.38615e-05
-3.38343e-05
-3.39377e-05
-3.41169e-05
-3.42048e-05
-3.41333e-05
-3.39832e-05
-3.38558e-05
-3.37917e-05
-3.38011e-05
-3.38932e-05
-3.41016e-05
-3.43657e-05
-3.46581e-05
-3.48653e-05
-3.49636e-05
-3.50188e-05
-3.50261e-05
-3.49909e-05
-3.49866e-05
-3.51035e-05
-3.5247e-05
-3.52829e-05
-3.52288e-05
-3.52048e-05
-3.51831e-05
-3.51369e-05
-3.50626e-05
-3.49512e-05
-3.47205e-05
-3.4384e-05
-3.5112e-05
-3.48573e-05
-3.45825e-05
-3.43275e-05
-3.42297e-05
-3.43085e-05
-3.45664e-05
-3.49461e-05
-3.52532e-05
-3.5428e-05
-3.5621e-05
-3.5886e-05
-3.62041e-05
-3.64828e-05
-3.66048e-05
-3.66504e-05
-3.66749e-05
-3.67517e-05
-3.69477e-05
-3.71718e-05
-3.74461e-05
-3.76734e-05
-3.77826e-05
-3.77424e-05
-3.75432e-05
-3.73102e-05
-3.71126e-05
-3.69272e-05
-3.68467e-05
-3.67903e-05
-3.67326e-05
-3.6622e-05
-3.64707e-05
-3.63528e-05
-3.63027e-05
-3.63007e-05
-3.62561e-05
-3.61034e-05
-3.57853e-05
-3.54099e-05
-3.51159e-05
-3.49804e-05
-3.4762e-05
-3.45518e-05
-3.45181e-05
-3.47478e-05
-3.51441e-05
-3.55147e-05
-3.57597e-05
-3.60027e-05
-3.6393e-05
-3.6921e-05
-3.75921e-05
-3.8262e-05
-3.8697e-05
-3.88104e-05
-3.87927e-05
-3.88463e-05
-3.90495e-05
-3.9317e-05
-3.95263e-05
-3.95208e-05
-3.92141e-05
-3.87602e-05
-3.83633e-05
-3.80659e-05
-3.7839e-05
-3.76253e-05
-3.73448e-05
-3.70434e-05
-3.67329e-05
-3.64088e-05
-3.60938e-05
-3.58659e-05
-3.58003e-05
-3.58248e-05
-3.5782e-05
-3.56561e-05
-3.54222e-05
-3.52189e-05
-3.40622e-05
-3.41155e-05
-3.41598e-05
-3.41902e-05
-3.42731e-05
-3.45108e-05
-3.48589e-05
-3.51092e-05
-3.53817e-05
-3.5803e-05
-3.63951e-05
-3.71133e-05
-3.79756e-05
-3.87913e-05
-3.93264e-05
-3.94666e-05
-3.93646e-05
-3.93231e-05
-3.94187e-05
-3.95114e-05
-3.94117e-05
-3.89327e-05
-3.82393e-05
-3.74712e-05
-3.69093e-05
-3.65699e-05
-3.62904e-05
-3.59618e-05
-3.55359e-05
-3.5038e-05
-3.45147e-05
-3.41226e-05
-3.38825e-05
-3.38718e-05
-3.40135e-05
-3.41407e-05
-3.41448e-05
-3.40322e-05
-3.39553e-05
-3.39857e-05
-3.29315e-05
-3.30805e-05
-3.32513e-05
-3.3424e-05
-3.35674e-05
-3.38169e-05
-3.4169e-05
-3.4512e-05
-3.48709e-05
-3.52306e-05
-3.57104e-05
-3.63053e-05
-3.70259e-05
-3.76083e-05
-3.7943e-05
-3.80683e-05
-3.80594e-05
-3.79829e-05
-3.78535e-05
-3.76707e-05
-3.72571e-05
-3.65757e-05
-3.57758e-05
-3.49865e-05
-3.43278e-05
-3.39119e-05
-3.35234e-05
-3.30426e-05
-3.25407e-05
-3.20567e-05
-3.16255e-05
-3.13286e-05
-3.12693e-05
-3.15014e-05
-3.19679e-05
-3.23921e-05
-3.25886e-05
-3.26358e-05
-3.26435e-05
-3.27709e-05
-3.08668e-05
-3.10375e-05
-3.13155e-05
-3.1646e-05
-3.19472e-05
-3.23036e-05
-3.27451e-05
-3.32263e-05
-3.36033e-05
-3.3801e-05
-3.39162e-05
-3.41007e-05
-3.44459e-05
-3.47843e-05
-3.49771e-05
-3.50712e-05
-3.50354e-05
-3.47903e-05
-3.44134e-05
-3.40535e-05
-3.3607e-05
-3.29584e-05
-3.21844e-05
-3.13892e-05
-3.07119e-05
-3.02427e-05
-2.98618e-05
-2.95202e-05
-2.921e-05
-2.90367e-05
-2.89267e-05
-2.8839e-05
-2.89208e-05
-2.92302e-05
-2.97686e-05
-3.02574e-05
-3.04756e-05
-3.05311e-05
-3.06291e-05
-3.07478e-05
-2.77285e-05
-2.78972e-05
-2.81655e-05
-2.85511e-05
-2.90679e-05
-2.97006e-05
-3.0297e-05
-3.07526e-05
-3.10312e-05
-3.1139e-05
-3.10967e-05
-3.10655e-05
-3.11145e-05
-3.10379e-05
-3.0775e-05
-3.05034e-05
-3.0277e-05
-2.99434e-05
-2.95047e-05
-2.90589e-05
-2.85765e-05
-2.80188e-05
-2.75088e-05
-2.70416e-05
-2.65959e-05
-2.63e-05
-2.61065e-05
-2.60479e-05
-2.60793e-05
-2.61537e-05
-2.62193e-05
-2.6244e-05
-2.63528e-05
-2.66916e-05
-2.71828e-05
-2.74925e-05
-2.74885e-05
-2.74059e-05
-2.7445e-05
-2.75849e-05
-2.3858e-05
-2.39356e-05
-2.40384e-05
-2.43147e-05
-2.4956e-05
-2.57899e-05
-2.64604e-05
-2.67718e-05
-2.68963e-05
-2.69407e-05
-2.69049e-05
-2.68443e-05
-2.66709e-05
-2.63109e-05
-2.57657e-05
-2.52831e-05
-2.48767e-05
-2.44777e-05
-2.4055e-05
-2.35146e-05
-2.29985e-05
-2.26257e-05
-2.24516e-05
-2.23425e-05
-2.22235e-05
-2.21172e-05
-2.21562e-05
-2.23583e-05
-2.26138e-05
-2.2745e-05
-2.27573e-05
-2.27731e-05
-2.29131e-05
-2.32305e-05
-2.36447e-05
-2.38135e-05
-2.3621e-05
-2.34628e-05
-2.35133e-05
-2.37051e-05
-1.94588e-05
-1.93333e-05
-1.91792e-05
-1.92153e-05
-1.97455e-05
-2.0581e-05
-2.1243e-05
-2.14971e-05
-2.14682e-05
-2.14145e-05
-2.14008e-05
-2.13958e-05
-2.13077e-05
-2.09409e-05
-2.03331e-05
-1.97571e-05
-1.93467e-05
-1.8986e-05
-1.85521e-05
-1.81022e-05
-1.77396e-05
-1.75855e-05
-1.7582e-05
-1.75779e-05
-1.75765e-05
-1.76891e-05
-1.79928e-05
-1.83791e-05
-1.86263e-05
-1.87189e-05
-1.86796e-05
-1.85549e-05
-1.85981e-05
-1.88953e-05
-1.92293e-05
-1.92885e-05
-1.91264e-05
-1.90749e-05
-1.91882e-05
-1.93974e-05
-1.43337e-05
-1.41806e-05
-1.39125e-05
-1.38351e-05
-1.42233e-05
-1.49579e-05
-1.55924e-05
-1.57581e-05
-1.56271e-05
-1.54871e-05
-1.54364e-05
-1.54695e-05
-1.54595e-05
-1.52072e-05
-1.47077e-05
-1.42547e-05
-1.40103e-05
-1.37534e-05
-1.33536e-05
-1.29825e-05
-1.28092e-05
-1.28746e-05
-1.2939e-05
-1.28599e-05
-1.28004e-05
-1.29153e-05
-1.32137e-05
-1.35451e-05
-1.37338e-05
-1.37899e-05
-1.36878e-05
-1.35447e-05
-1.36138e-05
-1.39051e-05
-1.41591e-05
-1.41519e-05
-1.39826e-05
-1.39165e-05
-1.40504e-05
-1.42634e-05
-8.94428e-06
-8.81569e-06
-8.59031e-06
-8.51036e-06
-8.91338e-06
-9.67771e-06
-1.03293e-05
-1.04947e-05
-1.0276e-05
-1.00473e-05
-9.8935e-06
-9.84383e-06
-9.84166e-06
-9.62297e-06
-9.20293e-06
-8.89964e-06
-8.83741e-06
-8.74835e-06
-8.4941e-06
-8.24333e-06
-8.2165e-06
-8.36397e-06
-8.45482e-06
-8.38739e-06
-8.33379e-06
-8.41269e-06
-8.5865e-06
-8.84331e-06
-9.04518e-06
-9.10463e-06
-8.99981e-06
-8.84649e-06
-8.85949e-06
-9.06225e-06
-9.27752e-06
-9.2776e-06
-9.05162e-06
-8.87893e-06
-8.86601e-06
-8.92412e-06
-4.02498e-06
-3.85913e-06
-3.6757e-06
-3.64417e-06
-4.03702e-06
-4.82307e-06
-5.52958e-06
-5.75262e-06
-5.5475e-06
-5.25314e-06
-5.03971e-06
-4.99336e-06
-5.00243e-06
-4.84268e-06
-4.54263e-06
-4.35963e-06
-4.35702e-06
-4.36079e-06
-4.23448e-06
-4.13343e-06
-4.21105e-06
-4.42586e-06
-4.62564e-06
-4.68296e-06
-4.72031e-06
-4.79253e-06
-4.9008e-06
-5.1044e-06
-5.32392e-06
-5.41434e-06
-5.30227e-06
-5.08589e-06
-4.92415e-06
-4.92368e-06
-4.9784e-06
-4.90464e-06
-4.68222e-06
-4.48713e-06
-4.328e-06
-4.1725e-06
-9.9599e-08
1.58125e-07
3.60133e-07
3.72585e-07
-1.71815e-08
-7.25748e-07
-1.3716e-06
-1.65685e-06
-1.55811e-06
-1.36397e-06
-1.26212e-06
-1.33337e-06
-1.46581e-06
-1.43915e-06
-1.27933e-06
-1.1913e-06
-1.23183e-06
-1.28342e-06
-1.22974e-06
-1.18332e-06
-1.28156e-06
-1.54727e-06
-1.82761e-06
-1.97473e-06
-2.06688e-06
-2.12835e-06
-2.19983e-06
-2.3868e-06
-2.60035e-06
-2.6848e-06
-2.53652e-06
-2.20716e-06
-1.87079e-06
-1.70871e-06
-1.63788e-06
-1.48056e-06
-1.26011e-06
-1.03591e-06
-7.48536e-07
-4.11028e-07
2.46682e-06
2.79973e-06
3.03291e-06
3.05031e-06
2.65498e-06
1.97533e-06
1.38025e-06
1.12045e-06
1.15914e-06
1.23481e-06
1.20823e-06
1.0012e-06
7.23709e-07
6.12651e-07
6.34701e-07
6.03638e-07
4.88235e-07
4.1056e-07
4.57007e-07
4.98667e-07
4.04561e-07
1.45469e-07
-1.54086e-07
-3.43237e-07
-4.78186e-07
-5.61714e-07
-6.24667e-07
-7.87596e-07
-9.77763e-07
-1.04541e-06
-8.41301e-07
-4.07104e-07
5.22724e-08
3.16723e-07
4.44831e-07
6.34906e-07
8.89905e-07
1.18937e-06
1.57996e-06
2.03735e-06
3.60674e-06
3.98301e-06
4.2299e-06
4.23407e-06
3.82524e-06
3.11988e-06
2.47967e-06
2.18335e-06
2.21506e-06
2.27923e-06
2.21767e-06
1.9628e-06
1.6395e-06
1.47519e-06
1.4349e-06
1.34942e-06
1.19375e-06
1.08914e-06
1.11482e-06
1.15112e-06
1.05781e-06
8.06229e-07
5.10088e-07
3.17216e-07
1.70867e-07
7.62715e-08
2.04589e-08
-1.19334e-07
-2.90084e-07
-3.45333e-07
-1.25937e-07
3.4718e-07
8.61551e-07
1.17649e-06
1.34644e-06
1.57604e-06
1.86467e-06
2.1963e-06
2.62237e-06
3.12312e-06
3.84006e-06
4.20872e-06
4.44615e-06
4.43333e-06
4.00382e-06
3.27773e-06
2.6149e-06
2.30342e-06
2.33452e-06
2.40651e-06
2.35039e-06
2.0978e-06
1.77929e-06
1.61456e-06
1.56778e-06
1.47461e-06
1.31833e-06
1.21409e-06
1.24159e-06
1.27538e-06
1.18102e-06
9.30091e-07
6.36678e-07
4.44898e-07
3.00567e-07
2.15562e-07
1.70269e-07
3.8625e-08
-1.29191e-07
-1.87967e-07
3.22973e-08
5.13784e-07
1.04295e-06
1.37473e-06
1.56424e-06
1.8075e-06
2.10449e-06
2.44073e-06
2.86976e-06
3.36587e-06
-1.58485e-05
-1.5874e-05
-1.58872e-05
-1.58609e-05
-1.57951e-05
-1.57116e-05
-1.5607e-05
-1.55004e-05
-1.53909e-05
-1.52962e-05
-1.52076e-05
-1.51208e-05
-1.50657e-05
-1.50344e-05
-1.50302e-05
-1.50423e-05
-1.50649e-05
-1.50958e-05
-1.51341e-05
-1.51809e-05
-1.52111e-05
-1.5229e-05
-1.52445e-05
-1.52687e-05
-1.52936e-05
-1.53385e-05
-1.54031e-05
-1.5465e-05
-1.55185e-05
-1.5555e-05
-1.5571e-05
-1.55843e-05
-1.55991e-05
-1.56075e-05
-1.56207e-05
-1.56422e-05
-1.56613e-05
-1.56934e-05
-1.57489e-05
-1.58064e-05
-1.69572e-05
-1.69922e-05
-1.70111e-05
-1.70154e-05
-1.69779e-05
-1.69063e-05
-1.6804e-05
-1.66943e-05
-1.65918e-05
-1.65057e-05
-1.6442e-05
-1.63878e-05
-1.63364e-05
-1.63088e-05
-1.6309e-05
-1.63102e-05
-1.63275e-05
-1.63436e-05
-1.63598e-05
-1.63695e-05
-1.63842e-05
-1.63948e-05
-1.6398e-05
-1.63853e-05
-1.63681e-05
-1.63669e-05
-1.63811e-05
-1.6417e-05
-1.64448e-05
-1.64854e-05
-1.65248e-05
-1.65724e-05
-1.66164e-05
-1.6659e-05
-1.67012e-05
-1.6759e-05
-1.67968e-05
-1.68343e-05
-1.68757e-05
-1.69149e-05
-2.221e-05
-2.21962e-05
-2.21626e-05
-2.20944e-05
-2.20244e-05
-2.19445e-05
-2.18539e-05
-2.17438e-05
-2.16223e-05
-2.15077e-05
-2.14378e-05
-2.14049e-05
-2.13951e-05
-2.14264e-05
-2.14927e-05
-2.15863e-05
-2.17048e-05
-2.18251e-05
-2.19431e-05
-2.2015e-05
-2.20348e-05
-2.20036e-05
-2.19485e-05
-2.1915e-05
-2.19251e-05
-2.19749e-05
-2.20312e-05
-2.2073e-05
-2.20876e-05
-2.2089e-05
-2.20913e-05
-2.21129e-05
-2.2126e-05
-2.21459e-05
-2.21669e-05
-2.21722e-05
-2.21732e-05
-2.21878e-05
-2.22098e-05
-2.22131e-05
-2.58628e-05
-2.58931e-05
-2.59067e-05
-2.5888e-05
-2.5838e-05
-2.57523e-05
-2.56563e-05
-2.55596e-05
-2.54456e-05
-2.53556e-05
-2.53087e-05
-2.52897e-05
-2.53168e-05
-2.53955e-05
-2.55252e-05
-2.56839e-05
-2.58528e-05
-2.60085e-05
-2.61314e-05
-2.61899e-05
-2.61888e-05
-2.6134e-05
-2.60463e-05
-2.59604e-05
-2.59134e-05
-2.58996e-05
-2.58917e-05
-2.58782e-05
-2.58546e-05
-2.58148e-05
-2.57662e-05
-2.57327e-05
-2.57355e-05
-2.57702e-05
-2.57979e-05
-2.58029e-05
-2.57903e-05
-2.57934e-05
-2.57997e-05
-2.58248e-05
-2.7644e-05
-2.75954e-05
-2.75127e-05
-2.74121e-05
-2.7309e-05
-2.71913e-05
-2.70438e-05
-2.69038e-05
-2.67969e-05
-2.67253e-05
-2.66954e-05
-2.6713e-05
-2.67859e-05
-2.69275e-05
-2.71081e-05
-2.73234e-05
-2.75333e-05
-2.76969e-05
-2.77873e-05
-2.78117e-05
-2.78035e-05
-2.77631e-05
-2.77049e-05
-2.76592e-05
-2.76378e-05
-2.75977e-05
-2.7533e-05
-2.74746e-05
-2.74415e-05
-2.74457e-05
-2.74609e-05
-2.75091e-05
-2.75805e-05
-2.76357e-05
-2.76716e-05
-2.76721e-05
-2.76582e-05
-2.76489e-05
-2.76568e-05
-2.76601e-05
-2.97988e-05
-2.97553e-05
-2.97088e-05
-2.96515e-05
-2.96044e-05
-2.95757e-05
-2.95608e-05
-2.95486e-05
-2.95527e-05
-2.95527e-05
-2.95065e-05
-2.94421e-05
-2.94127e-05
-2.9448e-05
-2.95265e-05
-2.96631e-05
-2.98548e-05
-3.00565e-05
-3.01893e-05
-3.02649e-05
-3.02644e-05
-3.01903e-05
-3.01006e-05
-3.00536e-05
-3.00769e-05
-3.01233e-05
-3.01625e-05
-3.01343e-05
-3.00662e-05
-2.99977e-05
-2.99397e-05
-2.99551e-05
-3.00538e-05
-3.01627e-05
-3.01803e-05
-3.01112e-05
-3.00043e-05
-2.99075e-05
-2.98693e-05
-2.98362e-05
-3.17462e-05
-3.18158e-05
-3.18659e-05
-3.1882e-05
-3.18727e-05
-3.18776e-05
-3.18675e-05
-3.18224e-05
-3.17202e-05
-3.15737e-05
-3.14187e-05
-3.13494e-05
-3.13923e-05
-3.15545e-05
-3.17703e-05
-3.19639e-05
-3.20901e-05
-3.21849e-05
-3.22691e-05
-3.23663e-05
-3.24999e-05
-3.26395e-05
-3.27724e-05
-3.28655e-05
-3.28866e-05
-3.28269e-05
-3.26815e-05
-3.24701e-05
-3.2214e-05
-3.19627e-05
-3.18055e-05
-3.17714e-05
-3.18614e-05
-3.19692e-05
-3.20052e-05
-3.19672e-05
-3.18961e-05
-3.18297e-05
-3.17614e-05
-3.17232e-05
-3.44978e-05
-3.46916e-05
-3.48572e-05
-3.48971e-05
-3.48717e-05
-3.48094e-05
-3.47101e-05
-3.45232e-05
-3.41951e-05
-3.37734e-05
-3.34126e-05
-3.32812e-05
-3.3402e-05
-3.36618e-05
-3.38397e-05
-3.39232e-05
-3.39021e-05
-3.38349e-05
-3.38311e-05
-3.38962e-05
-3.40311e-05
-3.42632e-05
-3.45589e-05
-3.48132e-05
-3.49706e-05
-3.5077e-05
-3.51061e-05
-3.50386e-05
-3.48986e-05
-3.47133e-05
-3.45643e-05
-3.45013e-05
-3.45427e-05
-3.46287e-05
-3.46544e-05
-3.4606e-05
-3.44922e-05
-3.43925e-05
-3.43471e-05
-3.43754e-05
-3.69544e-05
-3.7239e-05
-3.74782e-05
-3.75755e-05
-3.75687e-05
-3.74979e-05
-3.7326e-05
-3.70001e-05
-3.64985e-05
-3.5948e-05
-3.54759e-05
-3.52254e-05
-3.5231e-05
-3.53569e-05
-3.5416e-05
-3.5337e-05
-3.51304e-05
-3.48858e-05
-3.47339e-05
-3.47403e-05
-3.49336e-05
-3.52972e-05
-3.57282e-05
-3.61452e-05
-3.64935e-05
-3.67342e-05
-3.68355e-05
-3.68469e-05
-3.68939e-05
-3.70118e-05
-3.71971e-05
-3.73773e-05
-3.74473e-05
-3.74451e-05
-3.74093e-05
-3.72741e-05
-3.70754e-05
-3.69023e-05
-3.68003e-05
-3.68e-05
-3.8849e-05
-3.91394e-05
-3.93358e-05
-3.93606e-05
-3.92618e-05
-3.91133e-05
-3.8869e-05
-3.85827e-05
-3.82745e-05
-3.79422e-05
-3.76823e-05
-3.75643e-05
-3.76274e-05
-3.77324e-05
-3.76686e-05
-3.73831e-05
-3.70429e-05
-3.68788e-05
-3.69386e-05
-3.72242e-05
-3.76402e-05
-3.8118e-05
-3.85657e-05
-3.8924e-05
-3.92291e-05
-3.94576e-05
-3.95838e-05
-3.97081e-05
-3.99299e-05
-4.01873e-05
-4.03799e-05
-4.03881e-05
-4.03254e-05
-4.01871e-05
-3.99436e-05
-3.9597e-05
-3.91983e-05
-3.88463e-05
-3.8619e-05
-3.86207e-05
-3.97558e-05
-3.98235e-05
-3.98291e-05
-3.97787e-05
-3.96221e-05
-3.94107e-05
-3.92987e-05
-3.93198e-05
-3.94208e-05
-3.95343e-05
-3.96516e-05
-3.97843e-05
-3.98575e-05
-3.98879e-05
-3.97772e-05
-3.95612e-05
-3.95396e-05
-3.97603e-05
-4.01146e-05
-4.0573e-05
-4.10591e-05
-4.15656e-05
-4.19729e-05
-4.22948e-05
-4.25357e-05
-4.26536e-05
-4.26672e-05
-4.271e-05
-4.28953e-05
-4.30554e-05
-4.29616e-05
-4.25986e-05
-4.20953e-05
-4.1567e-05
-4.10685e-05
-4.06181e-05
-4.02281e-05
-3.98601e-05
-3.96787e-05
-3.96921e-05
-4.04319e-05
-4.05117e-05
-4.04648e-05
-4.03622e-05
-4.03139e-05
-4.04188e-05
-4.07581e-05
-4.11383e-05
-4.13229e-05
-4.12978e-05
-4.11402e-05
-4.09032e-05
-4.06456e-05
-4.04588e-05
-4.03559e-05
-4.03851e-05
-4.05525e-05
-4.07908e-05
-4.10932e-05
-4.14934e-05
-4.19928e-05
-4.23988e-05
-4.26195e-05
-4.26303e-05
-4.25453e-05
-4.23918e-05
-4.21519e-05
-4.19513e-05
-4.18095e-05
-4.16171e-05
-4.12708e-05
-4.08698e-05
-4.0484e-05
-4.02324e-05
-4.01429e-05
-4.01397e-05
-4.01332e-05
-4.01315e-05
-4.01586e-05
-4.03033e-05
-3.98021e-05
-3.99475e-05
-4.00947e-05
-4.02393e-05
-4.04356e-05
-4.0742e-05
-4.1099e-05
-4.1252e-05
-4.11251e-05
-4.07447e-05
-4.02801e-05
-3.99751e-05
-3.97758e-05
-3.97067e-05
-3.97438e-05
-3.98452e-05
-3.99231e-05
-3.99884e-05
-4.00481e-05
-4.01946e-05
-4.05263e-05
-4.07381e-05
-4.06565e-05
-4.03362e-05
-3.99985e-05
-3.97208e-05
-3.95459e-05
-3.93515e-05
-3.90272e-05
-3.84993e-05
-3.7918e-05
-3.74973e-05
-3.73706e-05
-3.75389e-05
-3.79507e-05
-3.84133e-05
-3.87203e-05
-3.89688e-05
-3.92474e-05
-3.9545e-05
-3.78905e-05
-3.81464e-05
-3.83309e-05
-3.84271e-05
-3.85338e-05
-3.86788e-05
-3.87941e-05
-3.88235e-05
-3.87268e-05
-3.86123e-05
-3.85897e-05
-3.86945e-05
-3.89047e-05
-3.89466e-05
-3.88539e-05
-3.86165e-05
-3.83136e-05
-3.80869e-05
-3.79657e-05
-3.79078e-05
-3.78491e-05
-3.77322e-05
-3.74802e-05
-3.71086e-05
-3.67306e-05
-3.64644e-05
-3.63077e-05
-3.60588e-05
-3.55749e-05
-3.48692e-05
-3.42537e-05
-3.39588e-05
-3.40561e-05
-3.4523e-05
-3.51466e-05
-3.58163e-05
-3.63464e-05
-3.68089e-05
-3.72667e-05
-3.75917e-05
-3.52434e-05
-3.53987e-05
-3.54125e-05
-3.53926e-05
-3.54265e-05
-3.54293e-05
-3.54569e-05
-3.55652e-05
-3.58121e-05
-3.62212e-05
-3.6752e-05
-3.72629e-05
-3.75209e-05
-3.73793e-05
-3.69797e-05
-3.6463e-05
-3.59712e-05
-3.555e-05
-3.5218e-05
-3.48533e-05
-3.4535e-05
-3.42323e-05
-3.38132e-05
-3.32749e-05
-3.27543e-05
-3.23343e-05
-3.2044e-05
-3.17455e-05
-3.1336e-05
-3.0949e-05
-3.06423e-05
-3.06556e-05
-3.10169e-05
-3.16774e-05
-3.25506e-05
-3.34351e-05
-3.4188e-05
-3.47223e-05
-3.49934e-05
-3.50955e-05
-3.1624e-05
-3.1604e-05
-3.14401e-05
-3.12867e-05
-3.12851e-05
-3.13128e-05
-3.13868e-05
-3.1677e-05
-3.22462e-05
-3.29771e-05
-3.35917e-05
-3.3895e-05
-3.3912e-05
-3.36148e-05
-3.30683e-05
-3.24049e-05
-3.17939e-05
-3.1254e-05
-3.07945e-05
-3.03616e-05
-2.99756e-05
-2.95992e-05
-2.90986e-05
-2.84788e-05
-2.78164e-05
-2.73335e-05
-2.70157e-05
-2.68839e-05
-2.68478e-05
-2.68602e-05
-2.69356e-05
-2.72566e-05
-2.78697e-05
-2.87427e-05
-2.98491e-05
-3.0923e-05
-3.15595e-05
-3.17725e-05
-3.17281e-05
-3.16114e-05
-2.68622e-05
-2.67449e-05
-2.65316e-05
-2.63561e-05
-2.6354e-05
-2.65033e-05
-2.67575e-05
-2.71815e-05
-2.78195e-05
-2.84769e-05
-2.88588e-05
-2.88735e-05
-2.86226e-05
-2.8153e-05
-2.75279e-05
-2.69517e-05
-2.64478e-05
-2.59449e-05
-2.55217e-05
-2.51773e-05
-2.48555e-05
-2.45034e-05
-2.39635e-05
-2.33326e-05
-2.27093e-05
-2.22546e-05
-2.20152e-05
-2.20003e-05
-2.21524e-05
-2.24044e-05
-2.2757e-05
-2.32502e-05
-2.3956e-05
-2.49124e-05
-2.59908e-05
-2.68828e-05
-2.72855e-05
-2.72791e-05
-2.71209e-05
-2.69458e-05
-2.14411e-05
-2.1401e-05
-2.13249e-05
-2.12494e-05
-2.12734e-05
-2.14285e-05
-2.17445e-05
-2.21586e-05
-2.2627e-05
-2.30338e-05
-2.31901e-05
-2.30072e-05
-2.25957e-05
-2.20492e-05
-2.15123e-05
-2.11135e-05
-2.08149e-05
-2.04691e-05
-2.01198e-05
-1.98542e-05
-1.95877e-05
-1.92273e-05
-1.87677e-05
-1.82575e-05
-1.78085e-05
-1.75094e-05
-1.73082e-05
-1.7203e-05
-1.72612e-05
-1.75335e-05
-1.79982e-05
-1.85423e-05
-1.92213e-05
-2.0066e-05
-2.09109e-05
-2.15201e-05
-2.17394e-05
-2.17156e-05
-2.1601e-05
-2.14938e-05
-1.59298e-05
-1.60139e-05
-1.61005e-05
-1.6086e-05
-1.60999e-05
-1.62555e-05
-1.65436e-05
-1.67943e-05
-1.69549e-05
-1.70343e-05
-1.69636e-05
-1.66833e-05
-1.63106e-05
-1.59271e-05
-1.55756e-05
-1.53522e-05
-1.51691e-05
-1.49255e-05
-1.46547e-05
-1.44488e-05
-1.42519e-05
-1.39528e-05
-1.36203e-05
-1.33792e-05
-1.32521e-05
-1.31899e-05
-1.30581e-05
-1.28572e-05
-1.28186e-05
-1.30496e-05
-1.34493e-05
-1.39178e-05
-1.44795e-05
-1.50972e-05
-1.56358e-05
-1.58965e-05
-1.59328e-05
-1.59093e-05
-1.58826e-05
-1.5895e-05
-1.07185e-05
-1.09064e-05
-1.10488e-05
-1.10709e-05
-1.1116e-05
-1.12553e-05
-1.14515e-05
-1.14917e-05
-1.14083e-05
-1.13044e-05
-1.11054e-05
-1.07846e-05
-1.04469e-05
-1.01467e-05
-9.89544e-06
-9.75298e-06
-9.63742e-06
-9.51022e-06
-9.39145e-06
-9.31309e-06
-9.23183e-06
-9.09458e-06
-8.94606e-06
-8.91782e-06
-9.02109e-06
-9.16812e-06
-9.18075e-06
-9.07312e-06
-9.11298e-06
-9.37267e-06
-9.69748e-06
-9.99315e-06
-1.03179e-05
-1.0632e-05
-1.0865e-05
-1.09143e-05
-1.08177e-05
-1.06936e-05
-1.0608e-05
-1.0621e-05
-6.15096e-06
-6.36378e-06
-6.49876e-06
-6.54825e-06
-6.63074e-06
-6.78668e-06
-6.91627e-06
-6.86086e-06
-6.68509e-06
-6.50714e-06
-6.25863e-06
-5.92602e-06
-5.57473e-06
-5.23829e-06
-4.98528e-06
-4.86735e-06
-4.80584e-06
-4.77137e-06
-4.74458e-06
-4.77218e-06
-4.79232e-06
-4.76282e-06
-4.73427e-06
-4.83287e-06
-5.07104e-06
-5.35373e-06
-5.5315e-06
-5.61456e-06
-5.84306e-06
-6.23637e-06
-6.62281e-06
-6.86563e-06
-7.03933e-06
-7.14111e-06
-7.14644e-06
-7.03357e-06
-6.80304e-06
-6.47259e-06
-6.17393e-06
-6.04992e-06
-2.45984e-06
-2.63054e-06
-2.78501e-06
-2.87344e-06
-2.99568e-06
-3.20121e-06
-3.37006e-06
-3.33098e-06
-3.15482e-06
-2.93406e-06
-2.66144e-06
-2.32631e-06
-1.96157e-06
-1.59408e-06
-1.33864e-06
-1.2282e-06
-1.1545e-06
-1.10791e-06
-1.11435e-06
-1.21057e-06
-1.31983e-06
-1.37545e-06
-1.43405e-06
-1.58522e-06
-1.87092e-06
-2.24583e-06
-2.55611e-06
-2.79104e-06
-3.16648e-06
-3.67273e-06
-4.13876e-06
-4.42827e-06
-4.56808e-06
-4.55516e-06
-4.41133e-06
-4.17723e-06
-3.79288e-06
-3.26125e-06
-2.75811e-06
-2.46725e-06
-1.31111e-07
-2.20596e-07
-3.69921e-07
-5.08531e-07
-6.86029e-07
-9.50594e-07
-1.18556e-06
-1.20946e-06
-1.06975e-06
-8.48971e-07
-5.56064e-07
-2.07524e-07
1.68193e-07
5.3243e-07
7.75845e-07
8.75166e-07
9.53835e-07
1.00639e-06
9.96999e-07
8.77945e-07
7.33125e-07
6.18217e-07
5.19518e-07
3.53756e-07
3.32448e-08
-4.07081e-07
-7.65023e-07
-1.0291e-06
-1.44378e-06
-1.98244e-06
-2.47604e-06
-2.80166e-06
-2.95149e-06
-2.91923e-06
-2.73164e-06
-2.41826e-06
-1.92699e-06
-1.29351e-06
-6.88964e-07
-2.75328e-07
8.64754e-07
7.97086e-07
6.37017e-07
4.67438e-07
2.44606e-07
-6.29236e-08
-3.42942e-07
-4.02406e-07
-2.78013e-07
-5.74831e-08
2.41178e-07
5.90769e-07
9.642e-07
1.32766e-06
1.56125e-06
1.65372e-06
1.71903e-06
1.7627e-06
1.74866e-06
1.61838e-06
1.45371e-06
1.3297e-06
1.23241e-06
1.06444e-06
7.42547e-07
2.99592e-07
-6.09027e-08
-3.27899e-07
-7.48133e-07
-1.29142e-06
-1.78609e-06
-2.10537e-06
-2.24787e-06
-2.21877e-06
-2.02811e-06
-1.69049e-06
-1.16022e-06
-4.77051e-07
1.91406e-07
6.74154e-07
1.09451e-06
1.00946e-06
8.26152e-07
6.36592e-07
4.02212e-07
8.76749e-08
-1.90733e-07
-2.4676e-07
-1.23712e-07
8.87633e-08
3.75539e-07
7.17294e-07
1.0862e-06
1.44597e-06
1.67648e-06
1.75823e-06
1.81768e-06
1.86106e-06
1.85196e-06
1.72807e-06
1.57116e-06
1.45278e-06
1.35282e-06
1.18362e-06
8.58428e-07
4.13504e-07
5.74929e-08
-2.10877e-07
-6.3476e-07
-1.17764e-06
-1.6661e-06
-1.97798e-06
-2.11745e-06
-2.08245e-06
-1.87998e-06
-1.52936e-06
-9.86038e-07
-2.82729e-07
4.08609e-07
9.03169e-07
-1.50715e-05
-1.51049e-05
-1.51013e-05
-1.50519e-05
-1.49674e-05
-1.4852e-05
-1.47189e-05
-1.45865e-05
-1.44588e-05
-1.43308e-05
-1.42125e-05
-1.4115e-05
-1.40325e-05
-1.3983e-05
-1.39553e-05
-1.39445e-05
-1.39488e-05
-1.39609e-05
-1.39989e-05
-1.40439e-05
-1.40823e-05
-1.41087e-05
-1.41281e-05
-1.41421e-05
-1.41705e-05
-1.42225e-05
-1.42964e-05
-1.43835e-05
-1.44595e-05
-1.4531e-05
-1.45968e-05
-1.46554e-05
-1.47012e-05
-1.47339e-05
-1.47714e-05
-1.48123e-05
-1.48543e-05
-1.49096e-05
-1.4969e-05
-1.50252e-05
-1.61535e-05
-1.61714e-05
-1.6162e-05
-1.61244e-05
-1.60602e-05
-1.59517e-05
-1.58028e-05
-1.56461e-05
-1.54966e-05
-1.53599e-05
-1.52458e-05
-1.51497e-05
-1.5083e-05
-1.50453e-05
-1.50341e-05
-1.50596e-05
-1.51033e-05
-1.51459e-05
-1.51919e-05
-1.52414e-05
-1.52812e-05
-1.53116e-05
-1.53372e-05
-1.53692e-05
-1.54045e-05
-1.54556e-05
-1.55226e-05
-1.55884e-05
-1.56448e-05
-1.56733e-05
-1.57017e-05
-1.5749e-05
-1.5803e-05
-1.58517e-05
-1.59047e-05
-1.59486e-05
-1.60018e-05
-1.60492e-05
-1.60937e-05
-1.61232e-05
-2.17277e-05
-2.17579e-05
-2.1746e-05
-2.16809e-05
-2.15876e-05
-2.14728e-05
-2.1336e-05
-2.11704e-05
-2.09909e-05
-2.08244e-05
-2.0689e-05
-2.05951e-05
-2.05588e-05
-2.05787e-05
-2.06478e-05
-2.07535e-05
-2.08667e-05
-2.09787e-05
-2.10768e-05
-2.11401e-05
-2.11657e-05
-2.11388e-05
-2.10786e-05
-2.10208e-05
-2.10103e-05
-2.10432e-05
-2.10909e-05
-2.11428e-05
-2.11926e-05
-2.12333e-05
-2.12657e-05
-2.12885e-05
-2.13223e-05
-2.13494e-05
-2.13545e-05
-2.1354e-05
-2.14067e-05
-2.14998e-05
-2.15947e-05
-2.16778e-05
-2.67974e-05
-2.68107e-05
-2.6753e-05
-2.66299e-05
-2.64583e-05
-2.62605e-05
-2.60582e-05
-2.58393e-05
-2.56453e-05
-2.54723e-05
-2.53327e-05
-2.52445e-05
-2.52279e-05
-2.52989e-05
-2.54737e-05
-2.56913e-05
-2.59126e-05
-2.61124e-05
-2.62464e-05
-2.62816e-05
-2.62142e-05
-2.60915e-05
-2.59251e-05
-2.57562e-05
-2.56287e-05
-2.55435e-05
-2.54901e-05
-2.54633e-05
-2.54368e-05
-2.54028e-05
-2.54107e-05
-2.54582e-05
-2.55653e-05
-2.57246e-05
-2.59234e-05
-2.61471e-05
-2.63447e-05
-2.64983e-05
-2.66256e-05
-2.67294e-05
-2.91086e-05
-2.90953e-05
-2.90528e-05
-2.89933e-05
-2.89098e-05
-2.88256e-05
-2.87373e-05
-2.86601e-05
-2.86242e-05
-2.86056e-05
-2.85594e-05
-2.84936e-05
-2.84475e-05
-2.84607e-05
-2.85258e-05
-2.86134e-05
-2.86915e-05
-2.87265e-05
-2.87024e-05
-2.85928e-05
-2.84167e-05
-2.81977e-05
-2.79426e-05
-2.77298e-05
-2.76282e-05
-2.76137e-05
-2.7644e-05
-2.76871e-05
-2.77195e-05
-2.77765e-05
-2.78482e-05
-2.79387e-05
-2.80671e-05
-2.82382e-05
-2.84162e-05
-2.85928e-05
-2.87564e-05
-2.89059e-05
-2.90253e-05
-2.90935e-05
-3.2555e-05
-3.2575e-05
-3.26268e-05
-3.26325e-05
-3.25703e-05
-3.24708e-05
-3.23964e-05
-3.23769e-05
-3.23991e-05
-3.24225e-05
-3.24408e-05
-3.24644e-05
-3.24915e-05
-3.24936e-05
-3.2531e-05
-3.25872e-05
-3.26323e-05
-3.26239e-05
-3.25151e-05
-3.23608e-05
-3.21856e-05
-3.20431e-05
-3.19617e-05
-3.19378e-05
-3.19927e-05
-3.20756e-05
-3.2136e-05
-3.21813e-05
-3.22183e-05
-3.22647e-05
-3.23369e-05
-3.24302e-05
-3.25309e-05
-3.26393e-05
-3.27252e-05
-3.27776e-05
-3.27841e-05
-3.27325e-05
-3.26513e-05
-3.25842e-05
-3.65508e-05
-3.64529e-05
-3.63348e-05
-3.61472e-05
-3.5986e-05
-3.58941e-05
-3.58292e-05
-3.57853e-05
-3.57312e-05
-3.56241e-05
-3.55308e-05
-3.54727e-05
-3.54675e-05
-3.54755e-05
-3.55117e-05
-3.55814e-05
-3.56184e-05
-3.56044e-05
-3.55677e-05
-3.55604e-05
-3.5539e-05
-3.55043e-05
-3.54937e-05
-3.55529e-05
-3.56782e-05
-3.58377e-05
-3.59675e-05
-3.60249e-05
-3.60785e-05
-3.61856e-05
-3.63678e-05
-3.65999e-05
-3.6862e-05
-3.70473e-05
-3.7098e-05
-3.70641e-05
-3.6974e-05
-3.68819e-05
-3.67907e-05
-3.66703e-05
-3.94245e-05
-3.9406e-05
-3.93216e-05
-3.91449e-05
-3.89342e-05
-3.87692e-05
-3.86465e-05
-3.85498e-05
-3.84368e-05
-3.83368e-05
-3.82787e-05
-3.83079e-05
-3.84379e-05
-3.86689e-05
-3.89338e-05
-3.91093e-05
-3.91504e-05
-3.90285e-05
-3.87796e-05
-3.85342e-05
-3.83884e-05
-3.8305e-05
-3.83391e-05
-3.84411e-05
-3.85696e-05
-3.8679e-05
-3.87956e-05
-3.88421e-05
-3.88463e-05
-3.89137e-05
-3.90862e-05
-3.93472e-05
-3.9572e-05
-3.96837e-05
-3.96827e-05
-3.96652e-05
-3.96652e-05
-3.96429e-05
-3.95556e-05
-3.94717e-05
-4.1982e-05
-4.21186e-05
-4.20953e-05
-4.1866e-05
-4.15976e-05
-4.13497e-05
-4.11596e-05
-4.09704e-05
-4.07716e-05
-4.05314e-05
-4.03142e-05
-4.01841e-05
-4.01989e-05
-4.03052e-05
-4.04248e-05
-4.0458e-05
-4.02807e-05
-3.99524e-05
-3.96081e-05
-3.93352e-05
-3.92279e-05
-3.92742e-05
-3.94308e-05
-3.96253e-05
-3.97875e-05
-3.99066e-05
-4.00117e-05
-4.01338e-05
-4.03148e-05
-4.0514e-05
-4.06821e-05
-4.08588e-05
-4.10496e-05
-4.12369e-05
-4.14449e-05
-4.16307e-05
-4.17342e-05
-4.17581e-05
-4.17548e-05
-4.18168e-05
-4.32099e-05
-4.33359e-05
-4.31858e-05
-4.27611e-05
-4.22848e-05
-4.1888e-05
-4.15886e-05
-4.13653e-05
-4.11208e-05
-4.08384e-05
-4.05299e-05
-4.02995e-05
-4.02409e-05
-4.02945e-05
-4.03327e-05
-4.03203e-05
-4.02163e-05
-3.99453e-05
-3.96241e-05
-3.94264e-05
-3.94861e-05
-3.97398e-05
-4.00824e-05
-4.04229e-05
-4.06567e-05
-4.09223e-05
-4.1287e-05
-4.16954e-05
-4.21151e-05
-4.25219e-05
-4.2903e-05
-4.32677e-05
-4.35265e-05
-4.36906e-05
-4.37949e-05
-4.3782e-05
-4.35979e-05
-4.33514e-05
-4.31896e-05
-4.31429e-05
-4.29269e-05
-4.29558e-05
-4.26685e-05
-4.21356e-05
-4.16372e-05
-4.13236e-05
-4.12452e-05
-4.12869e-05
-4.12414e-05
-4.10572e-05
-4.07929e-05
-4.05575e-05
-4.03633e-05
-4.02561e-05
-4.02712e-05
-4.04114e-05
-4.05213e-05
-4.04617e-05
-4.03489e-05
-4.03808e-05
-4.06322e-05
-4.10816e-05
-4.15239e-05
-4.17721e-05
-4.1811e-05
-4.18441e-05
-4.20508e-05
-4.24494e-05
-4.29362e-05
-4.34221e-05
-4.37823e-05
-4.40221e-05
-4.41218e-05
-4.40739e-05
-4.39466e-05
-4.3738e-05
-4.33489e-05
-4.29923e-05
-4.28215e-05
-4.28047e-05
-4.2249e-05
-4.25642e-05
-4.25698e-05
-4.23682e-05
-4.2159e-05
-4.20952e-05
-4.22168e-05
-4.23196e-05
-4.22631e-05
-4.21054e-05
-4.19061e-05
-4.17233e-05
-4.15916e-05
-4.15521e-05
-4.1665e-05
-4.17654e-05
-4.16468e-05
-4.13269e-05
-4.09696e-05
-4.0695e-05
-4.05985e-05
-4.073e-05
-4.08613e-05
-4.0786e-05
-4.04899e-05
-4.02213e-05
-4.02873e-05
-4.06911e-05
-4.11526e-05
-4.13991e-05
-4.14062e-05
-4.13998e-05
-4.14356e-05
-4.15276e-05
-4.15894e-05
-4.15212e-05
-4.13993e-05
-4.13499e-05
-4.1478e-05
-4.17965e-05
-4.12362e-05
-4.18479e-05
-4.21517e-05
-4.22688e-05
-4.22649e-05
-4.219e-05
-4.21041e-05
-4.20199e-05
-4.19084e-05
-4.18931e-05
-4.18978e-05
-4.1952e-05
-4.20692e-05
-4.22308e-05
-4.23153e-05
-4.21717e-05
-4.16579e-05
-4.09371e-05
-4.02686e-05
-3.98295e-05
-3.96478e-05
-3.96302e-05
-3.95961e-05
-3.94721e-05
-3.92098e-05
-3.90044e-05
-3.89716e-05
-3.90458e-05
-3.90085e-05
-3.86702e-05
-3.82493e-05
-3.80305e-05
-3.81195e-05
-3.83845e-05
-3.8631e-05
-3.87757e-05
-3.89377e-05
-3.92534e-05
-3.97611e-05
-4.04605e-05
-3.97479e-05
-4.0429e-05
-4.07102e-05
-4.07479e-05
-4.05985e-05
-4.03648e-05
-4.0078e-05
-3.98251e-05
-3.97312e-05
-3.97974e-05
-4.0069e-05
-4.03616e-05
-4.06217e-05
-4.07495e-05
-4.06462e-05
-4.02772e-05
-3.98112e-05
-3.93454e-05
-3.90894e-05
-3.9163e-05
-3.94046e-05
-3.95565e-05
-3.94263e-05
-3.89889e-05
-3.83694e-05
-3.77468e-05
-3.72349e-05
-3.67856e-05
-3.62963e-05
-3.57006e-05
-3.51884e-05
-3.49796e-05
-3.51167e-05
-3.543e-05
-3.56973e-05
-3.59795e-05
-3.64416e-05
-3.70803e-05
-3.78915e-05
-3.88418e-05
-3.73291e-05
-3.76969e-05
-3.7697e-05
-3.74949e-05
-3.7172e-05
-3.67717e-05
-3.63746e-05
-3.60399e-05
-3.59283e-05
-3.60612e-05
-3.62876e-05
-3.64167e-05
-3.64622e-05
-3.64506e-05
-3.64019e-05
-3.63985e-05
-3.65336e-05
-3.69601e-05
-3.75935e-05
-3.81268e-05
-3.83426e-05
-3.821e-05
-3.7717e-05
-3.68761e-05
-3.58417e-05
-3.47826e-05
-3.38871e-05
-3.31811e-05
-3.26104e-05
-3.21263e-05
-3.17696e-05
-3.16733e-05
-3.18623e-05
-3.22045e-05
-3.26345e-05
-3.31885e-05
-3.38915e-05
-3.47564e-05
-3.56848e-05
-3.66031e-05
-3.29642e-05
-3.32588e-05
-3.33052e-05
-3.30692e-05
-3.26911e-05
-3.22278e-05
-3.16583e-05
-3.11635e-05
-3.09196e-05
-3.09253e-05
-3.09712e-05
-3.08203e-05
-3.06239e-05
-3.04907e-05
-3.05773e-05
-3.09861e-05
-3.16251e-05
-3.24266e-05
-3.31861e-05
-3.37106e-05
-3.38579e-05
-3.3697e-05
-3.32003e-05
-3.23248e-05
-3.12292e-05
-3.0183e-05
-2.94132e-05
-2.88741e-05
-2.84469e-05
-2.8053e-05
-2.78327e-05
-2.78731e-05
-2.81586e-05
-2.85619e-05
-2.90061e-05
-2.95396e-05
-3.0102e-05
-3.07739e-05
-3.15803e-05
-3.23778e-05
-2.80305e-05
-2.83626e-05
-2.84437e-05
-2.82117e-05
-2.77342e-05
-2.71206e-05
-2.64017e-05
-2.57405e-05
-2.53853e-05
-2.52733e-05
-2.51859e-05
-2.4962e-05
-2.47009e-05
-2.46495e-05
-2.49282e-05
-2.54822e-05
-2.60921e-05
-2.66998e-05
-2.72622e-05
-2.7636e-05
-2.77523e-05
-2.75532e-05
-2.70251e-05
-2.62592e-05
-2.54963e-05
-2.49418e-05
-2.45904e-05
-2.43436e-05
-2.40667e-05
-2.38251e-05
-2.37291e-05
-2.38132e-05
-2.40112e-05
-2.43224e-05
-2.47138e-05
-2.50925e-05
-2.54366e-05
-2.5919e-05
-2.66683e-05
-2.74593e-05
-2.31304e-05
-2.32943e-05
-2.31885e-05
-2.28191e-05
-2.23396e-05
-2.1733e-05
-2.10248e-05
-2.0401e-05
-2.01197e-05
-2.00885e-05
-2.0004e-05
-1.97627e-05
-1.95486e-05
-1.95469e-05
-1.98324e-05
-2.03248e-05
-2.08194e-05
-2.12492e-05
-2.15879e-05
-2.17802e-05
-2.18022e-05
-2.15584e-05
-2.1102e-05
-2.05258e-05
-2.00578e-05
-1.98789e-05
-1.99142e-05
-1.99261e-05
-1.97637e-05
-1.96044e-05
-1.95721e-05
-1.96583e-05
-1.98542e-05
-2.01224e-05
-2.0419e-05
-2.06751e-05
-2.08855e-05
-2.12728e-05
-2.1922e-05
-2.26351e-05
-1.81187e-05
-1.80089e-05
-1.76731e-05
-1.7226e-05
-1.67523e-05
-1.62461e-05
-1.56506e-05
-1.51891e-05
-1.51003e-05
-1.52509e-05
-1.52497e-05
-1.49687e-05
-1.47124e-05
-1.47202e-05
-1.50133e-05
-1.54366e-05
-1.57741e-05
-1.59912e-05
-1.615e-05
-1.62184e-05
-1.61711e-05
-1.59623e-05
-1.56512e-05
-1.52554e-05
-1.49734e-05
-1.50092e-05
-1.52246e-05
-1.53393e-05
-1.52509e-05
-1.51711e-05
-1.51781e-05
-1.52879e-05
-1.54962e-05
-1.57985e-05
-1.61727e-05
-1.65184e-05
-1.67925e-05
-1.70984e-05
-1.75254e-05
-1.79279e-05
-1.36162e-05
-1.33535e-05
-1.29076e-05
-1.23869e-05
-1.18864e-05
-1.13816e-05
-1.08152e-05
-1.0419e-05
-1.04364e-05
-1.06786e-05
-1.07078e-05
-1.04125e-05
-1.01522e-05
-1.01985e-05
-1.05186e-05
-1.08639e-05
-1.10573e-05
-1.1098e-05
-1.10495e-05
-1.09754e-05
-1.08976e-05
-1.07793e-05
-1.05643e-05
-1.03378e-05
-1.02205e-05
-1.03135e-05
-1.05337e-05
-1.0668e-05
-1.06509e-05
-1.06298e-05
-1.06612e-05
-1.08163e-05
-1.11027e-05
-1.15285e-05
-1.2052e-05
-1.25499e-05
-1.29456e-05
-1.32589e-05
-1.35388e-05
-1.36731e-05
-9.829e-06
-9.5645e-06
-9.09674e-06
-8.52938e-06
-7.98243e-06
-7.44345e-06
-6.85677e-06
-6.46435e-06
-6.51204e-06
-6.74699e-06
-6.73895e-06
-6.43205e-06
-6.19584e-06
-6.30856e-06
-6.64856e-06
-6.97167e-06
-7.08849e-06
-6.98101e-06
-6.76488e-06
-6.53412e-06
-6.37418e-06
-6.23473e-06
-6.03799e-06
-5.82921e-06
-5.72308e-06
-5.81389e-06
-6.03945e-06
-6.22564e-06
-6.35061e-06
-6.46568e-06
-6.57111e-06
-6.77196e-06
-7.11528e-06
-7.6114e-06
-8.16454e-06
-8.66651e-06
-9.09489e-06
-9.49016e-06
-9.78618e-06
-9.88789e-06
-6.74753e-06
-6.55516e-06
-6.12461e-06
-5.54221e-06
-4.96189e-06
-4.38059e-06
-3.76164e-06
-3.36212e-06
-3.41114e-06
-3.66685e-06
-3.69085e-06
-3.42617e-06
-3.23724e-06
-3.37841e-06
-3.72023e-06
-4.01484e-06
-4.09354e-06
-3.93596e-06
-3.64568e-06
-3.33081e-06
-3.09696e-06
-2.90603e-06
-2.64188e-06
-2.35591e-06
-2.20438e-06
-2.27404e-06
-2.50362e-06
-2.75242e-06
-2.98305e-06
-3.19494e-06
-3.36567e-06
-3.59187e-06
-3.93705e-06
-4.42978e-06
-4.96442e-06
-5.4144e-06
-5.8053e-06
-6.18827e-06
-6.53471e-06
-6.72989e-06
-4.74804e-06
-4.58466e-06
-4.1686e-06
-3.59765e-06
-3.01222e-06
-2.40858e-06
-1.77995e-06
-1.38817e-06
-1.45023e-06
-1.72005e-06
-1.78681e-06
-1.59181e-06
-1.45384e-06
-1.60826e-06
-1.92277e-06
-2.18973e-06
-2.26125e-06
-2.10289e-06
-1.80653e-06
-1.47663e-06
-1.20636e-06
-9.67746e-07
-6.63676e-07
-3.54095e-07
-1.87524e-07
-2.39589e-07
-4.42797e-07
-6.89629e-07
-9.40618e-07
-1.17983e-06
-1.38411e-06
-1.63864e-06
-1.98989e-06
-2.47401e-06
-2.9783e-06
-3.39197e-06
-3.75995e-06
-4.12268e-06
-4.46046e-06
-4.68576e-06
-3.87838e-06
-3.72056e-06
-3.31481e-06
-2.76061e-06
-2.18452e-06
-1.58414e-06
-9.55394e-07
-5.56267e-07
-6.06611e-07
-8.86346e-07
-9.85029e-07
-8.24262e-07
-7.07528e-07
-8.5567e-07
-1.15203e-06
-1.4097e-06
-1.48353e-06
-1.3198e-06
-1.01496e-06
-6.83677e-07
-4.1033e-07
-1.66505e-07
1.33442e-07
4.39774e-07
6.03622e-07
5.64815e-07
3.79535e-07
1.28243e-07
-1.51533e-07
-4.21721e-07
-6.43145e-07
-8.91949e-07
-1.2289e-06
-1.68793e-06
-2.16609e-06
-2.56087e-06
-2.9076e-06
-3.25017e-06
-3.58023e-06
-3.81156e-06
-3.71473e-06
-3.55765e-06
-3.15928e-06
-2.61287e-06
-2.03856e-06
-1.43394e-06
-8.03806e-07
-4.03078e-07
-4.50969e-07
-7.30972e-07
-8.30516e-07
-6.75188e-07
-5.63465e-07
-7.14796e-07
-1.00909e-06
-1.26457e-06
-1.33857e-06
-1.17451e-06
-8.67886e-07
-5.32377e-07
-2.5954e-07
-2.16166e-08
2.75343e-07
5.77994e-07
7.38327e-07
6.92044e-07
4.96355e-07
2.35717e-07
-4.82846e-08
-3.18894e-07
-5.38713e-07
-7.87475e-07
-1.11704e-06
-1.56744e-06
-2.04122e-06
-2.43394e-06
-2.77906e-06
-3.11725e-06
-3.43953e-06
-3.65584e-06
-1.51739e-05
-1.51661e-05
-1.51347e-05
-1.50614e-05
-1.49329e-05
-1.4763e-05
-1.45862e-05
-1.4427e-05
-1.4282e-05
-1.41446e-05
-1.40143e-05
-1.38912e-05
-1.37925e-05
-1.37263e-05
-1.36817e-05
-1.366e-05
-1.36601e-05
-1.3683e-05
-1.37303e-05
-1.37816e-05
-1.38367e-05
-1.3884e-05
-1.39119e-05
-1.39366e-05
-1.39765e-05
-1.40549e-05
-1.41618e-05
-1.42758e-05
-1.43817e-05
-1.44804e-05
-1.45732e-05
-1.46703e-05
-1.47666e-05
-1.48529e-05
-1.49247e-05
-1.49924e-05
-1.50392e-05
-1.50778e-05
-1.51251e-05
-1.51556e-05
-1.58117e-05
-1.56811e-05
-1.55613e-05
-1.54302e-05
-1.52839e-05
-1.51318e-05
-1.49829e-05
-1.48369e-05
-1.46916e-05
-1.4563e-05
-1.4451e-05
-1.43632e-05
-1.43132e-05
-1.4319e-05
-1.43722e-05
-1.44742e-05
-1.45962e-05
-1.47144e-05
-1.48355e-05
-1.49618e-05
-1.50858e-05
-1.52078e-05
-1.5325e-05
-1.54507e-05
-1.55979e-05
-1.57548e-05
-1.59094e-05
-1.60425e-05
-1.61448e-05
-1.62302e-05
-1.62983e-05
-1.63475e-05
-1.63698e-05
-1.63655e-05
-1.63506e-05
-1.63206e-05
-1.62722e-05
-1.62038e-05
-1.60956e-05
-1.59631e-05
-2.04281e-05
-2.03461e-05
-2.02537e-05
-2.0161e-05
-2.00694e-05
-1.99717e-05
-1.98612e-05
-1.97473e-05
-1.96364e-05
-1.95332e-05
-1.94396e-05
-1.93546e-05
-1.93117e-05
-1.93278e-05
-1.93904e-05
-1.94804e-05
-1.95873e-05
-1.97155e-05
-1.98351e-05
-1.99281e-05
-2.00071e-05
-2.00694e-05
-2.01114e-05
-2.01577e-05
-2.02124e-05
-2.02938e-05
-2.03949e-05
-2.04978e-05
-2.05925e-05
-2.06595e-05
-2.07053e-05
-2.07453e-05
-2.07749e-05
-2.07824e-05
-2.0772e-05
-2.07522e-05
-2.07095e-05
-2.06494e-05
-2.0583e-05
-2.05051e-05
-2.51049e-05
-2.50407e-05
-2.4929e-05
-2.47682e-05
-2.459e-05
-2.44091e-05
-2.42024e-05
-2.39939e-05
-2.38158e-05
-2.36795e-05
-2.35574e-05
-2.34891e-05
-2.35153e-05
-2.36328e-05
-2.3836e-05
-2.40897e-05
-2.43644e-05
-2.46189e-05
-2.47982e-05
-2.48806e-05
-2.49091e-05
-2.49013e-05
-2.48526e-05
-2.47949e-05
-2.47794e-05
-2.48086e-05
-2.48511e-05
-2.48686e-05
-2.48758e-05
-2.48742e-05
-2.48897e-05
-2.4925e-05
-2.49731e-05
-2.50319e-05
-2.5092e-05
-2.51314e-05
-2.51739e-05
-2.51959e-05
-2.51922e-05
-2.51557e-05
-2.77241e-05
-2.77046e-05
-2.76459e-05
-2.75339e-05
-2.73747e-05
-2.7195e-05
-2.70391e-05
-2.69054e-05
-2.68046e-05
-2.67469e-05
-2.67203e-05
-2.6723e-05
-2.67696e-05
-2.68361e-05
-2.69341e-05
-2.70846e-05
-2.72673e-05
-2.74094e-05
-2.74979e-05
-2.75589e-05
-2.75941e-05
-2.7601e-05
-2.75911e-05
-2.75758e-05
-2.7575e-05
-2.76019e-05
-2.76088e-05
-2.76013e-05
-2.75915e-05
-2.75977e-05
-2.76185e-05
-2.76482e-05
-2.7684e-05
-2.77017e-05
-2.76987e-05
-2.77044e-05
-2.77268e-05
-2.77392e-05
-2.77463e-05
-2.77315e-05
-3.19553e-05
-3.19871e-05
-3.20441e-05
-3.20799e-05
-3.20857e-05
-3.20612e-05
-3.20167e-05
-3.19985e-05
-3.20135e-05
-3.20398e-05
-3.20691e-05
-3.21428e-05
-3.22294e-05
-3.22824e-05
-3.22959e-05
-3.23077e-05
-3.2321e-05
-3.22916e-05
-3.22228e-05
-3.21296e-05
-3.20025e-05
-3.18902e-05
-3.18087e-05
-3.17909e-05
-3.17955e-05
-3.18082e-05
-3.17867e-05
-3.17668e-05
-3.17651e-05
-3.17858e-05
-3.18781e-05
-3.19752e-05
-3.20436e-05
-3.21033e-05
-3.21558e-05
-3.21839e-05
-3.21708e-05
-3.21163e-05
-3.20363e-05
-3.19788e-05
-3.77903e-05
-3.77653e-05
-3.76234e-05
-3.73589e-05
-3.70515e-05
-3.67875e-05
-3.66139e-05
-3.64793e-05
-3.6387e-05
-3.63478e-05
-3.63243e-05
-3.6303e-05
-3.63011e-05
-3.63321e-05
-3.64212e-05
-3.65972e-05
-3.68212e-05
-3.69981e-05
-3.70805e-05
-3.70508e-05
-3.69355e-05
-3.67355e-05
-3.65124e-05
-3.63393e-05
-3.62332e-05
-3.61525e-05
-3.60511e-05
-3.59692e-05
-3.5968e-05
-3.6097e-05
-3.63506e-05
-3.66306e-05
-3.69021e-05
-3.71444e-05
-3.7348e-05
-3.74943e-05
-3.75914e-05
-3.76358e-05
-3.76839e-05
-3.77435e-05
-4.24874e-05
-4.23145e-05
-4.19898e-05
-4.15333e-05
-4.10731e-05
-4.07081e-05
-4.04244e-05
-4.02254e-05
-4.01083e-05
-4.00616e-05
-4.00768e-05
-4.01191e-05
-4.01842e-05
-4.03338e-05
-4.05333e-05
-4.07302e-05
-4.08499e-05
-4.08385e-05
-4.06599e-05
-4.03852e-05
-4.00766e-05
-3.97719e-05
-3.94919e-05
-3.92903e-05
-3.91793e-05
-3.91147e-05
-3.91151e-05
-3.91998e-05
-3.9373e-05
-3.96346e-05
-3.99366e-05
-4.02865e-05
-4.07143e-05
-4.1165e-05
-4.15951e-05
-4.19793e-05
-4.22859e-05
-4.24762e-05
-4.25574e-05
-4.25543e-05
-4.58386e-05
-4.55579e-05
-4.50855e-05
-4.4475e-05
-4.38805e-05
-4.34547e-05
-4.31523e-05
-4.29206e-05
-4.27688e-05
-4.2718e-05
-4.27095e-05
-4.27204e-05
-4.27351e-05
-4.27777e-05
-4.28831e-05
-4.29465e-05
-4.28858e-05
-4.26834e-05
-4.23835e-05
-4.21493e-05
-4.20409e-05
-4.19976e-05
-4.19528e-05
-4.17697e-05
-4.1544e-05
-4.14519e-05
-4.15794e-05
-4.18939e-05
-4.2308e-05
-4.27969e-05
-4.32596e-05
-4.36884e-05
-4.41727e-05
-4.47163e-05
-4.52816e-05
-4.57362e-05
-4.6016e-05
-4.61092e-05
-4.60693e-05
-4.59859e-05
-4.64109e-05
-4.61679e-05
-4.55179e-05
-4.45585e-05
-4.36923e-05
-4.31412e-05
-4.28946e-05
-4.28721e-05
-4.29565e-05
-4.30085e-05
-4.29648e-05
-4.29039e-05
-4.28885e-05
-4.29997e-05
-4.32002e-05
-4.34447e-05
-4.36423e-05
-4.36891e-05
-4.36627e-05
-4.36844e-05
-4.37163e-05
-4.37563e-05
-4.36207e-05
-4.33277e-05
-4.30076e-05
-4.28579e-05
-4.30102e-05
-4.34073e-05
-4.39158e-05
-4.44859e-05
-4.50065e-05
-4.54823e-05
-4.59661e-05
-4.63943e-05
-4.67725e-05
-4.69891e-05
-4.69136e-05
-4.66461e-05
-4.64536e-05
-4.6431e-05
-4.44851e-05
-4.41423e-05
-4.33427e-05
-4.24002e-05
-4.16684e-05
-4.14263e-05
-4.15855e-05
-4.19217e-05
-4.21982e-05
-4.23468e-05
-4.24165e-05
-4.24966e-05
-4.27068e-05
-4.30788e-05
-4.3542e-05
-4.39874e-05
-4.43151e-05
-4.45123e-05
-4.46282e-05
-4.47011e-05
-4.47398e-05
-4.46361e-05
-4.43168e-05
-4.3797e-05
-4.32672e-05
-4.30099e-05
-4.31071e-05
-4.34038e-05
-4.37831e-05
-4.41607e-05
-4.44538e-05
-4.46161e-05
-4.46785e-05
-4.47255e-05
-4.47347e-05
-4.45836e-05
-4.42668e-05
-4.40434e-05
-4.41276e-05
-4.43874e-05
-4.18022e-05
-4.16901e-05
-4.12435e-05
-4.07642e-05
-4.03206e-05
-4.00644e-05
-4.00257e-05
-4.02108e-05
-4.05328e-05
-4.09535e-05
-4.13844e-05
-4.17733e-05
-4.22243e-05
-4.27673e-05
-4.33317e-05
-4.37796e-05
-4.39295e-05
-4.37883e-05
-4.34958e-05
-4.32813e-05
-4.31348e-05
-4.29896e-05
-4.27476e-05
-4.24352e-05
-4.21513e-05
-4.21124e-05
-4.2284e-05
-4.25515e-05
-4.27661e-05
-4.28406e-05
-4.26986e-05
-4.23785e-05
-4.19524e-05
-4.16474e-05
-4.1435e-05
-4.12119e-05
-4.09516e-05
-4.08663e-05
-4.11589e-05
-4.15566e-05
-3.96139e-05
-3.92101e-05
-3.86725e-05
-3.83031e-05
-3.81139e-05
-3.80073e-05
-3.79289e-05
-3.79728e-05
-3.81915e-05
-3.84518e-05
-3.88355e-05
-3.935e-05
-4.00209e-05
-4.07106e-05
-4.12634e-05
-4.15131e-05
-4.1364e-05
-4.08642e-05
-4.02736e-05
-3.98884e-05
-3.97752e-05
-3.98262e-05
-3.99504e-05
-4.00175e-05
-4.02047e-05
-4.05267e-05
-4.08842e-05
-4.11094e-05
-4.11384e-05
-4.091e-05
-4.04454e-05
-3.99698e-05
-3.95837e-05
-3.93875e-05
-3.93168e-05
-3.92218e-05
-3.91553e-05
-3.92852e-05
-3.94936e-05
-3.96461e-05
-3.69136e-05
-3.63824e-05
-3.58274e-05
-3.55376e-05
-3.55381e-05
-3.56522e-05
-3.5679e-05
-3.56755e-05
-3.57428e-05
-3.59389e-05
-3.62501e-05
-3.66616e-05
-3.7062e-05
-3.7441e-05
-3.77028e-05
-3.77647e-05
-3.75863e-05
-3.71796e-05
-3.68412e-05
-3.67648e-05
-3.68476e-05
-3.70673e-05
-3.72556e-05
-3.73039e-05
-3.73532e-05
-3.75748e-05
-3.78681e-05
-3.80064e-05
-3.78728e-05
-3.74632e-05
-3.69469e-05
-3.65645e-05
-3.63728e-05
-3.64004e-05
-3.65358e-05
-3.66585e-05
-3.67952e-05
-3.70137e-05
-3.7158e-05
-3.71686e-05
-3.34694e-05
-3.27301e-05
-3.20929e-05
-3.18518e-05
-3.18523e-05
-3.18861e-05
-3.18689e-05
-3.18274e-05
-3.18912e-05
-3.21183e-05
-3.23613e-05
-3.24768e-05
-3.25468e-05
-3.26113e-05
-3.27955e-05
-3.29533e-05
-3.30422e-05
-3.31389e-05
-3.32607e-05
-3.34386e-05
-3.35887e-05
-3.36104e-05
-3.34832e-05
-3.32294e-05
-3.3011e-05
-3.29444e-05
-3.30004e-05
-3.29345e-05
-3.26384e-05
-3.22527e-05
-3.2053e-05
-3.20767e-05
-3.2294e-05
-3.26387e-05
-3.30665e-05
-3.33935e-05
-3.36953e-05
-3.39708e-05
-3.40692e-05
-3.39297e-05
-2.89476e-05
-2.81432e-05
-2.74427e-05
-2.69926e-05
-2.67491e-05
-2.66026e-05
-2.65383e-05
-2.66518e-05
-2.6946e-05
-2.7356e-05
-2.76047e-05
-2.77049e-05
-2.77946e-05
-2.80097e-05
-2.83722e-05
-2.87885e-05
-2.90791e-05
-2.92812e-05
-2.9381e-05
-2.94065e-05
-2.9199e-05
-2.88717e-05
-2.8502e-05
-2.80872e-05
-2.77698e-05
-2.75921e-05
-2.75022e-05
-2.73608e-05
-2.71016e-05
-2.69589e-05
-2.70996e-05
-2.74369e-05
-2.78577e-05
-2.83136e-05
-2.88651e-05
-2.92765e-05
-2.95409e-05
-2.97232e-05
-2.97717e-05
-2.95343e-05
-2.46637e-05
-2.38281e-05
-2.29406e-05
-2.22601e-05
-2.18882e-05
-2.16861e-05
-2.15885e-05
-2.16937e-05
-2.19694e-05
-2.22563e-05
-2.24518e-05
-2.25939e-05
-2.28264e-05
-2.32405e-05
-2.38619e-05
-2.44464e-05
-2.47681e-05
-2.48374e-05
-2.46927e-05
-2.43424e-05
-2.38981e-05
-2.33974e-05
-2.29183e-05
-2.24461e-05
-2.20929e-05
-2.19188e-05
-2.18929e-05
-2.18045e-05
-2.16914e-05
-2.17933e-05
-2.22299e-05
-2.28814e-05
-2.35388e-05
-2.41092e-05
-2.45749e-05
-2.48929e-05
-2.50371e-05
-2.51429e-05
-2.52335e-05
-2.51486e-05
-1.99667e-05
-1.92253e-05
-1.83529e-05
-1.76855e-05
-1.7284e-05
-1.70068e-05
-1.67907e-05
-1.68305e-05
-1.71058e-05
-1.74324e-05
-1.76898e-05
-1.79238e-05
-1.82506e-05
-1.8694e-05
-1.91948e-05
-1.9618e-05
-1.97944e-05
-1.96839e-05
-1.9355e-05
-1.89444e-05
-1.84823e-05
-1.79763e-05
-1.74926e-05
-1.70698e-05
-1.67771e-05
-1.67054e-05
-1.67815e-05
-1.68494e-05
-1.6931e-05
-1.72326e-05
-1.78955e-05
-1.87667e-05
-1.95606e-05
-2.00777e-05
-2.03657e-05
-2.04173e-05
-2.03292e-05
-2.02386e-05
-2.02747e-05
-2.02902e-05
-1.48294e-05
-1.41444e-05
-1.33479e-05
-1.27276e-05
-1.23937e-05
-1.22151e-05
-1.2089e-05
-1.21944e-05
-1.24983e-05
-1.28445e-05
-1.31888e-05
-1.34874e-05
-1.37378e-05
-1.39843e-05
-1.42212e-05
-1.4424e-05
-1.44235e-05
-1.41553e-05
-1.37542e-05
-1.33398e-05
-1.29086e-05
-1.24638e-05
-1.21232e-05
-1.18706e-05
-1.17107e-05
-1.17025e-05
-1.18684e-05
-1.21033e-05
-1.23981e-05
-1.28785e-05
-1.35987e-05
-1.44431e-05
-1.51492e-05
-1.55918e-05
-1.58246e-05
-1.58075e-05
-1.55599e-05
-1.52754e-05
-1.51625e-05
-1.51445e-05
-9.63429e-06
-8.9594e-06
-8.25793e-06
-7.75103e-06
-7.54048e-06
-7.53884e-06
-7.63386e-06
-7.88688e-06
-8.25341e-06
-8.56279e-06
-8.77198e-06
-8.94606e-06
-9.12125e-06
-9.2698e-06
-9.43004e-06
-9.5915e-06
-9.56248e-06
-9.30888e-06
-8.92859e-06
-8.51443e-06
-8.05795e-06
-7.62844e-06
-7.33825e-06
-7.23277e-06
-7.19693e-06
-7.24461e-06
-7.42313e-06
-7.70792e-06
-8.10812e-06
-8.63156e-06
-9.30343e-06
-1.00312e-05
-1.05966e-05
-1.09852e-05
-1.12625e-05
-1.12446e-05
-1.08808e-05
-1.04179e-05
-1.01582e-05
-1.00133e-05
-4.83524e-06
-4.19079e-06
-3.62234e-06
-3.29681e-06
-3.25496e-06
-3.42421e-06
-3.75666e-06
-4.17739e-06
-4.61071e-06
-4.83441e-06
-4.86444e-06
-4.86141e-06
-4.98366e-06
-5.20583e-06
-5.45241e-06
-5.64094e-06
-5.59917e-06
-5.32102e-06
-4.91461e-06
-4.47609e-06
-4.01077e-06
-3.60275e-06
-3.37943e-06
-3.35925e-06
-3.41076e-06
-3.51418e-06
-3.69295e-06
-3.95499e-06
-4.33177e-06
-4.8208e-06
-5.42612e-06
-6.01084e-06
-6.4186e-06
-6.71034e-06
-6.94837e-06
-6.94004e-06
-6.56698e-06
-6.0441e-06
-5.64078e-06
-5.33308e-06
-9.844e-07
-3.52088e-07
1.39664e-07
3.53978e-07
2.74093e-07
-8.88099e-08
-6.12583e-07
-1.17743e-06
-1.642e-06
-1.8187e-06
-1.71841e-06
-1.61047e-06
-1.74499e-06
-2.06736e-06
-2.4086e-06
-2.61231e-06
-2.53897e-06
-2.19224e-06
-1.68918e-06
-1.18157e-06
-7.0885e-07
-3.42044e-07
-1.96963e-07
-2.79504e-07
-4.58357e-07
-6.63918e-07
-8.72778e-07
-1.09654e-06
-1.39174e-06
-1.80092e-06
-2.30171e-06
-2.75316e-06
-3.03252e-06
-3.20609e-06
-3.3682e-06
-3.35135e-06
-2.99557e-06
-2.4805e-06
-2.0066e-06
-1.55569e-06
1.42601e-06
2.01909e-06
2.44757e-06
2.62451e-06
2.52034e-06
2.12499e-06
1.54381e-06
9.23206e-07
4.16097e-07
2.29916e-07
3.61027e-07
4.8825e-07
3.47902e-07
-6.13929e-09
-3.78721e-07
-6.19255e-07
-5.84902e-07
-2.33915e-07
3.31456e-07
9.01934e-07
1.4091e-06
1.77336e-06
1.87865e-06
1.727e-06
1.46635e-06
1.20686e-06
1.0027e-06
8.46459e-07
6.18457e-07
2.57291e-07
-2.05116e-07
-6.14296e-07
-8.46735e-07
-9.65654e-07
-1.08597e-06
-1.04708e-06
-6.91341e-07
-1.80836e-07
3.21757e-07
8.30448e-07
2.38035e-06
2.93567e-06
3.34782e-06
3.52721e-06
3.43176e-06
3.06473e-06
2.48915e-06
1.85154e-06
1.33856e-06
1.14442e-06
1.27742e-06
1.42459e-06
1.30428e-06
9.69419e-07
6.03953e-07
3.44862e-07
3.4399e-07
6.66017e-07
1.23212e-06
1.83422e-06
2.36804e-06
2.73037e-06
2.82978e-06
2.67648e-06
2.39683e-06
2.12117e-06
1.92805e-06
1.79662e-06
1.58611e-06
1.22962e-06
7.59398e-07
3.42193e-07
1.04157e-07
-1.75696e-08
-1.37823e-07
-9.10303e-08
2.76289e-07
7.89324e-07
1.30166e-06
1.8128e-06
2.58971e-06
3.13828e-06
3.54743e-06
3.72358e-06
3.63209e-06
3.26613e-06
2.69673e-06
2.07825e-06
1.57366e-06
1.38539e-06
1.52417e-06
1.66764e-06
1.54736e-06
1.21428e-06
8.48264e-07
5.89449e-07
5.80228e-07
8.94926e-07
1.46693e-06
2.07823e-06
2.62041e-06
2.99179e-06
3.09578e-06
2.93572e-06
2.64672e-06
2.36896e-06
2.17599e-06
2.04223e-06
1.83102e-06
1.47111e-06
9.9987e-07
5.84731e-07
3.52454e-07
2.35876e-07
1.17913e-07
1.63986e-07
5.28208e-07
1.03407e-06
1.53813e-06
2.03537e-06
-1.52497e-05
-1.51944e-05
-1.51148e-05
-1.50209e-05
-1.48945e-05
-1.47668e-05
-1.46415e-05
-1.45251e-05
-1.44094e-05
-1.43e-05
-1.42163e-05
-1.41637e-05
-1.41381e-05
-1.41294e-05
-1.41444e-05
-1.41989e-05
-1.42647e-05
-1.43436e-05
-1.44354e-05
-1.4537e-05
-1.46236e-05
-1.4693e-05
-1.47513e-05
-1.47886e-05
-1.48285e-05
-1.48868e-05
-1.49488e-05
-1.50058e-05
-1.50696e-05
-1.51329e-05
-1.51883e-05
-1.52368e-05
-1.52834e-05
-1.53272e-05
-1.53652e-05
-1.53826e-05
-1.53837e-05
-1.5368e-05
-1.53394e-05
-1.53007e-05
-1.60124e-05
-1.5966e-05
-1.59323e-05
-1.58779e-05
-1.58079e-05
-1.57306e-05
-1.56502e-05
-1.55763e-05
-1.5508e-05
-1.54518e-05
-1.53988e-05
-1.53682e-05
-1.53758e-05
-1.54193e-05
-1.55047e-05
-1.56171e-05
-1.57387e-05
-1.58474e-05
-1.59562e-05
-1.60598e-05
-1.61439e-05
-1.62002e-05
-1.62377e-05
-1.62618e-05
-1.62931e-05
-1.63403e-05
-1.63918e-05
-1.64312e-05
-1.64554e-05
-1.64652e-05
-1.64705e-05
-1.64692e-05
-1.64594e-05
-1.64417e-05
-1.64166e-05
-1.63699e-05
-1.6308e-05
-1.62333e-05
-1.61607e-05
-1.60817e-05
-1.94592e-05
-1.94607e-05
-1.94474e-05
-1.94215e-05
-1.93966e-05
-1.93461e-05
-1.92812e-05
-1.91925e-05
-1.90926e-05
-1.89951e-05
-1.89032e-05
-1.88362e-05
-1.88103e-05
-1.8818e-05
-1.88379e-05
-1.88371e-05
-1.88354e-05
-1.88423e-05
-1.88542e-05
-1.88558e-05
-1.88483e-05
-1.88355e-05
-1.88156e-05
-1.8817e-05
-1.88489e-05
-1.88982e-05
-1.89614e-05
-1.90321e-05
-1.90821e-05
-1.91289e-05
-1.91789e-05
-1.92332e-05
-1.92725e-05
-1.93118e-05
-1.93583e-05
-1.94068e-05
-1.94362e-05
-1.94503e-05
-1.94548e-05
-1.94559e-05
-2.36932e-05
-2.36138e-05
-2.35161e-05
-2.33694e-05
-2.31953e-05
-2.30317e-05
-2.28923e-05
-2.27448e-05
-2.26071e-05
-2.24714e-05
-2.23468e-05
-2.2237e-05
-2.21748e-05
-2.2179e-05
-2.22461e-05
-2.23478e-05
-2.24588e-05
-2.25625e-05
-2.26329e-05
-2.26471e-05
-2.26513e-05
-2.2649e-05
-2.26598e-05
-2.26919e-05
-2.27871e-05
-2.29053e-05
-2.30358e-05
-2.31486e-05
-2.32492e-05
-2.33573e-05
-2.34919e-05
-2.36349e-05
-2.37649e-05
-2.38654e-05
-2.39556e-05
-2.40065e-05
-2.40148e-05
-2.39763e-05
-2.38884e-05
-2.37862e-05
-2.66252e-05
-2.64344e-05
-2.62242e-05
-2.59867e-05
-2.57306e-05
-2.54784e-05
-2.52271e-05
-2.50006e-05
-2.48461e-05
-2.47559e-05
-2.46889e-05
-2.46312e-05
-2.46283e-05
-2.47287e-05
-2.49271e-05
-2.52279e-05
-2.55712e-05
-2.58616e-05
-2.60618e-05
-2.61589e-05
-2.62153e-05
-2.62594e-05
-2.62765e-05
-2.62809e-05
-2.62985e-05
-2.6327e-05
-2.63739e-05
-2.64326e-05
-2.65032e-05
-2.66331e-05
-2.68125e-05
-2.69711e-05
-2.71085e-05
-2.72245e-05
-2.72923e-05
-2.73008e-05
-2.72313e-05
-2.71089e-05
-2.69521e-05
-2.67909e-05
-2.99512e-05
-2.96843e-05
-2.94271e-05
-2.92026e-05
-2.90288e-05
-2.89016e-05
-2.87863e-05
-2.87023e-05
-2.86855e-05
-2.87404e-05
-2.88489e-05
-2.90101e-05
-2.92532e-05
-2.95878e-05
-3.00083e-05
-3.04689e-05
-3.08911e-05
-3.11891e-05
-3.13251e-05
-3.13399e-05
-3.1298e-05
-3.12253e-05
-3.11977e-05
-3.12164e-05
-3.12379e-05
-3.1237e-05
-3.12375e-05
-3.11916e-05
-3.11456e-05
-3.11775e-05
-3.12986e-05
-3.14481e-05
-3.15717e-05
-3.16369e-05
-3.16248e-05
-3.15297e-05
-3.1313e-05
-3.09604e-05
-3.05791e-05
-3.02346e-05
-3.44529e-05
-3.43419e-05
-3.4171e-05
-3.39723e-05
-3.38049e-05
-3.3717e-05
-3.36728e-05
-3.36894e-05
-3.37924e-05
-3.392e-05
-3.40092e-05
-3.40765e-05
-3.41515e-05
-3.43085e-05
-3.45943e-05
-3.49414e-05
-3.52414e-05
-3.54341e-05
-3.55091e-05
-3.54662e-05
-3.53933e-05
-3.53623e-05
-3.53852e-05
-3.54684e-05
-3.55977e-05
-3.56982e-05
-3.57463e-05
-3.57776e-05
-3.58185e-05
-3.58893e-05
-3.5965e-05
-3.60172e-05
-3.60138e-05
-3.5939e-05
-3.5802e-05
-3.56046e-05
-3.53371e-05
-3.50435e-05
-3.47793e-05
-3.4587e-05
-3.83355e-05
-3.83245e-05
-3.82173e-05
-3.79932e-05
-3.77789e-05
-3.75862e-05
-3.74328e-05
-3.73596e-05
-3.74022e-05
-3.74577e-05
-3.74496e-05
-3.73951e-05
-3.73832e-05
-3.74733e-05
-3.76827e-05
-3.79451e-05
-3.82057e-05
-3.83883e-05
-3.84715e-05
-3.84723e-05
-3.84677e-05
-3.8479e-05
-3.85339e-05
-3.86788e-05
-3.89072e-05
-3.91424e-05
-3.93105e-05
-3.94264e-05
-3.95444e-05
-3.96484e-05
-3.96576e-05
-3.9465e-05
-3.92131e-05
-3.9e-05
-3.88409e-05
-3.87402e-05
-3.86373e-05
-3.84997e-05
-3.83652e-05
-3.83223e-05
-4.12604e-05
-4.12011e-05
-4.09487e-05
-4.05381e-05
-4.01472e-05
-3.98532e-05
-3.96701e-05
-3.95481e-05
-3.9453e-05
-3.9374e-05
-3.92606e-05
-3.91262e-05
-3.90266e-05
-3.90738e-05
-3.92561e-05
-3.94617e-05
-3.96136e-05
-3.97617e-05
-3.99209e-05
-4.00989e-05
-4.03242e-05
-4.05646e-05
-4.08109e-05
-4.11131e-05
-4.14635e-05
-4.1809e-05
-4.21748e-05
-4.253e-05
-4.2821e-05
-4.2971e-05
-4.29455e-05
-4.27454e-05
-4.24808e-05
-4.22886e-05
-4.21568e-05
-4.20242e-05
-4.18202e-05
-4.15382e-05
-4.13423e-05
-4.12809e-05
-4.28972e-05
-4.31028e-05
-4.301e-05
-4.26075e-05
-4.205e-05
-4.15719e-05
-4.12325e-05
-4.10438e-05
-4.0924e-05
-4.0741e-05
-4.05431e-05
-4.03917e-05
-4.04171e-05
-4.0591e-05
-4.07834e-05
-4.09499e-05
-4.10796e-05
-4.12009e-05
-4.13503e-05
-4.16182e-05
-4.20105e-05
-4.24588e-05
-4.28749e-05
-4.3247e-05
-4.35298e-05
-4.37169e-05
-4.39069e-05
-4.40928e-05
-4.41963e-05
-4.42006e-05
-4.41129e-05
-4.39534e-05
-4.37646e-05
-4.35748e-05
-4.33353e-05
-4.30286e-05
-4.26871e-05
-4.24255e-05
-4.23857e-05
-4.25971e-05
-4.1816e-05
-4.17899e-05
-4.16066e-05
-4.12869e-05
-4.0894e-05
-4.0559e-05
-4.0443e-05
-4.05052e-05
-4.06136e-05
-4.06529e-05
-4.06899e-05
-4.08488e-05
-4.12632e-05
-4.1788e-05
-4.21653e-05
-4.23885e-05
-4.25181e-05
-4.26483e-05
-4.27841e-05
-4.29955e-05
-4.33127e-05
-4.36162e-05
-4.38175e-05
-4.38881e-05
-4.37209e-05
-4.34678e-05
-4.32764e-05
-4.3104e-05
-4.28735e-05
-4.26665e-05
-4.24404e-05
-4.23116e-05
-4.22908e-05
-4.23452e-05
-4.23422e-05
-4.21951e-05
-4.19111e-05
-4.16281e-05
-4.15801e-05
-4.17136e-05
-4.00518e-05
-4.00156e-05
-3.9809e-05
-3.93874e-05
-3.89104e-05
-3.86111e-05
-3.87e-05
-3.9041e-05
-3.9425e-05
-3.97354e-05
-3.99423e-05
-4.02487e-05
-4.07663e-05
-4.14527e-05
-4.21553e-05
-4.28135e-05
-4.32872e-05
-4.35409e-05
-4.36275e-05
-4.36933e-05
-4.37001e-05
-4.36223e-05
-4.32703e-05
-4.27116e-05
-4.20382e-05
-4.14856e-05
-4.12495e-05
-4.12209e-05
-4.12242e-05
-4.12344e-05
-4.12286e-05
-4.12907e-05
-4.14798e-05
-4.16884e-05
-4.1833e-05
-4.16987e-05
-4.12684e-05
-4.07424e-05
-4.03397e-05
-4.01179e-05
-3.94476e-05
-3.91998e-05
-3.86397e-05
-3.79785e-05
-3.75012e-05
-3.72918e-05
-3.7405e-05
-3.7771e-05
-3.81851e-05
-3.85638e-05
-3.88616e-05
-3.92246e-05
-3.96971e-05
-4.02892e-05
-4.09076e-05
-4.14551e-05
-4.18709e-05
-4.20855e-05
-4.20823e-05
-4.20111e-05
-4.19732e-05
-4.18765e-05
-4.15341e-05
-4.10244e-05
-4.05531e-05
-4.03913e-05
-4.0601e-05
-4.09815e-05
-4.14423e-05
-4.18596e-05
-4.21945e-05
-4.24723e-05
-4.26751e-05
-4.27578e-05
-4.25557e-05
-4.20895e-05
-4.14023e-05
-4.06522e-05
-4.00881e-05
-3.96728e-05
-3.97847e-05
-3.90481e-05
-3.82314e-05
-3.75562e-05
-3.72045e-05
-3.7214e-05
-3.74239e-05
-3.77554e-05
-3.81214e-05
-3.83565e-05
-3.84939e-05
-3.85687e-05
-3.86288e-05
-3.86905e-05
-3.88587e-05
-3.90981e-05
-3.93033e-05
-3.94479e-05
-3.95986e-05
-3.97889e-05
-4.00725e-05
-4.03217e-05
-4.03443e-05
-4.02452e-05
-4.016e-05
-4.03168e-05
-4.07008e-05
-4.11499e-05
-4.16294e-05
-4.21424e-05
-4.26409e-05
-4.3043e-05
-4.32718e-05
-4.33099e-05
-4.31335e-05
-4.28199e-05
-4.22559e-05
-4.15776e-05
-4.09858e-05
-4.04212e-05
-3.94243e-05
-3.84782e-05
-3.7531e-05
-3.67954e-05
-3.65023e-05
-3.66536e-05
-3.68529e-05
-3.69373e-05
-3.6939e-05
-3.69928e-05
-3.69951e-05
-3.68613e-05
-3.66627e-05
-3.65517e-05
-3.65246e-05
-3.66793e-05
-3.69439e-05
-3.72475e-05
-3.75964e-05
-3.80159e-05
-3.84049e-05
-3.86693e-05
-3.86442e-05
-3.84632e-05
-3.83678e-05
-3.85891e-05
-3.90023e-05
-3.95037e-05
-3.99548e-05
-4.03975e-05
-4.08693e-05
-4.12293e-05
-4.15376e-05
-4.1769e-05
-4.19937e-05
-4.21696e-05
-4.19922e-05
-4.15486e-05
-4.10038e-05
-4.02911e-05
-3.75475e-05
-3.65968e-05
-3.55944e-05
-3.47597e-05
-3.43905e-05
-3.44367e-05
-3.45393e-05
-3.43166e-05
-3.40295e-05
-3.3995e-05
-3.4152e-05
-3.42147e-05
-3.41741e-05
-3.41637e-05
-3.418e-05
-3.42037e-05
-3.43317e-05
-3.45123e-05
-3.46175e-05
-3.46657e-05
-3.46562e-05
-3.45549e-05
-3.44e-05
-3.42908e-05
-3.44002e-05
-3.47686e-05
-3.52296e-05
-3.56973e-05
-3.61213e-05
-3.65314e-05
-3.69264e-05
-3.73019e-05
-3.77408e-05
-3.82222e-05
-3.88028e-05
-3.93026e-05
-3.94076e-05
-3.91986e-05
-3.88081e-05
-3.82885e-05
-3.42605e-05
-3.34683e-05
-3.2415e-05
-3.15437e-05
-3.11626e-05
-3.11499e-05
-3.10335e-05
-3.05582e-05
-2.99768e-05
-2.9725e-05
-2.98859e-05
-3.00606e-05
-3.01236e-05
-3.01106e-05
-2.99434e-05
-2.96914e-05
-2.94758e-05
-2.93484e-05
-2.92485e-05
-2.9128e-05
-2.89393e-05
-2.86937e-05
-2.85024e-05
-2.84044e-05
-2.86022e-05
-2.90786e-05
-2.96312e-05
-3.01345e-05
-3.06134e-05
-3.11728e-05
-3.18229e-05
-3.25853e-05
-3.34093e-05
-3.41859e-05
-3.48563e-05
-3.53034e-05
-3.53679e-05
-3.52074e-05
-3.49821e-05
-3.47256e-05
-3.03126e-05
-2.95445e-05
-2.84254e-05
-2.74238e-05
-2.68333e-05
-2.65673e-05
-2.61935e-05
-2.55446e-05
-2.48154e-05
-2.44182e-05
-2.4501e-05
-2.47247e-05
-2.48066e-05
-2.46122e-05
-2.41717e-05
-2.36884e-05
-2.32966e-05
-2.30497e-05
-2.29752e-05
-2.30002e-05
-2.30732e-05
-2.30683e-05
-2.30139e-05
-2.30547e-05
-2.33401e-05
-2.38542e-05
-2.43894e-05
-2.48155e-05
-2.54018e-05
-2.62022e-05
-2.71163e-05
-2.81464e-05
-2.91076e-05
-2.98448e-05
-3.03289e-05
-3.05514e-05
-3.05001e-05
-3.04757e-05
-3.05658e-05
-3.05651e-05
-2.53338e-05
-2.47154e-05
-2.36232e-05
-2.25269e-05
-2.16742e-05
-2.10655e-05
-2.05035e-05
-1.98728e-05
-1.92586e-05
-1.89738e-05
-1.90593e-05
-1.92522e-05
-1.93214e-05
-1.90648e-05
-1.84465e-05
-1.77964e-05
-1.7375e-05
-1.71774e-05
-1.72263e-05
-1.74049e-05
-1.75992e-05
-1.77684e-05
-1.79853e-05
-1.83319e-05
-1.88005e-05
-1.93089e-05
-1.97944e-05
-2.01875e-05
-2.0709e-05
-2.14136e-05
-2.21878e-05
-2.30069e-05
-2.3784e-05
-2.43533e-05
-2.46982e-05
-2.48647e-05
-2.48259e-05
-2.48164e-05
-2.50809e-05
-2.53719e-05
-1.93913e-05
-1.8866e-05
-1.797e-05
-1.69843e-05
-1.6027e-05
-1.51735e-05
-1.44954e-05
-1.40096e-05
-1.36462e-05
-1.35642e-05
-1.36876e-05
-1.37727e-05
-1.37055e-05
-1.34562e-05
-1.29097e-05
-1.23234e-05
-1.19883e-05
-1.19615e-05
-1.22313e-05
-1.26516e-05
-1.30075e-05
-1.32203e-05
-1.34563e-05
-1.3902e-05
-1.44694e-05
-1.50031e-05
-1.54445e-05
-1.58535e-05
-1.6317e-05
-1.68347e-05
-1.73509e-05
-1.78637e-05
-1.83182e-05
-1.86155e-05
-1.88064e-05
-1.89217e-05
-1.88463e-05
-1.87919e-05
-1.90563e-05
-1.93803e-05
-1.39016e-05
-1.33653e-05
-1.25638e-05
-1.17183e-05
-1.08109e-05
-9.88187e-06
-9.116e-06
-8.62618e-06
-8.37933e-06
-8.42529e-06
-8.55745e-06
-8.57465e-06
-8.45828e-06
-8.22007e-06
-7.79207e-06
-7.32913e-06
-7.08695e-06
-7.06118e-06
-7.32565e-06
-7.87461e-06
-8.45402e-06
-8.8423e-06
-9.22384e-06
-9.74289e-06
-1.03289e-05
-1.08815e-05
-1.13956e-05
-1.18569e-05
-1.2296e-05
-1.27042e-05
-1.30325e-05
-1.3302e-05
-1.35028e-05
-1.35664e-05
-1.35901e-05
-1.35751e-05
-1.34509e-05
-1.34482e-05
-1.36723e-05
-1.39383e-05
-9.87526e-06
-9.30279e-06
-8.57507e-06
-7.86627e-06
-7.10157e-06
-6.20932e-06
-5.35938e-06
-4.72884e-06
-4.39524e-06
-4.36773e-06
-4.41069e-06
-4.36661e-06
-4.27394e-06
-4.14214e-06
-3.87619e-06
-3.57216e-06
-3.37677e-06
-3.23379e-06
-3.23803e-06
-3.57703e-06
-4.15554e-06
-4.74262e-06
-5.3111e-06
-5.9618e-06
-6.64815e-06
-7.3168e-06
-7.92472e-06
-8.45661e-06
-8.92363e-06
-9.27975e-06
-9.51755e-06
-9.68443e-06
-9.76952e-06
-9.7172e-06
-9.65928e-06
-9.64122e-06
-9.58195e-06
-9.60023e-06
-9.8024e-06
-1.00127e-05
-7.5149e-06
-6.95836e-06
-6.2906e-06
-5.69093e-06
-5.03795e-06
-4.2006e-06
-3.31841e-06
-2.60226e-06
-2.1447e-06
-1.95403e-06
-1.8436e-06
-1.70677e-06
-1.60599e-06
-1.55268e-06
-1.40205e-06
-1.19759e-06
-1.06151e-06
-8.81592e-07
-7.6086e-07
-9.14723e-07
-1.40422e-06
-2.00959e-06
-2.64508e-06
-3.36785e-06
-4.12239e-06
-4.86797e-06
-5.56722e-06
-6.18009e-06
-6.70532e-06
-7.06519e-06
-7.27699e-06
-7.39619e-06
-7.44092e-06
-7.35784e-06
-7.30077e-06
-7.31364e-06
-7.29607e-06
-7.33149e-06
-7.50232e-06
-7.66973e-06
-6.55934e-06
-6.02418e-06
-5.39583e-06
-4.82838e-06
-4.20267e-06
-3.3747e-06
-2.47069e-06
-1.71137e-06
-1.20405e-06
-9.6223e-07
-7.92282e-07
-6.02383e-07
-4.75052e-07
-4.23605e-07
-2.97961e-07
-1.39739e-07
-5.0458e-08
1.15806e-07
2.63277e-07
1.443e-07
-3.22748e-07
-9.2301e-07
-1.54872e-06
-2.25304e-06
-2.99852e-06
-3.7569e-06
-4.47399e-06
-5.12195e-06
-5.68056e-06
-6.05515e-06
-6.27382e-06
-6.39728e-06
-6.43873e-06
-6.3706e-06
-6.33043e-06
-6.35098e-06
-6.34425e-06
-6.38845e-06
-6.55492e-06
-6.71201e-06
-6.37055e-06
-5.83907e-06
-5.20922e-06
-4.63402e-06
-3.99157e-06
-3.14345e-06
-2.22888e-06
-1.46783e-06
-9.64814e-07
-7.20646e-07
-5.46936e-07
-3.60643e-07
-2.43096e-07
-2.05874e-07
-9.25859e-08
5.7593e-08
1.49391e-07
3.2395e-07
4.72859e-07
3.52293e-07
-1.2099e-07
-7.22437e-07
-1.33622e-06
-2.02416e-06
-2.75765e-06
-3.51062e-06
-4.23216e-06
-4.88433e-06
-5.44413e-06
-5.82241e-06
-6.04639e-06
-6.17087e-06
-6.2083e-06
-6.14154e-06
-6.10378e-06
-6.13595e-06
-6.14262e-06
-6.19928e-06
-6.3716e-06
-6.52513e-06
-1.48809e-05
-1.48206e-05
-1.47707e-05
-1.46892e-05
-1.45816e-05
-1.44741e-05
-1.43719e-05
-1.42902e-05
-1.42319e-05
-1.41931e-05
-1.41747e-05
-1.41701e-05
-1.419e-05
-1.42262e-05
-1.42804e-05
-1.43641e-05
-1.44778e-05
-1.45891e-05
-1.47086e-05
-1.48256e-05
-1.49135e-05
-1.49897e-05
-1.50408e-05
-1.50721e-05
-1.50814e-05
-1.50965e-05
-1.51242e-05
-1.51531e-05
-1.51892e-05
-1.52177e-05
-1.52337e-05
-1.52423e-05
-1.52517e-05
-1.52493e-05
-1.52232e-05
-1.5181e-05
-1.51252e-05
-1.50656e-05
-1.5008e-05
-1.49461e-05
-1.64396e-05
-1.64183e-05
-1.63967e-05
-1.63615e-05
-1.63041e-05
-1.62634e-05
-1.62583e-05
-1.62658e-05
-1.6286e-05
-1.63004e-05
-1.63093e-05
-1.63264e-05
-1.63513e-05
-1.64126e-05
-1.65049e-05
-1.6614e-05
-1.67247e-05
-1.6837e-05
-1.69274e-05
-1.69906e-05
-1.70376e-05
-1.70546e-05
-1.70479e-05
-1.7028e-05
-1.69934e-05
-1.69684e-05
-1.6941e-05
-1.69343e-05
-1.69359e-05
-1.69261e-05
-1.6916e-05
-1.69052e-05
-1.69025e-05
-1.68857e-05
-1.68298e-05
-1.67517e-05
-1.66661e-05
-1.65873e-05
-1.65202e-05
-1.64716e-05
-1.92582e-05
-1.92336e-05
-1.91877e-05
-1.912e-05
-1.90546e-05
-1.9013e-05
-1.8959e-05
-1.88781e-05
-1.87729e-05
-1.86687e-05
-1.85582e-05
-1.84565e-05
-1.83939e-05
-1.83838e-05
-1.84464e-05
-1.85744e-05
-1.87106e-05
-1.88552e-05
-1.89745e-05
-1.90704e-05
-1.91137e-05
-1.91193e-05
-1.91042e-05
-1.90884e-05
-1.90974e-05
-1.91053e-05
-1.91366e-05
-1.91737e-05
-1.9215e-05
-1.9254e-05
-1.92913e-05
-1.93368e-05
-1.93753e-05
-1.94016e-05
-1.94156e-05
-1.94174e-05
-1.93908e-05
-1.93582e-05
-1.93298e-05
-1.92918e-05
-2.25952e-05
-2.25696e-05
-2.2568e-05
-2.25452e-05
-2.25159e-05
-2.24459e-05
-2.23276e-05
-2.21887e-05
-2.20507e-05
-2.19124e-05
-2.17378e-05
-2.15518e-05
-2.14354e-05
-2.14062e-05
-2.14642e-05
-2.15739e-05
-2.17259e-05
-2.18644e-05
-2.19912e-05
-2.20964e-05
-2.21707e-05
-2.22233e-05
-2.22684e-05
-2.23382e-05
-2.24363e-05
-2.25508e-05
-2.26653e-05
-2.27795e-05
-2.28969e-05
-2.29924e-05
-2.30565e-05
-2.30942e-05
-2.31006e-05
-2.31094e-05
-2.30922e-05
-2.30352e-05
-2.29553e-05
-2.28664e-05
-2.277e-05
-2.26659e-05
-2.47388e-05
-2.46867e-05
-2.46221e-05
-2.45079e-05
-2.43875e-05
-2.42807e-05
-2.41701e-05
-2.40483e-05
-2.39611e-05
-2.39149e-05
-2.38938e-05
-2.39057e-05
-2.39675e-05
-2.40774e-05
-2.42497e-05
-2.44716e-05
-2.47045e-05
-2.49261e-05
-2.50701e-05
-2.51245e-05
-2.51346e-05
-2.51218e-05
-2.51108e-05
-2.51131e-05
-2.51328e-05
-2.5154e-05
-2.516e-05
-2.51604e-05
-2.51295e-05
-2.50681e-05
-2.50132e-05
-2.49817e-05
-2.49576e-05
-2.49513e-05
-2.4954e-05
-2.49613e-05
-2.49471e-05
-2.49086e-05
-2.48575e-05
-2.47923e-05
-2.78812e-05
-2.76438e-05
-2.7405e-05
-2.71516e-05
-2.69326e-05
-2.67981e-05
-2.66744e-05
-2.65151e-05
-2.63703e-05
-2.62595e-05
-2.61578e-05
-2.60775e-05
-2.60979e-05
-2.62324e-05
-2.64671e-05
-2.6795e-05
-2.71443e-05
-2.74304e-05
-2.76163e-05
-2.77098e-05
-2.7784e-05
-2.78527e-05
-2.79145e-05
-2.79674e-05
-2.80324e-05
-2.81151e-05
-2.81949e-05
-2.82321e-05
-2.82399e-05
-2.82395e-05
-2.82483e-05
-2.8312e-05
-2.84536e-05
-2.86357e-05
-2.87855e-05
-2.88467e-05
-2.87843e-05
-2.85889e-05
-2.83535e-05
-2.8116e-05
-3.16173e-05
-3.13972e-05
-3.11101e-05
-3.07856e-05
-3.05859e-05
-3.04925e-05
-3.04388e-05
-3.03401e-05
-3.0175e-05
-2.99456e-05
-2.97186e-05
-2.95245e-05
-2.94252e-05
-2.94596e-05
-2.96468e-05
-2.9939e-05
-3.02438e-05
-3.04483e-05
-3.05591e-05
-3.06365e-05
-3.06977e-05
-3.07573e-05
-3.0851e-05
-3.10211e-05
-3.12898e-05
-3.16269e-05
-3.19422e-05
-3.21979e-05
-3.23815e-05
-3.24671e-05
-3.24999e-05
-3.25166e-05
-3.25403e-05
-3.25219e-05
-3.24691e-05
-3.23765e-05
-3.22462e-05
-3.21113e-05
-3.19666e-05
-3.18108e-05
-3.41477e-05
-3.39532e-05
-3.36956e-05
-3.33885e-05
-3.31865e-05
-3.31143e-05
-3.30641e-05
-3.29431e-05
-3.28005e-05
-3.26636e-05
-3.25213e-05
-3.24097e-05
-3.23618e-05
-3.24596e-05
-3.27156e-05
-3.30363e-05
-3.33592e-05
-3.36685e-05
-3.39224e-05
-3.41213e-05
-3.4271e-05
-3.44185e-05
-3.46027e-05
-3.48838e-05
-3.52978e-05
-3.5723e-05
-3.61006e-05
-3.63744e-05
-3.64956e-05
-3.6462e-05
-3.62944e-05
-3.60159e-05
-3.56632e-05
-3.5386e-05
-3.51802e-05
-3.49961e-05
-3.47966e-05
-3.46231e-05
-3.44731e-05
-3.43121e-05
-3.60323e-05
-3.58508e-05
-3.55817e-05
-3.53054e-05
-3.51868e-05
-3.52489e-05
-3.52551e-05
-3.51326e-05
-3.49308e-05
-3.47212e-05
-3.45019e-05
-3.4336e-05
-3.43474e-05
-3.45757e-05
-3.49813e-05
-3.54546e-05
-3.59328e-05
-3.63677e-05
-3.67221e-05
-3.69943e-05
-3.7219e-05
-3.74657e-05
-3.78246e-05
-3.83222e-05
-3.88776e-05
-3.93722e-05
-3.96641e-05
-3.97626e-05
-3.96302e-05
-3.93716e-05
-3.8998e-05
-3.85167e-05
-3.79948e-05
-3.75495e-05
-3.72461e-05
-3.69484e-05
-3.66629e-05
-3.64622e-05
-3.6331e-05
-3.61824e-05
-3.6652e-05
-3.65821e-05
-3.64772e-05
-3.64264e-05
-3.64641e-05
-3.64514e-05
-3.62886e-05
-3.59667e-05
-3.55352e-05
-3.51915e-05
-3.48783e-05
-3.46883e-05
-3.48512e-05
-3.53367e-05
-3.59686e-05
-3.66646e-05
-3.7406e-05
-3.80862e-05
-3.86548e-05
-3.91406e-05
-3.95624e-05
-4.00064e-05
-4.04877e-05
-4.09666e-05
-4.1325e-05
-4.15886e-05
-4.16693e-05
-4.15109e-05
-4.11888e-05
-4.07585e-05
-4.02369e-05
-3.96739e-05
-3.91862e-05
-3.8786e-05
-3.84036e-05
-3.80456e-05
-3.76993e-05
-3.73744e-05
-3.70703e-05
-3.68115e-05
-3.68857e-05
-3.68315e-05
-3.6767e-05
-3.66606e-05
-3.65871e-05
-3.64561e-05
-3.61342e-05
-3.57081e-05
-3.53175e-05
-3.50225e-05
-3.48423e-05
-3.48884e-05
-3.52438e-05
-3.58967e-05
-3.67099e-05
-3.75896e-05
-3.84523e-05
-3.93312e-05
-4.01399e-05
-4.0868e-05
-4.1607e-05
-4.23472e-05
-4.29464e-05
-4.32407e-05
-4.31876e-05
-4.29765e-05
-4.26665e-05
-4.21965e-05
-4.16573e-05
-4.0989e-05
-4.02316e-05
-3.95093e-05
-3.89119e-05
-3.84765e-05
-3.82013e-05
-3.79819e-05
-3.7811e-05
-3.76205e-05
-3.73716e-05
-3.70879e-05
-3.81673e-05
-3.78776e-05
-3.74384e-05
-3.68419e-05
-3.62757e-05
-3.58134e-05
-3.53666e-05
-3.50506e-05
-3.49069e-05
-3.48776e-05
-3.48354e-05
-3.49526e-05
-3.54086e-05
-3.62274e-05
-3.72388e-05
-3.83263e-05
-3.9346e-05
-4.01488e-05
-4.08529e-05
-4.15492e-05
-4.2295e-05
-4.29614e-05
-4.33038e-05
-4.31808e-05
-4.27299e-05
-4.22427e-05
-4.18586e-05
-4.14613e-05
-4.09777e-05
-4.03895e-05
-3.97206e-05
-3.91494e-05
-3.8822e-05
-3.87283e-05
-3.88676e-05
-3.90212e-05
-3.90027e-05
-3.88944e-05
-3.86929e-05
-3.84341e-05
-3.99643e-05
-3.961e-05
-3.91008e-05
-3.84144e-05
-3.77672e-05
-3.71649e-05
-3.6586e-05
-3.61082e-05
-3.58512e-05
-3.57571e-05
-3.56853e-05
-3.57679e-05
-3.60774e-05
-3.67032e-05
-3.74952e-05
-3.83081e-05
-3.91225e-05
-3.98711e-05
-4.05525e-05
-4.1205e-05
-4.18558e-05
-4.226e-05
-4.23392e-05
-4.20267e-05
-4.14857e-05
-4.10722e-05
-4.08305e-05
-4.06592e-05
-4.03621e-05
-4.00603e-05
-3.9769e-05
-3.94939e-05
-3.93668e-05
-3.94975e-05
-3.9818e-05
-4.01283e-05
-4.0297e-05
-4.03173e-05
-4.03128e-05
-4.02028e-05
-4.19089e-05
-4.14619e-05
-4.08603e-05
-4.01911e-05
-3.94879e-05
-3.88109e-05
-3.81725e-05
-3.7645e-05
-3.73626e-05
-3.72468e-05
-3.70714e-05
-3.6813e-05
-3.67355e-05
-3.69396e-05
-3.73083e-05
-3.77707e-05
-3.83736e-05
-3.89348e-05
-3.94984e-05
-4.00769e-05
-4.0675e-05
-4.11438e-05
-4.13452e-05
-4.11925e-05
-4.08639e-05
-4.06209e-05
-4.05061e-05
-4.03975e-05
-4.03048e-05
-4.01812e-05
-4.00079e-05
-3.98674e-05
-3.98775e-05
-4.01803e-05
-4.0701e-05
-4.13102e-05
-4.17753e-05
-4.20721e-05
-4.22263e-05
-4.21583e-05
-4.10542e-05
-4.04579e-05
-3.97282e-05
-3.91328e-05
-3.85982e-05
-3.80963e-05
-3.76841e-05
-3.73494e-05
-3.72325e-05
-3.73168e-05
-3.72493e-05
-3.69857e-05
-3.68456e-05
-3.69036e-05
-3.70814e-05
-3.73782e-05
-3.77825e-05
-3.82303e-05
-3.85628e-05
-3.89181e-05
-3.93037e-05
-3.96083e-05
-3.9785e-05
-3.97556e-05
-3.96192e-05
-3.95882e-05
-3.96615e-05
-3.96918e-05
-3.96224e-05
-3.94876e-05
-3.92179e-05
-3.89059e-05
-3.87912e-05
-3.905e-05
-3.96448e-05
-4.03625e-05
-4.09181e-05
-4.1312e-05
-4.14886e-05
-4.13838e-05
-3.7925e-05
-3.73418e-05
-3.65729e-05
-3.5957e-05
-3.56179e-05
-3.54569e-05
-3.53434e-05
-3.51979e-05
-3.51632e-05
-3.5299e-05
-3.52795e-05
-3.51075e-05
-3.50401e-05
-3.50732e-05
-3.52727e-05
-3.55941e-05
-3.59229e-05
-3.62195e-05
-3.64248e-05
-3.66524e-05
-3.69411e-05
-3.70788e-05
-3.71836e-05
-3.72513e-05
-3.73511e-05
-3.76924e-05
-3.80991e-05
-3.83465e-05
-3.83512e-05
-3.80887e-05
-3.76198e-05
-3.70442e-05
-3.66097e-05
-3.64965e-05
-3.67732e-05
-3.7282e-05
-3.76958e-05
-3.80685e-05
-3.83389e-05
-3.82813e-05
-3.36727e-05
-3.30486e-05
-3.22935e-05
-3.17106e-05
-3.14492e-05
-3.13825e-05
-3.1329e-05
-3.12239e-05
-3.12624e-05
-3.14641e-05
-3.14776e-05
-3.12804e-05
-3.10632e-05
-3.10168e-05
-3.11667e-05
-3.15178e-05
-3.19779e-05
-3.23147e-05
-3.24482e-05
-3.26053e-05
-3.27913e-05
-3.30412e-05
-3.32983e-05
-3.36398e-05
-3.41472e-05
-3.47611e-05
-3.53541e-05
-3.57165e-05
-3.58018e-05
-3.55584e-05
-3.50613e-05
-3.43824e-05
-3.37807e-05
-3.34277e-05
-3.3447e-05
-3.37136e-05
-3.3936e-05
-3.42031e-05
-3.43578e-05
-3.4148e-05
-2.8753e-05
-2.81218e-05
-2.74414e-05
-2.68557e-05
-2.64917e-05
-2.62867e-05
-2.61033e-05
-2.59554e-05
-2.60813e-05
-2.63941e-05
-2.65549e-05
-2.65265e-05
-2.63726e-05
-2.62371e-05
-2.62506e-05
-2.65266e-05
-2.69573e-05
-2.72779e-05
-2.73727e-05
-2.74177e-05
-2.75822e-05
-2.78489e-05
-2.81975e-05
-2.87237e-05
-2.94313e-05
-3.02197e-05
-3.09464e-05
-3.14052e-05
-3.14854e-05
-3.1257e-05
-3.08529e-05
-3.03396e-05
-2.99309e-05
-2.97207e-05
-2.97603e-05
-2.98645e-05
-2.97902e-05
-2.97645e-05
-2.96627e-05
-2.929e-05
-2.39129e-05
-2.32966e-05
-2.26073e-05
-2.19488e-05
-2.14523e-05
-2.10716e-05
-2.07258e-05
-2.05605e-05
-2.07922e-05
-2.12219e-05
-2.15782e-05
-2.17969e-05
-2.1788e-05
-2.1587e-05
-2.14455e-05
-2.15065e-05
-2.17853e-05
-2.19985e-05
-2.20307e-05
-2.20399e-05
-2.2142e-05
-2.23573e-05
-2.26863e-05
-2.32083e-05
-2.39159e-05
-2.47808e-05
-2.5608e-05
-2.61629e-05
-2.63036e-05
-2.60757e-05
-2.56844e-05
-2.52878e-05
-2.50703e-05
-2.50626e-05
-2.52124e-05
-2.52471e-05
-2.50543e-05
-2.49243e-05
-2.47715e-05
-2.44165e-05
-1.92363e-05
-1.86807e-05
-1.7921e-05
-1.71265e-05
-1.65089e-05
-1.61034e-05
-1.57864e-05
-1.56996e-05
-1.59855e-05
-1.6444e-05
-1.68389e-05
-1.71122e-05
-1.71302e-05
-1.68599e-05
-1.65681e-05
-1.64623e-05
-1.65905e-05
-1.6731e-05
-1.67749e-05
-1.68244e-05
-1.69423e-05
-1.71015e-05
-1.73411e-05
-1.77417e-05
-1.83738e-05
-1.92304e-05
-2.01515e-05
-2.07959e-05
-2.0994e-05
-2.07735e-05
-2.03854e-05
-2.00745e-05
-1.99642e-05
-2.01303e-05
-2.03395e-05
-2.02911e-05
-2.0027e-05
-1.99023e-05
-1.98593e-05
-1.96245e-05
-1.46499e-05
-1.41564e-05
-1.34193e-05
-1.26034e-05
-1.19573e-05
-1.15046e-05
-1.12254e-05
-1.12366e-05
-1.1573e-05
-1.2024e-05
-1.2389e-05
-1.2682e-05
-1.279e-05
-1.25811e-05
-1.22713e-05
-1.20919e-05
-1.21126e-05
-1.21621e-05
-1.21577e-05
-1.22085e-05
-1.23156e-05
-1.24276e-05
-1.26138e-05
-1.29605e-05
-1.35514e-05
-1.4373e-05
-1.52537e-05
-1.58683e-05
-1.60311e-05
-1.57993e-05
-1.54635e-05
-1.52787e-05
-1.53484e-05
-1.56843e-05
-1.59923e-05
-1.59079e-05
-1.55344e-05
-1.53401e-05
-1.52298e-05
-1.49682e-05
-1.09773e-05
-1.05467e-05
-9.82797e-06
-8.99972e-06
-8.29118e-06
-7.75039e-06
-7.41367e-06
-7.438e-06
-7.807e-06
-8.22593e-06
-8.55324e-06
-8.84669e-06
-9.02959e-06
-8.94944e-06
-8.7655e-06
-8.64473e-06
-8.61348e-06
-8.58112e-06
-8.53354e-06
-8.5595e-06
-8.62739e-06
-8.69407e-06
-8.87093e-06
-9.24031e-06
-9.83548e-06
-1.06454e-05
-1.14873e-05
-1.20185e-05
-1.20795e-05
-1.17984e-05
-1.15003e-05
-1.14187e-05
-1.16252e-05
-1.20978e-05
-1.25373e-05
-1.25109e-05
-1.21081e-05
-1.18059e-05
-1.15776e-05
-1.12694e-05
-8.62689e-06
-8.22069e-06
-7.52821e-06
-6.69777e-06
-5.9409e-06
-5.32583e-06
-4.92736e-06
-4.90453e-06
-5.2412e-06
-5.63633e-06
-5.9072e-06
-6.1466e-06
-6.32739e-06
-6.29964e-06
-6.19675e-06
-6.1507e-06
-6.17342e-06
-6.15607e-06
-6.1098e-06
-6.12615e-06
-6.15474e-06
-6.17042e-06
-6.32798e-06
-6.71175e-06
-7.35101e-06
-8.17171e-06
-8.99692e-06
-9.49927e-06
-9.54008e-06
-9.2664e-06
-8.98549e-06
-8.93739e-06
-9.19411e-06
-9.71748e-06
-1.02145e-05
-1.02345e-05
-9.84385e-06
-9.50937e-06
-9.23796e-06
-8.91225e-06
-7.54947e-06
-7.16873e-06
-6.49686e-06
-5.68452e-06
-4.91906e-06
-4.27162e-06
-3.83731e-06
-3.77826e-06
-4.06129e-06
-4.39347e-06
-4.62839e-06
-4.84665e-06
-5.02873e-06
-5.01724e-06
-4.94902e-06
-4.95145e-06
-5.015e-06
-5.01109e-06
-4.94919e-06
-4.95387e-06
-4.96376e-06
-4.97005e-06
-5.11469e-06
-5.50083e-06
-6.1607e-06
-6.99848e-06
-7.83412e-06
-8.35921e-06
-8.44189e-06
-8.22463e-06
-7.98613e-06
-7.94477e-06
-8.18321e-06
-8.68044e-06
-9.15566e-06
-9.17462e-06
-8.79463e-06
-8.44988e-06
-8.15732e-06
-7.82325e-06
-7.39599e-06
-7.01546e-06
-6.34248e-06
-5.52288e-06
-4.74346e-06
-4.08427e-06
-3.6412e-06
-3.5615e-06
-3.82025e-06
-4.13967e-06
-4.36641e-06
-4.58436e-06
-4.76869e-06
-4.76733e-06
-4.71322e-06
-4.72178e-06
-4.7803e-06
-4.76623e-06
-4.70389e-06
-4.70997e-06
-4.72818e-06
-4.74241e-06
-4.89946e-06
-5.30485e-06
-5.98314e-06
-6.82417e-06
-7.65393e-06
-8.1849e-06
-8.28613e-06
-8.0862e-06
-7.84874e-06
-7.79428e-06
-8.01731e-06
-8.50488e-06
-8.9782e-06
-9.00329e-06
-8.6321e-06
-8.28927e-06
-7.99595e-06
-7.66395e-06
-1.53124e-05
-1.52381e-05
-1.5149e-05
-1.50528e-05
-1.4943e-05
-1.48333e-05
-1.47322e-05
-1.46388e-05
-1.45614e-05
-1.45115e-05
-1.44787e-05
-1.44681e-05
-1.44809e-05
-1.45029e-05
-1.45562e-05
-1.46342e-05
-1.47473e-05
-1.48898e-05
-1.50309e-05
-1.5153e-05
-1.52421e-05
-1.53234e-05
-1.54006e-05
-1.5456e-05
-1.55024e-05
-1.55558e-05
-1.5605e-05
-1.5655e-05
-1.57044e-05
-1.57489e-05
-1.57871e-05
-1.58119e-05
-1.5809e-05
-1.57799e-05
-1.57434e-05
-1.56986e-05
-1.56334e-05
-1.55378e-05
-1.54434e-05
-1.53698e-05
-1.70288e-05
-1.69798e-05
-1.69397e-05
-1.69022e-05
-1.68733e-05
-1.68479e-05
-1.68446e-05
-1.68497e-05
-1.68599e-05
-1.68824e-05
-1.69098e-05
-1.69347e-05
-1.69875e-05
-1.70486e-05
-1.71256e-05
-1.72335e-05
-1.73605e-05
-1.74714e-05
-1.75811e-05
-1.76687e-05
-1.77406e-05
-1.77842e-05
-1.77983e-05
-1.77973e-05
-1.77752e-05
-1.77527e-05
-1.77552e-05
-1.77515e-05
-1.77626e-05
-1.77627e-05
-1.7739e-05
-1.77188e-05
-1.77015e-05
-1.76724e-05
-1.76073e-05
-1.75056e-05
-1.73841e-05
-1.72741e-05
-1.71855e-05
-1.70984e-05
-1.87568e-05
-1.87105e-05
-1.86836e-05
-1.8662e-05
-1.86371e-05
-1.86262e-05
-1.85947e-05
-1.85497e-05
-1.85098e-05
-1.84531e-05
-1.83544e-05
-1.82308e-05
-1.81477e-05
-1.81444e-05
-1.8238e-05
-1.83939e-05
-1.85564e-05
-1.87024e-05
-1.88283e-05
-1.89196e-05
-1.89813e-05
-1.90288e-05
-1.9055e-05
-1.90692e-05
-1.90861e-05
-1.91248e-05
-1.91487e-05
-1.91522e-05
-1.9148e-05
-1.91361e-05
-1.91362e-05
-1.91312e-05
-1.91284e-05
-1.91198e-05
-1.91038e-05
-1.90593e-05
-1.89926e-05
-1.89154e-05
-1.88601e-05
-1.88111e-05
-2.15565e-05
-2.15996e-05
-2.16175e-05
-2.16121e-05
-2.16306e-05
-2.16826e-05
-2.16967e-05
-2.16494e-05
-2.15641e-05
-2.14457e-05
-2.12948e-05
-2.11501e-05
-2.10681e-05
-2.10723e-05
-2.11492e-05
-2.12661e-05
-2.1377e-05
-2.14704e-05
-2.15251e-05
-2.15261e-05
-2.14764e-05
-2.14048e-05
-2.13377e-05
-2.12869e-05
-2.12781e-05
-2.12854e-05
-2.13121e-05
-2.13616e-05
-2.14182e-05
-2.14747e-05
-2.14955e-05
-2.15026e-05
-2.15291e-05
-2.15459e-05
-2.1547e-05
-2.15359e-05
-2.15183e-05
-2.15097e-05
-2.15151e-05
-2.15307e-05
-2.32917e-05
-2.32945e-05
-2.32435e-05
-2.3176e-05
-2.31312e-05
-2.31026e-05
-2.30489e-05
-2.29745e-05
-2.29105e-05
-2.28773e-05
-2.28726e-05
-2.29434e-05
-2.30908e-05
-2.32845e-05
-2.35148e-05
-2.37713e-05
-2.40403e-05
-2.42568e-05
-2.43997e-05
-2.4457e-05
-2.44541e-05
-2.44058e-05
-2.43229e-05
-2.42218e-05
-2.40997e-05
-2.39821e-05
-2.3864e-05
-2.376e-05
-2.36508e-05
-2.35082e-05
-2.33582e-05
-2.3229e-05
-2.31356e-05
-2.30897e-05
-2.31047e-05
-2.31524e-05
-2.31926e-05
-2.32278e-05
-2.32538e-05
-2.32741e-05
-2.54859e-05
-2.53915e-05
-2.52241e-05
-2.50496e-05
-2.49656e-05
-2.49337e-05
-2.48692e-05
-2.47631e-05
-2.4636e-05
-2.45261e-05
-2.44185e-05
-2.43131e-05
-2.427e-05
-2.43371e-05
-2.45076e-05
-2.47487e-05
-2.50317e-05
-2.52807e-05
-2.54368e-05
-2.55249e-05
-2.55654e-05
-2.55832e-05
-2.55664e-05
-2.54905e-05
-2.5421e-05
-2.53449e-05
-2.52739e-05
-2.52059e-05
-2.51178e-05
-2.50111e-05
-2.49234e-05
-2.48954e-05
-2.49534e-05
-2.50691e-05
-2.52026e-05
-2.53075e-05
-2.53909e-05
-2.54622e-05
-2.55051e-05
-2.5518e-05
-2.88111e-05
-2.86867e-05
-2.85118e-05
-2.82967e-05
-2.81143e-05
-2.79649e-05
-2.77515e-05
-2.74363e-05
-2.70884e-05
-2.67969e-05
-2.66026e-05
-2.65249e-05
-2.65856e-05
-2.67623e-05
-2.69952e-05
-2.72299e-05
-2.74294e-05
-2.75452e-05
-2.75497e-05
-2.74868e-05
-2.7433e-05
-2.73867e-05
-2.73469e-05
-2.73516e-05
-2.74086e-05
-2.74981e-05
-2.75862e-05
-2.76503e-05
-2.77309e-05
-2.78009e-05
-2.78818e-05
-2.80234e-05
-2.8238e-05
-2.84641e-05
-2.86517e-05
-2.87555e-05
-2.88142e-05
-2.88584e-05
-2.89134e-05
-2.89051e-05
-3.15403e-05
-3.14167e-05
-3.12337e-05
-3.10221e-05
-3.08704e-05
-3.07544e-05
-3.06084e-05
-3.03708e-05
-3.01065e-05
-2.98908e-05
-2.9753e-05
-2.9665e-05
-2.97352e-05
-2.99693e-05
-3.02424e-05
-3.04556e-05
-3.0609e-05
-3.06647e-05
-3.06423e-05
-3.05965e-05
-3.05671e-05
-3.05212e-05
-3.05071e-05
-3.06094e-05
-3.08309e-05
-3.11443e-05
-3.14495e-05
-3.16801e-05
-3.18463e-05
-3.19589e-05
-3.20301e-05
-3.20905e-05
-3.215e-05
-3.2168e-05
-3.21271e-05
-3.20481e-05
-3.19375e-05
-3.18118e-05
-3.17173e-05
-3.16354e-05
-3.37195e-05
-3.35924e-05
-3.3416e-05
-3.32879e-05
-3.33002e-05
-3.34161e-05
-3.34689e-05
-3.34009e-05
-3.32975e-05
-3.32173e-05
-3.31157e-05
-3.30143e-05
-3.30797e-05
-3.3374e-05
-3.36832e-05
-3.40137e-05
-3.43156e-05
-3.45215e-05
-3.46472e-05
-3.46449e-05
-3.44994e-05
-3.42953e-05
-3.41891e-05
-3.42479e-05
-3.44435e-05
-3.46563e-05
-3.48278e-05
-3.49002e-05
-3.4888e-05
-3.47738e-05
-3.4577e-05
-3.43396e-05
-3.41258e-05
-3.39648e-05
-3.3871e-05
-3.38391e-05
-3.3767e-05
-3.37375e-05
-3.3787e-05
-3.37797e-05
-3.50358e-05
-3.50495e-05
-3.51191e-05
-3.51955e-05
-3.5298e-05
-3.54334e-05
-3.56171e-05
-3.57572e-05
-3.59347e-05
-3.61475e-05
-3.62634e-05
-3.62887e-05
-3.64392e-05
-3.66722e-05
-3.70006e-05
-3.73427e-05
-3.77187e-05
-3.80353e-05
-3.82093e-05
-3.81931e-05
-3.79897e-05
-3.7767e-05
-3.77176e-05
-3.7813e-05
-3.78733e-05
-3.78363e-05
-3.76468e-05
-3.73235e-05
-3.69226e-05
-3.65438e-05
-3.61492e-05
-3.57444e-05
-3.53776e-05
-3.51119e-05
-3.50209e-05
-3.501e-05
-3.49746e-05
-3.495e-05
-3.4998e-05
-3.50485e-05
-3.67422e-05
-3.68378e-05
-3.70106e-05
-3.71224e-05
-3.71482e-05
-3.71954e-05
-3.72859e-05
-3.7445e-05
-3.76766e-05
-3.79091e-05
-3.80441e-05
-3.80279e-05
-3.807e-05
-3.82657e-05
-3.85789e-05
-3.89791e-05
-3.94389e-05
-3.97999e-05
-4.00416e-05
-4.02659e-05
-4.04701e-05
-4.06524e-05
-4.07931e-05
-4.08467e-05
-4.06377e-05
-4.02434e-05
-3.97188e-05
-3.90921e-05
-3.85291e-05
-3.80645e-05
-3.76196e-05
-3.7212e-05
-3.68133e-05
-3.65521e-05
-3.64579e-05
-3.64382e-05
-3.64423e-05
-3.64826e-05
-3.6554e-05
-3.66584e-05
-3.89688e-05
-3.91155e-05
-3.92252e-05
-3.91076e-05
-3.88383e-05
-3.86669e-05
-3.8646e-05
-3.8668e-05
-3.86729e-05
-3.857e-05
-3.82906e-05
-3.78864e-05
-3.76366e-05
-3.77186e-05
-3.80797e-05
-3.86188e-05
-3.91474e-05
-3.95254e-05
-3.97606e-05
-4.00137e-05
-4.02643e-05
-4.0428e-05
-4.04495e-05
-4.02249e-05
-3.98762e-05
-3.94394e-05
-3.89338e-05
-3.84092e-05
-3.80902e-05
-3.78436e-05
-3.75224e-05
-3.71991e-05
-3.69216e-05
-3.68022e-05
-3.69437e-05
-3.72825e-05
-3.76429e-05
-3.8085e-05
-3.85217e-05
-3.88018e-05
-3.98197e-05
-4.00945e-05
-4.03224e-05
-4.03769e-05
-4.03141e-05
-4.02856e-05
-4.02541e-05
-4.01075e-05
-3.98917e-05
-3.9581e-05
-3.89559e-05
-3.81996e-05
-3.76872e-05
-3.75342e-05
-3.76955e-05
-3.79779e-05
-3.82503e-05
-3.83497e-05
-3.82434e-05
-3.81267e-05
-3.81029e-05
-3.82079e-05
-3.8342e-05
-3.83557e-05
-3.81748e-05
-3.79855e-05
-3.78125e-05
-3.75863e-05
-3.74499e-05
-3.72889e-05
-3.70053e-05
-3.65582e-05
-3.61861e-05
-3.60939e-05
-3.63812e-05
-3.69238e-05
-3.75829e-05
-3.82983e-05
-3.90037e-05
-3.95111e-05
-3.92912e-05
-3.99511e-05
-4.05591e-05
-4.10027e-05
-4.13391e-05
-4.15605e-05
-4.15768e-05
-4.1371e-05
-4.11086e-05
-4.07847e-05
-4.01535e-05
-3.92968e-05
-3.85846e-05
-3.81316e-05
-3.78761e-05
-3.77974e-05
-3.77324e-05
-3.74489e-05
-3.69473e-05
-3.64974e-05
-3.62017e-05
-3.61357e-05
-3.62284e-05
-3.6318e-05
-3.62252e-05
-3.61059e-05
-3.60306e-05
-3.59984e-05
-3.59391e-05
-3.57392e-05
-3.53781e-05
-3.49039e-05
-3.45353e-05
-3.44886e-05
-3.49415e-05
-3.56154e-05
-3.63196e-05
-3.70844e-05
-3.78948e-05
-3.86336e-05
-3.74138e-05
-3.83455e-05
-3.90945e-05
-3.95802e-05
-3.9976e-05
-4.02232e-05
-4.03113e-05
-4.0239e-05
-4.01437e-05
-3.99567e-05
-3.94925e-05
-3.88806e-05
-3.83295e-05
-3.78811e-05
-3.75143e-05
-3.72333e-05
-3.68921e-05
-3.63057e-05
-3.55208e-05
-3.47066e-05
-3.40439e-05
-3.36011e-05
-3.33976e-05
-3.32764e-05
-3.31923e-05
-3.3219e-05
-3.33413e-05
-3.36247e-05
-3.39582e-05
-3.40884e-05
-3.39545e-05
-3.35573e-05
-3.3077e-05
-3.28434e-05
-3.30981e-05
-3.36187e-05
-3.41738e-05
-3.48244e-05
-3.56599e-05
-3.65365e-05
-3.41388e-05
-3.51805e-05
-3.60457e-05
-3.65436e-05
-3.68805e-05
-3.70817e-05
-3.71372e-05
-3.70965e-05
-3.71018e-05
-3.70741e-05
-3.67531e-05
-3.62665e-05
-3.5878e-05
-3.56347e-05
-3.54051e-05
-3.5223e-05
-3.49192e-05
-3.42234e-05
-3.32137e-05
-3.21221e-05
-3.11141e-05
-3.03667e-05
-2.9958e-05
-2.97935e-05
-2.97981e-05
-3.0063e-05
-3.05017e-05
-3.10546e-05
-3.16012e-05
-3.20189e-05
-3.20689e-05
-3.17345e-05
-3.11366e-05
-3.0661e-05
-3.06919e-05
-3.10775e-05
-3.14837e-05
-3.19697e-05
-3.26109e-05
-3.32987e-05
-3.02089e-05
-3.13243e-05
-3.21882e-05
-3.26698e-05
-3.29794e-05
-3.31923e-05
-3.31893e-05
-3.30498e-05
-3.29698e-05
-3.28428e-05
-3.24526e-05
-3.18952e-05
-3.15209e-05
-3.13443e-05
-3.12675e-05
-3.13722e-05
-3.13639e-05
-3.07962e-05
-2.97476e-05
-2.85642e-05
-2.74331e-05
-2.65371e-05
-2.60714e-05
-2.59841e-05
-2.62083e-05
-2.66892e-05
-2.72467e-05
-2.78156e-05
-2.83224e-05
-2.86679e-05
-2.86538e-05
-2.81725e-05
-2.75793e-05
-2.71525e-05
-2.71864e-05
-2.75978e-05
-2.80094e-05
-2.83855e-05
-2.87972e-05
-2.93213e-05
-2.64434e-05
-2.74111e-05
-2.81062e-05
-2.8492e-05
-2.87331e-05
-2.88593e-05
-2.87766e-05
-2.84309e-05
-2.80993e-05
-2.78373e-05
-2.74865e-05
-2.71361e-05
-2.68904e-05
-2.67036e-05
-2.66025e-05
-2.68092e-05
-2.69751e-05
-2.65061e-05
-2.55015e-05
-2.43552e-05
-2.32938e-05
-2.24076e-05
-2.18328e-05
-2.16237e-05
-2.17913e-05
-2.22596e-05
-2.28386e-05
-2.34049e-05
-2.38999e-05
-2.41813e-05
-2.40985e-05
-2.37024e-05
-2.33265e-05
-2.3229e-05
-2.35713e-05
-2.41758e-05
-2.46987e-05
-2.51284e-05
-2.54498e-05
-2.57582e-05
-2.25493e-05
-2.31482e-05
-2.35844e-05
-2.38774e-05
-2.41633e-05
-2.43368e-05
-2.41742e-05
-2.36677e-05
-2.31182e-05
-2.27329e-05
-2.24505e-05
-2.2279e-05
-2.21995e-05
-2.2058e-05
-2.1978e-05
-2.21904e-05
-2.23473e-05
-2.19271e-05
-2.10469e-05
-2.01156e-05
-1.92927e-05
-1.85003e-05
-1.77942e-05
-1.73062e-05
-1.71971e-05
-1.74878e-05
-1.80181e-05
-1.86411e-05
-1.92056e-05
-1.95507e-05
-1.95564e-05
-1.9294e-05
-1.91067e-05
-1.92747e-05
-1.99047e-05
-2.06975e-05
-2.12945e-05
-2.17378e-05
-2.19981e-05
-2.21509e-05
-1.78129e-05
-1.81559e-05
-1.84371e-05
-1.87299e-05
-1.91459e-05
-1.95498e-05
-1.96413e-05
-1.92341e-05
-1.86753e-05
-1.82732e-05
-1.80596e-05
-1.79438e-05
-1.78502e-05
-1.76519e-05
-1.75037e-05
-1.76518e-05
-1.77814e-05
-1.74644e-05
-1.67708e-05
-1.60653e-05
-1.54332e-05
-1.47738e-05
-1.40025e-05
-1.3301e-05
-1.29178e-05
-1.30371e-05
-1.36001e-05
-1.43087e-05
-1.49133e-05
-1.52481e-05
-1.52341e-05
-1.50383e-05
-1.49512e-05
-1.52132e-05
-1.59242e-05
-1.66891e-05
-1.71989e-05
-1.75523e-05
-1.76994e-05
-1.76626e-05
-1.306e-05
-1.32871e-05
-1.34832e-05
-1.37499e-05
-1.42176e-05
-1.48099e-05
-1.513e-05
-1.50238e-05
-1.46994e-05
-1.44251e-05
-1.42891e-05
-1.41754e-05
-1.39793e-05
-1.36418e-05
-1.33622e-05
-1.33822e-05
-1.34929e-05
-1.32953e-05
-1.28087e-05
-1.22878e-05
-1.17928e-05
-1.11495e-05
-1.03032e-05
-9.44487e-06
-8.93697e-06
-9.0169e-06
-9.62946e-06
-1.04337e-05
-1.10634e-05
-1.13471e-05
-1.12676e-05
-1.10661e-05
-1.09962e-05
-1.12496e-05
-1.18848e-05
-1.25031e-05
-1.28349e-05
-1.30424e-05
-1.308e-05
-1.29765e-05
-9.28812e-06
-9.49382e-06
-9.6247e-06
-9.82376e-06
-1.02603e-05
-1.08557e-05
-1.12278e-05
-1.12554e-05
-1.1137e-05
-1.10453e-05
-1.10236e-05
-1.09628e-05
-1.07628e-05
-1.03749e-05
-9.99659e-06
-9.89652e-06
-9.9147e-06
-9.73271e-06
-9.37243e-06
-9.02016e-06
-8.63921e-06
-8.01258e-06
-7.0973e-06
-6.15596e-06
-5.54025e-06
-5.51684e-06
-6.09427e-06
-6.93648e-06
-7.64849e-06
-7.96979e-06
-7.90991e-06
-7.74309e-06
-7.70459e-06
-7.95818e-06
-8.49922e-06
-8.96627e-06
-9.13299e-06
-9.21161e-06
-9.21921e-06
-9.16677e-06
-7.01768e-06
-7.21505e-06
-7.32137e-06
-7.45077e-06
-7.79496e-06
-8.31128e-06
-8.65407e-06
-8.73916e-06
-8.7312e-06
-8.74741e-06
-8.82818e-06
-8.83008e-06
-8.64943e-06
-8.23767e-06
-7.78556e-06
-7.57405e-06
-7.48526e-06
-7.27976e-06
-6.98096e-06
-6.72842e-06
-6.43595e-06
-5.83929e-06
-4.92033e-06
-3.93394e-06
-3.20402e-06
-3.02567e-06
-3.49002e-06
-4.33287e-06
-5.11004e-06
-5.52072e-06
-5.58643e-06
-5.5197e-06
-5.52834e-06
-5.78095e-06
-6.27993e-06
-6.65604e-06
-6.75889e-06
-6.81182e-06
-6.84257e-06
-6.85193e-06
-6.0371e-06
-6.22699e-06
-6.3086e-06
-6.40802e-06
-6.7185e-06
-7.21275e-06
-7.54588e-06
-7.66063e-06
-7.69226e-06
-7.73274e-06
-7.82731e-06
-7.83434e-06
-7.64445e-06
-7.21805e-06
-6.74199e-06
-6.479e-06
-6.33345e-06
-6.1211e-06
-5.8641e-06
-5.66686e-06
-5.41299e-06
-4.8362e-06
-3.91414e-06
-2.91015e-06
-2.14122e-06
-1.90699e-06
-2.33947e-06
-3.18483e-06
-3.98384e-06
-4.43896e-06
-4.54807e-06
-4.50935e-06
-4.52239e-06
-4.76462e-06
-5.2451e-06
-5.61858e-06
-5.72761e-06
-5.78988e-06
-5.83113e-06
-5.86315e-06
-5.85717e-06
-6.03127e-06
-6.10956e-06
-6.21174e-06
-6.53201e-06
-7.02971e-06
-7.37223e-06
-7.5024e-06
-7.54042e-06
-7.5775e-06
-7.65824e-06
-7.6416e-06
-7.43624e-06
-7.00737e-06
-6.52821e-06
-6.26219e-06
-6.12421e-06
-5.92562e-06
-5.67691e-06
-5.48434e-06
-5.23251e-06
-4.65194e-06
-3.72871e-06
-2.72583e-06
-1.95272e-06
-1.72109e-06
-2.15462e-06
-2.99528e-06
-3.78576e-06
-4.22528e-06
-4.31788e-06
-4.26902e-06
-4.2802e-06
-4.53322e-06
-5.03086e-06
-5.41902e-06
-5.54522e-06
-5.6193e-06
-5.66573e-06
-5.69596e-06
-1.61407e-05
-1.60913e-05
-1.60493e-05
-1.59928e-05
-1.59245e-05
-1.58297e-05
-1.57504e-05
-1.56752e-05
-1.56065e-05
-1.55516e-05
-1.55152e-05
-1.54929e-05
-1.54882e-05
-1.54952e-05
-1.55281e-05
-1.56094e-05
-1.57151e-05
-1.585e-05
-1.59714e-05
-1.60732e-05
-1.61435e-05
-1.61914e-05
-1.62237e-05
-1.62497e-05
-1.62737e-05
-1.62981e-05
-1.63336e-05
-1.63731e-05
-1.64162e-05
-1.64551e-05
-1.64856e-05
-1.65074e-05
-1.65163e-05
-1.65148e-05
-1.64942e-05
-1.64555e-05
-1.63939e-05
-1.63176e-05
-1.62611e-05
-1.62017e-05
-1.75166e-05
-1.75696e-05
-1.76299e-05
-1.768e-05
-1.77078e-05
-1.77149e-05
-1.77048e-05
-1.76869e-05
-1.76628e-05
-1.76341e-05
-1.76016e-05
-1.75605e-05
-1.75173e-05
-1.74892e-05
-1.75014e-05
-1.75672e-05
-1.76531e-05
-1.77374e-05
-1.78148e-05
-1.78519e-05
-1.78536e-05
-1.784e-05
-1.78284e-05
-1.78033e-05
-1.77828e-05
-1.77541e-05
-1.77313e-05
-1.77198e-05
-1.77107e-05
-1.7713e-05
-1.77062e-05
-1.77105e-05
-1.77159e-05
-1.77113e-05
-1.76953e-05
-1.76668e-05
-1.76254e-05
-1.75784e-05
-1.75339e-05
-1.75083e-05
-1.85677e-05
-1.85914e-05
-1.86217e-05
-1.8661e-05
-1.87116e-05
-1.87783e-05
-1.88407e-05
-1.88693e-05
-1.88582e-05
-1.87967e-05
-1.86854e-05
-1.85601e-05
-1.84721e-05
-1.84612e-05
-1.85288e-05
-1.86316e-05
-1.87428e-05
-1.88502e-05
-1.8918e-05
-1.89524e-05
-1.89552e-05
-1.89276e-05
-1.88881e-05
-1.88492e-05
-1.8821e-05
-1.87965e-05
-1.87775e-05
-1.87469e-05
-1.87155e-05
-1.86927e-05
-1.86765e-05
-1.86655e-05
-1.86664e-05
-1.86777e-05
-1.86814e-05
-1.86592e-05
-1.86273e-05
-1.85866e-05
-1.85655e-05
-1.85627e-05
-2.08356e-05
-2.08613e-05
-2.08989e-05
-2.09148e-05
-2.09474e-05
-2.10021e-05
-2.10509e-05
-2.10435e-05
-2.09922e-05
-2.092e-05
-2.08391e-05
-2.07831e-05
-2.07796e-05
-2.08375e-05
-2.09152e-05
-2.09929e-05
-2.10581e-05
-2.10959e-05
-2.11074e-05
-2.10569e-05
-2.0984e-05
-2.0912e-05
-2.08302e-05
-2.07656e-05
-2.07308e-05
-2.07459e-05
-2.07802e-05
-2.08207e-05
-2.08648e-05
-2.092e-05
-2.09615e-05
-2.09781e-05
-2.09868e-05
-2.1001e-05
-2.10224e-05
-2.10169e-05
-2.09895e-05
-2.09498e-05
-2.09084e-05
-2.08579e-05
-2.19542e-05
-2.18995e-05
-2.18504e-05
-2.17687e-05
-2.16766e-05
-2.15779e-05
-2.14291e-05
-2.12557e-05
-2.11149e-05
-2.10229e-05
-2.09695e-05
-2.09736e-05
-2.10502e-05
-2.11993e-05
-2.14071e-05
-2.16283e-05
-2.18252e-05
-2.19758e-05
-2.20448e-05
-2.2081e-05
-2.20757e-05
-2.20375e-05
-2.19949e-05
-2.19443e-05
-2.1889e-05
-2.18313e-05
-2.17911e-05
-2.17916e-05
-2.18047e-05
-2.18153e-05
-2.18305e-05
-2.18486e-05
-2.18917e-05
-2.19647e-05
-2.20392e-05
-2.2096e-05
-2.21084e-05
-2.20785e-05
-2.20387e-05
-2.20013e-05
-2.18083e-05
-2.18313e-05
-2.17866e-05
-2.17362e-05
-2.17102e-05
-2.16779e-05
-2.16098e-05
-2.15519e-05
-2.15402e-05
-2.15224e-05
-2.14685e-05
-2.14281e-05
-2.14507e-05
-2.15705e-05
-2.17794e-05
-2.20495e-05
-2.23312e-05
-2.25449e-05
-2.26218e-05
-2.25899e-05
-2.25026e-05
-2.23758e-05
-2.22321e-05
-2.20602e-05
-2.18575e-05
-2.16464e-05
-2.14634e-05
-2.13106e-05
-2.11782e-05
-2.10683e-05
-2.09958e-05
-2.10173e-05
-2.11193e-05
-2.12572e-05
-2.13966e-05
-2.15037e-05
-2.15754e-05
-2.16431e-05
-2.16974e-05
-2.1752e-05
-2.37579e-05
-2.36997e-05
-2.36015e-05
-2.34797e-05
-2.34131e-05
-2.3375e-05
-2.33036e-05
-2.32096e-05
-2.31387e-05
-2.30942e-05
-2.30691e-05
-2.30241e-05
-2.30385e-05
-2.31945e-05
-2.34776e-05
-2.38016e-05
-2.40862e-05
-2.42139e-05
-2.41956e-05
-2.41182e-05
-2.40328e-05
-2.39388e-05
-2.38295e-05
-2.36999e-05
-2.3566e-05
-2.34465e-05
-2.33576e-05
-2.32787e-05
-2.32375e-05
-2.32642e-05
-2.33401e-05
-2.34638e-05
-2.36177e-05
-2.37757e-05
-2.38866e-05
-2.39012e-05
-2.38713e-05
-2.38428e-05
-2.38309e-05
-2.37971e-05
-2.67316e-05
-2.66652e-05
-2.65411e-05
-2.63612e-05
-2.61643e-05
-2.6029e-05
-2.59784e-05
-2.59532e-05
-2.59782e-05
-2.60829e-05
-2.61861e-05
-2.62052e-05
-2.62453e-05
-2.64379e-05
-2.67301e-05
-2.70473e-05
-2.72789e-05
-2.73922e-05
-2.74423e-05
-2.75001e-05
-2.76024e-05
-2.76326e-05
-2.76e-05
-2.75411e-05
-2.74771e-05
-2.74161e-05
-2.73812e-05
-2.73487e-05
-2.73209e-05
-2.73013e-05
-2.7278e-05
-2.72806e-05
-2.72839e-05
-2.72844e-05
-2.72692e-05
-2.72235e-05
-2.71195e-05
-2.70249e-05
-2.69373e-05
-2.68301e-05
-2.94135e-05
-2.9414e-05
-2.93335e-05
-2.92517e-05
-2.92478e-05
-2.92352e-05
-2.91567e-05
-2.91445e-05
-2.92454e-05
-2.93971e-05
-2.94475e-05
-2.94449e-05
-2.95873e-05
-2.98871e-05
-3.02746e-05
-3.06627e-05
-3.099e-05
-3.12293e-05
-3.13287e-05
-3.14192e-05
-3.14577e-05
-3.14332e-05
-3.13724e-05
-3.12967e-05
-3.11795e-05
-3.10006e-05
-3.08201e-05
-3.06503e-05
-3.05142e-05
-3.03883e-05
-3.02222e-05
-3.00584e-05
-2.98763e-05
-2.97393e-05
-2.9688e-05
-2.96521e-05
-2.95532e-05
-2.9495e-05
-2.94618e-05
-2.94218e-05
-3.08764e-05
-3.09758e-05
-3.10562e-05
-3.1069e-05
-3.10257e-05
-3.09173e-05
-3.08788e-05
-3.10048e-05
-3.12489e-05
-3.1554e-05
-3.18282e-05
-3.20133e-05
-3.22455e-05
-3.25543e-05
-3.28325e-05
-3.30922e-05
-3.33566e-05
-3.35596e-05
-3.36926e-05
-3.38527e-05
-3.40242e-05
-3.41703e-05
-3.43164e-05
-3.43781e-05
-3.43416e-05
-3.4219e-05
-3.40117e-05
-3.3735e-05
-3.35076e-05
-3.33015e-05
-3.30332e-05
-3.26864e-05
-3.23115e-05
-3.20137e-05
-3.18121e-05
-3.15292e-05
-3.11884e-05
-3.09388e-05
-3.08593e-05
-3.08377e-05
-3.1417e-05
-3.16005e-05
-3.1944e-05
-3.23361e-05
-3.26214e-05
-3.28009e-05
-3.30139e-05
-3.32082e-05
-3.3378e-05
-3.35576e-05
-3.36905e-05
-3.37941e-05
-3.40144e-05
-3.43317e-05
-3.45705e-05
-3.47563e-05
-3.4986e-05
-3.51924e-05
-3.53574e-05
-3.55294e-05
-3.56711e-05
-3.57797e-05
-3.58603e-05
-3.58523e-05
-3.57847e-05
-3.57213e-05
-3.56324e-05
-3.54533e-05
-3.51924e-05
-3.48656e-05
-3.44286e-05
-3.39382e-05
-3.34764e-05
-3.31248e-05
-3.28408e-05
-3.24687e-05
-3.2002e-05
-3.17232e-05
-3.15616e-05
-3.14324e-05
-3.26745e-05
-3.2945e-05
-3.34257e-05
-3.39323e-05
-3.42632e-05
-3.43974e-05
-3.44716e-05
-3.44711e-05
-3.44808e-05
-3.45768e-05
-3.47851e-05
-3.51146e-05
-3.55999e-05
-3.60436e-05
-3.62424e-05
-3.63319e-05
-3.64756e-05
-3.65888e-05
-3.66326e-05
-3.66871e-05
-3.66421e-05
-3.64707e-05
-3.61824e-05
-3.58246e-05
-3.55009e-05
-3.52476e-05
-3.50995e-05
-3.48673e-05
-3.45441e-05
-3.41565e-05
-3.37695e-05
-3.33637e-05
-3.3004e-05
-3.27786e-05
-3.26735e-05
-3.25772e-05
-3.24502e-05
-3.24744e-05
-3.25829e-05
-3.26141e-05
-3.39435e-05
-3.42322e-05
-3.45873e-05
-3.49018e-05
-3.51065e-05
-3.52752e-05
-3.53693e-05
-3.53173e-05
-3.52208e-05
-3.52492e-05
-3.54245e-05
-3.57469e-05
-3.62289e-05
-3.65836e-05
-3.6614e-05
-3.64984e-05
-3.63067e-05
-3.6094e-05
-3.59456e-05
-3.59147e-05
-3.58688e-05
-3.56815e-05
-3.52925e-05
-3.48686e-05
-3.45329e-05
-3.43643e-05
-3.42278e-05
-3.41196e-05
-3.39984e-05
-3.3795e-05
-3.35113e-05
-3.31779e-05
-3.29389e-05
-3.27863e-05
-3.26816e-05
-3.26778e-05
-3.28148e-05
-3.31007e-05
-3.35061e-05
-3.37698e-05
-3.41548e-05
-3.4403e-05
-3.46983e-05
-3.49513e-05
-3.51894e-05
-3.55477e-05
-3.58753e-05
-3.5947e-05
-3.57918e-05
-3.56344e-05
-3.54712e-05
-3.54031e-05
-3.55375e-05
-3.56553e-05
-3.5497e-05
-3.51336e-05
-3.46194e-05
-3.40933e-05
-3.37543e-05
-3.36167e-05
-3.36291e-05
-3.35934e-05
-3.34818e-05
-3.33193e-05
-3.32324e-05
-3.3221e-05
-3.32519e-05
-3.33546e-05
-3.34226e-05
-3.3371e-05
-3.32258e-05
-3.30855e-05
-3.30108e-05
-3.30004e-05
-3.29967e-05
-3.30252e-05
-3.31614e-05
-3.34816e-05
-3.38803e-05
-3.40607e-05
-3.31605e-05
-3.34525e-05
-3.37801e-05
-3.39514e-05
-3.40734e-05
-3.43338e-05
-3.46015e-05
-3.46906e-05
-3.45909e-05
-3.43641e-05
-3.39442e-05
-3.35771e-05
-3.34806e-05
-3.34377e-05
-3.31848e-05
-3.26976e-05
-3.2148e-05
-3.16505e-05
-3.13652e-05
-3.14489e-05
-3.17708e-05
-3.2113e-05
-3.22937e-05
-3.23059e-05
-3.23212e-05
-3.2297e-05
-3.22126e-05
-3.21934e-05
-3.22038e-05
-3.21639e-05
-3.21669e-05
-3.22301e-05
-3.22e-05
-3.21133e-05
-3.20718e-05
-3.20659e-05
-3.21019e-05
-3.2349e-05
-3.27185e-05
-3.29599e-05
-3.01522e-05
-3.06844e-05
-3.10376e-05
-3.10512e-05
-3.09021e-05
-3.08883e-05
-3.10289e-05
-3.11408e-05
-3.11812e-05
-3.10493e-05
-3.06698e-05
-3.03644e-05
-3.03505e-05
-3.03992e-05
-3.02365e-05
-3.00057e-05
-2.98334e-05
-2.97242e-05
-2.96986e-05
-2.98703e-05
-3.01836e-05
-3.04927e-05
-3.06748e-05
-3.07214e-05
-3.07079e-05
-3.05746e-05
-3.03039e-05
-3.00974e-05
-2.99257e-05
-2.98045e-05
-2.97932e-05
-2.98202e-05
-2.96538e-05
-2.93872e-05
-2.92917e-05
-2.92201e-05
-2.90915e-05
-2.91359e-05
-2.94636e-05
-2.97627e-05
-2.61456e-05
-2.67862e-05
-2.71448e-05
-2.70819e-05
-2.67638e-05
-2.66026e-05
-2.66134e-05
-2.66455e-05
-2.66655e-05
-2.65539e-05
-2.633e-05
-2.62468e-05
-2.6511e-05
-2.6772e-05
-2.68412e-05
-2.69508e-05
-2.71446e-05
-2.72304e-05
-2.71873e-05
-2.72065e-05
-2.7289e-05
-2.73235e-05
-2.73345e-05
-2.73424e-05
-2.7228e-05
-2.69843e-05
-2.66587e-05
-2.63866e-05
-2.6179e-05
-2.60296e-05
-2.59855e-05
-2.59474e-05
-2.57221e-05
-2.54314e-05
-2.53047e-05
-2.52402e-05
-2.50751e-05
-2.50829e-05
-2.53428e-05
-2.56419e-05
-2.18778e-05
-2.22212e-05
-2.23357e-05
-2.21214e-05
-2.17956e-05
-2.16876e-05
-2.17969e-05
-2.19349e-05
-2.195e-05
-2.18421e-05
-2.16895e-05
-2.17584e-05
-2.22225e-05
-2.26705e-05
-2.29339e-05
-2.32685e-05
-2.36386e-05
-2.37375e-05
-2.357e-05
-2.33702e-05
-2.32472e-05
-2.31446e-05
-2.30017e-05
-2.28929e-05
-2.2688e-05
-2.22895e-05
-2.19152e-05
-2.16728e-05
-2.15095e-05
-2.13873e-05
-2.135e-05
-2.13239e-05
-2.11937e-05
-2.10424e-05
-2.10757e-05
-2.11696e-05
-2.1171e-05
-2.12562e-05
-2.14385e-05
-2.16103e-05
-1.72536e-05
-1.72738e-05
-1.71941e-05
-1.69227e-05
-1.66593e-05
-1.66949e-05
-1.69206e-05
-1.71338e-05
-1.7218e-05
-1.7152e-05
-1.69867e-05
-1.70981e-05
-1.76495e-05
-1.8214e-05
-1.8589e-05
-1.89096e-05
-1.9198e-05
-1.92323e-05
-1.89856e-05
-1.87005e-05
-1.85309e-05
-1.84084e-05
-1.82456e-05
-1.81002e-05
-1.77718e-05
-1.72285e-05
-1.67533e-05
-1.65224e-05
-1.63907e-05
-1.62897e-05
-1.62713e-05
-1.63124e-05
-1.633e-05
-1.64271e-05
-1.66966e-05
-1.70018e-05
-1.71664e-05
-1.72841e-05
-1.73475e-05
-1.7277e-05
-1.26621e-05
-1.2646e-05
-1.25978e-05
-1.24124e-05
-1.22276e-05
-1.22952e-05
-1.25435e-05
-1.27314e-05
-1.27823e-05
-1.26944e-05
-1.25331e-05
-1.26336e-05
-1.31091e-05
-1.35963e-05
-1.39279e-05
-1.41923e-05
-1.43823e-05
-1.43443e-05
-1.40569e-05
-1.37859e-05
-1.36373e-05
-1.35182e-05
-1.33493e-05
-1.30813e-05
-1.26209e-05
-1.20225e-05
-1.15439e-05
-1.12898e-05
-1.11941e-05
-1.11583e-05
-1.1189e-05
-1.13076e-05
-1.14626e-05
-1.17314e-05
-1.21951e-05
-1.25987e-05
-1.2795e-05
-1.28725e-05
-1.28878e-05
-1.27703e-05
-8.7216e-06
-8.78402e-06
-8.81051e-06
-8.70591e-06
-8.57245e-06
-8.57459e-06
-8.65507e-06
-8.66938e-06
-8.56492e-06
-8.39653e-06
-8.27543e-06
-8.38831e-06
-8.76803e-06
-9.10269e-06
-9.26193e-06
-9.40035e-06
-9.55046e-06
-9.52205e-06
-9.29009e-06
-9.08163e-06
-8.99017e-06
-8.93316e-06
-8.76617e-06
-8.40427e-06
-7.87319e-06
-7.2708e-06
-6.78401e-06
-6.50021e-06
-6.41793e-06
-6.48547e-06
-6.7008e-06
-6.96825e-06
-7.24768e-06
-7.6453e-06
-8.19483e-06
-8.61117e-06
-8.72485e-06
-8.7255e-06
-8.74826e-06
-8.7354e-06
-5.73092e-06
-5.84929e-06
-5.8673e-06
-5.72703e-06
-5.57826e-06
-5.55492e-06
-5.56751e-06
-5.43693e-06
-5.15029e-06
-4.83321e-06
-4.61554e-06
-4.66232e-06
-4.98148e-06
-5.21057e-06
-5.22894e-06
-5.2803e-06
-5.42434e-06
-5.45213e-06
-5.29954e-06
-5.14446e-06
-5.06371e-06
-4.97536e-06
-4.75044e-06
-4.38214e-06
-3.89953e-06
-3.37631e-06
-2.95811e-06
-2.73868e-06
-2.71781e-06
-2.90518e-06
-3.26895e-06
-3.6629e-06
-4.04e-06
-4.53076e-06
-5.16199e-06
-5.59682e-06
-5.65507e-06
-5.58262e-06
-5.60139e-06
-5.65869e-06
-3.88381e-06
-4.00497e-06
-3.98511e-06
-3.7966e-06
-3.60138e-06
-3.5448e-06
-3.54088e-06
-3.36951e-06
-2.98958e-06
-2.57385e-06
-2.26853e-06
-2.24446e-06
-2.48537e-06
-2.63003e-06
-2.5948e-06
-2.62707e-06
-2.782e-06
-2.82293e-06
-2.7088e-06
-2.60761e-06
-2.54127e-06
-2.39886e-06
-2.11511e-06
-1.72789e-06
-1.28791e-06
-8.66938e-07
-5.74779e-07
-4.33681e-07
-4.53492e-07
-6.8201e-07
-1.10174e-06
-1.55419e-06
-1.99782e-06
-2.53825e-06
-3.21511e-06
-3.68867e-06
-3.75037e-06
-3.6781e-06
-3.69566e-06
-3.7778e-06
-3.03094e-06
-3.13706e-06
-3.10338e-06
-2.89577e-06
-2.68503e-06
-2.62614e-06
-2.62455e-06
-2.4474e-06
-2.05193e-06
-1.60122e-06
-1.24831e-06
-1.17762e-06
-1.37305e-06
-1.48436e-06
-1.44223e-06
-1.48618e-06
-1.64567e-06
-1.68718e-06
-1.57865e-06
-1.48667e-06
-1.42816e-06
-1.29192e-06
-1.01108e-06
-6.27883e-07
-2.20872e-07
1.47445e-07
3.94524e-07
5.25239e-07
5.21683e-07
2.96976e-07
-1.33309e-07
-6.03292e-07
-1.07415e-06
-1.6452e-06
-2.34294e-06
-2.82976e-06
-2.90767e-06
-2.83894e-06
-2.85603e-06
-2.93148e-06
-2.79407e-06
-2.90033e-06
-2.86663e-06
-2.66443e-06
-2.45763e-06
-2.3964e-06
-2.38656e-06
-2.20241e-06
-1.79975e-06
-1.33839e-06
-9.77792e-07
-9.03552e-07
-1.09459e-06
-1.21295e-06
-1.18884e-06
-1.24333e-06
-1.40155e-06
-1.44263e-06
-1.33666e-06
-1.25019e-06
-1.19775e-06
-1.06933e-06
-7.99351e-07
-4.26417e-07
-2.30037e-08
3.43192e-07
5.93341e-07
7.31057e-07
7.34422e-07
5.18306e-07
9.36172e-08
-3.79098e-07
-8.53301e-07
-1.42518e-06
-2.12305e-06
-2.61015e-06
-2.68773e-06
-2.61561e-06
-2.62387e-06
-2.69788e-06
-1.65471e-05
-1.652e-05
-1.65016e-05
-1.64686e-05
-1.64128e-05
-1.63442e-05
-1.62715e-05
-1.62049e-05
-1.61327e-05
-1.60667e-05
-1.60159e-05
-1.59836e-05
-1.59695e-05
-1.59714e-05
-1.60138e-05
-1.60879e-05
-1.61947e-05
-1.62947e-05
-1.63861e-05
-1.64442e-05
-1.64597e-05
-1.64487e-05
-1.6441e-05
-1.64432e-05
-1.64542e-05
-1.64833e-05
-1.65141e-05
-1.65587e-05
-1.6606e-05
-1.66514e-05
-1.66739e-05
-1.66911e-05
-1.67242e-05
-1.67468e-05
-1.67449e-05
-1.67313e-05
-1.67035e-05
-1.66649e-05
-1.66216e-05
-1.65851e-05
-1.78736e-05
-1.79325e-05
-1.7978e-05
-1.79824e-05
-1.7961e-05
-1.79018e-05
-1.78092e-05
-1.77006e-05
-1.75984e-05
-1.74878e-05
-1.73783e-05
-1.72869e-05
-1.71977e-05
-1.71558e-05
-1.716e-05
-1.72074e-05
-1.72733e-05
-1.734e-05
-1.73832e-05
-1.73984e-05
-1.73681e-05
-1.73205e-05
-1.72835e-05
-1.72521e-05
-1.72343e-05
-1.72387e-05
-1.72638e-05
-1.72981e-05
-1.73449e-05
-1.73911e-05
-1.74424e-05
-1.7516e-05
-1.75978e-05
-1.7677e-05
-1.77341e-05
-1.77648e-05
-1.77656e-05
-1.77736e-05
-1.77956e-05
-1.78331e-05
-1.89787e-05
-1.9058e-05
-1.91389e-05
-1.91903e-05
-1.92194e-05
-1.9237e-05
-1.92341e-05
-1.92035e-05
-1.91301e-05
-1.90158e-05
-1.88667e-05
-1.87263e-05
-1.86303e-05
-1.86022e-05
-1.86135e-05
-1.86678e-05
-1.87456e-05
-1.88271e-05
-1.88737e-05
-1.88565e-05
-1.88e-05
-1.87418e-05
-1.86959e-05
-1.86656e-05
-1.86463e-05
-1.86365e-05
-1.86266e-05
-1.86335e-05
-1.86609e-05
-1.87025e-05
-1.8751e-05
-1.8812e-05
-1.8883e-05
-1.89301e-05
-1.89427e-05
-1.89246e-05
-1.88797e-05
-1.88577e-05
-1.88788e-05
-1.89178e-05
-2.05113e-05
-2.05066e-05
-2.05181e-05
-2.05261e-05
-2.05484e-05
-2.05648e-05
-2.05466e-05
-2.05087e-05
-2.04636e-05
-2.04041e-05
-2.03168e-05
-2.02398e-05
-2.02059e-05
-2.02091e-05
-2.02688e-05
-2.0354e-05
-2.046e-05
-2.05544e-05
-2.06095e-05
-2.06239e-05
-2.05963e-05
-2.05299e-05
-2.04903e-05
-2.04867e-05
-2.05009e-05
-2.05255e-05
-2.05534e-05
-2.06024e-05
-2.06703e-05
-2.07461e-05
-2.08163e-05
-2.087e-05
-2.08765e-05
-2.08418e-05
-2.08113e-05
-2.07854e-05
-2.07345e-05
-2.0684e-05
-2.06293e-05
-2.05614e-05
-2.12297e-05
-2.12009e-05
-2.1148e-05
-2.10638e-05
-2.09927e-05
-2.09205e-05
-2.08147e-05
-2.06989e-05
-2.05914e-05
-2.04995e-05
-2.04033e-05
-2.03392e-05
-2.03257e-05
-2.03683e-05
-2.04753e-05
-2.06374e-05
-2.08114e-05
-2.09722e-05
-2.11266e-05
-2.12287e-05
-2.12931e-05
-2.13584e-05
-2.14271e-05
-2.15138e-05
-2.15787e-05
-2.16303e-05
-2.16809e-05
-2.17186e-05
-2.17824e-05
-2.18513e-05
-2.18881e-05
-2.18947e-05
-2.1879e-05
-2.18455e-05
-2.18044e-05
-2.17328e-05
-2.16286e-05
-2.15086e-05
-2.13937e-05
-2.12892e-05
-2.06239e-05
-2.05737e-05
-2.05599e-05
-2.05692e-05
-2.05914e-05
-2.05779e-05
-2.05196e-05
-2.04233e-05
-2.03226e-05
-2.02291e-05
-2.01372e-05
-2.00643e-05
-2.00534e-05
-2.01104e-05
-2.02118e-05
-2.03142e-05
-2.04298e-05
-2.05296e-05
-2.05913e-05
-2.06195e-05
-2.06389e-05
-2.06653e-05
-2.07105e-05
-2.07915e-05
-2.08899e-05
-2.09467e-05
-2.09915e-05
-2.10624e-05
-2.11448e-05
-2.12035e-05
-2.1212e-05
-2.12025e-05
-2.1213e-05
-2.12281e-05
-2.12159e-05
-2.11599e-05
-2.10614e-05
-2.09368e-05
-2.08228e-05
-2.07139e-05
-2.15264e-05
-2.13238e-05
-2.11823e-05
-2.10854e-05
-2.10115e-05
-2.09456e-05
-2.08378e-05
-2.07065e-05
-2.05843e-05
-2.04936e-05
-2.0452e-05
-2.0402e-05
-2.03888e-05
-2.04368e-05
-2.05824e-05
-2.08331e-05
-2.10854e-05
-2.12865e-05
-2.144e-05
-2.16073e-05
-2.17996e-05
-2.20165e-05
-2.22504e-05
-2.24761e-05
-2.26493e-05
-2.27607e-05
-2.28484e-05
-2.29512e-05
-2.30347e-05
-2.30475e-05
-2.29934e-05
-2.29213e-05
-2.28375e-05
-2.27341e-05
-2.26047e-05
-2.24462e-05
-2.22994e-05
-2.21571e-05
-2.19836e-05
-2.17704e-05
-2.36851e-05
-2.35346e-05
-2.3361e-05
-2.31612e-05
-2.29855e-05
-2.28268e-05
-2.27214e-05
-2.26455e-05
-2.26042e-05
-2.26258e-05
-2.26629e-05
-2.26196e-05
-2.25194e-05
-2.24813e-05
-2.25616e-05
-2.27312e-05
-2.29272e-05
-2.31023e-05
-2.33066e-05
-2.35602e-05
-2.38222e-05
-2.4068e-05
-2.4299e-05
-2.45012e-05
-2.46637e-05
-2.48259e-05
-2.49931e-05
-2.51886e-05
-2.54091e-05
-2.55394e-05
-2.5562e-05
-2.5553e-05
-2.55136e-05
-2.5412e-05
-2.52589e-05
-2.50395e-05
-2.47882e-05
-2.4519e-05
-2.42014e-05
-2.39001e-05
-2.55453e-05
-2.53729e-05
-2.51598e-05
-2.49015e-05
-2.46463e-05
-2.44103e-05
-2.42449e-05
-2.41725e-05
-2.42198e-05
-2.44054e-05
-2.46324e-05
-2.47938e-05
-2.49397e-05
-2.51425e-05
-2.54072e-05
-2.56929e-05
-2.59421e-05
-2.61721e-05
-2.64043e-05
-2.66234e-05
-2.68133e-05
-2.69653e-05
-2.71396e-05
-2.7354e-05
-2.75723e-05
-2.77968e-05
-2.80045e-05
-2.81972e-05
-2.8343e-05
-2.83624e-05
-2.82371e-05
-2.80048e-05
-2.77247e-05
-2.7446e-05
-2.71957e-05
-2.69429e-05
-2.66631e-05
-2.63309e-05
-2.60123e-05
-2.57425e-05
-2.73272e-05
-2.70505e-05
-2.67952e-05
-2.64952e-05
-2.62143e-05
-2.59822e-05
-2.58946e-05
-2.59335e-05
-2.61144e-05
-2.64601e-05
-2.68272e-05
-2.71139e-05
-2.73668e-05
-2.76768e-05
-2.80352e-05
-2.83859e-05
-2.86761e-05
-2.89185e-05
-2.91236e-05
-2.9291e-05
-2.94319e-05
-2.95544e-05
-2.96838e-05
-2.98947e-05
-3.00983e-05
-3.02828e-05
-3.04714e-05
-3.0679e-05
-3.07728e-05
-3.06505e-05
-3.03416e-05
-2.9902e-05
-2.94856e-05
-2.91519e-05
-2.896e-05
-2.8846e-05
-2.86466e-05
-2.83485e-05
-2.79996e-05
-2.76367e-05
-2.95904e-05
-2.93595e-05
-2.91043e-05
-2.88047e-05
-2.84752e-05
-2.82525e-05
-2.82378e-05
-2.82765e-05
-2.83525e-05
-2.85464e-05
-2.88336e-05
-2.90764e-05
-2.9317e-05
-2.96254e-05
-2.99266e-05
-3.01927e-05
-3.04421e-05
-3.06639e-05
-3.08453e-05
-3.10321e-05
-3.11991e-05
-3.13192e-05
-3.13703e-05
-3.13897e-05
-3.1431e-05
-3.14904e-05
-3.16161e-05
-3.18339e-05
-3.20347e-05
-3.20738e-05
-3.19573e-05
-3.17588e-05
-3.15275e-05
-3.12657e-05
-3.11137e-05
-3.09853e-05
-3.07463e-05
-3.04087e-05
-3.01224e-05
-2.98663e-05
-3.08672e-05
-3.05953e-05
-3.0347e-05
-3.00561e-05
-2.96971e-05
-2.94775e-05
-2.94695e-05
-2.94713e-05
-2.94149e-05
-2.94714e-05
-2.96195e-05
-2.97827e-05
-3.00511e-05
-3.03996e-05
-3.07128e-05
-3.09594e-05
-3.11945e-05
-3.14032e-05
-3.16123e-05
-3.18651e-05
-3.2122e-05
-3.23249e-05
-3.24476e-05
-3.25534e-05
-3.27116e-05
-3.29479e-05
-3.32324e-05
-3.35189e-05
-3.37661e-05
-3.39514e-05
-3.40048e-05
-3.38931e-05
-3.35913e-05
-3.32128e-05
-3.2869e-05
-3.25117e-05
-3.21188e-05
-3.1698e-05
-3.14061e-05
-3.11382e-05
-3.17072e-05
-3.1322e-05
-3.09006e-05
-3.0446e-05
-3.00169e-05
-2.98315e-05
-2.99025e-05
-2.99432e-05
-2.98543e-05
-2.9838e-05
-2.99258e-05
-3.01301e-05
-3.05122e-05
-3.09512e-05
-3.13101e-05
-3.15402e-05
-3.16941e-05
-3.18015e-05
-3.19264e-05
-3.20832e-05
-3.228e-05
-3.24562e-05
-3.26141e-05
-3.28153e-05
-3.31119e-05
-3.34874e-05
-3.38728e-05
-3.42305e-05
-3.44838e-05
-3.46936e-05
-3.48895e-05
-3.49047e-05
-3.46671e-05
-3.43092e-05
-3.4063e-05
-3.37936e-05
-3.33814e-05
-3.29271e-05
-3.25203e-05
-3.21399e-05
-3.20731e-05
-3.15714e-05
-3.10764e-05
-3.05171e-05
-3.00269e-05
-2.98615e-05
-2.99718e-05
-3.00041e-05
-2.98986e-05
-2.99357e-05
-3.00455e-05
-3.02083e-05
-3.05843e-05
-3.10288e-05
-3.13347e-05
-3.14436e-05
-3.1447e-05
-3.13782e-05
-3.12672e-05
-3.12457e-05
-3.13593e-05
-3.15479e-05
-3.1785e-05
-3.20697e-05
-3.23562e-05
-3.26295e-05
-3.28523e-05
-3.30518e-05
-3.31839e-05
-3.33371e-05
-3.35632e-05
-3.37233e-05
-3.37239e-05
-3.36308e-05
-3.36981e-05
-3.37624e-05
-3.3596e-05
-3.32835e-05
-3.29526e-05
-3.25535e-05
-3.07052e-05
-3.03514e-05
-2.99168e-05
-2.94059e-05
-2.89912e-05
-2.8921e-05
-2.90868e-05
-2.91481e-05
-2.90707e-05
-2.90036e-05
-2.89367e-05
-2.89361e-05
-2.91833e-05
-2.9514e-05
-2.96304e-05
-2.95896e-05
-2.95384e-05
-2.94502e-05
-2.93284e-05
-2.92922e-05
-2.93861e-05
-2.95803e-05
-2.98966e-05
-3.02825e-05
-3.06385e-05
-3.08669e-05
-3.09823e-05
-3.10403e-05
-3.10971e-05
-3.12219e-05
-3.1398e-05
-3.16207e-05
-3.17227e-05
-3.17224e-05
-3.18217e-05
-3.19646e-05
-3.18989e-05
-3.17032e-05
-3.14456e-05
-3.10938e-05
-2.72136e-05
-2.68804e-05
-2.65452e-05
-2.60792e-05
-2.56394e-05
-2.5577e-05
-2.57835e-05
-2.59721e-05
-2.6015e-05
-2.60026e-05
-2.59529e-05
-2.59885e-05
-2.62221e-05
-2.6499e-05
-2.65403e-05
-2.64981e-05
-2.65457e-05
-2.66277e-05
-2.65886e-05
-2.65006e-05
-2.65569e-05
-2.67649e-05
-2.70814e-05
-2.75087e-05
-2.79059e-05
-2.8146e-05
-2.82368e-05
-2.82805e-05
-2.83788e-05
-2.84954e-05
-2.8612e-05
-2.8748e-05
-2.87992e-05
-2.87582e-05
-2.87453e-05
-2.8698e-05
-2.84638e-05
-2.81971e-05
-2.79548e-05
-2.75982e-05
-2.26291e-05
-2.22542e-05
-2.18569e-05
-2.13454e-05
-2.08738e-05
-2.08434e-05
-2.11897e-05
-2.1577e-05
-2.18529e-05
-2.19989e-05
-2.20516e-05
-2.22143e-05
-2.2552e-05
-2.28468e-05
-2.28482e-05
-2.2783e-05
-2.29439e-05
-2.32309e-05
-2.33157e-05
-2.32308e-05
-2.3199e-05
-2.32746e-05
-2.34723e-05
-2.37434e-05
-2.40396e-05
-2.42454e-05
-2.43986e-05
-2.46128e-05
-2.4789e-05
-2.49611e-05
-2.50836e-05
-2.51982e-05
-2.52288e-05
-2.51103e-05
-2.49727e-05
-2.47396e-05
-2.43317e-05
-2.3945e-05
-2.35868e-05
-2.31212e-05
-1.79651e-05
-1.7561e-05
-1.70743e-05
-1.64724e-05
-1.60832e-05
-1.61737e-05
-1.66654e-05
-1.72083e-05
-1.76357e-05
-1.79398e-05
-1.80688e-05
-1.82525e-05
-1.85933e-05
-1.88755e-05
-1.89114e-05
-1.88334e-05
-1.90468e-05
-1.94296e-05
-1.95589e-05
-1.94656e-05
-1.93977e-05
-1.93976e-05
-1.9466e-05
-1.96278e-05
-1.98084e-05
-1.99876e-05
-2.0181e-05
-2.0477e-05
-2.0804e-05
-2.11064e-05
-2.12662e-05
-2.13113e-05
-2.12504e-05
-2.10589e-05
-2.08627e-05
-2.05447e-05
-2.00661e-05
-1.95592e-05
-1.9082e-05
-1.85093e-05
-1.33414e-05
-1.2871e-05
-1.24109e-05
-1.18825e-05
-1.15838e-05
-1.18454e-05
-1.25553e-05
-1.3269e-05
-1.37979e-05
-1.41499e-05
-1.42537e-05
-1.43422e-05
-1.46017e-05
-1.48255e-05
-1.47951e-05
-1.46345e-05
-1.47869e-05
-1.5156e-05
-1.52672e-05
-1.51681e-05
-1.51356e-05
-1.51598e-05
-1.52161e-05
-1.53864e-05
-1.56302e-05
-1.58507e-05
-1.60831e-05
-1.64607e-05
-1.68852e-05
-1.72652e-05
-1.74635e-05
-1.74991e-05
-1.73526e-05
-1.70771e-05
-1.67993e-05
-1.64029e-05
-1.58423e-05
-1.52959e-05
-1.47108e-05
-1.3993e-05
-9.09089e-06
-8.60095e-06
-8.18562e-06
-7.72725e-06
-7.47277e-06
-7.75404e-06
-8.43845e-06
-9.11756e-06
-9.65865e-06
-1.00684e-05
-1.02249e-05
-1.03456e-05
-1.06157e-05
-1.0835e-05
-1.07469e-05
-1.05575e-05
-1.07292e-05
-1.10805e-05
-1.1125e-05
-1.09919e-05
-1.09303e-05
-1.09221e-05
-1.09774e-05
-1.11682e-05
-1.14322e-05
-1.16862e-05
-1.19722e-05
-1.23773e-05
-1.28289e-05
-1.32152e-05
-1.34626e-05
-1.35384e-05
-1.33951e-05
-1.30877e-05
-1.27535e-05
-1.23243e-05
-1.17559e-05
-1.11721e-05
-1.05244e-05
-9.77404e-06
-5.725e-06
-5.27939e-06
-4.93139e-06
-4.54294e-06
-4.3057e-06
-4.51335e-06
-5.02588e-06
-5.54158e-06
-5.96104e-06
-6.25757e-06
-6.37383e-06
-6.49794e-06
-6.79809e-06
-7.03338e-06
-6.97111e-06
-6.87721e-06
-7.1698e-06
-7.55412e-06
-7.55188e-06
-7.38265e-06
-7.29031e-06
-7.25115e-06
-7.26768e-06
-7.40763e-06
-7.59293e-06
-7.74445e-06
-7.96163e-06
-8.33424e-06
-8.81843e-06
-9.24101e-06
-9.49341e-06
-9.59506e-06
-9.48086e-06
-9.23257e-06
-8.98196e-06
-8.62278e-06
-8.13783e-06
-7.62658e-06
-7.04204e-06
-6.35322e-06
-3.13866e-06
-2.73076e-06
-2.41888e-06
-2.05849e-06
-1.81699e-06
-1.98814e-06
-2.48451e-06
-2.97314e-06
-3.30153e-06
-3.47693e-06
-3.45211e-06
-3.4549e-06
-3.65463e-06
-3.88595e-06
-3.91677e-06
-3.98674e-06
-4.4013e-06
-4.8222e-06
-4.82776e-06
-4.66416e-06
-4.53931e-06
-4.43316e-06
-4.38717e-06
-4.44954e-06
-4.53849e-06
-4.61508e-06
-4.7613e-06
-5.07856e-06
-5.50948e-06
-5.90658e-06
-6.17662e-06
-6.3015e-06
-6.24277e-06
-6.09505e-06
-5.95556e-06
-5.68496e-06
-5.27548e-06
-4.83773e-06
-4.33274e-06
-3.72174e-06
-1.43633e-06
-1.05169e-06
-7.53871e-07
-3.76477e-07
-7.11108e-08
-1.76438e-07
-6.57126e-07
-1.17591e-06
-1.51369e-06
-1.63676e-06
-1.54343e-06
-1.4736e-06
-1.64121e-06
-1.90266e-06
-2.02167e-06
-2.18204e-06
-2.64311e-06
-3.07504e-06
-3.05459e-06
-2.85431e-06
-2.67571e-06
-2.51682e-06
-2.43144e-06
-2.44413e-06
-2.50919e-06
-2.59239e-06
-2.74887e-06
-3.05981e-06
-3.46201e-06
-3.81174e-06
-4.03635e-06
-4.16621e-06
-4.1597e-06
-4.10588e-06
-4.05378e-06
-3.84312e-06
-3.46367e-06
-3.04546e-06
-2.56486e-06
-1.99014e-06
-6.15717e-07
-2.37455e-07
6.24799e-08
4.54288e-07
7.90403e-07
7.17457e-07
2.64573e-07
-2.50449e-07
-5.86357e-07
-7.02022e-07
-6.00826e-07
-5.37294e-07
-7.30302e-07
-1.03816e-06
-1.19894e-06
-1.38188e-06
-1.83866e-06
-2.23988e-06
-2.19398e-06
-1.98295e-06
-1.80399e-06
-1.6409e-06
-1.54735e-06
-1.56005e-06
-1.63404e-06
-1.73367e-06
-1.8997e-06
-2.20775e-06
-2.59889e-06
-2.9319e-06
-3.14074e-06
-3.26334e-06
-3.26669e-06
-3.23676e-06
-3.21353e-06
-3.01995e-06
-2.64591e-06
-2.22135e-06
-1.73495e-06
-1.15912e-06
-4.163e-07
-3.07538e-08
2.81695e-07
6.80418e-07
1.01532e-06
9.46835e-07
4.97392e-07
-8.98474e-09
-3.36993e-07
-4.53391e-07
-3.65675e-07
-3.24846e-07
-5.40534e-07
-8.60395e-07
-1.02217e-06
-1.2059e-06
-1.66085e-06
-2.05414e-06
-2.00202e-06
-1.79484e-06
-1.61635e-06
-1.4526e-06
-1.36361e-06
-1.38431e-06
-1.46899e-06
-1.57626e-06
-1.74612e-06
-2.05512e-06
-2.45247e-06
-2.78972e-06
-3.0012e-06
-3.11918e-06
-3.11739e-06
-3.08182e-06
-3.05103e-06
-2.848e-06
-2.46171e-06
-2.02735e-06
-1.53421e-06
-9.59095e-07
-1.59467e-05
-1.59263e-05
-1.59026e-05
-1.58733e-05
-1.58265e-05
-1.57563e-05
-1.56751e-05
-1.55882e-05
-1.55081e-05
-1.54341e-05
-1.53732e-05
-1.53169e-05
-1.52891e-05
-1.53045e-05
-1.53499e-05
-1.54291e-05
-1.55165e-05
-1.56072e-05
-1.56738e-05
-1.5691e-05
-1.56664e-05
-1.56245e-05
-1.55843e-05
-1.55524e-05
-1.55573e-05
-1.5581e-05
-1.56236e-05
-1.56714e-05
-1.57304e-05
-1.57744e-05
-1.5815e-05
-1.58637e-05
-1.59123e-05
-1.5953e-05
-1.59719e-05
-1.59839e-05
-1.59898e-05
-1.59812e-05
-1.59783e-05
-1.59593e-05
-1.72474e-05
-1.72274e-05
-1.71824e-05
-1.7117e-05
-1.703e-05
-1.69329e-05
-1.68269e-05
-1.67207e-05
-1.66265e-05
-1.65401e-05
-1.6461e-05
-1.64023e-05
-1.63916e-05
-1.64451e-05
-1.65563e-05
-1.66991e-05
-1.68441e-05
-1.69614e-05
-1.70429e-05
-1.70907e-05
-1.71035e-05
-1.70859e-05
-1.70657e-05
-1.70723e-05
-1.7081e-05
-1.70986e-05
-1.71304e-05
-1.71728e-05
-1.72179e-05
-1.72577e-05
-1.72748e-05
-1.72808e-05
-1.72971e-05
-1.73142e-05
-1.73241e-05
-1.73175e-05
-1.72871e-05
-1.7253e-05
-1.72426e-05
-1.72453e-05
-1.9135e-05
-1.91854e-05
-1.91884e-05
-1.91221e-05
-1.9019e-05
-1.8902e-05
-1.87952e-05
-1.86823e-05
-1.85773e-05
-1.84718e-05
-1.83729e-05
-1.8306e-05
-1.82974e-05
-1.83565e-05
-1.84545e-05
-1.85874e-05
-1.87172e-05
-1.88144e-05
-1.88851e-05
-1.89052e-05
-1.88991e-05
-1.88858e-05
-1.89031e-05
-1.89527e-05
-1.90114e-05
-1.90733e-05
-1.91317e-05
-1.91892e-05
-1.92412e-05
-1.92886e-05
-1.93182e-05
-1.93415e-05
-1.93629e-05
-1.93589e-05
-1.93295e-05
-1.92621e-05
-1.91701e-05
-1.91199e-05
-1.91063e-05
-1.9106e-05
-2.11126e-05
-2.10937e-05
-2.1078e-05
-2.10333e-05
-2.0969e-05
-2.0916e-05
-2.08512e-05
-2.07444e-05
-2.06278e-05
-2.05415e-05
-2.04428e-05
-2.03772e-05
-2.03646e-05
-2.04013e-05
-2.0494e-05
-2.06207e-05
-2.0746e-05
-2.08667e-05
-2.0965e-05
-2.10289e-05
-2.10795e-05
-2.11469e-05
-2.12142e-05
-2.12629e-05
-2.13122e-05
-2.13611e-05
-2.14119e-05
-2.1476e-05
-2.15595e-05
-2.16052e-05
-2.16168e-05
-2.16091e-05
-2.15809e-05
-2.1551e-05
-2.15124e-05
-2.14533e-05
-2.13862e-05
-2.13235e-05
-2.12492e-05
-2.11747e-05
-2.22039e-05
-2.21137e-05
-2.20406e-05
-2.20193e-05
-2.20222e-05
-2.19949e-05
-2.19035e-05
-2.17797e-05
-2.16743e-05
-2.16075e-05
-2.15996e-05
-2.16228e-05
-2.16836e-05
-2.18037e-05
-2.19485e-05
-2.20915e-05
-2.22528e-05
-2.24439e-05
-2.26115e-05
-2.27143e-05
-2.278e-05
-2.28359e-05
-2.28872e-05
-2.29134e-05
-2.29252e-05
-2.29364e-05
-2.29802e-05
-2.30546e-05
-2.31222e-05
-2.31375e-05
-2.307e-05
-2.29887e-05
-2.29261e-05
-2.28946e-05
-2.28506e-05
-2.27672e-05
-2.2629e-05
-2.24904e-05
-2.23795e-05
-2.22849e-05
-2.27881e-05
-2.26049e-05
-2.24661e-05
-2.24061e-05
-2.23692e-05
-2.23136e-05
-2.22077e-05
-2.20593e-05
-2.19589e-05
-2.1946e-05
-2.19787e-05
-2.20566e-05
-2.21683e-05
-2.23193e-05
-2.25194e-05
-2.27227e-05
-2.28947e-05
-2.30449e-05
-2.31653e-05
-2.32349e-05
-2.32618e-05
-2.32595e-05
-2.32584e-05
-2.32574e-05
-2.32694e-05
-2.32953e-05
-2.33335e-05
-2.34172e-05
-2.35489e-05
-2.36457e-05
-2.36819e-05
-2.36871e-05
-2.37219e-05
-2.37552e-05
-2.37234e-05
-2.36198e-05
-2.34601e-05
-2.32963e-05
-2.31501e-05
-2.29857e-05
-2.36512e-05
-2.35275e-05
-2.34728e-05
-2.34096e-05
-2.33379e-05
-2.32367e-05
-2.3121e-05
-2.29777e-05
-2.2863e-05
-2.28134e-05
-2.2819e-05
-2.29029e-05
-2.30705e-05
-2.32749e-05
-2.34727e-05
-2.37063e-05
-2.39452e-05
-2.4152e-05
-2.43093e-05
-2.44216e-05
-2.45261e-05
-2.46025e-05
-2.46656e-05
-2.47217e-05
-2.47835e-05
-2.48893e-05
-2.50249e-05
-2.51419e-05
-2.52346e-05
-2.52682e-05
-2.52523e-05
-2.52452e-05
-2.52215e-05
-2.51298e-05
-2.4974e-05
-2.47955e-05
-2.46301e-05
-2.44465e-05
-2.42073e-05
-2.39044e-05
-2.40724e-05
-2.41016e-05
-2.41925e-05
-2.42403e-05
-2.42162e-05
-2.41384e-05
-2.39775e-05
-2.38185e-05
-2.3684e-05
-2.35966e-05
-2.36013e-05
-2.37049e-05
-2.3911e-05
-2.41496e-05
-2.43901e-05
-2.46094e-05
-2.4825e-05
-2.50429e-05
-2.52552e-05
-2.54661e-05
-2.56667e-05
-2.58481e-05
-2.59245e-05
-2.59334e-05
-2.59272e-05
-2.59433e-05
-2.59854e-05
-2.60488e-05
-2.6095e-05
-2.61066e-05
-2.60603e-05
-2.59754e-05
-2.58768e-05
-2.57609e-05
-2.56291e-05
-2.54512e-05
-2.52176e-05
-2.49277e-05
-2.45834e-05
-2.42523e-05
-2.43743e-05
-2.44439e-05
-2.44882e-05
-2.44417e-05
-2.436e-05
-2.42271e-05
-2.40604e-05
-2.39387e-05
-2.38902e-05
-2.39459e-05
-2.41145e-05
-2.43886e-05
-2.47546e-05
-2.51129e-05
-2.54157e-05
-2.5624e-05
-2.58294e-05
-2.60489e-05
-2.62674e-05
-2.64419e-05
-2.65684e-05
-2.66666e-05
-2.67227e-05
-2.67972e-05
-2.69197e-05
-2.70759e-05
-2.72354e-05
-2.73345e-05
-2.7342e-05
-2.72581e-05
-2.7099e-05
-2.6878e-05
-2.66179e-05
-2.63554e-05
-2.61005e-05
-2.58457e-05
-2.55432e-05
-2.51648e-05
-2.47689e-05
-2.44791e-05
-2.51513e-05
-2.51019e-05
-2.50626e-05
-2.49672e-05
-2.48734e-05
-2.478e-05
-2.47196e-05
-2.47326e-05
-2.48807e-05
-2.50973e-05
-2.53362e-05
-2.56244e-05
-2.58649e-05
-2.60196e-05
-2.60579e-05
-2.59844e-05
-2.59427e-05
-2.59886e-05
-2.60283e-05
-2.61007e-05
-2.61712e-05
-2.6156e-05
-2.61318e-05
-2.62053e-05
-2.63767e-05
-2.65727e-05
-2.68279e-05
-2.71e-05
-2.73194e-05
-2.74269e-05
-2.74472e-05
-2.74221e-05
-2.72791e-05
-2.70786e-05
-2.6908e-05
-2.6736e-05
-2.64354e-05
-2.60316e-05
-2.56186e-05
-2.52999e-05
-2.69195e-05
-2.69207e-05
-2.68793e-05
-2.67889e-05
-2.66525e-05
-2.65875e-05
-2.65818e-05
-2.66619e-05
-2.67823e-05
-2.69394e-05
-2.70891e-05
-2.7159e-05
-2.70765e-05
-2.68546e-05
-2.65353e-05
-2.61749e-05
-2.59256e-05
-2.57586e-05
-2.56601e-05
-2.56168e-05
-2.55657e-05
-2.54149e-05
-2.5285e-05
-2.52115e-05
-2.52954e-05
-2.55326e-05
-2.58483e-05
-2.62318e-05
-2.66523e-05
-2.7074e-05
-2.74606e-05
-2.77517e-05
-2.79478e-05
-2.80499e-05
-2.8048e-05
-2.79984e-05
-2.78231e-05
-2.75288e-05
-2.7212e-05
-2.6998e-05
-2.83876e-05
-2.83111e-05
-2.81854e-05
-2.7971e-05
-2.77866e-05
-2.77043e-05
-2.76975e-05
-2.7712e-05
-2.77365e-05
-2.77602e-05
-2.7809e-05
-2.78201e-05
-2.7696e-05
-2.74569e-05
-2.70826e-05
-2.6657e-05
-2.63098e-05
-2.6064e-05
-2.59023e-05
-2.58085e-05
-2.57562e-05
-2.56774e-05
-2.55724e-05
-2.55094e-05
-2.55679e-05
-2.57477e-05
-2.60435e-05
-2.64729e-05
-2.69745e-05
-2.75373e-05
-2.81091e-05
-2.85406e-05
-2.88341e-05
-2.90246e-05
-2.91582e-05
-2.9169e-05
-2.90307e-05
-2.88251e-05
-2.86471e-05
-2.85107e-05
-2.89662e-05
-2.88465e-05
-2.86721e-05
-2.83714e-05
-2.80506e-05
-2.78104e-05
-2.76894e-05
-2.7591e-05
-2.75256e-05
-2.75456e-05
-2.76195e-05
-2.76893e-05
-2.77103e-05
-2.76113e-05
-2.73442e-05
-2.69557e-05
-2.65682e-05
-2.62394e-05
-2.59752e-05
-2.58134e-05
-2.57826e-05
-2.58154e-05
-2.58582e-05
-2.59526e-05
-2.61123e-05
-2.63062e-05
-2.65958e-05
-2.69399e-05
-2.73074e-05
-2.77747e-05
-2.82408e-05
-2.85781e-05
-2.88008e-05
-2.902e-05
-2.92114e-05
-2.9323e-05
-2.93e-05
-2.92029e-05
-2.91309e-05
-2.90657e-05
-2.89351e-05
-2.89104e-05
-2.87836e-05
-2.84262e-05
-2.79329e-05
-2.75163e-05
-2.7181e-05
-2.68765e-05
-2.66409e-05
-2.66038e-05
-2.66334e-05
-2.66802e-05
-2.67258e-05
-2.66985e-05
-2.65202e-05
-2.61919e-05
-2.58129e-05
-2.54693e-05
-2.52249e-05
-2.51538e-05
-2.52461e-05
-2.53888e-05
-2.56134e-05
-2.58868e-05
-2.62035e-05
-2.64712e-05
-2.67166e-05
-2.69308e-05
-2.7124e-05
-2.73728e-05
-2.76764e-05
-2.79043e-05
-2.80949e-05
-2.83039e-05
-2.85066e-05
-2.867e-05
-2.87188e-05
-2.8698e-05
-2.87736e-05
-2.88878e-05
-2.70344e-05
-2.7181e-05
-2.72122e-05
-2.6955e-05
-2.64693e-05
-2.60179e-05
-2.56491e-05
-2.52582e-05
-2.49555e-05
-2.48233e-05
-2.47634e-05
-2.47053e-05
-2.46906e-05
-2.46639e-05
-2.44239e-05
-2.40498e-05
-2.37736e-05
-2.35683e-05
-2.35003e-05
-2.35902e-05
-2.37878e-05
-2.40571e-05
-2.43814e-05
-2.47788e-05
-2.51955e-05
-2.55494e-05
-2.57981e-05
-2.59664e-05
-2.61073e-05
-2.62841e-05
-2.65274e-05
-2.67307e-05
-2.68814e-05
-2.69933e-05
-2.70521e-05
-2.70588e-05
-2.69565e-05
-2.68294e-05
-2.68497e-05
-2.69307e-05
-2.3813e-05
-2.38983e-05
-2.40061e-05
-2.39268e-05
-2.36604e-05
-2.33532e-05
-2.30486e-05
-2.27056e-05
-2.24006e-05
-2.21807e-05
-2.19736e-05
-2.18166e-05
-2.17913e-05
-2.17777e-05
-2.15563e-05
-2.12473e-05
-2.10718e-05
-2.09761e-05
-2.10101e-05
-2.11966e-05
-2.1521e-05
-2.18714e-05
-2.22408e-05
-2.26633e-05
-2.3098e-05
-2.34642e-05
-2.37009e-05
-2.37988e-05
-2.39069e-05
-2.40615e-05
-2.42065e-05
-2.43053e-05
-2.43884e-05
-2.44849e-05
-2.44959e-05
-2.44076e-05
-2.42008e-05
-2.39756e-05
-2.38723e-05
-2.38253e-05
-1.9987e-05
-2.00049e-05
-2.01827e-05
-2.03695e-05
-2.04629e-05
-2.04912e-05
-2.04141e-05
-2.01728e-05
-1.98447e-05
-1.94692e-05
-1.90179e-05
-1.86714e-05
-1.85884e-05
-1.85567e-05
-1.8349e-05
-1.80756e-05
-1.7929e-05
-1.79189e-05
-1.80192e-05
-1.82735e-05
-1.86532e-05
-1.89819e-05
-1.93273e-05
-1.97055e-05
-2.01253e-05
-2.05285e-05
-2.07351e-05
-2.07658e-05
-2.07503e-05
-2.08094e-05
-2.08924e-05
-2.09227e-05
-2.09924e-05
-2.11055e-05
-2.11794e-05
-2.11353e-05
-2.08865e-05
-2.05713e-05
-2.03346e-05
-2.01431e-05
-1.59734e-05
-1.58875e-05
-1.60305e-05
-1.63967e-05
-1.68244e-05
-1.71668e-05
-1.73011e-05
-1.71747e-05
-1.68712e-05
-1.64426e-05
-1.59177e-05
-1.54334e-05
-1.51859e-05
-1.50283e-05
-1.47577e-05
-1.44662e-05
-1.43142e-05
-1.43711e-05
-1.4586e-05
-1.48989e-05
-1.52296e-05
-1.55017e-05
-1.57818e-05
-1.61301e-05
-1.65883e-05
-1.70199e-05
-1.72824e-05
-1.73723e-05
-1.73812e-05
-1.74026e-05
-1.73988e-05
-1.72756e-05
-1.72204e-05
-1.72885e-05
-1.74043e-05
-1.74007e-05
-1.71479e-05
-1.67476e-05
-1.64494e-05
-1.62102e-05
-1.15994e-05
-1.14344e-05
-1.15335e-05
-1.1913e-05
-1.24116e-05
-1.28448e-05
-1.30511e-05
-1.3038e-05
-1.28807e-05
-1.25917e-05
-1.21733e-05
-1.17726e-05
-1.15014e-05
-1.1243e-05
-1.08726e-05
-1.05106e-05
-1.03464e-05
-1.04167e-05
-1.06754e-05
-1.10123e-05
-1.13394e-05
-1.15932e-05
-1.18527e-05
-1.22192e-05
-1.27003e-05
-1.31678e-05
-1.34553e-05
-1.35995e-05
-1.3714e-05
-1.3767e-05
-1.3687e-05
-1.34429e-05
-1.32435e-05
-1.32051e-05
-1.32666e-05
-1.32641e-05
-1.30097e-05
-1.25997e-05
-1.22464e-05
-1.19184e-05
-6.92629e-06
-6.78733e-06
-6.90962e-06
-7.24343e-06
-7.66274e-06
-8.02608e-06
-8.25686e-06
-8.35267e-06
-8.35356e-06
-8.23974e-06
-7.98174e-06
-7.72815e-06
-7.56335e-06
-7.37095e-06
-7.0243e-06
-6.69921e-06
-6.5971e-06
-6.71352e-06
-7.00188e-06
-7.33041e-06
-7.61155e-06
-7.80961e-06
-7.99762e-06
-8.29371e-06
-8.70173e-06
-9.11186e-06
-9.44836e-06
-9.6834e-06
-9.84758e-06
-9.92412e-06
-9.82485e-06
-9.4762e-06
-9.08294e-06
-8.81531e-06
-8.73651e-06
-8.68672e-06
-8.4517e-06
-8.0561e-06
-7.63994e-06
-7.24871e-06
-2.84802e-06
-2.71632e-06
-2.83166e-06
-3.09789e-06
-3.40818e-06
-3.65308e-06
-3.87084e-06
-4.07395e-06
-4.22034e-06
-4.2345e-06
-4.08543e-06
-3.91916e-06
-3.83655e-06
-3.73309e-06
-3.49146e-06
-3.29601e-06
-3.29979e-06
-3.47272e-06
-3.72071e-06
-3.95831e-06
-4.14664e-06
-4.27242e-06
-4.42078e-06
-4.6808e-06
-5.07179e-06
-5.51078e-06
-5.93531e-06
-6.26685e-06
-6.45514e-06
-6.4746e-06
-6.25399e-06
-5.7713e-06
-5.22065e-06
-4.81567e-06
-4.67128e-06
-4.62252e-06
-4.3972e-06
-3.99226e-06
-3.57655e-06
-3.19052e-06
1.06691e-07
2.75847e-07
2.28566e-07
4.86173e-08
-1.58631e-07
-3.37809e-07
-5.28793e-07
-7.45233e-07
-9.49449e-07
-1.04906e-06
-9.93201e-07
-9.04692e-07
-8.87682e-07
-8.36692e-07
-6.60662e-07
-5.24585e-07
-5.84362e-07
-7.96911e-07
-1.06133e-06
-1.30573e-06
-1.4961e-06
-1.62025e-06
-1.76226e-06
-2.02831e-06
-2.4432e-06
-2.90414e-06
-3.34354e-06
-3.65967e-06
-3.81766e-06
-3.80376e-06
-3.53645e-06
-3.00618e-06
-2.39607e-06
-1.93308e-06
-1.75273e-06
-1.6939e-06
-1.4746e-06
-1.05513e-06
-6.33139e-07
-2.51507e-07
1.85506e-06
2.07298e-06
2.08039e-06
1.96598e-06
1.81709e-06
1.70349e-06
1.5698e-06
1.39068e-06
1.2014e-06
1.07238e-06
1.05989e-06
1.07904e-06
1.03863e-06
1.02854e-06
1.14548e-06
1.23281e-06
1.14968e-06
9.2998e-07
6.42845e-07
3.69458e-07
1.47269e-07
5.28812e-09
-1.49824e-07
-4.2484e-07
-8.30463e-07
-1.27576e-06
-1.69741e-06
-1.99551e-06
-2.1478e-06
-2.12755e-06
-1.84727e-06
-1.30598e-06
-6.9446e-07
-2.32101e-07
-4.08434e-08
1.96649e-08
2.42794e-07
6.5316e-07
1.06856e-06
1.46595e-06
2.63621e-06
2.86815e-06
2.88833e-06
2.78638e-06
2.66475e-06
2.58641e-06
2.49958e-06
2.35746e-06
2.18276e-06
2.03732e-06
1.99111e-06
1.97161e-06
1.88103e-06
1.82985e-06
1.91538e-06
1.98754e-06
1.90528e-06
1.68799e-06
1.40918e-06
1.14116e-06
9.20489e-07
7.70878e-07
6.00873e-07
3.20857e-07
-8.03895e-08
-5.12865e-07
-9.19491e-07
-1.21227e-06
-1.37047e-06
-1.35598e-06
-1.07724e-06
-5.45366e-07
5.63409e-08
5.07865e-07
7.00817e-07
7.77902e-07
1.00172e-06
1.40389e-06
1.82388e-06
2.2325e-06
2.79112e-06
3.02428e-06
3.04851e-06
2.95649e-06
2.84252e-06
2.77247e-06
2.6873e-06
2.54196e-06
2.36003e-06
2.20698e-06
2.15599e-06
2.12678e-06
2.03367e-06
1.98357e-06
2.07206e-06
2.14434e-06
2.06565e-06
1.85302e-06
1.57503e-06
1.30699e-06
1.08365e-06
9.29895e-07
7.58359e-07
4.76317e-07
7.53701e-08
-3.52651e-07
-7.5224e-07
-1.0428e-06
-1.20185e-06
-1.19204e-06
-9.19032e-07
-3.90497e-07
2.07924e-07
6.61358e-07
8.62257e-07
9.45331e-07
1.16841e-06
1.56475e-06
1.97802e-06
2.38601e-06
-1.521e-05
-1.51963e-05
-1.51781e-05
-1.51633e-05
-1.51171e-05
-1.50612e-05
-1.5001e-05
-1.49403e-05
-1.48838e-05
-1.48425e-05
-1.48081e-05
-1.47997e-05
-1.48112e-05
-1.48559e-05
-1.49193e-05
-1.50082e-05
-1.5097e-05
-1.51838e-05
-1.52365e-05
-1.5243e-05
-1.5211e-05
-1.51602e-05
-1.51125e-05
-1.50748e-05
-1.50627e-05
-1.50723e-05
-1.50909e-05
-1.51189e-05
-1.51543e-05
-1.51734e-05
-1.51842e-05
-1.5199e-05
-1.5213e-05
-1.52132e-05
-1.52115e-05
-1.52124e-05
-1.52175e-05
-1.52148e-05
-1.52119e-05
-1.5215e-05
-1.68301e-05
-1.67248e-05
-1.66188e-05
-1.64932e-05
-1.6355e-05
-1.6205e-05
-1.60768e-05
-1.59594e-05
-1.58654e-05
-1.58103e-05
-1.57919e-05
-1.58099e-05
-1.5849e-05
-1.59433e-05
-1.60985e-05
-1.62746e-05
-1.6455e-05
-1.66165e-05
-1.67464e-05
-1.6842e-05
-1.68925e-05
-1.69217e-05
-1.69495e-05
-1.69905e-05
-1.70439e-05
-1.70844e-05
-1.71071e-05
-1.71128e-05
-1.71228e-05
-1.71264e-05
-1.71171e-05
-1.71148e-05
-1.71171e-05
-1.71033e-05
-1.70873e-05
-1.70489e-05
-1.70005e-05
-1.69694e-05
-1.69411e-05
-1.69042e-05
-1.90851e-05
-1.90202e-05
-1.88911e-05
-1.87108e-05
-1.8519e-05
-1.83408e-05
-1.81645e-05
-1.80275e-05
-1.79061e-05
-1.78023e-05
-1.77352e-05
-1.77114e-05
-1.77543e-05
-1.78541e-05
-1.79918e-05
-1.81514e-05
-1.82998e-05
-1.8422e-05
-1.85119e-05
-1.8569e-05
-1.86023e-05
-1.86336e-05
-1.86922e-05
-1.87813e-05
-1.88788e-05
-1.89734e-05
-1.90629e-05
-1.91416e-05
-1.92266e-05
-1.92909e-05
-1.93262e-05
-1.935e-05
-1.93691e-05
-1.93662e-05
-1.93453e-05
-1.93039e-05
-1.92539e-05
-1.92083e-05
-1.91694e-05
-1.91283e-05
-2.12852e-05
-2.12236e-05
-2.11685e-05
-2.11366e-05
-2.1097e-05
-2.10161e-05
-2.08839e-05
-2.07448e-05
-2.06149e-05
-2.05162e-05
-2.04544e-05
-2.04231e-05
-2.04481e-05
-2.05199e-05
-2.06105e-05
-2.07087e-05
-2.08055e-05
-2.08897e-05
-2.09463e-05
-2.09773e-05
-2.10014e-05
-2.10556e-05
-2.1136e-05
-2.12264e-05
-2.12859e-05
-2.13193e-05
-2.13445e-05
-2.13966e-05
-2.14806e-05
-2.15454e-05
-2.15628e-05
-2.1568e-05
-2.15809e-05
-2.15993e-05
-2.15916e-05
-2.15376e-05
-2.14749e-05
-2.14325e-05
-2.13868e-05
-2.13407e-05
-2.38797e-05
-2.38573e-05
-2.38955e-05
-2.39837e-05
-2.4071e-05
-2.40767e-05
-2.39857e-05
-2.38288e-05
-2.36751e-05
-2.35745e-05
-2.354e-05
-2.35358e-05
-2.3587e-05
-2.36945e-05
-2.38331e-05
-2.39605e-05
-2.4048e-05
-2.40847e-05
-2.40764e-05
-2.40492e-05
-2.4021e-05
-2.40086e-05
-2.39936e-05
-2.39493e-05
-2.38508e-05
-2.37255e-05
-2.36067e-05
-2.3533e-05
-2.34994e-05
-2.34541e-05
-2.33927e-05
-2.33655e-05
-2.33961e-05
-2.34552e-05
-2.35187e-05
-2.3619e-05
-2.37265e-05
-2.38209e-05
-2.38725e-05
-2.38941e-05
-2.61917e-05
-2.6112e-05
-2.61115e-05
-2.61263e-05
-2.60767e-05
-2.59198e-05
-2.56943e-05
-2.54628e-05
-2.52656e-05
-2.51192e-05
-2.50068e-05
-2.49403e-05
-2.49583e-05
-2.50543e-05
-2.51744e-05
-2.52868e-05
-2.53873e-05
-2.54289e-05
-2.54026e-05
-2.53529e-05
-2.53261e-05
-2.53332e-05
-2.53634e-05
-2.53541e-05
-2.53091e-05
-2.52204e-05
-2.51565e-05
-2.51706e-05
-2.52485e-05
-2.53609e-05
-2.55137e-05
-2.56979e-05
-2.59164e-05
-2.61259e-05
-2.62856e-05
-2.6386e-05
-2.64489e-05
-2.6475e-05
-2.64324e-05
-2.63167e-05
-2.65463e-05
-2.65547e-05
-2.66406e-05
-2.669e-05
-2.66597e-05
-2.65414e-05
-2.63479e-05
-2.61812e-05
-2.60604e-05
-2.59628e-05
-2.59295e-05
-2.59772e-05
-2.60832e-05
-2.62706e-05
-2.65182e-05
-2.67664e-05
-2.69608e-05
-2.70616e-05
-2.71152e-05
-2.70905e-05
-2.70242e-05
-2.69637e-05
-2.68852e-05
-2.6778e-05
-2.66269e-05
-2.65175e-05
-2.64941e-05
-2.6591e-05
-2.66967e-05
-2.67432e-05
-2.6768e-05
-2.68448e-05
-2.69697e-05
-2.70782e-05
-2.71415e-05
-2.71536e-05
-2.7128e-05
-2.70435e-05
-2.68834e-05
-2.66907e-05
-2.58397e-05
-2.59483e-05
-2.61402e-05
-2.62892e-05
-2.63914e-05
-2.64576e-05
-2.64817e-05
-2.64627e-05
-2.64606e-05
-2.65234e-05
-2.66746e-05
-2.68803e-05
-2.71105e-05
-2.73826e-05
-2.76426e-05
-2.79024e-05
-2.80989e-05
-2.82309e-05
-2.82711e-05
-2.81976e-05
-2.80655e-05
-2.79074e-05
-2.77295e-05
-2.75523e-05
-2.74227e-05
-2.72819e-05
-2.71452e-05
-2.70605e-05
-2.69909e-05
-2.69075e-05
-2.68097e-05
-2.67421e-05
-2.67276e-05
-2.67326e-05
-2.67216e-05
-2.66345e-05
-2.65e-05
-2.63271e-05
-2.61097e-05
-2.59042e-05
-2.49201e-05
-2.50976e-05
-2.53509e-05
-2.55429e-05
-2.5666e-05
-2.57263e-05
-2.57057e-05
-2.56231e-05
-2.55348e-05
-2.5586e-05
-2.57928e-05
-2.60583e-05
-2.62777e-05
-2.64214e-05
-2.64956e-05
-2.65799e-05
-2.6659e-05
-2.67364e-05
-2.67557e-05
-2.67018e-05
-2.65756e-05
-2.64322e-05
-2.62919e-05
-2.62397e-05
-2.62924e-05
-2.63528e-05
-2.63968e-05
-2.64309e-05
-2.64297e-05
-2.63531e-05
-2.62303e-05
-2.613e-05
-2.60691e-05
-2.60145e-05
-2.59444e-05
-2.58206e-05
-2.56332e-05
-2.53984e-05
-2.51442e-05
-2.49346e-05
-2.47583e-05
-2.49067e-05
-2.50386e-05
-2.51071e-05
-2.51711e-05
-2.52243e-05
-2.51768e-05
-2.50482e-05
-2.4969e-05
-2.50392e-05
-2.52726e-05
-2.55004e-05
-2.56511e-05
-2.56982e-05
-2.56824e-05
-2.56788e-05
-2.57504e-05
-2.58698e-05
-2.59532e-05
-2.5938e-05
-2.58628e-05
-2.57354e-05
-2.5622e-05
-2.5583e-05
-2.56048e-05
-2.56601e-05
-2.57527e-05
-2.58354e-05
-2.5875e-05
-2.58447e-05
-2.57883e-05
-2.57136e-05
-2.56457e-05
-2.56122e-05
-2.55666e-05
-2.548e-05
-2.53518e-05
-2.5137e-05
-2.48914e-05
-2.47293e-05
-2.50859e-05
-2.5193e-05
-2.52685e-05
-2.5345e-05
-2.54493e-05
-2.55259e-05
-2.55678e-05
-2.55288e-05
-2.54131e-05
-2.53699e-05
-2.54937e-05
-2.56347e-05
-2.56941e-05
-2.56451e-05
-2.55584e-05
-2.55095e-05
-2.5612e-05
-2.5782e-05
-2.59303e-05
-2.6007e-05
-2.60174e-05
-2.5962e-05
-2.57845e-05
-2.55476e-05
-2.53522e-05
-2.52482e-05
-2.52403e-05
-2.52798e-05
-2.52451e-05
-2.52039e-05
-2.5186e-05
-2.51799e-05
-2.51584e-05
-2.51238e-05
-2.50775e-05
-2.50702e-05
-2.50743e-05
-2.50775e-05
-2.50509e-05
-2.50347e-05
-2.55806e-05
-2.56175e-05
-2.56585e-05
-2.57147e-05
-2.58028e-05
-2.59238e-05
-2.59524e-05
-2.5841e-05
-2.56509e-05
-2.5496e-05
-2.54606e-05
-2.54478e-05
-2.53752e-05
-2.52345e-05
-2.5073e-05
-2.49445e-05
-2.49339e-05
-2.50053e-05
-2.50834e-05
-2.5102e-05
-2.50526e-05
-2.49639e-05
-2.47808e-05
-2.45186e-05
-2.42791e-05
-2.41217e-05
-2.40816e-05
-2.40795e-05
-2.40164e-05
-2.39817e-05
-2.40769e-05
-2.4257e-05
-2.44259e-05
-2.45167e-05
-2.45843e-05
-2.4713e-05
-2.49046e-05
-2.51458e-05
-2.53699e-05
-2.55093e-05
-2.49954e-05
-2.50268e-05
-2.51097e-05
-2.52164e-05
-2.53452e-05
-2.54289e-05
-2.53915e-05
-2.52393e-05
-2.50379e-05
-2.48992e-05
-2.48311e-05
-2.47617e-05
-2.46896e-05
-2.46279e-05
-2.44994e-05
-2.43121e-05
-2.41627e-05
-2.41095e-05
-2.40459e-05
-2.39462e-05
-2.38534e-05
-2.37512e-05
-2.35966e-05
-2.34163e-05
-2.3245e-05
-2.31435e-05
-2.31133e-05
-2.30988e-05
-2.30767e-05
-2.30803e-05
-2.32281e-05
-2.34436e-05
-2.36e-05
-2.37027e-05
-2.37903e-05
-2.39425e-05
-2.42125e-05
-2.45e-05
-2.4807e-05
-2.49789e-05
-2.33505e-05
-2.34422e-05
-2.36329e-05
-2.38049e-05
-2.39125e-05
-2.3953e-05
-2.38677e-05
-2.36507e-05
-2.34391e-05
-2.3373e-05
-2.33798e-05
-2.34053e-05
-2.34938e-05
-2.36194e-05
-2.36424e-05
-2.35739e-05
-2.34508e-05
-2.33483e-05
-2.32156e-05
-2.30306e-05
-2.28306e-05
-2.26326e-05
-2.24315e-05
-2.22757e-05
-2.21612e-05
-2.21007e-05
-2.21229e-05
-2.21571e-05
-2.21476e-05
-2.21339e-05
-2.21843e-05
-2.23059e-05
-2.2364e-05
-2.24099e-05
-2.24742e-05
-2.25544e-05
-2.2719e-05
-2.29497e-05
-2.32249e-05
-2.33479e-05
-2.10499e-05
-2.11144e-05
-2.12722e-05
-2.1416e-05
-2.14661e-05
-2.13983e-05
-2.1177e-05
-2.08374e-05
-2.05613e-05
-2.05078e-05
-2.05836e-05
-2.06814e-05
-2.0941e-05
-2.12953e-05
-2.14887e-05
-2.15295e-05
-2.15312e-05
-2.15405e-05
-2.14276e-05
-2.11921e-05
-2.09062e-05
-2.06882e-05
-2.05303e-05
-2.04321e-05
-2.03941e-05
-2.03824e-05
-2.04444e-05
-2.05508e-05
-2.0646e-05
-2.07127e-05
-2.08064e-05
-2.09564e-05
-2.1062e-05
-2.11138e-05
-2.11043e-05
-2.10823e-05
-2.10213e-05
-2.10423e-05
-2.11063e-05
-2.10869e-05
-1.85701e-05
-1.85426e-05
-1.8618e-05
-1.87358e-05
-1.86978e-05
-1.84592e-05
-1.79585e-05
-1.7334e-05
-1.69377e-05
-1.68736e-05
-1.6909e-05
-1.70034e-05
-1.73851e-05
-1.79104e-05
-1.82894e-05
-1.84054e-05
-1.84082e-05
-1.83665e-05
-1.82595e-05
-1.81126e-05
-1.79342e-05
-1.78433e-05
-1.7899e-05
-1.79737e-05
-1.79934e-05
-1.8002e-05
-1.80669e-05
-1.81286e-05
-1.8227e-05
-1.83963e-05
-1.86224e-05
-1.89211e-05
-1.92018e-05
-1.94538e-05
-1.9574e-05
-1.95382e-05
-1.9328e-05
-1.90964e-05
-1.89016e-05
-1.87141e-05
-1.61709e-05
-1.61208e-05
-1.61397e-05
-1.61354e-05
-1.60055e-05
-1.55939e-05
-1.48441e-05
-1.39689e-05
-1.33664e-05
-1.3132e-05
-1.30156e-05
-1.30304e-05
-1.34024e-05
-1.39397e-05
-1.42929e-05
-1.44175e-05
-1.43805e-05
-1.42733e-05
-1.41417e-05
-1.39909e-05
-1.38542e-05
-1.38037e-05
-1.39402e-05
-1.41085e-05
-1.41435e-05
-1.415e-05
-1.42358e-05
-1.43964e-05
-1.46096e-05
-1.49315e-05
-1.52955e-05
-1.57265e-05
-1.62143e-05
-1.66644e-05
-1.70217e-05
-1.716e-05
-1.70467e-05
-1.67857e-05
-1.65356e-05
-1.63379e-05
-1.33005e-05
-1.32667e-05
-1.32455e-05
-1.31834e-05
-1.2986e-05
-1.24712e-05
-1.15863e-05
-1.05748e-05
-9.81597e-06
-9.39705e-06
-9.08236e-06
-8.95416e-06
-9.19548e-06
-9.58781e-06
-9.80137e-06
-9.77917e-06
-9.60411e-06
-9.39481e-06
-9.17211e-06
-8.95019e-06
-8.82334e-06
-8.78699e-06
-8.89946e-06
-9.10213e-06
-9.22399e-06
-9.3245e-06
-9.52309e-06
-9.76449e-06
-1.00501e-05
-1.04493e-05
-1.09174e-05
-1.14439e-05
-1.20261e-05
-1.26401e-05
-1.3171e-05
-1.35087e-05
-1.35707e-05
-1.34712e-05
-1.33848e-05
-1.33416e-05
-9.50199e-06
-9.51978e-06
-9.56029e-06
-9.51903e-06
-9.29426e-06
-8.7483e-06
-7.87645e-06
-6.89642e-06
-6.17664e-06
-5.70639e-06
-5.2622e-06
-4.87402e-06
-4.86915e-06
-5.12505e-06
-5.25978e-06
-5.14581e-06
-4.82687e-06
-4.4944e-06
-4.12469e-06
-3.76545e-06
-3.5475e-06
-3.49258e-06
-3.64574e-06
-3.90873e-06
-4.14451e-06
-4.36796e-06
-4.56107e-06
-4.78386e-06
-5.10492e-06
-5.57718e-06
-6.19002e-06
-6.87745e-06
-7.57921e-06
-8.2944e-06
-8.93707e-06
-9.34833e-06
-9.46928e-06
-9.4525e-06
-9.44844e-06
-9.47836e-06
-5.41516e-06
-5.38095e-06
-5.40739e-06
-5.39539e-06
-5.18541e-06
-4.71186e-06
-3.93731e-06
-3.09694e-06
-2.52636e-06
-2.13185e-06
-1.60896e-06
-1.0483e-06
-8.17938e-07
-9.11368e-07
-9.75246e-07
-7.94896e-07
-4.08384e-07
5.49181e-08
6.00652e-07
1.11791e-06
1.45303e-06
1.56764e-06
1.40462e-06
1.08536e-06
7.51033e-07
4.38962e-07
1.85553e-07
-8.57283e-08
-4.96582e-07
-1.07084e-06
-1.77171e-06
-2.5943e-06
-3.42547e-06
-4.21899e-06
-4.91408e-06
-5.3744e-06
-5.53777e-06
-5.51398e-06
-5.46581e-06
-5.44395e-06
-1.9197e-06
-1.81965e-06
-1.77629e-06
-1.68944e-06
-1.45721e-06
-9.9184e-07
-2.66018e-07
4.65893e-07
9.15445e-07
1.2718e-06
1.83638e-06
2.4814e-06
2.84277e-06
2.86573e-06
2.90232e-06
3.1391e-06
3.5575e-06
4.0875e-06
4.731e-06
5.30845e-06
5.66255e-06
5.76978e-06
5.59624e-06
5.22876e-06
4.81938e-06
4.42692e-06
4.09807e-06
3.76315e-06
3.29337e-06
2.70363e-06
1.98005e-06
1.10384e-06
1.95064e-07
-6.78133e-07
-1.44751e-06
-1.98221e-06
-2.17954e-06
-2.16435e-06
-2.09396e-06
-2.01299e-06
6.59307e-07
7.5595e-07
8.20183e-07
9.37454e-07
1.22526e-06
1.77113e-06
2.54476e-06
3.27915e-06
3.71971e-06
4.07075e-06
4.6217e-06
5.22478e-06
5.55277e-06
5.59103e-06
5.69196e-06
6.02593e-06
6.52997e-06
7.14293e-06
7.79557e-06
8.32013e-06
8.60228e-06
8.63601e-06
8.40921e-06
8.00093e-06
7.57231e-06
7.16645e-06
6.82308e-06
6.48628e-06
6.03626e-06
5.45447e-06
4.74346e-06
3.90092e-06
3.0226e-06
2.16622e-06
1.39519e-06
8.28006e-07
5.58803e-07
5.1565e-07
5.39658e-07
5.88745e-07
2.40027e-06
2.46505e-06
2.50769e-06
2.60006e-06
2.87894e-06
3.43857e-06
4.22779e-06
4.977e-06
5.44987e-06
5.81543e-06
6.31895e-06
6.82554e-06
7.08698e-06
7.10743e-06
7.23568e-06
7.62124e-06
8.17967e-06
8.84324e-06
9.48937e-06
9.95229e-06
1.01711e-05
1.01631e-05
9.91783e-06
9.51286e-06
9.10086e-06
8.72213e-06
8.40437e-06
8.0954e-06
7.66161e-06
7.08657e-06
6.41019e-06
5.63071e-06
4.80762e-06
3.99182e-06
3.2436e-06
2.66994e-06
2.37412e-06
2.31017e-06
2.32785e-06
2.35765e-06
3.22978e-06
3.27032e-06
3.29465e-06
3.37668e-06
3.65288e-06
4.20671e-06
4.98207e-06
5.72641e-06
6.1919e-06
6.54799e-06
7.03123e-06
7.51622e-06
7.77037e-06
7.79699e-06
7.937e-06
8.32413e-06
8.87765e-06
9.54127e-06
1.01872e-05
1.06361e-05
1.08467e-05
1.08561e-05
1.06346e-05
1.02579e-05
9.86111e-06
9.47534e-06
9.13982e-06
8.81342e-06
8.37493e-06
7.8083e-06
7.15627e-06
6.41145e-06
5.61454e-06
4.82448e-06
4.10828e-06
3.55884e-06
3.26277e-06
3.18455e-06
3.18501e-06
3.20567e-06
3.43356e-06
3.48085e-06
3.51488e-06
3.6032e-06
3.87832e-06
4.4265e-06
5.19689e-06
5.93191e-06
6.39049e-06
6.74589e-06
7.23021e-06
7.72162e-06
7.98917e-06
8.03509e-06
8.19222e-06
8.58443e-06
9.13708e-06
9.79602e-06
1.04363e-05
1.08851e-05
1.11072e-05
1.11267e-05
1.09116e-05
1.05287e-05
1.01167e-05
9.71629e-06
9.36568e-06
9.03052e-06
8.58872e-06
8.02419e-06
7.37814e-06
6.63634e-06
5.8428e-06
5.06205e-06
4.34897e-06
3.79038e-06
3.48038e-06
3.39007e-06
3.38537e-06
3.40553e-06
-1.5345e-05
-1.53179e-05
-1.52955e-05
-1.52626e-05
-1.52126e-05
-1.51514e-05
-1.50876e-05
-1.50202e-05
-1.49533e-05
-1.49026e-05
-1.48831e-05
-1.48771e-05
-1.48945e-05
-1.49201e-05
-1.4951e-05
-1.49873e-05
-1.50346e-05
-1.50735e-05
-1.50833e-05
-1.50727e-05
-1.50409e-05
-1.50151e-05
-1.49979e-05
-1.50073e-05
-1.50323e-05
-1.50763e-05
-1.51386e-05
-1.52061e-05
-1.52553e-05
-1.52943e-05
-1.53221e-05
-1.53431e-05
-1.53674e-05
-1.53864e-05
-1.53958e-05
-1.5409e-05
-1.54073e-05
-1.53958e-05
-1.53875e-05
-1.53728e-05
-1.70203e-05
-1.69136e-05
-1.68e-05
-1.66883e-05
-1.65582e-05
-1.643e-05
-1.6315e-05
-1.62238e-05
-1.61524e-05
-1.61092e-05
-1.60977e-05
-1.61236e-05
-1.61933e-05
-1.63081e-05
-1.64658e-05
-1.663e-05
-1.67776e-05
-1.68954e-05
-1.69702e-05
-1.69916e-05
-1.69801e-05
-1.6962e-05
-1.69517e-05
-1.6969e-05
-1.70074e-05
-1.70515e-05
-1.70896e-05
-1.71341e-05
-1.71671e-05
-1.71874e-05
-1.71835e-05
-1.71887e-05
-1.71988e-05
-1.72184e-05
-1.72237e-05
-1.71994e-05
-1.71761e-05
-1.71682e-05
-1.7162e-05
-1.71146e-05
-1.88429e-05
-1.8701e-05
-1.85336e-05
-1.83662e-05
-1.82145e-05
-1.80758e-05
-1.79561e-05
-1.78575e-05
-1.77859e-05
-1.77502e-05
-1.77405e-05
-1.77636e-05
-1.78434e-05
-1.79593e-05
-1.81164e-05
-1.82723e-05
-1.84075e-05
-1.84831e-05
-1.85157e-05
-1.85141e-05
-1.85098e-05
-1.85238e-05
-1.85739e-05
-1.86476e-05
-1.87432e-05
-1.88215e-05
-1.88669e-05
-1.89287e-05
-1.89895e-05
-1.90311e-05
-1.90573e-05
-1.90945e-05
-1.91455e-05
-1.91873e-05
-1.91932e-05
-1.91667e-05
-1.91272e-05
-1.90775e-05
-1.9024e-05
-1.8948e-05
-2.11941e-05
-2.1004e-05
-2.08183e-05
-2.06578e-05
-2.0532e-05
-2.04261e-05
-2.03372e-05
-2.02515e-05
-2.01706e-05
-2.01198e-05
-2.01404e-05
-2.02134e-05
-2.03235e-05
-2.04384e-05
-2.05549e-05
-2.06524e-05
-2.0732e-05
-2.0798e-05
-2.08242e-05
-2.0824e-05
-2.08353e-05
-2.0929e-05
-2.10761e-05
-2.11995e-05
-2.12732e-05
-2.13255e-05
-2.13795e-05
-2.14431e-05
-2.15173e-05
-2.15786e-05
-2.16119e-05
-2.16484e-05
-2.17043e-05
-2.17674e-05
-2.18081e-05
-2.17968e-05
-2.17369e-05
-2.1634e-05
-2.14966e-05
-2.13499e-05
-2.46126e-05
-2.4487e-05
-2.4409e-05
-2.43874e-05
-2.43655e-05
-2.43244e-05
-2.42303e-05
-2.40964e-05
-2.39881e-05
-2.39469e-05
-2.3953e-05
-2.39936e-05
-2.40564e-05
-2.41145e-05
-2.41507e-05
-2.41818e-05
-2.41685e-05
-2.4104e-05
-2.39923e-05
-2.38742e-05
-2.38053e-05
-2.38144e-05
-2.38501e-05
-2.38241e-05
-2.37261e-05
-2.36379e-05
-2.36189e-05
-2.36555e-05
-2.37408e-05
-2.38388e-05
-2.39449e-05
-2.40888e-05
-2.42948e-05
-2.4516e-05
-2.47105e-05
-2.48497e-05
-2.49435e-05
-2.49594e-05
-2.48836e-05
-2.47557e-05
-2.76421e-05
-2.75407e-05
-2.75629e-05
-2.76117e-05
-2.76135e-05
-2.75562e-05
-2.74352e-05
-2.73029e-05
-2.72256e-05
-2.72056e-05
-2.72382e-05
-2.7323e-05
-2.74219e-05
-2.75031e-05
-2.75643e-05
-2.75787e-05
-2.7519e-05
-2.73884e-05
-2.72102e-05
-2.70514e-05
-2.6983e-05
-2.70254e-05
-2.70981e-05
-2.71574e-05
-2.72167e-05
-2.72961e-05
-2.74067e-05
-2.75587e-05
-2.77082e-05
-2.78002e-05
-2.78621e-05
-2.79633e-05
-2.80901e-05
-2.821e-05
-2.83138e-05
-2.83602e-05
-2.83545e-05
-2.82466e-05
-2.80621e-05
-2.78527e-05
-2.8593e-05
-2.85438e-05
-2.86029e-05
-2.8678e-05
-2.87032e-05
-2.86505e-05
-2.8561e-05
-2.84722e-05
-2.84167e-05
-2.84155e-05
-2.84864e-05
-2.86296e-05
-2.88259e-05
-2.90392e-05
-2.92278e-05
-2.93236e-05
-2.93253e-05
-2.92817e-05
-2.92178e-05
-2.91916e-05
-2.91956e-05
-2.91934e-05
-2.91535e-05
-2.90706e-05
-2.90284e-05
-2.9077e-05
-2.9243e-05
-2.94589e-05
-2.96122e-05
-2.96688e-05
-2.96753e-05
-2.96539e-05
-2.96558e-05
-2.9641e-05
-2.95738e-05
-2.95136e-05
-2.94194e-05
-2.92234e-05
-2.89751e-05
-2.87561e-05
-2.81196e-05
-2.81887e-05
-2.83827e-05
-2.86334e-05
-2.88451e-05
-2.89813e-05
-2.90616e-05
-2.91374e-05
-2.92372e-05
-2.93606e-05
-2.95549e-05
-2.98035e-05
-3.0074e-05
-3.03139e-05
-3.04478e-05
-3.04723e-05
-3.04173e-05
-3.02892e-05
-3.01274e-05
-2.9982e-05
-2.98628e-05
-2.97256e-05
-2.95299e-05
-2.93331e-05
-2.91975e-05
-2.91889e-05
-2.92678e-05
-2.93872e-05
-2.94782e-05
-2.94654e-05
-2.93527e-05
-2.91966e-05
-2.90517e-05
-2.89433e-05
-2.88704e-05
-2.88445e-05
-2.87773e-05
-2.86136e-05
-2.84035e-05
-2.82194e-05
-2.79463e-05
-2.78947e-05
-2.79705e-05
-2.80822e-05
-2.81779e-05
-2.82118e-05
-2.82281e-05
-2.82567e-05
-2.83598e-05
-2.85386e-05
-2.87467e-05
-2.89894e-05
-2.92266e-05
-2.93831e-05
-2.94356e-05
-2.94142e-05
-2.93819e-05
-2.93464e-05
-2.9285e-05
-2.91887e-05
-2.90507e-05
-2.88318e-05
-2.86046e-05
-2.84674e-05
-2.84692e-05
-2.8573e-05
-2.87635e-05
-2.90591e-05
-2.93447e-05
-2.95075e-05
-2.95638e-05
-2.95643e-05
-2.95599e-05
-2.95277e-05
-2.94517e-05
-2.93438e-05
-2.91567e-05
-2.88486e-05
-2.85026e-05
-2.81798e-05
-2.74202e-05
-2.73315e-05
-2.7389e-05
-2.74826e-05
-2.75546e-05
-2.75813e-05
-2.75619e-05
-2.75622e-05
-2.76106e-05
-2.77285e-05
-2.78499e-05
-2.79537e-05
-2.80324e-05
-2.8023e-05
-2.79097e-05
-2.78155e-05
-2.78152e-05
-2.78597e-05
-2.79333e-05
-2.79694e-05
-2.79006e-05
-2.77794e-05
-2.76847e-05
-2.768e-05
-2.77979e-05
-2.79757e-05
-2.82142e-05
-2.85071e-05
-2.88094e-05
-2.90395e-05
-2.91855e-05
-2.92868e-05
-2.93505e-05
-2.9337e-05
-2.92457e-05
-2.90746e-05
-2.88128e-05
-2.84507e-05
-2.80425e-05
-2.76757e-05
-2.68978e-05
-2.68227e-05
-2.68705e-05
-2.69692e-05
-2.70715e-05
-2.71083e-05
-2.70939e-05
-2.70998e-05
-2.71474e-05
-2.71933e-05
-2.71833e-05
-2.70779e-05
-2.69226e-05
-2.67121e-05
-2.64796e-05
-2.63049e-05
-2.63108e-05
-2.64128e-05
-2.65782e-05
-2.66677e-05
-2.66621e-05
-2.66655e-05
-2.66829e-05
-2.67725e-05
-2.69252e-05
-2.71324e-05
-2.73262e-05
-2.75285e-05
-2.7729e-05
-2.7867e-05
-2.79446e-05
-2.80137e-05
-2.80085e-05
-2.79956e-05
-2.79688e-05
-2.79134e-05
-2.78086e-05
-2.75862e-05
-2.73343e-05
-2.70857e-05
-2.64815e-05
-2.64569e-05
-2.64961e-05
-2.65649e-05
-2.65817e-05
-2.65649e-05
-2.65222e-05
-2.64258e-05
-2.63502e-05
-2.61986e-05
-2.59373e-05
-2.55566e-05
-2.51602e-05
-2.47483e-05
-2.43368e-05
-2.40554e-05
-2.40073e-05
-2.41377e-05
-2.43269e-05
-2.44973e-05
-2.46478e-05
-2.47773e-05
-2.49248e-05
-2.50855e-05
-2.5297e-05
-2.55273e-05
-2.57616e-05
-2.59775e-05
-2.6142e-05
-2.62996e-05
-2.64321e-05
-2.65386e-05
-2.65727e-05
-2.65981e-05
-2.66542e-05
-2.67116e-05
-2.67571e-05
-2.67196e-05
-2.66411e-05
-2.6556e-05
-2.51392e-05
-2.5109e-05
-2.51213e-05
-2.51197e-05
-2.50507e-05
-2.49056e-05
-2.47263e-05
-2.45645e-05
-2.44515e-05
-2.42945e-05
-2.39786e-05
-2.35008e-05
-2.30094e-05
-2.25702e-05
-2.21267e-05
-2.17981e-05
-2.17045e-05
-2.17007e-05
-2.17244e-05
-2.17808e-05
-2.18656e-05
-2.19825e-05
-2.21564e-05
-2.2419e-05
-2.27357e-05
-2.30316e-05
-2.32754e-05
-2.34976e-05
-2.36893e-05
-2.38947e-05
-2.414e-05
-2.43563e-05
-2.44733e-05
-2.45846e-05
-2.47591e-05
-2.49514e-05
-2.50818e-05
-2.51714e-05
-2.51919e-05
-2.51654e-05
-2.28485e-05
-2.27609e-05
-2.27339e-05
-2.27221e-05
-2.26729e-05
-2.24953e-05
-2.22557e-05
-2.21108e-05
-2.20519e-05
-2.2002e-05
-2.17953e-05
-2.14274e-05
-2.10254e-05
-2.05963e-05
-2.0199e-05
-1.99147e-05
-1.98428e-05
-1.9825e-05
-1.97675e-05
-1.97274e-05
-1.969e-05
-1.96901e-05
-1.98039e-05
-2.00085e-05
-2.02532e-05
-2.04985e-05
-2.07237e-05
-2.09439e-05
-2.11537e-05
-2.14347e-05
-2.17523e-05
-2.20157e-05
-2.22065e-05
-2.23937e-05
-2.25973e-05
-2.27389e-05
-2.28015e-05
-2.28484e-05
-2.28824e-05
-2.29063e-05
-2.00317e-05
-1.99479e-05
-1.98546e-05
-1.97843e-05
-1.96891e-05
-1.95673e-05
-1.94397e-05
-1.9324e-05
-1.92313e-05
-1.91827e-05
-1.90439e-05
-1.87614e-05
-1.84147e-05
-1.80897e-05
-1.7879e-05
-1.78558e-05
-1.80072e-05
-1.81744e-05
-1.81744e-05
-1.80887e-05
-1.7985e-05
-1.78817e-05
-1.78324e-05
-1.78981e-05
-1.80355e-05
-1.82143e-05
-1.84225e-05
-1.8636e-05
-1.88459e-05
-1.91195e-05
-1.93927e-05
-1.95805e-05
-1.97382e-05
-1.98744e-05
-1.9975e-05
-1.99803e-05
-1.98993e-05
-1.98589e-05
-1.99143e-05
-2.00093e-05
-1.65936e-05
-1.65965e-05
-1.65459e-05
-1.64475e-05
-1.63631e-05
-1.62689e-05
-1.61995e-05
-1.6121e-05
-1.60805e-05
-1.60585e-05
-1.59675e-05
-1.57492e-05
-1.54465e-05
-1.52009e-05
-1.51233e-05
-1.52953e-05
-1.56382e-05
-1.59516e-05
-1.60577e-05
-1.60168e-05
-1.58867e-05
-1.57222e-05
-1.5581e-05
-1.56064e-05
-1.57724e-05
-1.59159e-05
-1.60943e-05
-1.62632e-05
-1.64446e-05
-1.66715e-05
-1.688e-05
-1.69351e-05
-1.68936e-05
-1.68244e-05
-1.67446e-05
-1.65985e-05
-1.64518e-05
-1.64059e-05
-1.64659e-05
-1.65595e-05
-1.28211e-05
-1.29397e-05
-1.3022e-05
-1.30057e-05
-1.29491e-05
-1.28234e-05
-1.26948e-05
-1.25881e-05
-1.25577e-05
-1.25505e-05
-1.2456e-05
-1.22428e-05
-1.20348e-05
-1.18773e-05
-1.18378e-05
-1.20408e-05
-1.24249e-05
-1.2779e-05
-1.29801e-05
-1.30383e-05
-1.29116e-05
-1.26859e-05
-1.25109e-05
-1.25573e-05
-1.27865e-05
-1.30716e-05
-1.33173e-05
-1.35252e-05
-1.37372e-05
-1.39836e-05
-1.41076e-05
-1.40024e-05
-1.37411e-05
-1.34486e-05
-1.32333e-05
-1.30393e-05
-1.28636e-05
-1.27681e-05
-1.27511e-05
-1.27663e-05
-9.22565e-06
-9.37963e-06
-9.50684e-06
-9.57676e-06
-9.5492e-06
-9.4013e-06
-9.21775e-06
-9.03027e-06
-8.92695e-06
-8.88365e-06
-8.76051e-06
-8.58304e-06
-8.4243e-06
-8.31183e-06
-8.31605e-06
-8.48582e-06
-8.81705e-06
-9.15315e-06
-9.3733e-06
-9.47354e-06
-9.37778e-06
-9.11766e-06
-8.93795e-06
-9.02421e-06
-9.34698e-06
-9.73497e-06
-1.00725e-05
-1.03711e-05
-1.07068e-05
-1.10393e-05
-1.1161e-05
-1.10108e-05
-1.06757e-05
-1.02797e-05
-9.97479e-06
-9.72345e-06
-9.46252e-06
-9.25794e-06
-9.17686e-06
-9.16453e-06
-5.79105e-06
-5.85923e-06
-5.92319e-06
-5.97878e-06
-5.9795e-06
-5.89078e-06
-5.7042e-06
-5.47651e-06
-5.34156e-06
-5.25864e-06
-5.11555e-06
-4.90654e-06
-4.76321e-06
-4.72435e-06
-4.81407e-06
-5.06591e-06
-5.41192e-06
-5.75175e-06
-5.90301e-06
-5.85151e-06
-5.61597e-06
-5.28896e-06
-5.0882e-06
-5.21702e-06
-5.60665e-06
-6.05145e-06
-6.47951e-06
-6.9231e-06
-7.45179e-06
-7.93718e-06
-8.12827e-06
-7.99325e-06
-7.64193e-06
-7.22658e-06
-6.88416e-06
-6.58397e-06
-6.22903e-06
-5.96029e-06
-5.85277e-06
-5.7944e-06
-2.43341e-06
-2.38599e-06
-2.34714e-06
-2.29222e-06
-2.2452e-06
-2.16713e-06
-1.96719e-06
-1.71881e-06
-1.59006e-06
-1.5329e-06
-1.41397e-06
-1.2659e-06
-1.20472e-06
-1.25266e-06
-1.46e-06
-1.7584e-06
-2.11162e-06
-2.41182e-06
-2.49907e-06
-2.36185e-06
-2.05501e-06
-1.65582e-06
-1.42524e-06
-1.51524e-06
-1.89226e-06
-2.39319e-06
-2.93464e-06
-3.53311e-06
-4.20488e-06
-4.78568e-06
-5.03587e-06
-4.91365e-06
-4.5454e-06
-4.12145e-06
-3.78051e-06
-3.43696e-06
-3.02157e-06
-2.68793e-06
-2.58228e-06
-2.51784e-06
5.9612e-07
7.34589e-07
8.78625e-07
1.02409e-06
1.1457e-06
1.32049e-06
1.61223e-06
1.93553e-06
2.09278e-06
2.15181e-06
2.25659e-06
2.3243e-06
2.26034e-06
2.11822e-06
1.86183e-06
1.52791e-06
1.16169e-06
8.39069e-07
6.87201e-07
7.50396e-07
9.79059e-07
1.31691e-06
1.54746e-06
1.5155e-06
1.20006e-06
7.20025e-07
1.79081e-07
-4.1355e-07
-1.12558e-06
-1.74901e-06
-2.03257e-06
-1.93271e-06
-1.55916e-06
-1.1239e-06
-7.64597e-07
-4.13323e-07
-6.13666e-09
2.97535e-07
3.74762e-07
4.45551e-07
3.01635e-06
3.19597e-06
3.37239e-06
3.55556e-06
3.74177e-06
4.02875e-06
4.43494e-06
4.85436e-06
5.12799e-06
5.30067e-06
5.46439e-06
5.5233e-06
5.38434e-06
5.0955e-06
4.71931e-06
4.29896e-06
3.85741e-06
3.45906e-06
3.227e-06
3.1989e-06
3.36604e-06
3.67676e-06
3.92471e-06
3.93533e-06
3.68019e-06
3.28444e-06
2.80973e-06
2.23721e-06
1.53444e-06
9.0382e-07
5.78687e-07
6.07512e-07
9.09953e-07
1.31621e-06
1.69588e-06
2.06061e-06
2.44301e-06
2.68707e-06
2.7596e-06
2.85122e-06
4.6595e-06
4.86086e-06
5.05707e-06
5.27988e-06
5.53611e-06
5.90308e-06
6.38267e-06
6.88284e-06
7.2476e-06
7.50294e-06
7.73646e-06
7.82062e-06
7.62742e-06
7.22702e-06
6.72158e-06
6.17432e-06
5.63448e-06
5.1621e-06
4.86812e-06
4.80686e-06
4.96013e-06
5.28584e-06
5.5877e-06
5.67591e-06
5.50982e-06
5.19707e-06
4.76704e-06
4.19052e-06
3.46445e-06
2.79417e-06
2.4047e-06
2.33976e-06
2.55311e-06
2.91987e-06
3.30112e-06
3.6787e-06
4.04754e-06
4.27919e-06
4.3576e-06
4.46482e-06
5.50531e-06
5.72032e-06
5.94188e-06
6.19952e-06
6.49731e-06
6.89814e-06
7.40236e-06
7.93372e-06
8.337e-06
8.61838e-06
8.84662e-06
8.91418e-06
8.68555e-06
8.23595e-06
7.67349e-06
7.07043e-06
6.47961e-06
5.9717e-06
5.66089e-06
5.60023e-06
5.7743e-06
6.12445e-06
6.44686e-06
6.56849e-06
6.44592e-06
6.16525e-06
5.7488e-06
5.16478e-06
4.42916e-06
3.74156e-06
3.3209e-06
3.21947e-06
3.39944e-06
3.74376e-06
4.1201e-06
4.48814e-06
4.85112e-06
5.08497e-06
5.17544e-06
5.29933e-06
5.7763e-06
6.00535e-06
6.24591e-06
6.52449e-06
6.84158e-06
7.26171e-06
7.78218e-06
8.31778e-06
8.71323e-06
8.98068e-06
9.19641e-06
9.24846e-06
8.99896e-06
8.52942e-06
7.95455e-06
7.34367e-06
6.74928e-06
6.24403e-06
5.94055e-06
5.89057e-06
6.07548e-06
6.43639e-06
6.77088e-06
6.90502e-06
6.79049e-06
6.51184e-06
6.08514e-06
5.48939e-06
4.74784e-06
4.05771e-06
3.63107e-06
3.5242e-06
3.69483e-06
4.03058e-06
4.39824e-06
4.76423e-06
5.12758e-06
5.35999e-06
5.44753e-06
5.56761e-06
-1.54942e-05
-1.54251e-05
-1.53768e-05
-1.53348e-05
-1.52878e-05
-1.52229e-05
-1.51546e-05
-1.50851e-05
-1.50347e-05
-1.50087e-05
-1.50057e-05
-1.50343e-05
-1.50746e-05
-1.51346e-05
-1.51993e-05
-1.52652e-05
-1.53184e-05
-1.53619e-05
-1.53859e-05
-1.53867e-05
-1.53654e-05
-1.53443e-05
-1.53369e-05
-1.53452e-05
-1.53717e-05
-1.54161e-05
-1.54508e-05
-1.54924e-05
-1.55491e-05
-1.55891e-05
-1.56148e-05
-1.56459e-05
-1.5679e-05
-1.56932e-05
-1.56957e-05
-1.56855e-05
-1.56717e-05
-1.56414e-05
-1.56012e-05
-1.55509e-05
-1.72857e-05
-1.72158e-05
-1.71212e-05
-1.7026e-05
-1.69272e-05
-1.68267e-05
-1.67276e-05
-1.66333e-05
-1.65678e-05
-1.65243e-05
-1.65207e-05
-1.65419e-05
-1.65969e-05
-1.66983e-05
-1.68155e-05
-1.6922e-05
-1.69954e-05
-1.70324e-05
-1.70253e-05
-1.6973e-05
-1.69247e-05
-1.68856e-05
-1.68872e-05
-1.69e-05
-1.69291e-05
-1.69774e-05
-1.70278e-05
-1.70732e-05
-1.71246e-05
-1.71681e-05
-1.71959e-05
-1.72184e-05
-1.72467e-05
-1.72802e-05
-1.73032e-05
-1.73178e-05
-1.73251e-05
-1.73348e-05
-1.73291e-05
-1.73224e-05
-1.96295e-05
-1.95069e-05
-1.93895e-05
-1.92493e-05
-1.90843e-05
-1.89097e-05
-1.87483e-05
-1.86145e-05
-1.84978e-05
-1.84222e-05
-1.83723e-05
-1.83698e-05
-1.84147e-05
-1.85182e-05
-1.86447e-05
-1.87691e-05
-1.88565e-05
-1.88937e-05
-1.88873e-05
-1.88573e-05
-1.88384e-05
-1.88884e-05
-1.89938e-05
-1.91378e-05
-1.92854e-05
-1.94109e-05
-1.95216e-05
-1.96236e-05
-1.97368e-05
-1.98501e-05
-1.99475e-05
-2.00221e-05
-2.00811e-05
-2.01069e-05
-2.01013e-05
-2.00612e-05
-1.9994e-05
-1.99284e-05
-1.98447e-05
-1.97472e-05
-2.18938e-05
-2.1714e-05
-2.15304e-05
-2.13556e-05
-2.12063e-05
-2.11037e-05
-2.10281e-05
-2.09814e-05
-2.09781e-05
-2.09906e-05
-2.10401e-05
-2.11396e-05
-2.12656e-05
-2.1397e-05
-2.15131e-05
-2.15783e-05
-2.16254e-05
-2.16286e-05
-2.16066e-05
-2.15814e-05
-2.15836e-05
-2.16513e-05
-2.17607e-05
-2.1858e-05
-2.19305e-05
-2.19706e-05
-2.20006e-05
-2.20367e-05
-2.21028e-05
-2.2175e-05
-2.22334e-05
-2.23149e-05
-2.24215e-05
-2.251e-05
-2.25561e-05
-2.25515e-05
-2.24739e-05
-2.23437e-05
-2.22064e-05
-2.2066e-05
-2.5838e-05
-2.55865e-05
-2.53526e-05
-2.51434e-05
-2.49693e-05
-2.48246e-05
-2.47223e-05
-2.466e-05
-2.46262e-05
-2.46048e-05
-2.45961e-05
-2.46524e-05
-2.4782e-05
-2.49446e-05
-2.50831e-05
-2.51677e-05
-2.5202e-05
-2.51978e-05
-2.51738e-05
-2.51667e-05
-2.52183e-05
-2.53293e-05
-2.54452e-05
-2.5534e-05
-2.55948e-05
-2.56225e-05
-2.56528e-05
-2.57334e-05
-2.58322e-05
-2.59143e-05
-2.60005e-05
-2.61119e-05
-2.62318e-05
-2.63528e-05
-2.64296e-05
-2.64427e-05
-2.64031e-05
-2.63359e-05
-2.62186e-05
-2.60518e-05
-2.92923e-05
-2.90085e-05
-2.87654e-05
-2.85961e-05
-2.84765e-05
-2.83748e-05
-2.82799e-05
-2.82038e-05
-2.81925e-05
-2.82427e-05
-2.83491e-05
-2.85219e-05
-2.87524e-05
-2.89822e-05
-2.91795e-05
-2.93535e-05
-2.95035e-05
-2.96335e-05
-2.9747e-05
-2.98799e-05
-3.0061e-05
-3.02533e-05
-3.03908e-05
-3.04498e-05
-3.04808e-05
-3.04849e-05
-3.04416e-05
-3.04139e-05
-3.04143e-05
-3.03808e-05
-3.0306e-05
-3.0233e-05
-3.01691e-05
-3.01013e-05
-3.00257e-05
-2.99786e-05
-2.99546e-05
-2.98807e-05
-2.97449e-05
-2.95457e-05
-2.98425e-05
-2.95563e-05
-2.94441e-05
-2.94599e-05
-2.95222e-05
-2.96079e-05
-2.96715e-05
-2.97256e-05
-2.98356e-05
-3.00148e-05
-3.03002e-05
-3.07127e-05
-3.12087e-05
-3.16344e-05
-3.19548e-05
-3.22004e-05
-3.23873e-05
-3.24847e-05
-3.25066e-05
-3.25131e-05
-3.25148e-05
-3.25147e-05
-3.2472e-05
-3.24103e-05
-3.23801e-05
-3.24148e-05
-3.25037e-05
-3.25572e-05
-3.25489e-05
-3.24812e-05
-3.23617e-05
-3.21716e-05
-3.19475e-05
-3.16954e-05
-3.14507e-05
-3.1248e-05
-3.10531e-05
-3.07983e-05
-3.04967e-05
-3.01925e-05
-2.97232e-05
-2.94781e-05
-2.94076e-05
-2.94921e-05
-2.96667e-05
-2.98551e-05
-2.99995e-05
-3.00952e-05
-3.02161e-05
-3.04038e-05
-3.07031e-05
-3.11234e-05
-3.15791e-05
-3.19712e-05
-3.22495e-05
-3.24123e-05
-3.25029e-05
-3.25086e-05
-3.24613e-05
-3.24342e-05
-3.24345e-05
-3.24555e-05
-3.24136e-05
-3.23085e-05
-3.21829e-05
-3.20667e-05
-3.19823e-05
-3.19657e-05
-3.19723e-05
-3.19522e-05
-3.18969e-05
-3.17448e-05
-3.15095e-05
-3.1246e-05
-3.10177e-05
-3.09033e-05
-3.0803e-05
-3.06382e-05
-3.04032e-05
-3.00782e-05
-2.96481e-05
-2.94037e-05
-2.93041e-05
-2.93197e-05
-2.9352e-05
-2.93478e-05
-2.93066e-05
-2.92983e-05
-2.93864e-05
-2.95662e-05
-2.98313e-05
-3.02331e-05
-3.0622e-05
-3.09347e-05
-3.1161e-05
-3.13721e-05
-3.15913e-05
-3.17559e-05
-3.18104e-05
-3.17613e-05
-3.16794e-05
-3.16164e-05
-3.1555e-05
-3.14807e-05
-3.14319e-05
-3.13798e-05
-3.13449e-05
-3.13296e-05
-3.13411e-05
-3.13807e-05
-3.13912e-05
-3.13503e-05
-3.12463e-05
-3.1064e-05
-3.08883e-05
-3.07384e-05
-3.06095e-05
-3.04432e-05
-3.02436e-05
-2.9973e-05
-2.96618e-05
-2.93486e-05
-2.92082e-05
-2.91458e-05
-2.9102e-05
-2.90623e-05
-2.90056e-05
-2.89953e-05
-2.90896e-05
-2.92832e-05
-2.95417e-05
-2.98601e-05
-3.02222e-05
-3.04984e-05
-3.06919e-05
-3.09356e-05
-3.12427e-05
-3.14852e-05
-3.15497e-05
-3.1513e-05
-3.14833e-05
-3.1426e-05
-3.13637e-05
-3.13767e-05
-3.15123e-05
-3.16388e-05
-3.16859e-05
-3.16912e-05
-3.173e-05
-3.17163e-05
-3.16732e-05
-3.1596e-05
-3.15194e-05
-3.13661e-05
-3.11974e-05
-3.10188e-05
-3.08051e-05
-3.0588e-05
-3.0353e-05
-3.00379e-05
-2.94833e-05
-2.92641e-05
-2.91165e-05
-2.90138e-05
-2.88925e-05
-2.87352e-05
-2.8527e-05
-2.8359e-05
-2.83528e-05
-2.84311e-05
-2.85693e-05
-2.87241e-05
-2.8875e-05
-2.8969e-05
-2.91057e-05
-2.94284e-05
-2.98301e-05
-3.02147e-05
-3.04909e-05
-3.0683e-05
-3.08259e-05
-3.08605e-05
-3.08373e-05
-3.09059e-05
-3.1087e-05
-3.13078e-05
-3.14993e-05
-3.16024e-05
-3.16704e-05
-3.16883e-05
-3.16244e-05
-3.14839e-05
-3.13177e-05
-3.11369e-05
-3.08901e-05
-3.06158e-05
-3.03558e-05
-3.01644e-05
-2.99843e-05
-2.97499e-05
-2.93783e-05
-2.9175e-05
-2.88713e-05
-2.85139e-05
-2.81813e-05
-2.78611e-05
-2.75413e-05
-2.73663e-05
-2.74215e-05
-2.75713e-05
-2.77042e-05
-2.7775e-05
-2.7727e-05
-2.75973e-05
-2.75266e-05
-2.76832e-05
-2.80377e-05
-2.84721e-05
-2.89089e-05
-2.92495e-05
-2.94385e-05
-2.94342e-05
-2.94378e-05
-2.95252e-05
-2.96922e-05
-2.98858e-05
-3.00627e-05
-3.02592e-05
-3.04489e-05
-3.05561e-05
-3.05625e-05
-3.05075e-05
-3.04552e-05
-3.03588e-05
-3.01557e-05
-2.9884e-05
-2.96332e-05
-2.95217e-05
-2.95143e-05
-2.94814e-05
-2.81594e-05
-2.79641e-05
-2.76667e-05
-2.7328e-05
-2.70095e-05
-2.67603e-05
-2.65781e-05
-2.65849e-05
-2.67719e-05
-2.7e-05
-2.70742e-05
-2.69714e-05
-2.66832e-05
-2.62615e-05
-2.58981e-05
-2.57622e-05
-2.57852e-05
-2.59754e-05
-2.62084e-05
-2.64328e-05
-2.65293e-05
-2.65678e-05
-2.66533e-05
-2.6869e-05
-2.70906e-05
-2.72656e-05
-2.73958e-05
-2.7554e-05
-2.77463e-05
-2.79536e-05
-2.81297e-05
-2.82903e-05
-2.84257e-05
-2.84195e-05
-2.83106e-05
-2.8158e-05
-2.80483e-05
-2.80664e-05
-2.81572e-05
-2.82056e-05
-2.62067e-05
-2.60756e-05
-2.58721e-05
-2.56821e-05
-2.5571e-05
-2.55012e-05
-2.54384e-05
-2.54432e-05
-2.55413e-05
-2.55809e-05
-2.54675e-05
-2.52353e-05
-2.48649e-05
-2.44074e-05
-2.40279e-05
-2.3775e-05
-2.3663e-05
-2.36794e-05
-2.37126e-05
-2.36848e-05
-2.3579e-05
-2.34775e-05
-2.34732e-05
-2.36709e-05
-2.39259e-05
-2.41076e-05
-2.4168e-05
-2.42585e-05
-2.44967e-05
-2.48016e-05
-2.51206e-05
-2.54414e-05
-2.57335e-05
-2.5859e-05
-2.58105e-05
-2.57348e-05
-2.57509e-05
-2.58992e-05
-2.60991e-05
-2.62101e-05
-2.36795e-05
-2.34567e-05
-2.3255e-05
-2.31024e-05
-2.30151e-05
-2.29953e-05
-2.29863e-05
-2.30163e-05
-2.30678e-05
-2.30592e-05
-2.29462e-05
-2.27088e-05
-2.24405e-05
-2.22106e-05
-2.20099e-05
-2.18789e-05
-2.18337e-05
-2.17847e-05
-2.16697e-05
-2.13639e-05
-2.10253e-05
-2.07129e-05
-2.05064e-05
-2.05107e-05
-2.06531e-05
-2.07921e-05
-2.08425e-05
-2.09678e-05
-2.1253e-05
-2.16694e-05
-2.21405e-05
-2.25837e-05
-2.29775e-05
-2.32232e-05
-2.32595e-05
-2.32922e-05
-2.34239e-05
-2.36398e-05
-2.38326e-05
-2.383e-05
-2.01584e-05
-1.98786e-05
-1.96829e-05
-1.95499e-05
-1.94282e-05
-1.93516e-05
-1.93763e-05
-1.94578e-05
-1.95066e-05
-1.94893e-05
-1.93808e-05
-1.92547e-05
-1.91788e-05
-1.91304e-05
-1.90579e-05
-1.89951e-05
-1.89886e-05
-1.89833e-05
-1.89115e-05
-1.87246e-05
-1.8447e-05
-1.81323e-05
-1.79198e-05
-1.78859e-05
-1.79405e-05
-1.79817e-05
-1.79394e-05
-1.79428e-05
-1.81058e-05
-1.84734e-05
-1.8977e-05
-1.95078e-05
-1.99491e-05
-2.02223e-05
-2.02681e-05
-2.02618e-05
-2.0359e-05
-2.05172e-05
-2.05829e-05
-2.04318e-05
-1.61752e-05
-1.59724e-05
-1.59076e-05
-1.58488e-05
-1.56674e-05
-1.55136e-05
-1.54922e-05
-1.5484e-05
-1.54152e-05
-1.53403e-05
-1.52872e-05
-1.53133e-05
-1.54609e-05
-1.56085e-05
-1.56256e-05
-1.56341e-05
-1.56995e-05
-1.58322e-05
-1.60117e-05
-1.61279e-05
-1.60533e-05
-1.57955e-05
-1.55745e-05
-1.55293e-05
-1.56174e-05
-1.57031e-05
-1.56108e-05
-1.54314e-05
-1.54104e-05
-1.56591e-05
-1.61288e-05
-1.6616e-05
-1.69738e-05
-1.70616e-05
-1.70159e-05
-1.6953e-05
-1.69758e-05
-1.69851e-05
-1.68483e-05
-1.65318e-05
-1.18996e-05
-1.18228e-05
-1.18999e-05
-1.1919e-05
-1.18294e-05
-1.17665e-05
-1.17673e-05
-1.17226e-05
-1.1592e-05
-1.14681e-05
-1.14319e-05
-1.15755e-05
-1.18982e-05
-1.22321e-05
-1.24453e-05
-1.26817e-05
-1.29725e-05
-1.33429e-05
-1.37182e-05
-1.39723e-05
-1.39413e-05
-1.36392e-05
-1.33357e-05
-1.3231e-05
-1.33232e-05
-1.34461e-05
-1.34467e-05
-1.33038e-05
-1.32098e-05
-1.33728e-05
-1.37258e-05
-1.40666e-05
-1.42443e-05
-1.41261e-05
-1.38634e-05
-1.35921e-05
-1.33437e-05
-1.30465e-05
-1.26754e-05
-1.22483e-05
-7.56091e-06
-7.53035e-06
-7.6747e-06
-7.80225e-06
-7.89657e-06
-8.04208e-06
-8.17342e-06
-8.21477e-06
-8.10269e-06
-7.91113e-06
-7.8379e-06
-8.01365e-06
-8.37062e-06
-8.78006e-06
-9.15879e-06
-9.61755e-06
-1.01911e-05
-1.07801e-05
-1.12739e-05
-1.1581e-05
-1.1599e-05
-1.13657e-05
-1.1026e-05
-1.08009e-05
-1.07892e-05
-1.0866e-05
-1.08804e-05
-1.08818e-05
-1.09157e-05
-1.10738e-05
-1.13051e-05
-1.14678e-05
-1.14128e-05
-1.10383e-05
-1.05492e-05
-1.00529e-05
-9.52738e-06
-8.94941e-06
-8.3653e-06
-7.86312e-06
-3.55202e-06
-3.49296e-06
-3.61503e-06
-3.79176e-06
-3.9865e-06
-4.2461e-06
-4.47239e-06
-4.5326e-06
-4.48888e-06
-4.42315e-06
-4.42984e-06
-4.63274e-06
-4.96591e-06
-5.32812e-06
-5.77307e-06
-6.39956e-06
-7.16975e-06
-7.87957e-06
-8.38816e-06
-8.66635e-06
-8.72349e-06
-8.57798e-06
-8.33378e-06
-8.17941e-06
-8.14516e-06
-8.15843e-06
-8.16618e-06
-8.23378e-06
-8.34104e-06
-8.49604e-06
-8.63752e-06
-8.65149e-06
-8.41652e-06
-7.87894e-06
-7.2181e-06
-6.51752e-06
-5.78376e-06
-5.04372e-06
-4.36847e-06
-3.85291e-06
4.76725e-08
1.46927e-07
7.09425e-08
-1.08071e-07
-3.43463e-07
-6.48576e-07
-9.05616e-07
-1.02515e-06
-1.07802e-06
-1.14257e-06
-1.30532e-06
-1.61826e-06
-1.91768e-06
-2.2192e-06
-2.66443e-06
-3.39206e-06
-4.28934e-06
-5.07698e-06
-5.60982e-06
-5.87563e-06
-5.89446e-06
-5.74026e-06
-5.53798e-06
-5.47233e-06
-5.51474e-06
-5.54123e-06
-5.54014e-06
-5.6049e-06
-5.71655e-06
-5.87794e-06
-5.98609e-06
-5.89037e-06
-5.5076e-06
-4.83324e-06
-4.01394e-06
-3.1575e-06
-2.28286e-06
-1.44498e-06
-7.46793e-07
-2.53899e-07
2.83485e-06
2.95159e-06
2.90752e-06
2.70742e-06
2.39584e-06
2.02157e-06
1.69101e-06
1.50375e-06
1.40076e-06
1.27778e-06
1.03419e-06
6.4713e-07
3.35611e-07
7.51626e-08
-3.28424e-07
-1.0356e-06
-1.92641e-06
-2.73288e-06
-3.2733e-06
-3.49063e-06
-3.41262e-06
-3.16459e-06
-2.92197e-06
-2.90396e-06
-3.03868e-06
-3.129e-06
-3.1316e-06
-3.15597e-06
-3.26716e-06
-3.43901e-06
-3.5302e-06
-3.40106e-06
-2.98288e-06
-2.26489e-06
-1.37452e-06
-4.26219e-07
5.11745e-07
1.38303e-06
2.09277e-06
2.55921e-06
4.48569e-06
4.61949e-06
4.59105e-06
4.3791e-06
4.0452e-06
3.64227e-06
3.26954e-06
3.03395e-06
2.87061e-06
2.68591e-06
2.40274e-06
2.02034e-06
1.72634e-06
1.50483e-06
1.14792e-06
4.94606e-07
-3.31232e-07
-1.08298e-06
-1.58163e-06
-1.758e-06
-1.61877e-06
-1.30503e-06
-1.02742e-06
-1.00056e-06
-1.13374e-06
-1.25146e-06
-1.26842e-06
-1.29145e-06
-1.3916e-06
-1.57544e-06
-1.69611e-06
-1.60771e-06
-1.24443e-06
-5.76929e-07
2.99544e-07
1.25105e-06
2.19322e-06
3.07158e-06
3.77488e-06
4.21919e-06
5.20795e-06
5.33487e-06
5.29628e-06
5.08367e-06
4.74984e-06
4.34585e-06
3.97122e-06
3.72064e-06
3.53095e-06
3.3229e-06
3.03692e-06
2.67151e-06
2.41408e-06
2.21526e-06
1.87062e-06
1.24418e-06
4.54724e-07
-2.60356e-07
-7.3837e-07
-8.9206e-07
-7.23518e-07
-3.89754e-07
-1.03223e-07
-5.59193e-08
-1.70645e-07
-2.74378e-07
-2.89518e-07
-2.94069e-07
-3.8634e-07
-5.81464e-07
-7.36619e-07
-7.00917e-07
-3.95006e-07
2.23395e-07
1.06063e-06
1.99043e-06
2.92903e-06
3.80374e-06
4.49843e-06
4.93926e-06
5.44486e-06
5.55914e-06
5.5139e-06
5.30048e-06
4.96715e-06
4.56044e-06
4.18164e-06
3.92737e-06
3.73553e-06
3.5265e-06
3.23985e-06
2.88059e-06
2.62482e-06
2.42674e-06
2.08656e-06
1.4612e-06
6.75549e-07
-3.59795e-08
-5.04799e-07
-6.45287e-07
-4.66273e-07
-1.26863e-07
1.66945e-07
2.19028e-07
1.12148e-07
1.44377e-08
1.20853e-08
1.77196e-08
-6.7923e-08
-2.62868e-07
-4.20213e-07
-3.91194e-07
-9.615e-08
5.08812e-07
1.33381e-06
2.25212e-06
3.17973e-06
4.0482e-06
4.74279e-06
5.1833e-06
-1.54073e-05
-1.53792e-05
-1.53616e-05
-1.53604e-05
-1.53482e-05
-1.53158e-05
-1.52688e-05
-1.52206e-05
-1.51813e-05
-1.51742e-05
-1.5196e-05
-1.52353e-05
-1.52866e-05
-1.53451e-05
-1.53955e-05
-1.5436e-05
-1.54711e-05
-1.54871e-05
-1.54804e-05
-1.54484e-05
-1.54048e-05
-1.53565e-05
-1.53235e-05
-1.53271e-05
-1.53437e-05
-1.5355e-05
-1.53772e-05
-1.54086e-05
-1.54534e-05
-1.54905e-05
-1.55074e-05
-1.55218e-05
-1.55412e-05
-1.55517e-05
-1.55607e-05
-1.55536e-05
-1.55345e-05
-1.55033e-05
-1.54688e-05
-1.54394e-05
-1.64822e-05
-1.64674e-05
-1.64412e-05
-1.64042e-05
-1.63363e-05
-1.62525e-05
-1.617e-05
-1.60925e-05
-1.60279e-05
-1.59855e-05
-1.59905e-05
-1.60179e-05
-1.60675e-05
-1.6145e-05
-1.62277e-05
-1.62928e-05
-1.63212e-05
-1.63078e-05
-1.62526e-05
-1.61795e-05
-1.61152e-05
-1.60867e-05
-1.61026e-05
-1.61532e-05
-1.622e-05
-1.6292e-05
-1.63601e-05
-1.64183e-05
-1.64648e-05
-1.64905e-05
-1.65099e-05
-1.65191e-05
-1.65276e-05
-1.6532e-05
-1.65284e-05
-1.65089e-05
-1.64906e-05
-1.64645e-05
-1.64656e-05
-1.64783e-05
-1.88522e-05
-1.872e-05
-1.85728e-05
-1.84269e-05
-1.8272e-05
-1.81191e-05
-1.79727e-05
-1.78229e-05
-1.76853e-05
-1.7572e-05
-1.75067e-05
-1.74943e-05
-1.75521e-05
-1.76795e-05
-1.78369e-05
-1.79872e-05
-1.81045e-05
-1.81714e-05
-1.8205e-05
-1.82088e-05
-1.82299e-05
-1.83281e-05
-1.84967e-05
-1.87137e-05
-1.89373e-05
-1.91308e-05
-1.92859e-05
-1.94004e-05
-1.94961e-05
-1.95628e-05
-1.958e-05
-1.95893e-05
-1.96064e-05
-1.95926e-05
-1.95481e-05
-1.94719e-05
-1.93653e-05
-1.92436e-05
-1.91089e-05
-1.89819e-05
-2.2157e-05
-2.20782e-05
-2.19931e-05
-2.19133e-05
-2.18167e-05
-2.17228e-05
-2.16475e-05
-2.16031e-05
-2.1607e-05
-2.16612e-05
-2.17327e-05
-2.18263e-05
-2.19703e-05
-2.21787e-05
-2.23838e-05
-2.25417e-05
-2.26516e-05
-2.2719e-05
-2.27689e-05
-2.28096e-05
-2.2855e-05
-2.29499e-05
-2.30666e-05
-2.31766e-05
-2.32605e-05
-2.33007e-05
-2.32742e-05
-2.3209e-05
-2.3139e-05
-2.30736e-05
-2.30093e-05
-2.2952e-05
-2.29083e-05
-2.28482e-05
-2.27901e-05
-2.2718e-05
-2.26073e-05
-2.24695e-05
-2.23488e-05
-2.22373e-05
-2.6341e-05
-2.6174e-05
-2.60123e-05
-2.58768e-05
-2.57691e-05
-2.56699e-05
-2.55755e-05
-2.55015e-05
-2.54775e-05
-2.55186e-05
-2.56473e-05
-2.58695e-05
-2.61913e-05
-2.65474e-05
-2.68452e-05
-2.70984e-05
-2.72826e-05
-2.73883e-05
-2.74387e-05
-2.74777e-05
-2.75334e-05
-2.75736e-05
-2.75796e-05
-2.75439e-05
-2.74485e-05
-2.72998e-05
-2.71391e-05
-2.70065e-05
-2.69138e-05
-2.68598e-05
-2.68357e-05
-2.68194e-05
-2.67865e-05
-2.6746e-05
-2.67095e-05
-2.66742e-05
-2.6625e-05
-2.6593e-05
-2.65563e-05
-2.64728e-05
-2.98097e-05
-2.95539e-05
-2.93364e-05
-2.91668e-05
-2.90272e-05
-2.88973e-05
-2.88146e-05
-2.88177e-05
-2.88633e-05
-2.89761e-05
-2.92031e-05
-2.95565e-05
-3.00072e-05
-3.04532e-05
-3.08385e-05
-3.11796e-05
-3.14244e-05
-3.15291e-05
-3.15335e-05
-3.14996e-05
-3.14562e-05
-3.13822e-05
-3.12743e-05
-3.11224e-05
-3.09437e-05
-3.07789e-05
-3.06349e-05
-3.05526e-05
-3.05032e-05
-3.04975e-05
-3.04928e-05
-3.04455e-05
-3.03367e-05
-3.02228e-05
-3.01436e-05
-3.01172e-05
-3.01631e-05
-3.02123e-05
-3.01858e-05
-3.00418e-05
-3.0963e-05
-3.0795e-05
-3.07273e-05
-3.06921e-05
-3.07038e-05
-3.07751e-05
-3.08731e-05
-3.099e-05
-3.11711e-05
-3.14634e-05
-3.19155e-05
-3.25136e-05
-3.31196e-05
-3.36267e-05
-3.40497e-05
-3.44066e-05
-3.46234e-05
-3.46545e-05
-3.4511e-05
-3.42796e-05
-3.39806e-05
-3.36678e-05
-3.33812e-05
-3.31083e-05
-3.28764e-05
-3.27083e-05
-3.25532e-05
-3.24085e-05
-3.22663e-05
-3.21328e-05
-3.19803e-05
-3.18163e-05
-3.16608e-05
-3.15377e-05
-3.1473e-05
-3.14685e-05
-3.14938e-05
-3.14902e-05
-3.14081e-05
-3.12099e-05
-3.27733e-05
-3.25794e-05
-3.24597e-05
-3.2408e-05
-3.24101e-05
-3.2503e-05
-3.26209e-05
-3.27769e-05
-3.30358e-05
-3.34165e-05
-3.39316e-05
-3.44918e-05
-3.50225e-05
-3.54898e-05
-3.59202e-05
-3.61955e-05
-3.62412e-05
-3.60936e-05
-3.58052e-05
-3.54239e-05
-3.49846e-05
-3.45808e-05
-3.42376e-05
-3.39551e-05
-3.37223e-05
-3.35622e-05
-3.3415e-05
-3.32754e-05
-3.31526e-05
-3.30822e-05
-3.3036e-05
-3.29794e-05
-3.29375e-05
-3.29807e-05
-3.31183e-05
-3.33192e-05
-3.34601e-05
-3.34552e-05
-3.33112e-05
-3.30463e-05
-3.37995e-05
-3.36272e-05
-3.34808e-05
-3.33481e-05
-3.32716e-05
-3.32435e-05
-3.32532e-05
-3.33739e-05
-3.36552e-05
-3.41165e-05
-3.46821e-05
-3.52844e-05
-3.57778e-05
-3.61323e-05
-3.63499e-05
-3.6439e-05
-3.63845e-05
-3.62166e-05
-3.59718e-05
-3.56864e-05
-3.5391e-05
-3.50965e-05
-3.4857e-05
-3.46673e-05
-3.44993e-05
-3.43523e-05
-3.42042e-05
-3.40839e-05
-3.40397e-05
-3.40772e-05
-3.41707e-05
-3.42842e-05
-3.44104e-05
-3.46093e-05
-3.48062e-05
-3.49159e-05
-3.48111e-05
-3.45449e-05
-3.42452e-05
-3.39903e-05
-3.31014e-05
-3.28507e-05
-3.26685e-05
-3.25611e-05
-3.25297e-05
-3.25418e-05
-3.2547e-05
-3.26588e-05
-3.30062e-05
-3.35646e-05
-3.42045e-05
-3.4818e-05
-3.52737e-05
-3.55992e-05
-3.5905e-05
-3.61252e-05
-3.61425e-05
-3.60285e-05
-3.58755e-05
-3.56938e-05
-3.54878e-05
-3.52745e-05
-3.51204e-05
-3.5063e-05
-3.50714e-05
-3.50415e-05
-3.49406e-05
-3.48016e-05
-3.46422e-05
-3.45139e-05
-3.43976e-05
-3.42871e-05
-3.41995e-05
-3.41746e-05
-3.42421e-05
-3.42298e-05
-3.40927e-05
-3.38613e-05
-3.36098e-05
-3.33665e-05
-3.26514e-05
-3.22268e-05
-3.19514e-05
-3.18576e-05
-3.18179e-05
-3.17157e-05
-3.15115e-05
-3.13728e-05
-3.14833e-05
-3.18412e-05
-3.23073e-05
-3.28061e-05
-3.32109e-05
-3.35812e-05
-3.40197e-05
-3.44312e-05
-3.46856e-05
-3.47558e-05
-3.48136e-05
-3.48559e-05
-3.47668e-05
-3.45461e-05
-3.43295e-05
-3.41545e-05
-3.40259e-05
-3.3924e-05
-3.38641e-05
-3.38059e-05
-3.37494e-05
-3.36978e-05
-3.3666e-05
-3.35847e-05
-3.35303e-05
-3.35816e-05
-3.37013e-05
-3.37602e-05
-3.36867e-05
-3.35237e-05
-3.33019e-05
-3.30322e-05
-3.23919e-05
-3.18941e-05
-3.15249e-05
-3.12989e-05
-3.11545e-05
-3.09614e-05
-3.06162e-05
-3.0338e-05
-3.03309e-05
-3.06047e-05
-3.09524e-05
-3.12758e-05
-3.15539e-05
-3.18026e-05
-3.21513e-05
-3.25512e-05
-3.29038e-05
-3.31324e-05
-3.32887e-05
-3.33682e-05
-3.33382e-05
-3.32219e-05
-3.30484e-05
-3.28266e-05
-3.25718e-05
-3.23725e-05
-3.23654e-05
-3.2578e-05
-3.28232e-05
-3.3078e-05
-3.32913e-05
-3.34531e-05
-3.36591e-05
-3.39502e-05
-3.41833e-05
-3.42349e-05
-3.40425e-05
-3.37398e-05
-3.34177e-05
-3.29537e-05
-3.11825e-05
-3.06494e-05
-3.02862e-05
-2.99847e-05
-2.97438e-05
-2.95511e-05
-2.93811e-05
-2.93656e-05
-2.96373e-05
-3.0099e-05
-3.05652e-05
-3.08628e-05
-3.09213e-05
-3.09995e-05
-3.11728e-05
-3.13502e-05
-3.14205e-05
-3.14946e-05
-3.16865e-05
-3.1919e-05
-3.20841e-05
-3.22002e-05
-3.2216e-05
-3.20421e-05
-3.17825e-05
-3.15443e-05
-3.15083e-05
-3.16823e-05
-3.20502e-05
-3.24829e-05
-3.28471e-05
-3.31501e-05
-3.34951e-05
-3.3861e-05
-3.40445e-05
-3.38953e-05
-3.34431e-05
-3.28899e-05
-3.23517e-05
-3.18005e-05
-3.02795e-05
-2.98778e-05
-2.96048e-05
-2.93577e-05
-2.91416e-05
-2.89945e-05
-2.90404e-05
-2.92796e-05
-2.962e-05
-2.99831e-05
-3.0138e-05
-3.01073e-05
-3.00389e-05
-3.00353e-05
-3.00639e-05
-2.99658e-05
-2.9795e-05
-2.97383e-05
-2.99651e-05
-3.02669e-05
-3.03965e-05
-3.0456e-05
-3.0457e-05
-3.04296e-05
-3.03122e-05
-3.02075e-05
-3.02488e-05
-3.0507e-05
-3.10212e-05
-3.17118e-05
-3.22867e-05
-3.26663e-05
-3.30338e-05
-3.32307e-05
-3.31276e-05
-3.27771e-05
-3.227e-05
-3.17041e-05
-3.11533e-05
-3.07091e-05
-2.9701e-05
-2.95041e-05
-2.93858e-05
-2.92248e-05
-2.90101e-05
-2.8785e-05
-2.87082e-05
-2.8857e-05
-2.89536e-05
-2.88823e-05
-2.86586e-05
-2.83716e-05
-2.81882e-05
-2.80888e-05
-2.8085e-05
-2.7965e-05
-2.77794e-05
-2.78092e-05
-2.80429e-05
-2.81746e-05
-2.8125e-05
-2.79119e-05
-2.77702e-05
-2.78504e-05
-2.79689e-05
-2.80201e-05
-2.81231e-05
-2.84048e-05
-2.90632e-05
-2.9934e-05
-3.07432e-05
-3.12837e-05
-3.16246e-05
-3.17394e-05
-3.1555e-05
-3.12181e-05
-3.08809e-05
-3.05512e-05
-3.02623e-05
-2.99873e-05
-2.73814e-05
-2.74704e-05
-2.76508e-05
-2.76407e-05
-2.73805e-05
-2.70516e-05
-2.6744e-05
-2.65363e-05
-2.63619e-05
-2.60617e-05
-2.56898e-05
-2.53541e-05
-2.50975e-05
-2.48413e-05
-2.46396e-05
-2.44637e-05
-2.43576e-05
-2.4478e-05
-2.47428e-05
-2.49373e-05
-2.48979e-05
-2.46478e-05
-2.45029e-05
-2.46347e-05
-2.48312e-05
-2.49221e-05
-2.4986e-05
-2.52931e-05
-2.59522e-05
-2.6732e-05
-2.75572e-05
-2.82627e-05
-2.86284e-05
-2.8642e-05
-2.8387e-05
-2.80314e-05
-2.77515e-05
-2.7565e-05
-2.74611e-05
-2.73894e-05
-2.3227e-05
-2.36097e-05
-2.40014e-05
-2.40949e-05
-2.38038e-05
-2.32554e-05
-2.26801e-05
-2.21931e-05
-2.18228e-05
-2.15095e-05
-2.12664e-05
-2.11266e-05
-2.09784e-05
-2.06441e-05
-2.01732e-05
-1.97665e-05
-1.95985e-05
-1.97663e-05
-2.01501e-05
-2.05945e-05
-2.09029e-05
-2.09983e-05
-2.11416e-05
-2.13936e-05
-2.17333e-05
-2.19e-05
-2.19744e-05
-2.21586e-05
-2.25552e-05
-2.30216e-05
-2.35339e-05
-2.40365e-05
-2.43363e-05
-2.42425e-05
-2.38333e-05
-2.34027e-05
-2.31204e-05
-2.29629e-05
-2.29008e-05
-2.30092e-05
-1.83069e-05
-1.884e-05
-1.93309e-05
-1.9431e-05
-1.90461e-05
-1.8366e-05
-1.76408e-05
-1.70285e-05
-1.65473e-05
-1.6221e-05
-1.61357e-05
-1.62693e-05
-1.63922e-05
-1.62561e-05
-1.5782e-05
-1.52678e-05
-1.50425e-05
-1.51618e-05
-1.55587e-05
-1.60541e-05
-1.6514e-05
-1.6925e-05
-1.73874e-05
-1.78869e-05
-1.82762e-05
-1.84129e-05
-1.84539e-05
-1.86542e-05
-1.89967e-05
-1.92649e-05
-1.95327e-05
-1.98895e-05
-2.00442e-05
-1.97798e-05
-1.91741e-05
-1.85538e-05
-1.81274e-05
-1.78901e-05
-1.78059e-05
-1.79245e-05
-1.34274e-05
-1.39312e-05
-1.43474e-05
-1.44083e-05
-1.40507e-05
-1.34302e-05
-1.27535e-05
-1.21703e-05
-1.16347e-05
-1.12722e-05
-1.12122e-05
-1.14454e-05
-1.16903e-05
-1.16678e-05
-1.1349e-05
-1.09487e-05
-1.08613e-05
-1.11165e-05
-1.15376e-05
-1.19762e-05
-1.23033e-05
-1.2635e-05
-1.30768e-05
-1.36146e-05
-1.40031e-05
-1.41288e-05
-1.41956e-05
-1.44096e-05
-1.47278e-05
-1.49293e-05
-1.51453e-05
-1.54802e-05
-1.55964e-05
-1.52664e-05
-1.4641e-05
-1.40291e-05
-1.35915e-05
-1.33223e-05
-1.31327e-05
-1.31216e-05
-9.0591e-06
-9.50846e-06
-9.86751e-06
-9.88939e-06
-9.58119e-06
-9.08626e-06
-8.57359e-06
-8.09958e-06
-7.70221e-06
-7.41332e-06
-7.35422e-06
-7.48228e-06
-7.56239e-06
-7.40481e-06
-7.05067e-06
-6.78353e-06
-6.89433e-06
-7.33389e-06
-7.88757e-06
-8.32741e-06
-8.5898e-06
-8.78933e-06
-9.10507e-06
-9.4784e-06
-9.73797e-06
-9.76947e-06
-9.75297e-06
-9.84956e-06
-1.00269e-05
-1.01562e-05
-1.03919e-05
-1.07679e-05
-1.09526e-05
-1.07299e-05
-1.02279e-05
-9.79387e-06
-9.51908e-06
-9.25718e-06
-8.99078e-06
-8.86124e-06
-5.46973e-06
-5.84044e-06
-6.16169e-06
-6.17794e-06
-5.87931e-06
-5.47962e-06
-5.09561e-06
-4.78398e-06
-4.53977e-06
-4.38708e-06
-4.38741e-06
-4.46671e-06
-4.43656e-06
-4.17185e-06
-3.80622e-06
-3.61652e-06
-3.79813e-06
-4.29766e-06
-4.85518e-06
-5.25457e-06
-5.4837e-06
-5.65912e-06
-5.88456e-06
-6.06829e-06
-6.06525e-06
-5.82567e-06
-5.56001e-06
-5.46664e-06
-5.53478e-06
-5.65166e-06
-5.901e-06
-6.31111e-06
-6.62743e-06
-6.59115e-06
-6.31927e-06
-6.09086e-06
-5.93982e-06
-5.73928e-06
-5.4891e-06
-5.33985e-06
-2.80007e-06
-3.15074e-06
-3.44114e-06
-3.38698e-06
-3.07561e-06
-2.73768e-06
-2.44321e-06
-2.19363e-06
-1.96206e-06
-1.88839e-06
-2.00253e-06
-2.1668e-06
-2.19153e-06
-1.98646e-06
-1.66365e-06
-1.45614e-06
-1.58012e-06
-2.02341e-06
-2.53767e-06
-2.89161e-06
-3.07821e-06
-3.20793e-06
-3.3811e-06
-3.45774e-06
-3.27777e-06
-2.83528e-06
-2.37787e-06
-2.12076e-06
-2.09335e-06
-2.13742e-06
-2.32582e-06
-2.70381e-06
-3.09363e-06
-3.27762e-06
-3.23705e-06
-3.15518e-06
-3.08939e-06
-2.96653e-06
-2.78678e-06
-2.67181e-06
-1.15327e-06
-1.49355e-06
-1.73494e-06
-1.64556e-06
-1.32155e-06
-1.02107e-06
-7.76518e-07
-5.50521e-07
-3.18611e-07
-2.55561e-07
-4.26883e-07
-6.70808e-07
-7.79133e-07
-6.42757e-07
-3.54748e-07
-1.25695e-07
-1.86172e-07
-5.54145e-07
-1.01424e-06
-1.32393e-06
-1.44417e-06
-1.52538e-06
-1.69693e-06
-1.76462e-06
-1.54246e-06
-1.01801e-06
-4.71807e-07
-1.40926e-07
-2.40309e-08
2.69808e-08
-2.56634e-08
-3.07032e-07
-7.29822e-07
-1.06473e-06
-1.18547e-06
-1.21762e-06
-1.22809e-06
-1.16807e-06
-1.05337e-06
-9.94616e-07
-3.71901e-07
-6.98345e-07
-9.38554e-07
-8.54493e-07
-5.50031e-07
-2.79284e-07
-6.25665e-08
1.62048e-07
4.17418e-07
4.91184e-07
3.0077e-07
2.19527e-08
-1.15803e-07
-1.28892e-08
2.52623e-07
4.84616e-07
4.51731e-07
1.22895e-07
-2.97304e-07
-5.68821e-07
-6.63186e-07
-7.19775e-07
-8.59647e-07
-9.10866e-07
-6.97922e-07
-1.89624e-07
3.55605e-07
7.12231e-07
8.72351e-07
9.98725e-07
1.03172e-06
8.13629e-07
3.99391e-07
7.67461e-09
-1.96817e-07
-3.01936e-07
-3.73713e-07
-3.67628e-07
-2.81495e-07
-2.24364e-07
-1.73788e-07
-5.02914e-07
-7.48975e-07
-6.79678e-07
-3.91725e-07
-1.30286e-07
8.59595e-08
3.16589e-07
5.74523e-07
6.49898e-07
4.64257e-07
1.96638e-07
7.10382e-08
1.80189e-07
4.42772e-07
6.66824e-07
6.28462e-07
2.9873e-07
-1.14983e-07
-3.75961e-07
-4.56962e-07
-4.94539e-07
-6.20515e-07
-6.68248e-07
-4.56103e-07
4.5557e-08
5.85827e-07
9.47753e-07
1.11862e-06
1.26013e-06
1.30415e-06
1.08699e-06
6.59198e-07
2.50672e-07
2.90438e-08
-8.75144e-08
-1.67123e-07
-1.63151e-07
-8.00553e-08
-2.55785e-08
-1.49882e-05
-1.49691e-05
-1.49627e-05
-1.49583e-05
-1.49536e-05
-1.49274e-05
-1.48818e-05
-1.48325e-05
-1.47987e-05
-1.47971e-05
-1.48212e-05
-1.48603e-05
-1.49104e-05
-1.49723e-05
-1.50266e-05
-1.50631e-05
-1.50782e-05
-1.50718e-05
-1.50496e-05
-1.50155e-05
-1.49823e-05
-1.49663e-05
-1.49709e-05
-1.50071e-05
-1.50571e-05
-1.51047e-05
-1.51371e-05
-1.51706e-05
-1.5206e-05
-1.52265e-05
-1.52389e-05
-1.52561e-05
-1.52745e-05
-1.52776e-05
-1.52669e-05
-1.524e-05
-1.51981e-05
-1.514e-05
-1.50784e-05
-1.50226e-05
-1.59677e-05
-1.59648e-05
-1.59584e-05
-1.59354e-05
-1.58723e-05
-1.57689e-05
-1.56549e-05
-1.55427e-05
-1.54464e-05
-1.53705e-05
-1.53371e-05
-1.53365e-05
-1.53746e-05
-1.54224e-05
-1.54761e-05
-1.55133e-05
-1.55074e-05
-1.54597e-05
-1.53806e-05
-1.52887e-05
-1.52234e-05
-1.52113e-05
-1.52477e-05
-1.53129e-05
-1.53855e-05
-1.54647e-05
-1.55369e-05
-1.55912e-05
-1.56466e-05
-1.57056e-05
-1.5751e-05
-1.57961e-05
-1.58398e-05
-1.58714e-05
-1.5898e-05
-1.59116e-05
-1.59162e-05
-1.59288e-05
-1.59443e-05
-1.59625e-05
-1.76874e-05
-1.76004e-05
-1.75261e-05
-1.74649e-05
-1.73926e-05
-1.73184e-05
-1.72333e-05
-1.71597e-05
-1.709e-05
-1.70274e-05
-1.69852e-05
-1.69945e-05
-1.70566e-05
-1.71593e-05
-1.72865e-05
-1.73875e-05
-1.74337e-05
-1.74308e-05
-1.73932e-05
-1.73524e-05
-1.73433e-05
-1.74125e-05
-1.75542e-05
-1.77006e-05
-1.7852e-05
-1.799e-05
-1.80916e-05
-1.81814e-05
-1.82573e-05
-1.82861e-05
-1.82782e-05
-1.82605e-05
-1.82329e-05
-1.81916e-05
-1.8137e-05
-1.80926e-05
-1.80498e-05
-1.79798e-05
-1.78816e-05
-1.77815e-05
-2.09724e-05
-2.08678e-05
-2.08009e-05
-2.07404e-05
-2.07026e-05
-2.06995e-05
-2.07143e-05
-2.07487e-05
-2.08128e-05
-2.09314e-05
-2.10895e-05
-2.12636e-05
-2.14709e-05
-2.16792e-05
-2.18583e-05
-2.1964e-05
-2.19808e-05
-2.19393e-05
-2.18966e-05
-2.18508e-05
-2.18129e-05
-2.18144e-05
-2.18923e-05
-2.20241e-05
-2.21774e-05
-2.22862e-05
-2.2364e-05
-2.24012e-05
-2.2397e-05
-2.23413e-05
-2.22505e-05
-2.21403e-05
-2.20206e-05
-2.1912e-05
-2.18037e-05
-2.1698e-05
-2.15761e-05
-2.14162e-05
-2.12459e-05
-2.11004e-05
-2.48805e-05
-2.4845e-05
-2.48152e-05
-2.47889e-05
-2.47542e-05
-2.47355e-05
-2.47574e-05
-2.48408e-05
-2.49881e-05
-2.51904e-05
-2.54426e-05
-2.57144e-05
-2.59884e-05
-2.62168e-05
-2.6369e-05
-2.64619e-05
-2.6517e-05
-2.65181e-05
-2.64704e-05
-2.64197e-05
-2.63925e-05
-2.6401e-05
-2.64314e-05
-2.64571e-05
-2.64898e-05
-2.6505e-05
-2.64786e-05
-2.64327e-05
-2.64005e-05
-2.63687e-05
-2.62981e-05
-2.6163e-05
-2.5994e-05
-2.58431e-05
-2.57132e-05
-2.55718e-05
-2.54295e-05
-2.52759e-05
-2.51196e-05
-2.49706e-05
-2.81559e-05
-2.81403e-05
-2.81695e-05
-2.82173e-05
-2.82535e-05
-2.83062e-05
-2.83886e-05
-2.85257e-05
-2.87107e-05
-2.89587e-05
-2.9285e-05
-2.96363e-05
-2.98779e-05
-3.00057e-05
-3.00912e-05
-3.01259e-05
-3.0092e-05
-2.99875e-05
-2.98164e-05
-2.96218e-05
-2.94619e-05
-2.93504e-05
-2.92805e-05
-2.92293e-05
-2.91769e-05
-2.91034e-05
-2.90161e-05
-2.89393e-05
-2.89009e-05
-2.88683e-05
-2.88525e-05
-2.8842e-05
-2.88303e-05
-2.88119e-05
-2.87855e-05
-2.87157e-05
-2.85823e-05
-2.84193e-05
-2.82754e-05
-2.81981e-05
-3.09736e-05
-3.11838e-05
-3.14119e-05
-3.16123e-05
-3.17755e-05
-3.19074e-05
-3.20287e-05
-3.21709e-05
-3.23564e-05
-3.25695e-05
-3.28628e-05
-3.31894e-05
-3.33805e-05
-3.33905e-05
-3.3261e-05
-3.30713e-05
-3.28193e-05
-3.24988e-05
-3.21323e-05
-3.17846e-05
-3.15033e-05
-3.12764e-05
-3.10958e-05
-3.09463e-05
-3.0815e-05
-3.06928e-05
-3.06279e-05
-3.06203e-05
-3.06779e-05
-3.07989e-05
-3.09715e-05
-3.11176e-05
-3.12288e-05
-3.13345e-05
-3.13742e-05
-3.13151e-05
-3.11538e-05
-3.09653e-05
-3.08454e-05
-3.08492e-05
-3.35158e-05
-3.37451e-05
-3.38903e-05
-3.39583e-05
-3.40479e-05
-3.4124e-05
-3.41456e-05
-3.41333e-05
-3.41533e-05
-3.43009e-05
-3.45742e-05
-3.48727e-05
-3.513e-05
-3.53166e-05
-3.5387e-05
-3.52931e-05
-3.50531e-05
-3.47135e-05
-3.43309e-05
-3.39603e-05
-3.36222e-05
-3.33392e-05
-3.30478e-05
-3.276e-05
-3.25207e-05
-3.23505e-05
-3.22456e-05
-3.22123e-05
-3.22585e-05
-3.24088e-05
-3.26408e-05
-3.28961e-05
-3.31147e-05
-3.33012e-05
-3.34315e-05
-3.34611e-05
-3.33433e-05
-3.32255e-05
-3.32222e-05
-3.33316e-05
-3.63378e-05
-3.64153e-05
-3.6418e-05
-3.63854e-05
-3.63043e-05
-3.61941e-05
-3.60773e-05
-3.5991e-05
-3.60494e-05
-3.63099e-05
-3.67745e-05
-3.72931e-05
-3.78077e-05
-3.82131e-05
-3.83456e-05
-3.82014e-05
-3.78654e-05
-3.74315e-05
-3.69629e-05
-3.65171e-05
-3.61058e-05
-3.57088e-05
-3.53004e-05
-3.49404e-05
-3.46916e-05
-3.45317e-05
-3.44855e-05
-3.45339e-05
-3.47011e-05
-3.49409e-05
-3.51741e-05
-3.53628e-05
-3.55017e-05
-3.57148e-05
-3.59091e-05
-3.60654e-05
-3.61367e-05
-3.61562e-05
-3.6193e-05
-3.62368e-05
-3.70259e-05
-3.702e-05
-3.70091e-05
-3.69391e-05
-3.68449e-05
-3.67065e-05
-3.66715e-05
-3.67724e-05
-3.70249e-05
-3.7427e-05
-3.79314e-05
-3.85257e-05
-3.91581e-05
-3.97014e-05
-3.99396e-05
-3.98824e-05
-3.95741e-05
-3.90955e-05
-3.85421e-05
-3.80031e-05
-3.74813e-05
-3.6969e-05
-3.65895e-05
-3.63904e-05
-3.63765e-05
-3.64407e-05
-3.65916e-05
-3.68853e-05
-3.72719e-05
-3.76224e-05
-3.77768e-05
-3.76801e-05
-3.75127e-05
-3.74196e-05
-3.73658e-05
-3.7358e-05
-3.73404e-05
-3.72796e-05
-3.7171e-05
-3.70799e-05
-3.65811e-05
-3.64782e-05
-3.64801e-05
-3.64394e-05
-3.63003e-05
-3.61809e-05
-3.62397e-05
-3.6493e-05
-3.68792e-05
-3.73612e-05
-3.78488e-05
-3.83487e-05
-3.88089e-05
-3.91431e-05
-3.93502e-05
-3.93963e-05
-3.92065e-05
-3.8868e-05
-3.84031e-05
-3.79098e-05
-3.74197e-05
-3.69458e-05
-3.65562e-05
-3.63799e-05
-3.64254e-05
-3.66165e-05
-3.69071e-05
-3.72099e-05
-3.76138e-05
-3.79856e-05
-3.81804e-05
-3.81441e-05
-3.80234e-05
-3.79677e-05
-3.8011e-05
-3.79631e-05
-3.77768e-05
-3.75093e-05
-3.71587e-05
-3.68213e-05
-3.54084e-05
-3.51086e-05
-3.50354e-05
-3.50476e-05
-3.51676e-05
-3.54229e-05
-3.58016e-05
-3.62744e-05
-3.67521e-05
-3.71575e-05
-3.74776e-05
-3.77276e-05
-3.79807e-05
-3.8133e-05
-3.81935e-05
-3.82065e-05
-3.80484e-05
-3.77064e-05
-3.73018e-05
-3.68314e-05
-3.62907e-05
-3.58998e-05
-3.56935e-05
-3.54905e-05
-3.53553e-05
-3.54101e-05
-3.5672e-05
-3.61063e-05
-3.66469e-05
-3.71855e-05
-3.75296e-05
-3.77038e-05
-3.7818e-05
-3.79479e-05
-3.80162e-05
-3.79351e-05
-3.76859e-05
-3.72689e-05
-3.66813e-05
-3.6013e-05
-3.44487e-05
-3.42184e-05
-3.41429e-05
-3.41882e-05
-3.42856e-05
-3.45143e-05
-3.48864e-05
-3.53134e-05
-3.57149e-05
-3.60455e-05
-3.62972e-05
-3.65049e-05
-3.6614e-05
-3.66496e-05
-3.67427e-05
-3.68543e-05
-3.6842e-05
-3.67086e-05
-3.66346e-05
-3.65574e-05
-3.63933e-05
-3.61891e-05
-3.59415e-05
-3.55712e-05
-3.51653e-05
-3.49627e-05
-3.50486e-05
-3.53417e-05
-3.57535e-05
-3.62722e-05
-3.66775e-05
-3.69232e-05
-3.71944e-05
-3.74643e-05
-3.75484e-05
-3.73602e-05
-3.68958e-05
-3.6226e-05
-3.55329e-05
-3.48924e-05
-3.28409e-05
-3.25852e-05
-3.24144e-05
-3.2301e-05
-3.22179e-05
-3.22792e-05
-3.25729e-05
-3.31427e-05
-3.37543e-05
-3.4372e-05
-3.48457e-05
-3.50719e-05
-3.50039e-05
-3.48448e-05
-3.47647e-05
-3.47537e-05
-3.47578e-05
-3.4879e-05
-3.51333e-05
-3.54098e-05
-3.55485e-05
-3.54835e-05
-3.52914e-05
-3.49942e-05
-3.47219e-05
-3.46001e-05
-3.46549e-05
-3.47958e-05
-3.50089e-05
-3.51883e-05
-3.53292e-05
-3.54801e-05
-3.57203e-05
-3.61087e-05
-3.63794e-05
-3.62593e-05
-3.57223e-05
-3.48897e-05
-3.3997e-05
-3.32882e-05
-3.09164e-05
-3.0563e-05
-3.01894e-05
-2.98592e-05
-2.9681e-05
-2.97066e-05
-3.01283e-05
-3.08768e-05
-3.17423e-05
-3.26055e-05
-3.32628e-05
-3.34796e-05
-3.33126e-05
-3.30517e-05
-3.29925e-05
-3.31635e-05
-3.33755e-05
-3.3609e-05
-3.39187e-05
-3.42009e-05
-3.43778e-05
-3.43979e-05
-3.42041e-05
-3.3891e-05
-3.36483e-05
-3.35884e-05
-3.36712e-05
-3.36725e-05
-3.35997e-05
-3.36069e-05
-3.36989e-05
-3.39891e-05
-3.44079e-05
-3.48431e-05
-3.51074e-05
-3.49255e-05
-3.42754e-05
-3.32577e-05
-3.22181e-05
-3.14132e-05
-2.8841e-05
-2.82702e-05
-2.77614e-05
-2.74201e-05
-2.72456e-05
-2.73126e-05
-2.77023e-05
-2.84251e-05
-2.93453e-05
-3.02765e-05
-3.10188e-05
-3.13989e-05
-3.14229e-05
-3.14113e-05
-3.15457e-05
-3.17433e-05
-3.18729e-05
-3.19052e-05
-3.20354e-05
-3.21907e-05
-3.23293e-05
-3.23433e-05
-3.21724e-05
-3.18453e-05
-3.15831e-05
-3.15587e-05
-3.16402e-05
-3.16339e-05
-3.15472e-05
-3.1523e-05
-3.15938e-05
-3.1857e-05
-3.23212e-05
-3.27201e-05
-3.2926e-05
-3.27917e-05
-3.22358e-05
-3.12906e-05
-3.02668e-05
-2.9434e-05
-2.55376e-05
-2.49327e-05
-2.43476e-05
-2.38617e-05
-2.35464e-05
-2.35602e-05
-2.39128e-05
-2.46768e-05
-2.57136e-05
-2.6743e-05
-2.75986e-05
-2.81497e-05
-2.85357e-05
-2.8797e-05
-2.89147e-05
-2.89213e-05
-2.88357e-05
-2.87401e-05
-2.86416e-05
-2.86188e-05
-2.86336e-05
-2.85672e-05
-2.84552e-05
-2.82914e-05
-2.81789e-05
-2.82524e-05
-2.83574e-05
-2.84598e-05
-2.86633e-05
-2.88775e-05
-2.90072e-05
-2.90573e-05
-2.92223e-05
-2.94352e-05
-2.9511e-05
-2.93114e-05
-2.87555e-05
-2.78987e-05
-2.69637e-05
-2.61733e-05
-2.14799e-05
-2.08806e-05
-2.03132e-05
-1.98104e-05
-1.94634e-05
-1.93395e-05
-1.95847e-05
-2.02993e-05
-2.12236e-05
-2.20508e-05
-2.28021e-05
-2.35266e-05
-2.41809e-05
-2.45861e-05
-2.4714e-05
-2.47014e-05
-2.46005e-05
-2.44848e-05
-2.43095e-05
-2.40861e-05
-2.39513e-05
-2.3802e-05
-2.36606e-05
-2.3564e-05
-2.35315e-05
-2.37179e-05
-2.39381e-05
-2.42215e-05
-2.46684e-05
-2.51686e-05
-2.54568e-05
-2.54538e-05
-2.5323e-05
-2.5145e-05
-2.49117e-05
-2.45991e-05
-2.41562e-05
-2.35476e-05
-2.28659e-05
-2.21474e-05
-1.69481e-05
-1.64137e-05
-1.60101e-05
-1.57331e-05
-1.55179e-05
-1.53786e-05
-1.55136e-05
-1.60494e-05
-1.65994e-05
-1.69645e-05
-1.73723e-05
-1.79232e-05
-1.85035e-05
-1.88489e-05
-1.89732e-05
-1.9082e-05
-1.91982e-05
-1.92933e-05
-1.92794e-05
-1.91182e-05
-1.89089e-05
-1.8702e-05
-1.85813e-05
-1.85543e-05
-1.86046e-05
-1.87774e-05
-1.89945e-05
-1.92252e-05
-1.95982e-05
-2.00483e-05
-2.0351e-05
-2.04089e-05
-2.02481e-05
-1.99203e-05
-1.9541e-05
-1.92515e-05
-1.8982e-05
-1.8664e-05
-1.82284e-05
-1.75924e-05
-1.26148e-05
-1.21894e-05
-1.19857e-05
-1.19372e-05
-1.18472e-05
-1.17e-05
-1.17277e-05
-1.19863e-05
-1.21163e-05
-1.20649e-05
-1.21411e-05
-1.24091e-05
-1.27148e-05
-1.28593e-05
-1.29612e-05
-1.32152e-05
-1.35522e-05
-1.38629e-05
-1.40208e-05
-1.39296e-05
-1.37272e-05
-1.35792e-05
-1.35841e-05
-1.37044e-05
-1.38537e-05
-1.40796e-05
-1.42615e-05
-1.43732e-05
-1.45609e-05
-1.47299e-05
-1.48087e-05
-1.48229e-05
-1.47496e-05
-1.45773e-05
-1.43827e-05
-1.42524e-05
-1.41515e-05
-1.39827e-05
-1.36697e-05
-1.31584e-05
-8.75712e-06
-8.44524e-06
-8.41656e-06
-8.54729e-06
-8.53658e-06
-8.35915e-06
-8.25707e-06
-8.27665e-06
-8.1582e-06
-7.8879e-06
-7.74603e-06
-7.81189e-06
-7.89594e-06
-7.88652e-06
-7.93598e-06
-8.16245e-06
-8.55942e-06
-8.98484e-06
-9.24972e-06
-9.25332e-06
-9.10568e-06
-9.009e-06
-9.10662e-06
-9.34176e-06
-9.55726e-06
-9.79436e-06
-1.00192e-05
-1.01648e-05
-1.03053e-05
-1.03442e-05
-1.02078e-05
-1.00079e-05
-9.89326e-06
-9.88366e-06
-9.93815e-06
-9.98141e-06
-9.97851e-06
-9.88039e-06
-9.60957e-06
-9.1859e-06
-5.76374e-06
-5.5815e-06
-5.65748e-06
-5.84599e-06
-5.86951e-06
-5.68977e-06
-5.52493e-06
-5.40776e-06
-5.16688e-06
-4.80569e-06
-4.54909e-06
-4.49525e-06
-4.48062e-06
-4.43536e-06
-4.44527e-06
-4.62287e-06
-5.01237e-06
-5.49814e-06
-5.84716e-06
-5.93388e-06
-5.78891e-06
-5.64416e-06
-5.69313e-06
-5.90744e-06
-6.12746e-06
-6.3728e-06
-6.63588e-06
-6.87688e-06
-7.10617e-06
-7.19751e-06
-7.00932e-06
-6.64658e-06
-6.40359e-06
-6.39381e-06
-6.52869e-06
-6.67545e-06
-6.72443e-06
-6.64737e-06
-6.42443e-06
-6.08837e-06
-3.85757e-06
-3.7753e-06
-3.88651e-06
-4.07029e-06
-4.09622e-06
-3.93106e-06
-3.74859e-06
-3.58344e-06
-3.30443e-06
-2.91436e-06
-2.63321e-06
-2.57111e-06
-2.56394e-06
-2.52196e-06
-2.52111e-06
-2.66835e-06
-3.06285e-06
-3.58301e-06
-3.98112e-06
-4.10047e-06
-3.9494e-06
-3.74779e-06
-3.72101e-06
-3.86642e-06
-4.04771e-06
-4.27778e-06
-4.55943e-06
-4.87868e-06
-5.21122e-06
-5.38396e-06
-5.20233e-06
-4.73752e-06
-4.35954e-06
-4.24896e-06
-4.37075e-06
-4.53514e-06
-4.59851e-06
-4.52912e-06
-4.3405e-06
-4.07384e-06
-2.99921e-06
-2.95038e-06
-3.05592e-06
-3.21477e-06
-3.25098e-06
-3.10646e-06
-2.91867e-06
-2.73272e-06
-2.44448e-06
-2.06431e-06
-1.79494e-06
-1.7337e-06
-1.74281e-06
-1.72679e-06
-1.73913e-06
-1.90603e-06
-2.32339e-06
-2.87152e-06
-3.29267e-06
-3.43753e-06
-3.28275e-06
-3.04125e-06
-2.96283e-06
-3.07167e-06
-3.22862e-06
-3.44774e-06
-3.73821e-06
-4.07091e-06
-4.41553e-06
-4.60908e-06
-4.43432e-06
-3.93661e-06
-3.49621e-06
-3.33258e-06
-3.41841e-06
-3.57019e-06
-3.62605e-06
-3.56106e-06
-3.39396e-06
-3.16786e-06
-2.86156e-06
-2.80113e-06
-2.8924e-06
-3.04376e-06
-3.07303e-06
-2.92026e-06
-2.72381e-06
-2.53801e-06
-2.25574e-06
-1.88391e-06
-1.61299e-06
-1.55195e-06
-1.57548e-06
-1.57691e-06
-1.60695e-06
-1.79082e-06
-2.2201e-06
-2.77469e-06
-3.21002e-06
-3.36518e-06
-3.21544e-06
-2.97439e-06
-2.89049e-06
-2.99006e-06
-3.13895e-06
-3.3508e-06
-3.63551e-06
-3.96919e-06
-4.3149e-06
-4.50086e-06
-4.31388e-06
-3.80291e-06
-3.35142e-06
-3.18381e-06
-3.27609e-06
-3.43357e-06
-3.4912e-06
-3.42664e-06
-3.26181e-06
-3.03694e-06
-1.51654e-05
-1.51765e-05
-1.51965e-05
-1.52222e-05
-1.52355e-05
-1.52216e-05
-1.51881e-05
-1.51473e-05
-1.51116e-05
-1.50889e-05
-1.50976e-05
-1.51146e-05
-1.51413e-05
-1.51628e-05
-1.51749e-05
-1.51846e-05
-1.51821e-05
-1.51591e-05
-1.51117e-05
-1.50561e-05
-1.50052e-05
-1.49844e-05
-1.49882e-05
-1.50157e-05
-1.50471e-05
-1.50713e-05
-1.50888e-05
-1.5101e-05
-1.51171e-05
-1.51343e-05
-1.51559e-05
-1.51827e-05
-1.52097e-05
-1.5241e-05
-1.52567e-05
-1.5263e-05
-1.52473e-05
-1.52157e-05
-1.51881e-05
-1.51728e-05
-1.62508e-05
-1.62382e-05
-1.62122e-05
-1.61564e-05
-1.60648e-05
-1.59405e-05
-1.58109e-05
-1.56601e-05
-1.55079e-05
-1.53818e-05
-1.52986e-05
-1.5242e-05
-1.52027e-05
-1.51774e-05
-1.51496e-05
-1.51196e-05
-1.50601e-05
-1.4971e-05
-1.4884e-05
-1.48217e-05
-1.48092e-05
-1.48533e-05
-1.4935e-05
-1.50416e-05
-1.51626e-05
-1.52939e-05
-1.54033e-05
-1.54949e-05
-1.55834e-05
-1.56662e-05
-1.57423e-05
-1.58239e-05
-1.59104e-05
-1.59849e-05
-1.60462e-05
-1.60941e-05
-1.61505e-05
-1.6194e-05
-1.62225e-05
-1.62448e-05
-1.8013e-05
-1.7915e-05
-1.77922e-05
-1.76417e-05
-1.74751e-05
-1.73082e-05
-1.71463e-05
-1.69797e-05
-1.68241e-05
-1.67064e-05
-1.66345e-05
-1.65922e-05
-1.65839e-05
-1.66002e-05
-1.66264e-05
-1.66125e-05
-1.65623e-05
-1.65216e-05
-1.65443e-05
-1.66087e-05
-1.67217e-05
-1.6886e-05
-1.71019e-05
-1.73344e-05
-1.75494e-05
-1.77345e-05
-1.78623e-05
-1.79518e-05
-1.80422e-05
-1.81194e-05
-1.81589e-05
-1.82104e-05
-1.8272e-05
-1.82964e-05
-1.82871e-05
-1.82952e-05
-1.83102e-05
-1.82822e-05
-1.82099e-05
-1.81071e-05
-2.13574e-05
-2.12859e-05
-2.12133e-05
-2.11289e-05
-2.10454e-05
-2.09444e-05
-2.08336e-05
-2.07417e-05
-2.06916e-05
-2.06615e-05
-2.0639e-05
-2.06444e-05
-2.06561e-05
-2.06591e-05
-2.06713e-05
-2.06568e-05
-2.06267e-05
-2.06004e-05
-2.05805e-05
-2.05758e-05
-2.05798e-05
-2.06269e-05
-2.07209e-05
-2.08566e-05
-2.10189e-05
-2.11504e-05
-2.12419e-05
-2.13172e-05
-2.13891e-05
-2.14571e-05
-2.15502e-05
-2.16454e-05
-2.17211e-05
-2.17738e-05
-2.18018e-05
-2.18065e-05
-2.17756e-05
-2.16951e-05
-2.15676e-05
-2.14438e-05
-2.44067e-05
-2.44228e-05
-2.4472e-05
-2.44982e-05
-2.44626e-05
-2.43812e-05
-2.43207e-05
-2.43041e-05
-2.43124e-05
-2.43651e-05
-2.4465e-05
-2.45977e-05
-2.47278e-05
-2.4821e-05
-2.4851e-05
-2.48475e-05
-2.48894e-05
-2.4963e-05
-2.50082e-05
-2.50081e-05
-2.49895e-05
-2.49668e-05
-2.49391e-05
-2.48913e-05
-2.48416e-05
-2.48054e-05
-2.48072e-05
-2.48582e-05
-2.49686e-05
-2.51374e-05
-2.5334e-05
-2.5478e-05
-2.55174e-05
-2.54635e-05
-2.538e-05
-2.52854e-05
-2.51392e-05
-2.48994e-05
-2.46441e-05
-2.44743e-05
-2.84184e-05
-2.84947e-05
-2.84694e-05
-2.83811e-05
-2.82418e-05
-2.80981e-05
-2.80021e-05
-2.79607e-05
-2.80034e-05
-2.81041e-05
-2.82293e-05
-2.83226e-05
-2.83637e-05
-2.83724e-05
-2.83496e-05
-2.83599e-05
-2.84038e-05
-2.84654e-05
-2.84857e-05
-2.84616e-05
-2.84349e-05
-2.83944e-05
-2.83249e-05
-2.82468e-05
-2.8154e-05
-2.80679e-05
-2.80314e-05
-2.80625e-05
-2.81714e-05
-2.83133e-05
-2.84664e-05
-2.85672e-05
-2.86108e-05
-2.86494e-05
-2.86713e-05
-2.86287e-05
-2.85098e-05
-2.83478e-05
-2.82529e-05
-2.82949e-05
-3.23961e-05
-3.25528e-05
-3.25609e-05
-3.23693e-05
-3.20933e-05
-3.18534e-05
-3.17137e-05
-3.16725e-05
-3.1713e-05
-3.18462e-05
-3.20051e-05
-3.20977e-05
-3.21092e-05
-3.209e-05
-3.20662e-05
-3.20713e-05
-3.2104e-05
-3.21132e-05
-3.20942e-05
-3.20746e-05
-3.20081e-05
-3.18967e-05
-3.17654e-05
-3.15858e-05
-3.13374e-05
-3.10597e-05
-3.08544e-05
-3.07788e-05
-3.07858e-05
-3.08123e-05
-3.08244e-05
-3.08638e-05
-3.09854e-05
-3.12153e-05
-3.14544e-05
-3.16035e-05
-3.1678e-05
-3.17614e-05
-3.19432e-05
-3.2173e-05
-3.47434e-05
-3.49376e-05
-3.49501e-05
-3.47609e-05
-3.44663e-05
-3.42179e-05
-3.40543e-05
-3.39604e-05
-3.39089e-05
-3.39336e-05
-3.39632e-05
-3.39753e-05
-3.39498e-05
-3.39495e-05
-3.40318e-05
-3.41607e-05
-3.42518e-05
-3.42405e-05
-3.41014e-05
-3.38608e-05
-3.35452e-05
-3.32242e-05
-3.29552e-05
-3.27275e-05
-3.24666e-05
-3.22265e-05
-3.20827e-05
-3.2042e-05
-3.20501e-05
-3.21213e-05
-3.22252e-05
-3.24022e-05
-3.27164e-05
-3.31578e-05
-3.36375e-05
-3.39793e-05
-3.41423e-05
-3.42162e-05
-3.43386e-05
-3.45298e-05
-3.68768e-05
-3.72539e-05
-3.74527e-05
-3.74154e-05
-3.71927e-05
-3.68658e-05
-3.65182e-05
-3.62619e-05
-3.61275e-05
-3.60681e-05
-3.60381e-05
-3.60282e-05
-3.60818e-05
-3.62053e-05
-3.63961e-05
-3.6591e-05
-3.67473e-05
-3.67107e-05
-3.64358e-05
-3.60827e-05
-3.57689e-05
-3.55543e-05
-3.54035e-05
-3.52166e-05
-3.48571e-05
-3.44414e-05
-3.42087e-05
-3.42027e-05
-3.43083e-05
-3.45204e-05
-3.4798e-05
-3.51169e-05
-3.54955e-05
-3.58582e-05
-3.61001e-05
-3.61369e-05
-3.60898e-05
-3.60935e-05
-3.62136e-05
-3.65047e-05
-3.86298e-05
-3.89326e-05
-3.91229e-05
-3.91053e-05
-3.88396e-05
-3.84971e-05
-3.82745e-05
-3.82866e-05
-3.84822e-05
-3.86863e-05
-3.87418e-05
-3.87366e-05
-3.88261e-05
-3.91858e-05
-3.96783e-05
-4.01047e-05
-4.03685e-05
-4.03273e-05
-3.99664e-05
-3.93753e-05
-3.8802e-05
-3.83624e-05
-3.79011e-05
-3.73275e-05
-3.66223e-05
-3.5962e-05
-3.5609e-05
-3.56067e-05
-3.5889e-05
-3.63303e-05
-3.68172e-05
-3.73332e-05
-3.77439e-05
-3.7993e-05
-3.80308e-05
-3.79786e-05
-3.79037e-05
-3.79044e-05
-3.80312e-05
-3.82961e-05
-3.99403e-05
-3.99975e-05
-4.00519e-05
-3.99573e-05
-3.96898e-05
-3.94987e-05
-3.95808e-05
-3.99498e-05
-4.04288e-05
-4.07851e-05
-4.08786e-05
-4.08619e-05
-4.10325e-05
-4.14051e-05
-4.18539e-05
-4.22283e-05
-4.22841e-05
-4.18393e-05
-4.10469e-05
-4.00097e-05
-3.88221e-05
-3.76875e-05
-3.6661e-05
-3.57918e-05
-3.51019e-05
-3.48941e-05
-3.5191e-05
-3.58482e-05
-3.66248e-05
-3.73626e-05
-3.80244e-05
-3.85988e-05
-3.90615e-05
-3.94035e-05
-3.95823e-05
-3.96536e-05
-3.97495e-05
-3.98356e-05
-3.99072e-05
-3.99612e-05
-4.05722e-05
-4.05835e-05
-4.06397e-05
-4.06518e-05
-4.07533e-05
-4.10565e-05
-4.14498e-05
-4.18507e-05
-4.2235e-05
-4.23705e-05
-4.22864e-05
-4.22887e-05
-4.25098e-05
-4.28341e-05
-4.30424e-05
-4.30022e-05
-4.25806e-05
-4.17581e-05
-4.0699e-05
-3.95725e-05
-3.8543e-05
-3.75908e-05
-3.66803e-05
-3.6019e-05
-3.56093e-05
-3.56169e-05
-3.60313e-05
-3.66714e-05
-3.7425e-05
-3.808e-05
-3.86028e-05
-3.916e-05
-3.97928e-05
-4.02888e-05
-4.05898e-05
-4.07245e-05
-4.07761e-05
-4.07699e-05
-4.06731e-05
-4.05943e-05
-3.97091e-05
-4.01296e-05
-4.05709e-05
-4.09743e-05
-4.13418e-05
-4.16138e-05
-4.18051e-05
-4.20577e-05
-4.23097e-05
-4.25227e-05
-4.28188e-05
-4.31441e-05
-4.33505e-05
-4.33022e-05
-4.30097e-05
-4.25206e-05
-4.18217e-05
-4.10046e-05
-4.02244e-05
-3.95631e-05
-3.90211e-05
-3.85676e-05
-3.81284e-05
-3.7684e-05
-3.72858e-05
-3.71563e-05
-3.73097e-05
-3.74622e-05
-3.75446e-05
-3.76715e-05
-3.80645e-05
-3.86928e-05
-3.93679e-05
-3.98109e-05
-3.99797e-05
-3.99392e-05
-3.97142e-05
-3.94768e-05
-3.93617e-05
-3.94332e-05
-3.87576e-05
-3.94341e-05
-4.00867e-05
-4.05644e-05
-4.09108e-05
-4.11432e-05
-4.13431e-05
-4.17323e-05
-4.23079e-05
-4.29109e-05
-4.35226e-05
-4.38179e-05
-4.35981e-05
-4.29917e-05
-4.22991e-05
-4.15127e-05
-4.06003e-05
-3.98241e-05
-3.91899e-05
-3.87411e-05
-3.83777e-05
-3.8098e-05
-3.77674e-05
-3.72891e-05
-3.69351e-05
-3.6849e-05
-3.69457e-05
-3.68666e-05
-3.64289e-05
-3.60729e-05
-3.60952e-05
-3.64375e-05
-3.69385e-05
-3.74063e-05
-3.78326e-05
-3.81153e-05
-3.82119e-05
-3.82197e-05
-3.82262e-05
-3.8351e-05
-3.8085e-05
-3.85364e-05
-3.90135e-05
-3.94189e-05
-3.98249e-05
-4.01369e-05
-4.04868e-05
-4.09728e-05
-4.16575e-05
-4.24344e-05
-4.2892e-05
-4.26753e-05
-4.17781e-05
-4.07756e-05
-3.98668e-05
-3.90216e-05
-3.82856e-05
-3.78223e-05
-3.75198e-05
-3.72752e-05
-3.70124e-05
-3.66335e-05
-3.61383e-05
-3.55417e-05
-3.51139e-05
-3.51227e-05
-3.54445e-05
-3.55864e-05
-3.53478e-05
-3.49994e-05
-3.4939e-05
-3.51287e-05
-3.54143e-05
-3.58714e-05
-3.64926e-05
-3.71832e-05
-3.7718e-05
-3.80041e-05
-3.8037e-05
-3.7983e-05
-3.69414e-05
-3.69745e-05
-3.70263e-05
-3.7015e-05
-3.70312e-05
-3.71219e-05
-3.74173e-05
-3.79709e-05
-3.86922e-05
-3.94389e-05
-3.96861e-05
-3.92469e-05
-3.84187e-05
-3.74544e-05
-3.66575e-05
-3.60361e-05
-3.55505e-05
-3.52283e-05
-3.50305e-05
-3.484e-05
-3.46434e-05
-3.44634e-05
-3.41751e-05
-3.37603e-05
-3.34351e-05
-3.33484e-05
-3.35256e-05
-3.38263e-05
-3.40303e-05
-3.41082e-05
-3.4164e-05
-3.41691e-05
-3.42607e-05
-3.4558e-05
-3.50789e-05
-3.57588e-05
-3.64728e-05
-3.6948e-05
-3.71691e-05
-3.71064e-05
-3.3633e-05
-3.3525e-05
-3.33696e-05
-3.31011e-05
-3.28994e-05
-3.29273e-05
-3.32238e-05
-3.37573e-05
-3.44628e-05
-3.50718e-05
-3.52072e-05
-3.48885e-05
-3.43602e-05
-3.36464e-05
-3.30011e-05
-3.26123e-05
-3.22776e-05
-3.19416e-05
-3.16282e-05
-3.12902e-05
-3.10457e-05
-3.09731e-05
-3.096e-05
-3.09113e-05
-3.08089e-05
-3.08039e-05
-3.09713e-05
-3.11971e-05
-3.14476e-05
-3.17648e-05
-3.20565e-05
-3.21722e-05
-3.21018e-05
-3.20026e-05
-3.20714e-05
-3.2447e-05
-3.3044e-05
-3.35728e-05
-3.38474e-05
-3.37785e-05
-2.7485e-05
-2.74558e-05
-2.73507e-05
-2.72374e-05
-2.73202e-05
-2.76505e-05
-2.82721e-05
-2.90124e-05
-2.97756e-05
-3.03431e-05
-3.04434e-05
-3.02644e-05
-2.99412e-05
-2.95362e-05
-2.92835e-05
-2.91591e-05
-2.89901e-05
-2.86282e-05
-2.81154e-05
-2.75913e-05
-2.71706e-05
-2.69605e-05
-2.69129e-05
-2.6922e-05
-2.69654e-05
-2.70915e-05
-2.73519e-05
-2.76493e-05
-2.78891e-05
-2.82417e-05
-2.86082e-05
-2.88623e-05
-2.87495e-05
-2.82792e-05
-2.77921e-05
-2.7653e-05
-2.77806e-05
-2.79226e-05
-2.78774e-05
-2.76565e-05
-2.03034e-05
-2.0314e-05
-2.02961e-05
-2.04195e-05
-2.08583e-05
-2.14973e-05
-2.22982e-05
-2.3217e-05
-2.40277e-05
-2.46189e-05
-2.49192e-05
-2.49982e-05
-2.50217e-05
-2.50041e-05
-2.4962e-05
-2.48771e-05
-2.46609e-05
-2.42653e-05
-2.37765e-05
-2.33246e-05
-2.29412e-05
-2.27291e-05
-2.26698e-05
-2.26936e-05
-2.27288e-05
-2.27083e-05
-2.27915e-05
-2.30427e-05
-2.33143e-05
-2.35663e-05
-2.38376e-05
-2.39989e-05
-2.37767e-05
-2.30983e-05
-2.22402e-05
-2.15883e-05
-2.11949e-05
-2.09333e-05
-2.07044e-05
-2.04322e-05
-1.40204e-05
-1.39109e-05
-1.38271e-05
-1.40475e-05
-1.46435e-05
-1.53587e-05
-1.61587e-05
-1.7061e-05
-1.78896e-05
-1.84831e-05
-1.89512e-05
-1.94219e-05
-1.98409e-05
-2.01125e-05
-2.01964e-05
-2.01062e-05
-1.97423e-05
-1.91928e-05
-1.87022e-05
-1.83896e-05
-1.81566e-05
-1.79857e-05
-1.78581e-05
-1.78577e-05
-1.79384e-05
-1.79643e-05
-1.79483e-05
-1.81107e-05
-1.84112e-05
-1.87547e-05
-1.89546e-05
-1.88566e-05
-1.83608e-05
-1.75318e-05
-1.65557e-05
-1.56787e-05
-1.50774e-05
-1.47366e-05
-1.44587e-05
-1.41882e-05
-8.86898e-06
-8.74523e-06
-8.63526e-06
-8.88244e-06
-9.5015e-06
-1.02405e-05
-1.10083e-05
-1.18512e-05
-1.26017e-05
-1.31521e-05
-1.37319e-05
-1.44474e-05
-1.51142e-05
-1.55487e-05
-1.57309e-05
-1.56198e-05
-1.51499e-05
-1.44475e-05
-1.38303e-05
-1.35069e-05
-1.33564e-05
-1.32531e-05
-1.31732e-05
-1.32135e-05
-1.34731e-05
-1.37102e-05
-1.3796e-05
-1.39499e-05
-1.42525e-05
-1.46397e-05
-1.48277e-05
-1.45344e-05
-1.37668e-05
-1.26994e-05
-1.15675e-05
-1.06515e-05
-1.0081e-05
-9.72407e-06
-9.38369e-06
-9.05169e-06
-5.27529e-06
-5.20369e-06
-5.17028e-06
-5.41581e-06
-5.994e-06
-6.70283e-06
-7.43501e-06
-8.2435e-06
-8.96136e-06
-9.49055e-06
-1.00651e-05
-1.07879e-05
-1.14754e-05
-1.1927e-05
-1.20869e-05
-1.19687e-05
-1.15087e-05
-1.07835e-05
-1.01089e-05
-9.73327e-06
-9.58445e-06
-9.52561e-06
-9.49849e-06
-9.58387e-06
-9.89645e-06
-1.02434e-05
-1.04386e-05
-1.06389e-05
-1.09828e-05
-1.14089e-05
-1.15325e-05
-1.10953e-05
-1.01906e-05
-9.04403e-06
-7.90319e-06
-7.03726e-06
-6.51077e-06
-6.15614e-06
-5.77349e-06
-5.42862e-06
-3.33657e-06
-3.33401e-06
-3.33419e-06
-3.56473e-06
-4.08731e-06
-4.72429e-06
-5.4118e-06
-6.18682e-06
-6.87703e-06
-7.3962e-06
-7.95579e-06
-8.6039e-06
-9.21633e-06
-9.62394e-06
-9.77141e-06
-9.67018e-06
-9.2523e-06
-8.5833e-06
-7.94149e-06
-7.55034e-06
-7.3747e-06
-7.32024e-06
-7.29527e-06
-7.33513e-06
-7.61192e-06
-7.96404e-06
-8.20599e-06
-8.46486e-06
-8.85582e-06
-9.2496e-06
-9.26538e-06
-8.72973e-06
-7.80025e-06
-6.67477e-06
-5.59473e-06
-4.80021e-06
-4.34217e-06
-4.04458e-06
-3.70509e-06
-3.41938e-06
-2.56454e-06
-2.58238e-06
-2.58774e-06
-2.79889e-06
-3.2788e-06
-3.88625e-06
-4.54047e-06
-5.27939e-06
-5.95269e-06
-6.46335e-06
-6.9994e-06
-7.60931e-06
-8.17324e-06
-8.55825e-06
-8.71483e-06
-8.65e-06
-8.28079e-06
-7.66591e-06
-7.05654e-06
-6.66778e-06
-6.48954e-06
-6.43431e-06
-6.39165e-06
-6.39873e-06
-6.65002e-06
-6.99066e-06
-7.23929e-06
-7.50958e-06
-7.89129e-06
-8.26031e-06
-8.23175e-06
-7.65744e-06
-6.71847e-06
-5.62126e-06
-4.57956e-06
-3.82188e-06
-3.39578e-06
-3.13741e-06
-2.84631e-06
-2.6118e-06
-2.44142e-06
-2.45357e-06
-2.45053e-06
-2.64895e-06
-3.12118e-06
-3.71817e-06
-4.36129e-06
-5.09129e-06
-5.76255e-06
-6.27886e-06
-6.82398e-06
-7.43993e-06
-8.00832e-06
-8.38812e-06
-8.54231e-06
-8.47762e-06
-8.11774e-06
-7.51823e-06
-6.9281e-06
-6.55716e-06
-6.38951e-06
-6.3383e-06
-6.29506e-06
-6.30431e-06
-6.55404e-06
-6.89027e-06
-7.12877e-06
-7.38295e-06
-7.75228e-06
-8.10557e-06
-8.05754e-06
-7.47249e-06
-6.53657e-06
-5.44858e-06
-4.42055e-06
-3.67467e-06
-3.25559e-06
-3.00769e-06
-2.72856e-06
-2.4955e-06
)
;

boundaryField
{
    bottomWall
    {
        type            calculated;
        value           nonuniform List<scalar> 
1200
(
-9.4788e-06
3.11472e-07
-5.32201e-06
-2.57667e-06
-7.39589e-06
-1.06637e-05
-1.34595e-06
-5.77144e-06
-3.8436e-06
-8.24867e-06
-1.51615e-06
7.01365e-06
8.94377e-06
4.65286e-06
5.88389e-06
7.69632e-06
6.01535e-06
4.00614e-06
-3.46661e-06
3.17724e-07
5.82489e-06
6.95316e-06
4.99911e-06
-2.7353e-06
1.07825e-06
-4.00884e-06
1.2578e-06
-1.7375e-06
-6.17193e-06
-9.80736e-06
-9.09444e-06
2.67091e-10
-5.42282e-06
-3.67366e-06
-7.58752e-06
-1.01941e-05
-1.19108e-06
-6.08151e-06
-3.75242e-06
-8.23618e-06
-1.48746e-06
6.97819e-06
8.70529e-06
4.81652e-06
6.13781e-06
7.71307e-06
5.64245e-06
4.27358e-06
-3.00251e-06
9.13365e-07
6.45236e-06
6.89808e-06
5.83673e-06
-2.2956e-06
5.62355e-07
-4.15305e-06
1.13729e-06
-1.39195e-06
-6.20388e-06
-9.44836e-06
-8.34086e-06
-4.0953e-07
-5.40426e-06
-4.30318e-06
-7.7426e-06
-9.5084e-06
-1.02786e-06
-6.23058e-06
-3.63007e-06
-8.30752e-06
-1.3486e-06
6.76817e-06
8.44316e-06
5.00411e-06
6.27794e-06
7.53704e-06
5.10723e-06
4.19349e-06
-2.63739e-06
1.4404e-06
7.22848e-06
7.0681e-06
6.64216e-06
-1.57755e-06
1.1273e-07
-4.43099e-06
9.58885e-07
-9.08926e-07
-6.2114e-06
-8.71336e-06
-7.39674e-06
-8.94768e-07
-5.21063e-06
-4.55027e-06
-7.93445e-06
-8.69322e-06
-7.82837e-07
-6.26979e-06
-3.5435e-06
-8.44755e-06
-1.23402e-06
6.44352e-06
8.11016e-06
5.2113e-06
6.33498e-06
7.30004e-06
4.66812e-06
4.00429e-06
-2.0702e-06
1.90947e-06
7.88749e-06
7.42693e-06
7.2407e-06
-7.09836e-07
-1.753e-07
-4.80869e-06
8.01604e-07
-2.20947e-07
-6.06984e-06
-7.85448e-06
-6.50584e-06
-1.47713e-06
-5.06372e-06
-4.55257e-06
-8.20257e-06
-7.82936e-06
-5.38442e-07
-6.28389e-06
-3.59613e-06
-8.63392e-06
-1.19715e-06
6.03158e-06
7.66302e-06
5.45577e-06
6.42223e-06
7.26455e-06
4.45345e-06
3.70663e-06
-1.3627e-06
2.23341e-06
8.3852e-06
7.85795e-06
7.5405e-06
6.18685e-08
-2.69428e-07
-5.18005e-06
6.76591e-07
5.98997e-07
-5.63855e-06
-7.06695e-06
-5.95067e-06
-2.21422e-06
-5.21636e-06
-4.45707e-06
-8.48554e-06
-6.88116e-06
-3.817e-07
-6.25352e-06
-3.70017e-06
-8.7909e-06
-1.2223e-06
5.59376e-06
7.17086e-06
5.77813e-06
6.51791e-06
7.47462e-06
4.2932e-06
3.32797e-06
-7.44495e-07
2.26079e-06
8.82927e-06
8.08871e-06
7.56826e-06
6.0881e-07
-1.55855e-07
-5.49823e-06
5.17513e-07
1.4422e-06
-4.92801e-06
-6.49129e-06
-5.81243e-06
-3.15607e-06
-5.67341e-06
-4.49968e-06
-8.60976e-06
-5.8748e-06
-2.97465e-07
-6.1382e-06
-3.78485e-06
-8.82813e-06
-1.20801e-06
5.20955e-06
6.73665e-06
6.16822e-06
6.54008e-06
7.46072e-06
4.07202e-06
2.94455e-06
-2.59676e-07
2.03114e-06
9.17253e-06
7.955e-06
7.41025e-06
9.35415e-07
-1.05679e-07
-5.87041e-06
3.01612e-07
2.26639e-06
-4.0569e-06
-6.1817e-06
-5.86956e-06
-4.13624e-06
-6.36205e-06
-4.65796e-06
-8.38333e-06
-4.80356e-06
-2.32128e-07
-5.93498e-06
-3.84321e-06
-8.71511e-06
-1.14915e-06
4.87949e-06
6.38867e-06
6.54362e-06
6.42829e-06
7.18054e-06
3.73942e-06
2.59466e-06
7.42116e-08
1.71776e-06
9.25396e-06
7.51121e-06
7.08602e-06
1.07786e-06
-2.47404e-07
-6.21195e-06
9.62012e-08
2.96564e-06
-3.18654e-06
-6.07405e-06
-5.96148e-06
-4.80883e-06
-7.22149e-06
-4.93646e-06
-7.96391e-06
-3.71854e-06
-1.3711e-07
-5.65851e-06
-3.92215e-06
-8.508e-06
-1.05077e-06
4.61185e-06
6.12542e-06
6.91587e-06
6.23572e-06
6.89137e-06
3.36668e-06
2.19149e-06
2.33311e-07
1.51816e-06
9.07987e-06
6.92135e-06
6.67236e-06
1.1119e-06
-3.55652e-07
-6.32734e-06
8.18408e-08
3.35343e-06
-2.52212e-06
-6.03045e-06
-6.02746e-06
-5.194e-06
-8.11724e-06
-5.2515e-06
-7.65942e-06
-2.97525e-06
8.99557e-08
-5.25666e-06
-4.04504e-06
-8.26988e-06
-9.15683e-07
4.36287e-06
5.9985e-06
7.36473e-06
6.03402e-06
6.66589e-06
3.0312e-06
1.77679e-06
2.38337e-07
1.44489e-06
8.77132e-06
6.47843e-06
6.38401e-06
1.02289e-06
-4.62636e-07
-6.20613e-06
1.60815e-07
3.38948e-06
-2.09553e-06
-5.95645e-06
-6.06772e-06
-5.38568e-06
-8.84124e-06
-5.59524e-06
-7.35806e-06
-2.4999e-06
5.20815e-07
-4.75878e-06
-4.26184e-06
-7.99914e-06
-8.05308e-07
4.04503e-06
5.95962e-06
7.80219e-06
5.80174e-06
6.38761e-06
2.58785e-06
1.27583e-06
4.68347e-09
1.38293e-06
8.36508e-06
6.27293e-06
6.3105e-06
5.93062e-07
-8.97145e-07
-6.04363e-06
1.10633e-07
3.16891e-06
-1.78524e-06
-5.80551e-06
-6.11122e-06
-5.45462e-06
-9.03422e-06
-5.76243e-06
-6.83116e-06
-1.91727e-06
1.28672e-06
-4.27541e-06
-4.58911e-06
-7.64325e-06
-7.80939e-07
3.69144e-06
5.98744e-06
7.99974e-06
5.37987e-06
5.87417e-06
1.92893e-06
5.10579e-07
-4.29908e-07
1.37971e-06
7.83944e-06
6.20522e-06
6.32967e-06
-1.42642e-07
-1.60822e-06
-5.72714e-06
-1.1386e-07
2.84253e-06
-1.4482e-06
-5.53101e-06
-6.0902e-06
-5.6139e-06
-8.55459e-06
-5.48227e-06
-6.12695e-06
-1.35906e-06
2.24051e-06
-3.84409e-06
-4.92685e-06
-7.18833e-06
-8.33355e-07
3.42321e-06
6.18573e-06
7.97151e-06
4.8016e-06
5.12427e-06
1.12679e-06
-3.75062e-07
-9.05876e-07
1.56423e-06
7.3728e-06
6.22606e-06
6.31127e-06
-8.20022e-07
-1.94953e-06
-4.87427e-06
-3.73072e-07
2.42922e-06
-1.10865e-06
-5.17054e-06
-5.92444e-06
-5.8989e-06
-7.73704e-06
-4.78187e-06
-5.42946e-06
-1.17801e-06
2.99495e-06
-3.40942e-06
-5.22626e-06
-6.62948e-06
-9.91882e-07
3.3821e-06
6.64246e-06
7.98811e-06
4.35785e-06
4.36851e-06
3.09342e-07
-1.14989e-06
-1.27157e-06
1.98187e-06
7.13376e-06
6.39364e-06
6.23574e-06
-1.1371e-06
-1.61943e-06
-3.5698e-06
-5.17554e-07
1.92044e-06
-8.64214e-07
-4.78897e-06
-5.61048e-06
-6.0643e-06
-7.00271e-06
-3.71601e-06
-4.47728e-06
-1.29832e-06
3.26786e-06
-3.16463e-06
-5.45904e-06
-6.02475e-06
-1.20926e-06
3.60349e-06
7.29872e-06
8.18616e-06
4.2842e-06
3.95715e-06
-3.11457e-07
-1.70583e-06
-1.51906e-06
2.54923e-06
7.12212e-06
6.67411e-06
6.17536e-06
-9.89961e-07
-9.06068e-07
-2.15356e-06
-4.75615e-07
1.41875e-06
-6.94788e-07
-4.3719e-06
-5.23474e-06
-5.95334e-06
-6.48112e-06
-2.58214e-06
-3.05455e-06
-1.21407e-06
2.97508e-06
-3.22346e-06
-5.56462e-06
-5.48467e-06
-1.40318e-06
3.93466e-06
8.04338e-06
8.50003e-06
4.61443e-06
4.02744e-06
-6.22739e-07
-2.03117e-06
-1.72097e-06
3.06599e-06
7.33969e-06
7.07109e-06
6.11954e-06
-4.13083e-07
-1.13702e-07
-7.86043e-07
-3.80868e-07
9.77796e-07
-4.27872e-07
-3.90446e-06
-5.04259e-06
-5.57339e-06
-6.02919e-06
-1.72581e-06
-1.50917e-06
-7.37505e-07
2.36103e-06
-3.49711e-06
-5.40553e-06
-5.15747e-06
-1.56868e-06
4.19005e-06
8.82968e-06
8.78107e-06
5.21719e-06
4.38649e-06
-6.62545e-07
-2.16124e-06
-1.84133e-06
3.47486e-06
7.72017e-06
7.61446e-06
6.01683e-06
4.31662e-07
6.64942e-07
2.96753e-07
-3.95552e-07
7.29163e-07
-8.64706e-08
-3.43732e-06
-5.05796e-06
-5.13532e-06
-5.5075e-06
-1.12861e-06
-2.16332e-07
4.7084e-08
1.65764e-06
-3.81415e-06
-5.1318e-06
-5.00396e-06
-1.80292e-06
4.24459e-06
9.63177e-06
8.81937e-06
5.86152e-06
4.81067e-06
-4.58021e-07
-2.1664e-06
-1.81761e-06
3.78125e-06
8.16661e-06
8.27912e-06
5.86712e-06
1.22099e-06
1.40516e-06
1.02708e-06
-5.17175e-07
6.94152e-07
2.53752e-07
-2.95309e-06
-5.13255e-06
-4.86801e-06
-5.07988e-06
-6.93239e-07
6.87636e-07
1.04587e-06
9.74119e-07
-4.09581e-06
-5.00515e-06
-5.00373e-06
-2.18723e-06
4.13008e-06
1.02941e-05
8.57402e-06
6.43564e-06
5.27554e-06
-7.77666e-08
-2.11498e-06
-1.6785e-06
3.9372e-06
8.59734e-06
9.06616e-06
5.69727e-06
1.74021e-06
2.14672e-06
1.53732e-06
-6.46984e-07
6.80532e-07
5.54859e-07
-2.34364e-06
-5.09101e-06
-4.83929e-06
-4.99382e-06
-3.80684e-07
1.28064e-06
2.00943e-06
4.29394e-07
-4.32336e-06
-5.05217e-06
-5.20263e-06
-2.71504e-06
3.92225e-06
1.05704e-05
8.17229e-06
7.11291e-06
5.89845e-06
4.67147e-07
-2.0329e-06
-1.45778e-06
3.91321e-06
9.01219e-06
9.90883e-06
5.48256e-06
2.06179e-06
2.98385e-06
1.84413e-06
-6.97205e-07
5.35328e-07
7.89385e-07
-1.56713e-06
-4.81642e-06
-5.04862e-06
-5.28233e-06
-2.07781e-07
1.65407e-06
2.69263e-06
1.1699e-07
-4.47715e-06
-5.1695e-06
-5.54861e-06
-3.26398e-06
3.69428e-06
1.03821e-05
7.8897e-06
8.05557e-06
6.70798e-06
1.16692e-06
-1.83966e-06
-1.12474e-06
3.83656e-06
9.4575e-06
1.05826e-05
5.15432e-06
2.33936e-06
3.97628e-06
1.91678e-06
-6.66216e-07
2.08089e-07
9.08456e-07
-7.54614e-07
-4.39378e-06
-5.42114e-06
-5.74424e-06
-1.43705e-07
1.79609e-06
2.92351e-06
3.06622e-08
-4.51316e-06
-5.35774e-06
-6.0165e-06
-3.80927e-06
3.46814e-06
9.8126e-06
7.75807e-06
9.14223e-06
7.42162e-06
1.86047e-06
-1.55877e-06
-8.13514e-07
3.89729e-06
9.89502e-06
1.09108e-05
4.71633e-06
2.64319e-06
5.10165e-06
1.74273e-06
-6.27093e-07
-2.73635e-07
8.99488e-07
-1.38505e-07
-4.01977e-06
-5.88664e-06
-6.29039e-06
-5.2883e-08
1.78759e-06
2.74662e-06
9.35296e-08
-4.38494e-06
-5.59838e-06
-6.60575e-06
-4.30701e-06
3.20576e-06
9.03927e-06
7.5964e-06
1.00078e-05
7.71653e-06
2.32055e-06
-1.36109e-06
-6.66555e-07
3.99861e-06
1.02672e-05
1.09583e-05
4.26884e-06
2.90771e-06
6.22053e-06
1.37411e-06
-6.56415e-07
-9.07113e-07
7.1854e-07
1.25031e-07
-3.81785e-06
-6.32606e-06
-6.89585e-06
1.38799e-07
1.76162e-06
2.28862e-06
1.60958e-07
-4.17977e-06
-5.79893e-06
-7.19872e-06
-4.66284e-06
2.96938e-06
8.29003e-06
7.31289e-06
1.05253e-05
7.59619e-06
2.52521e-06
-1.33797e-06
-7.39222e-07
3.879e-06
1.04854e-05
1.08464e-05
3.94547e-06
3.09496e-06
7.19165e-06
1.00217e-06
-7.62268e-07
-1.61468e-06
3.7292e-07
-7.41001e-08
-3.80767e-06
-6.6313e-06
-7.49447e-06
4.34462e-07
1.67016e-06
1.69132e-06
5.30814e-08
-4.09568e-06
-5.84965e-06
-7.7142e-06
-4.91813e-06
2.78991e-06
7.73659e-06
6.88843e-06
1.08436e-05
7.17762e-06
2.62687e-06
-1.35685e-06
-1.1313e-06
3.42559e-06
1.04662e-05
1.06044e-05
3.88705e-06
3.1312e-06
7.96264e-06
7.07644e-07
-7.94746e-07
-2.20941e-06
-1.06879e-07
-6.60903e-07
-3.91863e-06
-6.74368e-06
-8.08469e-06
7.86572e-07
1.36258e-06
9.68574e-07
-1.95369e-07
-4.23514e-06
-5.73687e-06
-8.17642e-06
-5.2429e-06
2.62714e-06
7.39103e-06
6.38294e-06
1.11262e-05
6.58879e-06
2.73615e-06
-1.24995e-06
-1.8049e-06
2.69389e-06
1.02622e-05
1.01779e-05
4.14043e-06
2.95343e-06
8.44448e-06
4.29983e-07
-7.45589e-07
-2.57084e-06
-6.93962e-07
-1.43941e-06
-4.012e-06
-6.58067e-06
-8.52664e-06
1.11025e-06
7.80281e-07
9.43186e-08
-4.80081e-07
-4.61553e-06
-5.553e-06
-8.54898e-06
-5.62693e-06
2.5451e-06
7.27586e-06
5.90691e-06
1.1463e-05
6.07213e-06
2.93305e-06
-9.80514e-07
-2.52863e-06
1.86521e-06
9.91425e-06
9.6267e-06
4.3969e-06
2.58451e-06
8.50253e-06
4.16252e-08
-6.37643e-07
-2.74714e-06
-1.36322e-06
-2.32558e-06
-4.09347e-06
-6.10303e-06
-8.71394e-06
1.33279e-06
4.04003e-08
-9.6996e-07
-7.70473e-07
-5.16955e-06
-5.38596e-06
-8.76038e-06
-5.82984e-06
2.74157e-06
7.50067e-06
5.57535e-06
1.18962e-05
5.81671e-06
3.18787e-06
-6.43471e-07
-3.12768e-06
1.04454e-06
9.30732e-06
9.03908e-06
4.43732e-06
2.04805e-06
8.12831e-06
-4.60922e-07
-4.35884e-07
-2.75323e-06
-2.01829e-06
-3.22629e-06
-4.22499e-06
-5.4211e-06
-8.56531e-06
1.44398e-06
-6.7166e-07
-2.1216e-06
-1.13113e-06
-5.82183e-06
-5.34175e-06
-8.78834e-06
-5.74097e-06
3.34644e-06
8.02729e-06
5.38763e-06
1.22441e-05
5.81533e-06
3.20367e-06
-3.67602e-07
-3.59812e-06
2.9947e-07
8.47366e-06
8.47216e-06
4.28103e-06
1.45698e-06
7.54089e-06
-9.41274e-07
-9.99832e-08
-2.64355e-06
-2.52843e-06
-4.07536e-06
-4.51584e-06
-4.65277e-06
-8.14287e-06
1.56882e-06
-1.36642e-06
-3.19971e-06
-1.5464e-06
-6.43472e-06
-5.37376e-06
-8.73565e-06
-5.43129e-06
4.18056e-06
8.62565e-06
5.18268e-06
1.23327e-05
5.80315e-06
3.00352e-06
-6.6234e-08
-3.82637e-06
-3.13008e-07
7.67328e-06
7.89908e-06
4.00012e-06
9.43259e-07
6.93206e-06
-1.28718e-06
2.7713e-07
-2.49812e-06
-2.98555e-06
-4.87475e-06
-4.82912e-06
-3.89387e-06
-7.67011e-06
1.73733e-06
-2.09201e-06
-4.23088e-06
-1.93747e-06
-6.94682e-06
-5.40726e-06
-8.68196e-06
-5.01882e-06
4.99711e-06
9.07021e-06
4.92637e-06
1.20811e-05
5.63267e-06
2.8841e-06
4.25774e-07
-3.69271e-06
-7.66868e-07
7.19326e-06
7.43686e-06
3.64041e-06
5.79405e-07
6.42265e-06
-1.5564e-06
5.34112e-07
-2.48586e-06
-3.50427e-06
-5.64923e-06
-5.02533e-06
-3.18657e-06
-7.314e-06
1.84187e-06
-3.06132e-06
-5.37923e-06
-2.26154e-06
-7.32643e-06
-5.45073e-06
-8.71074e-06
-4.56066e-06
5.57072e-06
9.2256e-06
4.68868e-06
1.1452e-05
5.3624e-06
2.91466e-06
1.01024e-06
-3.29413e-06
-9.86843e-07
7.04229e-06
7.22285e-06
3.13298e-06
3.51047e-07
6.09988e-06
-1.81579e-06
6.64787e-07
-2.6874e-06
-4.07914e-06
-6.40642e-06
-5.17743e-06
-2.58654e-06
-7.09203e-06
1.85867e-06
-4.31597e-06
-6.60684e-06
-2.46688e-06
-7.39987e-06
-5.49597e-06
-8.81488e-06
-4.12351e-06
5.81229e-06
9.16659e-06
4.57804e-06
1.05349e-05
5.24757e-06
3.03361e-06
1.47385e-06
-2.83551e-06
-1.03894e-06
7.02341e-06
7.21724e-06
2.48592e-06
1.60804e-07
5.93165e-06
-2.12622e-06
7.8603e-07
-2.91455e-06
-4.62959e-06
-7.08442e-06
-5.42492e-06
-2.09879e-06
-6.7954e-06
1.90193e-06
-5.45982e-06
-7.74261e-06
-2.58168e-06
-7.117e-06
-5.43167e-06
-8.88589e-06
-3.65508e-06
5.84585e-06
9.12209e-06
4.63676e-06
9.53742e-06
5.45119e-06
3.25436e-06
1.76265e-06
-2.52157e-06
-8.95354e-07
6.94964e-06
7.34752e-06
2.03228e-06
-1.04613e-07
5.74436e-06
-2.55039e-06
9.22823e-07
-2.94267e-06
-5.07434e-06
-7.55928e-06
-5.87896e-06
-1.58329e-06
-6.28727e-06
2.19822e-06
-6.0798e-06
-8.68895e-06
-2.69907e-06
-6.61336e-06
-5.22592e-06
-8.84338e-06
-3.07623e-06
5.85864e-06
9.08752e-06
4.77088e-06
8.58018e-06
5.79415e-06
3.56097e-06
1.88198e-06
-2.51656e-06
-5.97096e-07
6.77165e-06
7.67085e-06
1.99003e-06
-5.08998e-07
5.36239e-06
-3.08403e-06
1.02415e-06
-2.77613e-06
-5.456e-06
-7.89858e-06
-6.59835e-06
-8.48095e-07
-5.54598e-06
2.51136e-06
-6.22991e-06
-9.43143e-06
-2.75305e-06
-6.08533e-06
-4.92097e-06
-8.69303e-06
-2.45961e-06
5.90707e-06
9.00801e-06
4.79657e-06
7.58964e-06
6.07694e-06
3.96021e-06
1.85628e-06
-2.95779e-06
-2.41972e-07
6.41752e-06
8.08598e-06
2.28469e-06
-1.03669e-06
4.66576e-06
-3.53084e-06
1.14234e-06
-2.57237e-06
-5.81012e-06
-8.14384e-06
-7.47411e-06
1.57834e-09
-4.86267e-06
2.36682e-06
-6.2631e-06
-1.00324e-05
-2.59854e-06
-5.62542e-06
-4.57169e-06
-8.52939e-06
-1.95523e-06
6.018e-06
8.92168e-06
4.61669e-06
6.60411e-06
6.30473e-06
4.51919e-06
1.85992e-06
-3.70775e-06
-1.16925e-07
6.00332e-06
8.27549e-06
2.71502e-06
-1.65386e-06
3.79938e-06
-3.71163e-06
1.36964e-06
-2.39698e-06
-6.09642e-06
-8.40289e-06
-8.30835e-06
6.48118e-07
-4.64855e-06
1.59899e-06
-6.43984e-06
-1.05099e-05
-2.22957e-06
-5.29493e-06
-4.23777e-06
-8.42929e-06
-1.62343e-06
6.26792e-06
8.90488e-06
4.40912e-06
5.88224e-06
6.55775e-06
5.17206e-06
2.05967e-06
-4.36957e-06
-2.97032e-07
5.7117e-06
8.08085e-06
3.18329e-06
-2.27157e-06
2.99812e-06
-3.676e-06
1.60525e-06
-2.24536e-06
-6.24389e-06
-8.76262e-06
-8.98374e-06
8.38203e-07
-4.83211e-06
3.53053e-07
-6.76893e-06
-1.08009e-05
-1.83039e-06
-5.21524e-06
-3.99917e-06
-8.37291e-06
-1.4844e-06
6.58964e-06
8.98373e-06
4.3896e-06
5.5744e-06
6.94466e-06
5.71488e-06
2.59669e-06
-4.54701e-06
-4.31763e-07
5.56088e-06
7.63472e-06
3.66516e-06
-2.7252e-06
2.30814e-06
-3.71204e-06
1.57975e-06
-2.12335e-06
-6.238e-06
-9.25807e-06
-9.4227e-06
6.30995e-07
-5.14048e-06
-1.12024e-06
-7.1167e-06
-1.08546e-05
-1.52703e-06
-5.40918e-06
-3.89565e-06
-8.31292e-06
-1.47581e-06
6.86205e-06
9.04296e-06
4.5123e-06
5.63139e-06
7.39931e-06
6.03849e-06
3.35051e-06
-4.12685e-06
-2.22514e-07
5.55174e-06
7.22609e-06
4.2478e-06
-2.88511e-06
1.67105e-06
-3.89412e-06
1.40215e-06
-1.9775e-06
-6.18718e-06
-9.70195e-06
)
;
    }
    topWall
    {
        type            calculated;
        value           nonuniform List<scalar> 
1200
(
-2.89638e-06
8.20986e-07
8.91905e-08
3.26425e-06
2.96981e-06
-8.61441e-06
-1.65603e-06
7.16353e-07
-2.57884e-06
-1.6786e-06
6.51573e-06
7.62557e-06
9.51078e-07
-5.15211e-06
3.84006e-06
1.09451e-06
-3.71473e-06
2.58971e-06
-6.37055e-06
-7.39599e-06
-5.85717e-06
-2.79407e-06
-4.163e-07
2.79112e-06
3.43356e-06
5.7763e-06
5.44486e-06
-1.73788e-07
-2.86156e-06
-2.44142e-06
-3.29026e-06
1.33603e-06
3.82321e-08
2.87229e-06
3.53387e-06
-8.4709e-06
-1.3373e-06
1.76966e-06
-2.09465e-06
-1.49785e-06
6.7139e-06
8.07452e-06
1.62923e-06
-4.86331e-06
4.20872e-06
1.00946e-06
-3.55765e-06
3.13828e-06
-5.83907e-06
-7.01546e-06
-6.03127e-06
-2.90033e-06
-3.07538e-08
3.02428e-06
3.48085e-06
6.00535e-06
5.55914e-06
-5.02914e-07
-2.80113e-06
-2.45357e-06
-3.68868e-06
1.72066e-06
-1.8259e-08
2.50784e-06
3.75527e-06
-8.39012e-06
-1.08113e-06
2.60466e-06
-1.76122e-06
-1.64989e-06
6.64016e-06
8.04078e-06
2.49939e-06
-4.20051e-06
4.44615e-06
8.26152e-07
-3.15928e-06
3.54743e-06
-5.20922e-06
-6.34248e-06
-6.10956e-06
-2.86663e-06
2.81695e-07
3.04851e-06
3.51488e-06
6.24591e-06
5.5139e-06
-7.48975e-07
-2.8924e-06
-2.45053e-06
-3.85412e-06
2.00819e-06
-1.55332e-08
2.1341e-06
3.46468e-06
-8.20997e-06
-8.28578e-07
3.23252e-06
-1.55285e-06
-1.80245e-06
6.29086e-06
7.53629e-06
3.45649e-06
-3.48143e-06
4.43333e-06
6.36592e-07
-2.61287e-06
3.72358e-06
-4.63402e-06
-5.52288e-06
-6.21174e-06
-2.66443e-06
6.80418e-07
2.95649e-06
3.6032e-06
6.52449e-06
5.30048e-06
-6.79678e-07
-3.04376e-06
-2.64895e-06
-3.82349e-06
2.41674e-06
2.08659e-07
1.70536e-06
2.85625e-06
-7.80442e-06
-5.15682e-07
3.58797e-06
-1.29445e-06
-1.74434e-06
5.74148e-06
6.72123e-06
4.39199e-06
-2.95936e-06
4.00382e-06
4.02212e-07
-2.03856e-06
3.63209e-06
-3.99157e-06
-4.74346e-06
-6.53201e-06
-2.45763e-06
1.01532e-06
2.84252e-06
3.87832e-06
6.84158e-06
4.96715e-06
-3.91725e-07
-3.07303e-06
-3.12118e-06
-3.73882e-06
2.84055e-06
5.67679e-07
1.14631e-06
2.23985e-06
-7.00254e-06
-1.72383e-07
3.63791e-06
-8.76638e-07
-1.56435e-06
5.09878e-06
5.84533e-06
5.18946e-06
-2.62431e-06
3.27773e-06
8.76749e-08
-1.43394e-06
3.26613e-06
-3.14345e-06
-4.08427e-06
-7.02971e-06
-2.3964e-06
9.46835e-07
2.77247e-06
4.4265e-06
7.26171e-06
4.56044e-06
-1.30286e-07
-2.92026e-06
-3.71817e-06
-3.55321e-06
2.97331e-06
8.3783e-07
6.14477e-07
1.78143e-06
-5.81649e-06
1.91185e-07
3.50461e-06
-1.66624e-07
-1.35294e-06
4.49228e-06
5.15725e-06
5.75859e-06
-2.22329e-06
2.6149e-06
-1.90733e-07
-8.03806e-07
2.69673e-06
-2.22888e-06
-3.6412e-06
-7.37223e-06
-2.38656e-06
4.97392e-07
2.6873e-06
5.19689e-06
7.78218e-06
4.18164e-06
8.59595e-08
-2.72381e-06
-4.36129e-06
-3.2714e-06
2.78046e-06
1.02625e-06
3.98821e-07
1.5235e-06
-4.40917e-06
6.40145e-07
3.54971e-06
7.43567e-07
-1.0028e-06
4.08348e-06
4.91906e-06
5.98093e-06
-1.56077e-06
2.30342e-06
-2.4676e-07
-4.03078e-07
2.07825e-06
-1.46783e-06
-3.5615e-06
-7.5024e-06
-2.20241e-06
-8.98474e-09
2.54196e-06
5.93191e-06
8.31778e-06
3.92737e-06
3.16589e-07
-2.53801e-06
-5.09129e-06
-3.03695e-06
2.45715e-06
1.20049e-06
6.70132e-07
1.38728e-06
-3.13654e-06
1.16467e-06
3.81983e-06
1.5997e-06
-5.8374e-07
3.93965e-06
5.12684e-06
5.85606e-06
-6.779e-07
2.33452e-06
-1.23712e-07
-4.50969e-07
1.57366e-06
-9.64814e-07
-3.82025e-06
-7.54042e-06
-1.79975e-06
-3.36993e-07
2.36003e-06
6.39049e-06
8.71323e-06
3.73553e-06
5.74523e-07
-2.25574e-06
-5.76255e-06
-2.96583e-06
2.25241e-06
1.3198e-06
1.32378e-06
1.23814e-06
-2.29459e-06
1.72096e-06
4.00556e-06
2.26649e-06
-2.95105e-07
4.03214e-06
5.64404e-06
5.42835e-06
1.69083e-07
2.40651e-06
8.87633e-08
-7.30972e-07
1.38539e-06
-7.20646e-07
-4.13967e-06
-7.5775e-06
-1.33839e-06
-4.53391e-07
2.20698e-06
6.74589e-06
8.98068e-06
3.5265e-06
6.49898e-07
-1.88391e-06
-6.27886e-06
-2.96545e-06
2.32433e-06
1.4906e-06
1.97065e-06
1.00641e-06
-1.86121e-06
2.19913e-06
4.07276e-06
2.76893e-06
-1.66138e-07
4.40805e-06
6.24407e-06
4.77209e-06
7.82775e-07
2.35039e-06
3.75539e-07
-8.30516e-07
1.52417e-06
-5.46936e-07
-4.36641e-06
-7.65824e-06
-9.77792e-07
-3.65675e-07
2.15599e-06
7.23021e-06
9.19641e-06
3.23985e-06
4.64257e-07
-1.61299e-06
-6.82398e-06
-2.79416e-06
2.8717e-06
1.74263e-06
2.43095e-06
7.27276e-07
-1.60959e-06
2.5859e-06
4.24005e-06
3.07115e-06
-8.79799e-08
5.01601e-06
6.74689e-06
4.01274e-06
1.22e-06
2.0978e-06
7.17294e-07
-6.75188e-07
1.66764e-06
-3.60643e-07
-4.58436e-06
-7.6416e-06
-9.03552e-07
-3.24846e-07
2.12678e-06
7.72162e-06
9.24846e-06
2.88059e-06
1.96638e-07
-1.55195e-06
-7.43993e-06
-2.49043e-06
3.70307e-06
2.0242e-06
2.82438e-06
5.70251e-07
-1.27857e-06
2.95139e-06
4.63444e-06
3.14372e-06
7.02401e-08
5.68831e-06
7.15658e-06
3.25736e-06
1.59345e-06
1.77929e-06
1.0862e-06
-5.63465e-07
1.54736e-06
-2.43096e-07
-4.76869e-06
-7.43624e-06
-1.09459e-06
-5.40534e-07
2.03367e-06
7.98917e-06
8.99896e-06
2.62482e-06
7.10382e-08
-1.57548e-06
-8.00832e-06
-2.11766e-06
4.29202e-06
2.30676e-06
3.19502e-06
5.36839e-07
-7.66339e-07
3.24183e-06
5.14146e-06
3.04684e-06
3.8215e-07
6.10668e-06
7.47362e-06
2.51885e-06
1.92748e-06
1.61456e-06
1.44597e-06
-7.14796e-07
1.21428e-06
-2.05874e-07
-4.76733e-06
-7.00737e-06
-1.21295e-06
-8.60395e-07
1.98357e-06
8.03509e-06
8.52942e-06
2.42674e-06
1.80189e-07
-1.57691e-06
-8.38812e-06
-1.67301e-06
4.58251e-06
2.73479e-06
3.57958e-06
5.35416e-07
-1.25181e-07
3.2401e-06
5.41299e-06
2.85274e-06
6.97717e-07
6.13203e-06
7.73762e-06
1.83926e-06
2.10873e-06
1.56778e-06
1.67648e-06
-1.00909e-06
8.48264e-07
-9.25859e-08
-4.71322e-06
-6.52821e-06
-1.18884e-06
-1.02217e-06
2.07206e-06
8.19222e-06
7.95455e-06
2.08656e-06
4.42772e-07
-1.60695e-06
-8.54231e-06
-1.29127e-06
4.71624e-06
3.21409e-06
4.03191e-06
3.62254e-07
3.54233e-07
2.7451e-06
5.16631e-06
2.59324e-06
1.02363e-06
6.01792e-06
8.03966e-06
1.32553e-06
2.08942e-06
1.47461e-06
1.75823e-06
-1.26457e-06
5.89449e-07
5.7593e-08
-4.72178e-06
-6.26219e-06
-1.24333e-06
-1.2059e-06
2.14434e-06
8.58443e-06
7.34367e-06
1.4612e-06
6.66824e-07
-1.79082e-06
-8.47762e-06
-1.11029e-06
4.64737e-06
3.61958e-06
4.37102e-06
-5.04528e-08
4.80562e-07
1.81827e-06
4.41732e-06
2.31405e-06
1.47552e-06
5.97602e-06
8.29534e-06
1.03546e-06
1.88179e-06
1.31833e-06
1.81768e-06
-1.33857e-06
5.80228e-07
1.49391e-07
-4.7803e-06
-6.12421e-06
-1.40155e-06
-1.66085e-06
2.06565e-06
9.13708e-06
6.74928e-06
6.75549e-07
6.28462e-07
-2.2201e-06
-8.11774e-06
-1.08602e-06
4.31362e-06
4.03391e-06
4.44197e-06
-4.99571e-07
3.87788e-07
7.4236e-07
3.41856e-06
2.09251e-06
1.93523e-06
5.93367e-06
8.31174e-06
9.24876e-07
1.55279e-06
1.21409e-06
1.86106e-06
-1.17451e-06
8.94926e-07
3.2395e-07
-4.76623e-06
-5.92562e-06
-1.44263e-06
-2.05414e-06
1.85302e-06
9.79602e-06
6.24403e-06
-3.59795e-08
2.9873e-07
-2.77469e-06
-7.51823e-06
-1.18051e-06
3.71117e-06
4.4382e-06
4.2617e-06
-8.66403e-07
2.60873e-07
-2.27115e-07
2.54695e-06
1.95575e-06
2.1868e-06
5.8434e-06
7.99259e-06
8.20522e-07
1.15848e-06
1.24159e-06
1.85196e-06
-8.67886e-07
1.46693e-06
4.72859e-07
-4.70389e-06
-5.67691e-06
-1.33666e-06
-2.00202e-06
1.57503e-06
1.04363e-05
5.94055e-06
-5.04799e-07
-1.14983e-07
-3.21002e-06
-6.9281e-06
-1.3376e-06
2.88437e-06
4.80018e-06
3.90668e-06
-1.11175e-06
1.83311e-07
-9.32085e-07
2.17492e-06
1.91239e-06
2.22957e-06
5.65678e-06
7.33542e-06
5.55582e-07
8.04424e-07
1.27538e-06
1.72807e-06
-5.32377e-07
2.07823e-06
3.52293e-07
-4.70997e-06
-5.48434e-06
-1.25019e-06
-1.79484e-06
1.30699e-06
1.08851e-05
5.89057e-06
-6.45287e-07
-3.75961e-07
-3.36518e-06
-6.55716e-06
-1.41534e-06
1.95076e-06
5.05201e-06
3.5085e-06
-1.19921e-06
1.43774e-07
-1.33486e-06
2.25253e-06
1.77708e-06
2.04772e-06
5.44845e-06
6.33374e-06
1.68214e-07
5.7206e-07
1.18102e-06
1.57116e-06
-2.5954e-07
2.62041e-06
-1.2099e-07
-4.72818e-06
-5.23251e-06
-1.19775e-06
-1.61635e-06
1.08365e-06
1.11072e-05
6.07548e-06
-4.66273e-07
-4.56962e-07
-3.21544e-06
-6.38951e-06
-1.41346e-06
1.16915e-06
5.18331e-06
3.08741e-06
-1.06659e-06
-3.05784e-09
-1.56305e-06
2.39482e-06
1.34875e-06
1.68151e-06
5.31259e-06
5.02883e-06
-1.85078e-07
4.98463e-07
9.30091e-07
1.45278e-06
-2.16166e-08
2.99179e-06
-7.22437e-07
-4.74241e-06
-4.65194e-06
-1.06933e-06
-1.4526e-06
9.29895e-07
1.11267e-05
6.43639e-06
-1.26863e-07
-4.94539e-07
-2.97439e-06
-6.3383e-06
-1.36911e-06
6.35733e-07
5.18324e-06
2.66664e-06
-8.26372e-07
-2.47925e-07
-1.71635e-06
2.29444e-06
6.26869e-07
1.34105e-06
5.5018e-06
3.58608e-06
-4.39409e-07
6.08179e-07
6.36678e-07
1.35282e-06
2.75343e-07
3.09578e-06
-1.33622e-06
-4.89946e-06
-3.72871e-06
-7.99351e-07
-1.36361e-06
7.58359e-07
1.09116e-05
6.77088e-06
1.66945e-07
-6.20515e-07
-2.89049e-06
-6.29506e-06
-1.2142e-06
1.77898e-07
5.10014e-06
2.27253e-06
-5.49478e-07
-4.78811e-07
-1.64454e-06
1.96536e-06
-3.36067e-07
1.10781e-06
6.12106e-06
2.27048e-06
-6.71995e-07
8.53686e-07
4.44898e-07
1.18362e-06
5.77994e-07
2.93572e-06
-2.02416e-06
-5.30485e-06
-2.72583e-06
-4.26417e-07
-1.38431e-06
4.76317e-07
1.05287e-05
6.90502e-06
2.19028e-07
-6.68248e-07
-2.99006e-06
-6.30431e-06
-9.32444e-07
-3.64195e-07
4.91229e-06
1.8805e-06
-2.41597e-07
-6.31479e-07
-1.42042e-06
1.56984e-06
-1.46194e-06
7.91049e-07
6.91431e-06
1.36852e-06
-9.11431e-07
1.107e-06
3.00567e-07
8.58428e-07
7.38327e-07
2.64672e-06
-2.75765e-06
-5.98314e-06
-1.95272e-06
-2.30037e-08
-1.46899e-06
7.53701e-08
1.01167e-05
6.79049e-06
1.12148e-07
-4.56103e-07
-3.13895e-06
-6.55404e-06
-6.62015e-07
-7.77388e-07
4.5673e-06
1.6312e-06
5.96673e-09
-7.51827e-07
-1.17613e-06
1.20871e-06
-2.59107e-06
1.73669e-07
7.40083e-06
8.36919e-07
-1.08552e-06
1.13074e-06
2.15562e-07
4.13504e-07
6.92044e-07
2.36896e-06
-3.51062e-06
-6.82417e-06
-1.72109e-06
3.43192e-07
-1.57626e-06
-3.52651e-07
9.71629e-06
6.51184e-06
1.44377e-08
4.5557e-08
-3.3508e-06
-6.89027e-06
-5.12453e-07
-9.1251e-07
4.21357e-06
1.66488e-06
1.23579e-07
-9.90995e-07
-8.32501e-07
8.61891e-07
-3.67847e-06
-5.29494e-07
7.45073e-06
3.87415e-07
-1.15257e-06
9.25662e-07
1.70269e-07
5.74929e-08
4.96355e-07
2.17599e-06
-4.23216e-06
-7.65393e-06
-2.15462e-06
5.93341e-07
-1.74612e-06
-7.5224e-07
9.36568e-06
6.08514e-06
1.20853e-08
5.85827e-07
-3.63551e-06
-7.12877e-06
-4.87899e-07
-9.06228e-07
3.90855e-06
1.97504e-06
9.03021e-08
-1.38549e-06
-4.28798e-07
4.92759e-07
-4.79858e-06
-1.0825e-06
7.29879e-06
-1.2324e-07
-1.15001e-06
6.11e-07
3.8625e-08
-2.10877e-07
2.35717e-07
2.04223e-06
-4.88433e-06
-8.1849e-06
-2.99528e-06
7.31057e-07
-2.05512e-06
-1.0428e-06
9.03052e-06
5.48939e-06
1.77196e-08
9.47753e-07
-3.96919e-06
-7.38295e-06
-5.81941e-07
-1.00675e-06
3.79409e-06
2.45035e-06
-2.16851e-08
-1.92634e-06
-1.20848e-07
2.0631e-08
-5.95888e-06
-1.64141e-06
7.04174e-06
-5.25674e-07
-1.14241e-06
3.20862e-07
-1.29191e-07
-6.3476e-07
-4.82846e-08
1.83102e-06
-5.44413e-06
-8.28613e-06
-3.78576e-06
7.34422e-07
-2.45247e-06
-1.20185e-06
8.58872e-06
4.74784e-06
-6.7923e-08
1.11862e-06
-4.3149e-06
-7.75228e-06
-8.0969e-07
-1.25096e-06
4.00003e-06
2.91375e-06
-2.02479e-07
-2.68071e-06
1.96319e-08
-5.73075e-07
-6.99118e-06
-2.36952e-06
6.6003e-06
-6.80226e-07
-1.13452e-06
1.25644e-07
-1.87967e-07
-1.17764e-06
-3.18894e-07
1.47111e-06
-5.82241e-06
-8.0862e-06
-4.22528e-06
5.18306e-07
-2.78972e-06
-1.19204e-06
8.02419e-06
4.05771e-06
-2.62868e-07
1.26013e-06
-4.50086e-06
-8.10557e-06
-1.03639e-06
-1.3699e-06
4.53217e-06
3.23961e-06
-5.36043e-07
-3.60514e-06
-2.13427e-09
-1.1683e-06
-7.79082e-06
-3.25873e-06
5.88392e-06
-7.69131e-07
-1.08178e-06
-4.24684e-08
3.22973e-08
-1.6661e-06
-5.38713e-07
9.9987e-07
-6.04639e-06
-7.84874e-06
-4.31788e-06
9.36172e-08
-3.0012e-06
-9.19032e-07
7.37814e-06
3.63107e-06
-4.20213e-07
1.30415e-06
-4.31388e-06
-8.05754e-06
-1.19667e-06
-1.21655e-06
5.05129e-06
3.36451e-06
-9.62693e-07
-4.57897e-06
-1.08189e-07
-1.77817e-06
-8.34479e-06
-4.37295e-06
4.91018e-06
-9.08947e-07
-9.3494e-07
-3.58e-07
5.13784e-07
-1.97798e-06
-7.87475e-07
5.84731e-07
-6.17087e-06
-7.79428e-06
-4.26902e-06
-3.79098e-07
-3.11918e-06
-3.90497e-07
6.63634e-06
3.5242e-06
-3.91194e-07
1.08699e-06
-3.80291e-06
-7.47249e-06
-1.24721e-06
-9.78619e-07
5.17902e-06
3.26175e-06
-1.33314e-06
-5.51448e-06
-2.18995e-07
-2.51882e-06
-8.75049e-06
-5.60937e-06
3.84854e-06
-9.17418e-07
-7.31662e-07
-9.3127e-07
1.04295e-06
-2.11745e-06
-1.11704e-06
3.52454e-07
-6.2083e-06
-8.01731e-06
-4.2802e-06
-8.53301e-07
-3.11739e-06
2.07924e-07
5.8428e-06
3.69483e-06
-9.615e-08
6.59198e-07
-3.35142e-06
-6.53657e-06
-1.25261e-06
-7.71023e-07
4.81835e-06
3.084e-06
-1.57481e-06
-6.43337e-06
-3.24672e-07
-3.24366e-06
-8.95545e-06
-6.62706e-06
2.86991e-06
-5.45399e-07
-4.02126e-07
-1.69358e-06
1.37473e-06
-2.08245e-06
-1.56744e-06
2.35876e-07
-6.14154e-06
-8.50488e-06
-4.53322e-06
-1.42518e-06
-3.08182e-06
6.61358e-07
5.06205e-06
4.03058e-06
5.08812e-07
2.50672e-07
-3.18381e-06
-5.44858e-06
-1.31237e-06
-5.44065e-07
4.0312e-06
3.13304e-06
-1.57688e-06
-7.33957e-06
-4.16468e-07
-3.64525e-06
-8.6337e-06
-6.93707e-06
2.26473e-06
3.74818e-07
9.96626e-08
-2.49515e-06
1.56424e-06
-1.87998e-06
-2.04122e-06
1.17913e-07
-6.10378e-06
-8.9782e-06
-5.03086e-06
-2.12305e-06
-3.05103e-06
8.62257e-07
4.34897e-06
4.39824e-06
1.33381e-06
2.90438e-08
-3.27609e-06
-4.42055e-06
-1.52946e-06
-2.85448e-07
2.91088e-06
3.53255e-06
-1.18782e-06
-8.18969e-06
-5.76638e-07
-3.53038e-06
-7.62725e-06
-6.32745e-06
2.43822e-06
1.74135e-06
4.44644e-07
-3.21703e-06
1.8075e-06
-1.52936e-06
-2.43394e-06
1.63986e-07
-6.13595e-06
-9.00329e-06
-5.41902e-06
-2.61015e-06
-2.848e-06
9.45331e-07
3.79038e-06
4.76423e-06
2.25212e-06
-8.75144e-08
-3.43357e-06
-3.67467e-06
-1.93983e-06
-1.20473e-07
1.69391e-06
3.96401e-06
-4.15399e-07
-8.87812e-06
-9.53882e-07
-3.00754e-06
-6.23362e-06
-5.2562e-06
3.31583e-06
3.22415e-06
5.28809e-07
-3.77323e-06
2.10449e-06
-9.86038e-07
-2.77906e-06
5.28208e-07
-6.14262e-06
-8.6321e-06
-5.54522e-06
-2.68773e-06
-2.46171e-06
1.16841e-06
3.48038e-06
5.12758e-06
3.17973e-06
-1.67123e-07
-3.4912e-06
-3.25559e-06
-2.31607e-06
-8.81255e-08
7.87214e-07
4.13725e-06
5.74562e-07
-9.18184e-06
-1.50033e-06
-2.36391e-06
-4.9055e-06
-4.0947e-06
4.41422e-06
4.56683e-06
5.10386e-07
-4.24203e-06
2.44073e-06
-2.82729e-07
-3.11725e-06
1.03407e-06
-6.19928e-06
-8.28927e-06
-5.6193e-06
-2.61561e-06
-2.02735e-06
1.56475e-06
3.39007e-06
5.35999e-06
4.0482e-06
-1.63151e-07
-3.42664e-06
-3.00769e-06
-2.51012e-06
2.55942e-08
3.68762e-07
4.04188e-06
1.52368e-06
-9.073e-06
-1.9051e-06
-1.56924e-06
-3.88074e-06
-3.04783e-06
5.40414e-06
5.73864e-06
4.81312e-07
-4.68661e-06
2.86976e-06
4.08609e-07
-3.43953e-06
1.53813e-06
-6.3716e-06
-7.99595e-06
-5.66573e-06
-2.62387e-06
-1.53421e-06
1.97802e-06
3.38537e-06
5.44753e-06
4.74279e-06
-8.00553e-08
-3.26181e-06
-2.72856e-06
-2.64059e-06
3.4019e-07
1.84265e-07
3.70394e-06
2.29919e-06
-8.80805e-06
-1.93317e-06
-4.8885e-07
-3.16162e-06
-2.24242e-06
6.08992e-06
6.7803e-06
5.6879e-07
-5.03624e-06
3.36587e-06
9.03169e-07
-3.65584e-06
2.03537e-06
-6.52513e-06
-7.66395e-06
-5.69596e-06
-2.69788e-06
-9.59095e-07
2.38601e-06
3.40553e-06
5.56761e-06
5.1833e-06
-2.55785e-08
-3.03694e-06
-2.4955e-06
)
;
    }
    sides1_half0
    {
        type            cyclic;
    }
    sides1_half1
    {
        type            cyclic;
    }
    sides2_half0
    {
        type            cyclic;
    }
    sides2_half1
    {
        type            cyclic;
    }
    inout1_half0
    {
        type            cyclic;
    }
    inout1_half1
    {
        type            cyclic;
    }
    inout2_half0
    {
        type            cyclic;
    }
    inout2_half1
    {
        type            cyclic;
    }
}


// ************************************************************************* //
