/*--------------------------------*- C++ -*----------------------------------*\
| =========                 |                                                 |
| \\      /  F ield         | OpenFOAM: The Open Source CFD Toolbox           |
|  \\    /   O peration     | Version:  v2006                                 |
|   \\  /    A nd           | Website:  www.openfoam.com                      |
|    \\/     M anipulation  |                                                 |
\*---------------------------------------------------------------------------*/
FoamFile
{
    version     2.0;
    format      ascii;
    class       volScalarField;
    location    "1000";
    object      pPrime2Mean;
}
// * * * * * * * * * * * * * * * * * * * * * * * * * * * * * * * * * * * * * //

dimensions      [0 4 -4 0 0 0 0];


internalField   nonuniform List<scalar> 
60000
(
1.07502e-08
8.87466e-09
1.4394e-08
2.15423e-08
2.41916e-08
2.31021e-08
2.1639e-08
2.0765e-08
2.00272e-08
1.9676e-08
2.03904e-08
2.18595e-08
2.24884e-08
2.19987e-08
2.17279e-08
2.22153e-08
2.25639e-08
2.23619e-08
2.23066e-08
2.26351e-08
2.29934e-08
2.31902e-08
2.30958e-08
2.22357e-08
2.05067e-08
1.90409e-08
1.87528e-08
1.8717e-08
1.88375e-08
2.00598e-08
2.1555e-08
2.26004e-08
2.37765e-08
2.495e-08
2.52475e-08
2.41693e-08
2.28554e-08
2.27481e-08
2.19723e-08
1.73547e-08
1.08571e-08
8.94801e-09
1.45059e-08
2.17129e-08
2.43554e-08
2.32267e-08
2.17555e-08
2.08848e-08
2.01332e-08
1.97684e-08
2.04904e-08
2.19844e-08
2.26357e-08
2.21433e-08
2.18652e-08
2.23572e-08
2.27173e-08
2.25174e-08
2.2452e-08
2.27729e-08
2.31331e-08
2.3341e-08
2.32594e-08
2.23955e-08
2.06413e-08
1.91359e-08
1.8832e-08
1.8802e-08
1.89198e-08
2.01528e-08
2.16678e-08
2.27087e-08
2.38795e-08
2.5075e-08
2.54041e-08
2.43341e-08
2.29964e-08
2.28932e-08
2.21508e-08
1.75228e-08
1.11147e-08
9.13135e-09
1.47446e-08
2.20501e-08
2.46793e-08
2.34753e-08
2.19868e-08
2.11315e-08
2.0368e-08
1.99886e-08
2.07349e-08
2.22743e-08
2.29547e-08
2.24588e-08
2.21669e-08
2.26648e-08
2.30255e-08
2.28188e-08
2.27399e-08
2.3022e-08
2.33433e-08
2.35807e-08
2.36012e-08
2.28021e-08
2.10096e-08
1.94125e-08
1.90373e-08
1.89754e-08
1.90857e-08
2.03495e-08
2.19145e-08
2.29611e-08
2.41008e-08
2.52852e-08
2.56229e-08
2.45701e-08
2.32483e-08
2.31568e-08
2.24612e-08
1.78536e-08
1.14613e-08
9.35606e-09
1.49833e-08
2.23993e-08
2.50519e-08
2.38551e-08
2.24064e-08
2.15558e-08
2.07414e-08
2.03268e-08
2.11159e-08
2.27141e-08
2.34205e-08
2.29265e-08
2.26412e-08
2.31448e-08
2.3466e-08
2.31717e-08
2.3012e-08
2.32348e-08
2.35066e-08
2.37632e-08
2.39388e-08
2.33045e-08
2.15349e-08
1.98399e-08
1.93482e-08
1.92124e-08
1.93321e-08
2.07095e-08
2.23925e-08
2.33985e-08
2.43996e-08
2.55362e-08
2.58601e-08
2.47753e-08
2.34887e-08
2.34581e-08
2.28263e-08
1.82628e-08
1.17453e-08
9.49256e-09
1.50785e-08
2.26012e-08
2.52943e-08
2.41925e-08
2.29723e-08
2.22252e-08
2.1285e-08
2.07423e-08
2.15559e-08
2.32135e-08
2.39458e-08
2.34594e-08
2.3191e-08
2.36777e-08
2.38564e-08
2.33421e-08
2.30291e-08
2.32011e-08
2.3473e-08
2.37692e-08
2.40892e-08
2.36708e-08
2.2049e-08
2.02998e-08
1.96683e-08
1.94394e-08
1.95329e-08
2.10279e-08
2.29187e-08
2.39503e-08
2.47498e-08
2.5768e-08
2.60535e-08
2.48981e-08
2.36296e-08
2.36116e-08
2.30418e-08
1.85678e-08
1.18208e-08
9.43303e-09
1.49545e-08
2.25083e-08
2.51785e-08
2.41426e-08
2.32749e-08
2.28806e-08
2.19844e-08
2.12632e-08
2.1977e-08
2.36737e-08
2.4464e-08
2.40205e-08
2.37458e-08
2.41602e-08
2.41319e-08
2.32848e-08
2.27756e-08
2.29858e-08
2.33131e-08
2.36302e-08
2.40277e-08
2.38559e-08
2.24982e-08
2.0773e-08
1.99436e-08
1.95506e-08
1.96124e-08
2.12091e-08
2.33347e-08
2.44542e-08
2.51142e-08
2.59776e-08
2.6152e-08
2.49729e-08
2.37102e-08
2.35883e-08
2.29943e-08
1.86385e-08
1.18037e-08
9.29523e-09
1.47211e-08
2.22245e-08
2.48381e-08
2.38198e-08
2.32201e-08
2.32612e-08
2.25808e-08
2.17434e-08
2.22481e-08
2.37869e-08
2.46015e-08
2.43251e-08
2.41374e-08
2.44664e-08
2.42171e-08
2.30834e-08
2.24442e-08
2.27521e-08
2.31154e-08
2.3325e-08
2.37204e-08
2.38362e-08
2.28535e-08
2.12786e-08
2.02777e-08
1.96922e-08
1.96809e-08
2.13224e-08
2.35997e-08
2.47859e-08
2.53981e-08
2.6156e-08
2.61708e-08
2.50319e-08
2.38411e-08
2.35651e-08
2.28389e-08
1.85696e-08
1.18564e-08
9.31991e-09
1.46202e-08
2.2023e-08
2.45368e-08
2.34759e-08
2.29904e-08
2.32492e-08
2.27209e-08
2.18625e-08
2.21371e-08
2.3398e-08
2.41412e-08
2.3992e-08
2.39651e-08
2.43707e-08
2.40649e-08
2.28334e-08
2.21349e-08
2.2447e-08
2.27588e-08
2.2823e-08
2.32244e-08
2.35908e-08
2.299e-08
2.17136e-08
2.06746e-08
1.99378e-08
1.98652e-08
2.14694e-08
2.37601e-08
2.49839e-08
2.56279e-08
2.63631e-08
2.62074e-08
2.50033e-08
2.39064e-08
2.35592e-08
2.2666e-08
1.84713e-08
1.19733e-08
9.43093e-09
1.44354e-08
2.16154e-08
2.41487e-08
2.32603e-08
2.29117e-08
2.32392e-08
2.27127e-08
2.1743e-08
2.177e-08
2.26286e-08
2.30974e-08
2.30415e-08
2.33241e-08
2.39472e-08
2.37443e-08
2.25761e-08
2.18615e-08
2.20572e-08
2.22498e-08
2.22243e-08
2.26184e-08
2.31253e-08
2.28204e-08
2.19381e-08
2.10733e-08
2.02723e-08
2.00946e-08
2.14909e-08
2.35902e-08
2.47652e-08
2.5435e-08
2.62256e-08
2.61037e-08
2.49163e-08
2.38561e-08
2.34579e-08
2.24352e-08
1.83365e-08
1.21242e-08
9.54221e-09
1.40625e-08
2.08381e-08
2.33995e-08
2.28406e-08
2.27649e-08
2.3201e-08
2.2663e-08
2.1571e-08
2.13226e-08
2.18078e-08
2.20308e-08
2.19879e-08
2.2432e-08
2.31455e-08
2.30532e-08
2.21371e-08
2.16003e-08
2.17224e-08
2.17619e-08
2.16816e-08
2.2054e-08
2.25969e-08
2.25041e-08
2.1954e-08
2.13705e-08
2.06408e-08
2.0362e-08
2.14684e-08
2.31835e-08
2.41784e-08
2.4847e-08
2.56698e-08
2.56688e-08
2.46656e-08
2.37002e-08
2.32191e-08
2.20977e-08
1.81652e-08
1.22433e-08
9.68159e-09
1.34491e-08
1.95064e-08
2.21422e-08
2.19534e-08
2.20628e-08
2.26351e-08
2.23992e-08
2.14513e-08
2.1046e-08
2.12504e-08
2.12131e-08
2.10377e-08
2.13578e-08
2.19853e-08
2.19906e-08
2.13817e-08
2.1156e-08
2.13772e-08
2.14023e-08
2.12862e-08
2.16185e-08
2.21082e-08
2.21648e-08
2.1925e-08
2.15363e-08
2.08702e-08
2.05676e-08
2.14924e-08
2.28794e-08
2.35842e-08
2.41111e-08
2.49445e-08
2.51449e-08
2.42907e-08
2.33823e-08
2.28303e-08
2.15656e-08
1.7788e-08
1.25164e-08
1.00049e-08
1.29116e-08
1.81169e-08
2.07328e-08
2.08549e-08
2.09613e-08
2.1469e-08
2.15118e-08
2.08809e-08
2.03717e-08
2.03217e-08
2.02483e-08
2.0005e-08
2.01239e-08
2.06298e-08
2.07884e-08
2.05107e-08
2.05413e-08
2.09104e-08
2.10033e-08
2.09052e-08
2.11424e-08
2.14924e-08
2.16183e-08
2.15926e-08
2.13548e-08
2.07583e-08
2.04259e-08
2.11963e-08
2.23388e-08
2.2796e-08
2.31152e-08
2.39375e-08
2.42996e-08
2.36282e-08
2.27872e-08
2.22486e-08
2.0988e-08
1.74957e-08
1.30438e-08
1.06722e-08
1.28062e-08
1.70745e-08
1.9487e-08
1.98015e-08
1.98546e-08
2.01624e-08
2.02576e-08
1.99256e-08
1.9545e-08
1.94913e-08
1.95989e-08
1.95689e-08
1.95761e-08
1.97488e-08
1.97387e-08
1.95834e-08
1.97959e-08
2.03419e-08
2.06205e-08
2.06073e-08
2.07363e-08
2.08873e-08
2.09216e-08
2.0906e-08
2.06828e-08
2.01087e-08
1.97686e-08
2.04073e-08
2.13677e-08
2.16125e-08
2.16903e-08
2.23655e-08
2.28816e-08
2.25468e-08
2.19502e-08
2.14911e-08
2.0383e-08
1.73811e-08
1.365e-08
1.1453e-08
1.29807e-08
1.64023e-08
1.85263e-08
1.89796e-08
1.90147e-08
1.90625e-08
1.90154e-08
1.88529e-08
1.87877e-08
1.90266e-08
1.93843e-08
1.94962e-08
1.94155e-08
1.92068e-08
1.8867e-08
1.85764e-08
1.88383e-08
1.96446e-08
2.02633e-08
2.03542e-08
2.02228e-08
2.00242e-08
1.98892e-08
1.98817e-08
1.97541e-08
1.9342e-08
1.90431e-08
1.94704e-08
2.01963e-08
2.03407e-08
2.03108e-08
2.08446e-08
2.14768e-08
2.14875e-08
2.11235e-08
2.07031e-08
1.97878e-08
1.73606e-08
1.37188e-08
1.18772e-08
1.2878e-08
1.55047e-08
1.73377e-08
1.79328e-08
1.80111e-08
1.79486e-08
1.78463e-08
1.78244e-08
1.79884e-08
1.84345e-08
1.89914e-08
1.9293e-08
1.92292e-08
1.88979e-08
1.83479e-08
1.7807e-08
1.7885e-08
1.86737e-08
1.94296e-08
1.95779e-08
1.93547e-08
1.90869e-08
1.87993e-08
1.85529e-08
1.84259e-08
1.82889e-08
1.82292e-08
1.86913e-08
1.93101e-08
1.93355e-08
1.91033e-08
1.9437e-08
2.00763e-08
2.03196e-08
2.01747e-08
1.97386e-08
1.87512e-08
1.66758e-08
1.32263e-08
1.17788e-08
1.24849e-08
1.44899e-08
1.59959e-08
1.66772e-08
1.69667e-08
1.70467e-08
1.70084e-08
1.70525e-08
1.72448e-08
1.76387e-08
1.82163e-08
1.86766e-08
1.87986e-08
1.85371e-08
1.78813e-08
1.72046e-08
1.70722e-08
1.76004e-08
1.81639e-08
1.82686e-08
1.80963e-08
1.7939e-08
1.78191e-08
1.76288e-08
1.75082e-08
1.7464e-08
1.74817e-08
1.7804e-08
1.82618e-08
1.83145e-08
1.81519e-08
1.84352e-08
1.89727e-08
1.92798e-08
1.9202e-08
1.8671e-08
1.75193e-08
1.56051e-08
1.27781e-08
1.16933e-08
1.23534e-08
1.40341e-08
1.5382e-08
1.6066e-08
1.63445e-08
1.6311e-08
1.61259e-08
1.60701e-08
1.62682e-08
1.67098e-08
1.73472e-08
1.78989e-08
1.81338e-08
1.79926e-08
1.7503e-08
1.68612e-08
1.65568e-08
1.67678e-08
1.71009e-08
1.71933e-08
1.70202e-08
1.68508e-08
1.67448e-08
1.66251e-08
1.6623e-08
1.68323e-08
1.70845e-08
1.72798e-08
1.74618e-08
1.74882e-08
1.7436e-08
1.77213e-08
1.82543e-08
1.86221e-08
1.8547e-08
1.79266e-08
1.66388e-08
1.4769e-08
1.24002e-08
1.16066e-08
1.21913e-08
1.35873e-08
1.48473e-08
1.56524e-08
1.60528e-08
1.60468e-08
1.58157e-08
1.56577e-08
1.57659e-08
1.61439e-08
1.67401e-08
1.72998e-08
1.75346e-08
1.73929e-08
1.6922e-08
1.62984e-08
1.60368e-08
1.62019e-08
1.64158e-08
1.6429e-08
1.61764e-08
1.58896e-08
1.57287e-08
1.56412e-08
1.56761e-08
1.59249e-08
1.62462e-08
1.64446e-08
1.66238e-08
1.67306e-08
1.67383e-08
1.69371e-08
1.74024e-08
1.78128e-08
1.77958e-08
1.71019e-08
1.57416e-08
1.40302e-08
1.22378e-08
1.1714e-08
1.22431e-08
1.34461e-08
1.46064e-08
1.53662e-08
1.57018e-08
1.57281e-08
1.55789e-08
1.54813e-08
1.55484e-08
1.57519e-08
1.61537e-08
1.6626e-08
1.6824e-08
1.67096e-08
1.63591e-08
1.59376e-08
1.57626e-08
1.58494e-08
1.59375e-08
1.58484e-08
1.55299e-08
1.51597e-08
1.49584e-08
1.49785e-08
1.51398e-08
1.54997e-08
1.59591e-08
1.62668e-08
1.64128e-08
1.6471e-08
1.6413e-08
1.63677e-08
1.64685e-08
1.65804e-08
1.64757e-08
1.59124e-08
1.48281e-08
1.34621e-08
1.19874e-08
1.15716e-08
1.20069e-08
1.3034e-08
1.40481e-08
1.47299e-08
1.51136e-08
1.52616e-08
1.5266e-08
1.52421e-08
1.52739e-08
1.54011e-08
1.57037e-08
1.6099e-08
1.63533e-08
1.63492e-08
1.60948e-08
1.57052e-08
1.54691e-08
1.54961e-08
1.55592e-08
1.55404e-08
1.53323e-08
1.50446e-08
1.49137e-08
1.49775e-08
1.50914e-08
1.52719e-08
1.55031e-08
1.55897e-08
1.56215e-08
1.57242e-08
1.58198e-08
1.58994e-08
1.5905e-08
1.58678e-08
1.56126e-08
1.49977e-08
1.4074e-08
1.2973e-08
1.19118e-08
1.17115e-08
1.2125e-08
1.29639e-08
1.38082e-08
1.44221e-08
1.47691e-08
1.49084e-08
1.49247e-08
1.49329e-08
1.49493e-08
1.50071e-08
1.51923e-08
1.55252e-08
1.57584e-08
1.5793e-08
1.56239e-08
1.53441e-08
1.5197e-08
1.52255e-08
1.52991e-08
1.53264e-08
1.52837e-08
1.51994e-08
1.51714e-08
1.52143e-08
1.52227e-08
1.52199e-08
1.52873e-08
1.53216e-08
1.5307e-08
1.54057e-08
1.56019e-08
1.56492e-08
1.55032e-08
1.52223e-08
1.47618e-08
1.40822e-08
1.32864e-08
1.25201e-08
1.19359e-08
1.17778e-08
1.21578e-08
1.28646e-08
1.35546e-08
1.40808e-08
1.43843e-08
1.45134e-08
1.46278e-08
1.47251e-08
1.47522e-08
1.47187e-08
1.4778e-08
1.49762e-08
1.51681e-08
1.52319e-08
1.51027e-08
1.48637e-08
1.46817e-08
1.46337e-08
1.46356e-08
1.46601e-08
1.4703e-08
1.47352e-08
1.48174e-08
1.49683e-08
1.50575e-08
1.50326e-08
1.49169e-08
1.47612e-08
1.46774e-08
1.47358e-08
1.4907e-08
1.49888e-08
1.4899e-08
1.4704e-08
1.43349e-08
1.37492e-08
1.30775e-08
1.24453e-08
1.19488e-08
1.1855e-08
1.20989e-08
1.26058e-08
1.31147e-08
1.35008e-08
1.37227e-08
1.38496e-08
1.40519e-08
1.43489e-08
1.45758e-08
1.47499e-08
1.48895e-08
1.494e-08
1.4918e-08
1.48056e-08
1.46217e-08
1.4361e-08
1.41884e-08
1.41845e-08
1.42251e-08
1.43015e-08
1.43682e-08
1.44063e-08
1.44489e-08
1.45471e-08
1.46215e-08
1.46226e-08
1.45603e-08
1.44315e-08
1.43033e-08
1.41962e-08
1.41614e-08
1.41401e-08
1.40648e-08
1.39227e-08
1.35947e-08
1.30746e-08
1.25968e-08
1.22266e-08
1.19747e-08
1.19128e-08
1.20748e-08
1.24241e-08
1.28023e-08
1.31287e-08
1.34359e-08
1.37403e-08
1.40557e-08
1.43868e-08
1.46085e-08
1.47098e-08
1.47222e-08
1.46246e-08
1.44631e-08
1.43152e-08
1.42237e-08
1.41373e-08
1.41101e-08
1.41784e-08
1.41956e-08
1.41686e-08
1.41862e-08
1.42634e-08
1.43398e-08
1.44493e-08
1.45337e-08
1.45058e-08
1.43393e-08
1.40884e-08
1.38947e-08
1.37445e-08
1.36906e-08
1.37099e-08
1.36692e-08
1.35462e-08
1.32734e-08
1.28325e-08
1.24068e-08
1.21444e-08
1.23155e-08
1.21853e-08
1.22109e-08
1.23752e-08
1.26373e-08
1.29003e-08
1.31437e-08
1.34075e-08
1.3667e-08
1.38966e-08
1.4084e-08
1.42315e-08
1.4345e-08
1.43831e-08
1.43509e-08
1.43272e-08
1.4268e-08
1.40963e-08
1.39114e-08
1.38064e-08
1.36883e-08
1.35263e-08
1.35291e-08
1.36531e-08
1.38199e-08
1.4041e-08
1.42939e-08
1.44336e-08
1.44129e-08
1.42604e-08
1.4025e-08
1.37316e-08
1.34687e-08
1.33137e-08
1.32532e-08
1.31944e-08
1.30873e-08
1.28927e-08
1.2657e-08
1.24757e-08
6.60796e-09
8.23054e-16
6.55281e-09
1.84463e-08
2.46959e-08
2.4664e-08
2.30691e-08
2.25076e-08
2.287e-08
2.33099e-08
2.33826e-08
2.33461e-08
2.33076e-08
2.28957e-08
2.26429e-08
2.33555e-08
2.44469e-08
2.51257e-08
2.54134e-08
2.48966e-08
2.39387e-08
2.35264e-08
2.30871e-08
2.20316e-08
2.0873e-08
2.01815e-08
2.04391e-08
2.15949e-08
2.2414e-08
2.2875e-08
2.41429e-08
2.60972e-08
2.80841e-08
2.99112e-08
3.03166e-08
2.88836e-08
2.7707e-08
2.80738e-08
2.68665e-08
1.91535e-08
6.83804e-09
4.18981e-12
6.50279e-09
1.85088e-08
2.48501e-08
2.48127e-08
2.32002e-08
2.26399e-08
2.30014e-08
2.34468e-08
2.35266e-08
2.34864e-08
2.34455e-08
2.30273e-08
2.27572e-08
2.34683e-08
2.45842e-08
2.52724e-08
2.55602e-08
2.50406e-08
2.4071e-08
2.36818e-08
2.33034e-08
2.22618e-08
2.10643e-08
2.03283e-08
2.05722e-08
2.17326e-08
2.25579e-08
2.29992e-08
2.42718e-08
2.62503e-08
2.82633e-08
3.01345e-08
3.05759e-08
2.91353e-08
2.79279e-08
2.83235e-08
2.72221e-08
1.95439e-08
7.22973e-09
3.16309e-11
6.43003e-09
1.86067e-08
2.50577e-08
2.49867e-08
2.33607e-08
2.28548e-08
2.32592e-08
2.3728e-08
2.38292e-08
2.37798e-08
2.37316e-08
2.33104e-08
2.30223e-08
2.37334e-08
2.48946e-08
2.56117e-08
2.58876e-08
2.53321e-08
2.42879e-08
2.38811e-08
2.36236e-08
2.27289e-08
2.1602e-08
2.08344e-08
2.0991e-08
2.21141e-08
2.29199e-08
2.33152e-08
2.45953e-08
2.6578e-08
2.85545e-08
3.04546e-08
3.09883e-08
2.96068e-08
2.82987e-08
2.86275e-08
2.76642e-08
2.01154e-08
7.63719e-09
1.19453e-10
6.40324e-09
1.87915e-08
2.53774e-08
2.52133e-08
2.35231e-08
2.30642e-08
2.34924e-08
2.39746e-08
2.41139e-08
2.40896e-08
2.40754e-08
2.37073e-08
2.34226e-08
2.41171e-08
2.53016e-08
2.60354e-08
2.62894e-08
2.56883e-08
2.45148e-08
2.3995e-08
2.38551e-08
2.32175e-08
2.23112e-08
2.16504e-08
2.17106e-08
2.26444e-08
2.33486e-08
2.37379e-08
2.50555e-08
2.69822e-08
2.88261e-08
3.06911e-08
3.13046e-08
3.00339e-08
2.8628e-08
2.88299e-08
2.79459e-08
2.05763e-08
8.12523e-09
3.25499e-10
6.41633e-09
1.90307e-08
2.58652e-08
2.56446e-08
2.37957e-08
2.32774e-08
2.37012e-08
2.41709e-08
2.4331e-08
2.42911e-08
2.43028e-08
2.40192e-08
2.38043e-08
2.45389e-08
2.56997e-08
2.63734e-08
2.65756e-08
2.59265e-08
2.46185e-08
2.39493e-08
2.38594e-08
2.34797e-08
2.28579e-08
2.24151e-08
2.24444e-08
2.31208e-08
2.36774e-08
2.40957e-08
2.54966e-08
2.73621e-08
2.90143e-08
3.06372e-08
3.12364e-08
3.02276e-08
2.88343e-08
2.88457e-08
2.80223e-08
2.09608e-08
8.82682e-09
7.24511e-10
6.46015e-09
1.91234e-08
2.61337e-08
2.59197e-08
2.40324e-08
2.34759e-08
2.38399e-08
2.42665e-08
2.44338e-08
2.43504e-08
2.4328e-08
2.41329e-08
2.39945e-08
2.47343e-08
2.57725e-08
2.62797e-08
2.64544e-08
2.58522e-08
2.45706e-08
2.38838e-08
2.37764e-08
2.35063e-08
2.31227e-08
2.2962e-08
2.30762e-08
2.3547e-08
2.39885e-08
2.44992e-08
2.58925e-08
2.76108e-08
2.89947e-08
3.02341e-08
3.08173e-08
3.01908e-08
2.90024e-08
2.88764e-08
2.81118e-08
2.14643e-08
9.65669e-09
1.40696e-09
6.56267e-09
1.8888e-08
2.58767e-08
2.56937e-08
2.39133e-08
2.34918e-08
2.38423e-08
2.41899e-08
2.43292e-08
2.41872e-08
2.40809e-08
2.39131e-08
2.37903e-08
2.44285e-08
2.53091e-08
2.56718e-08
2.5818e-08
2.53961e-08
2.43724e-08
2.38231e-08
2.36409e-08
2.33405e-08
2.3077e-08
2.31699e-08
2.34508e-08
2.38178e-08
2.41428e-08
2.46838e-08
2.59611e-08
2.74712e-08
2.86047e-08
2.9583e-08
3.01187e-08
2.98032e-08
2.89372e-08
2.87719e-08
2.79567e-08
2.17492e-08
1.05495e-08
2.45124e-09
6.94418e-09
1.84893e-08
2.50847e-08
2.49176e-08
2.34187e-08
2.3246e-08
2.36352e-08
2.39153e-08
2.4037e-08
2.38785e-08
2.37005e-08
2.34982e-08
2.33209e-08
2.37548e-08
2.44877e-08
2.47532e-08
2.48022e-08
2.45748e-08
2.39649e-08
2.36229e-08
2.34552e-08
2.30954e-08
2.27854e-08
2.29382e-08
2.33228e-08
2.36323e-08
2.39301e-08
2.45995e-08
2.57863e-08
2.70219e-08
2.79578e-08
2.87605e-08
2.91406e-08
2.89661e-08
2.84092e-08
2.82998e-08
2.75758e-08
2.191e-08
1.15276e-08
3.81323e-09
7.61553e-09
1.80782e-08
2.40875e-08
2.39917e-08
2.27934e-08
2.27894e-08
2.31784e-08
2.3361e-08
2.34381e-08
2.33396e-08
2.31588e-08
2.2944e-08
2.27364e-08
2.293e-08
2.34496e-08
2.37036e-08
2.37686e-08
2.36911e-08
2.33516e-08
2.3158e-08
2.30607e-08
2.26311e-08
2.21152e-08
2.21227e-08
2.25033e-08
2.28619e-08
2.33092e-08
2.42151e-08
2.54183e-08
2.6421e-08
2.7097e-08
2.76991e-08
2.79996e-08
2.78648e-08
2.74892e-08
2.74577e-08
2.68978e-08
2.1909e-08
1.23305e-08
5.32711e-09
8.40822e-09
1.75821e-08
2.28612e-08
2.28187e-08
2.19053e-08
2.19542e-08
2.22011e-08
2.22091e-08
2.22377e-08
2.23228e-08
2.23366e-08
2.22714e-08
2.20922e-08
2.20862e-08
2.23457e-08
2.26293e-08
2.28835e-08
2.29819e-08
2.2681e-08
2.23695e-08
2.22919e-08
2.19928e-08
2.15083e-08
2.14128e-08
2.17454e-08
2.21206e-08
2.26533e-08
2.36478e-08
2.48166e-08
2.56948e-08
2.6231e-08
2.67195e-08
2.69955e-08
2.68823e-08
2.66082e-08
2.65895e-08
2.59441e-08
2.14664e-08
1.29874e-08
6.6786e-09
8.90451e-09
1.6711e-08
2.13234e-08
2.13906e-08
2.07962e-08
2.09239e-08
2.10334e-08
2.08473e-08
2.08217e-08
2.11704e-08
2.16357e-08
2.19356e-08
2.18059e-08
2.15448e-08
2.14661e-08
2.15439e-08
2.18817e-08
2.22188e-08
2.20749e-08
2.1725e-08
2.15791e-08
2.13124e-08
2.08948e-08
2.08696e-08
2.12101e-08
2.15424e-08
2.20168e-08
2.2875e-08
2.39232e-08
2.47361e-08
2.52574e-08
2.57561e-08
2.60745e-08
2.6025e-08
2.58687e-08
2.58075e-08
2.50317e-08
2.09625e-08
1.359e-08
7.90786e-09
9.44348e-09
1.61635e-08
2.0403e-08
2.06416e-08
2.0201e-08
2.02597e-08
2.01981e-08
1.98154e-08
1.96075e-08
2.00811e-08
2.10135e-08
2.17669e-08
2.18842e-08
2.16144e-08
2.12875e-08
2.10509e-08
2.11842e-08
2.15577e-08
2.15994e-08
2.13971e-08
2.13055e-08
2.11198e-08
2.07033e-08
2.05406e-08
2.07697e-08
2.10285e-08
2.13711e-08
2.20148e-08
2.28116e-08
2.34447e-08
2.39048e-08
2.44744e-08
2.49354e-08
2.50302e-08
2.50014e-08
2.48703e-08
2.39936e-08
2.04553e-08
1.41325e-08
9.31479e-09
1.0299e-08
1.58211e-08
1.98122e-08
2.0499e-08
2.01477e-08
2.00021e-08
1.9687e-08
1.90322e-08
1.85104e-08
1.88288e-08
1.99955e-08
2.11705e-08
2.16445e-08
2.15453e-08
2.11653e-08
2.07644e-08
2.07113e-08
2.09387e-08
2.10392e-08
2.09247e-08
2.09321e-08
2.09757e-08
2.07663e-08
2.05188e-08
2.05643e-08
2.07021e-08
2.08652e-08
2.12811e-08
2.1923e-08
2.24323e-08
2.28005e-08
2.33411e-08
2.38326e-08
2.39935e-08
2.39267e-08
2.36729e-08
2.27722e-08
1.97982e-08
1.43954e-08
1.05717e-08
1.12843e-08
1.5654e-08
1.91268e-08
1.99403e-08
1.95093e-08
1.91087e-08
1.88209e-08
1.83054e-08
1.78358e-08
1.81578e-08
1.93244e-08
2.05855e-08
2.11561e-08
2.1086e-08
2.06025e-08
2.00602e-08
1.991e-08
2.01112e-08
2.02188e-08
2.01081e-08
2.0055e-08
2.01852e-08
2.01821e-08
2.00044e-08
1.99507e-08
2.00761e-08
2.0209e-08
2.05252e-08
2.10586e-08
2.15053e-08
2.18398e-08
2.24016e-08
2.29432e-08
2.32068e-08
2.32705e-08
2.29274e-08
2.17544e-08
1.89844e-08
1.40514e-08
1.12145e-08
1.18529e-08
1.53566e-08
1.83072e-08
1.91816e-08
1.87099e-08
1.80696e-08
1.77254e-08
1.75208e-08
1.74811e-08
1.80502e-08
1.91761e-08
2.0259e-08
2.06642e-08
2.04374e-08
1.98133e-08
1.92384e-08
1.91459e-08
1.94345e-08
1.96319e-08
1.95384e-08
1.93704e-08
1.93638e-08
1.92476e-08
1.8878e-08
1.86375e-08
1.87866e-08
1.90069e-08
1.92717e-08
1.97247e-08
2.0146e-08
2.04808e-08
2.09637e-08
2.14947e-08
2.19036e-08
2.2117e-08
2.16654e-08
2.02288e-08
1.76745e-08
1.37992e-08
1.1784e-08
1.23007e-08
1.48738e-08
1.71935e-08
1.80242e-08
1.78161e-08
1.74279e-08
1.73043e-08
1.72667e-08
1.72029e-08
1.75637e-08
1.85272e-08
1.95393e-08
1.99933e-08
1.98416e-08
1.92316e-08
1.86362e-08
1.85342e-08
1.87741e-08
1.8888e-08
1.87579e-08
1.86127e-08
1.86695e-08
1.86754e-08
1.82116e-08
1.7632e-08
1.75804e-08
1.78794e-08
1.82188e-08
1.86616e-08
1.91186e-08
1.95135e-08
2.00049e-08
2.05526e-08
2.10018e-08
2.11309e-08
2.04825e-08
1.8908e-08
1.65891e-08
1.36038e-08
1.22696e-08
1.27215e-08
1.46086e-08
1.64343e-08
1.72155e-08
1.70681e-08
1.65561e-08
1.62175e-08
1.61603e-08
1.63227e-08
1.67309e-08
1.74282e-08
1.81488e-08
1.85325e-08
1.85617e-08
1.82507e-08
1.78271e-08
1.77228e-08
1.7917e-08
1.79969e-08
1.78823e-08
1.76463e-08
1.75489e-08
1.75481e-08
1.72583e-08
1.67772e-08
1.67041e-08
1.70411e-08
1.74231e-08
1.78575e-08
1.83998e-08
1.89058e-08
1.93429e-08
1.97208e-08
1.99525e-08
1.99221e-08
1.91971e-08
1.76727e-08
1.56788e-08
1.30436e-08
1.2213e-08
1.27056e-08
1.4247e-08
1.58759e-08
1.68552e-08
1.69448e-08
1.63506e-08
1.56781e-08
1.53742e-08
1.55564e-08
1.61362e-08
1.69773e-08
1.76654e-08
1.77757e-08
1.74646e-08
1.70798e-08
1.67926e-08
1.68374e-08
1.70992e-08
1.71854e-08
1.70013e-08
1.66606e-08
1.64013e-08
1.63084e-08
1.61421e-08
1.58432e-08
1.58148e-08
1.61212e-08
1.64576e-08
1.68129e-08
1.72794e-08
1.76677e-08
1.79746e-08
1.82534e-08
1.84399e-08
1.83853e-08
1.77235e-08
1.63033e-08
1.45937e-08
1.22792e-08
1.18387e-08
1.23802e-08
1.36687e-08
1.49987e-08
1.58869e-08
1.61024e-08
1.57645e-08
1.52899e-08
1.50946e-08
1.52811e-08
1.5689e-08
1.62899e-08
1.68451e-08
1.69203e-08
1.66062e-08
1.61887e-08
1.58739e-08
1.58627e-08
1.60918e-08
1.62342e-08
1.61802e-08
1.59445e-08
1.56732e-08
1.55781e-08
1.55534e-08
1.54208e-08
1.53799e-08
1.5574e-08
1.58458e-08
1.61813e-08
1.65743e-08
1.68701e-08
1.69829e-08
1.69938e-08
1.69354e-08
1.66932e-08
1.60025e-08
1.47862e-08
1.33953e-08
1.17639e-08
1.14841e-08
1.20355e-08
1.31818e-08
1.43462e-08
1.51047e-08
1.53496e-08
1.52237e-08
1.50092e-08
1.4973e-08
1.51789e-08
1.55228e-08
1.5997e-08
1.64325e-08
1.65098e-08
1.62434e-08
1.58729e-08
1.55828e-08
1.55615e-08
1.5727e-08
1.5801e-08
1.57262e-08
1.55524e-08
1.54004e-08
1.54281e-08
1.55401e-08
1.55392e-08
1.54917e-08
1.55482e-08
1.56348e-08
1.58125e-08
1.61869e-08
1.65629e-08
1.66048e-08
1.63768e-08
1.6025e-08
1.55638e-08
1.48567e-08
1.38148e-08
1.2657e-08
1.16961e-08
1.15614e-08
1.20217e-08
1.29307e-08
1.39119e-08
1.46353e-08
1.49667e-08
1.49578e-08
1.48347e-08
1.48579e-08
1.50408e-08
1.52859e-08
1.56086e-08
1.59053e-08
1.59487e-08
1.5744e-08
1.54317e-08
1.52034e-08
1.52186e-08
1.53946e-08
1.55132e-08
1.55351e-08
1.54979e-08
1.54735e-08
1.55729e-08
1.57595e-08
1.58597e-08
1.58345e-08
1.57576e-08
1.56956e-08
1.57179e-08
1.59491e-08
1.6242e-08
1.62622e-08
1.5984e-08
1.54959e-08
1.48439e-08
1.4049e-08
1.31527e-08
1.22992e-08
1.16783e-08
1.15097e-08
1.19497e-08
1.27979e-08
1.36601e-08
1.4287e-08
1.46365e-08
1.471e-08
1.46502e-08
1.46633e-08
1.47181e-08
1.48176e-08
1.49987e-08
1.51946e-08
1.5281e-08
1.51918e-08
1.49391e-08
1.46627e-08
1.45547e-08
1.46442e-08
1.47958e-08
1.49565e-08
1.50763e-08
1.5131e-08
1.52197e-08
1.53589e-08
1.54103e-08
1.53289e-08
1.5199e-08
1.50598e-08
1.49852e-08
1.50452e-08
1.51817e-08
1.51847e-08
1.50287e-08
1.48214e-08
1.44882e-08
1.39008e-08
1.31233e-08
1.23159e-08
1.19022e-08
1.17184e-08
1.18855e-08
1.23583e-08
1.29151e-08
1.33915e-08
1.37138e-08
1.39238e-08
1.41266e-08
1.43325e-08
1.45326e-08
1.47106e-08
1.48234e-08
1.48822e-08
1.48502e-08
1.4739e-08
1.45674e-08
1.4343e-08
1.42088e-08
1.42359e-08
1.43212e-08
1.44457e-08
1.45846e-08
1.46263e-08
1.46329e-08
1.47004e-08
1.47702e-08
1.48126e-08
1.48341e-08
1.48132e-08
1.47054e-08
1.45628e-08
1.44204e-08
1.42843e-08
1.4128e-08
1.39441e-08
1.36477e-08
1.32028e-08
1.27248e-08
1.22857e-08
1.20463e-08
1.1882e-08
1.19706e-08
1.22891e-08
1.2679e-08
1.30491e-08
1.34154e-08
1.37798e-08
1.41185e-08
1.44004e-08
1.45932e-08
1.47104e-08
1.47446e-08
1.4676e-08
1.45165e-08
1.4332e-08
1.41636e-08
1.40048e-08
1.39372e-08
1.39987e-08
1.40266e-08
1.40234e-08
1.41105e-08
1.42365e-08
1.43414e-08
1.44568e-08
1.4548e-08
1.45368e-08
1.44395e-08
1.42927e-08
1.41867e-08
1.40969e-08
1.40312e-08
1.39778e-08
1.3862e-08
1.36846e-08
1.34303e-08
1.30237e-08
1.26197e-08
1.23124e-08
1.22424e-08
1.21104e-08
1.21278e-08
1.22984e-08
1.25254e-08
1.27337e-08
1.29737e-08
1.32447e-08
1.35442e-08
1.38288e-08
1.40587e-08
1.42391e-08
1.43279e-08
1.43156e-08
1.42413e-08
1.41992e-08
1.41427e-08
1.40075e-08
1.38762e-08
1.37796e-08
1.36024e-08
1.33717e-08
1.33266e-08
1.34655e-08
1.36438e-08
1.3898e-08
1.41599e-08
1.43221e-08
1.43224e-08
1.42123e-08
1.40755e-08
1.38844e-08
1.37128e-08
1.36331e-08
1.35863e-08
1.34724e-08
1.32798e-08
1.29944e-08
1.26805e-08
1.2423e-08
9.59882e-09
7.13245e-09
1.09887e-08
1.6515e-08
2.01528e-08
2.18961e-08
2.25026e-08
2.28399e-08
2.32176e-08
2.3247e-08
2.30141e-08
2.31427e-08
2.36278e-08
2.40239e-08
2.41488e-08
2.4352e-08
2.51176e-08
2.58482e-08
2.5521e-08
2.47058e-08
2.46032e-08
2.48887e-08
2.44533e-08
2.30842e-08
2.18935e-08
2.14502e-08
2.09863e-08
2.07355e-08
2.12748e-08
2.20533e-08
2.23941e-08
2.29178e-08
2.44571e-08
2.56127e-08
2.59504e-08
2.69783e-08
2.79351e-08
2.70295e-08
2.34659e-08
1.68976e-08
9.70004e-09
7.18844e-09
1.10544e-08
1.65925e-08
2.02256e-08
2.19713e-08
2.2585e-08
2.29406e-08
2.33428e-08
2.33845e-08
2.31501e-08
2.32767e-08
2.37567e-08
2.41474e-08
2.42724e-08
2.44768e-08
2.52546e-08
2.59933e-08
2.56605e-08
2.48478e-08
2.47678e-08
2.50734e-08
2.46425e-08
2.32608e-08
2.20457e-08
2.15956e-08
2.11303e-08
2.08686e-08
2.13992e-08
2.21616e-08
2.24851e-08
2.30009e-08
2.4559e-08
2.57556e-08
2.61086e-08
2.71483e-08
2.81231e-08
2.72195e-08
2.3647e-08
1.70593e-08
9.93596e-09
7.35077e-09
1.12383e-08
1.67805e-08
2.03953e-08
2.2179e-08
2.28493e-08
2.32466e-08
2.36787e-08
2.37235e-08
2.34642e-08
2.3545e-08
2.40035e-08
2.43847e-08
2.44794e-08
2.46759e-08
2.54956e-08
2.62676e-08
2.59182e-08
2.51055e-08
2.5078e-08
2.54412e-08
2.5026e-08
2.36336e-08
2.24263e-08
2.19839e-08
2.15124e-08
2.12366e-08
2.17716e-08
2.25225e-08
2.28009e-08
2.32561e-08
2.47916e-08
2.60361e-08
2.64512e-08
2.75261e-08
2.84855e-08
2.75737e-08
2.40263e-08
1.74111e-08
1.0329e-08
7.61993e-09
1.15027e-08
1.70459e-08
2.06346e-08
2.24801e-08
2.32601e-08
2.37293e-08
2.41862e-08
2.41955e-08
2.38611e-08
2.38342e-08
2.42301e-08
2.45775e-08
2.46063e-08
2.47757e-08
2.56977e-08
2.65518e-08
2.61683e-08
2.53612e-08
2.54409e-08
2.58783e-08
2.54887e-08
2.41041e-08
2.29231e-08
2.25462e-08
2.20816e-08
2.17867e-08
2.2365e-08
2.31237e-08
2.3345e-08
2.37072e-08
2.51561e-08
2.63923e-08
2.69163e-08
2.81043e-08
2.89379e-08
2.78875e-08
2.4396e-08
1.78778e-08
1.08458e-08
7.99482e-09
1.17704e-08
1.72649e-08
2.08522e-08
2.28269e-08
2.37598e-08
2.43092e-08
2.47425e-08
2.46362e-08
2.41702e-08
2.39853e-08
2.42664e-08
2.45589e-08
2.4529e-08
2.468e-08
2.57017e-08
2.66503e-08
2.62671e-08
2.54799e-08
2.56694e-08
2.62216e-08
2.5886e-08
2.4553e-08
2.34427e-08
2.31216e-08
2.26809e-08
2.23432e-08
2.29896e-08
2.38072e-08
2.39744e-08
2.42166e-08
2.55153e-08
2.67288e-08
2.74446e-08
2.87686e-08
2.93702e-08
2.80559e-08
2.46361e-08
1.83355e-08
1.1466e-08
8.52081e-09
1.21014e-08
1.74029e-08
2.08741e-08
2.29709e-08
2.41845e-08
2.49468e-08
2.538e-08
2.51064e-08
2.44671e-08
2.40703e-08
2.41461e-08
2.44185e-08
2.44446e-08
2.45524e-08
2.5509e-08
2.64284e-08
2.60696e-08
2.53468e-08
2.56933e-08
2.64263e-08
2.6158e-08
2.48336e-08
2.37627e-08
2.34611e-08
2.30528e-08
2.27639e-08
2.34597e-08
2.43251e-08
2.44825e-08
2.46255e-08
2.57501e-08
2.69369e-08
2.78872e-08
2.92929e-08
2.96999e-08
2.82381e-08
2.49029e-08
1.88232e-08
1.23219e-08
9.23924e-09
1.25449e-08
1.75678e-08
2.07375e-08
2.27458e-08
2.42201e-08
2.53664e-08
2.59533e-08
2.55412e-08
2.47098e-08
2.41453e-08
2.40057e-08
2.42107e-08
2.43543e-08
2.45219e-08
2.53713e-08
2.61522e-08
2.57563e-08
2.5111e-08
2.56189e-08
2.65319e-08
2.62924e-08
2.48585e-08
2.37037e-08
2.34002e-08
2.3093e-08
2.29849e-08
2.36832e-08
2.45025e-08
2.46352e-08
2.47381e-08
2.57736e-08
2.69886e-08
2.80388e-08
2.93398e-08
2.96931e-08
2.83485e-08
2.52584e-08
1.94947e-08
1.34503e-08
1.00935e-08
1.28059e-08
1.74021e-08
2.02586e-08
2.20901e-08
2.37278e-08
2.5312e-08
2.62183e-08
2.58345e-08
2.48381e-08
2.4069e-08
2.36898e-08
2.38514e-08
2.42595e-08
2.4628e-08
2.53527e-08
2.59391e-08
2.54888e-08
2.48956e-08
2.54803e-08
2.65258e-08
2.63325e-08
2.47757e-08
2.34561e-08
2.30722e-08
2.27666e-08
2.26853e-08
2.33477e-08
2.41716e-08
2.43708e-08
2.45237e-08
2.55046e-08
2.66514e-08
2.76805e-08
2.896e-08
2.93402e-08
2.81473e-08
2.54591e-08
2.02654e-08
1.4511e-08
1.08165e-08
1.27664e-08
1.68975e-08
1.96659e-08
2.14168e-08
2.31143e-08
2.49377e-08
2.62173e-08
2.59874e-08
2.48411e-08
2.37878e-08
2.31757e-08
2.32932e-08
2.396e-08
2.46264e-08
2.53438e-08
2.5802e-08
2.53655e-08
2.47266e-08
2.52187e-08
2.63898e-08
2.64357e-08
2.48776e-08
2.32889e-08
2.25555e-08
2.20169e-08
2.18137e-08
2.24872e-08
2.34082e-08
2.3696e-08
2.39095e-08
2.47895e-08
2.58157e-08
2.68666e-08
2.82345e-08
2.87606e-08
2.78057e-08
2.55009e-08
2.09181e-08
1.50286e-08
1.12672e-08
1.27498e-08
1.64864e-08
1.91198e-08
2.09193e-08
2.26567e-08
2.44807e-08
2.59107e-08
2.58751e-08
2.47338e-08
2.35706e-08
2.27927e-08
2.27761e-08
2.35374e-08
2.44621e-08
2.52578e-08
2.56849e-08
2.5272e-08
2.4586e-08
2.48859e-08
2.59189e-08
2.60583e-08
2.47193e-08
2.31305e-08
2.22143e-08
2.15054e-08
2.11914e-08
2.18495e-08
2.27468e-08
2.30656e-08
2.33331e-08
2.40914e-08
2.4938e-08
2.58723e-08
2.70733e-08
2.76503e-08
2.7043e-08
2.51563e-08
2.10078e-08
1.49091e-08
1.14294e-08
1.29342e-08
1.66352e-08
1.90461e-08
2.05165e-08
2.19884e-08
2.35811e-08
2.48863e-08
2.4963e-08
2.40443e-08
2.30883e-08
2.23393e-08
2.21573e-08
2.28525e-08
2.3923e-08
2.4897e-08
2.53962e-08
2.50459e-08
2.43347e-08
2.44531e-08
2.52339e-08
2.52695e-08
2.40774e-08
2.27007e-08
2.19267e-08
2.12541e-08
2.08575e-08
2.13501e-08
2.21986e-08
2.25716e-08
2.29127e-08
2.36502e-08
2.45107e-08
2.54003e-08
2.63761e-08
2.67463e-08
2.61194e-08
2.436e-08
2.04938e-08
1.49052e-08
1.11981e-08
1.22703e-08
1.59877e-08
1.87183e-08
2.0301e-08
2.16201e-08
2.27471e-08
2.36233e-08
2.36602e-08
2.30344e-08
2.24145e-08
2.17914e-08
2.13408e-08
2.17192e-08
2.2775e-08
2.39388e-08
2.47057e-08
2.46311e-08
2.40507e-08
2.39359e-08
2.43987e-08
2.43381e-08
2.3266e-08
2.21287e-08
2.16394e-08
2.11243e-08
2.07101e-08
2.10123e-08
2.16441e-08
2.19853e-08
2.23778e-08
2.31418e-08
2.41331e-08
2.52783e-08
2.63645e-08
2.65704e-08
2.56303e-08
2.37289e-08
2.01751e-08
1.47164e-08
1.11619e-08
1.17633e-08
1.51116e-08
1.80137e-08
1.98476e-08
2.10236e-08
2.15397e-08
2.16982e-08
2.16302e-08
2.1519e-08
2.15711e-08
2.14311e-08
2.10569e-08
2.11097e-08
2.17839e-08
2.27364e-08
2.34865e-08
2.36585e-08
2.33001e-08
2.30839e-08
2.32094e-08
2.30933e-08
2.23697e-08
2.16082e-08
2.1403e-08
2.13323e-08
2.11016e-08
2.10799e-08
2.12392e-08
2.12794e-08
2.14889e-08
2.21775e-08
2.32102e-08
2.42131e-08
2.49428e-08
2.51042e-08
2.43465e-08
2.25641e-08
1.93913e-08
1.43622e-08
1.13476e-08
1.1858e-08
1.47377e-08
1.73546e-08
1.91042e-08
2.00271e-08
1.99213e-08
1.93664e-08
1.91383e-08
1.94732e-08
2.00538e-08
2.04018e-08
2.03806e-08
2.04286e-08
2.08233e-08
2.13666e-08
2.18053e-08
2.20172e-08
2.1891e-08
2.17366e-08
2.17115e-08
2.15181e-08
2.10254e-08
2.05317e-08
2.04337e-08
2.06086e-08
2.07037e-08
2.07358e-08
2.07372e-08
2.05611e-08
2.0591e-08
2.12428e-08
2.23096e-08
2.32733e-08
2.4009e-08
2.42081e-08
2.3302e-08
2.13775e-08
1.84139e-08
1.40325e-08
1.16235e-08
1.21312e-08
1.47343e-08
1.71636e-08
1.84606e-08
1.86262e-08
1.81224e-08
1.76937e-08
1.76265e-08
1.80571e-08
1.88539e-08
1.96063e-08
1.99104e-08
1.99676e-08
1.99914e-08
2.00408e-08
2.01612e-08
2.0344e-08
2.03949e-08
2.03479e-08
2.02552e-08
2.00389e-08
1.97175e-08
1.94215e-08
1.92648e-08
1.93236e-08
1.94388e-08
1.95024e-08
1.95739e-08
1.95906e-08
1.96524e-08
2.02273e-08
2.12597e-08
2.21905e-08
2.27152e-08
2.27658e-08
2.19413e-08
2.01121e-08
1.7422e-08
1.35235e-08
1.1894e-08
1.25476e-08
1.47435e-08
1.66873e-08
1.7734e-08
1.79132e-08
1.74966e-08
1.70151e-08
1.68755e-08
1.71114e-08
1.77899e-08
1.86608e-08
1.92235e-08
1.93947e-08
1.93832e-08
1.92433e-08
1.90772e-08
1.90913e-08
1.9158e-08
1.9142e-08
1.9056e-08
1.88975e-08
1.86593e-08
1.84583e-08
1.83371e-08
1.83152e-08
1.83587e-08
1.83239e-08
1.83888e-08
1.86045e-08
1.88984e-08
1.94717e-08
2.02639e-08
2.08742e-08
2.11669e-08
2.10588e-08
2.02129e-08
1.84368e-08
1.6091e-08
1.30261e-08
1.20472e-08
1.28326e-08
1.46875e-08
1.61912e-08
1.68647e-08
1.68499e-08
1.64791e-08
1.61343e-08
1.60313e-08
1.6239e-08
1.68854e-08
1.78297e-08
1.85892e-08
1.8836e-08
1.87488e-08
1.8514e-08
1.82327e-08
1.81616e-08
1.81988e-08
1.81827e-08
1.80988e-08
1.79171e-08
1.76904e-08
1.75247e-08
1.73647e-08
1.72729e-08
1.73485e-08
1.74471e-08
1.75733e-08
1.78515e-08
1.82591e-08
1.87969e-08
1.94195e-08
1.98932e-08
2.00269e-08
1.97106e-08
1.87054e-08
1.69904e-08
1.49461e-08
1.25243e-08
1.18505e-08
1.25758e-08
1.41144e-08
1.537e-08
1.58961e-08
1.58788e-08
1.55824e-08
1.53463e-08
1.54587e-08
1.57883e-08
1.62966e-08
1.70178e-08
1.76177e-08
1.77534e-08
1.76065e-08
1.73854e-08
1.7174e-08
1.71328e-08
1.72099e-08
1.72521e-08
1.71866e-08
1.69685e-08
1.67243e-08
1.65718e-08
1.64255e-08
1.63589e-08
1.65339e-08
1.67576e-08
1.69239e-08
1.71353e-08
1.74605e-08
1.78114e-08
1.81273e-08
1.83922e-08
1.85308e-08
1.8353e-08
1.75194e-08
1.5968e-08
1.41097e-08
1.23473e-08
1.18559e-08
1.24221e-08
1.36325e-08
1.46827e-08
1.52192e-08
1.5337e-08
1.52572e-08
1.52084e-08
1.53741e-08
1.56807e-08
1.60038e-08
1.6439e-08
1.68139e-08
1.67894e-08
1.65223e-08
1.62911e-08
1.61735e-08
1.62275e-08
1.63019e-08
1.62292e-08
1.60863e-08
1.59271e-08
1.57697e-08
1.57509e-08
1.57501e-08
1.57705e-08
1.59642e-08
1.62269e-08
1.63987e-08
1.65689e-08
1.68603e-08
1.71354e-08
1.72191e-08
1.71813e-08
1.71336e-08
1.69524e-08
1.62628e-08
1.50166e-08
1.35689e-08
1.18806e-08
1.15535e-08
1.20621e-08
1.3126e-08
1.41271e-08
1.47388e-08
1.49901e-08
1.50436e-08
1.51097e-08
1.52868e-08
1.55236e-08
1.57835e-08
1.61165e-08
1.6388e-08
1.63072e-08
1.596e-08
1.56584e-08
1.55401e-08
1.56572e-08
1.58221e-08
1.58506e-08
1.58114e-08
1.57404e-08
1.56888e-08
1.57598e-08
1.58307e-08
1.58087e-08
1.58414e-08
1.59612e-08
1.60418e-08
1.61571e-08
1.64345e-08
1.66243e-08
1.64777e-08
1.60927e-08
1.56895e-08
1.52945e-08
1.47275e-08
1.38395e-08
1.27755e-08
1.18363e-08
1.16503e-08
1.20183e-08
1.28271e-08
1.36981e-08
1.43314e-08
1.46617e-08
1.47646e-08
1.48404e-08
1.50591e-08
1.53677e-08
1.56836e-08
1.60434e-08
1.6315e-08
1.62253e-08
1.58703e-08
1.54833e-08
1.52452e-08
1.5297e-08
1.55164e-08
1.56673e-08
1.57131e-08
1.56975e-08
1.56942e-08
1.58156e-08
1.60104e-08
1.61191e-08
1.62084e-08
1.62793e-08
1.6204e-08
1.60709e-08
1.60671e-08
1.6149e-08
1.60577e-08
1.57451e-08
1.52988e-08
1.47287e-08
1.40423e-08
1.32409e-08
1.24314e-08
1.17031e-08
1.14894e-08
1.18201e-08
1.25397e-08
1.3291e-08
1.38467e-08
1.41861e-08
1.43573e-08
1.44676e-08
1.46228e-08
1.48252e-08
1.50643e-08
1.53332e-08
1.55267e-08
1.55363e-08
1.53717e-08
1.50865e-08
1.48346e-08
1.47861e-08
1.49071e-08
1.50817e-08
1.5253e-08
1.52925e-08
1.51726e-08
1.50591e-08
1.51078e-08
1.52418e-08
1.53629e-08
1.54166e-08
1.5328e-08
1.51645e-08
1.51102e-08
1.5177e-08
1.51831e-08
1.50495e-08
1.48828e-08
1.45788e-08
1.39977e-08
1.32094e-08
1.23601e-08
1.20206e-08
1.17488e-08
1.17959e-08
1.2186e-08
1.27205e-08
1.32267e-08
1.3604e-08
1.3875e-08
1.41194e-08
1.43466e-08
1.45586e-08
1.47648e-08
1.48843e-08
1.49023e-08
1.48005e-08
1.46074e-08
1.43964e-08
1.42233e-08
1.41873e-08
1.42874e-08
1.44078e-08
1.4556e-08
1.47107e-08
1.47194e-08
1.46021e-08
1.45233e-08
1.45318e-08
1.46142e-08
1.47537e-08
1.48903e-08
1.49318e-08
1.48561e-08
1.47555e-08
1.45883e-08
1.43288e-08
1.4076e-08
1.37525e-08
1.33213e-08
1.28643e-08
1.24258e-08
1.22853e-08
1.20812e-08
1.20797e-08
1.22792e-08
1.25699e-08
1.28697e-08
1.32053e-08
1.36116e-08
1.39876e-08
1.42718e-08
1.44632e-08
1.45883e-08
1.46441e-08
1.45809e-08
1.44443e-08
1.42517e-08
1.40236e-08
1.37775e-08
1.36483e-08
1.36842e-08
1.37734e-08
1.38841e-08
1.41043e-08
1.42925e-08
1.43609e-08
1.44114e-08
1.44546e-08
1.44413e-08
1.43706e-08
1.42934e-08
1.42222e-08
1.4138e-08
1.4079e-08
1.40193e-08
1.38746e-08
1.37268e-08
1.35291e-08
1.3199e-08
1.28487e-08
1.25464e-08
1.25266e-08
1.23867e-08
1.23422e-08
1.24436e-08
1.25989e-08
1.27298e-08
1.28913e-08
1.3111e-08
1.33617e-08
1.36012e-08
1.38427e-08
1.4064e-08
1.41955e-08
1.41935e-08
1.41088e-08
1.40265e-08
1.38995e-08
1.37433e-08
1.36646e-08
1.36694e-08
1.35962e-08
1.34647e-08
1.34504e-08
1.35536e-08
1.3704e-08
1.39071e-08
1.4122e-08
1.42389e-08
1.42168e-08
1.41154e-08
1.39887e-08
1.38297e-08
1.37111e-08
1.36506e-08
1.36202e-08
1.35493e-08
1.33523e-08
1.31058e-08
1.28654e-08
1.26766e-08
1.57409e-08
1.52291e-08
1.86768e-08
2.4226e-08
2.80782e-08
2.86198e-08
2.66984e-08
2.49096e-08
2.48314e-08
2.52577e-08
2.57581e-08
2.68841e-08
2.77495e-08
2.73681e-08
2.61963e-08
2.51943e-08
2.51488e-08
2.59991e-08
2.64602e-08
2.57961e-08
2.49597e-08
2.43885e-08
2.39927e-08
2.40164e-08
2.41926e-08
2.37838e-08
2.2611e-08
2.18047e-08
2.20939e-08
2.20806e-08
2.16092e-08
2.22962e-08
2.35035e-08
2.43325e-08
2.61337e-08
2.80584e-08
2.71362e-08
2.37308e-08
2.06025e-08
1.81682e-08
1.59106e-08
1.54072e-08
1.88469e-08
2.44106e-08
2.8293e-08
2.8855e-08
2.69185e-08
2.50788e-08
2.49703e-08
2.53914e-08
2.59056e-08
2.70601e-08
2.79573e-08
2.75901e-08
2.64008e-08
2.53621e-08
2.52995e-08
2.61541e-08
2.66331e-08
2.59863e-08
2.51443e-08
2.45417e-08
2.41071e-08
2.41381e-08
2.43466e-08
2.39555e-08
2.27714e-08
2.19471e-08
2.22463e-08
2.22396e-08
2.1752e-08
2.24363e-08
2.36515e-08
2.4464e-08
2.62555e-08
2.82206e-08
2.73297e-08
2.38876e-08
2.0712e-08
1.82944e-08
1.62424e-08
1.57632e-08
1.92164e-08
2.48129e-08
2.87655e-08
2.9383e-08
2.74193e-08
2.55097e-08
2.53768e-08
2.58073e-08
2.63462e-08
2.75231e-08
2.84106e-08
2.79744e-08
2.66934e-08
2.55627e-08
2.54829e-08
2.63864e-08
2.69079e-08
2.6287e-08
2.54866e-08
2.4897e-08
2.44314e-08
2.44383e-08
2.46449e-08
2.42677e-08
2.3084e-08
2.22526e-08
2.25777e-08
2.2586e-08
2.20479e-08
2.27021e-08
2.39325e-08
2.47187e-08
2.64663e-08
2.84445e-08
2.7601e-08
2.42035e-08
2.10198e-08
1.8598e-08
1.66993e-08
1.61463e-08
1.95945e-08
2.52715e-08
2.93394e-08
3.00382e-08
2.80659e-08
2.60702e-08
2.59188e-08
2.6452e-08
2.70432e-08
2.8179e-08
2.8902e-08
2.82465e-08
2.67755e-08
2.55427e-08
2.54641e-08
2.64494e-08
2.70598e-08
2.64946e-08
2.57729e-08
2.52419e-08
2.4781e-08
2.48114e-08
2.50237e-08
2.46132e-08
2.34323e-08
2.26153e-08
2.29701e-08
2.30107e-08
2.24375e-08
2.30264e-08
2.42535e-08
2.49969e-08
2.66388e-08
2.85931e-08
2.78465e-08
2.46173e-08
2.15361e-08
1.91154e-08
1.7253e-08
1.65038e-08
1.98287e-08
2.55405e-08
2.97426e-08
3.05805e-08
2.86814e-08
2.66924e-08
2.65446e-08
2.70952e-08
2.75866e-08
2.85408e-08
2.91286e-08
2.83232e-08
2.65978e-08
2.52058e-08
2.51697e-08
2.63045e-08
2.7039e-08
2.649e-08
2.58155e-08
2.53546e-08
2.49272e-08
2.50239e-08
2.53256e-08
2.49432e-08
2.37443e-08
2.28964e-08
2.32597e-08
2.33571e-08
2.27652e-08
2.32503e-08
2.44009e-08
2.51122e-08
2.66788e-08
2.86478e-08
2.81069e-08
2.51679e-08
2.22548e-08
1.98069e-08
1.7815e-08
1.67347e-08
1.98409e-08
2.54599e-08
2.96983e-08
3.07165e-08
2.90398e-08
2.71994e-08
2.70654e-08
2.73915e-08
2.75275e-08
2.8315e-08
2.89641e-08
2.82147e-08
2.64248e-08
2.493e-08
2.48196e-08
2.59378e-08
2.67099e-08
2.61886e-08
2.55697e-08
2.524e-08
2.48674e-08
2.50109e-08
2.54496e-08
2.51892e-08
2.39918e-08
2.3059e-08
2.33352e-08
2.35191e-08
2.30764e-08
2.34738e-08
2.44178e-08
2.5059e-08
2.66361e-08
2.86979e-08
2.84654e-08
2.58772e-08
2.31515e-08
2.06359e-08
1.82139e-08
1.66522e-08
1.94033e-08
2.49378e-08
2.9261e-08
3.04199e-08
2.8885e-08
2.70858e-08
2.68365e-08
2.69626e-08
2.68798e-08
2.76296e-08
2.83586e-08
2.77039e-08
2.60818e-08
2.4737e-08
2.4568e-08
2.54362e-08
2.60815e-08
2.56303e-08
2.51781e-08
2.50236e-08
2.47021e-08
2.48341e-08
2.53135e-08
2.5186e-08
2.40813e-08
2.31087e-08
2.32794e-08
2.35946e-08
2.34085e-08
2.38019e-08
2.44875e-08
2.49287e-08
2.63862e-08
2.85324e-08
2.86688e-08
2.6515e-08
2.39891e-08
2.13758e-08
1.8432e-08
1.63796e-08
1.86589e-08
2.39896e-08
2.83227e-08
2.95848e-08
2.80614e-08
2.60822e-08
2.57835e-08
2.60257e-08
2.59563e-08
2.65975e-08
2.72594e-08
2.67352e-08
2.55022e-08
2.44909e-08
2.43737e-08
2.50323e-08
2.55521e-08
2.51792e-08
2.48622e-08
2.48469e-08
2.45045e-08
2.44397e-08
2.48533e-08
2.48936e-08
2.40126e-08
2.31355e-08
2.32553e-08
2.363e-08
2.36215e-08
2.40077e-08
2.44727e-08
2.46233e-08
2.58928e-08
2.80717e-08
2.85923e-08
2.68712e-08
2.45191e-08
2.18765e-08
1.8172e-08
1.58117e-08
1.7684e-08
2.2571e-08
2.66804e-08
2.81318e-08
2.69364e-08
2.50705e-08
2.47186e-08
2.49542e-08
2.47992e-08
2.52435e-08
2.58733e-08
2.55321e-08
2.46508e-08
2.40614e-08
2.41563e-08
2.48102e-08
2.53036e-08
2.49812e-08
2.46262e-08
2.46177e-08
2.43012e-08
2.40517e-08
2.42581e-08
2.43283e-08
2.36799e-08
2.29425e-08
2.29929e-08
2.33037e-08
2.33907e-08
2.38201e-08
2.41562e-08
2.40746e-08
2.52053e-08
2.74782e-08
2.83082e-08
2.69507e-08
2.46748e-08
2.18589e-08
1.75496e-08
1.5002e-08
1.64716e-08
2.06896e-08
2.43556e-08
2.61028e-08
2.56713e-08
2.43295e-08
2.40169e-08
2.40784e-08
2.36642e-08
2.37387e-08
2.42389e-08
2.40619e-08
2.34727e-08
2.31808e-08
2.34235e-08
2.41109e-08
2.47628e-08
2.465e-08
2.42414e-08
2.41335e-08
2.38394e-08
2.35577e-08
2.36694e-08
2.36748e-08
2.30616e-08
2.23527e-08
2.23115e-08
2.25758e-08
2.27975e-08
2.33194e-08
2.36e-08
2.34184e-08
2.43283e-08
2.63744e-08
2.73907e-08
2.64819e-08
2.43864e-08
2.14381e-08
1.68208e-08
1.43846e-08
1.55736e-08
1.92255e-08
2.23925e-08
2.41315e-08
2.42097e-08
2.33263e-08
2.32065e-08
2.33695e-08
2.29713e-08
2.28805e-08
2.32083e-08
2.29822e-08
2.24099e-08
2.222e-08
2.24899e-08
2.31078e-08
2.37843e-08
2.38192e-08
2.34169e-08
2.32397e-08
2.30824e-08
2.29022e-08
2.29712e-08
2.30003e-08
2.25184e-08
2.18568e-08
2.16472e-08
2.18465e-08
2.22145e-08
2.27761e-08
2.30417e-08
2.2896e-08
2.35911e-08
2.528e-08
2.62266e-08
2.54055e-08
2.33748e-08
2.04663e-08
1.60408e-08
1.4018e-08
1.51416e-08
1.82391e-08
2.09071e-08
2.25431e-08
2.28251e-08
2.2124e-08
2.20134e-08
2.22916e-08
2.21165e-08
2.21081e-08
2.24334e-08
2.22311e-08
2.15996e-08
2.12917e-08
2.14529e-08
2.19747e-08
2.26076e-08
2.26884e-08
2.22857e-08
2.21052e-08
2.21012e-08
2.21412e-08
2.22728e-08
2.23772e-08
2.21324e-08
2.15951e-08
2.12227e-08
2.11678e-08
2.15137e-08
2.21656e-08
2.2546e-08
2.25696e-08
2.32561e-08
2.4655e-08
2.52164e-08
2.41863e-08
2.20716e-08
1.92861e-08
1.52793e-08
1.3516e-08
1.46066e-08
1.74405e-08
1.98525e-08
2.12827e-08
2.14749e-08
2.07617e-08
2.0508e-08
2.08397e-08
2.10378e-08
2.13282e-08
2.17375e-08
2.14977e-08
2.0738e-08
2.0258e-08
2.0313e-08
2.0794e-08
2.14011e-08
2.1568e-08
2.1282e-08
2.11602e-08
2.13008e-08
2.14823e-08
2.16036e-08
2.16627e-08
2.16347e-08
2.13146e-08
2.08551e-08
2.05877e-08
2.07628e-08
2.13274e-08
2.1802e-08
2.20933e-08
2.28165e-08
2.39277e-08
2.42395e-08
2.30878e-08
2.0911e-08
1.82251e-08
1.44636e-08
1.2895e-08
1.38399e-08
1.64691e-08
1.8808e-08
2.005e-08
2.00087e-08
1.91297e-08
1.86921e-08
1.89421e-08
1.93601e-08
2.00117e-08
2.07791e-08
2.08067e-08
2.01084e-08
1.95031e-08
1.93578e-08
1.96566e-08
2.02631e-08
2.06668e-08
2.06079e-08
2.05726e-08
2.07964e-08
2.10301e-08
2.1086e-08
2.09429e-08
2.08475e-08
2.0726e-08
2.04618e-08
2.02469e-08
2.03106e-08
2.08037e-08
2.14705e-08
2.19647e-08
2.26014e-08
2.33346e-08
2.32697e-08
2.19114e-08
1.96805e-08
1.71087e-08
1.37858e-08
1.245e-08
1.32283e-08
1.55217e-08
1.75651e-08
1.85757e-08
1.84623e-08
1.77443e-08
1.74754e-08
1.7785e-08
1.81936e-08
1.88346e-08
1.97486e-08
2.01091e-08
1.9652e-08
1.90139e-08
1.86102e-08
1.86333e-08
1.9148e-08
1.96536e-08
1.97274e-08
1.97713e-08
2.01011e-08
2.05321e-08
2.07435e-08
2.05714e-08
2.03142e-08
2.01561e-08
2.00862e-08
2.00658e-08
2.01234e-08
2.05243e-08
2.12252e-08
2.18083e-08
2.23098e-08
2.26776e-08
2.23583e-08
2.09389e-08
1.86828e-08
1.6157e-08
1.33332e-08
1.23084e-08
1.29661e-08
1.48645e-08
1.66e-08
1.74484e-08
1.73916e-08
1.69013e-08
1.67989e-08
1.71975e-08
1.77001e-08
1.83427e-08
1.91835e-08
1.95816e-08
1.92007e-08
1.85324e-08
1.80393e-08
1.78698e-08
1.81534e-08
1.8587e-08
1.8757e-08
1.87767e-08
1.8909e-08
1.93283e-08
1.98156e-08
1.99833e-08
1.98507e-08
1.96619e-08
1.95108e-08
1.93996e-08
1.94616e-08
1.98887e-08
2.05987e-08
2.109e-08
2.1343e-08
2.1411e-08
2.10347e-08
1.97027e-08
1.75633e-08
1.52788e-08
1.28579e-08
1.21549e-08
1.28682e-08
1.45345e-08
1.59846e-08
1.66565e-08
1.66152e-08
1.6301e-08
1.62422e-08
1.66042e-08
1.71616e-08
1.79131e-08
1.87893e-08
1.9273e-08
1.89966e-08
1.837e-08
1.78555e-08
1.75691e-08
1.76341e-08
1.79133e-08
1.80752e-08
1.8059e-08
1.79704e-08
1.81008e-08
1.85319e-08
1.89213e-08
1.90538e-08
1.90068e-08
1.88431e-08
1.86189e-08
1.85418e-08
1.88731e-08
1.94886e-08
1.98728e-08
1.99759e-08
1.99427e-08
1.95992e-08
1.84528e-08
1.65479e-08
1.4512e-08
1.22e-08
1.16224e-08
1.23338e-08
1.38458e-08
1.51858e-08
1.58592e-08
1.59703e-08
1.58348e-08
1.57869e-08
1.60662e-08
1.6554e-08
1.71538e-08
1.78703e-08
1.82968e-08
1.81319e-08
1.76371e-08
1.72262e-08
1.70308e-08
1.70722e-08
1.72529e-08
1.73312e-08
1.7275e-08
1.70982e-08
1.70081e-08
1.71609e-08
1.73889e-08
1.75354e-08
1.77221e-08
1.79329e-08
1.79604e-08
1.78371e-08
1.78918e-08
1.82117e-08
1.8511e-08
1.87393e-08
1.89136e-08
1.86732e-08
1.75692e-08
1.5703e-08
1.37249e-08
1.2058e-08
1.15578e-08
1.21221e-08
1.34272e-08
1.46962e-08
1.54581e-08
1.57107e-08
1.5689e-08
1.57081e-08
1.59218e-08
1.61893e-08
1.65024e-08
1.69133e-08
1.71826e-08
1.70319e-08
1.66359e-08
1.63232e-08
1.61208e-08
1.60601e-08
1.60722e-08
1.60657e-08
1.60895e-08
1.60968e-08
1.61224e-08
1.62585e-08
1.63526e-08
1.63268e-08
1.64075e-08
1.66769e-08
1.68573e-08
1.68959e-08
1.709e-08
1.74044e-08
1.75461e-08
1.74764e-08
1.73765e-08
1.70972e-08
1.62941e-08
1.49324e-08
1.33551e-08
1.23109e-08
1.19799e-08
1.23855e-08
1.33105e-08
1.43167e-08
1.50331e-08
1.53529e-08
1.53967e-08
1.54542e-08
1.56358e-08
1.58402e-08
1.60397e-08
1.63226e-08
1.65089e-08
1.63561e-08
1.60062e-08
1.57591e-08
1.5688e-08
1.57575e-08
1.58258e-08
1.57749e-08
1.56666e-08
1.5594e-08
1.56113e-08
1.57943e-08
1.59619e-08
1.5953e-08
1.59235e-08
1.60082e-08
1.60793e-08
1.61647e-08
1.64125e-08
1.66359e-08
1.65365e-08
1.61274e-08
1.57215e-08
1.53535e-08
1.48616e-08
1.40618e-08
1.31103e-08
1.22965e-08
1.21767e-08
1.24847e-08
1.31149e-08
1.38425e-08
1.44453e-08
1.47863e-08
1.49085e-08
1.50152e-08
1.52332e-08
1.54968e-08
1.57855e-08
1.61419e-08
1.63985e-08
1.6305e-08
1.59425e-08
1.55869e-08
1.54595e-08
1.56195e-08
1.587e-08
1.59785e-08
1.5918e-08
1.57515e-08
1.55939e-08
1.56218e-08
1.57919e-08
1.58799e-08
1.59036e-08
1.59407e-08
1.58899e-08
1.57793e-08
1.58149e-08
1.59729e-08
1.59919e-08
1.57026e-08
1.52222e-08
1.46772e-08
1.4071e-08
1.33573e-08
1.27132e-08
1.18415e-08
1.16445e-08
1.19129e-08
1.24857e-08
1.31431e-08
1.37188e-08
1.41022e-08
1.43175e-08
1.44986e-08
1.47021e-08
1.49468e-08
1.52429e-08
1.55427e-08
1.57266e-08
1.5685e-08
1.5439e-08
1.51174e-08
1.48778e-08
1.48667e-08
1.50228e-08
1.51781e-08
1.52743e-08
1.52864e-08
1.51517e-08
1.49927e-08
1.50233e-08
1.51795e-08
1.53487e-08
1.54864e-08
1.54594e-08
1.53137e-08
1.52375e-08
1.52998e-08
1.5369e-08
1.52679e-08
1.50221e-08
1.46597e-08
1.40645e-08
1.3263e-08
1.24478e-08
1.20261e-08
1.17839e-08
1.18079e-08
1.21501e-08
1.26628e-08
1.31944e-08
1.36324e-08
1.39457e-08
1.41542e-08
1.43286e-08
1.45487e-08
1.47914e-08
1.49763e-08
1.50301e-08
1.49072e-08
1.46861e-08
1.44327e-08
1.42228e-08
1.42089e-08
1.43594e-08
1.44914e-08
1.46066e-08
1.47408e-08
1.47818e-08
1.47242e-08
1.46954e-08
1.46956e-08
1.4698e-08
1.47541e-08
1.48438e-08
1.48993e-08
1.48946e-08
1.49083e-08
1.48441e-08
1.46192e-08
1.43555e-08
1.39979e-08
1.35097e-08
1.29742e-08
1.24602e-08
1.22849e-08
1.20798e-08
1.20919e-08
1.23012e-08
1.26129e-08
1.29225e-08
1.32813e-08
1.36764e-08
1.39995e-08
1.4207e-08
1.43934e-08
1.45208e-08
1.45901e-08
1.45895e-08
1.44874e-08
1.4289e-08
1.40239e-08
1.37179e-08
1.35747e-08
1.36606e-08
1.37967e-08
1.39648e-08
1.42401e-08
1.44368e-08
1.44973e-08
1.45044e-08
1.44836e-08
1.43989e-08
1.42589e-08
1.41477e-08
1.41027e-08
1.40711e-08
1.40745e-08
1.40334e-08
1.39054e-08
1.3776e-08
1.35981e-08
1.32675e-08
1.29113e-08
1.25808e-08
1.26092e-08
1.23945e-08
1.2282e-08
1.23721e-08
1.25396e-08
1.26858e-08
1.28651e-08
1.30929e-08
1.33239e-08
1.35575e-08
1.38146e-08
1.40369e-08
1.41568e-08
1.41453e-08
1.40534e-08
1.39291e-08
1.37735e-08
1.3589e-08
1.35095e-08
1.35791e-08
1.36284e-08
1.36587e-08
1.37778e-08
1.39344e-08
1.40754e-08
1.41887e-08
1.42502e-08
1.41927e-08
1.40189e-08
1.38444e-08
1.37061e-08
1.36197e-08
1.35828e-08
1.35406e-08
1.35123e-08
1.34548e-08
1.33026e-08
1.31098e-08
1.29442e-08
1.27864e-08
1.81522e-08
1.76671e-08
2.06631e-08
2.44428e-08
2.54578e-08
2.39649e-08
2.2483e-08
2.23599e-08
2.2628e-08
2.21945e-08
2.20253e-08
2.27028e-08
2.31801e-08
2.32892e-08
2.35559e-08
2.39883e-08
2.4303e-08
2.48143e-08
2.50765e-08
2.43927e-08
2.3656e-08
2.38608e-08
2.4111e-08
2.39837e-08
2.43982e-08
2.49204e-08
2.42358e-08
2.31688e-08
2.29464e-08
2.29405e-08
2.27826e-08
2.32512e-08
2.3794e-08
2.35531e-08
2.34297e-08
2.40644e-08
2.43233e-08
2.37105e-08
2.25769e-08
2.06007e-08
1.8308e-08
1.78099e-08
2.08226e-08
2.46501e-08
2.5681e-08
2.41471e-08
2.26184e-08
2.24836e-08
2.27676e-08
2.23408e-08
2.21668e-08
2.28671e-08
2.33653e-08
2.34713e-08
2.37289e-08
2.41483e-08
2.44538e-08
2.49638e-08
2.5223e-08
2.45257e-08
2.37726e-08
2.39778e-08
2.42237e-08
2.40744e-08
2.44771e-08
2.50167e-08
2.43509e-08
2.32849e-08
2.30716e-08
2.30762e-08
2.2911e-08
2.33765e-08
2.39337e-08
2.36926e-08
2.35587e-08
2.41859e-08
2.44505e-08
2.38502e-08
2.27312e-08
2.07656e-08
1.86568e-08
1.80922e-08
2.11123e-08
2.50316e-08
2.61284e-08
2.45602e-08
2.29592e-08
2.28057e-08
2.31087e-08
2.26639e-08
2.24632e-08
2.31494e-08
2.36281e-08
2.37406e-08
2.40102e-08
2.44055e-08
2.46975e-08
2.52213e-08
2.54615e-08
2.47149e-08
2.3949e-08
2.41749e-08
2.44307e-08
2.42254e-08
2.46013e-08
2.51781e-08
2.45324e-08
2.3466e-08
2.32698e-08
2.32862e-08
2.31315e-08
2.36041e-08
2.41569e-08
2.38927e-08
2.37362e-08
2.43591e-08
2.46684e-08
2.41506e-08
2.31093e-08
2.1162e-08
1.91381e-08
1.84627e-08
2.13446e-08
2.52924e-08
2.65564e-08
2.509e-08
2.34358e-08
2.32057e-08
2.35006e-08
2.30755e-08
2.28638e-08
2.35313e-08
2.39661e-08
2.40389e-08
2.42943e-08
2.46567e-08
2.49262e-08
2.54238e-08
2.55939e-08
2.47742e-08
2.40339e-08
2.43602e-08
2.46406e-08
2.43852e-08
2.4732e-08
2.53271e-08
2.47051e-08
2.36331e-08
2.34533e-08
2.34905e-08
2.33396e-08
2.38001e-08
2.43553e-08
2.40596e-08
2.38375e-08
2.44242e-08
2.47854e-08
2.43863e-08
2.34834e-08
2.16312e-08
1.95649e-08
1.87842e-08
2.14596e-08
2.53297e-08
2.67115e-08
2.53812e-08
2.38035e-08
2.36199e-08
2.38955e-08
2.33778e-08
2.31921e-08
2.40099e-08
2.4447e-08
2.43441e-08
2.44267e-08
2.47053e-08
2.49644e-08
2.5429e-08
2.55153e-08
2.46167e-08
2.38732e-08
2.43498e-08
2.47483e-08
2.44421e-08
2.47044e-08
2.52818e-08
2.46719e-08
2.36456e-08
2.3522e-08
2.35768e-08
2.34135e-08
2.38359e-08
2.44019e-08
2.4172e-08
2.39115e-08
2.43807e-08
2.47322e-08
2.44496e-08
2.37241e-08
2.20184e-08
1.98307e-08
1.8876e-08
2.13617e-08
2.51085e-08
2.64738e-08
2.52227e-08
2.38344e-08
2.38914e-08
2.42665e-08
2.35902e-08
2.3221e-08
2.41616e-08
2.47126e-08
2.4458e-08
2.43888e-08
2.46015e-08
2.48569e-08
2.52694e-08
2.5295e-08
2.43788e-08
2.361e-08
2.40919e-08
2.45885e-08
2.43367e-08
2.45452e-08
2.50706e-08
2.44645e-08
2.34702e-08
2.33918e-08
2.34399e-08
2.32843e-08
2.37291e-08
2.43299e-08
2.41872e-08
2.39406e-08
2.43015e-08
2.45914e-08
2.43477e-08
2.37778e-08
2.22671e-08
1.98028e-08
1.86222e-08
2.09045e-08
2.46357e-08
2.60446e-08
2.47869e-08
2.35056e-08
2.38303e-08
2.44484e-08
2.36877e-08
2.29827e-08
2.386e-08
2.45626e-08
2.42536e-08
2.41102e-08
2.43761e-08
2.46846e-08
2.50734e-08
2.50217e-08
2.40097e-08
2.32212e-08
2.36949e-08
2.41846e-08
2.39775e-08
2.42464e-08
2.48407e-08
2.42836e-08
2.32172e-08
2.30336e-08
2.30143e-08
2.29356e-08
2.35894e-08
2.43098e-08
2.41897e-08
2.3871e-08
2.4112e-08
2.43644e-08
2.40939e-08
2.35356e-08
2.21952e-08
1.9456e-08
1.81727e-08
2.02321e-08
2.39747e-08
2.5526e-08
2.42738e-08
2.29692e-08
2.34356e-08
2.43377e-08
2.37638e-08
2.28658e-08
2.35112e-08
2.42458e-08
2.39083e-08
2.36355e-08
2.39095e-08
2.42511e-08
2.46343e-08
2.45931e-08
2.35585e-08
2.27578e-08
2.32609e-08
2.3812e-08
2.37073e-08
2.40971e-08
2.48584e-08
2.4384e-08
2.31502e-08
2.26666e-08
2.2489e-08
2.25222e-08
2.3414e-08
2.42666e-08
2.41081e-08
2.36598e-08
2.37614e-08
2.39079e-08
2.35721e-08
2.29542e-08
2.17157e-08
1.88274e-08
1.7644e-08
1.94618e-08
2.2994e-08
2.46477e-08
2.36116e-08
2.23896e-08
2.2894e-08
2.40467e-08
2.38191e-08
2.29589e-08
2.33877e-08
2.40773e-08
2.37404e-08
2.33183e-08
2.34671e-08
2.37539e-08
2.40383e-08
2.39343e-08
2.29863e-08
2.22522e-08
2.28242e-08
2.35674e-08
2.36953e-08
2.42294e-08
2.50675e-08
2.4529e-08
2.30679e-08
2.2272e-08
2.19497e-08
2.21008e-08
2.31775e-08
2.41141e-08
2.38566e-08
2.32704e-08
2.32693e-08
2.33221e-08
2.28761e-08
2.21122e-08
2.08608e-08
1.79018e-08
1.68584e-08
1.84367e-08
2.15882e-08
2.32663e-08
2.26155e-08
2.1685e-08
2.2236e-08
2.34909e-08
2.35544e-08
2.28303e-08
2.31023e-08
2.37028e-08
2.33883e-08
2.2986e-08
2.3093e-08
2.32241e-08
2.33586e-08
2.32529e-08
2.24196e-08
2.16794e-08
2.21892e-08
2.31714e-08
2.36703e-08
2.42931e-08
2.49563e-08
2.43417e-08
2.27357e-08
2.17584e-08
2.14191e-08
2.16167e-08
2.27099e-08
2.37608e-08
2.35878e-08
2.29914e-08
2.29849e-08
2.29793e-08
2.22996e-08
2.11696e-08
1.9747e-08
1.69044e-08
1.59511e-08
1.74541e-08
2.04579e-08
2.21849e-08
2.18653e-08
2.11125e-08
2.1507e-08
2.27326e-08
2.3083e-08
2.24514e-08
2.24004e-08
2.27747e-08
2.25442e-08
2.23246e-08
2.25377e-08
2.25926e-08
2.2532e-08
2.24295e-08
2.18586e-08
2.12077e-08
2.15692e-08
2.26194e-08
2.33422e-08
2.38688e-08
2.42742e-08
2.37718e-08
2.24002e-08
2.139e-08
2.09673e-08
2.11308e-08
2.21745e-08
2.32516e-08
2.32609e-08
2.28242e-08
2.28748e-08
2.28488e-08
2.1988e-08
2.04661e-08
1.87348e-08
1.61437e-08
1.51832e-08
1.64923e-08
1.93315e-08
2.12325e-08
2.13306e-08
2.0713e-08
2.0761e-08
2.17188e-08
2.22918e-08
2.19758e-08
2.18904e-08
2.21666e-08
2.1991e-08
2.17666e-08
2.19049e-08
2.18345e-08
2.15541e-08
2.14612e-08
2.12157e-08
2.07913e-08
2.09901e-08
2.19149e-08
2.26808e-08
2.30215e-08
2.32416e-08
2.31034e-08
2.22759e-08
2.13155e-08
2.07431e-08
2.0771e-08
2.16143e-08
2.26199e-08
2.2808e-08
2.25948e-08
2.26909e-08
2.2627e-08
2.16865e-08
1.99642e-08
1.80252e-08
1.57194e-08
1.46657e-08
1.56775e-08
1.82084e-08
2.01803e-08
2.06269e-08
2.01536e-08
1.98604e-08
2.03317e-08
2.08994e-08
2.09332e-08
2.1056e-08
2.14115e-08
2.12688e-08
2.09673e-08
2.10817e-08
2.10622e-08
2.07217e-08
2.05506e-08
2.03995e-08
2.01172e-08
2.03039e-08
2.11213e-08
2.18016e-08
2.19409e-08
2.20402e-08
2.22072e-08
2.19176e-08
2.13415e-08
2.08829e-08
2.07826e-08
2.13336e-08
2.22047e-08
2.25943e-08
2.26183e-08
2.26828e-08
2.24834e-08
2.14017e-08
1.95715e-08
1.75856e-08
1.5194e-08
1.41889e-08
1.49809e-08
1.72457e-08
1.91914e-08
1.98352e-08
1.94319e-08
1.88662e-08
1.88643e-08
1.9222e-08
1.94248e-08
1.9767e-08
2.02772e-08
2.01585e-08
1.97592e-08
1.98592e-08
1.99771e-08
1.97225e-08
1.95865e-08
1.94241e-08
1.91463e-08
1.93378e-08
2.02912e-08
2.11678e-08
2.12682e-08
2.1106e-08
2.12297e-08
2.13268e-08
2.1317e-08
2.12076e-08
2.10976e-08
2.14049e-08
2.20918e-08
2.25018e-08
2.25206e-08
2.24124e-08
2.19492e-08
2.06765e-08
1.87668e-08
1.68588e-08
1.45296e-08
1.363e-08
1.41503e-08
1.59794e-08
1.779e-08
1.87075e-08
1.86605e-08
1.81319e-08
1.79189e-08
1.81268e-08
1.83076e-08
1.86127e-08
1.91702e-08
1.9253e-08
1.89818e-08
1.90924e-08
1.92192e-08
1.89245e-08
1.87002e-08
1.85628e-08
1.83237e-08
1.8484e-08
1.93874e-08
2.04408e-08
2.09558e-08
2.08932e-08
2.07678e-08
2.06827e-08
2.07649e-08
2.0945e-08
2.09847e-08
2.12383e-08
2.17942e-08
2.22004e-08
2.2233e-08
2.19901e-08
2.13362e-08
1.99928e-08
1.80026e-08
1.60795e-08
1.38239e-08
1.30455e-08
1.34467e-08
1.49498e-08
1.65632e-08
1.75298e-08
1.77226e-08
1.74459e-08
1.73568e-08
1.76389e-08
1.7879e-08
1.82082e-08
1.88277e-08
1.90378e-08
1.87266e-08
1.85928e-08
1.85913e-08
1.83377e-08
1.80784e-08
1.78236e-08
1.74872e-08
1.7534e-08
1.82394e-08
1.92202e-08
1.99936e-08
2.03644e-08
2.04243e-08
2.02844e-08
2.01271e-08
2.01847e-08
2.03206e-08
2.05834e-08
2.10201e-08
2.13861e-08
2.15275e-08
2.14614e-08
2.09347e-08
1.95491e-08
1.74056e-08
1.5311e-08
1.31455e-08
1.25739e-08
1.30389e-08
1.43425e-08
1.56977e-08
1.65621e-08
1.67878e-08
1.66068e-08
1.65986e-08
1.69713e-08
1.73835e-08
1.78946e-08
1.8618e-08
1.89224e-08
1.85267e-08
1.81159e-08
1.79266e-08
1.77684e-08
1.7643e-08
1.74172e-08
1.7036e-08
1.68864e-08
1.72215e-08
1.79454e-08
1.87531e-08
1.93002e-08
1.94576e-08
1.94187e-08
1.9386e-08
1.94256e-08
1.94944e-08
1.9742e-08
2.01815e-08
2.05406e-08
2.06746e-08
2.06092e-08
2.01072e-08
1.87718e-08
1.66663e-08
1.45661e-08
1.263e-08
1.22227e-08
1.27799e-08
1.39818e-08
1.51142e-08
1.57901e-08
1.60232e-08
1.60317e-08
1.61859e-08
1.66777e-08
1.71816e-08
1.75875e-08
1.80479e-08
1.82742e-08
1.79777e-08
1.76143e-08
1.74701e-08
1.74552e-08
1.74775e-08
1.73433e-08
1.69402e-08
1.66701e-08
1.67312e-08
1.70524e-08
1.75186e-08
1.78778e-08
1.79406e-08
1.79549e-08
1.81678e-08
1.84374e-08
1.86156e-08
1.88685e-08
1.92655e-08
1.96428e-08
1.99016e-08
1.99233e-08
1.94009e-08
1.80283e-08
1.59975e-08
1.39787e-08
1.24597e-08
1.20684e-08
1.25367e-08
1.35517e-08
1.45715e-08
1.53179e-08
1.5695e-08
1.58027e-08
1.59485e-08
1.63108e-08
1.67246e-08
1.70703e-08
1.74227e-08
1.75535e-08
1.72114e-08
1.67652e-08
1.65742e-08
1.6572e-08
1.66453e-08
1.65803e-08
1.62711e-08
1.60099e-08
1.60025e-08
1.61919e-08
1.65407e-08
1.67791e-08
1.67197e-08
1.66561e-08
1.68861e-08
1.71209e-08
1.7307e-08
1.76996e-08
1.82271e-08
1.85178e-08
1.86283e-08
1.85894e-08
1.81983e-08
1.71116e-08
1.54524e-08
1.36921e-08
1.27842e-08
1.25405e-08
1.29293e-08
1.3675e-08
1.44472e-08
1.4999e-08
1.52472e-08
1.53543e-08
1.55473e-08
1.58774e-08
1.6185e-08
1.64125e-08
1.67287e-08
1.69354e-08
1.67411e-08
1.63267e-08
1.60039e-08
1.59012e-08
1.59658e-08
1.59706e-08
1.57344e-08
1.54541e-08
1.52694e-08
1.52296e-08
1.54338e-08
1.57608e-08
1.59421e-08
1.607e-08
1.62709e-08
1.6414e-08
1.64949e-08
1.68034e-08
1.72112e-08
1.73342e-08
1.71888e-08
1.70218e-08
1.67116e-08
1.59688e-08
1.48209e-08
1.36177e-08
1.25701e-08
1.24673e-08
1.28182e-08
1.3453e-08
1.40736e-08
1.45604e-08
1.48263e-08
1.4925e-08
1.50149e-08
1.52341e-08
1.55509e-08
1.58976e-08
1.62638e-08
1.64734e-08
1.63279e-08
1.59282e-08
1.55721e-08
1.54596e-08
1.5583e-08
1.57593e-08
1.57813e-08
1.56914e-08
1.55033e-08
1.52445e-08
1.51529e-08
1.53e-08
1.53941e-08
1.54389e-08
1.55521e-08
1.55725e-08
1.54694e-08
1.55357e-08
1.5889e-08
1.61383e-08
1.60975e-08
1.58595e-08
1.54666e-08
1.47879e-08
1.39206e-08
1.31047e-08
1.21682e-08
1.19343e-08
1.21151e-08
1.25726e-08
1.31387e-08
1.36295e-08
1.39691e-08
1.41701e-08
1.43365e-08
1.45643e-08
1.48443e-08
1.51608e-08
1.55301e-08
1.58069e-08
1.58332e-08
1.55687e-08
1.51711e-08
1.48467e-08
1.47787e-08
1.49603e-08
1.51171e-08
1.51962e-08
1.52175e-08
1.5058e-08
1.48544e-08
1.486e-08
1.49718e-08
1.5076e-08
1.51625e-08
1.51575e-08
1.50377e-08
1.49698e-08
1.51248e-08
1.52736e-08
1.52429e-08
1.5124e-08
1.48385e-08
1.42896e-08
1.35292e-08
1.27403e-08
1.21642e-08
1.19853e-08
1.20501e-08
1.23307e-08
1.27186e-08
1.31357e-08
1.35098e-08
1.37966e-08
1.40185e-08
1.42324e-08
1.44949e-08
1.47575e-08
1.49994e-08
1.5144e-08
1.51098e-08
1.49491e-08
1.4732e-08
1.45235e-08
1.44655e-08
1.45499e-08
1.46007e-08
1.46678e-08
1.48199e-08
1.49016e-08
1.48382e-08
1.47317e-08
1.45909e-08
1.44137e-08
1.43462e-08
1.4461e-08
1.46553e-08
1.48196e-08
1.49906e-08
1.50041e-08
1.4772e-08
1.44328e-08
1.40202e-08
1.34856e-08
1.29752e-08
1.25161e-08
1.22547e-08
1.2108e-08
1.21304e-08
1.23382e-08
1.26218e-08
1.28851e-08
1.3182e-08
1.35463e-08
1.38585e-08
1.40965e-08
1.43418e-08
1.45178e-08
1.46087e-08
1.46478e-08
1.4583e-08
1.44123e-08
1.41567e-08
1.38535e-08
1.37107e-08
1.37884e-08
1.39094e-08
1.40733e-08
1.43288e-08
1.45089e-08
1.45323e-08
1.44748e-08
1.43902e-08
1.42451e-08
1.40794e-08
1.39926e-08
1.40321e-08
1.41527e-08
1.42407e-08
1.42074e-08
1.39803e-08
1.37337e-08
1.34835e-08
1.31109e-08
1.27752e-08
1.2499e-08
1.25513e-08
1.2363e-08
1.22215e-08
1.22552e-08
1.23872e-08
1.25202e-08
1.27044e-08
1.29619e-08
1.32265e-08
1.34897e-08
1.38065e-08
1.40902e-08
1.42348e-08
1.42677e-08
1.42246e-08
1.41108e-08
1.39296e-08
1.37141e-08
1.35999e-08
1.36703e-08
1.37907e-08
1.39459e-08
1.4182e-08
1.44095e-08
1.45269e-08
1.45786e-08
1.45266e-08
1.43572e-08
1.40799e-08
1.38272e-08
1.36893e-08
1.36125e-08
1.35639e-08
1.34967e-08
1.34041e-08
1.33008e-08
1.31552e-08
1.29711e-08
1.28289e-08
1.27171e-08
2.15053e-08
2.17771e-08
2.43462e-08
2.6557e-08
2.65523e-08
2.57829e-08
2.56111e-08
2.57207e-08
2.53424e-08
2.43928e-08
2.40911e-08
2.49022e-08
2.55085e-08
2.57525e-08
2.69926e-08
2.79332e-08
2.68728e-08
2.56435e-08
2.58608e-08
2.59159e-08
2.52617e-08
2.56217e-08
2.69035e-08
2.77001e-08
2.77434e-08
2.72579e-08
2.61304e-08
2.45807e-08
2.36933e-08
2.41118e-08
2.48589e-08
2.48938e-08
2.44849e-08
2.40285e-08
2.39253e-08
2.43765e-08
2.46652e-08
2.45268e-08
2.4007e-08
2.28661e-08
2.1647e-08
2.19172e-08
2.4519e-08
2.67601e-08
2.6752e-08
2.59675e-08
2.58012e-08
2.59197e-08
2.55321e-08
2.45606e-08
2.42432e-08
2.50543e-08
2.56564e-08
2.58875e-08
2.71387e-08
2.81132e-08
2.70609e-08
2.58015e-08
2.60087e-08
2.60671e-08
2.54007e-08
2.57511e-08
2.70379e-08
2.78395e-08
2.78749e-08
2.7375e-08
2.62446e-08
2.46894e-08
2.37905e-08
2.42107e-08
2.49682e-08
2.50073e-08
2.45948e-08
2.41397e-08
2.40206e-08
2.44626e-08
2.47668e-08
2.46512e-08
2.41504e-08
2.30173e-08
2.20779e-08
2.22856e-08
2.48799e-08
2.71779e-08
2.72055e-08
2.64084e-08
2.62361e-08
2.63502e-08
2.59263e-08
2.48932e-08
2.45413e-08
2.53599e-08
2.59765e-08
2.62047e-08
2.74829e-08
2.84946e-08
2.74247e-08
2.61146e-08
2.63034e-08
2.63428e-08
2.56382e-08
2.59981e-08
2.73388e-08
2.81727e-08
2.81827e-08
2.76194e-08
2.64476e-08
2.48887e-08
2.39516e-08
2.4345e-08
2.51153e-08
2.51694e-08
2.47758e-08
2.43347e-08
2.41959e-08
2.46438e-08
2.49953e-08
2.49564e-08
2.45512e-08
2.34763e-08
2.27419e-08
2.28151e-08
2.53073e-08
2.76531e-08
2.7767e-08
2.69744e-08
2.67625e-08
2.68188e-08
2.63402e-08
2.52686e-08
2.49111e-08
2.57399e-08
2.63556e-08
2.65795e-08
2.78704e-08
2.89093e-08
2.783e-08
2.64864e-08
2.66971e-08
2.67044e-08
2.58771e-08
2.62024e-08
2.76423e-08
2.85794e-08
2.85901e-08
2.79132e-08
2.66375e-08
2.50697e-08
2.41106e-08
2.443e-08
2.51393e-08
2.52151e-08
2.49259e-08
2.4581e-08
2.44319e-08
2.48613e-08
2.5257e-08
2.53115e-08
2.5064e-08
2.41311e-08
2.34217e-08
2.32765e-08
2.54902e-08
2.78839e-08
2.81683e-08
2.73937e-08
2.71202e-08
2.71259e-08
2.66112e-08
2.55196e-08
2.519e-08
2.60298e-08
2.65999e-08
2.67808e-08
2.80388e-08
2.91061e-08
2.81095e-08
2.67922e-08
2.70133e-08
2.70161e-08
2.60053e-08
2.61342e-08
2.75801e-08
2.86892e-08
2.87747e-08
2.7983e-08
2.65782e-08
2.50452e-08
2.41847e-08
2.4472e-08
2.50547e-08
2.51056e-08
2.49975e-08
2.48314e-08
2.4646e-08
2.50056e-08
2.54166e-08
2.55273e-08
2.54504e-08
2.47482e-08
2.40049e-08
2.35982e-08
2.54752e-08
2.7826e-08
2.82708e-08
2.75479e-08
2.72726e-08
2.7339e-08
2.68564e-08
2.5691e-08
2.5288e-08
2.61434e-08
2.65984e-08
2.65659e-08
2.77174e-08
2.88503e-08
2.80213e-08
2.68306e-08
2.71005e-08
2.71114e-08
2.59408e-08
2.57458e-08
2.70256e-08
2.82001e-08
2.84677e-08
2.77563e-08
2.63661e-08
2.49e-08
2.41572e-08
2.44764e-08
2.49408e-08
2.49075e-08
2.49692e-08
2.50665e-08
2.48622e-08
2.50303e-08
2.53643e-08
2.54838e-08
2.55805e-08
2.52055e-08
2.44614e-08
2.39206e-08
2.53399e-08
2.74641e-08
2.79463e-08
2.72665e-08
2.70605e-08
2.73199e-08
2.70077e-08
2.58248e-08
2.52487e-08
2.60029e-08
2.63278e-08
2.60023e-08
2.69564e-08
2.81496e-08
2.75477e-08
2.65523e-08
2.68613e-08
2.68778e-08
2.56455e-08
2.52421e-08
2.6338e-08
2.74931e-08
2.78628e-08
2.73083e-08
2.60884e-08
2.47598e-08
2.40946e-08
2.44168e-08
2.47564e-08
2.46061e-08
2.47988e-08
2.5213e-08
2.50536e-08
2.49435e-08
2.50766e-08
2.51361e-08
2.53536e-08
2.53659e-08
2.44765e-08
2.3969e-08
2.49711e-08
2.67374e-08
2.71848e-08
2.65354e-08
2.63791e-08
2.68959e-08
2.69499e-08
2.59584e-08
2.52541e-08
2.57769e-08
2.59759e-08
2.53375e-08
2.58656e-08
2.69505e-08
2.66466e-08
2.5958e-08
2.63184e-08
2.62917e-08
2.50443e-08
2.46338e-08
2.57968e-08
2.68284e-08
2.71268e-08
2.6757e-08
2.58002e-08
2.45496e-08
2.38282e-08
2.41114e-08
2.43275e-08
2.40212e-08
2.42724e-08
2.49522e-08
2.48946e-08
2.45264e-08
2.4416e-08
2.44202e-08
2.47067e-08
2.50214e-08
2.39165e-08
2.35886e-08
2.43385e-08
2.57656e-08
2.61658e-08
2.55374e-08
2.53521e-08
2.60162e-08
2.64832e-08
2.58596e-08
2.51095e-08
2.53952e-08
2.54882e-08
2.47104e-08
2.47696e-08
2.54846e-08
2.53667e-08
2.49978e-08
2.53338e-08
2.52575e-08
2.41055e-08
2.3727e-08
2.49829e-08
2.60346e-08
2.61864e-08
2.59725e-08
2.52313e-08
2.40031e-08
2.32072e-08
2.35039e-08
2.36359e-08
2.31298e-08
2.33657e-08
2.42497e-08
2.42966e-08
2.36632e-08
2.33075e-08
2.33003e-08
2.35928e-08
2.40775e-08
2.27562e-08
2.25253e-08
2.32637e-08
2.46048e-08
2.50621e-08
2.45156e-08
2.43033e-08
2.49588e-08
2.56069e-08
2.52041e-08
2.44075e-08
2.45142e-08
2.46454e-08
2.39665e-08
2.38288e-08
2.42175e-08
2.40069e-08
2.36959e-08
2.39425e-08
2.38745e-08
2.29267e-08
2.2622e-08
2.39169e-08
2.50334e-08
2.50695e-08
2.4832e-08
2.43244e-08
2.3164e-08
2.22858e-08
2.25925e-08
2.28148e-08
2.22897e-08
2.2413e-08
2.33096e-08
2.3479e-08
2.26959e-08
2.20976e-08
2.20375e-08
2.23611e-08
2.28324e-08
2.11447e-08
2.09632e-08
2.17781e-08
2.31681e-08
2.37636e-08
2.3398e-08
2.31492e-08
2.36336e-08
2.42766e-08
2.40784e-08
2.33374e-08
2.32617e-08
2.3374e-08
2.29466e-08
2.28833e-08
2.3052e-08
2.26614e-08
2.22886e-08
2.24198e-08
2.23777e-08
2.16898e-08
2.15026e-08
2.27341e-08
2.38306e-08
2.37907e-08
2.35424e-08
2.32395e-08
2.22987e-08
2.14861e-08
2.17297e-08
2.20524e-08
2.16228e-08
2.1668e-08
2.24048e-08
2.26052e-08
2.18349e-08
2.10458e-08
2.07974e-08
2.09547e-08
2.12661e-08
1.91576e-08
1.90522e-08
1.99103e-08
2.13077e-08
2.20471e-08
2.19725e-08
2.18759e-08
2.2256e-08
2.28686e-08
2.2911e-08
2.24456e-08
2.23564e-08
2.23964e-08
2.20761e-08
2.2026e-08
2.2071e-08
2.1533e-08
2.09728e-08
2.10028e-08
2.10808e-08
2.05867e-08
2.0433e-08
2.15242e-08
2.25045e-08
2.23765e-08
2.21804e-08
2.22323e-08
2.17524e-08
2.10684e-08
2.11493e-08
2.13115e-08
2.09684e-08
2.1069e-08
2.17377e-08
2.19602e-08
2.12052e-08
2.0223e-08
1.9642e-08
1.94447e-08
1.9393e-08
1.76453e-08
1.74322e-08
1.813e-08
1.94579e-08
2.0301e-08
2.04642e-08
2.05009e-08
2.08168e-08
2.14271e-08
2.17914e-08
2.17754e-08
2.19642e-08
2.20195e-08
2.15483e-08
2.11597e-08
2.09628e-08
2.04604e-08
1.98455e-08
1.97514e-08
1.98726e-08
1.96044e-08
1.95374e-08
2.03513e-08
2.12249e-08
2.12738e-08
2.12222e-08
2.14615e-08
2.13071e-08
2.09315e-08
2.10134e-08
2.09715e-08
2.05814e-08
2.08064e-08
2.15257e-08
2.16344e-08
2.07261e-08
1.94984e-08
1.8624e-08
1.81964e-08
1.79763e-08
1.64841e-08
1.624e-08
1.67985e-08
1.80572e-08
1.89531e-08
1.91859e-08
1.91269e-08
1.92717e-08
1.98456e-08
2.04618e-08
2.08563e-08
2.13934e-08
2.15714e-08
2.09557e-08
2.03e-08
2.00607e-08
1.96816e-08
1.9059e-08
1.8911e-08
1.89363e-08
1.86517e-08
1.85995e-08
1.93885e-08
2.04588e-08
2.08328e-08
2.07892e-08
2.08525e-08
2.08831e-08
2.08342e-08
2.08309e-08
2.05217e-08
2.02336e-08
2.06768e-08
2.12899e-08
2.11432e-08
2.01732e-08
1.89385e-08
1.79232e-08
1.72259e-08
1.6828e-08
1.54946e-08
1.50982e-08
1.5513e-08
1.67125e-08
1.76933e-08
1.79815e-08
1.78839e-08
1.78944e-08
1.84525e-08
1.9283e-08
1.99147e-08
2.05258e-08
2.08193e-08
2.03314e-08
1.96904e-08
1.95428e-08
1.92945e-08
1.85995e-08
1.8181e-08
1.8062e-08
1.77809e-08
1.77826e-08
1.85861e-08
1.97435e-08
2.04132e-08
2.04978e-08
2.03063e-08
2.01061e-08
2.01247e-08
2.02456e-08
2.01169e-08
2.00986e-08
2.06663e-08
2.11994e-08
2.0973e-08
2.00589e-08
1.88249e-08
1.76279e-08
1.66617e-08
1.60178e-08
1.45734e-08
1.42872e-08
1.46746e-08
1.58028e-08
1.67913e-08
1.71145e-08
1.68944e-08
1.66912e-08
1.72404e-08
1.8319e-08
1.91696e-08
1.98318e-08
2.03038e-08
2.0026e-08
1.94007e-08
1.91392e-08
1.8895e-08
1.8279e-08
1.77347e-08
1.74215e-08
1.72059e-08
1.73679e-08
1.81127e-08
1.90246e-08
1.96046e-08
1.98102e-08
1.97837e-08
1.9575e-08
1.94552e-08
1.94545e-08
1.93763e-08
1.9515e-08
1.99713e-08
2.04042e-08
2.05107e-08
2.01216e-08
1.91752e-08
1.77357e-08
1.62376e-08
1.51732e-08
1.36011e-08
1.34845e-08
1.39728e-08
1.49542e-08
1.59001e-08
1.63488e-08
1.61837e-08
1.58403e-08
1.62022e-08
1.72977e-08
1.84678e-08
1.94601e-08
2.01503e-08
2.00228e-08
1.92818e-08
1.87655e-08
1.83986e-08
1.78896e-08
1.74952e-08
1.72661e-08
1.71507e-08
1.73259e-08
1.78458e-08
1.85434e-08
1.90798e-08
1.92443e-08
1.92635e-08
1.948e-08
1.97071e-08
1.96101e-08
1.92163e-08
1.90743e-08
1.93756e-08
1.97737e-08
1.99714e-08
1.98079e-08
1.90238e-08
1.75493e-08
1.5783e-08
1.43534e-08
1.32225e-08
1.32002e-08
1.38138e-08
1.47611e-08
1.55182e-08
1.58805e-08
1.5858e-08
1.56918e-08
1.59806e-08
1.69221e-08
1.80964e-08
1.91436e-08
1.98865e-08
1.98405e-08
1.9129e-08
1.85232e-08
1.81926e-08
1.79036e-08
1.76728e-08
1.74529e-08
1.7301e-08
1.72916e-08
1.74676e-08
1.77438e-08
1.80709e-08
1.8333e-08
1.8413e-08
1.85685e-08
1.8955e-08
1.91772e-08
1.90212e-08
1.8957e-08
1.92758e-08
1.96727e-08
1.99095e-08
1.97842e-08
1.89881e-08
1.74176e-08
1.55397e-08
1.40001e-08
1.29593e-08
1.29055e-08
1.35032e-08
1.43138e-08
1.49838e-08
1.54483e-08
1.56494e-08
1.56864e-08
1.5994e-08
1.66958e-08
1.75825e-08
1.84835e-08
1.91714e-08
1.92529e-08
1.86712e-08
1.80281e-08
1.76538e-08
1.75052e-08
1.74406e-08
1.73295e-08
1.7137e-08
1.69989e-08
1.6998e-08
1.71984e-08
1.7625e-08
1.79783e-08
1.79851e-08
1.79293e-08
1.80482e-08
1.81223e-08
1.80225e-08
1.81095e-08
1.84352e-08
1.86782e-08
1.87329e-08
1.86489e-08
1.81868e-08
1.7012e-08
1.53628e-08
1.3832e-08
1.29471e-08
1.28534e-08
1.33234e-08
1.40438e-08
1.46223e-08
1.49823e-08
1.51998e-08
1.53674e-08
1.56772e-08
1.61577e-08
1.67224e-08
1.73077e-08
1.78482e-08
1.80695e-08
1.77589e-08
1.7165e-08
1.67004e-08
1.64984e-08
1.64718e-08
1.63516e-08
1.60639e-08
1.58002e-08
1.56078e-08
1.55382e-08
1.58385e-08
1.63886e-08
1.67833e-08
1.70323e-08
1.72936e-08
1.73774e-08
1.72799e-08
1.7389e-08
1.76787e-08
1.77166e-08
1.747e-08
1.71356e-08
1.67075e-08
1.58921e-08
1.47735e-08
1.36608e-08
1.28438e-08
1.28063e-08
1.31009e-08
1.36097e-08
1.41211e-08
1.45537e-08
1.48206e-08
1.49608e-08
1.51292e-08
1.54461e-08
1.59169e-08
1.64179e-08
1.68194e-08
1.68899e-08
1.64996e-08
1.58794e-08
1.54194e-08
1.52864e-08
1.54269e-08
1.55478e-08
1.54962e-08
1.54329e-08
1.5392e-08
1.5291e-08
1.53278e-08
1.55392e-08
1.56725e-08
1.57507e-08
1.59355e-08
1.59671e-08
1.58166e-08
1.58631e-08
1.62219e-08
1.65216e-08
1.6464e-08
1.61817e-08
1.57468e-08
1.501e-08
1.40919e-08
1.32923e-08
1.24614e-08
1.23687e-08
1.2543e-08
1.29009e-08
1.33195e-08
1.37035e-08
1.40084e-08
1.42408e-08
1.4432e-08
1.46563e-08
1.49597e-08
1.53394e-08
1.57688e-08
1.60184e-08
1.59137e-08
1.55161e-08
1.50596e-08
1.47565e-08
1.47284e-08
1.48581e-08
1.48638e-08
1.48628e-08
1.49449e-08
1.48991e-08
1.48075e-08
1.48846e-08
1.49989e-08
1.50547e-08
1.51331e-08
1.51975e-08
1.51474e-08
1.5168e-08
1.53438e-08
1.54659e-08
1.53952e-08
1.52067e-08
1.48802e-08
1.42791e-08
1.35085e-08
1.28474e-08
1.2174e-08
1.20992e-08
1.22676e-08
1.25693e-08
1.29364e-08
1.33244e-08
1.36929e-08
1.39964e-08
1.42015e-08
1.43913e-08
1.46312e-08
1.49035e-08
1.51785e-08
1.53668e-08
1.53434e-08
1.51245e-08
1.47859e-08
1.4442e-08
1.42996e-08
1.43519e-08
1.44114e-08
1.44916e-08
1.46959e-08
1.48206e-08
1.47739e-08
1.46641e-08
1.45482e-08
1.44149e-08
1.44019e-08
1.45699e-08
1.47796e-08
1.49505e-08
1.51382e-08
1.51685e-08
1.50123e-08
1.47614e-08
1.43652e-08
1.37638e-08
1.30817e-08
1.2517e-08
1.20717e-08
1.19512e-08
1.20404e-08
1.23188e-08
1.26805e-08
1.2996e-08
1.33132e-08
1.36638e-08
1.3944e-08
1.41947e-08
1.44742e-08
1.47068e-08
1.48389e-08
1.48885e-08
1.48324e-08
1.46332e-08
1.43352e-08
1.40249e-08
1.38872e-08
1.39732e-08
1.40606e-08
1.41406e-08
1.43281e-08
1.45097e-08
1.45638e-08
1.45348e-08
1.44559e-08
1.42986e-08
1.41156e-08
1.4016e-08
1.40992e-08
1.43073e-08
1.45102e-08
1.45556e-08
1.43987e-08
1.41803e-08
1.38703e-08
1.33632e-08
1.28397e-08
1.23913e-08
1.24188e-08
1.21939e-08
1.20945e-08
1.22139e-08
1.24346e-08
1.26609e-08
1.29341e-08
1.32324e-08
1.35023e-08
1.37631e-08
1.4075e-08
1.43536e-08
1.4468e-08
1.44915e-08
1.44423e-08
1.42811e-08
1.40879e-08
1.3856e-08
1.37512e-08
1.38304e-08
1.39904e-08
1.41828e-08
1.44309e-08
1.46326e-08
1.46906e-08
1.46505e-08
1.45221e-08
1.43289e-08
1.40687e-08
1.38351e-08
1.37492e-08
1.3723e-08
1.37259e-08
1.36837e-08
1.35507e-08
1.34162e-08
1.32205e-08
1.2974e-08
1.27791e-08
1.26099e-08
2.08402e-08
2.16555e-08
2.30395e-08
2.35086e-08
2.30771e-08
2.3139e-08
2.38568e-08
2.45124e-08
2.43467e-08
2.3145e-08
2.25068e-08
2.37966e-08
2.51978e-08
2.56628e-08
2.68935e-08
2.73516e-08
2.51247e-08
2.35027e-08
2.42805e-08
2.45975e-08
2.39004e-08
2.40922e-08
2.52313e-08
2.67025e-08
2.81966e-08
2.86901e-08
2.77484e-08
2.6578e-08
2.66561e-08
2.7381e-08
2.69808e-08
2.56497e-08
2.48013e-08
2.4946e-08
2.61121e-08
2.69525e-08
2.607e-08
2.40692e-08
2.227e-08
2.11395e-08
2.09657e-08
2.1791e-08
2.31926e-08
2.36686e-08
2.32207e-08
2.32744e-08
2.40057e-08
2.46833e-08
2.45327e-08
2.3319e-08
2.26504e-08
2.39364e-08
2.53523e-08
2.58139e-08
2.70647e-08
2.7565e-08
2.53162e-08
2.36372e-08
2.44221e-08
2.47606e-08
2.4047e-08
2.42325e-08
2.53836e-08
2.68569e-08
2.83643e-08
2.88855e-08
2.79528e-08
2.67636e-08
2.68357e-08
2.75708e-08
2.71671e-08
2.58204e-08
2.49644e-08
2.50918e-08
2.62551e-08
2.71141e-08
2.62216e-08
2.41891e-08
2.23784e-08
2.12533e-08
2.12552e-08
2.20914e-08
2.35052e-08
2.39732e-08
2.35034e-08
2.35679e-08
2.43396e-08
2.50587e-08
2.49109e-08
2.36609e-08
2.29534e-08
2.42349e-08
2.56509e-08
2.6107e-08
2.7403e-08
2.79618e-08
2.56637e-08
2.39087e-08
2.47424e-08
2.5119e-08
2.43612e-08
2.45375e-08
2.57397e-08
2.72612e-08
2.87867e-08
2.92924e-08
2.83456e-08
2.71368e-08
2.71906e-08
2.79283e-08
2.75185e-08
2.61352e-08
2.52492e-08
2.53518e-08
2.65035e-08
2.7397e-08
2.65167e-08
2.44766e-08
2.26558e-08
2.1526e-08
2.16837e-08
2.25207e-08
2.39417e-08
2.44189e-08
2.38815e-08
2.3889e-08
2.47221e-08
2.5536e-08
2.5406e-08
2.408e-08
2.32958e-08
2.45472e-08
2.59312e-08
2.63634e-08
2.76974e-08
2.83376e-08
2.6013e-08
2.42068e-08
2.51393e-08
2.5558e-08
2.47044e-08
2.48783e-08
2.61955e-08
2.7847e-08
2.94177e-08
2.98598e-08
2.8807e-08
2.75675e-08
2.76095e-08
2.8302e-08
2.78752e-08
2.64839e-08
2.55747e-08
2.56503e-08
2.67797e-08
2.76864e-08
2.67855e-08
2.47325e-08
2.29537e-08
2.18899e-08
2.22076e-08
2.29699e-08
2.43468e-08
2.48947e-08
2.43425e-08
2.42348e-08
2.50859e-08
2.60282e-08
2.59376e-08
2.4495e-08
2.35657e-08
2.47193e-08
2.59976e-08
2.63795e-08
2.77628e-08
2.85717e-08
2.63315e-08
2.45503e-08
2.55614e-08
2.59651e-08
2.4982e-08
2.51378e-08
2.65477e-08
2.82923e-08
2.98947e-08
3.02953e-08
2.91401e-08
2.78339e-08
2.78854e-08
2.85795e-08
2.8112e-08
2.67127e-08
2.57964e-08
2.58884e-08
2.70491e-08
2.7977e-08
2.70122e-08
2.48892e-08
2.31997e-08
2.23215e-08
2.27109e-08
2.32941e-08
2.45599e-08
2.52518e-08
2.47667e-08
2.4524e-08
2.54053e-08
2.65128e-08
2.64409e-08
2.48014e-08
2.36835e-08
2.46951e-08
2.58437e-08
2.61596e-08
2.75788e-08
2.86421e-08
2.67064e-08
2.50064e-08
2.59973e-08
2.62865e-08
2.50687e-08
2.51201e-08
2.66226e-08
2.84232e-08
2.99494e-08
3.02588e-08
2.90566e-08
2.77041e-08
2.78171e-08
2.86347e-08
2.81543e-08
2.67045e-08
2.57846e-08
2.58946e-08
2.7097e-08
2.80612e-08
2.70696e-08
2.49136e-08
2.33734e-08
2.27453e-08
2.29964e-08
2.34732e-08
2.46625e-08
2.54736e-08
2.50525e-08
2.46775e-08
2.55322e-08
2.67324e-08
2.66536e-08
2.48961e-08
2.36206e-08
2.44383e-08
2.54168e-08
2.57354e-08
2.73946e-08
2.88113e-08
2.70725e-08
2.53422e-08
2.62049e-08
2.63126e-08
2.47954e-08
2.4635e-08
2.61852e-08
2.81033e-08
2.96067e-08
2.9842e-08
2.85652e-08
2.70817e-08
2.72025e-08
2.82377e-08
2.79206e-08
2.64917e-08
2.55902e-08
2.5707e-08
2.68961e-08
2.78717e-08
2.68751e-08
2.47405e-08
2.33736e-08
2.29635e-08
2.30229e-08
2.34304e-08
2.44658e-08
2.52965e-08
2.49582e-08
2.45176e-08
2.53597e-08
2.66978e-08
2.67789e-08
2.51914e-08
2.38042e-08
2.42019e-08
2.48099e-08
2.51623e-08
2.72522e-08
2.89386e-08
2.71659e-08
2.53116e-08
2.58298e-08
2.5613e-08
2.39976e-08
2.38763e-08
2.53705e-08
2.714e-08
2.85915e-08
2.90014e-08
2.78576e-08
2.62033e-08
2.62385e-08
2.75065e-08
2.74329e-08
2.60972e-08
2.53388e-08
2.55888e-08
2.67205e-08
2.76177e-08
2.66026e-08
2.4424e-08
2.30901e-08
2.28517e-08
2.29122e-08
2.31908e-08
2.40417e-08
2.48482e-08
2.45847e-08
2.41303e-08
2.4902e-08
2.63338e-08
2.67963e-08
2.57131e-08
2.43988e-08
2.42777e-08
2.43815e-08
2.46065e-08
2.65686e-08
2.82311e-08
2.68325e-08
2.51124e-08
2.51943e-08
2.46521e-08
2.30103e-08
2.29164e-08
2.44291e-08
2.59669e-08
2.71384e-08
2.76134e-08
2.67503e-08
2.50251e-08
2.49222e-08
2.64007e-08
2.66823e-08
2.56012e-08
2.51199e-08
2.55649e-08
2.64133e-08
2.69438e-08
2.59106e-08
2.3845e-08
2.2675e-08
2.26701e-08
2.26191e-08
2.27316e-08
2.34222e-08
2.42175e-08
2.40454e-08
2.35685e-08
2.41596e-08
2.55264e-08
2.62902e-08
2.5788e-08
2.46968e-08
2.42609e-08
2.40467e-08
2.40682e-08
2.54552e-08
2.68921e-08
2.60703e-08
2.46793e-08
2.44901e-08
2.38557e-08
2.22664e-08
2.19654e-08
2.33634e-08
2.49332e-08
2.58969e-08
2.61258e-08
2.52846e-08
2.35982e-08
2.337e-08
2.48883e-08
2.55244e-08
2.48238e-08
2.45095e-08
2.49279e-08
2.54042e-08
2.54534e-08
2.45011e-08
2.29263e-08
2.21429e-08
2.23563e-08
2.17147e-08
2.17442e-08
2.23045e-08
2.30811e-08
2.30864e-08
2.26754e-08
2.29395e-08
2.39196e-08
2.4819e-08
2.48368e-08
2.40962e-08
2.37003e-08
2.34148e-08
2.31794e-08
2.40066e-08
2.52494e-08
2.48725e-08
2.36231e-08
2.3424e-08
2.31185e-08
2.17524e-08
2.10553e-08
2.20492e-08
2.37522e-08
2.48323e-08
2.49025e-08
2.39082e-08
2.22812e-08
2.19288e-08
2.32386e-08
2.39952e-08
2.36369e-08
2.35015e-08
2.39263e-08
2.42052e-08
2.38104e-08
2.27032e-08
2.14298e-08
2.09744e-08
2.14086e-08
2.03761e-08
2.04023e-08
2.08554e-08
2.15319e-08
2.16761e-08
2.15221e-08
2.17377e-08
2.23764e-08
2.31221e-08
2.34734e-08
2.30905e-08
2.27853e-08
2.26403e-08
2.22792e-08
2.2585e-08
2.36596e-08
2.35251e-08
2.22465e-08
2.20272e-08
2.22375e-08
2.14377e-08
2.0429e-08
2.07035e-08
2.22341e-08
2.35828e-08
2.39167e-08
2.30708e-08
2.14536e-08
2.09297e-08
2.19689e-08
2.26022e-08
2.23893e-08
2.2408e-08
2.29265e-08
2.31662e-08
2.25114e-08
2.11718e-08
1.99127e-08
1.95718e-08
2.00642e-08
1.92501e-08
1.93126e-08
1.9812e-08
2.04702e-08
2.06673e-08
2.06372e-08
2.08272e-08
2.12476e-08
2.18905e-08
2.25072e-08
2.24694e-08
2.21253e-08
2.18536e-08
2.14052e-08
2.14425e-08
2.24034e-08
2.26266e-08
2.13248e-08
2.06044e-08
2.08293e-08
2.05823e-08
1.97818e-08
1.97711e-08
2.09424e-08
2.23308e-08
2.29544e-08
2.24467e-08
2.12084e-08
2.08716e-08
2.16097e-08
2.18525e-08
2.15404e-08
2.15233e-08
2.18582e-08
2.19393e-08
2.12395e-08
1.99141e-08
1.87153e-08
1.83961e-08
1.89184e-08
1.81692e-08
1.81403e-08
1.85515e-08
1.92825e-08
1.97068e-08
1.98484e-08
2.00507e-08
2.03497e-08
2.09435e-08
2.18627e-08
2.23138e-08
2.21582e-08
2.18035e-08
2.1176e-08
2.09851e-08
2.1823e-08
2.21625e-08
2.08144e-08
1.95778e-08
1.92251e-08
1.89681e-08
1.87219e-08
1.93039e-08
2.05675e-08
2.1545e-08
2.19825e-08
2.17535e-08
2.10675e-08
2.10559e-08
2.14727e-08
2.12888e-08
2.085e-08
2.07832e-08
2.096e-08
2.09801e-08
2.04867e-08
1.93905e-08
1.81165e-08
1.76122e-08
1.7915e-08
1.74363e-08
1.73674e-08
1.7629e-08
1.83084e-08
1.89028e-08
1.92183e-08
1.93801e-08
1.95393e-08
2.01247e-08
2.12584e-08
2.21244e-08
2.22792e-08
2.19191e-08
2.11124e-08
2.07648e-08
2.15139e-08
2.17853e-08
2.05413e-08
1.91094e-08
1.82385e-08
1.76365e-08
1.75289e-08
1.84384e-08
1.98801e-08
2.08848e-08
2.11555e-08
2.08859e-08
2.04395e-08
2.06795e-08
2.10253e-08
2.07763e-08
2.0484e-08
2.05882e-08
2.07496e-08
2.0769e-08
2.03462e-08
1.93019e-08
1.80435e-08
1.73549e-08
1.73544e-08
1.67946e-08
1.66685e-08
1.68835e-08
1.75101e-08
1.80674e-08
1.82962e-08
1.84164e-08
1.86515e-08
1.9348e-08
2.04036e-08
2.12523e-08
2.19063e-08
2.21493e-08
2.13774e-08
2.04991e-08
2.08474e-08
2.13063e-08
2.05401e-08
1.91988e-08
1.80553e-08
1.73337e-08
1.73896e-08
1.82918e-08
1.94887e-08
2.02611e-08
2.04502e-08
2.01824e-08
1.98716e-08
2.01762e-08
2.05682e-08
2.03916e-08
2.0187e-08
2.02102e-08
2.03497e-08
2.05526e-08
2.04726e-08
1.96256e-08
1.82562e-08
1.72072e-08
1.68738e-08
1.63489e-08
1.62221e-08
1.62823e-08
1.66629e-08
1.70676e-08
1.71907e-08
1.71036e-08
1.72573e-08
1.81806e-08
1.95469e-08
2.05413e-08
2.12742e-08
2.18706e-08
2.13808e-08
2.02252e-08
1.99343e-08
2.01843e-08
1.99007e-08
1.91978e-08
1.835e-08
1.75412e-08
1.7307e-08
1.77737e-08
1.86176e-08
1.93804e-08
1.9752e-08
1.97041e-08
1.95985e-08
1.99531e-08
2.03661e-08
2.01659e-08
1.98679e-08
1.9866e-08
1.99947e-08
2.01683e-08
2.02036e-08
1.96693e-08
1.85437e-08
1.73288e-08
1.66056e-08
1.57413e-08
1.56743e-08
1.57924e-08
1.60793e-08
1.64158e-08
1.67273e-08
1.68562e-08
1.69526e-08
1.76076e-08
1.88885e-08
1.99889e-08
2.07794e-08
2.14082e-08
2.11317e-08
1.99111e-08
1.90612e-08
1.88958e-08
1.867e-08
1.8208e-08
1.76362e-08
1.70848e-08
1.68384e-08
1.69629e-08
1.74552e-08
1.81326e-08
1.86967e-08
1.87921e-08
1.87137e-08
1.90237e-08
1.93384e-08
1.92141e-08
1.90532e-08
1.91988e-08
1.94123e-08
1.95779e-08
1.96364e-08
1.91515e-08
1.80172e-08
1.67936e-08
1.60197e-08
1.47888e-08
1.48211e-08
1.50911e-08
1.55087e-08
1.60088e-08
1.65723e-08
1.6944e-08
1.70553e-08
1.7395e-08
1.82193e-08
1.90444e-08
1.96781e-08
2.02016e-08
2.01239e-08
1.93145e-08
1.85547e-08
1.82263e-08
1.79998e-08
1.76956e-08
1.7312e-08
1.69295e-08
1.67034e-08
1.67344e-08
1.70641e-08
1.76529e-08
1.81639e-08
1.82659e-08
1.81537e-08
1.82001e-08
1.82458e-08
1.80902e-08
1.81507e-08
1.85097e-08
1.86924e-08
1.86083e-08
1.83734e-08
1.78376e-08
1.69802e-08
1.59651e-08
1.51617e-08
1.36634e-08
1.36875e-08
1.38938e-08
1.42501e-08
1.46958e-08
1.52112e-08
1.56806e-08
1.59319e-08
1.61902e-08
1.67297e-08
1.74224e-08
1.80721e-08
1.86502e-08
1.88354e-08
1.83546e-08
1.75632e-08
1.69983e-08
1.67496e-08
1.66317e-08
1.64042e-08
1.60796e-08
1.58369e-08
1.5714e-08
1.58042e-08
1.6274e-08
1.69193e-08
1.72924e-08
1.73748e-08
1.74321e-08
1.73923e-08
1.717e-08
1.72016e-08
1.74911e-08
1.75413e-08
1.72807e-08
1.69188e-08
1.63407e-08
1.55186e-08
1.4627e-08
1.39442e-08
1.34226e-08
1.32397e-08
1.31764e-08
1.33444e-08
1.37839e-08
1.43029e-08
1.46704e-08
1.48457e-08
1.50244e-08
1.53917e-08
1.59319e-08
1.65401e-08
1.70265e-08
1.71825e-08
1.6878e-08
1.63354e-08
1.58975e-08
1.56688e-08
1.55654e-08
1.53978e-08
1.51702e-08
1.50759e-08
1.50956e-08
1.51378e-08
1.53024e-08
1.55245e-08
1.56296e-08
1.56921e-08
1.58901e-08
1.59743e-08
1.58513e-08
1.58601e-08
1.61413e-08
1.6353e-08
1.6306e-08
1.61266e-08
1.57539e-08
1.51173e-08
1.43875e-08
1.37816e-08
1.29586e-08
1.28685e-08
1.29076e-08
1.30685e-08
1.34047e-08
1.38371e-08
1.42122e-08
1.44728e-08
1.46759e-08
1.49366e-08
1.52778e-08
1.56944e-08
1.61089e-08
1.63718e-08
1.62997e-08
1.58988e-08
1.5388e-08
1.50114e-08
1.48639e-08
1.48266e-08
1.47158e-08
1.46521e-08
1.4643e-08
1.45957e-08
1.46344e-08
1.48244e-08
1.49611e-08
1.494e-08
1.49439e-08
1.50501e-08
1.51892e-08
1.54214e-08
1.57547e-08
1.59288e-08
1.58366e-08
1.56336e-08
1.52926e-08
1.46967e-08
1.39662e-08
1.333e-08
1.25742e-08
1.24791e-08
1.25815e-08
1.28255e-08
1.31841e-08
1.3588e-08
1.39515e-08
1.41957e-08
1.43816e-08
1.45948e-08
1.48944e-08
1.52148e-08
1.54575e-08
1.55702e-08
1.54803e-08
1.52516e-08
1.49527e-08
1.46259e-08
1.44117e-08
1.43456e-08
1.42748e-08
1.42798e-08
1.44576e-08
1.46073e-08
1.46232e-08
1.45717e-08
1.44637e-08
1.43471e-08
1.43654e-08
1.45758e-08
1.48754e-08
1.51656e-08
1.53667e-08
1.5394e-08
1.52142e-08
1.5e-08
1.46681e-08
1.41272e-08
1.34576e-08
1.29208e-08
1.23747e-08
1.22104e-08
1.2222e-08
1.2435e-08
1.27809e-08
1.31293e-08
1.34759e-08
1.37981e-08
1.40645e-08
1.42877e-08
1.45365e-08
1.4776e-08
1.49054e-08
1.49473e-08
1.48925e-08
1.47055e-08
1.44471e-08
1.41733e-08
1.40576e-08
1.41252e-08
1.41594e-08
1.41481e-08
1.42568e-08
1.43754e-08
1.43938e-08
1.43885e-08
1.43269e-08
1.42038e-08
1.40402e-08
1.3944e-08
1.40689e-08
1.43368e-08
1.45664e-08
1.46576e-08
1.45492e-08
1.43571e-08
1.4068e-08
1.35941e-08
1.30964e-08
1.26885e-08
1.24065e-08
1.23078e-08
1.23024e-08
1.24729e-08
1.26798e-08
1.28881e-08
1.31128e-08
1.33918e-08
1.36426e-08
1.39377e-08
1.42989e-08
1.45953e-08
1.46927e-08
1.46267e-08
1.44474e-08
1.41829e-08
1.39254e-08
1.36977e-08
1.36148e-08
1.37466e-08
1.39716e-08
1.42002e-08
1.44301e-08
1.4576e-08
1.45952e-08
1.45175e-08
1.43898e-08
1.42265e-08
1.39827e-08
1.37439e-08
1.36185e-08
1.35809e-08
1.36323e-08
1.36508e-08
1.3573e-08
1.34642e-08
1.32563e-08
1.29342e-08
1.26713e-08
1.25141e-08
1.94096e-08
2.06133e-08
2.14958e-08
2.19731e-08
2.22751e-08
2.24952e-08
2.23413e-08
2.16128e-08
2.07171e-08
2.05639e-08
2.16779e-08
2.31654e-08
2.38126e-08
2.37025e-08
2.37773e-08
2.43049e-08
2.45443e-08
2.46209e-08
2.48673e-08
2.46516e-08
2.38844e-08
2.32945e-08
2.3568e-08
2.486e-08
2.63696e-08
2.70753e-08
2.66786e-08
2.60125e-08
2.59283e-08
2.59839e-08
2.53487e-08
2.48113e-08
2.52771e-08
2.6018e-08
2.63379e-08
2.62124e-08
2.51565e-08
2.30018e-08
2.04825e-08
1.9015e-08
1.95368e-08
2.07515e-08
2.16278e-08
2.20998e-08
2.24145e-08
2.26589e-08
2.25154e-08
2.17681e-08
2.0841e-08
2.0669e-08
2.1793e-08
2.33015e-08
2.39542e-08
2.38295e-08
2.38809e-08
2.44036e-08
2.46566e-08
2.47422e-08
2.49879e-08
2.47743e-08
2.4006e-08
2.34044e-08
2.3663e-08
2.49606e-08
2.64917e-08
2.72218e-08
2.68417e-08
2.6187e-08
2.61081e-08
2.6158e-08
2.55107e-08
2.49699e-08
2.54395e-08
2.61806e-08
2.65016e-08
2.63773e-08
2.53182e-08
2.3152e-08
2.06149e-08
1.91336e-08
1.97993e-08
2.10103e-08
2.18575e-08
2.23218e-08
2.26693e-08
2.29562e-08
2.28399e-08
2.20872e-08
2.11081e-08
2.08917e-08
2.20434e-08
2.36068e-08
2.42849e-08
2.41352e-08
2.41522e-08
2.46791e-08
2.4956e-08
2.50483e-08
2.53006e-08
2.50876e-08
2.42942e-08
2.36527e-08
2.38976e-08
2.52431e-08
2.68317e-08
2.75744e-08
2.71963e-08
2.65644e-08
2.65087e-08
2.65411e-08
2.58471e-08
2.52829e-08
2.5765e-08
2.65193e-08
2.68438e-08
2.67311e-08
2.56896e-08
2.35149e-08
2.09305e-08
1.94032e-08
2.02267e-08
2.13969e-08
2.21593e-08
2.25799e-08
2.29576e-08
2.33192e-08
2.32558e-08
2.24885e-08
2.14512e-08
2.12066e-08
2.24144e-08
2.40674e-08
2.47907e-08
2.46315e-08
2.46041e-08
2.5115e-08
2.53979e-08
2.54717e-08
2.57085e-08
2.54898e-08
2.46719e-08
2.39668e-08
2.41944e-08
2.56172e-08
2.73189e-08
2.80993e-08
2.76905e-08
2.70948e-08
2.70969e-08
2.7103e-08
2.63532e-08
2.57466e-08
2.6231e-08
2.70121e-08
2.73513e-08
2.72825e-08
2.62781e-08
2.40876e-08
2.14509e-08
1.9861e-08
2.07603e-08
2.18689e-08
2.25446e-08
2.29193e-08
2.32856e-08
2.36871e-08
2.36801e-08
2.29089e-08
2.18285e-08
2.15784e-08
2.28794e-08
2.46428e-08
2.53815e-08
2.51846e-08
2.50846e-08
2.55769e-08
2.58878e-08
2.593e-08
2.6116e-08
2.58355e-08
2.49498e-08
2.41909e-08
2.44342e-08
2.59935e-08
2.78741e-08
2.8757e-08
2.8311e-08
2.76932e-08
2.77449e-08
2.77223e-08
2.69329e-08
2.63032e-08
2.67901e-08
2.76136e-08
2.79522e-08
2.79157e-08
2.70019e-08
2.48427e-08
2.21381e-08
2.04583e-08
2.12938e-08
2.23676e-08
2.30323e-08
2.33766e-08
2.36267e-08
2.39185e-08
2.39313e-08
2.31668e-08
2.21084e-08
2.19507e-08
2.33526e-08
2.51663e-08
2.58652e-08
2.55707e-08
2.53591e-08
2.58244e-08
2.61967e-08
2.62442e-08
2.63579e-08
2.60108e-08
2.50884e-08
2.43221e-08
2.46e-08
2.62794e-08
2.83427e-08
2.93489e-08
2.88379e-08
2.81028e-08
2.81901e-08
2.82115e-08
2.74306e-08
2.67997e-08
2.72698e-08
2.80982e-08
2.83931e-08
2.83226e-08
2.75458e-08
2.55353e-08
2.28352e-08
2.10647e-08
2.16941e-08
2.28076e-08
2.35768e-08
2.3914e-08
2.39501e-08
2.39693e-08
2.38877e-08
2.31751e-08
2.22389e-08
2.22553e-08
2.36769e-08
2.53304e-08
2.58546e-08
2.54352e-08
2.50981e-08
2.55238e-08
2.59917e-08
2.6148e-08
2.62709e-08
2.58904e-08
2.4985e-08
2.42634e-08
2.45855e-08
2.62974e-08
2.84506e-08
2.95348e-08
2.89325e-08
2.79824e-08
2.80238e-08
2.8178e-08
2.75198e-08
2.69427e-08
2.74288e-08
2.82577e-08
2.84585e-08
2.82375e-08
2.75595e-08
2.58797e-08
2.33412e-08
2.15193e-08
2.19076e-08
2.31046e-08
2.39925e-08
2.4373e-08
2.42066e-08
2.3877e-08
2.36242e-08
2.30012e-08
2.22571e-08
2.23859e-08
2.36166e-08
2.49117e-08
2.51735e-08
2.46423e-08
2.41911e-08
2.46424e-08
2.53133e-08
2.56283e-08
2.57635e-08
2.53529e-08
2.44482e-08
2.38465e-08
2.42601e-08
2.58611e-08
2.78175e-08
2.88646e-08
2.83036e-08
2.7249e-08
2.71969e-08
2.74954e-08
2.70437e-08
2.66165e-08
2.72531e-08
2.81806e-08
2.8305e-08
2.78542e-08
2.71391e-08
2.57699e-08
2.35227e-08
2.17446e-08
2.18894e-08
2.30985e-08
2.40918e-08
2.4559e-08
2.42984e-08
2.37193e-08
2.32896e-08
2.28125e-08
2.23007e-08
2.24532e-08
2.3506e-08
2.44942e-08
2.44262e-08
2.36124e-08
2.29765e-08
2.35343e-08
2.45034e-08
2.49793e-08
2.50678e-08
2.45366e-08
2.35811e-08
2.31105e-08
2.37157e-08
2.5231e-08
2.68747e-08
2.77263e-08
2.71673e-08
2.6097e-08
2.60116e-08
2.64623e-08
2.62314e-08
2.59144e-08
2.65952e-08
2.75139e-08
2.75675e-08
2.70519e-08
2.63206e-08
2.52125e-08
2.33387e-08
2.17107e-08
2.14035e-08
2.24607e-08
2.34773e-08
2.40279e-08
2.38272e-08
2.32986e-08
2.29808e-08
2.27641e-08
2.24875e-08
2.2625e-08
2.35624e-08
2.4496e-08
2.42935e-08
2.31047e-08
2.21287e-08
2.24745e-08
2.36014e-08
2.42525e-08
2.42964e-08
2.36884e-08
2.26544e-08
2.21617e-08
2.2885e-08
2.44764e-08
2.59165e-08
2.64498e-08
2.58022e-08
2.48019e-08
2.47382e-08
2.52307e-08
2.51394e-08
2.49212e-08
2.55004e-08
2.62859e-08
2.62017e-08
2.56308e-08
2.4991e-08
2.4197e-08
2.27488e-08
2.1334e-08
2.0962e-08
2.18237e-08
2.28465e-08
2.34452e-08
2.33572e-08
2.29177e-08
2.26223e-08
2.25215e-08
2.24313e-08
2.26288e-08
2.33418e-08
2.41382e-08
2.39097e-08
2.26021e-08
2.14169e-08
2.15428e-08
2.25972e-08
2.33319e-08
2.33887e-08
2.28012e-08
2.18451e-08
2.14597e-08
2.21795e-08
2.36409e-08
2.48416e-08
2.51172e-08
2.4471e-08
2.37485e-08
2.38381e-08
2.4271e-08
2.41691e-08
2.3845e-08
2.41411e-08
2.47847e-08
2.48536e-08
2.44109e-08
2.38393e-08
2.32574e-08
2.2175e-08
2.09908e-08
2.03388e-08
2.10385e-08
2.19889e-08
2.27167e-08
2.28488e-08
2.25443e-08
2.22474e-08
2.20451e-08
2.19754e-08
2.23031e-08
2.2987e-08
2.36901e-08
2.35214e-08
2.2072e-08
2.07676e-08
2.07096e-08
2.1628e-08
2.23076e-08
2.23437e-08
2.17836e-08
2.0986e-08
2.08225e-08
2.1445e-08
2.26497e-08
2.36374e-08
2.39027e-08
2.35323e-08
2.31163e-08
2.33164e-08
2.35825e-08
2.324e-08
2.26567e-08
2.26124e-08
2.31703e-08
2.35265e-08
2.3208e-08
2.25404e-08
2.1957e-08
2.11776e-08
2.03504e-08
1.92185e-08
1.95391e-08
2.04339e-08
2.15214e-08
2.19705e-08
2.17519e-08
2.15607e-08
2.15571e-08
2.16609e-08
2.19633e-08
2.26042e-08
2.35851e-08
2.36831e-08
2.20713e-08
2.02861e-08
2.00286e-08
2.09761e-08
2.17455e-08
2.17809e-08
2.11509e-08
2.03027e-08
2.01432e-08
2.07812e-08
2.17945e-08
2.26565e-08
2.3212e-08
2.33491e-08
2.33549e-08
2.36528e-08
2.35838e-08
2.28131e-08
2.18525e-08
2.14303e-08
2.17675e-08
2.22603e-08
2.21222e-08
2.13755e-08
2.06846e-08
2.00762e-08
1.94327e-08
1.84155e-08
1.84185e-08
1.8967e-08
2.01479e-08
2.09891e-08
2.09893e-08
2.08391e-08
2.1088e-08
2.15283e-08
2.19009e-08
2.24313e-08
2.36761e-08
2.44789e-08
2.29684e-08
2.08517e-08
2.03625e-08
2.10806e-08
2.16254e-08
2.14421e-08
2.06097e-08
1.9617e-08
1.9443e-08
2.02793e-08
2.13546e-08
2.1917e-08
2.21e-08
2.23578e-08
2.28525e-08
2.35798e-08
2.366e-08
2.27221e-08
2.15311e-08
2.07868e-08
2.07599e-08
2.10863e-08
2.10635e-08
2.04045e-08
1.96383e-08
1.90805e-08
1.86594e-08
1.77963e-08
1.77848e-08
1.81872e-08
1.90824e-08
1.99364e-08
2.02105e-08
2.01928e-08
2.07029e-08
2.17265e-08
2.2442e-08
2.26871e-08
2.35976e-08
2.45793e-08
2.38931e-08
2.24071e-08
2.17132e-08
2.15568e-08
2.13439e-08
2.09746e-08
2.02238e-08
1.92264e-08
1.89204e-08
1.96244e-08
2.06301e-08
2.10361e-08
2.07163e-08
2.05307e-08
2.10762e-08
2.20231e-08
2.23811e-08
2.18939e-08
2.12891e-08
2.07599e-08
2.03649e-08
2.02415e-08
2.01648e-08
1.97199e-08
1.89972e-08
1.83992e-08
1.80105e-08
1.76719e-08
1.74313e-08
1.74018e-08
1.78217e-08
1.84722e-08
1.89451e-08
1.91106e-08
1.97405e-08
2.12642e-08
2.25961e-08
2.2931e-08
2.3308e-08
2.38798e-08
2.33353e-08
2.19886e-08
2.11906e-08
2.0906e-08
2.03819e-08
1.97237e-08
1.92155e-08
1.87942e-08
1.88205e-08
1.94892e-08
2.03164e-08
2.04924e-08
2.00871e-08
1.97381e-08
2.00631e-08
2.10274e-08
2.15536e-08
2.1279e-08
2.09762e-08
2.06226e-08
2.01534e-08
1.98348e-08
1.97488e-08
1.95104e-08
1.89578e-08
1.83506e-08
1.79551e-08
1.77646e-08
1.74973e-08
1.71711e-08
1.6972e-08
1.71033e-08
1.74732e-08
1.77793e-08
1.83194e-08
1.98537e-08
2.16602e-08
2.24212e-08
2.25931e-08
2.27844e-08
2.2273e-08
2.11029e-08
2.03159e-08
2.01082e-08
1.99833e-08
1.97142e-08
1.91695e-08
1.846e-08
1.81098e-08
1.83525e-08
1.89318e-08
1.93636e-08
1.94724e-08
1.94196e-08
1.97663e-08
2.06115e-08
2.12666e-08
2.12186e-08
2.09797e-08
2.06705e-08
2.02111e-08
1.98907e-08
1.98289e-08
1.9649e-08
1.91165e-08
1.84323e-08
1.8003e-08
1.69992e-08
1.68735e-08
1.66697e-08
1.63874e-08
1.6311e-08
1.68206e-08
1.73284e-08
1.72982e-08
1.76388e-08
1.89309e-08
2.03761e-08
2.14357e-08
2.20655e-08
2.17879e-08
2.06669e-08
1.96992e-08
1.94084e-08
1.93516e-08
1.90484e-08
1.84855e-08
1.79826e-08
1.77148e-08
1.76675e-08
1.78345e-08
1.81444e-08
1.84646e-08
1.87499e-08
1.92447e-08
2.00496e-08
2.05638e-08
2.03859e-08
2.00649e-08
1.99142e-08
1.98033e-08
1.97037e-08
1.96464e-08
1.92897e-08
1.86021e-08
1.78219e-08
1.72564e-08
1.60375e-08
1.60792e-08
1.60369e-08
1.59835e-08
1.61285e-08
1.669e-08
1.71913e-08
1.72052e-08
1.70507e-08
1.74255e-08
1.84761e-08
1.98402e-08
2.10113e-08
2.11927e-08
2.03302e-08
1.93164e-08
1.8783e-08
1.86099e-08
1.85151e-08
1.83183e-08
1.80472e-08
1.77879e-08
1.75982e-08
1.76458e-08
1.79217e-08
1.81432e-08
1.82654e-08
1.85607e-08
1.90671e-08
1.92666e-08
1.8978e-08
1.88019e-08
1.8785e-08
1.8485e-08
1.81189e-08
1.79423e-08
1.76502e-08
1.70949e-08
1.65336e-08
1.61521e-08
1.49692e-08
1.50165e-08
1.49273e-08
1.46945e-08
1.47252e-08
1.516e-08
1.56381e-08
1.57739e-08
1.58282e-08
1.63133e-08
1.72874e-08
1.84731e-08
1.95067e-08
1.98805e-08
1.93894e-08
1.85804e-08
1.80076e-08
1.77775e-08
1.7637e-08
1.73602e-08
1.70637e-08
1.69552e-08
1.69803e-08
1.71681e-08
1.754e-08
1.77848e-08
1.77519e-08
1.7655e-08
1.77325e-08
1.77383e-08
1.75276e-08
1.73922e-08
1.73983e-08
1.72443e-08
1.69624e-08
1.67113e-08
1.63271e-08
1.57795e-08
1.52809e-08
1.50089e-08
1.43731e-08
1.42242e-08
1.41284e-08
1.40935e-08
1.42359e-08
1.44731e-08
1.46549e-08
1.46828e-08
1.46955e-08
1.50422e-08
1.58402e-08
1.67746e-08
1.75313e-08
1.78428e-08
1.76318e-08
1.71804e-08
1.67826e-08
1.65599e-08
1.64133e-08
1.61493e-08
1.58338e-08
1.56978e-08
1.58011e-08
1.60382e-08
1.63471e-08
1.64985e-08
1.63597e-08
1.62401e-08
1.6429e-08
1.66619e-08
1.66816e-08
1.6686e-08
1.674e-08
1.66841e-08
1.65312e-08
1.63849e-08
1.6066e-08
1.55574e-08
1.50416e-08
1.46149e-08
1.37158e-08
1.3675e-08
1.37028e-08
1.37625e-08
1.39642e-08
1.42539e-08
1.4521e-08
1.47383e-08
1.49073e-08
1.51851e-08
1.56543e-08
1.61972e-08
1.66687e-08
1.69078e-08
1.67712e-08
1.63829e-08
1.59235e-08
1.55789e-08
1.53865e-08
1.51689e-08
1.48552e-08
1.47265e-08
1.4869e-08
1.50831e-08
1.53136e-08
1.54952e-08
1.5458e-08
1.52752e-08
1.52187e-08
1.5371e-08
1.56525e-08
1.60202e-08
1.6357e-08
1.64505e-08
1.63155e-08
1.60958e-08
1.5743e-08
1.51629e-08
1.44807e-08
1.39758e-08
1.31714e-08
1.30338e-08
1.30184e-08
1.3142e-08
1.34101e-08
1.37575e-08
1.40763e-08
1.43424e-08
1.45727e-08
1.48489e-08
1.52011e-08
1.55325e-08
1.57114e-08
1.57285e-08
1.56014e-08
1.53854e-08
1.51029e-08
1.47828e-08
1.45363e-08
1.43402e-08
1.41026e-08
1.40224e-08
1.42426e-08
1.45223e-08
1.46913e-08
1.47595e-08
1.46784e-08
1.44972e-08
1.44066e-08
1.45177e-08
1.47939e-08
1.51272e-08
1.54205e-08
1.55299e-08
1.54691e-08
1.53231e-08
1.50524e-08
1.45435e-08
1.39598e-08
1.34809e-08
1.24094e-08
1.22004e-08
1.21432e-08
1.22986e-08
1.2609e-08
1.3012e-08
1.3453e-08
1.38709e-08
1.42984e-08
1.46674e-08
1.50238e-08
1.53005e-08
1.53615e-08
1.52832e-08
1.50951e-08
1.47846e-08
1.43839e-08
1.39985e-08
1.37662e-08
1.3729e-08
1.3706e-08
1.36929e-08
1.38171e-08
1.39845e-08
1.41132e-08
1.42171e-08
1.4248e-08
1.41947e-08
1.40731e-08
1.39901e-08
1.40604e-08
1.42497e-08
1.44632e-08
1.45514e-08
1.44786e-08
1.43493e-08
1.41007e-08
1.36534e-08
1.31437e-08
1.27327e-08
1.23341e-08
1.21424e-08
1.20672e-08
1.21577e-08
1.23407e-08
1.25588e-08
1.28555e-08
1.32726e-08
1.36936e-08
1.41753e-08
1.46511e-08
1.49803e-08
1.50419e-08
1.49247e-08
1.47057e-08
1.44025e-08
1.40979e-08
1.38218e-08
1.3624e-08
1.36251e-08
1.37298e-08
1.38457e-08
1.40181e-08
1.41953e-08
1.43059e-08
1.43206e-08
1.4272e-08
1.41658e-08
1.39412e-08
1.37011e-08
1.35521e-08
1.35084e-08
1.35563e-08
1.35807e-08
1.35352e-08
1.34657e-08
1.32959e-08
1.30038e-08
1.2734e-08
1.25191e-08
2.00911e-08
2.15852e-08
2.22073e-08
2.20301e-08
2.19167e-08
2.26152e-08
2.34963e-08
2.32736e-08
2.21599e-08
2.14724e-08
2.15683e-08
2.19305e-08
2.22556e-08
2.2421e-08
2.24399e-08
2.24243e-08
2.26431e-08
2.31792e-08
2.34441e-08
2.30094e-08
2.25839e-08
2.2995e-08
2.40021e-08
2.48705e-08
2.52622e-08
2.49788e-08
2.42394e-08
2.36812e-08
2.36951e-08
2.34597e-08
2.25467e-08
2.24008e-08
2.36547e-08
2.47571e-08
2.49497e-08
2.4831e-08
2.40084e-08
2.21022e-08
1.99674e-08
1.91157e-08
2.0237e-08
2.17499e-08
2.23677e-08
2.21715e-08
2.20419e-08
2.2739e-08
2.3642e-08
2.3435e-08
2.23157e-08
2.1621e-08
2.17215e-08
2.20804e-08
2.23991e-08
2.25647e-08
2.25775e-08
2.25489e-08
2.27644e-08
2.33122e-08
2.35904e-08
2.31579e-08
2.27244e-08
2.3126e-08
2.41351e-08
2.50141e-08
2.54192e-08
2.51486e-08
2.44114e-08
2.3845e-08
2.38612e-08
2.36321e-08
2.27048e-08
2.254e-08
2.38039e-08
2.49179e-08
2.51007e-08
2.49797e-08
2.41679e-08
2.22676e-08
2.01205e-08
1.9255e-08
2.05621e-08
2.20909e-08
2.26922e-08
2.24685e-08
2.23243e-08
2.3046e-08
2.39981e-08
2.38011e-08
2.26487e-08
2.19412e-08
2.20538e-08
2.23928e-08
2.2673e-08
2.28183e-08
2.28247e-08
2.27897e-08
2.30103e-08
2.35719e-08
2.3872e-08
2.34579e-08
2.30204e-08
2.34142e-08
2.44229e-08
2.53144e-08
2.5748e-08
2.55012e-08
2.47703e-08
2.42055e-08
2.4221e-08
2.39819e-08
2.30241e-08
2.28683e-08
2.42098e-08
2.5364e-08
2.54927e-08
2.53133e-08
2.44842e-08
2.2572e-08
2.04125e-08
1.95522e-08
2.10571e-08
2.25994e-08
2.31392e-08
2.28441e-08
2.26683e-08
2.34179e-08
2.44355e-08
2.42459e-08
2.30432e-08
2.23119e-08
2.24553e-08
2.28081e-08
2.30466e-08
2.31254e-08
2.30794e-08
2.30269e-08
2.32747e-08
2.38766e-08
2.41984e-08
2.38141e-08
2.3421e-08
2.38342e-08
2.48579e-08
2.57593e-08
2.62012e-08
2.59702e-08
2.52561e-08
2.47066e-08
2.4714e-08
2.44723e-08
2.34958e-08
2.33303e-08
2.47524e-08
2.59916e-08
2.60785e-08
2.58143e-08
2.4944e-08
2.30215e-08
2.08551e-08
2.00052e-08
2.15613e-08
2.31042e-08
2.35986e-08
2.32236e-08
2.29444e-08
2.36465e-08
2.47303e-08
2.45945e-08
2.33664e-08
2.26103e-08
2.27809e-08
2.31665e-08
2.33925e-08
2.34042e-08
2.32809e-08
2.32095e-08
2.34888e-08
2.41045e-08
2.44457e-08
2.41163e-08
2.37986e-08
2.42516e-08
2.52872e-08
2.62218e-08
2.66982e-08
2.64798e-08
2.5785e-08
2.52622e-08
2.52653e-08
2.50181e-08
2.40551e-08
2.39182e-08
2.54242e-08
2.67263e-08
2.67318e-08
2.63438e-08
2.54484e-08
2.35301e-08
2.1351e-08
2.04961e-08
2.19656e-08
2.3497e-08
2.397e-08
2.35563e-08
2.31798e-08
2.37522e-08
2.48023e-08
2.47223e-08
2.35868e-08
2.2848e-08
2.30028e-08
2.34142e-08
2.36776e-08
2.3654e-08
2.34275e-08
2.32944e-08
2.35747e-08
2.41874e-08
2.45392e-08
2.4273e-08
2.40299e-08
2.45164e-08
2.55375e-08
2.65081e-08
2.70996e-08
2.69468e-08
2.62429e-08
2.57569e-08
2.58174e-08
2.56185e-08
2.46764e-08
2.44998e-08
2.60044e-08
2.73412e-08
2.72671e-08
2.67774e-08
2.58734e-08
2.39641e-08
2.17788e-08
2.091e-08
2.22897e-08
2.3817e-08
2.42869e-08
2.38956e-08
2.34965e-08
2.39322e-08
2.4859e-08
2.47594e-08
2.3685e-08
2.29378e-08
2.29836e-08
2.33778e-08
2.37517e-08
2.37865e-08
2.34792e-08
2.32184e-08
2.34271e-08
2.40095e-08
2.43635e-08
2.41556e-08
2.40155e-08
2.45452e-08
2.55318e-08
2.65524e-08
2.73398e-08
2.73787e-08
2.66217e-08
2.60161e-08
2.60857e-08
2.60358e-08
2.52696e-08
2.50887e-08
2.64682e-08
2.77197e-08
2.753e-08
2.69518e-08
2.61005e-08
2.42631e-08
2.21221e-08
2.12491e-08
2.25539e-08
2.40819e-08
2.45657e-08
2.41733e-08
2.37835e-08
2.41458e-08
2.49099e-08
2.47167e-08
2.36288e-08
2.28463e-08
2.27397e-08
2.30415e-08
2.35296e-08
2.37313e-08
2.34261e-08
2.30377e-08
2.30952e-08
2.35631e-08
2.38226e-08
2.36923e-08
2.37313e-08
2.43433e-08
2.52706e-08
2.61813e-08
2.71084e-08
2.75214e-08
2.69023e-08
2.6135e-08
2.60476e-08
2.6054e-08
2.55074e-08
2.54504e-08
2.67089e-08
2.77592e-08
2.75194e-08
2.70241e-08
2.62955e-08
2.45827e-08
2.2505e-08
2.15899e-08
2.26395e-08
2.41534e-08
2.47186e-08
2.43314e-08
2.38626e-08
2.41777e-08
2.49275e-08
2.46886e-08
2.35169e-08
2.26758e-08
2.25314e-08
2.28549e-08
2.34305e-08
2.36999e-08
2.33843e-08
2.28548e-08
2.27471e-08
2.30479e-08
2.31598e-08
2.30149e-08
2.32288e-08
2.40375e-08
2.49934e-08
2.57625e-08
2.65231e-08
2.71285e-08
2.68786e-08
2.61774e-08
2.59779e-08
2.591e-08
2.54114e-08
2.53395e-08
2.64599e-08
2.73896e-08
2.71936e-08
2.67672e-08
2.61259e-08
2.46028e-08
2.27142e-08
2.18104e-08
2.20754e-08
2.34561e-08
2.42534e-08
2.40603e-08
2.36118e-08
2.39584e-08
2.49006e-08
2.48447e-08
2.36727e-08
2.2697e-08
2.25091e-08
2.29067e-08
2.35728e-08
2.3907e-08
2.35822e-08
2.29785e-08
2.27395e-08
2.28359e-08
2.27349e-08
2.25182e-08
2.28261e-08
2.37591e-08
2.47119e-08
2.53268e-08
2.58105e-08
2.63415e-08
2.63919e-08
2.59216e-08
2.5597e-08
2.53576e-08
2.49026e-08
2.48587e-08
2.58982e-08
2.6797e-08
2.65041e-08
2.58759e-08
2.51936e-08
2.3891e-08
2.2302e-08
2.14621e-08
2.12836e-08
2.22754e-08
2.30926e-08
2.30691e-08
2.28283e-08
2.34835e-08
2.48e-08
2.51293e-08
2.41292e-08
2.30551e-08
2.26448e-08
2.29601e-08
2.35701e-08
2.38399e-08
2.34908e-08
2.28683e-08
2.26212e-08
2.26493e-08
2.2455e-08
2.21231e-08
2.23166e-08
2.32589e-08
2.41133e-08
2.44717e-08
2.46494e-08
2.51703e-08
2.56176e-08
2.5658e-08
2.54124e-08
2.4866e-08
2.40212e-08
2.38856e-08
2.50602e-08
2.62063e-08
2.60447e-08
2.533e-08
2.45279e-08
2.33395e-08
2.19624e-08
2.10861e-08
2.10453e-08
2.16279e-08
2.22721e-08
2.22224e-08
2.19816e-08
2.27875e-08
2.43339e-08
2.49574e-08
2.42308e-08
2.33756e-08
2.30499e-08
2.33379e-08
2.38507e-08
2.3899e-08
2.33959e-08
2.27211e-08
2.23889e-08
2.23168e-08
2.20266e-08
2.17281e-08
2.20489e-08
2.27935e-08
2.33093e-08
2.35856e-08
2.37488e-08
2.41766e-08
2.48274e-08
2.52956e-08
2.52166e-08
2.4428e-08
2.3382e-08
2.31042e-08
2.41521e-08
2.52817e-08
2.5353e-08
2.48294e-08
2.40415e-08
2.29308e-08
2.18181e-08
2.10964e-08
2.13755e-08
2.17965e-08
2.23019e-08
2.22427e-08
2.17655e-08
2.22e-08
2.35296e-08
2.43397e-08
2.40318e-08
2.3398e-08
2.31821e-08
2.36595e-08
2.4355e-08
2.43521e-08
2.35978e-08
2.27769e-08
2.22718e-08
2.20138e-08
2.17165e-08
2.14721e-08
2.17487e-08
2.24969e-08
2.30082e-08
2.30959e-08
2.31383e-08
2.3396e-08
2.39547e-08
2.4368e-08
2.42894e-08
2.3468e-08
2.25249e-08
2.23255e-08
2.30997e-08
2.40698e-08
2.44656e-08
2.42113e-08
2.3318e-08
2.21544e-08
2.13777e-08
2.11946e-08
2.11531e-08
2.17734e-08
2.23225e-08
2.22397e-08
2.14809e-08
2.13576e-08
2.24132e-08
2.36605e-08
2.41858e-08
2.39313e-08
2.37312e-08
2.4313e-08
2.52243e-08
2.51148e-08
2.39724e-08
2.29488e-08
2.24292e-08
2.2096e-08
2.15815e-08
2.11516e-08
2.1267e-08
2.19476e-08
2.24654e-08
2.24843e-08
2.24787e-08
2.26823e-08
2.29552e-08
2.32339e-08
2.32139e-08
2.23385e-08
2.12175e-08
2.09051e-08
2.16421e-08
2.27766e-08
2.35082e-08
2.33922e-08
2.23853e-08
2.11194e-08
2.04666e-08
2.06267e-08
2.04596e-08
2.09953e-08
2.15112e-08
2.14577e-08
2.07007e-08
2.03166e-08
2.10143e-08
2.24021e-08
2.35543e-08
2.38025e-08
2.36269e-08
2.41654e-08
2.52736e-08
2.54746e-08
2.43914e-08
2.32834e-08
2.27528e-08
2.22614e-08
2.151e-08
2.08094e-08
2.06747e-08
2.11666e-08
2.16946e-08
2.17778e-08
2.1721e-08
2.18895e-08
2.22483e-08
2.25265e-08
2.25998e-08
2.19994e-08
2.09862e-08
2.06766e-08
2.12716e-08
2.20166e-08
2.24055e-08
2.21075e-08
2.1065e-08
1.9904e-08
1.94517e-08
1.98384e-08
1.95198e-08
1.99938e-08
2.03234e-08
2.02446e-08
1.96008e-08
1.9206e-08
1.96661e-08
2.07212e-08
2.18463e-08
2.24968e-08
2.28133e-08
2.35464e-08
2.46219e-08
2.47916e-08
2.3664e-08
2.25154e-08
2.2019e-08
2.15008e-08
2.07681e-08
2.04728e-08
2.08349e-08
2.14843e-08
2.18806e-08
2.18193e-08
2.16556e-08
2.1794e-08
2.20489e-08
2.22579e-08
2.24947e-08
2.22688e-08
2.14855e-08
2.09114e-08
2.08961e-08
2.11399e-08
2.1341e-08
2.12005e-08
2.03472e-08
1.91262e-08
1.85133e-08
1.88553e-08
1.85716e-08
1.89164e-08
1.89781e-08
1.86448e-08
1.80718e-08
1.79097e-08
1.84329e-08
1.92291e-08
1.98904e-08
2.05246e-08
2.13098e-08
2.24235e-08
2.33912e-08
2.32675e-08
2.21074e-08
2.1182e-08
2.09797e-08
2.08812e-08
2.05678e-08
2.03163e-08
2.03138e-08
2.06271e-08
2.10029e-08
2.12097e-08
2.1264e-08
2.14363e-08
2.16622e-08
2.18997e-08
2.2288e-08
2.22734e-08
2.15786e-08
2.08558e-08
2.05471e-08
2.04139e-08
2.04291e-08
2.0387e-08
1.98881e-08
1.89126e-08
1.80883e-08
1.80638e-08
1.75999e-08
1.77948e-08
1.78936e-08
1.76802e-08
1.72836e-08
1.72371e-08
1.75895e-08
1.77442e-08
1.7724e-08
1.80406e-08
1.89944e-08
2.04174e-08
2.17242e-08
2.18859e-08
2.08577e-08
1.98775e-08
1.96268e-08
1.96975e-08
1.949e-08
1.92356e-08
1.92899e-08
1.95551e-08
1.97583e-08
2.00103e-08
2.03562e-08
2.05926e-08
2.06349e-08
2.07973e-08
2.12646e-08
2.14453e-08
2.0838e-08
2.01124e-08
1.97242e-08
1.93799e-08
1.91412e-08
1.8956e-08
1.8516e-08
1.7813e-08
1.73261e-08
1.73449e-08
1.67604e-08
1.66611e-08
1.64374e-08
1.63436e-08
1.63902e-08
1.65529e-08
1.67176e-08
1.65932e-08
1.63919e-08
1.66532e-08
1.76089e-08
1.90511e-08
2.0254e-08
2.04366e-08
1.96664e-08
1.88099e-08
1.85358e-08
1.86587e-08
1.88752e-08
1.89907e-08
1.88991e-08
1.87088e-08
1.85626e-08
1.87292e-08
1.91146e-08
1.94021e-08
1.94856e-08
1.95459e-08
1.97902e-08
1.99673e-08
1.96839e-08
1.92213e-08
1.87869e-08
1.82838e-08
1.79789e-08
1.79057e-08
1.76715e-08
1.72301e-08
1.68388e-08
1.67218e-08
1.59915e-08
1.5744e-08
1.53422e-08
1.49839e-08
1.50344e-08
1.54229e-08
1.572e-08
1.56809e-08
1.56341e-08
1.60925e-08
1.71865e-08
1.8594e-08
1.97184e-08
1.99702e-08
1.92004e-08
1.81388e-08
1.75759e-08
1.7665e-08
1.78824e-08
1.78241e-08
1.76425e-08
1.74579e-08
1.72765e-08
1.72658e-08
1.75461e-08
1.78991e-08
1.80387e-08
1.80679e-08
1.82848e-08
1.85487e-08
1.83922e-08
1.80421e-08
1.77316e-08
1.73068e-08
1.68359e-08
1.65454e-08
1.63962e-08
1.62381e-08
1.6101e-08
1.60469e-08
1.48684e-08
1.46578e-08
1.4398e-08
1.4225e-08
1.43074e-08
1.45353e-08
1.46597e-08
1.46268e-08
1.46417e-08
1.50436e-08
1.59577e-08
1.70693e-08
1.80231e-08
1.83762e-08
1.80359e-08
1.73108e-08
1.66596e-08
1.64125e-08
1.64788e-08
1.65329e-08
1.65231e-08
1.65526e-08
1.65421e-08
1.65629e-08
1.66692e-08
1.67681e-08
1.67902e-08
1.68062e-08
1.69946e-08
1.7252e-08
1.72857e-08
1.71561e-08
1.69671e-08
1.66606e-08
1.63225e-08
1.60944e-08
1.58953e-08
1.56078e-08
1.52815e-08
1.50638e-08
1.4254e-08
1.42191e-08
1.40559e-08
1.38432e-08
1.3856e-08
1.41089e-08
1.4333e-08
1.45041e-08
1.4734e-08
1.50756e-08
1.56449e-08
1.63564e-08
1.69792e-08
1.72838e-08
1.71809e-08
1.67972e-08
1.63679e-08
1.60866e-08
1.60201e-08
1.58806e-08
1.5558e-08
1.53347e-08
1.52836e-08
1.53276e-08
1.55104e-08
1.57434e-08
1.58022e-08
1.56663e-08
1.56111e-08
1.57863e-08
1.6101e-08
1.64234e-08
1.6646e-08
1.6609e-08
1.63325e-08
1.59196e-08
1.54281e-08
1.49296e-08
1.45191e-08
1.43068e-08
1.35138e-08
1.34441e-08
1.34849e-08
1.3609e-08
1.37851e-08
1.39525e-08
1.4038e-08
1.41635e-08
1.44133e-08
1.48121e-08
1.53629e-08
1.58744e-08
1.61701e-08
1.62361e-08
1.60876e-08
1.57378e-08
1.52322e-08
1.47257e-08
1.4426e-08
1.4321e-08
1.42524e-08
1.42672e-08
1.44391e-08
1.46329e-08
1.47464e-08
1.48175e-08
1.4782e-08
1.4659e-08
1.45876e-08
1.46572e-08
1.48561e-08
1.50849e-08
1.52605e-08
1.52531e-08
1.50585e-08
1.48218e-08
1.45744e-08
1.42685e-08
1.3954e-08
1.36853e-08
1.25979e-08
1.24545e-08
1.23965e-08
1.24679e-08
1.27026e-08
1.3043e-08
1.34204e-08
1.38195e-08
1.42674e-08
1.47201e-08
1.52065e-08
1.55673e-08
1.57204e-08
1.57007e-08
1.55286e-08
1.51193e-08
1.45407e-08
1.39296e-08
1.35028e-08
1.3356e-08
1.33772e-08
1.34659e-08
1.37055e-08
1.39387e-08
1.40818e-08
1.41591e-08
1.41731e-08
1.41534e-08
1.41103e-08
1.41565e-08
1.42891e-08
1.44163e-08
1.44395e-08
1.43341e-08
1.41055e-08
1.39315e-08
1.3726e-08
1.34147e-08
1.30892e-08
1.28126e-08
1.2487e-08
1.22491e-08
1.20477e-08
1.20185e-08
1.21574e-08
1.24012e-08
1.27399e-08
1.31609e-08
1.36075e-08
1.40945e-08
1.45957e-08
1.49867e-08
1.51655e-08
1.51744e-08
1.50607e-08
1.47986e-08
1.44245e-08
1.40104e-08
1.36524e-08
1.34895e-08
1.34984e-08
1.36028e-08
1.38235e-08
1.40826e-08
1.42866e-08
1.43456e-08
1.4292e-08
1.41813e-08
1.39886e-08
1.37931e-08
1.3691e-08
1.36726e-08
1.37042e-08
1.36973e-08
1.36222e-08
1.35096e-08
1.33314e-08
1.30826e-08
1.28737e-08
1.26974e-08
1.83866e-08
1.98912e-08
2.11368e-08
2.15104e-08
2.12615e-08
2.1103e-08
2.08915e-08
2.0128e-08
1.9427e-08
1.9535e-08
2.01065e-08
2.07377e-08
2.14209e-08
2.19381e-08
2.21732e-08
2.23789e-08
2.28146e-08
2.32852e-08
2.30502e-08
2.21657e-08
2.20603e-08
2.32139e-08
2.43783e-08
2.44941e-08
2.35913e-08
2.22617e-08
2.10937e-08
2.06612e-08
2.09507e-08
2.09125e-08
2.01271e-08
1.96768e-08
2.01242e-08
2.09375e-08
2.17728e-08
2.23562e-08
2.18896e-08
2.0227e-08
1.84297e-08
1.76972e-08
1.84891e-08
2.00005e-08
2.12556e-08
2.16322e-08
2.13846e-08
2.12331e-08
2.10318e-08
2.02627e-08
1.9544e-08
1.96447e-08
2.02169e-08
2.08466e-08
2.15293e-08
2.20485e-08
2.22854e-08
2.24939e-08
2.29364e-08
2.3414e-08
2.31787e-08
2.2281e-08
2.21648e-08
2.33317e-08
2.45162e-08
2.46404e-08
2.37339e-08
2.23949e-08
2.12147e-08
2.07746e-08
2.107e-08
2.10377e-08
2.02431e-08
1.97779e-08
2.0213e-08
2.1014e-08
2.18483e-08
2.24495e-08
2.20072e-08
2.03513e-08
1.85437e-08
1.78015e-08
1.87496e-08
2.02766e-08
2.15458e-08
2.19205e-08
2.16698e-08
2.15344e-08
2.13458e-08
2.05532e-08
1.97968e-08
1.98719e-08
2.0438e-08
2.10899e-08
2.1805e-08
2.23286e-08
2.25518e-08
2.27601e-08
2.32152e-08
2.37042e-08
2.34695e-08
2.2547e-08
2.24132e-08
2.35911e-08
2.47945e-08
2.49327e-08
2.40317e-08
2.26862e-08
2.14888e-08
2.10459e-08
2.13582e-08
2.13311e-08
2.05087e-08
2.00142e-08
2.04373e-08
2.1229e-08
2.20639e-08
2.26913e-08
2.22859e-08
2.06449e-08
1.88217e-08
1.80607e-08
1.91788e-08
2.07322e-08
2.20279e-08
2.23975e-08
2.21383e-08
2.20361e-08
2.1872e-08
2.10215e-08
2.01628e-08
2.01803e-08
2.07482e-08
2.14429e-08
2.22015e-08
2.27223e-08
2.29099e-08
2.31126e-08
2.35853e-08
2.40799e-08
2.38412e-08
2.29051e-08
2.27707e-08
2.39646e-08
2.51804e-08
2.53286e-08
2.44406e-08
2.31232e-08
2.19444e-08
2.15026e-08
2.18391e-08
2.18245e-08
2.09556e-08
2.03941e-08
2.07817e-08
2.15611e-08
2.24066e-08
2.309e-08
2.27457e-08
2.11215e-08
1.92869e-08
1.84993e-08
1.97407e-08
2.12993e-08
2.26205e-08
2.29587e-08
2.26455e-08
2.258e-08
2.24865e-08
2.15831e-08
2.05846e-08
2.04933e-08
2.10424e-08
2.18037e-08
2.26138e-08
2.31021e-08
2.32262e-08
2.3422e-08
2.39403e-08
2.44628e-08
2.42256e-08
2.32813e-08
2.31472e-08
2.43497e-08
2.55441e-08
2.56874e-08
2.48155e-08
2.35421e-08
2.24206e-08
2.20352e-08
2.24371e-08
2.24626e-08
2.15441e-08
2.08912e-08
2.12142e-08
2.19534e-08
2.28234e-08
2.36292e-08
2.34054e-08
2.18016e-08
1.99343e-08
1.91022e-08
2.03588e-08
2.18484e-08
2.31767e-08
2.35039e-08
2.31249e-08
2.30776e-08
2.31101e-08
2.22155e-08
2.10539e-08
2.07756e-08
2.12813e-08
2.21673e-08
2.30677e-08
2.34687e-08
2.34319e-08
2.35759e-08
2.41829e-08
2.48061e-08
2.45911e-08
2.36295e-08
2.3517e-08
2.47299e-08
2.58463e-08
2.59069e-08
2.50744e-08
2.38674e-08
2.28047e-08
2.24871e-08
2.30051e-08
2.31387e-08
2.21964e-08
2.14264e-08
2.16544e-08
2.23421e-08
2.32438e-08
2.42002e-08
2.41691e-08
2.26594e-08
2.07662e-08
1.98369e-08
2.1042e-08
2.24148e-08
2.36809e-08
2.39976e-08
2.36052e-08
2.36039e-08
2.3782e-08
2.29214e-08
2.15796e-08
2.10512e-08
2.14424e-08
2.2448e-08
2.34868e-08
2.38065e-08
2.35916e-08
2.36461e-08
2.42969e-08
2.5028e-08
2.49107e-08
2.39981e-08
2.38959e-08
2.50896e-08
2.60933e-08
2.59898e-08
2.51888e-08
2.41544e-08
2.31693e-08
2.28882e-08
2.34848e-08
2.37163e-08
2.27547e-08
2.18931e-08
2.20263e-08
2.26492e-08
2.35729e-08
2.46323e-08
2.47476e-08
2.33953e-08
2.15827e-08
2.0631e-08
2.18113e-08
2.29933e-08
2.40431e-08
2.42054e-08
2.38441e-08
2.40136e-08
2.43817e-08
2.35717e-08
2.20262e-08
2.1233e-08
2.14981e-08
2.2573e-08
2.37492e-08
2.40957e-08
2.37558e-08
2.36613e-08
2.42279e-08
2.49946e-08
2.50322e-08
2.43168e-08
2.4326e-08
2.54794e-08
2.63166e-08
2.59582e-08
2.50921e-08
2.4268e-08
2.33948e-08
2.30387e-08
2.36508e-08
2.40333e-08
2.31323e-08
2.22288e-08
2.22814e-08
2.27965e-08
2.36871e-08
2.47838e-08
2.4956e-08
2.37608e-08
2.22052e-08
2.14321e-08
2.23946e-08
2.34381e-08
2.41909e-08
2.40652e-08
2.36987e-08
2.41497e-08
2.48688e-08
2.42082e-08
2.24873e-08
2.14149e-08
2.15444e-08
2.26557e-08
2.39984e-08
2.44267e-08
2.39743e-08
2.3671e-08
2.40562e-08
2.4779e-08
2.49927e-08
2.45444e-08
2.46812e-08
2.5721e-08
2.63465e-08
2.57049e-08
2.46235e-08
2.39381e-08
2.32828e-08
2.2987e-08
2.36927e-08
2.4198e-08
2.33786e-08
2.24544e-08
2.24281e-08
2.27229e-08
2.33546e-08
2.44014e-08
2.46744e-08
2.3673e-08
2.24262e-08
2.19248e-08
2.23877e-08
2.33406e-08
2.39683e-08
2.37737e-08
2.34308e-08
2.40005e-08
2.49634e-08
2.4586e-08
2.29925e-08
2.18504e-08
2.18687e-08
2.29297e-08
2.42921e-08
2.47319e-08
2.41684e-08
2.36705e-08
2.38408e-08
2.44324e-08
2.46974e-08
2.44729e-08
2.47511e-08
2.57524e-08
2.62516e-08
2.54537e-08
2.42205e-08
2.36391e-08
2.32785e-08
2.30302e-08
2.36219e-08
2.41652e-08
2.34118e-08
2.23673e-08
2.20917e-08
2.21757e-08
2.26359e-08
2.37346e-08
2.42414e-08
2.34109e-08
2.22909e-08
2.19064e-08
2.16312e-08
2.23153e-08
2.28698e-08
2.28071e-08
2.25569e-08
2.31305e-08
2.42753e-08
2.44149e-08
2.32092e-08
2.21269e-08
2.20969e-08
2.309e-08
2.43688e-08
2.47178e-08
2.40401e-08
2.3439e-08
2.3535e-08
2.41114e-08
2.44151e-08
2.43083e-08
2.4714e-08
2.57817e-08
2.63786e-08
2.57013e-08
2.4341e-08
2.36179e-08
2.33971e-08
2.32438e-08
2.3402e-08
2.33745e-08
2.26315e-08
2.18687e-08
2.16522e-08
2.15342e-08
2.1702e-08
2.25563e-08
2.30539e-08
2.24394e-08
2.15968e-08
2.13292e-08
2.1122e-08
2.15001e-08
2.17478e-08
2.15353e-08
2.12289e-08
2.17091e-08
2.29314e-08
2.35427e-08
2.28763e-08
2.19904e-08
2.19976e-08
2.31343e-08
2.44434e-08
2.45888e-08
2.3546e-08
2.2642e-08
2.26099e-08
2.3279e-08
2.37298e-08
2.37465e-08
2.42017e-08
2.53018e-08
2.61178e-08
2.58084e-08
2.46863e-08
2.37939e-08
2.33801e-08
2.32875e-08
2.33463e-08
2.29575e-08
2.20299e-08
2.14374e-08
2.13177e-08
2.09806e-08
2.07347e-08
2.11892e-08
2.156e-08
2.12155e-08
2.08118e-08
2.08393e-08
2.11583e-08
2.12619e-08
2.12005e-08
2.08164e-08
2.03371e-08
2.05607e-08
2.16343e-08
2.26343e-08
2.26153e-08
2.19531e-08
2.18684e-08
2.30189e-08
2.44872e-08
2.45752e-08
2.31373e-08
2.18266e-08
2.17238e-08
2.24656e-08
2.29626e-08
2.28744e-08
2.32059e-08
2.42909e-08
2.52204e-08
2.51929e-08
2.44416e-08
2.373e-08
2.34549e-08
2.35395e-08
2.35316e-08
2.28798e-08
2.19273e-08
2.15371e-08
2.1516e-08
2.10167e-08
2.05095e-08
2.06352e-08
2.0784e-08
2.06577e-08
2.0713e-08
2.09741e-08
2.14405e-08
2.12919e-08
2.09243e-08
2.04093e-08
1.9981e-08
2.00651e-08
2.08887e-08
2.21103e-08
2.28077e-08
2.2608e-08
2.24942e-08
2.34578e-08
2.48139e-08
2.48345e-08
2.32413e-08
2.16402e-08
2.12325e-08
2.17692e-08
2.21654e-08
2.19984e-08
2.21927e-08
2.31369e-08
2.39918e-08
2.40905e-08
2.35961e-08
2.31178e-08
2.30923e-08
2.33654e-08
2.34192e-08
2.26778e-08
2.14982e-08
2.1035e-08
2.10883e-08
2.08368e-08
2.03822e-08
2.02855e-08
2.03008e-08
2.0319e-08
2.06747e-08
2.12102e-08
2.16336e-08
2.16044e-08
2.10678e-08
2.02924e-08
1.97766e-08
1.98716e-08
2.05316e-08
2.14659e-08
2.21567e-08
2.22568e-08
2.24617e-08
2.35819e-08
2.5021e-08
2.50898e-08
2.34585e-08
2.17272e-08
2.10059e-08
2.10799e-08
2.12198e-08
2.11645e-08
2.153e-08
2.26511e-08
2.37052e-08
2.37637e-08
2.30791e-08
2.27113e-08
2.29802e-08
2.34374e-08
2.36603e-08
2.30851e-08
2.18075e-08
2.09332e-08
2.06427e-08
2.00953e-08
1.9594e-08
1.95061e-08
1.96212e-08
1.98445e-08
2.04121e-08
2.11698e-08
2.16849e-08
2.20802e-08
2.16178e-08
2.05008e-08
1.97825e-08
2.00412e-08
2.07526e-08
2.13288e-08
2.14764e-08
2.13389e-08
2.16012e-08
2.28763e-08
2.46167e-08
2.50158e-08
2.35269e-08
2.18141e-08
2.09421e-08
2.06185e-08
2.0503e-08
2.05421e-08
2.1154e-08
2.23145e-08
2.33369e-08
2.35848e-08
2.31075e-08
2.27969e-08
2.3192e-08
2.39878e-08
2.45728e-08
2.40084e-08
2.24417e-08
2.12944e-08
2.08681e-08
2.02656e-08
1.96246e-08
1.95054e-08
1.95828e-08
1.9667e-08
2.00346e-08
2.07837e-08
2.11673e-08
2.16098e-08
2.10256e-08
1.98501e-08
1.91178e-08
1.93461e-08
1.99333e-08
2.0322e-08
2.03963e-08
2.0376e-08
2.08015e-08
2.20706e-08
2.373e-08
2.42166e-08
2.29928e-08
2.14066e-08
2.05264e-08
2.02804e-08
2.02779e-08
2.03247e-08
2.05597e-08
2.11042e-08
2.16649e-08
2.18638e-08
2.16867e-08
2.17427e-08
2.23768e-08
2.33931e-08
2.43706e-08
2.42358e-08
2.28068e-08
2.16657e-08
2.14129e-08
2.11403e-08
2.05446e-08
2.00849e-08
1.97122e-08
1.9355e-08
1.94191e-08
2.0167e-08
2.00443e-08
2.06406e-08
2.00371e-08
1.88313e-08
1.8248e-08
1.87445e-08
1.92725e-08
1.89886e-08
1.84873e-08
1.85092e-08
1.92388e-08
2.05714e-08
2.20301e-08
2.24092e-08
2.12913e-08
1.97655e-08
1.89074e-08
1.86684e-08
1.87413e-08
1.91393e-08
1.99189e-08
2.07211e-08
2.11545e-08
2.11506e-08
2.09159e-08
2.08208e-08
2.09936e-08
2.15147e-08
2.25078e-08
2.31207e-08
2.2527e-08
2.16737e-08
2.13579e-08
2.08661e-08
2.01896e-08
1.96502e-08
1.89854e-08
1.82537e-08
1.81285e-08
1.88764e-08
1.82919e-08
1.83311e-08
1.78623e-08
1.71332e-08
1.66888e-08
1.69719e-08
1.75275e-08
1.75284e-08
1.70994e-08
1.70541e-08
1.78862e-08
1.9418e-08
2.08184e-08
2.11035e-08
2.00244e-08
1.84783e-08
1.74362e-08
1.71324e-08
1.74571e-08
1.81858e-08
1.89328e-08
1.93821e-08
1.96594e-08
1.98172e-08
1.96702e-08
1.93177e-08
1.91152e-08
1.90508e-08
1.92986e-08
1.98629e-08
2.00943e-08
2.00259e-08
1.99357e-08
1.93417e-08
1.84012e-08
1.78671e-08
1.77729e-08
1.77045e-08
1.76795e-08
1.79185e-08
1.67566e-08
1.6451e-08
1.58277e-08
1.51693e-08
1.49799e-08
1.53877e-08
1.5854e-08
1.59683e-08
1.59429e-08
1.62741e-08
1.72105e-08
1.85877e-08
1.98159e-08
2.01795e-08
1.92948e-08
1.77611e-08
1.66617e-08
1.64299e-08
1.66993e-08
1.70723e-08
1.75742e-08
1.80498e-08
1.81543e-08
1.81593e-08
1.82279e-08
1.82199e-08
1.80099e-08
1.75377e-08
1.73131e-08
1.76216e-08
1.79779e-08
1.81793e-08
1.82737e-08
1.79062e-08
1.70499e-08
1.64353e-08
1.63479e-08
1.64707e-08
1.66427e-08
1.67493e-08
1.48931e-08
1.48018e-08
1.45667e-08
1.42149e-08
1.40575e-08
1.42463e-08
1.44989e-08
1.46664e-08
1.49082e-08
1.53922e-08
1.62564e-08
1.72822e-08
1.81568e-08
1.86103e-08
1.83847e-08
1.75637e-08
1.66575e-08
1.61728e-08
1.61532e-08
1.62006e-08
1.62749e-08
1.64656e-08
1.66936e-08
1.68789e-08
1.70351e-08
1.71356e-08
1.71229e-08
1.6942e-08
1.66764e-08
1.65686e-08
1.6612e-08
1.66324e-08
1.6579e-08
1.62501e-08
1.56779e-08
1.52028e-08
1.50574e-08
1.50813e-08
1.50691e-08
1.49904e-08
1.43023e-08
1.42628e-08
1.41237e-08
1.38901e-08
1.38117e-08
1.39844e-08
1.42395e-08
1.45265e-08
1.49172e-08
1.54254e-08
1.60917e-08
1.68211e-08
1.74465e-08
1.78258e-08
1.77387e-08
1.72046e-08
1.64554e-08
1.58914e-08
1.57253e-08
1.56157e-08
1.53312e-08
1.50818e-08
1.50073e-08
1.51319e-08
1.54473e-08
1.58331e-08
1.60538e-08
1.60278e-08
1.58783e-08
1.58989e-08
1.61052e-08
1.6267e-08
1.6266e-08
1.59835e-08
1.54882e-08
1.5043e-08
1.47798e-08
1.46239e-08
1.45059e-08
1.43742e-08
1.36742e-08
1.36329e-08
1.36457e-08
1.36844e-08
1.37704e-08
1.38965e-08
1.40067e-08
1.4255e-08
1.46493e-08
1.51223e-08
1.56719e-08
1.61196e-08
1.63301e-08
1.63582e-08
1.61759e-08
1.58073e-08
1.53383e-08
1.48596e-08
1.45667e-08
1.45028e-08
1.44833e-08
1.45447e-08
1.47105e-08
1.48288e-08
1.48539e-08
1.49027e-08
1.49285e-08
1.49e-08
1.48467e-08
1.48167e-08
1.4858e-08
1.48993e-08
1.48642e-08
1.47042e-08
1.44524e-08
1.42436e-08
1.41224e-08
1.40424e-08
1.39422e-08
1.37942e-08
1.28464e-08
1.27457e-08
1.26572e-08
1.26529e-08
1.28209e-08
1.30883e-08
1.3388e-08
1.37217e-08
1.41421e-08
1.45817e-08
1.50365e-08
1.53779e-08
1.55101e-08
1.55113e-08
1.53689e-08
1.50725e-08
1.46636e-08
1.42177e-08
1.39059e-08
1.38452e-08
1.38704e-08
1.38995e-08
1.40085e-08
1.4114e-08
1.41628e-08
1.42022e-08
1.42339e-08
1.42351e-08
1.42089e-08
1.42269e-08
1.42696e-08
1.42314e-08
1.40372e-08
1.37285e-08
1.34354e-08
1.32786e-08
1.32271e-08
1.31495e-08
1.30717e-08
1.29859e-08
1.25143e-08
1.22709e-08
1.20582e-08
1.19953e-08
1.21104e-08
1.23661e-08
1.27223e-08
1.31494e-08
1.35923e-08
1.40074e-08
1.44273e-08
1.47614e-08
1.48864e-08
1.48805e-08
1.47549e-08
1.4481e-08
1.41411e-08
1.38201e-08
1.35743e-08
1.35104e-08
1.36108e-08
1.37583e-08
1.39414e-08
1.41306e-08
1.4275e-08
1.43004e-08
1.42787e-08
1.42261e-08
1.40859e-08
1.39132e-08
1.3807e-08
1.37215e-08
1.36481e-08
1.35394e-08
1.33862e-08
1.32834e-08
1.31549e-08
1.29941e-08
1.28659e-08
1.27219e-08
2.00698e-08
2.06257e-08
2.14532e-08
2.21032e-08
2.23585e-08
2.21892e-08
2.14869e-08
2.07207e-08
2.07223e-08
2.14469e-08
2.22243e-08
2.29433e-08
2.37039e-08
2.41188e-08
2.40796e-08
2.40725e-08
2.44881e-08
2.47695e-08
2.38821e-08
2.26114e-08
2.30872e-08
2.52643e-08
2.69815e-08
2.68817e-08
2.5307e-08
2.34563e-08
2.23261e-08
2.23282e-08
2.28648e-08
2.27265e-08
2.19608e-08
2.15411e-08
2.14723e-08
2.1358e-08
2.13724e-08
2.12793e-08
2.06932e-08
2.01058e-08
1.99052e-08
1.99046e-08
2.01932e-08
2.0743e-08
2.15741e-08
2.22322e-08
2.24915e-08
2.23202e-08
2.16134e-08
2.08386e-08
2.08393e-08
2.15741e-08
2.23504e-08
2.30631e-08
2.38308e-08
2.42547e-08
2.42134e-08
2.42031e-08
2.46266e-08
2.49207e-08
2.40254e-08
2.27222e-08
2.31823e-08
2.53784e-08
2.71246e-08
2.70326e-08
2.54448e-08
2.35791e-08
2.24409e-08
2.24445e-08
2.29898e-08
2.28565e-08
2.20923e-08
2.1679e-08
2.16155e-08
2.1498e-08
2.15123e-08
2.14152e-08
2.08095e-08
2.02084e-08
2.00175e-08
2.00297e-08
2.04675e-08
2.10244e-08
2.1852e-08
2.24914e-08
2.2739e-08
2.25775e-08
2.18635e-08
2.10526e-08
2.10411e-08
2.17912e-08
2.25803e-08
2.33048e-08
2.40888e-08
2.45135e-08
2.44562e-08
2.44371e-08
2.48824e-08
2.52182e-08
2.4333e-08
2.30068e-08
2.34656e-08
2.57023e-08
2.74926e-08
2.74079e-08
2.57725e-08
2.3833e-08
2.26548e-08
2.2655e-08
2.32146e-08
2.30866e-08
2.23184e-08
2.19159e-08
2.18579e-08
2.17211e-08
2.17191e-08
2.16289e-08
2.1028e-08
2.04377e-08
2.02701e-08
2.02975e-08
2.08254e-08
2.13683e-08
2.21968e-08
2.28237e-08
2.30382e-08
2.28685e-08
2.21528e-08
2.1311e-08
2.12798e-08
2.20408e-08
2.28436e-08
2.35905e-08
2.43884e-08
2.47768e-08
2.46614e-08
2.46273e-08
2.51339e-08
2.55806e-08
2.47498e-08
2.33909e-08
2.38371e-08
2.61348e-08
2.79962e-08
2.79245e-08
2.62351e-08
2.41959e-08
2.29389e-08
2.29077e-08
2.34528e-08
2.33114e-08
2.25443e-08
2.21626e-08
2.21032e-08
2.19383e-08
2.1938e-08
2.18695e-08
2.12566e-08
2.06718e-08
2.0564e-08
2.06467e-08
2.10845e-08
2.15829e-08
2.23473e-08
2.29477e-08
2.3167e-08
2.30506e-08
2.23959e-08
2.15557e-08
2.15003e-08
2.22533e-08
2.30621e-08
2.38457e-08
2.46654e-08
2.49657e-08
2.47236e-08
2.46708e-08
2.52973e-08
2.5929e-08
2.51964e-08
2.38037e-08
2.41982e-08
2.65399e-08
2.84751e-08
2.84014e-08
2.66664e-08
2.45607e-08
2.32252e-08
2.31541e-08
2.36601e-08
2.34775e-08
2.26798e-08
2.23026e-08
2.221e-08
2.19672e-08
2.19931e-08
2.20471e-08
2.14636e-08
2.08173e-08
2.07117e-08
2.08684e-08
2.11543e-08
2.15787e-08
2.22718e-08
2.28752e-08
2.3124e-08
2.30879e-08
2.25656e-08
2.17931e-08
2.17232e-08
2.24255e-08
2.32272e-08
2.40986e-08
2.49841e-08
2.5172e-08
2.47146e-08
2.45606e-08
2.52929e-08
2.61593e-08
2.56013e-08
2.4185e-08
2.44729e-08
2.67977e-08
2.88001e-08
2.87443e-08
2.69835e-08
2.4896e-08
2.35436e-08
2.34103e-08
2.3879e-08
2.36416e-08
2.27868e-08
2.23966e-08
2.22395e-08
2.18544e-08
2.18623e-08
2.20843e-08
2.16165e-08
2.09094e-08
2.07451e-08
2.093e-08
2.11192e-08
2.14585e-08
2.20416e-08
2.26063e-08
2.29089e-08
2.30219e-08
2.27072e-08
2.20593e-08
2.19682e-08
2.25755e-08
2.33302e-08
2.43098e-08
2.53492e-08
2.55051e-08
2.47991e-08
2.4415e-08
2.51159e-08
2.6177e-08
2.58697e-08
2.45172e-08
2.46649e-08
2.68623e-08
2.88649e-08
2.88543e-08
2.71396e-08
2.51433e-08
2.38581e-08
2.36973e-08
2.41337e-08
2.39016e-08
2.29964e-08
2.25168e-08
2.22143e-08
2.16016e-08
2.1538e-08
2.19868e-08
2.17435e-08
2.10343e-08
2.07776e-08
2.09163e-08
2.11922e-08
2.13981e-08
2.17649e-08
2.21891e-08
2.25214e-08
2.28142e-08
2.27656e-08
2.22905e-08
2.21433e-08
2.2551e-08
2.31836e-08
2.42533e-08
2.55175e-08
2.57996e-08
2.49577e-08
2.42499e-08
2.47648e-08
2.59762e-08
2.59969e-08
2.47943e-08
2.47801e-08
2.6777e-08
2.86962e-08
2.8678e-08
2.69968e-08
2.51565e-08
2.40259e-08
2.38297e-08
2.41999e-08
2.40985e-08
2.33383e-08
2.27908e-08
2.21766e-08
2.11879e-08
2.09554e-08
2.16567e-08
2.17577e-08
2.11573e-08
2.0875e-08
2.10107e-08
2.16085e-08
2.16748e-08
2.16673e-08
2.1799e-08
2.20887e-08
2.25009e-08
2.26495e-08
2.22671e-08
2.20354e-08
2.23358e-08
2.2958e-08
2.41096e-08
2.55168e-08
2.58775e-08
2.49075e-08
2.39402e-08
2.42396e-08
2.54786e-08
2.57888e-08
2.48402e-08
2.48292e-08
2.65871e-08
2.82928e-08
2.8147e-08
2.64651e-08
2.47261e-08
2.38166e-08
2.37007e-08
2.39327e-08
2.38193e-08
2.33736e-08
2.30776e-08
2.23285e-08
2.09064e-08
2.03258e-08
2.10853e-08
2.15333e-08
2.11724e-08
2.10316e-08
2.13312e-08
2.19379e-08
2.21415e-08
2.19945e-08
2.17552e-08
2.16968e-08
2.20191e-08
2.23016e-08
2.20224e-08
2.16427e-08
2.17519e-08
2.23914e-08
2.37512e-08
2.53578e-08
2.56955e-08
2.45551e-08
2.33995e-08
2.35423e-08
2.46871e-08
2.5109e-08
2.44152e-08
2.45719e-08
2.6267e-08
2.78503e-08
2.76105e-08
2.57743e-08
2.40423e-08
2.33056e-08
2.33758e-08
2.36835e-08
2.36282e-08
2.32737e-08
2.30827e-08
2.23141e-08
2.06591e-08
1.9769e-08
2.03977e-08
2.099e-08
2.08764e-08
2.09061e-08
2.14095e-08
2.13916e-08
2.18805e-08
2.19568e-08
2.17462e-08
2.16169e-08
2.17928e-08
2.2068e-08
2.18847e-08
2.14052e-08
2.12813e-08
2.18278e-08
2.33092e-08
2.50945e-08
2.54912e-08
2.42933e-08
2.30116e-08
2.29724e-08
2.39472e-08
2.43412e-08
2.3743e-08
2.39186e-08
2.55859e-08
2.72141e-08
2.72123e-08
2.55623e-08
2.37688e-08
2.29342e-08
2.30186e-08
2.34291e-08
2.34054e-08
2.30629e-08
2.29916e-08
2.22777e-08
2.04927e-08
1.94301e-08
1.99341e-08
2.04631e-08
2.03372e-08
2.03128e-08
2.07594e-08
2.06044e-08
2.12705e-08
2.14761e-08
2.13135e-08
2.14129e-08
2.19113e-08
2.23439e-08
2.21236e-08
2.14279e-08
2.10008e-08
2.14293e-08
2.29637e-08
2.48236e-08
2.52794e-08
2.40713e-08
2.27506e-08
2.26084e-08
2.33348e-08
2.36012e-08
2.30528e-08
2.31983e-08
2.47434e-08
2.64176e-08
2.67856e-08
2.55535e-08
2.39385e-08
2.29356e-08
2.2729e-08
2.29561e-08
2.29183e-08
2.26094e-08
2.27913e-08
2.2488e-08
2.08882e-08
1.96191e-08
1.98038e-08
2.00461e-08
1.97232e-08
1.96549e-08
2.00339e-08
2.01064e-08
2.07022e-08
2.11308e-08
2.09647e-08
2.08457e-08
2.12907e-08
2.19298e-08
2.20307e-08
2.14679e-08
2.08856e-08
2.10934e-08
2.2545e-08
2.44925e-08
2.50535e-08
2.372e-08
2.22583e-08
2.21626e-08
2.29864e-08
2.33262e-08
2.28403e-08
2.28377e-08
2.40802e-08
2.56984e-08
2.64072e-08
2.5715e-08
2.43527e-08
2.33461e-08
2.304e-08
2.31394e-08
2.28678e-08
2.23962e-08
2.25849e-08
2.25269e-08
2.11539e-08
1.97887e-08
1.95447e-08
1.94493e-08
1.90606e-08
1.91958e-08
1.96742e-08
1.9512e-08
2.0132e-08
2.05763e-08
2.0471e-08
2.03308e-08
2.05684e-08
2.1157e-08
2.15397e-08
2.12748e-08
2.07538e-08
2.07986e-08
2.2035e-08
2.39219e-08
2.47255e-08
2.35669e-08
2.19736e-08
2.1655e-08
2.23646e-08
2.27836e-08
2.2584e-08
2.28441e-08
2.41227e-08
2.5565e-08
2.61017e-08
2.53823e-08
2.41694e-08
2.32928e-08
2.31115e-08
2.31519e-08
2.26996e-08
2.20009e-08
2.20051e-08
2.20879e-08
2.10061e-08
1.9591e-08
1.9008e-08
1.88778e-08
1.86778e-08
1.87305e-08
1.9064e-08
1.93296e-08
2.00311e-08
2.04894e-08
2.02522e-08
1.99381e-08
2.018e-08
2.0687e-08
2.09544e-08
2.07135e-08
2.02238e-08
2.02009e-08
2.14006e-08
2.33692e-08
2.43183e-08
2.33578e-08
2.18198e-08
2.1257e-08
2.16191e-08
2.18617e-08
2.16378e-08
2.18556e-08
2.32705e-08
2.4994e-08
2.56412e-08
2.49566e-08
2.38498e-08
2.31473e-08
2.30243e-08
2.30743e-08
2.26536e-08
2.18128e-08
2.13889e-08
2.12773e-08
2.04435e-08
1.95072e-08
1.91222e-08
1.89347e-08
1.86858e-08
1.86312e-08
1.88644e-08
2.00875e-08
2.1074e-08
2.14268e-08
2.05491e-08
1.95344e-08
1.9671e-08
2.05742e-08
2.0847e-08
2.0248e-08
1.95471e-08
1.94666e-08
2.06342e-08
2.2617e-08
2.37499e-08
2.33047e-08
2.22101e-08
2.133e-08
2.09711e-08
2.09733e-08
2.09801e-08
2.13173e-08
2.23643e-08
2.37797e-08
2.45588e-08
2.44382e-08
2.38128e-08
2.32959e-08
2.30349e-08
2.29568e-08
2.27007e-08
2.20502e-08
2.1605e-08
2.14572e-08
2.08312e-08
2.04436e-08
2.06386e-08
2.04234e-08
1.96545e-08
1.91572e-08
1.92999e-08
2.02621e-08
2.16271e-08
2.20399e-08
2.10878e-08
1.98276e-08
1.94978e-08
2.00179e-08
2.01585e-08
1.95861e-08
1.90075e-08
1.87875e-08
1.961e-08
2.15472e-08
2.3062e-08
2.28569e-08
2.1724e-08
2.07146e-08
2.01553e-08
1.99582e-08
2.00197e-08
2.0679e-08
2.17617e-08
2.24795e-08
2.24942e-08
2.20856e-08
2.1765e-08
2.16664e-08
2.17134e-08
2.17683e-08
2.16223e-08
2.11514e-08
2.09535e-08
2.10233e-08
2.05881e-08
2.02387e-08
2.05123e-08
2.06693e-08
1.99876e-08
1.91287e-08
1.91417e-08
1.80148e-08
1.87824e-08
1.92913e-08
1.91002e-08
1.85104e-08
1.83483e-08
1.87822e-08
1.90767e-08
1.88589e-08
1.858e-08
1.85929e-08
1.9363e-08
2.09406e-08
2.21161e-08
2.19043e-08
2.08636e-08
1.96917e-08
1.86081e-08
1.79588e-08
1.81817e-08
1.9577e-08
2.12913e-08
2.20335e-08
2.16619e-08
2.09121e-08
2.05545e-08
2.04719e-08
2.03613e-08
2.025e-08
2.02139e-08
2.00386e-08
2.00567e-08
2.03626e-08
2.01059e-08
1.92689e-08
1.8759e-08
1.87574e-08
1.86183e-08
1.81079e-08
1.77265e-08
1.75058e-08
1.74821e-08
1.74391e-08
1.73344e-08
1.71165e-08
1.68787e-08
1.68771e-08
1.69389e-08
1.70014e-08
1.71497e-08
1.75227e-08
1.81938e-08
1.90865e-08
1.94942e-08
1.91147e-08
1.83394e-08
1.75554e-08
1.68551e-08
1.64331e-08
1.65142e-08
1.73343e-08
1.85399e-08
1.94805e-08
1.97449e-08
1.94213e-08
1.91289e-08
1.90738e-08
1.87271e-08
1.83601e-08
1.8351e-08
1.8439e-08
1.86237e-08
1.90189e-08
1.88791e-08
1.81114e-08
1.75389e-08
1.75875e-08
1.79621e-08
1.80306e-08
1.771e-08
1.58218e-08
1.54793e-08
1.52827e-08
1.52582e-08
1.53984e-08
1.55896e-08
1.56301e-08
1.55011e-08
1.54791e-08
1.5871e-08
1.65797e-08
1.72678e-08
1.78219e-08
1.7997e-08
1.75882e-08
1.67987e-08
1.60762e-08
1.57323e-08
1.56319e-08
1.56934e-08
1.62259e-08
1.69912e-08
1.74093e-08
1.74936e-08
1.73842e-08
1.72368e-08
1.69781e-08
1.6576e-08
1.64895e-08
1.70515e-08
1.77152e-08
1.79918e-08
1.79584e-08
1.74891e-08
1.66222e-08
1.60333e-08
1.60248e-08
1.63936e-08
1.6612e-08
1.62967e-08
1.43836e-08
1.44026e-08
1.44097e-08
1.43913e-08
1.45816e-08
1.48897e-08
1.5032e-08
1.5069e-08
1.5254e-08
1.57391e-08
1.65385e-08
1.73512e-08
1.78643e-08
1.79006e-08
1.73952e-08
1.65935e-08
1.5839e-08
1.5388e-08
1.52849e-08
1.52234e-08
1.51884e-08
1.53377e-08
1.55967e-08
1.58292e-08
1.59632e-08
1.59781e-08
1.59562e-08
1.5791e-08
1.56031e-08
1.57189e-08
1.60096e-08
1.61561e-08
1.60554e-08
1.56238e-08
1.4981e-08
1.45213e-08
1.45231e-08
1.47203e-08
1.47333e-08
1.45436e-08
1.37101e-08
1.37425e-08
1.37915e-08
1.38338e-08
1.39986e-08
1.42079e-08
1.43388e-08
1.45279e-08
1.50006e-08
1.57393e-08
1.65611e-08
1.72366e-08
1.76635e-08
1.77358e-08
1.73314e-08
1.66327e-08
1.5853e-08
1.52746e-08
1.51184e-08
1.51563e-08
1.51392e-08
1.51518e-08
1.51916e-08
1.51878e-08
1.52239e-08
1.53409e-08
1.53594e-08
1.51842e-08
1.49772e-08
1.4991e-08
1.52031e-08
1.53339e-08
1.52463e-08
1.48891e-08
1.44136e-08
1.4077e-08
1.39829e-08
1.39729e-08
1.38987e-08
1.37803e-08
1.33059e-08
1.31491e-08
1.31282e-08
1.31952e-08
1.34106e-08
1.36969e-08
1.39334e-08
1.41991e-08
1.45478e-08
1.49806e-08
1.5523e-08
1.60384e-08
1.6352e-08
1.63911e-08
1.6075e-08
1.5497e-08
1.48862e-08
1.43654e-08
1.41566e-08
1.43188e-08
1.45317e-08
1.47257e-08
1.48582e-08
1.48765e-08
1.4817e-08
1.47939e-08
1.4739e-08
1.46532e-08
1.455e-08
1.45076e-08
1.45248e-08
1.448e-08
1.42628e-08
1.3874e-08
1.34841e-08
1.32772e-08
1.33092e-08
1.34936e-08
1.36162e-08
1.35274e-08
1.29375e-08
1.27989e-08
1.26677e-08
1.26436e-08
1.28077e-08
1.30709e-08
1.33276e-08
1.36035e-08
1.39356e-08
1.43457e-08
1.48148e-08
1.52254e-08
1.54399e-08
1.55025e-08
1.53762e-08
1.50281e-08
1.45749e-08
1.41379e-08
1.38748e-08
1.39022e-08
1.40307e-08
1.413e-08
1.42611e-08
1.43803e-08
1.44183e-08
1.44144e-08
1.43889e-08
1.4349e-08
1.43052e-08
1.42642e-08
1.42281e-08
1.40778e-08
1.37191e-08
1.32532e-08
1.28471e-08
1.26893e-08
1.27673e-08
1.29361e-08
1.30712e-08
1.3074e-08
1.25896e-08
1.23994e-08
1.22035e-08
1.21352e-08
1.22322e-08
1.24423e-08
1.27127e-08
1.30419e-08
1.34086e-08
1.37945e-08
1.42431e-08
1.46448e-08
1.48613e-08
1.49177e-08
1.47956e-08
1.44669e-08
1.40737e-08
1.37269e-08
1.35158e-08
1.35141e-08
1.36948e-08
1.3897e-08
1.40987e-08
1.43067e-08
1.44491e-08
1.44651e-08
1.43765e-08
1.4268e-08
1.40892e-08
1.39024e-08
1.37941e-08
1.36891e-08
1.35517e-08
1.3359e-08
1.31459e-08
1.30036e-08
1.29186e-08
1.28544e-08
1.28237e-08
1.27451e-08
1.98404e-08
2.05436e-08
2.14283e-08
2.21331e-08
2.22417e-08
2.17146e-08
2.08235e-08
2.03536e-08
2.09431e-08
2.2214e-08
2.32329e-08
2.35319e-08
2.3512e-08
2.33053e-08
2.25732e-08
2.17404e-08
2.15366e-08
2.1698e-08
2.11353e-08
2.06863e-08
2.221e-08
2.47859e-08
2.62509e-08
2.60956e-08
2.49237e-08
2.35254e-08
2.24333e-08
2.1984e-08
2.16452e-08
2.06067e-08
1.96202e-08
1.98443e-08
2.0669e-08
2.12503e-08
2.18502e-08
2.23091e-08
2.16204e-08
2.00482e-08
1.91206e-08
1.92972e-08
1.99689e-08
2.0663e-08
2.15382e-08
2.22452e-08
2.23667e-08
2.18428e-08
2.09338e-08
2.04424e-08
2.10311e-08
2.2322e-08
2.33633e-08
2.36671e-08
2.36373e-08
2.34252e-08
2.26941e-08
2.18597e-08
2.16484e-08
2.18057e-08
2.12327e-08
2.07608e-08
2.22957e-08
2.49136e-08
2.6406e-08
2.62512e-08
2.50621e-08
2.36541e-08
2.25627e-08
2.21157e-08
2.17736e-08
2.07121e-08
1.96981e-08
1.99222e-08
2.07696e-08
2.1368e-08
2.1971e-08
2.24286e-08
2.17336e-08
2.01517e-08
1.92284e-08
1.94211e-08
2.01581e-08
2.08732e-08
2.17785e-08
2.25115e-08
2.26474e-08
2.21223e-08
2.1176e-08
2.06292e-08
2.11869e-08
2.24853e-08
2.35738e-08
2.39212e-08
2.38941e-08
2.3651e-08
2.29037e-08
2.20769e-08
2.18755e-08
2.20394e-08
2.14484e-08
2.09441e-08
2.25153e-08
2.51988e-08
2.66922e-08
2.64996e-08
2.52868e-08
2.38837e-08
2.27935e-08
2.2342e-08
2.19945e-08
2.08959e-08
1.98391e-08
2.00747e-08
2.09671e-08
2.16015e-08
2.22323e-08
2.27049e-08
2.19868e-08
2.03433e-08
1.9381e-08
1.9588e-08
2.03127e-08
2.10888e-08
2.20737e-08
2.28763e-08
2.30389e-08
2.25086e-08
2.1518e-08
2.08983e-08
2.13996e-08
2.26678e-08
2.37692e-08
2.41737e-08
2.41618e-08
2.38926e-08
2.31605e-08
2.24088e-08
2.22632e-08
2.2449e-08
2.18538e-08
2.12897e-08
2.28514e-08
2.55907e-08
2.70498e-08
2.67593e-08
2.549e-08
2.41202e-08
2.30913e-08
2.26582e-08
2.22846e-08
2.11321e-08
2.00259e-08
2.02886e-08
2.12519e-08
2.19381e-08
2.25968e-08
2.30908e-08
2.23549e-08
2.06174e-08
1.95418e-08
1.97116e-08
2.04051e-08
2.12505e-08
2.23573e-08
2.32542e-08
2.34253e-08
2.28814e-08
2.18784e-08
2.12122e-08
2.16617e-08
2.28754e-08
2.39364e-08
2.43734e-08
2.43882e-08
2.4123e-08
2.3492e-08
2.29346e-08
2.29185e-08
2.31198e-08
2.25029e-08
2.18457e-08
2.32899e-08
2.5967e-08
2.73176e-08
2.6906e-08
2.55916e-08
2.42587e-08
2.32978e-08
2.29313e-08
2.25786e-08
2.13724e-08
2.01873e-08
2.04821e-08
2.15682e-08
2.23037e-08
2.29315e-08
2.34146e-08
2.27016e-08
2.0938e-08
1.97414e-08
1.98114e-08
2.05364e-08
2.13903e-08
2.2586e-08
2.35832e-08
2.37742e-08
2.32154e-08
2.22148e-08
2.15364e-08
2.19883e-08
2.31931e-08
2.41698e-08
2.45448e-08
2.45305e-08
2.42747e-08
2.38087e-08
2.35301e-08
2.37104e-08
2.39756e-08
2.33549e-08
2.25828e-08
2.38309e-08
2.63464e-08
2.75461e-08
2.70303e-08
2.57263e-08
2.43948e-08
2.34429e-08
2.31246e-08
2.28562e-08
2.16594e-08
2.03921e-08
2.0677e-08
2.18794e-08
2.26589e-08
2.31734e-08
2.35751e-08
2.2927e-08
2.12515e-08
2.00311e-08
2.00091e-08
2.06588e-08
2.14817e-08
2.27266e-08
2.38105e-08
2.40616e-08
2.353e-08
2.25543e-08
2.19138e-08
2.24336e-08
2.36401e-08
2.4471e-08
2.46928e-08
2.45215e-08
2.41633e-08
2.38373e-08
2.3869e-08
2.43044e-08
2.47262e-08
2.42037e-08
2.33794e-08
2.44219e-08
2.67429e-08
2.78327e-08
2.72584e-08
2.59453e-08
2.45973e-08
2.3564e-08
2.3225e-08
2.30653e-08
2.1983e-08
2.06811e-08
2.08711e-08
2.20817e-08
2.28891e-08
2.32975e-08
2.35864e-08
2.30004e-08
2.15007e-08
2.03433e-08
2.02218e-08
2.079e-08
2.15123e-08
2.27385e-08
2.38552e-08
2.4165e-08
2.37218e-08
2.28656e-08
2.23613e-08
2.30166e-08
2.42014e-08
2.48346e-08
2.4844e-08
2.44523e-08
2.38806e-08
2.35947e-08
2.39285e-08
2.46676e-08
2.52873e-08
2.48667e-08
2.39852e-08
2.47688e-08
2.68679e-08
2.79201e-08
2.73827e-08
2.60494e-08
2.46924e-08
2.36266e-08
2.316e-08
2.29514e-08
2.20825e-08
2.0934e-08
2.09824e-08
2.19828e-08
2.27162e-08
2.31525e-08
2.34395e-08
2.29564e-08
2.16849e-08
2.07002e-08
2.05097e-08
2.10289e-08
2.16775e-08
2.2744e-08
2.36962e-08
2.39503e-08
2.36186e-08
2.29385e-08
2.26136e-08
2.33562e-08
2.4534e-08
2.50202e-08
2.48656e-08
2.43686e-08
2.36983e-08
2.33607e-08
2.38287e-08
2.48072e-08
2.5594e-08
2.52305e-08
2.42321e-08
2.46261e-08
2.63413e-08
2.73809e-08
2.70218e-08
2.57583e-08
2.43538e-08
2.33255e-08
2.29179e-08
2.27789e-08
2.20331e-08
2.09514e-08
2.08261e-08
2.15195e-08
2.20514e-08
2.25367e-08
2.3028e-08
2.28154e-08
2.18404e-08
2.10274e-08
2.0834e-08
2.11138e-08
2.187e-08
2.27622e-08
2.34059e-08
2.34988e-08
2.32399e-08
2.27807e-08
2.25897e-08
2.31691e-08
2.41621e-08
2.45655e-08
2.43835e-08
2.39376e-08
2.33031e-08
2.29133e-08
2.33578e-08
2.44297e-08
2.5356e-08
2.51787e-08
2.41758e-08
2.41311e-08
2.53843e-08
2.64413e-08
2.63998e-08
2.53053e-08
2.37998e-08
2.27307e-08
2.2524e-08
2.26662e-08
2.2167e-08
2.1188e-08
2.08343e-08
2.11362e-08
2.13799e-08
2.17719e-08
2.23404e-08
2.24508e-08
2.18983e-08
2.1193e-08
2.08852e-08
2.08455e-08
2.18182e-08
2.26599e-08
2.30602e-08
2.30893e-08
2.29106e-08
2.26214e-08
2.24522e-08
2.27223e-08
2.33852e-08
2.37552e-08
2.37008e-08
2.34308e-08
2.28056e-08
2.22544e-08
2.2563e-08
2.35611e-08
2.45191e-08
2.45806e-08
2.36814e-08
2.33649e-08
2.42832e-08
2.53812e-08
2.56748e-08
2.48804e-08
2.34402e-08
2.2258e-08
2.20699e-08
2.25104e-08
2.22729e-08
2.13677e-08
2.08759e-08
2.09669e-08
2.09773e-08
2.10991e-08
2.16205e-08
2.1992e-08
2.1745e-08
2.10734e-08
2.05829e-08
2.0268e-08
2.1516e-08
2.24593e-08
2.259e-08
2.23197e-08
2.20849e-08
2.21091e-08
2.21277e-08
2.22123e-08
2.25592e-08
2.28938e-08
2.30694e-08
2.30712e-08
2.24399e-08
2.16117e-08
2.1674e-08
2.25175e-08
2.34344e-08
2.37324e-08
2.3086e-08
2.26626e-08
2.33053e-08
2.43352e-08
2.48034e-08
2.41941e-08
2.28519e-08
2.18317e-08
2.1809e-08
2.22661e-08
2.20242e-08
2.10442e-08
2.04675e-08
2.05617e-08
2.05404e-08
2.05464e-08
2.10098e-08
2.14463e-08
2.13769e-08
2.07529e-08
2.00568e-08
1.96136e-08
2.10915e-08
2.2287e-08
2.23357e-08
2.1754e-08
2.12514e-08
2.13053e-08
2.16922e-08
2.19695e-08
2.21951e-08
2.24453e-08
2.26598e-08
2.2794e-08
2.22943e-08
2.12829e-08
2.10361e-08
2.16313e-08
2.24634e-08
2.29165e-08
2.26205e-08
2.24163e-08
2.30212e-08
2.38955e-08
2.42413e-08
2.35893e-08
2.23093e-08
2.13869e-08
2.16339e-08
2.23672e-08
2.20956e-08
2.07155e-08
1.97189e-08
1.9622e-08
1.97719e-08
1.99561e-08
2.04544e-08
2.09476e-08
2.10222e-08
2.03798e-08
1.94754e-08
1.87962e-08
2.04039e-08
2.19355e-08
2.20859e-08
2.1273e-08
2.05581e-08
2.06345e-08
2.11842e-08
2.14831e-08
2.15947e-08
2.18474e-08
2.22484e-08
2.25682e-08
2.22396e-08
2.12497e-08
2.06566e-08
2.09952e-08
2.1877e-08
2.24826e-08
2.234e-08
2.24247e-08
2.34767e-08
2.46624e-08
2.48214e-08
2.36659e-08
2.21713e-08
2.13679e-08
2.16453e-08
2.22048e-08
2.19086e-08
2.07366e-08
1.97467e-08
1.9486e-08
1.94542e-08
1.9426e-08
1.96721e-08
1.99403e-08
1.99618e-08
1.94242e-08
1.86084e-08
1.79796e-08
1.96467e-08
2.12511e-08
2.14751e-08
2.07724e-08
2.01772e-08
2.0387e-08
2.09658e-08
2.11025e-08
2.08694e-08
2.08419e-08
2.13034e-08
2.19851e-08
2.21004e-08
2.14229e-08
2.06525e-08
2.06473e-08
2.15176e-08
2.24021e-08
2.23483e-08
2.21473e-08
2.30222e-08
2.44598e-08
2.49689e-08
2.39132e-08
2.2264e-08
2.12203e-08
2.10763e-08
2.12345e-08
2.10074e-08
2.01667e-08
1.95342e-08
1.94683e-08
1.94226e-08
1.91675e-08
1.89707e-08
1.88556e-08
1.87412e-08
1.8295e-08
1.76731e-08
1.78239e-08
1.94521e-08
2.11081e-08
2.11999e-08
2.01182e-08
1.94615e-08
1.9942e-08
2.09012e-08
2.12354e-08
2.08428e-08
2.04204e-08
2.04951e-08
2.09713e-08
2.11626e-08
2.07369e-08
2.01746e-08
2.01582e-08
2.09395e-08
2.21647e-08
2.27437e-08
2.27634e-08
2.29553e-08
2.36605e-08
2.42196e-08
2.39731e-08
2.27675e-08
2.15567e-08
2.08823e-08
2.06634e-08
2.03692e-08
1.97781e-08
1.93865e-08
1.93815e-08
1.92994e-08
1.90755e-08
1.88628e-08
1.86416e-08
1.85112e-08
1.81634e-08
1.75851e-08
1.72807e-08
1.86756e-08
2.04473e-08
2.1035e-08
2.00219e-08
1.87341e-08
1.88013e-08
2.00169e-08
2.08879e-08
2.0879e-08
2.05321e-08
2.0264e-08
2.04637e-08
2.0735e-08
2.04963e-08
1.99637e-08
1.97367e-08
2.02989e-08
2.13945e-08
2.2201e-08
2.25143e-08
2.26083e-08
2.26563e-08
2.25889e-08
2.22748e-08
2.16151e-08
2.08285e-08
2.0191e-08
2.00096e-08
2.02003e-08
2.01749e-08
1.98713e-08
1.95811e-08
1.9261e-08
1.90067e-08
1.89646e-08
1.89993e-08
1.87983e-08
1.81258e-08
1.72592e-08
1.64983e-08
1.70256e-08
1.83287e-08
1.90821e-08
1.87278e-08
1.80102e-08
1.79807e-08
1.87398e-08
1.94868e-08
1.98127e-08
1.99454e-08
2.00864e-08
2.01823e-08
2.00116e-08
1.95272e-08
1.90193e-08
1.87951e-08
1.91034e-08
1.9649e-08
2.02662e-08
2.10168e-08
2.15022e-08
2.14127e-08
2.15271e-08
2.16134e-08
2.08035e-08
1.94506e-08
1.86841e-08
1.89515e-08
1.98606e-08
2.04647e-08
2.02216e-08
1.94161e-08
1.85436e-08
1.81129e-08
1.83135e-08
1.8888e-08
1.92547e-08
1.86836e-08
1.7351e-08
1.57524e-08
1.5606e-08
1.59493e-08
1.61922e-08
1.61007e-08
1.58702e-08
1.60008e-08
1.66674e-08
1.74312e-08
1.79145e-08
1.82411e-08
1.85986e-08
1.88978e-08
1.8791e-08
1.8198e-08
1.7467e-08
1.69708e-08
1.70104e-08
1.75138e-08
1.81081e-08
1.87475e-08
1.93322e-08
1.96002e-08
1.95386e-08
1.96184e-08
1.97566e-08
1.91421e-08
1.77032e-08
1.70451e-08
1.7951e-08
1.91868e-08
1.97149e-08
1.92015e-08
1.76867e-08
1.626e-08
1.60108e-08
1.68093e-08
1.76685e-08
1.76754e-08
1.66852e-08
1.50917e-08
1.50253e-08
1.52245e-08
1.53812e-08
1.53895e-08
1.52627e-08
1.52576e-08
1.55496e-08
1.60716e-08
1.66171e-08
1.71194e-08
1.75923e-08
1.78776e-08
1.77133e-08
1.70391e-08
1.6142e-08
1.54453e-08
1.53247e-08
1.56449e-08
1.60769e-08
1.66723e-08
1.71916e-08
1.72557e-08
1.71412e-08
1.72493e-08
1.74404e-08
1.71919e-08
1.64047e-08
1.59955e-08
1.67048e-08
1.77732e-08
1.81743e-08
1.77618e-08
1.66656e-08
1.54363e-08
1.48699e-08
1.51234e-08
1.5694e-08
1.58848e-08
1.55228e-08
1.40128e-08
1.40259e-08
1.42206e-08
1.43926e-08
1.45125e-08
1.46082e-08
1.47563e-08
1.50199e-08
1.54248e-08
1.59666e-08
1.65849e-08
1.70401e-08
1.71266e-08
1.67874e-08
1.6145e-08
1.54238e-08
1.48357e-08
1.4539e-08
1.4649e-08
1.48658e-08
1.50471e-08
1.53091e-08
1.56186e-08
1.58734e-08
1.60074e-08
1.59661e-08
1.57173e-08
1.5285e-08
1.50096e-08
1.52371e-08
1.5802e-08
1.61975e-08
1.61214e-08
1.5562e-08
1.47506e-08
1.4264e-08
1.43603e-08
1.46872e-08
1.47035e-08
1.43456e-08
1.3404e-08
1.33568e-08
1.33749e-08
1.34018e-08
1.34987e-08
1.36097e-08
1.37461e-08
1.41067e-08
1.4708e-08
1.53659e-08
1.59242e-08
1.63442e-08
1.6573e-08
1.64752e-08
1.60396e-08
1.5492e-08
1.49951e-08
1.46337e-08
1.46295e-08
1.47827e-08
1.48476e-08
1.49911e-08
1.51986e-08
1.53047e-08
1.53643e-08
1.5423e-08
1.53357e-08
1.50804e-08
1.48114e-08
1.47184e-08
1.48646e-08
1.49843e-08
1.48719e-08
1.45174e-08
1.4086e-08
1.38455e-08
1.38505e-08
1.39008e-08
1.38177e-08
1.35864e-08
1.29426e-08
1.27201e-08
1.26736e-08
1.27316e-08
1.29359e-08
1.32438e-08
1.35714e-08
1.39813e-08
1.44572e-08
1.49299e-08
1.54391e-08
1.58663e-08
1.60853e-08
1.60145e-08
1.56224e-08
1.51088e-08
1.4648e-08
1.42322e-08
1.40624e-08
1.41967e-08
1.43675e-08
1.45038e-08
1.46673e-08
1.47819e-08
1.48628e-08
1.49611e-08
1.49599e-08
1.48463e-08
1.46761e-08
1.45629e-08
1.44883e-08
1.43104e-08
1.39607e-08
1.349e-08
1.30945e-08
1.29553e-08
1.30585e-08
1.32788e-08
1.34052e-08
1.32528e-08
1.28121e-08
1.26671e-08
1.25432e-08
1.24988e-08
1.26179e-08
1.28423e-08
1.30672e-08
1.33912e-08
1.37833e-08
1.41927e-08
1.46178e-08
1.49316e-08
1.50658e-08
1.5077e-08
1.49106e-08
1.45644e-08
1.42339e-08
1.3955e-08
1.38097e-08
1.3918e-08
1.40479e-08
1.40877e-08
1.4137e-08
1.41968e-08
1.42587e-08
1.43434e-08
1.44246e-08
1.44985e-08
1.44996e-08
1.43991e-08
1.42619e-08
1.40307e-08
1.36493e-08
1.31671e-08
1.27455e-08
1.25509e-08
1.2585e-08
1.27476e-08
1.29136e-08
1.29369e-08
1.26322e-08
1.24322e-08
1.2238e-08
1.21597e-08
1.22795e-08
1.25068e-08
1.28123e-08
1.31922e-08
1.35845e-08
1.39632e-08
1.43358e-08
1.46552e-08
1.48056e-08
1.48055e-08
1.46618e-08
1.43554e-08
1.40265e-08
1.37538e-08
1.36057e-08
1.36499e-08
1.3839e-08
1.40263e-08
1.41482e-08
1.42712e-08
1.43941e-08
1.44155e-08
1.43483e-08
1.4263e-08
1.41176e-08
1.39158e-08
1.37498e-08
1.35689e-08
1.33279e-08
1.30767e-08
1.28946e-08
1.28359e-08
1.28561e-08
1.28778e-08
1.28992e-08
1.28168e-08
1.94571e-08
2.01326e-08
2.01907e-08
1.98049e-08
1.94715e-08
1.92201e-08
1.94725e-08
2.04423e-08
2.16192e-08
2.28637e-08
2.3983e-08
2.45975e-08
2.48889e-08
2.45348e-08
2.32861e-08
2.25417e-08
2.30653e-08
2.35897e-08
2.31037e-08
2.25594e-08
2.28849e-08
2.33147e-08
2.33458e-08
2.33172e-08
2.29634e-08
2.19999e-08
2.1065e-08
2.08357e-08
2.11279e-08
2.13823e-08
2.10722e-08
2.00187e-08
1.85645e-08
1.78033e-08
1.8747e-08
2.03412e-08
2.04978e-08
1.93316e-08
1.85567e-08
1.8745e-08
1.95569e-08
2.02366e-08
2.02904e-08
1.98777e-08
1.95183e-08
1.92603e-08
1.95259e-08
2.05179e-08
2.17142e-08
2.297e-08
2.40942e-08
2.47107e-08
2.50139e-08
2.46733e-08
2.34143e-08
2.26462e-08
2.31615e-08
2.36876e-08
2.32033e-08
2.26545e-08
2.29714e-08
2.33936e-08
2.34215e-08
2.34016e-08
2.306e-08
2.21008e-08
2.11681e-08
2.09448e-08
2.1237e-08
2.14812e-08
2.1172e-08
2.01216e-08
1.86527e-08
1.78712e-08
1.8822e-08
2.04466e-08
2.06186e-08
1.94399e-08
1.86499e-08
1.884e-08
1.9784e-08
2.04807e-08
2.05125e-08
2.00462e-08
1.96408e-08
1.93561e-08
1.96292e-08
2.06519e-08
2.18836e-08
2.31814e-08
2.43529e-08
2.50007e-08
2.53159e-08
2.49546e-08
2.36509e-08
2.28672e-08
2.34041e-08
2.39313e-08
2.34175e-08
2.28769e-08
2.32304e-08
2.36214e-08
2.36026e-08
2.35746e-08
2.32301e-08
2.22478e-08
2.12946e-08
2.10918e-08
2.14432e-08
2.17359e-08
2.14282e-08
2.03435e-08
1.88306e-08
1.80148e-08
1.89855e-08
2.06653e-08
2.0847e-08
1.96183e-08
1.88035e-08
1.90256e-08
1.99978e-08
2.07767e-08
2.08056e-08
2.02497e-08
1.97856e-08
1.94968e-08
1.97899e-08
2.08236e-08
2.20701e-08
2.34135e-08
2.4657e-08
2.53853e-08
2.57411e-08
2.53556e-08
2.39775e-08
2.31548e-08
2.37094e-08
2.42408e-08
2.36618e-08
2.30604e-08
2.34839e-08
2.40152e-08
2.40303e-08
2.39361e-08
2.34881e-08
2.24113e-08
2.13911e-08
2.11828e-08
2.16254e-08
2.20539e-08
2.1824e-08
2.07046e-08
1.90808e-08
1.81685e-08
1.91342e-08
2.08661e-08
2.10502e-08
1.97632e-08
1.88933e-08
1.91495e-08
2.00558e-08
2.09188e-08
2.10303e-08
2.04609e-08
1.99482e-08
1.96585e-08
1.99931e-08
2.10007e-08
2.22129e-08
2.35749e-08
2.48694e-08
2.56592e-08
2.60595e-08
2.56538e-08
2.42179e-08
2.33597e-08
2.3928e-08
2.44701e-08
2.38494e-08
2.31895e-08
2.36608e-08
2.4373e-08
2.45129e-08
2.43804e-08
2.37903e-08
2.25502e-08
2.14e-08
2.1133e-08
2.16794e-08
2.22978e-08
2.2193e-08
2.10656e-08
1.93591e-08
1.83551e-08
1.92632e-08
2.09613e-08
2.1122e-08
1.98058e-08
1.8912e-08
1.91644e-08
1.99989e-08
2.09151e-08
2.11296e-08
2.06064e-08
2.00707e-08
1.97954e-08
2.01849e-08
2.11431e-08
2.22781e-08
2.36411e-08
2.49527e-08
2.5774e-08
2.61853e-08
2.57406e-08
2.42466e-08
2.33701e-08
2.39699e-08
2.45652e-08
2.39622e-08
2.32413e-08
2.37155e-08
2.45796e-08
2.48555e-08
2.47082e-08
2.40147e-08
2.26561e-08
2.13761e-08
2.10655e-08
2.16983e-08
2.24407e-08
2.2379e-08
2.12497e-08
1.95692e-08
1.86233e-08
1.94948e-08
2.10538e-08
2.10804e-08
1.97132e-08
1.88353e-08
1.91052e-08
1.98005e-08
2.07334e-08
2.10702e-08
2.06606e-08
2.01534e-08
1.99037e-08
2.03094e-08
2.11749e-08
2.218e-08
2.35458e-08
2.49269e-08
2.57816e-08
2.61772e-08
2.56785e-08
2.41336e-08
2.3296e-08
2.39723e-08
2.46143e-08
2.3992e-08
2.31814e-08
2.35989e-08
2.45637e-08
2.49922e-08
2.48952e-08
2.41598e-08
2.27068e-08
2.1366e-08
2.10627e-08
2.17234e-08
2.24056e-08
2.22281e-08
2.1132e-08
1.96644e-08
1.88978e-08
1.97697e-08
2.11474e-08
2.09628e-08
1.94857e-08
1.85971e-08
1.89162e-08
1.94262e-08
2.0366e-08
2.08377e-08
2.05702e-08
2.01382e-08
1.99319e-08
2.03034e-08
2.1003e-08
2.18432e-08
2.31929e-08
2.46967e-08
2.56598e-08
2.60738e-08
2.55057e-08
2.38607e-08
2.30829e-08
2.39333e-08
2.46556e-08
2.39772e-08
2.30167e-08
2.32976e-08
2.43211e-08
2.49458e-08
2.49554e-08
2.42005e-08
2.2695e-08
2.13335e-08
2.10147e-08
2.15643e-08
2.20674e-08
2.17943e-08
2.08963e-08
1.97717e-08
1.91897e-08
1.99941e-08
2.1173e-08
2.07777e-08
1.91819e-08
1.82682e-08
1.85802e-08
1.91504e-08
2.01161e-08
2.06865e-08
2.05816e-08
2.0214e-08
2.00172e-08
2.0294e-08
2.07993e-08
2.14274e-08
2.26448e-08
2.42079e-08
2.53143e-08
2.58206e-08
2.5247e-08
2.35139e-08
2.27118e-08
2.36848e-08
2.45694e-08
2.39132e-08
2.28054e-08
2.28892e-08
2.38702e-08
2.46429e-08
2.48022e-08
2.40654e-08
2.25422e-08
2.11844e-08
2.08017e-08
2.11922e-08
2.15224e-08
2.1187e-08
2.04696e-08
1.97203e-08
1.93812e-08
2.01485e-08
2.11649e-08
2.06379e-08
1.89041e-08
1.7884e-08
1.82261e-08
1.90112e-08
2.00233e-08
2.06728e-08
2.07364e-08
2.04565e-08
2.02158e-08
2.03483e-08
2.0662e-08
2.10661e-08
2.20854e-08
2.36176e-08
2.4805e-08
2.54111e-08
2.49411e-08
2.32213e-08
2.23239e-08
2.33228e-08
2.43905e-08
2.3815e-08
2.25775e-08
2.23956e-08
2.3282e-08
2.41463e-08
2.43958e-08
2.36731e-08
2.21446e-08
2.08427e-08
2.04907e-08
2.0755e-08
2.09201e-08
2.05271e-08
1.9919e-08
1.94374e-08
1.93614e-08
2.02035e-08
2.1186e-08
2.06578e-08
1.89551e-08
1.78327e-08
1.80497e-08
1.87243e-08
1.97176e-08
2.04043e-08
2.06315e-08
2.05638e-08
2.03884e-08
2.04421e-08
2.05711e-08
2.07087e-08
2.14962e-08
2.29628e-08
2.41879e-08
2.47998e-08
2.44133e-08
2.27916e-08
2.1784e-08
2.26845e-08
2.38417e-08
2.34524e-08
2.21382e-08
2.17197e-08
2.24631e-08
2.33262e-08
2.35056e-08
2.27382e-08
2.13619e-08
2.03491e-08
2.02056e-08
2.04874e-08
2.0483e-08
1.9917e-08
1.92729e-08
1.89167e-08
1.89942e-08
1.99563e-08
2.10614e-08
2.07472e-08
1.91933e-08
1.799e-08
1.79253e-08
1.8073e-08
1.90411e-08
1.98121e-08
2.01842e-08
2.02763e-08
2.02235e-08
2.03255e-08
2.05099e-08
2.0582e-08
2.11459e-08
2.24209e-08
2.35989e-08
2.41465e-08
2.37642e-08
2.22986e-08
2.13221e-08
2.19893e-08
2.3107e-08
2.30985e-08
2.20946e-08
2.1442e-08
2.17753e-08
2.24239e-08
2.25328e-08
2.17593e-08
2.06018e-08
1.99901e-08
2.02e-08
2.05918e-08
2.04371e-08
1.96318e-08
1.87472e-08
1.8265e-08
1.83119e-08
1.91843e-08
2.03209e-08
2.02799e-08
1.90668e-08
1.79185e-08
1.75245e-08
1.73517e-08
1.81391e-08
1.89028e-08
1.94498e-08
1.9653e-08
1.96307e-08
1.98428e-08
2.02966e-08
2.05242e-08
2.0914e-08
2.18412e-08
2.28267e-08
2.33787e-08
2.30789e-08
2.17661e-08
2.0804e-08
2.13023e-08
2.23958e-08
2.26596e-08
2.1969e-08
2.13755e-08
2.15039e-08
2.20083e-08
2.20975e-08
2.13234e-08
2.02195e-08
1.98075e-08
2.03531e-08
2.09642e-08
2.07959e-08
1.97548e-08
1.84987e-08
1.76529e-08
1.75017e-08
1.82652e-08
1.9453e-08
1.97594e-08
1.88932e-08
1.76972e-08
1.7058e-08
1.6606e-08
1.72798e-08
1.80646e-08
1.87056e-08
1.89974e-08
1.90177e-08
1.93215e-08
2.00108e-08
2.04375e-08
2.07377e-08
2.13604e-08
2.20616e-08
2.25567e-08
2.24227e-08
2.13286e-08
2.02482e-08
2.04381e-08
2.1571e-08
2.21681e-08
2.17522e-08
2.12139e-08
2.13284e-08
2.19219e-08
2.21712e-08
2.1507e-08
2.03515e-08
1.97458e-08
2.00642e-08
2.06442e-08
2.04641e-08
1.94925e-08
1.82956e-08
1.73715e-08
1.68896e-08
1.72261e-08
1.82252e-08
1.87476e-08
1.83306e-08
1.73615e-08
1.65617e-08
1.60104e-08
1.65878e-08
1.73306e-08
1.79179e-08
1.8347e-08
1.85409e-08
1.88974e-08
1.96528e-08
2.01325e-08
2.03359e-08
2.08137e-08
2.14861e-08
2.18934e-08
2.16331e-08
2.06399e-08
1.96915e-08
1.96372e-08
2.04427e-08
2.13736e-08
2.17541e-08
2.16282e-08
2.16563e-08
2.22082e-08
2.26498e-08
2.20212e-08
2.05759e-08
1.93275e-08
1.88501e-08
1.89297e-08
1.88794e-08
1.83758e-08
1.77073e-08
1.71357e-08
1.66834e-08
1.66918e-08
1.72612e-08
1.77827e-08
1.77106e-08
1.70239e-08
1.61765e-08
1.56021e-08
1.60985e-08
1.69972e-08
1.77287e-08
1.81902e-08
1.83922e-08
1.87042e-08
1.94496e-08
2.00159e-08
2.01236e-08
2.04086e-08
2.10703e-08
2.13852e-08
2.08519e-08
1.98366e-08
1.90955e-08
1.91359e-08
1.99589e-08
2.08805e-08
2.13261e-08
2.13738e-08
2.14744e-08
2.19902e-08
2.26126e-08
2.22965e-08
2.07228e-08
1.87518e-08
1.75438e-08
1.74785e-08
1.78114e-08
1.783e-08
1.76758e-08
1.73497e-08
1.66991e-08
1.62766e-08
1.66276e-08
1.72686e-08
1.74678e-08
1.69054e-08
1.59802e-08
1.50803e-08
1.5652e-08
1.68016e-08
1.76917e-08
1.79544e-08
1.77641e-08
1.79465e-08
1.8946e-08
1.99717e-08
2.03712e-08
2.05652e-08
2.07663e-08
2.07429e-08
2.01571e-08
1.93219e-08
1.87593e-08
1.87534e-08
1.95262e-08
2.06772e-08
2.13061e-08
2.11829e-08
2.09633e-08
2.13136e-08
2.2167e-08
2.23118e-08
2.09368e-08
1.85976e-08
1.67732e-08
1.66532e-08
1.76965e-08
1.83488e-08
1.82443e-08
1.77913e-08
1.69929e-08
1.62337e-08
1.62727e-08
1.69517e-08
1.73053e-08
1.66919e-08
1.56014e-08
1.48446e-08
1.50173e-08
1.59024e-08
1.68582e-08
1.7411e-08
1.74337e-08
1.74675e-08
1.82153e-08
1.93029e-08
1.99764e-08
2.03383e-08
2.06289e-08
2.05107e-08
1.96908e-08
1.85712e-08
1.77771e-08
1.76478e-08
1.8201e-08
1.90688e-08
1.97035e-08
1.99145e-08
1.99021e-08
1.99559e-08
2.05517e-08
2.12138e-08
2.09378e-08
1.93528e-08
1.72699e-08
1.62126e-08
1.68958e-08
1.82305e-08
1.87279e-08
1.80788e-08
1.68503e-08
1.59134e-08
1.59348e-08
1.66581e-08
1.72179e-08
1.68073e-08
1.56332e-08
1.38467e-08
1.39449e-08
1.45334e-08
1.5072e-08
1.5486e-08
1.57834e-08
1.61647e-08
1.70781e-08
1.82342e-08
1.89668e-08
1.92486e-08
1.93741e-08
1.93256e-08
1.87957e-08
1.79362e-08
1.71465e-08
1.66447e-08
1.67212e-08
1.73419e-08
1.79168e-08
1.81175e-08
1.82079e-08
1.85057e-08
1.89917e-08
1.93589e-08
1.91645e-08
1.82822e-08
1.69375e-08
1.62208e-08
1.67382e-08
1.77018e-08
1.81104e-08
1.771e-08
1.66273e-08
1.55981e-08
1.53915e-08
1.60305e-08
1.6604e-08
1.61033e-08
1.47382e-08
1.32015e-08
1.29769e-08
1.33669e-08
1.4008e-08
1.45628e-08
1.47959e-08
1.48939e-08
1.54001e-08
1.64089e-08
1.73668e-08
1.79463e-08
1.82015e-08
1.81279e-08
1.76287e-08
1.68462e-08
1.60695e-08
1.54743e-08
1.54e-08
1.58772e-08
1.63037e-08
1.6529e-08
1.67574e-08
1.69237e-08
1.71105e-08
1.73223e-08
1.72518e-08
1.68388e-08
1.62076e-08
1.57867e-08
1.59619e-08
1.62598e-08
1.62042e-08
1.58923e-08
1.5391e-08
1.48104e-08
1.43998e-08
1.43984e-08
1.46798e-08
1.46775e-08
1.40154e-08
1.27927e-08
1.26797e-08
1.28443e-08
1.30992e-08
1.34143e-08
1.3728e-08
1.40532e-08
1.44978e-08
1.51018e-08
1.57571e-08
1.63738e-08
1.68334e-08
1.69412e-08
1.65567e-08
1.58763e-08
1.53034e-08
1.49193e-08
1.47043e-08
1.48406e-08
1.50883e-08
1.51931e-08
1.53666e-08
1.56983e-08
1.60524e-08
1.62734e-08
1.62127e-08
1.59119e-08
1.55231e-08
1.51754e-08
1.51089e-08
1.52508e-08
1.52518e-08
1.502e-08
1.46148e-08
1.41456e-08
1.38697e-08
1.39092e-08
1.40345e-08
1.38804e-08
1.33343e-08
1.30086e-08
1.27818e-08
1.26766e-08
1.27125e-08
1.28655e-08
1.29971e-08
1.31238e-08
1.34512e-08
1.40514e-08
1.47729e-08
1.54002e-08
1.58234e-08
1.60624e-08
1.59665e-08
1.54919e-08
1.49492e-08
1.45607e-08
1.43299e-08
1.4453e-08
1.47598e-08
1.48682e-08
1.49257e-08
1.51336e-08
1.53333e-08
1.54583e-08
1.54712e-08
1.53323e-08
1.51011e-08
1.48562e-08
1.47434e-08
1.47724e-08
1.46836e-08
1.4414e-08
1.40785e-08
1.3759e-08
1.3609e-08
1.36025e-08
1.36286e-08
1.35717e-08
1.33264e-08
1.28957e-08
1.26423e-08
1.24897e-08
1.24654e-08
1.26046e-08
1.28512e-08
1.31106e-08
1.34708e-08
1.39199e-08
1.44153e-08
1.49298e-08
1.53932e-08
1.56611e-08
1.56465e-08
1.52856e-08
1.48058e-08
1.44204e-08
1.40962e-08
1.40016e-08
1.41973e-08
1.43774e-08
1.44597e-08
1.45857e-08
1.47522e-08
1.48967e-08
1.49341e-08
1.4858e-08
1.47007e-08
1.45367e-08
1.44224e-08
1.43749e-08
1.42443e-08
1.39476e-08
1.35443e-08
1.31418e-08
1.29299e-08
1.2953e-08
1.31108e-08
1.32428e-08
1.31581e-08
1.26744e-08
1.25473e-08
1.24107e-08
1.2279e-08
1.22967e-08
1.24151e-08
1.25513e-08
1.28317e-08
1.3225e-08
1.36682e-08
1.41285e-08
1.44621e-08
1.46331e-08
1.46924e-08
1.45447e-08
1.42885e-08
1.40722e-08
1.38837e-08
1.38294e-08
1.3945e-08
1.40669e-08
1.40536e-08
1.4002e-08
1.40532e-08
1.41465e-08
1.42513e-08
1.43405e-08
1.44028e-08
1.43723e-08
1.42811e-08
1.41675e-08
1.39955e-08
1.36852e-08
1.32928e-08
1.29409e-08
1.27662e-08
1.27186e-08
1.27561e-08
1.28102e-08
1.27916e-08
1.26508e-08
1.24672e-08
1.22922e-08
1.21987e-08
1.22727e-08
1.24623e-08
1.27189e-08
1.30556e-08
1.34096e-08
1.37378e-08
1.40799e-08
1.44007e-08
1.45648e-08
1.46057e-08
1.45377e-08
1.43014e-08
1.40431e-08
1.38315e-08
1.36995e-08
1.37129e-08
1.3859e-08
1.40072e-08
1.41001e-08
1.42396e-08
1.44151e-08
1.44922e-08
1.44272e-08
1.42881e-08
1.40999e-08
1.38921e-08
1.37445e-08
1.36064e-08
1.33952e-08
1.31492e-08
1.2951e-08
1.2861e-08
1.28318e-08
1.28297e-08
1.28633e-08
1.28059e-08
1.73475e-08
1.84261e-08
1.98417e-08
2.10705e-08
2.14589e-08
2.10584e-08
2.09272e-08
2.15626e-08
2.24495e-08
2.35228e-08
2.44406e-08
2.45801e-08
2.43824e-08
2.4531e-08
2.4653e-08
2.4709e-08
2.50728e-08
2.47793e-08
2.31631e-08
2.19323e-08
2.22186e-08
2.26022e-08
2.26132e-08
2.34734e-08
2.44543e-08
2.38286e-08
2.18673e-08
2.03367e-08
2.02494e-08
2.0954e-08
2.10717e-08
2.00924e-08
1.84588e-08
1.73106e-08
1.79283e-08
1.97655e-08
2.06657e-08
1.97468e-08
1.80384e-08
1.70786e-08
1.73915e-08
1.8473e-08
1.99065e-08
2.11563e-08
2.15578e-08
2.11572e-08
2.10209e-08
2.16608e-08
2.25553e-08
2.36443e-08
2.45869e-08
2.47267e-08
2.45074e-08
2.46443e-08
2.47673e-08
2.48224e-08
2.51922e-08
2.49014e-08
2.32479e-08
2.19662e-08
2.22359e-08
2.26326e-08
2.26445e-08
2.34952e-08
2.44953e-08
2.39043e-08
2.19608e-08
2.04357e-08
2.03559e-08
2.10716e-08
2.1194e-08
2.02041e-08
1.85534e-08
1.73859e-08
1.79981e-08
1.98495e-08
2.0767e-08
1.98546e-08
1.81331e-08
1.7143e-08
1.75582e-08
1.86488e-08
2.01022e-08
2.13759e-08
2.17676e-08
2.13333e-08
2.11868e-08
2.18439e-08
2.27542e-08
2.38621e-08
2.48449e-08
2.50311e-08
2.48049e-08
2.48904e-08
2.49755e-08
2.50159e-08
2.53868e-08
2.50802e-08
2.33472e-08
2.19932e-08
2.22777e-08
2.26767e-08
2.26239e-08
2.34321e-08
2.44479e-08
2.38951e-08
2.20061e-08
2.05474e-08
2.05484e-08
2.13356e-08
2.14758e-08
2.04557e-08
1.8772e-08
1.75753e-08
1.81653e-08
2.00324e-08
2.0988e-08
2.00867e-08
1.83423e-08
1.73185e-08
1.78526e-08
1.89628e-08
2.0403e-08
2.16538e-08
2.20297e-08
2.15531e-08
2.13762e-08
2.20222e-08
2.29417e-08
2.40476e-08
2.50753e-08
2.53685e-08
2.51761e-08
2.52036e-08
2.52301e-08
2.5214e-08
2.55159e-08
2.51439e-08
2.33171e-08
2.18961e-08
2.22237e-08
2.27024e-08
2.2629e-08
2.33083e-08
2.42283e-08
2.36714e-08
2.18776e-08
2.05794e-08
2.07291e-08
2.16048e-08
2.17648e-08
2.0723e-08
1.90313e-08
1.78069e-08
1.83388e-08
2.02004e-08
2.12038e-08
2.03545e-08
1.86405e-08
1.76104e-08
1.82005e-08
1.93643e-08
2.07838e-08
2.19456e-08
2.22413e-08
2.16985e-08
2.14494e-08
2.20583e-08
2.29748e-08
2.40718e-08
2.51216e-08
2.5546e-08
2.54336e-08
2.54322e-08
2.53935e-08
2.53074e-08
2.55167e-08
2.50722e-08
2.31878e-08
2.17316e-08
2.21079e-08
2.26777e-08
2.25894e-08
2.30773e-08
2.37865e-08
2.31736e-08
2.15225e-08
2.04877e-08
2.08448e-08
2.17922e-08
2.19093e-08
2.08436e-08
1.92295e-08
1.80545e-08
1.85105e-08
2.03024e-08
2.13233e-08
2.0533e-08
1.88847e-08
1.79024e-08
1.85175e-08
1.97993e-08
2.12392e-08
2.22799e-08
2.24032e-08
2.17214e-08
2.13254e-08
2.18182e-08
2.27411e-08
2.38801e-08
2.49789e-08
2.54898e-08
2.54442e-08
2.53873e-08
2.52576e-08
2.51357e-08
2.53073e-08
2.48096e-08
2.29268e-08
2.15022e-08
2.19654e-08
2.26453e-08
2.25321e-08
2.27693e-08
2.32148e-08
2.25465e-08
2.10473e-08
2.02843e-08
2.08504e-08
2.18399e-08
2.18946e-08
2.08242e-08
1.93802e-08
1.83607e-08
1.87999e-08
2.04776e-08
2.14377e-08
2.06639e-08
1.90711e-08
1.81373e-08
1.86907e-08
2.01018e-08
2.1635e-08
2.26041e-08
2.25103e-08
2.16338e-08
2.10608e-08
2.13936e-08
2.2264e-08
2.34766e-08
2.46938e-08
2.52874e-08
2.52422e-08
2.50601e-08
2.47695e-08
2.46521e-08
2.49087e-08
2.44422e-08
2.2586e-08
2.11897e-08
2.17286e-08
2.25952e-08
2.25402e-08
2.25406e-08
2.27394e-08
2.2073e-08
2.07329e-08
2.0117e-08
2.07361e-08
2.17271e-08
2.18011e-08
2.07945e-08
1.94976e-08
1.86214e-08
1.90624e-08
2.05842e-08
2.14e-08
2.06251e-08
1.9121e-08
1.82477e-08
1.85884e-08
2.00799e-08
2.179e-08
2.28231e-08
2.26028e-08
2.15195e-08
2.07881e-08
2.09691e-08
2.1719e-08
2.29365e-08
2.42451e-08
2.4937e-08
2.49108e-08
2.46056e-08
2.41392e-08
2.393e-08
2.42304e-08
2.38714e-08
2.21706e-08
2.07996e-08
2.13416e-08
2.23972e-08
2.25129e-08
2.24095e-08
2.24056e-08
2.17607e-08
2.06239e-08
2.00897e-08
2.0625e-08
2.15435e-08
2.16864e-08
2.08368e-08
1.96344e-08
1.87625e-08
1.90757e-08
2.03874e-08
2.10328e-08
2.02529e-08
1.88928e-08
1.81216e-08
1.8172e-08
1.9831e-08
2.18085e-08
2.30516e-08
2.28367e-08
2.15841e-08
2.06821e-08
2.07286e-08
2.13592e-08
2.25151e-08
2.3825e-08
2.45328e-08
2.45437e-08
2.42124e-08
2.35394e-08
2.30605e-08
2.32797e-08
2.31493e-08
2.17495e-08
2.04124e-08
2.08629e-08
2.2011e-08
2.23499e-08
2.2292e-08
2.21631e-08
2.14788e-08
2.04817e-08
2.0028e-08
2.04774e-08
2.12695e-08
2.14033e-08
2.06691e-08
1.96466e-08
1.88549e-08
1.90304e-08
2.00643e-08
2.04554e-08
1.95746e-08
1.82762e-08
1.76066e-08
1.75282e-08
1.92703e-08
2.15464e-08
2.3195e-08
2.32452e-08
2.19993e-08
2.09185e-08
2.08011e-08
2.13033e-08
2.23805e-08
2.36418e-08
2.42244e-08
2.41484e-08
2.37624e-08
2.29256e-08
2.22553e-08
2.25266e-08
2.2747e-08
2.1638e-08
2.0307e-08
2.05391e-08
2.15613e-08
2.19738e-08
2.20378e-08
2.19505e-08
2.12327e-08
2.02287e-08
1.97325e-08
2.00871e-08
2.07879e-08
2.09726e-08
2.04192e-08
1.95808e-08
1.88813e-08
1.90142e-08
1.9861e-08
2.00277e-08
1.90249e-08
1.77051e-08
1.70051e-08
1.68398e-08
1.8339e-08
2.0509e-08
2.24205e-08
2.3029e-08
2.22173e-08
2.12294e-08
2.10141e-08
2.1327e-08
2.21919e-08
2.33019e-08
2.37557e-08
2.36157e-08
2.32672e-08
2.24406e-08
2.17865e-08
2.21935e-08
2.2705e-08
2.18524e-08
2.05108e-08
2.04866e-08
2.13183e-08
2.17168e-08
2.17985e-08
2.17587e-08
2.11254e-08
2.01317e-08
1.95044e-08
1.9607e-08
2.01019e-08
2.0328e-08
1.99702e-08
1.92748e-08
1.86673e-08
1.88815e-08
1.97394e-08
1.98539e-08
1.88548e-08
1.75205e-08
1.662e-08
1.62746e-08
1.73827e-08
1.91381e-08
2.0877e-08
2.18466e-08
2.15717e-08
2.09011e-08
2.07794e-08
2.10377e-08
2.16711e-08
2.25237e-08
2.28537e-08
2.27573e-08
2.25864e-08
2.19548e-08
2.14378e-08
2.20018e-08
2.27863e-08
2.22259e-08
2.09749e-08
2.07318e-08
2.1286e-08
2.16008e-08
2.16628e-08
2.16426e-08
2.11328e-08
2.01432e-08
1.93108e-08
1.9161e-08
1.94947e-08
1.96521e-08
1.9321e-08
1.86702e-08
1.81841e-08
1.8627e-08
1.96649e-08
1.98357e-08
1.8851e-08
1.74786e-08
1.63991e-08
1.58734e-08
1.66476e-08
1.80307e-08
1.94565e-08
2.04856e-08
2.05714e-08
2.01953e-08
2.01683e-08
2.04079e-08
2.08934e-08
2.15824e-08
2.19099e-08
2.18868e-08
2.17088e-08
2.11873e-08
2.07942e-08
2.14355e-08
2.24746e-08
2.24052e-08
2.1389e-08
2.09045e-08
2.1112e-08
2.12751e-08
2.13088e-08
2.12913e-08
2.08518e-08
1.98861e-08
1.89415e-08
1.87411e-08
1.91329e-08
1.92524e-08
1.87214e-08
1.7917e-08
1.758e-08
1.83294e-08
1.95963e-08
1.98613e-08
1.88914e-08
1.74765e-08
1.62571e-08
1.53285e-08
1.58454e-08
1.69733e-08
1.81457e-08
1.9068e-08
1.93369e-08
1.92544e-08
1.94462e-08
1.96857e-08
2.00631e-08
2.07876e-08
2.13045e-08
2.13284e-08
2.10275e-08
2.04643e-08
2.00248e-08
2.04965e-08
2.15139e-08
2.18131e-08
2.11833e-08
2.05609e-08
2.04293e-08
2.05821e-08
2.07866e-08
2.07501e-08
2.02435e-08
1.9282e-08
1.82731e-08
1.79061e-08
1.82511e-08
1.84638e-08
1.80146e-08
1.72332e-08
1.69409e-08
1.78128e-08
1.92938e-08
1.98419e-08
1.89644e-08
1.73972e-08
1.59299e-08
1.50015e-08
1.53173e-08
1.61221e-08
1.70234e-08
1.78325e-08
1.82458e-08
1.84669e-08
1.89026e-08
1.91881e-08
1.93278e-08
1.98423e-08
2.04647e-08
2.06538e-08
2.03378e-08
1.9749e-08
1.92389e-08
1.94347e-08
2.01137e-08
2.04053e-08
2.02295e-08
2.00963e-08
2.01022e-08
2.03088e-08
2.08197e-08
2.10048e-08
2.0285e-08
1.8932e-08
1.76258e-08
1.6976e-08
1.71169e-08
1.74287e-08
1.71753e-08
1.65737e-08
1.62565e-08
1.68408e-08
1.80759e-08
1.88108e-08
1.8409e-08
1.71143e-08
1.56883e-08
1.46709e-08
1.48834e-08
1.55769e-08
1.62847e-08
1.69557e-08
1.74215e-08
1.78964e-08
1.85593e-08
1.8951e-08
1.90193e-08
1.93277e-08
1.98167e-08
1.99829e-08
1.96839e-08
1.90901e-08
1.84715e-08
1.83248e-08
1.8739e-08
1.91003e-08
1.91456e-08
1.91316e-08
1.91764e-08
1.94551e-08
2.00454e-08
2.04544e-08
2.00221e-08
1.87412e-08
1.72872e-08
1.657e-08
1.67987e-08
1.72066e-08
1.70554e-08
1.64522e-08
1.59083e-08
1.61175e-08
1.7048e-08
1.773e-08
1.75581e-08
1.66051e-08
1.53814e-08
1.47909e-08
1.48494e-08
1.52913e-08
1.56991e-08
1.61432e-08
1.6552e-08
1.70378e-08
1.78293e-08
1.85277e-08
1.89656e-08
1.94654e-08
1.98687e-08
1.97847e-08
1.92541e-08
1.85583e-08
1.7845e-08
1.74351e-08
1.7666e-08
1.82222e-08
1.85482e-08
1.85894e-08
1.84887e-08
1.85153e-08
1.87852e-08
1.8888e-08
1.85707e-08
1.7931e-08
1.71408e-08
1.68272e-08
1.7294e-08
1.77717e-08
1.73789e-08
1.63341e-08
1.53111e-08
1.50607e-08
1.57907e-08
1.67315e-08
1.70912e-08
1.65739e-08
1.55339e-08
1.43752e-08
1.47552e-08
1.53566e-08
1.56868e-08
1.59016e-08
1.61549e-08
1.65589e-08
1.73531e-08
1.82278e-08
1.88673e-08
1.94237e-08
1.98132e-08
1.96359e-08
1.8927e-08
1.80604e-08
1.72514e-08
1.67938e-08
1.70494e-08
1.77335e-08
1.81715e-08
1.83648e-08
1.8416e-08
1.83301e-08
1.83793e-08
1.84474e-08
1.80819e-08
1.72934e-08
1.6601e-08
1.65313e-08
1.71486e-08
1.77732e-08
1.75598e-08
1.63441e-08
1.50029e-08
1.45233e-08
1.50347e-08
1.57462e-08
1.59406e-08
1.54596e-08
1.47035e-08
1.30249e-08
1.36238e-08
1.46266e-08
1.53274e-08
1.55373e-08
1.54956e-08
1.56009e-08
1.6243e-08
1.71965e-08
1.79527e-08
1.85153e-08
1.88873e-08
1.87363e-08
1.80319e-08
1.72207e-08
1.6623e-08
1.62439e-08
1.63096e-08
1.68451e-08
1.73787e-08
1.77064e-08
1.78878e-08
1.79385e-08
1.79203e-08
1.77309e-08
1.73232e-08
1.67914e-08
1.6291e-08
1.60828e-08
1.63788e-08
1.67473e-08
1.65882e-08
1.58654e-08
1.49564e-08
1.44688e-08
1.46874e-08
1.51658e-08
1.51871e-08
1.44309e-08
1.33953e-08
1.27839e-08
1.29537e-08
1.36059e-08
1.42318e-08
1.45198e-08
1.45022e-08
1.44554e-08
1.48405e-08
1.56924e-08
1.65747e-08
1.7252e-08
1.77036e-08
1.77423e-08
1.72534e-08
1.65129e-08
1.58482e-08
1.52726e-08
1.50886e-08
1.55036e-08
1.60238e-08
1.63814e-08
1.67233e-08
1.69404e-08
1.69447e-08
1.68009e-08
1.65415e-08
1.61862e-08
1.57316e-08
1.53828e-08
1.5424e-08
1.56241e-08
1.559e-08
1.52151e-08
1.46887e-08
1.43043e-08
1.42293e-08
1.4323e-08
1.43352e-08
1.39723e-08
1.32585e-08
1.24145e-08
1.23328e-08
1.25889e-08
1.29722e-08
1.32988e-08
1.35382e-08
1.37711e-08
1.41622e-08
1.47333e-08
1.53088e-08
1.58322e-08
1.62824e-08
1.64794e-08
1.62162e-08
1.56766e-08
1.5261e-08
1.49589e-08
1.47129e-08
1.48078e-08
1.51809e-08
1.54837e-08
1.57262e-08
1.59426e-08
1.60088e-08
1.59511e-08
1.57562e-08
1.5465e-08
1.51717e-08
1.48845e-08
1.47496e-08
1.47501e-08
1.46776e-08
1.44626e-08
1.4119e-08
1.37762e-08
1.36478e-08
1.37178e-08
1.37222e-08
1.34513e-08
1.28799e-08
1.27206e-08
1.26261e-08
1.26547e-08
1.27716e-08
1.29246e-08
1.30346e-08
1.31605e-08
1.34537e-08
1.3928e-08
1.44549e-08
1.49195e-08
1.53193e-08
1.56088e-08
1.56156e-08
1.53024e-08
1.4959e-08
1.47393e-08
1.45103e-08
1.45241e-08
1.48365e-08
1.49882e-08
1.5023e-08
1.51778e-08
1.52663e-08
1.5233e-08
1.5123e-08
1.50127e-08
1.4908e-08
1.47384e-08
1.45387e-08
1.43913e-08
1.41861e-08
1.39046e-08
1.36003e-08
1.33648e-08
1.33244e-08
1.34322e-08
1.34876e-08
1.33502e-08
1.30173e-08
1.29295e-08
1.2761e-08
1.27026e-08
1.27838e-08
1.29583e-08
1.30684e-08
1.30869e-08
1.31607e-08
1.3416e-08
1.38251e-08
1.43273e-08
1.48225e-08
1.52079e-08
1.53126e-08
1.50485e-08
1.46843e-08
1.44913e-08
1.42744e-08
1.41422e-08
1.42848e-08
1.44396e-08
1.44544e-08
1.45207e-08
1.46052e-08
1.4655e-08
1.4639e-08
1.45946e-08
1.45375e-08
1.44237e-08
1.42569e-08
1.40885e-08
1.38565e-08
1.35408e-08
1.32154e-08
1.29466e-08
1.28603e-08
1.29786e-08
1.31694e-08
1.32698e-08
1.31633e-08
1.26017e-08
1.25529e-08
1.25324e-08
1.24973e-08
1.25671e-08
1.26504e-08
1.2702e-08
1.28806e-08
1.31929e-08
1.35738e-08
1.39841e-08
1.42953e-08
1.44746e-08
1.45412e-08
1.44263e-08
1.42369e-08
1.41099e-08
1.40124e-08
1.39418e-08
1.40521e-08
1.41741e-08
1.41499e-08
1.41185e-08
1.41994e-08
1.43043e-08
1.43454e-08
1.43412e-08
1.43201e-08
1.42334e-08
1.40829e-08
1.39783e-08
1.38274e-08
1.35966e-08
1.3292e-08
1.30121e-08
1.28652e-08
1.28276e-08
1.28213e-08
1.27908e-08
1.27111e-08
1.25561e-08
1.24727e-08
1.23909e-08
1.23573e-08
1.24634e-08
1.26581e-08
1.28819e-08
1.31769e-08
1.34501e-08
1.36646e-08
1.39636e-08
1.4249e-08
1.44126e-08
1.44839e-08
1.44216e-08
1.42167e-08
1.39687e-08
1.37889e-08
1.36602e-08
1.36629e-08
1.37991e-08
1.39198e-08
1.40321e-08
1.42215e-08
1.44553e-08
1.45942e-08
1.45854e-08
1.4491e-08
1.4293e-08
1.40516e-08
1.38474e-08
1.36513e-08
1.34298e-08
1.32027e-08
1.30242e-08
1.29101e-08
1.28014e-08
1.27319e-08
1.26957e-08
1.26398e-08
1.91551e-08
1.90995e-08
1.93683e-08
2.04853e-08
2.14346e-08
2.1546e-08
2.13147e-08
2.12447e-08
2.16302e-08
2.2449e-08
2.3173e-08
2.34097e-08
2.34038e-08
2.3403e-08
2.34648e-08
2.37876e-08
2.40038e-08
2.38073e-08
2.34523e-08
2.26558e-08
2.1605e-08
2.15178e-08
2.28112e-08
2.38182e-08
2.3098e-08
2.16914e-08
2.10624e-08
2.07184e-08
1.99624e-08
1.93104e-08
1.88633e-08
1.81819e-08
1.76423e-08
1.78442e-08
1.87456e-08
1.93812e-08
1.87257e-08
1.78255e-08
1.79282e-08
1.8642e-08
1.92637e-08
1.92022e-08
1.94611e-08
2.05845e-08
2.15433e-08
2.16562e-08
2.14173e-08
2.13288e-08
2.16994e-08
2.25076e-08
2.32238e-08
2.34678e-08
2.34773e-08
2.34963e-08
2.35718e-08
2.38925e-08
2.41169e-08
2.39356e-08
2.35855e-08
2.27742e-08
2.16805e-08
2.15516e-08
2.28466e-08
2.38733e-08
2.31507e-08
2.17345e-08
2.11201e-08
2.0799e-08
2.00521e-08
1.94144e-08
1.89924e-08
1.83109e-08
1.77325e-08
1.78986e-08
1.88029e-08
1.94617e-08
1.88087e-08
1.78931e-08
1.8001e-08
1.87358e-08
1.94761e-08
1.94098e-08
1.96517e-08
2.07852e-08
2.17534e-08
2.18554e-08
2.15946e-08
2.14783e-08
2.18359e-08
2.26389e-08
2.33196e-08
2.35531e-08
2.3606e-08
2.36721e-08
2.37759e-08
2.40917e-08
2.42997e-08
2.41323e-08
2.3819e-08
2.30491e-08
2.19378e-08
2.16995e-08
2.28758e-08
2.38733e-08
2.31636e-08
2.1741e-08
2.11382e-08
2.08659e-08
2.0153e-08
1.95279e-08
1.91298e-08
1.84811e-08
1.79322e-08
1.81223e-08
1.9025e-08
1.96649e-08
1.89682e-08
1.80221e-08
1.81351e-08
1.89093e-08
1.9703e-08
1.96508e-08
1.98764e-08
2.09962e-08
2.1957e-08
2.2055e-08
2.17899e-08
2.16469e-08
2.19744e-08
2.27743e-08
2.34343e-08
2.36823e-08
2.38058e-08
2.3928e-08
2.40283e-08
2.42812e-08
2.44433e-08
2.4298e-08
2.40471e-08
2.33782e-08
2.23206e-08
2.19657e-08
2.29079e-08
2.37865e-08
2.30945e-08
2.16876e-08
2.10731e-08
2.08402e-08
2.02012e-08
1.9623e-08
1.92512e-08
1.86285e-08
1.81132e-08
1.83475e-08
1.9277e-08
1.99201e-08
1.91853e-08
1.8172e-08
1.82712e-08
1.90832e-08
1.98e-08
1.98052e-08
2.00614e-08
2.11713e-08
2.2119e-08
2.21954e-08
2.19043e-08
2.17438e-08
2.20538e-08
2.28644e-08
2.35265e-08
2.3822e-08
2.40254e-08
2.41639e-08
2.41951e-08
2.43204e-08
2.44282e-08
2.43188e-08
2.41679e-08
2.36542e-08
2.27155e-08
2.22737e-08
2.29617e-08
2.36656e-08
2.29763e-08
2.16077e-08
2.0957e-08
2.07052e-08
2.01263e-08
1.96164e-08
1.92784e-08
1.87014e-08
1.82559e-08
1.85436e-08
1.94743e-08
2.00908e-08
1.93171e-08
1.82439e-08
1.83233e-08
1.91477e-08
1.98044e-08
1.98295e-08
2.01354e-08
2.12734e-08
2.22329e-08
2.22855e-08
2.19223e-08
2.17004e-08
2.19854e-08
2.28304e-08
2.35462e-08
2.38927e-08
2.41375e-08
2.42602e-08
2.4213e-08
2.42431e-08
2.42838e-08
2.41604e-08
2.41061e-08
2.38079e-08
2.30718e-08
2.26185e-08
2.31017e-08
2.36329e-08
2.29192e-08
2.15701e-08
2.08621e-08
2.05641e-08
2.00045e-08
1.95046e-08
1.91488e-08
1.85951e-08
1.82348e-08
1.86114e-08
1.9604e-08
2.02624e-08
1.94493e-08
1.82917e-08
1.83384e-08
1.91752e-08
1.96682e-08
1.97126e-08
2.01254e-08
2.1304e-08
2.22398e-08
2.22545e-08
2.18027e-08
2.14936e-08
2.17129e-08
2.25557e-08
2.3351e-08
2.37421e-08
2.39272e-08
2.39497e-08
2.38755e-08
2.39226e-08
2.39798e-08
2.38792e-08
2.39273e-08
2.38722e-08
2.34119e-08
2.30314e-08
2.33478e-08
2.37322e-08
2.3021e-08
2.16854e-08
2.08623e-08
2.04203e-08
1.97963e-08
1.92852e-08
1.8917e-08
1.8415e-08
1.81469e-08
1.85688e-08
1.95864e-08
2.02645e-08
1.94701e-08
1.83078e-08
1.83422e-08
1.91339e-08
1.93498e-08
1.95174e-08
2.01685e-08
2.14752e-08
2.2351e-08
2.22418e-08
2.16424e-08
2.11988e-08
2.12505e-08
2.19623e-08
2.28247e-08
2.32855e-08
2.33961e-08
2.32914e-08
2.32044e-08
2.33339e-08
2.35324e-08
2.35829e-08
2.37899e-08
2.40203e-08
2.387e-08
2.35515e-08
2.36553e-08
2.38134e-08
2.30645e-08
2.17501e-08
2.08574e-08
2.02977e-08
1.96122e-08
1.90838e-08
1.87577e-08
1.83792e-08
1.8212e-08
1.86287e-08
1.95412e-08
2.01189e-08
1.93291e-08
1.81809e-08
1.81817e-08
1.88895e-08
1.89133e-08
1.92476e-08
2.02391e-08
2.18368e-08
2.27797e-08
2.24688e-08
2.15681e-08
2.09003e-08
2.07616e-08
2.13446e-08
2.22245e-08
2.27308e-08
2.28215e-08
2.2654e-08
2.25357e-08
2.27251e-08
2.31278e-08
2.33746e-08
2.36637e-08
2.40088e-08
2.40115e-08
2.37126e-08
2.36165e-08
2.35431e-08
2.27311e-08
2.1497e-08
2.06866e-08
2.01654e-08
1.94746e-08
1.89476e-08
1.86869e-08
1.84967e-08
1.84884e-08
1.89005e-08
1.96713e-08
2.00686e-08
1.91825e-08
1.79702e-08
1.7864e-08
1.84816e-08
1.82572e-08
1.86669e-08
1.99743e-08
2.20827e-08
2.33447e-08
2.28875e-08
2.16075e-08
2.06645e-08
2.04159e-08
2.09459e-08
2.17825e-08
2.22408e-08
2.22886e-08
2.20766e-08
2.18906e-08
2.2113e-08
2.27493e-08
2.32592e-08
2.35809e-08
2.37827e-08
2.37075e-08
2.33827e-08
2.31956e-08
2.29439e-08
2.20688e-08
2.09141e-08
2.0264e-08
1.989e-08
1.92438e-08
1.86984e-08
1.85112e-08
1.85419e-08
1.87566e-08
1.92231e-08
1.99275e-08
2.02042e-08
1.91846e-08
1.78036e-08
1.74679e-08
1.79068e-08
1.74602e-08
1.77062e-08
1.90153e-08
2.14732e-08
2.32804e-08
2.30981e-08
2.17679e-08
2.06301e-08
2.01981e-08
2.05164e-08
2.11838e-08
2.1573e-08
2.15914e-08
2.14282e-08
2.13486e-08
2.16433e-08
2.24448e-08
2.32069e-08
2.35163e-08
2.34024e-08
2.3016e-08
2.26337e-08
2.24885e-08
2.22533e-08
2.13893e-08
2.02765e-08
1.96486e-08
1.93079e-08
1.87285e-08
1.82337e-08
1.81623e-08
1.83901e-08
1.8778e-08
1.93219e-08
1.99789e-08
2.0211e-08
1.91542e-08
1.76601e-08
1.70666e-08
1.72539e-08
1.66702e-08
1.67043e-08
1.76408e-08
1.99978e-08
2.21713e-08
2.25491e-08
2.15789e-08
2.05217e-08
1.98893e-08
1.98788e-08
2.02969e-08
2.0543e-08
2.0564e-08
2.05671e-08
2.07096e-08
2.11775e-08
2.20834e-08
2.29949e-08
2.32796e-08
2.28982e-08
2.21706e-08
2.16413e-08
2.16079e-08
2.15176e-08
2.07405e-08
1.97062e-08
1.91133e-08
1.87502e-08
1.82015e-08
1.77605e-08
1.77619e-08
1.80571e-08
1.8434e-08
1.89012e-08
1.95423e-08
1.98331e-08
1.89022e-08
1.73896e-08
1.6597e-08
1.65788e-08
1.57628e-08
1.57544e-08
1.65465e-08
1.85256e-08
2.05792e-08
2.13286e-08
2.09032e-08
2.01743e-08
1.9508e-08
1.92975e-08
1.96443e-08
1.99856e-08
2.01176e-08
2.01486e-08
2.02023e-08
2.05265e-08
2.13745e-08
2.2332e-08
2.26878e-08
2.22773e-08
2.14605e-08
2.0858e-08
2.08864e-08
2.09543e-08
2.03308e-08
1.93476e-08
1.86592e-08
1.82527e-08
1.78565e-08
1.75634e-08
1.74781e-08
1.75996e-08
1.78087e-08
1.81161e-08
1.8724e-08
1.91851e-08
1.85817e-08
1.72306e-08
1.624e-08
1.58756e-08
1.4936e-08
1.48204e-08
1.55802e-08
1.72118e-08
1.89821e-08
1.98721e-08
1.99288e-08
1.96816e-08
1.92744e-08
1.91463e-08
1.95699e-08
2.00398e-08
2.02054e-08
2.01158e-08
1.99371e-08
1.99811e-08
2.05841e-08
2.14805e-08
2.194e-08
2.16584e-08
2.08354e-08
2.0176e-08
2.02129e-08
2.0425e-08
2.0023e-08
1.92106e-08
1.85033e-08
1.79378e-08
1.75408e-08
1.7373e-08
1.71993e-08
1.70106e-08
1.70286e-08
1.74024e-08
1.81159e-08
1.86801e-08
1.82925e-08
1.72047e-08
1.61895e-08
1.54633e-08
1.45528e-08
1.45286e-08
1.51098e-08
1.63113e-08
1.76867e-08
1.85464e-08
1.89353e-08
1.92397e-08
1.93008e-08
1.92522e-08
1.9537e-08
1.98892e-08
1.99244e-08
1.96624e-08
1.93151e-08
1.92473e-08
1.96863e-08
2.04079e-08
2.09403e-08
2.09782e-08
2.0507e-08
1.98982e-08
1.98159e-08
2.01853e-08
2.01582e-08
1.95628e-08
1.8728e-08
1.7859e-08
1.72192e-08
1.70937e-08
1.70644e-08
1.68276e-08
1.66228e-08
1.68256e-08
1.7476e-08
1.8037e-08
1.76741e-08
1.66158e-08
1.56491e-08
1.49761e-08
1.40169e-08
1.4148e-08
1.48726e-08
1.60026e-08
1.7121e-08
1.78803e-08
1.84612e-08
1.9077e-08
1.937e-08
1.9424e-08
1.9634e-08
1.97186e-08
1.94432e-08
1.89582e-08
1.84789e-08
1.82243e-08
1.84843e-08
1.91545e-08
1.97372e-08
1.98101e-08
1.94279e-08
1.89979e-08
1.89663e-08
1.93839e-08
1.96537e-08
1.93232e-08
1.8546e-08
1.77624e-08
1.73478e-08
1.74029e-08
1.7445e-08
1.72027e-08
1.69239e-08
1.67763e-08
1.69603e-08
1.73873e-08
1.73331e-08
1.65542e-08
1.54911e-08
1.45377e-08
1.40317e-08
1.39372e-08
1.45216e-08
1.54453e-08
1.64064e-08
1.71583e-08
1.78113e-08
1.852e-08
1.89726e-08
1.91605e-08
1.93983e-08
1.94371e-08
1.90148e-08
1.8331e-08
1.76714e-08
1.72976e-08
1.73788e-08
1.79707e-08
1.86739e-08
1.89802e-08
1.88797e-08
1.86144e-08
1.85263e-08
1.87934e-08
1.89656e-08
1.86793e-08
1.79401e-08
1.70772e-08
1.66163e-08
1.6768e-08
1.68644e-08
1.64678e-08
1.60932e-08
1.59987e-08
1.61499e-08
1.64814e-08
1.6643e-08
1.64136e-08
1.57911e-08
1.48301e-08
1.41393e-08
1.42514e-08
1.47737e-08
1.52659e-08
1.56173e-08
1.59621e-08
1.65396e-08
1.74713e-08
1.83492e-08
1.87999e-08
1.90011e-08
1.89207e-08
1.83821e-08
1.76222e-08
1.7001e-08
1.65761e-08
1.64179e-08
1.67747e-08
1.75094e-08
1.7961e-08
1.80314e-08
1.79972e-08
1.80445e-08
1.83034e-08
1.84913e-08
1.82387e-08
1.75785e-08
1.68217e-08
1.63734e-08
1.64303e-08
1.65867e-08
1.63601e-08
1.58803e-08
1.54397e-08
1.52418e-08
1.54003e-08
1.56476e-08
1.56877e-08
1.52919e-08
1.46167e-08
1.35495e-08
1.35975e-08
1.39312e-08
1.42196e-08
1.4456e-08
1.46811e-08
1.50866e-08
1.59476e-08
1.69485e-08
1.76389e-08
1.80766e-08
1.81758e-08
1.77901e-08
1.70557e-08
1.63628e-08
1.59521e-08
1.57514e-08
1.59211e-08
1.65272e-08
1.70863e-08
1.73943e-08
1.76099e-08
1.77599e-08
1.79378e-08
1.80002e-08
1.7753e-08
1.73256e-08
1.67928e-08
1.64058e-08
1.64154e-08
1.64534e-08
1.61809e-08
1.58006e-08
1.5509e-08
1.5312e-08
1.52258e-08
1.5228e-08
1.51271e-08
1.46862e-08
1.3994e-08
1.29716e-08
1.27063e-08
1.28372e-08
1.30593e-08
1.31534e-08
1.32406e-08
1.35684e-08
1.43596e-08
1.54896e-08
1.64936e-08
1.72075e-08
1.75044e-08
1.72435e-08
1.65824e-08
1.58527e-08
1.53603e-08
1.50219e-08
1.49551e-08
1.54125e-08
1.59883e-08
1.63614e-08
1.67315e-08
1.71193e-08
1.73407e-08
1.73395e-08
1.70806e-08
1.66313e-08
1.61329e-08
1.58082e-08
1.57685e-08
1.57859e-08
1.5559e-08
1.51743e-08
1.48544e-08
1.47225e-08
1.47134e-08
1.47365e-08
1.46639e-08
1.4295e-08
1.36136e-08
1.26519e-08
1.22814e-08
1.2267e-08
1.25193e-08
1.2792e-08
1.29845e-08
1.32205e-08
1.3756e-08
1.46224e-08
1.54989e-08
1.62089e-08
1.66542e-08
1.66445e-08
1.61652e-08
1.5491e-08
1.50612e-08
1.48542e-08
1.47005e-08
1.48905e-08
1.53572e-08
1.57191e-08
1.59993e-08
1.62528e-08
1.63787e-08
1.64079e-08
1.62832e-08
1.60137e-08
1.56532e-08
1.53108e-08
1.51541e-08
1.50788e-08
1.48506e-08
1.44852e-08
1.41559e-08
1.39854e-08
1.40177e-08
1.41293e-08
1.41347e-08
1.38534e-08
1.3263e-08
1.27384e-08
1.24958e-08
1.24097e-08
1.24952e-08
1.26573e-08
1.27929e-08
1.29764e-08
1.33825e-08
1.40216e-08
1.46611e-08
1.51806e-08
1.55657e-08
1.57747e-08
1.56356e-08
1.52146e-08
1.48738e-08
1.47051e-08
1.45414e-08
1.46047e-08
1.50057e-08
1.52897e-08
1.53459e-08
1.549e-08
1.56195e-08
1.56228e-08
1.55205e-08
1.53901e-08
1.52341e-08
1.50022e-08
1.47919e-08
1.45634e-08
1.42375e-08
1.3878e-08
1.35896e-08
1.34377e-08
1.35005e-08
1.36341e-08
1.36384e-08
1.34385e-08
1.30867e-08
1.3081e-08
1.28452e-08
1.26839e-08
1.27064e-08
1.28804e-08
1.30351e-08
1.31029e-08
1.31945e-08
1.34301e-08
1.37924e-08
1.42333e-08
1.47e-08
1.5086e-08
1.51947e-08
1.49729e-08
1.46874e-08
1.45527e-08
1.439e-08
1.42924e-08
1.44948e-08
1.47573e-08
1.48463e-08
1.48953e-08
1.49648e-08
1.49174e-08
1.48268e-08
1.47514e-08
1.47011e-08
1.45898e-08
1.44373e-08
1.42573e-08
1.39879e-08
1.36145e-08
1.32424e-08
1.29462e-08
1.28616e-08
1.30178e-08
1.32345e-08
1.33644e-08
1.32874e-08
1.2657e-08
1.26847e-08
1.26682e-08
1.26443e-08
1.26736e-08
1.27087e-08
1.27523e-08
1.29505e-08
1.32883e-08
1.36989e-08
1.41198e-08
1.44537e-08
1.46679e-08
1.47282e-08
1.46005e-08
1.43803e-08
1.42284e-08
1.41054e-08
1.40062e-08
1.40973e-08
1.42593e-08
1.42745e-08
1.42834e-08
1.44033e-08
1.45286e-08
1.45285e-08
1.44854e-08
1.44242e-08
1.42736e-08
1.41058e-08
1.40027e-08
1.38733e-08
1.36957e-08
1.34729e-08
1.32021e-08
1.2995e-08
1.28858e-08
1.28057e-08
1.27309e-08
1.2679e-08
1.263e-08
1.2576e-08
1.25352e-08
1.25229e-08
1.26409e-08
1.28082e-08
1.30298e-08
1.33287e-08
1.3626e-08
1.38941e-08
1.41907e-08
1.44318e-08
1.45476e-08
1.45604e-08
1.44611e-08
1.4237e-08
1.40086e-08
1.38237e-08
1.36711e-08
1.36333e-08
1.37497e-08
1.38884e-08
1.40042e-08
1.4223e-08
1.44838e-08
1.46198e-08
1.46106e-08
1.45261e-08
1.43379e-08
1.40931e-08
1.38905e-08
1.37035e-08
1.35076e-08
1.33402e-08
1.32116e-08
1.30965e-08
1.29638e-08
1.28431e-08
1.27802e-08
1.27092e-08
1.89274e-08
1.84278e-08
1.81356e-08
1.86571e-08
1.98493e-08
2.12596e-08
2.23737e-08
2.28942e-08
2.30469e-08
2.31216e-08
2.29987e-08
2.27263e-08
2.26006e-08
2.28335e-08
2.33074e-08
2.37966e-08
2.42818e-08
2.50514e-08
2.56938e-08
2.54609e-08
2.46074e-08
2.42906e-08
2.51741e-08
2.59689e-08
2.45023e-08
2.16136e-08
2.02999e-08
2.05727e-08
2.02118e-08
1.91711e-08
1.85853e-08
1.83371e-08
1.79924e-08
1.78067e-08
1.83162e-08
1.93368e-08
1.98064e-08
1.9471e-08
1.91345e-08
1.91076e-08
1.90261e-08
1.8514e-08
1.82071e-08
1.87204e-08
1.99144e-08
2.13362e-08
2.247e-08
2.30008e-08
2.3151e-08
2.32225e-08
2.31041e-08
2.28361e-08
2.27088e-08
2.29435e-08
2.34249e-08
2.39172e-08
2.44046e-08
2.51849e-08
2.58385e-08
2.56076e-08
2.47502e-08
2.44135e-08
2.52918e-08
2.61105e-08
2.46512e-08
2.17265e-08
2.03918e-08
2.06856e-08
2.03282e-08
1.92715e-08
1.86884e-08
1.84501e-08
1.80896e-08
1.78717e-08
1.83678e-08
1.93975e-08
1.988e-08
1.95425e-08
1.92121e-08
1.92019e-08
1.91741e-08
1.86436e-08
1.83154e-08
1.88331e-08
2.00551e-08
2.15072e-08
2.2672e-08
2.322e-08
2.33708e-08
2.34373e-08
2.33082e-08
2.3028e-08
2.28783e-08
2.30858e-08
2.35623e-08
2.40553e-08
2.4547e-08
2.53657e-08
2.60648e-08
2.5852e-08
2.50293e-08
2.47138e-08
2.55778e-08
2.64097e-08
2.49999e-08
2.20619e-08
2.06736e-08
2.09548e-08
2.05902e-08
1.94739e-08
1.88443e-08
1.86246e-08
1.82845e-08
1.8041e-08
1.84917e-08
1.95048e-08
1.9995e-08
1.96493e-08
1.9313e-08
1.93289e-08
1.92884e-08
1.88047e-08
1.84732e-08
1.89813e-08
2.02295e-08
2.17276e-08
2.29283e-08
2.35047e-08
2.36661e-08
2.37336e-08
2.35941e-08
2.32686e-08
2.30358e-08
2.31506e-08
2.35639e-08
2.4047e-08
2.45527e-08
2.54299e-08
2.62398e-08
2.61213e-08
2.54003e-08
2.51664e-08
2.60047e-08
2.68061e-08
2.5488e-08
2.26114e-08
2.11614e-08
2.13543e-08
2.09225e-08
1.97273e-08
1.90258e-08
1.88161e-08
1.85326e-08
1.83022e-08
1.87021e-08
1.96546e-08
2.00864e-08
1.96705e-08
1.93015e-08
1.93607e-08
1.92732e-08
1.89075e-08
1.86489e-08
1.91755e-08
2.04375e-08
2.19514e-08
2.31867e-08
2.38004e-08
2.4e-08
2.40859e-08
2.39277e-08
2.35211e-08
2.31162e-08
2.30244e-08
2.33324e-08
2.38685e-08
2.44606e-08
2.53834e-08
2.62746e-08
2.63098e-08
2.57915e-08
2.57414e-08
2.65456e-08
2.72321e-08
2.59783e-08
2.32136e-08
2.16932e-08
2.17214e-08
2.12002e-08
1.99479e-08
1.91931e-08
1.90146e-08
1.88277e-08
1.86241e-08
1.89577e-08
1.97995e-08
2.01356e-08
1.96201e-08
1.91788e-08
1.92497e-08
1.91905e-08
1.89016e-08
1.87414e-08
1.93577e-08
2.06733e-08
2.22052e-08
2.34463e-08
2.40703e-08
2.42824e-08
2.43752e-08
2.41853e-08
2.36443e-08
2.29988e-08
2.26688e-08
2.29142e-08
2.36119e-08
2.44187e-08
2.54047e-08
2.63206e-08
2.64872e-08
2.6215e-08
2.63695e-08
2.71048e-08
2.75566e-08
2.63043e-08
2.36874e-08
2.21363e-08
2.19822e-08
2.13475e-08
2.00715e-08
1.93143e-08
1.91698e-08
1.90617e-08
1.88653e-08
1.90952e-08
1.9821e-08
2.01049e-08
1.95642e-08
1.90911e-08
1.91447e-08
1.91501e-08
1.88683e-08
1.87312e-08
1.94292e-08
2.08276e-08
2.23686e-08
2.35574e-08
2.41379e-08
2.42843e-08
2.43244e-08
2.41028e-08
2.34569e-08
2.26405e-08
2.21918e-08
2.24795e-08
2.33918e-08
2.44721e-08
2.55807e-08
2.65186e-08
2.67775e-08
2.66821e-08
2.69253e-08
2.74569e-08
2.75726e-08
2.62893e-08
2.3938e-08
2.25254e-08
2.22389e-08
2.14708e-08
2.0155e-08
1.93783e-08
1.92436e-08
1.9162e-08
1.89383e-08
1.90415e-08
1.96118e-08
1.98768e-08
1.94406e-08
1.90358e-08
1.909e-08
1.91427e-08
1.88712e-08
1.87239e-08
1.94952e-08
2.09406e-08
2.23925e-08
2.34353e-08
2.38887e-08
2.39e-08
2.38404e-08
2.3619e-08
2.30327e-08
2.22371e-08
2.17446e-08
2.2054e-08
2.31236e-08
2.44357e-08
2.57435e-08
2.67854e-08
2.70634e-08
2.69332e-08
2.70575e-08
2.73646e-08
2.72837e-08
2.60453e-08
2.40117e-08
2.27944e-08
2.24062e-08
2.14728e-08
2.00982e-08
1.92719e-08
1.91586e-08
1.91585e-08
1.89876e-08
1.90045e-08
1.93622e-08
1.95333e-08
1.92287e-08
1.89635e-08
1.90566e-08
1.91231e-08
1.88798e-08
1.87196e-08
1.95872e-08
2.11128e-08
2.23655e-08
2.31032e-08
2.33712e-08
2.328e-08
2.31781e-08
2.30148e-08
2.25932e-08
2.19353e-08
2.1464e-08
2.17198e-08
2.27629e-08
2.41488e-08
2.55971e-08
2.66962e-08
2.68888e-08
2.65503e-08
2.64722e-08
2.67171e-08
2.66935e-08
2.56149e-08
2.37933e-08
2.26818e-08
2.22237e-08
2.12302e-08
1.98422e-08
1.89392e-08
1.88452e-08
1.90589e-08
1.91002e-08
1.90689e-08
1.91531e-08
1.90958e-08
1.88444e-08
1.87638e-08
1.89601e-08
1.89287e-08
1.87083e-08
1.86293e-08
1.97823e-08
2.15214e-08
2.25761e-08
2.29461e-08
2.29645e-08
2.27641e-08
2.26807e-08
2.26357e-08
2.23489e-08
2.17583e-08
2.12542e-08
2.14157e-08
2.2332e-08
2.36871e-08
2.5136e-08
2.61073e-08
2.60951e-08
2.54885e-08
2.52409e-08
2.55285e-08
2.56187e-08
2.46876e-08
2.31053e-08
2.22028e-08
2.18463e-08
2.09057e-08
1.95597e-08
1.86775e-08
1.8616e-08
1.90005e-08
1.92441e-08
1.92752e-08
1.91581e-08
1.88277e-08
1.85276e-08
1.85134e-08
1.87468e-08
1.86338e-08
1.83514e-08
1.8258e-08
1.96675e-08
2.17379e-08
2.27337e-08
2.27815e-08
2.25799e-08
2.23002e-08
2.2247e-08
2.23823e-08
2.23007e-08
2.16897e-08
2.10486e-08
2.10512e-08
2.17841e-08
2.29973e-08
2.43371e-08
2.5129e-08
2.48312e-08
2.39683e-08
2.36243e-08
2.39525e-08
2.41376e-08
2.33984e-08
2.2178e-08
2.15098e-08
2.12306e-08
2.03902e-08
1.92002e-08
1.84115e-08
1.83658e-08
1.88316e-08
1.92316e-08
1.93228e-08
1.90913e-08
1.85976e-08
1.82836e-08
1.83234e-08
1.85185e-08
1.8273e-08
1.78743e-08
1.74624e-08
1.87343e-08
2.10749e-08
2.23192e-08
2.22656e-08
2.18415e-08
2.14151e-08
2.13989e-08
2.1826e-08
2.2054e-08
2.14677e-08
2.07033e-08
2.05609e-08
2.1128e-08
2.21945e-08
2.34044e-08
2.4044e-08
2.3595e-08
2.25841e-08
2.21028e-08
2.24071e-08
2.26781e-08
2.2094e-08
2.1043e-08
2.04642e-08
2.02858e-08
1.96576e-08
1.87001e-08
1.8017e-08
1.79234e-08
1.82481e-08
1.84788e-08
1.84741e-08
1.82768e-08
1.79406e-08
1.77727e-08
1.79035e-08
1.81455e-08
1.78793e-08
1.73817e-08
1.6646e-08
1.75312e-08
1.98546e-08
2.1333e-08
2.14101e-08
2.10009e-08
2.05606e-08
2.05648e-08
2.11794e-08
2.16537e-08
2.12338e-08
2.04197e-08
2.00839e-08
2.04061e-08
2.12306e-08
2.23038e-08
2.29558e-08
2.2685e-08
2.17757e-08
2.12076e-08
2.14278e-08
2.17784e-08
2.13274e-08
2.03257e-08
1.96669e-08
1.94217e-08
1.89171e-08
1.81488e-08
1.75624e-08
1.73769e-08
1.74685e-08
1.74893e-08
1.74242e-08
1.73178e-08
1.71323e-08
1.7143e-08
1.74325e-08
1.77363e-08
1.73781e-08
1.68073e-08
1.58889e-08
1.64124e-08
1.84416e-08
1.99679e-08
2.02793e-08
2.0087e-08
1.98623e-08
2.00282e-08
2.06349e-08
2.10901e-08
2.08696e-08
2.02493e-08
1.98029e-08
1.98617e-08
2.04083e-08
2.1299e-08
2.19304e-08
2.17754e-08
2.10409e-08
2.04944e-08
2.06225e-08
2.09406e-08
2.06195e-08
1.97705e-08
1.90651e-08
1.86213e-08
1.80952e-08
1.75699e-08
1.72503e-08
1.71315e-08
1.70965e-08
1.69904e-08
1.69189e-08
1.69221e-08
1.67955e-08
1.67818e-08
1.70373e-08
1.72928e-08
1.69555e-08
1.65297e-08
1.57494e-08
1.58954e-08
1.72793e-08
1.86547e-08
1.9269e-08
1.95318e-08
1.96483e-08
1.98125e-08
2.01356e-08
2.02348e-08
1.99554e-08
1.94892e-08
1.91656e-08
1.92368e-08
1.97124e-08
2.04833e-08
2.1122e-08
2.10881e-08
2.05359e-08
1.99954e-08
1.99282e-08
2.01154e-08
1.9903e-08
1.92407e-08
1.8532e-08
1.78642e-08
1.73188e-08
1.70889e-08
1.71066e-08
1.71069e-08
1.70136e-08
1.68399e-08
1.67288e-08
1.67164e-08
1.66477e-08
1.66274e-08
1.67831e-08
1.69254e-08
1.61583e-08
1.56688e-08
1.51555e-08
1.54603e-08
1.664e-08
1.76794e-08
1.83466e-08
1.89318e-08
1.93224e-08
1.94649e-08
1.96255e-08
1.96334e-08
1.93098e-08
1.88872e-08
1.8662e-08
1.87419e-08
1.90967e-08
1.97373e-08
2.04371e-08
2.06139e-08
2.02767e-08
1.97974e-08
1.95851e-08
1.96478e-08
1.94982e-08
1.89841e-08
1.83173e-08
1.76503e-08
1.71466e-08
1.69909e-08
1.70885e-08
1.70333e-08
1.68587e-08
1.67471e-08
1.67347e-08
1.67121e-08
1.65078e-08
1.63457e-08
1.63829e-08
1.63815e-08
1.5463e-08
1.48501e-08
1.44094e-08
1.47947e-08
1.58154e-08
1.66534e-08
1.7252e-08
1.80095e-08
1.86059e-08
1.88698e-08
1.90598e-08
1.90978e-08
1.88501e-08
1.84784e-08
1.83052e-08
1.84735e-08
1.88282e-08
1.93698e-08
1.99717e-08
2.02006e-08
2.00019e-08
1.96793e-08
1.94303e-08
1.93434e-08
1.91571e-08
1.87128e-08
1.81381e-08
1.75644e-08
1.72017e-08
1.7261e-08
1.74117e-08
1.72128e-08
1.68253e-08
1.65556e-08
1.64678e-08
1.65044e-08
1.63994e-08
1.61409e-08
1.59501e-08
1.58156e-08
1.46204e-08
1.41308e-08
1.38351e-08
1.41742e-08
1.49756e-08
1.57039e-08
1.63479e-08
1.72235e-08
1.79925e-08
1.84224e-08
1.86608e-08
1.85312e-08
1.80883e-08
1.75948e-08
1.7308e-08
1.73076e-08
1.74976e-08
1.80186e-08
1.87802e-08
1.91704e-08
1.91009e-08
1.8952e-08
1.8795e-08
1.86715e-08
1.85749e-08
1.83183e-08
1.78406e-08
1.73321e-08
1.70135e-08
1.71035e-08
1.72899e-08
1.7132e-08
1.66696e-08
1.62213e-08
1.59133e-08
1.57823e-08
1.5692e-08
1.5557e-08
1.53434e-08
1.50274e-08
1.37923e-08
1.34116e-08
1.32223e-08
1.33382e-08
1.37789e-08
1.43794e-08
1.5113e-08
1.61369e-08
1.70677e-08
1.76012e-08
1.78242e-08
1.77515e-08
1.73801e-08
1.68446e-08
1.64106e-08
1.62584e-08
1.63219e-08
1.66438e-08
1.73254e-08
1.79107e-08
1.81412e-08
1.82391e-08
1.82839e-08
1.82237e-08
1.80969e-08
1.7861e-08
1.74663e-08
1.69365e-08
1.65047e-08
1.64601e-08
1.65884e-08
1.64939e-08
1.61626e-08
1.5791e-08
1.55119e-08
1.54028e-08
1.53901e-08
1.52534e-08
1.48411e-08
1.42894e-08
1.31283e-08
1.24602e-08
1.21707e-08
1.23979e-08
1.29203e-08
1.3394e-08
1.38299e-08
1.46199e-08
1.57021e-08
1.6568e-08
1.70443e-08
1.71763e-08
1.6863e-08
1.62752e-08
1.57371e-08
1.54697e-08
1.53989e-08
1.54802e-08
1.5979e-08
1.65983e-08
1.69081e-08
1.71399e-08
1.74113e-08
1.75141e-08
1.73932e-08
1.71776e-08
1.6846e-08
1.637e-08
1.59637e-08
1.57802e-08
1.57242e-08
1.55789e-08
1.53089e-08
1.50285e-08
1.48963e-08
1.49327e-08
1.50044e-08
1.49464e-08
1.45781e-08
1.3921e-08
1.2972e-08
1.24282e-08
1.21818e-08
1.23163e-08
1.26815e-08
1.30796e-08
1.35002e-08
1.41774e-08
1.51309e-08
1.59602e-08
1.64389e-08
1.66373e-08
1.65261e-08
1.61124e-08
1.56436e-08
1.53919e-08
1.53241e-08
1.52527e-08
1.54094e-08
1.58309e-08
1.61453e-08
1.63774e-08
1.66342e-08
1.67914e-08
1.6745e-08
1.65924e-08
1.63605e-08
1.60129e-08
1.56183e-08
1.53314e-08
1.5096e-08
1.48248e-08
1.45298e-08
1.4296e-08
1.42374e-08
1.43514e-08
1.44778e-08
1.44576e-08
1.41723e-08
1.36183e-08
1.28441e-08
1.245e-08
1.22265e-08
1.22715e-08
1.25109e-08
1.28293e-08
1.31835e-08
1.37092e-08
1.44661e-08
1.52022e-08
1.57032e-08
1.60196e-08
1.60774e-08
1.58019e-08
1.53258e-08
1.49488e-08
1.477e-08
1.46985e-08
1.48487e-08
1.53137e-08
1.56706e-08
1.58752e-08
1.61314e-08
1.63516e-08
1.63413e-08
1.61732e-08
1.59809e-08
1.56963e-08
1.53174e-08
1.49368e-08
1.455e-08
1.41622e-08
1.38432e-08
1.36403e-08
1.35548e-08
1.36417e-08
1.38305e-08
1.38903e-08
1.36917e-08
1.32976e-08
1.30677e-08
1.285e-08
1.26548e-08
1.26383e-08
1.27747e-08
1.29221e-08
1.30664e-08
1.32854e-08
1.36658e-08
1.41257e-08
1.45524e-08
1.49596e-08
1.52562e-08
1.52598e-08
1.4994e-08
1.46971e-08
1.45501e-08
1.44113e-08
1.4333e-08
1.45312e-08
1.4847e-08
1.50667e-08
1.52549e-08
1.54485e-08
1.55146e-08
1.54611e-08
1.53802e-08
1.52827e-08
1.50959e-08
1.48411e-08
1.45428e-08
1.41554e-08
1.37168e-08
1.33242e-08
1.30717e-08
1.30267e-08
1.317e-08
1.33239e-08
1.33356e-08
1.32427e-08
1.27301e-08
1.27462e-08
1.2744e-08
1.2764e-08
1.28192e-08
1.28494e-08
1.29068e-08
1.31084e-08
1.34287e-08
1.38169e-08
1.42171e-08
1.45656e-08
1.48185e-08
1.48632e-08
1.46844e-08
1.44184e-08
1.42017e-08
1.40742e-08
1.40057e-08
1.41117e-08
1.43371e-08
1.4446e-08
1.45053e-08
1.46759e-08
1.48507e-08
1.48789e-08
1.48346e-08
1.47711e-08
1.46195e-08
1.44387e-08
1.42926e-08
1.4083e-08
1.38354e-08
1.35832e-08
1.33035e-08
1.30689e-08
1.29418e-08
1.28536e-08
1.27828e-08
1.27341e-08
1.26649e-08
1.26225e-08
1.25952e-08
1.26442e-08
1.27887e-08
1.29821e-08
1.32007e-08
1.34631e-08
1.3735e-08
1.40182e-08
1.42976e-08
1.45007e-08
1.46065e-08
1.45879e-08
1.44559e-08
1.42301e-08
1.39877e-08
1.38165e-08
1.37106e-08
1.37114e-08
1.38476e-08
1.39902e-08
1.40945e-08
1.42703e-08
1.44991e-08
1.46034e-08
1.45953e-08
1.45799e-08
1.44583e-08
1.42586e-08
1.40691e-08
1.3897e-08
1.36982e-08
1.35413e-08
1.34023e-08
1.32671e-08
1.30951e-08
1.29398e-08
1.28384e-08
1.27503e-08
1.85173e-08
1.93286e-08
1.94883e-08
1.96871e-08
2.04044e-08
2.13576e-08
2.24775e-08
2.36187e-08
2.41941e-08
2.38801e-08
2.29637e-08
2.21838e-08
2.22488e-08
2.29809e-08
2.39327e-08
2.47835e-08
2.50664e-08
2.50634e-08
2.52321e-08
2.4972e-08
2.44786e-08
2.48962e-08
2.63703e-08
2.75692e-08
2.70699e-08
2.50632e-08
2.34365e-08
2.32762e-08
2.34537e-08
2.27252e-08
2.1624e-08
2.12704e-08
2.1997e-08
2.30154e-08
2.30787e-08
2.19482e-08
2.03675e-08
1.88794e-08
1.78211e-08
1.76747e-08
1.8629e-08
1.94478e-08
1.96001e-08
1.97863e-08
2.04983e-08
2.14544e-08
2.25767e-08
2.3724e-08
2.43037e-08
2.39907e-08
2.30708e-08
2.22829e-08
2.23408e-08
2.30728e-08
2.40324e-08
2.48976e-08
2.51867e-08
2.51792e-08
2.53545e-08
2.50968e-08
2.45871e-08
2.49959e-08
2.64836e-08
2.7718e-08
2.7247e-08
2.52294e-08
2.35723e-08
2.34104e-08
2.36113e-08
2.28881e-08
2.17696e-08
2.14014e-08
2.21341e-08
2.31722e-08
2.32584e-08
2.2138e-08
2.05408e-08
1.90184e-08
1.79354e-08
1.77815e-08
1.88082e-08
1.96486e-08
1.97985e-08
1.99781e-08
2.06946e-08
2.16447e-08
2.27665e-08
2.39334e-08
2.45425e-08
2.42317e-08
2.32956e-08
2.24914e-08
2.25484e-08
2.32752e-08
2.42333e-08
2.51155e-08
2.54202e-08
2.54219e-08
2.56257e-08
2.54007e-08
2.49046e-08
2.53158e-08
2.67886e-08
2.80256e-08
2.76222e-08
2.56547e-08
2.39628e-08
2.37586e-08
2.39513e-08
2.3223e-08
2.20906e-08
2.17001e-08
2.2422e-08
2.34651e-08
2.35268e-08
2.23661e-08
2.07529e-08
1.92384e-08
1.8137e-08
1.79518e-08
1.90252e-08
1.9873e-08
2.00295e-08
2.02362e-08
2.09869e-08
2.19333e-08
2.30053e-08
2.4164e-08
2.48102e-08
2.45308e-08
2.36011e-08
2.27761e-08
2.28164e-08
2.35422e-08
2.45075e-08
2.54191e-08
2.57529e-08
2.57695e-08
2.60101e-08
2.58632e-08
2.54372e-08
2.58785e-08
2.73029e-08
2.8491e-08
2.81351e-08
2.62373e-08
2.45207e-08
2.41971e-08
2.4321e-08
2.35992e-08
2.24986e-08
2.21158e-08
2.28023e-08
2.38044e-08
2.38168e-08
2.25634e-08
2.08716e-08
1.93872e-08
1.83619e-08
1.81895e-08
1.93129e-08
2.01315e-08
2.02758e-08
2.05333e-08
2.13577e-08
2.22905e-08
2.32654e-08
2.43456e-08
2.5022e-08
2.47942e-08
2.38748e-08
2.30339e-08
2.30623e-08
2.38111e-08
2.48054e-08
2.57764e-08
2.61985e-08
2.62428e-08
2.64757e-08
2.63788e-08
2.60223e-08
2.65018e-08
2.78535e-08
2.89135e-08
2.85112e-08
2.67177e-08
2.50308e-08
2.45755e-08
2.46257e-08
2.39826e-08
2.29901e-08
2.25946e-08
2.31627e-08
2.40142e-08
2.39622e-08
2.26645e-08
2.0883e-08
1.93921e-08
1.84992e-08
1.84514e-08
1.95347e-08
2.03497e-08
2.04693e-08
2.07767e-08
2.16849e-08
2.26119e-08
2.34727e-08
2.44405e-08
2.51386e-08
2.49886e-08
2.41166e-08
2.32705e-08
2.32627e-08
2.40305e-08
2.50701e-08
2.61129e-08
2.66548e-08
2.67553e-08
2.69428e-08
2.68155e-08
2.64312e-08
2.68701e-08
2.81269e-08
2.90235e-08
2.85987e-08
2.69666e-08
2.53937e-08
2.48409e-08
2.48337e-08
2.43105e-08
2.34491e-08
2.30221e-08
2.34085e-08
2.40702e-08
2.39652e-08
2.27274e-08
2.09356e-08
1.93952e-08
1.85403e-08
1.86178e-08
1.95447e-08
2.04558e-08
2.06131e-08
2.09426e-08
2.19027e-08
2.27983e-08
2.35389e-08
2.43664e-08
2.50243e-08
2.49418e-08
2.41695e-08
2.33759e-08
2.33287e-08
2.40552e-08
2.51207e-08
2.6277e-08
2.70234e-08
2.72205e-08
2.73677e-08
2.71624e-08
2.6646e-08
2.69025e-08
2.8022e-08
2.88137e-08
2.83592e-08
2.68702e-08
2.54912e-08
2.49977e-08
2.49894e-08
2.45427e-08
2.37394e-08
2.32938e-08
2.3545e-08
2.40483e-08
2.39595e-08
2.28965e-08
2.11651e-08
1.95185e-08
1.85491e-08
1.85632e-08
1.94284e-08
2.04691e-08
2.07153e-08
2.10605e-08
2.19863e-08
2.27833e-08
2.34055e-08
2.41177e-08
2.46728e-08
2.4575e-08
2.38903e-08
2.31458e-08
2.30697e-08
2.37225e-08
2.47773e-08
2.60736e-08
2.70892e-08
2.7473e-08
2.76695e-08
2.74037e-08
2.66454e-08
2.66338e-08
2.76251e-08
2.83503e-08
2.77887e-08
2.62433e-08
2.50305e-08
2.47215e-08
2.47368e-08
2.43079e-08
2.35848e-08
2.31771e-08
2.33618e-08
2.37725e-08
2.38235e-08
2.30464e-08
2.14859e-08
1.9804e-08
1.86562e-08
1.84782e-08
1.92713e-08
2.03668e-08
2.06209e-08
2.09423e-08
2.18778e-08
2.26355e-08
2.31388e-08
2.37184e-08
2.41662e-08
2.4055e-08
2.33908e-08
2.26428e-08
2.24745e-08
2.30711e-08
2.41256e-08
2.54617e-08
2.66273e-08
2.72617e-08
2.7615e-08
2.73664e-08
2.64349e-08
2.6141e-08
2.69209e-08
2.74979e-08
2.68034e-08
2.51611e-08
2.40177e-08
2.39028e-08
2.4003e-08
2.35948e-08
2.28991e-08
2.25377e-08
2.26593e-08
2.30189e-08
2.32117e-08
2.27559e-08
2.14742e-08
1.99377e-08
1.87082e-08
1.83547e-08
1.90889e-08
2.0052e-08
2.02425e-08
2.06619e-08
2.18004e-08
2.26436e-08
2.30092e-08
2.33377e-08
2.35346e-08
2.33263e-08
2.27919e-08
2.21333e-08
2.18048e-08
2.22447e-08
2.32715e-08
2.45335e-08
2.57071e-08
2.65688e-08
2.71172e-08
2.6904e-08
2.58894e-08
2.53631e-08
2.58824e-08
2.62697e-08
2.55161e-08
2.39048e-08
2.28428e-08
2.29342e-08
2.32135e-08
2.28495e-08
2.20942e-08
2.16773e-08
2.17379e-08
2.20544e-08
2.23634e-08
2.20888e-08
2.10004e-08
1.96957e-08
1.86354e-08
1.83024e-08
1.89402e-08
1.96987e-08
1.98051e-08
2.03249e-08
2.17195e-08
2.27293e-08
2.29788e-08
2.30344e-08
2.29382e-08
2.26804e-08
2.23574e-08
2.18337e-08
2.13705e-08
2.16192e-08
2.25228e-08
2.35891e-08
2.46559e-08
2.56352e-08
2.63452e-08
2.61711e-08
2.50738e-08
2.43938e-08
2.4876e-08
2.52547e-08
2.4442e-08
2.2824e-08
2.17802e-08
2.19373e-08
2.23079e-08
2.19817e-08
2.12503e-08
2.07653e-08
2.06775e-08
2.08852e-08
2.11767e-08
2.09518e-08
1.99497e-08
1.88416e-08
1.81469e-08
1.8137e-08
1.82972e-08
1.90005e-08
1.90889e-08
1.96227e-08
2.11163e-08
2.22784e-08
2.25237e-08
2.23156e-08
2.20462e-08
2.19446e-08
2.19468e-08
2.1548e-08
2.09322e-08
2.09385e-08
2.16813e-08
2.26218e-08
2.35742e-08
2.45055e-08
2.52532e-08
2.51372e-08
2.4003e-08
2.32512e-08
2.37644e-08
2.42876e-08
2.35131e-08
2.18361e-08
2.06621e-08
2.06442e-08
2.10157e-08
2.08592e-08
2.0229e-08
1.97541e-08
1.96036e-08
1.96229e-08
1.97297e-08
1.94896e-08
1.8688e-08
1.78328e-08
1.73827e-08
1.74921e-08
1.73759e-08
1.8058e-08
1.81409e-08
1.86146e-08
2.00586e-08
2.12243e-08
2.15489e-08
2.14372e-08
2.11313e-08
2.10493e-08
2.11928e-08
2.09895e-08
2.04106e-08
2.02373e-08
2.07584e-08
2.15117e-08
2.22768e-08
2.31463e-08
2.39958e-08
2.40545e-08
2.30855e-08
2.2272e-08
2.26079e-08
2.3136e-08
2.25681e-08
2.11433e-08
1.99969e-08
1.97398e-08
1.98651e-08
1.97172e-08
1.92679e-08
1.88987e-08
1.87171e-08
1.85522e-08
1.83951e-08
1.81446e-08
1.76047e-08
1.70697e-08
1.67894e-08
1.67961e-08
1.6934e-08
1.72631e-08
1.718e-08
1.75931e-08
1.89516e-08
2.00351e-08
2.03904e-08
2.0379e-08
2.01788e-08
2.00658e-08
2.02291e-08
2.0227e-08
1.98942e-08
1.96519e-08
1.98417e-08
2.02528e-08
2.07955e-08
2.16088e-08
2.25782e-08
2.28939e-08
2.21879e-08
2.13324e-08
2.13483e-08
2.16755e-08
2.12772e-08
2.01862e-08
1.92e-08
1.88554e-08
1.89599e-08
1.9088e-08
1.90082e-08
1.87481e-08
1.84479e-08
1.79819e-08
1.74894e-08
1.70969e-08
1.67096e-08
1.6489e-08
1.65122e-08
1.66095e-08
1.62308e-08
1.61886e-08
1.60294e-08
1.6476e-08
1.78077e-08
1.88581e-08
1.92147e-08
1.93726e-08
1.94324e-08
1.94275e-08
1.95304e-08
1.9493e-08
1.91847e-08
1.89632e-08
1.90031e-08
1.9256e-08
1.96816e-08
2.04197e-08
2.13422e-08
2.17226e-08
2.11848e-08
2.03558e-08
2.01022e-08
2.02441e-08
1.99412e-08
1.90698e-08
1.81845e-08
1.77453e-08
1.78121e-08
1.81481e-08
1.835e-08
1.82334e-08
1.78728e-08
1.72817e-08
1.66612e-08
1.62055e-08
1.58747e-08
1.58133e-08
1.6054e-08
1.61988e-08
1.5366e-08
1.49742e-08
1.46347e-08
1.51061e-08
1.64982e-08
1.7674e-08
1.81311e-08
1.83946e-08
1.86821e-08
1.89896e-08
1.93449e-08
1.93814e-08
1.91371e-08
1.8892e-08
1.87953e-08
1.8864e-08
1.90568e-08
1.95273e-08
2.03045e-08
2.07846e-08
2.04833e-08
1.97787e-08
1.93335e-08
1.9214e-08
1.89074e-08
1.83204e-08
1.77059e-08
1.72639e-08
1.71419e-08
1.73362e-08
1.74904e-08
1.73616e-08
1.70489e-08
1.65696e-08
1.60396e-08
1.55772e-08
1.51926e-08
1.5026e-08
1.52772e-08
1.55028e-08
1.49849e-08
1.43646e-08
1.36197e-08
1.37982e-08
1.50488e-08
1.62003e-08
1.67927e-08
1.7277e-08
1.77691e-08
1.82089e-08
1.86374e-08
1.87677e-08
1.85225e-08
1.82354e-08
1.80223e-08
1.80117e-08
1.81877e-08
1.85951e-08
1.92951e-08
1.98541e-08
1.98629e-08
1.94258e-08
1.8948e-08
1.86585e-08
1.83408e-08
1.79225e-08
1.74923e-08
1.70982e-08
1.69627e-08
1.71551e-08
1.73574e-08
1.72392e-08
1.68646e-08
1.63986e-08
1.59166e-08
1.55149e-08
1.51969e-08
1.49968e-08
1.50197e-08
1.51221e-08
1.41985e-08
1.37624e-08
1.33035e-08
1.34327e-08
1.43886e-08
1.53444e-08
1.58903e-08
1.64873e-08
1.71518e-08
1.76332e-08
1.79644e-08
1.79645e-08
1.76512e-08
1.73888e-08
1.73545e-08
1.74385e-08
1.75519e-08
1.7794e-08
1.84006e-08
1.90398e-08
1.92515e-08
1.90615e-08
1.86954e-08
1.83363e-08
1.79834e-08
1.7621e-08
1.72917e-08
1.69581e-08
1.68068e-08
1.6901e-08
1.70401e-08
1.69381e-08
1.65516e-08
1.60004e-08
1.54808e-08
1.51666e-08
1.50083e-08
1.48674e-08
1.47027e-08
1.44936e-08
1.33138e-08
1.3009e-08
1.29625e-08
1.32554e-08
1.39362e-08
1.46337e-08
1.51805e-08
1.58478e-08
1.65529e-08
1.69947e-08
1.72372e-08
1.72671e-08
1.69633e-08
1.66841e-08
1.66449e-08
1.67233e-08
1.67807e-08
1.69221e-08
1.73998e-08
1.80467e-08
1.8423e-08
1.8501e-08
1.83847e-08
1.81288e-08
1.78326e-08
1.7533e-08
1.72129e-08
1.68053e-08
1.64803e-08
1.63853e-08
1.63737e-08
1.62075e-08
1.58845e-08
1.54865e-08
1.51329e-08
1.4921e-08
1.48389e-08
1.47122e-08
1.43744e-08
1.38394e-08
1.29982e-08
1.2545e-08
1.24906e-08
1.2833e-08
1.34273e-08
1.40327e-08
1.45374e-08
1.51444e-08
1.59108e-08
1.64877e-08
1.67094e-08
1.66534e-08
1.62895e-08
1.58285e-08
1.56034e-08
1.56663e-08
1.58033e-08
1.59168e-08
1.62961e-08
1.694e-08
1.74487e-08
1.77727e-08
1.79258e-08
1.77877e-08
1.7472e-08
1.71589e-08
1.68335e-08
1.64518e-08
1.61029e-08
1.59175e-08
1.58004e-08
1.56085e-08
1.53313e-08
1.49715e-08
1.46823e-08
1.45684e-08
1.45361e-08
1.445e-08
1.41553e-08
1.36239e-08
1.30891e-08
1.27028e-08
1.2605e-08
1.28708e-08
1.33285e-08
1.38041e-08
1.42269e-08
1.4738e-08
1.54616e-08
1.60703e-08
1.63289e-08
1.63501e-08
1.61418e-08
1.57254e-08
1.54018e-08
1.53316e-08
1.53494e-08
1.53285e-08
1.54726e-08
1.58753e-08
1.62469e-08
1.65998e-08
1.69611e-08
1.70997e-08
1.69405e-08
1.66807e-08
1.64068e-08
1.60789e-08
1.57322e-08
1.54816e-08
1.52762e-08
1.50251e-08
1.47775e-08
1.45232e-08
1.43655e-08
1.43909e-08
1.44197e-08
1.43049e-08
1.39996e-08
1.35703e-08
1.28744e-08
1.25346e-08
1.23929e-08
1.25178e-08
1.27969e-08
1.31648e-08
1.36211e-08
1.4193e-08
1.48952e-08
1.55141e-08
1.58492e-08
1.59808e-08
1.58862e-08
1.5528e-08
1.50859e-08
1.48494e-08
1.47943e-08
1.47382e-08
1.48008e-08
1.51232e-08
1.54982e-08
1.58282e-08
1.62041e-08
1.64568e-08
1.64087e-08
1.61498e-08
1.58648e-08
1.55306e-08
1.52045e-08
1.49661e-08
1.47379e-08
1.44349e-08
1.41591e-08
1.39422e-08
1.38393e-08
1.39101e-08
1.40662e-08
1.40261e-08
1.37357e-08
1.33155e-08
1.29139e-08
1.26957e-08
1.25225e-08
1.25584e-08
1.27753e-08
1.30347e-08
1.32873e-08
1.35714e-08
1.39898e-08
1.44654e-08
1.48277e-08
1.51122e-08
1.5301e-08
1.52235e-08
1.49182e-08
1.46649e-08
1.45483e-08
1.44727e-08
1.44494e-08
1.45902e-08
1.48127e-08
1.49952e-08
1.52244e-08
1.55114e-08
1.5641e-08
1.55644e-08
1.54389e-08
1.52199e-08
1.49112e-08
1.46397e-08
1.44155e-08
1.41616e-08
1.38846e-08
1.36381e-08
1.34154e-08
1.33294e-08
1.3364e-08
1.33603e-08
1.32476e-08
1.30873e-08
1.25323e-08
1.24992e-08
1.25386e-08
1.26635e-08
1.28274e-08
1.29475e-08
1.31099e-08
1.33938e-08
1.37575e-08
1.41595e-08
1.44923e-08
1.47587e-08
1.49443e-08
1.49334e-08
1.47074e-08
1.44489e-08
1.42463e-08
1.40926e-08
1.39823e-08
1.40452e-08
1.42501e-08
1.43863e-08
1.45158e-08
1.47532e-08
1.497e-08
1.50067e-08
1.49368e-08
1.48507e-08
1.46885e-08
1.44954e-08
1.43579e-08
1.41969e-08
1.39686e-08
1.37264e-08
1.34574e-08
1.32258e-08
1.31027e-08
1.29709e-08
1.2794e-08
1.26347e-08
1.25209e-08
1.24556e-08
1.2484e-08
1.26042e-08
1.28238e-08
1.30711e-08
1.33275e-08
1.36197e-08
1.39141e-08
1.4219e-08
1.44993e-08
1.46682e-08
1.4734e-08
1.46631e-08
1.45014e-08
1.42692e-08
1.40082e-08
1.37999e-08
1.36537e-08
1.36396e-08
1.37909e-08
1.39563e-08
1.40989e-08
1.43072e-08
1.45666e-08
1.46813e-08
1.46971e-08
1.46889e-08
1.45811e-08
1.43561e-08
1.41658e-08
1.40135e-08
1.38227e-08
1.36545e-08
1.35092e-08
1.33611e-08
1.32087e-08
1.29997e-08
1.28066e-08
1.26518e-08
1.91864e-08
2.00839e-08
2.05294e-08
2.10646e-08
2.17501e-08
2.21752e-08
2.25656e-08
2.30886e-08
2.3374e-08
2.30853e-08
2.20984e-08
2.09898e-08
2.08585e-08
2.16497e-08
2.25725e-08
2.33777e-08
2.40179e-08
2.43329e-08
2.44095e-08
2.46236e-08
2.48368e-08
2.52998e-08
2.61986e-08
2.66992e-08
2.59755e-08
2.44644e-08
2.30444e-08
2.2298e-08
2.22345e-08
2.24396e-08
2.21858e-08
2.15185e-08
2.17376e-08
2.29653e-08
2.37284e-08
2.35075e-08
2.29608e-08
2.20465e-08
2.03709e-08
1.89858e-08
1.93128e-08
2.02292e-08
2.06812e-08
2.12202e-08
2.18929e-08
2.22938e-08
2.26721e-08
2.31967e-08
2.34918e-08
2.32122e-08
2.22256e-08
2.10984e-08
2.09509e-08
2.17411e-08
2.26681e-08
2.34811e-08
2.41352e-08
2.44622e-08
2.45375e-08
2.47511e-08
2.4969e-08
2.5432e-08
2.63411e-08
2.68525e-08
2.6116e-08
2.45848e-08
2.3154e-08
2.24043e-08
2.23415e-08
2.25523e-08
2.23087e-08
2.16447e-08
2.18694e-08
2.31166e-08
2.38974e-08
2.36838e-08
2.31402e-08
2.22146e-08
2.05165e-08
1.91089e-08
1.95885e-08
2.04627e-08
2.08685e-08
2.14058e-08
2.21228e-08
2.25326e-08
2.28643e-08
2.3367e-08
2.36858e-08
2.3436e-08
2.24605e-08
2.13156e-08
2.11474e-08
2.19446e-08
2.28948e-08
2.37253e-08
2.43996e-08
2.47486e-08
2.48369e-08
2.50663e-08
2.52881e-08
2.57328e-08
2.66405e-08
2.71662e-08
2.64224e-08
2.48692e-08
2.34088e-08
2.26351e-08
2.25769e-08
2.28229e-08
2.26163e-08
2.19691e-08
2.21754e-08
2.34011e-08
2.4191e-08
2.40186e-08
2.35551e-08
2.26849e-08
2.09529e-08
1.94514e-08
1.99303e-08
2.06478e-08
2.09127e-08
2.14362e-08
2.22448e-08
2.27517e-08
2.30911e-08
2.35612e-08
2.38983e-08
2.36889e-08
2.27489e-08
2.16276e-08
2.14676e-08
2.2277e-08
2.32583e-08
2.4126e-08
2.48296e-08
2.5187e-08
2.52635e-08
2.54672e-08
2.56716e-08
2.61382e-08
2.7104e-08
2.76483e-08
2.68762e-08
2.53109e-08
2.38289e-08
2.30232e-08
2.29486e-08
2.32033e-08
2.30869e-08
2.2517e-08
2.26222e-08
2.36818e-08
2.44287e-08
2.43168e-08
2.39419e-08
2.3162e-08
2.14743e-08
1.99143e-08
2.02437e-08
2.07869e-08
2.08586e-08
2.13327e-08
2.22189e-08
2.28321e-08
2.32063e-08
2.36856e-08
2.40535e-08
2.38835e-08
2.29704e-08
2.18931e-08
2.18186e-08
2.27019e-08
2.37083e-08
2.46043e-08
2.53334e-08
2.56482e-08
2.56296e-08
2.57817e-08
2.60079e-08
2.65508e-08
2.75898e-08
2.81434e-08
2.73599e-08
2.58475e-08
2.44027e-08
2.35396e-08
2.33974e-08
2.36215e-08
2.3572e-08
2.30858e-08
2.30196e-08
2.3749e-08
2.4336e-08
2.428e-08
2.40088e-08
2.33411e-08
2.17823e-08
2.02855e-08
2.04423e-08
2.08084e-08
2.069e-08
2.11182e-08
2.20439e-08
2.27064e-08
2.30808e-08
2.35398e-08
2.39281e-08
2.38498e-08
2.30601e-08
2.20973e-08
2.2135e-08
2.31383e-08
2.42486e-08
2.51751e-08
2.58519e-08
2.60556e-08
2.59228e-08
2.60529e-08
2.63235e-08
2.68318e-08
2.77706e-08
2.83403e-08
2.7677e-08
2.6277e-08
2.49141e-08
2.40288e-08
2.37761e-08
2.39013e-08
2.38673e-08
2.34542e-08
2.32461e-08
2.36271e-08
2.39537e-08
2.38614e-08
2.37071e-08
2.31893e-08
2.18401e-08
2.05095e-08
2.04132e-08
2.06277e-08
2.03564e-08
2.07475e-08
2.16917e-08
2.23887e-08
2.27605e-08
2.31586e-08
2.3508e-08
2.3536e-08
2.29861e-08
2.22128e-08
2.23029e-08
2.33211e-08
2.45047e-08
2.55675e-08
2.63292e-08
2.65143e-08
2.63534e-08
2.64331e-08
2.65588e-08
2.67426e-08
2.75329e-08
2.82583e-08
2.77963e-08
2.64708e-08
2.51672e-08
2.43391e-08
2.39788e-08
2.39624e-08
2.39052e-08
2.35419e-08
2.32453e-08
2.33399e-08
2.34084e-08
2.32284e-08
2.30908e-08
2.26645e-08
2.15591e-08
2.04612e-08
2.00909e-08
2.01409e-08
1.97592e-08
2.022e-08
2.13317e-08
2.2152e-08
2.25446e-08
2.27951e-08
2.29651e-08
2.3032e-08
2.27496e-08
2.22051e-08
2.23064e-08
2.32351e-08
2.4408e-08
2.56519e-08
2.66905e-08
2.70837e-08
2.69513e-08
2.68285e-08
2.66257e-08
2.64958e-08
2.71819e-08
2.79724e-08
2.75232e-08
2.61687e-08
2.49216e-08
2.41105e-08
2.36862e-08
2.35751e-08
2.35157e-08
2.32097e-08
2.28416e-08
2.27155e-08
2.25993e-08
2.24271e-08
2.2383e-08
2.20042e-08
2.10157e-08
2.01099e-08
1.97672e-08
1.96004e-08
1.90924e-08
1.96161e-08
2.083e-08
2.17188e-08
2.21364e-08
2.22537e-08
2.2235e-08
2.23369e-08
2.23502e-08
2.2019e-08
2.20823e-08
2.28513e-08
2.39343e-08
2.52137e-08
2.64808e-08
2.71319e-08
2.70441e-08
2.67064e-08
2.63008e-08
2.60473e-08
2.65459e-08
2.71683e-08
2.66676e-08
2.52357e-08
2.39621e-08
2.31863e-08
2.27996e-08
2.27443e-08
2.27465e-08
2.25346e-08
2.21855e-08
2.18877e-08
2.15859e-08
2.13901e-08
2.14352e-08
2.12423e-08
2.04096e-08
1.97292e-08
1.95604e-08
1.93667e-08
1.87908e-08
1.92475e-08
2.04625e-08
2.12844e-08
2.16024e-08
2.16021e-08
2.15518e-08
2.18314e-08
2.21626e-08
2.19613e-08
2.1846e-08
2.23381e-08
2.31452e-08
2.41764e-08
2.53863e-08
2.618e-08
2.62316e-08
2.58636e-08
2.53143e-08
2.48496e-08
2.51187e-08
2.57403e-08
2.54477e-08
2.41303e-08
2.28097e-08
2.20668e-08
2.18515e-08
2.19714e-08
2.2038e-08
2.19189e-08
2.16849e-08
2.12795e-08
2.08196e-08
2.06204e-08
2.07346e-08
2.06814e-08
2.01108e-08
1.95809e-08
1.96843e-08
1.9582e-08
1.9018e-08
1.93291e-08
2.04181e-08
2.11493e-08
2.13311e-08
2.11575e-08
2.11251e-08
2.1638e-08
2.2156e-08
2.19024e-08
2.15599e-08
2.18906e-08
2.24938e-08
2.314e-08
2.39726e-08
2.47001e-08
2.49414e-08
2.47212e-08
2.406e-08
2.33878e-08
2.35588e-08
2.43168e-08
2.43935e-08
2.33976e-08
2.21176e-08
2.13582e-08
2.12471e-08
2.14359e-08
2.14822e-08
2.13689e-08
2.10765e-08
2.04224e-08
1.97252e-08
1.94782e-08
1.97264e-08
1.9919e-08
1.969e-08
1.94722e-08
1.928e-08
1.90831e-08
1.88381e-08
1.93897e-08
2.04898e-08
2.10889e-08
2.11748e-08
2.09261e-08
2.08441e-08
2.14799e-08
2.21258e-08
2.1827e-08
2.12839e-08
2.14372e-08
2.18826e-08
2.2262e-08
2.27408e-08
2.32423e-08
2.34641e-08
2.33463e-08
2.27434e-08
2.20584e-08
2.21123e-08
2.27582e-08
2.30313e-08
2.24338e-08
2.1345e-08
2.04973e-08
2.03037e-08
2.05223e-08
2.0519e-08
2.02876e-08
1.99396e-08
1.92911e-08
1.85212e-08
1.81455e-08
1.84158e-08
1.90931e-08
1.95228e-08
1.94579e-08
1.85279e-08
1.81118e-08
1.82403e-08
1.93198e-08
2.07803e-08
2.13281e-08
2.11104e-08
2.06874e-08
2.04717e-08
2.10231e-08
2.16793e-08
2.15715e-08
2.11249e-08
2.11038e-08
2.13218e-08
2.1517e-08
2.18226e-08
2.22303e-08
2.25935e-08
2.26142e-08
2.20912e-08
2.14213e-08
2.13495e-08
2.17786e-08
2.19595e-08
2.15339e-08
2.07551e-08
2.00127e-08
1.96584e-08
1.97695e-08
1.98235e-08
1.95824e-08
1.9157e-08
1.84675e-08
1.76355e-08
1.71356e-08
1.73964e-08
1.8406e-08
1.9363e-08
1.92681e-08
1.83261e-08
1.77902e-08
1.76231e-08
1.83791e-08
1.97647e-08
2.05666e-08
2.05372e-08
2.0146e-08
1.97828e-08
2.00187e-08
2.05458e-08
2.06157e-08
2.03596e-08
2.02951e-08
2.03985e-08
2.0464e-08
2.06422e-08
2.11238e-08
2.1787e-08
2.20675e-08
2.16265e-08
2.09948e-08
2.08369e-08
2.10916e-08
2.1123e-08
2.07425e-08
2.01142e-08
1.93823e-08
1.89658e-08
1.90607e-08
1.92536e-08
1.92102e-08
1.89055e-08
1.81643e-08
1.71745e-08
1.64791e-08
1.66049e-08
1.7656e-08
1.88255e-08
1.89937e-08
1.7814e-08
1.70445e-08
1.64251e-08
1.67749e-08
1.80635e-08
1.91956e-08
1.96785e-08
1.96038e-08
1.92404e-08
1.92368e-08
1.96382e-08
1.974e-08
1.95554e-08
1.95083e-08
1.96465e-08
1.97101e-08
1.9774e-08
2.02035e-08
2.09949e-08
2.14409e-08
2.10117e-08
2.02396e-08
1.99043e-08
1.99633e-08
1.98994e-08
1.96322e-08
1.91449e-08
1.84268e-08
1.79752e-08
1.82029e-08
1.86034e-08
1.86351e-08
1.83343e-08
1.76637e-08
1.67672e-08
1.59765e-08
1.58347e-08
1.65588e-08
1.76311e-08
1.81635e-08
1.67274e-08
1.60758e-08
1.5287e-08
1.53579e-08
1.6599e-08
1.79832e-08
1.87722e-08
1.90564e-08
1.89317e-08
1.88537e-08
1.90752e-08
1.91048e-08
1.88443e-08
1.86413e-08
1.86613e-08
1.86958e-08
1.86287e-08
1.88555e-08
1.97141e-08
2.05682e-08
2.0567e-08
1.98999e-08
1.93311e-08
1.90562e-08
1.87977e-08
1.86005e-08
1.83278e-08
1.77485e-08
1.72705e-08
1.73994e-08
1.77571e-08
1.77195e-08
1.74374e-08
1.6937e-08
1.62308e-08
1.5451e-08
1.50547e-08
1.53642e-08
1.61415e-08
1.67539e-08
1.54423e-08
1.50455e-08
1.45038e-08
1.46034e-08
1.56746e-08
1.69682e-08
1.78718e-08
1.8529e-08
1.87528e-08
1.86436e-08
1.85916e-08
1.83608e-08
1.79688e-08
1.76019e-08
1.73032e-08
1.71155e-08
1.70134e-08
1.72323e-08
1.80171e-08
1.88843e-08
1.9081e-08
1.87009e-08
1.833e-08
1.81412e-08
1.78947e-08
1.76688e-08
1.74429e-08
1.69714e-08
1.65836e-08
1.66988e-08
1.69752e-08
1.69636e-08
1.66798e-08
1.62626e-08
1.56862e-08
1.50557e-08
1.46664e-08
1.4706e-08
1.50621e-08
1.54062e-08
1.46345e-08
1.41893e-08
1.38802e-08
1.41262e-08
1.50079e-08
1.60853e-08
1.69022e-08
1.75765e-08
1.80665e-08
1.81473e-08
1.80189e-08
1.77646e-08
1.73688e-08
1.70581e-08
1.67878e-08
1.6573e-08
1.63801e-08
1.63821e-08
1.69337e-08
1.77093e-08
1.8058e-08
1.79763e-08
1.77723e-08
1.7524e-08
1.72239e-08
1.70597e-08
1.69189e-08
1.65745e-08
1.62377e-08
1.63268e-08
1.66446e-08
1.67251e-08
1.64346e-08
1.59266e-08
1.53713e-08
1.49136e-08
1.46792e-08
1.47219e-08
1.48589e-08
1.48787e-08
1.37879e-08
1.35077e-08
1.35369e-08
1.38942e-08
1.45476e-08
1.52928e-08
1.5905e-08
1.65127e-08
1.71026e-08
1.73193e-08
1.72369e-08
1.70301e-08
1.67201e-08
1.6485e-08
1.63464e-08
1.6215e-08
1.60843e-08
1.60761e-08
1.6451e-08
1.7003e-08
1.72776e-08
1.73255e-08
1.73521e-08
1.72736e-08
1.70311e-08
1.68018e-08
1.65862e-08
1.62519e-08
1.59387e-08
1.58933e-08
1.60344e-08
1.6083e-08
1.59252e-08
1.55872e-08
1.51946e-08
1.4834e-08
1.4619e-08
1.45517e-08
1.44395e-08
1.41592e-08
1.33572e-08
1.31179e-08
1.32139e-08
1.35971e-08
1.41363e-08
1.47531e-08
1.52966e-08
1.57979e-08
1.63523e-08
1.67133e-08
1.67154e-08
1.65471e-08
1.62518e-08
1.59391e-08
1.57675e-08
1.57389e-08
1.5765e-08
1.58346e-08
1.61994e-08
1.6772e-08
1.70999e-08
1.71454e-08
1.71422e-08
1.70564e-08
1.68219e-08
1.66171e-08
1.64033e-08
1.60344e-08
1.5643e-08
1.54477e-08
1.54479e-08
1.5456e-08
1.53379e-08
1.50757e-08
1.475e-08
1.45045e-08
1.43244e-08
1.42025e-08
1.40275e-08
1.3724e-08
1.29126e-08
1.26192e-08
1.26421e-08
1.30156e-08
1.35584e-08
1.42188e-08
1.48461e-08
1.54147e-08
1.605e-08
1.64914e-08
1.64825e-08
1.62989e-08
1.60555e-08
1.57506e-08
1.54934e-08
1.53564e-08
1.53124e-08
1.53068e-08
1.55235e-08
1.59802e-08
1.63076e-08
1.64822e-08
1.66797e-08
1.67714e-08
1.66108e-08
1.63533e-08
1.60623e-08
1.56895e-08
1.53321e-08
1.51411e-08
1.50666e-08
1.50454e-08
1.49713e-08
1.47719e-08
1.45063e-08
1.43466e-08
1.42207e-08
1.40158e-08
1.37152e-08
1.33202e-08
1.27178e-08
1.23864e-08
1.23275e-08
1.2592e-08
1.30317e-08
1.35649e-08
1.41446e-08
1.46901e-08
1.52789e-08
1.58136e-08
1.60003e-08
1.59398e-08
1.57874e-08
1.55214e-08
1.52535e-08
1.5139e-08
1.51099e-08
1.50233e-08
1.50456e-08
1.53246e-08
1.56994e-08
1.60189e-08
1.63516e-08
1.65636e-08
1.64524e-08
1.61574e-08
1.58306e-08
1.54571e-08
1.50941e-08
1.48832e-08
1.47837e-08
1.47022e-08
1.464e-08
1.44764e-08
1.42202e-08
1.40613e-08
1.39654e-08
1.37929e-08
1.35017e-08
1.31138e-08
1.28244e-08
1.25454e-08
1.23839e-08
1.25074e-08
1.28378e-08
1.32203e-08
1.36065e-08
1.39354e-08
1.42997e-08
1.46711e-08
1.48836e-08
1.49904e-08
1.50636e-08
1.49848e-08
1.47862e-08
1.46808e-08
1.46663e-08
1.46349e-08
1.45789e-08
1.46173e-08
1.47616e-08
1.49506e-08
1.52484e-08
1.56081e-08
1.57723e-08
1.56988e-08
1.54652e-08
1.51345e-08
1.47759e-08
1.45404e-08
1.44013e-08
1.42597e-08
1.41334e-08
1.39519e-08
1.37039e-08
1.35157e-08
1.34349e-08
1.33535e-08
1.32252e-08
1.30607e-08
1.24926e-08
1.24068e-08
1.24149e-08
1.25633e-08
1.27893e-08
1.3046e-08
1.33587e-08
1.36981e-08
1.40463e-08
1.43736e-08
1.46015e-08
1.47671e-08
1.49143e-08
1.49163e-08
1.47472e-08
1.45587e-08
1.43827e-08
1.41999e-08
1.40534e-08
1.40341e-08
1.41661e-08
1.43112e-08
1.45057e-08
1.48283e-08
1.51185e-08
1.51932e-08
1.50917e-08
1.49536e-08
1.47329e-08
1.44852e-08
1.42993e-08
1.41023e-08
1.38715e-08
1.36423e-08
1.3397e-08
1.32031e-08
1.31088e-08
1.29836e-08
1.28042e-08
1.26375e-08
1.2379e-08
1.22808e-08
1.23238e-08
1.25097e-08
1.28049e-08
1.31116e-08
1.34344e-08
1.37578e-08
1.40593e-08
1.43647e-08
1.46059e-08
1.47601e-08
1.48234e-08
1.47618e-08
1.46125e-08
1.4422e-08
1.41652e-08
1.39349e-08
1.37698e-08
1.37222e-08
1.38573e-08
1.40312e-08
1.41607e-08
1.43854e-08
1.46426e-08
1.4754e-08
1.47556e-08
1.47446e-08
1.46256e-08
1.44004e-08
1.42142e-08
1.40331e-08
1.38235e-08
1.36245e-08
1.34726e-08
1.33303e-08
1.3193e-08
1.29841e-08
1.27543e-08
1.25522e-08
1.80642e-08
1.90405e-08
2.0365e-08
2.13854e-08
2.14979e-08
2.09627e-08
2.09334e-08
2.16177e-08
2.19447e-08
2.17847e-08
2.17104e-08
2.20211e-08
2.25126e-08
2.24943e-08
2.18748e-08
2.14153e-08
2.14524e-08
2.20734e-08
2.31287e-08
2.37728e-08
2.36469e-08
2.36738e-08
2.41617e-08
2.40577e-08
2.30698e-08
2.21501e-08
2.18174e-08
2.16418e-08
2.12736e-08
2.07381e-08
2.00748e-08
1.97043e-08
2.02608e-08
2.16954e-08
2.28532e-08
2.27198e-08
2.18513e-08
2.10421e-08
1.97932e-08
1.83411e-08
1.81882e-08
1.91671e-08
2.0505e-08
2.1537e-08
2.16408e-08
2.10785e-08
2.10257e-08
2.17037e-08
2.20313e-08
2.18782e-08
2.18199e-08
2.21453e-08
2.26523e-08
2.26448e-08
2.20134e-08
2.15318e-08
2.15504e-08
2.21671e-08
2.32378e-08
2.38977e-08
2.37703e-08
2.38018e-08
2.43145e-08
2.4226e-08
2.32287e-08
2.23017e-08
2.19704e-08
2.17973e-08
2.14221e-08
2.08722e-08
2.01934e-08
1.98095e-08
2.03674e-08
2.18163e-08
2.29907e-08
2.28606e-08
2.19891e-08
2.11904e-08
1.99457e-08
1.84775e-08
1.85195e-08
1.94865e-08
2.08264e-08
2.18856e-08
2.19977e-08
2.13802e-08
2.12652e-08
2.19435e-08
2.23019e-08
2.21616e-08
2.21073e-08
2.24387e-08
2.2949e-08
2.29449e-08
2.22861e-08
2.17529e-08
2.17263e-08
2.23437e-08
2.34625e-08
2.41627e-08
2.40273e-08
2.40549e-08
2.46165e-08
2.45693e-08
2.35607e-08
2.26292e-08
2.23198e-08
2.21602e-08
2.17602e-08
2.1165e-08
2.04503e-08
2.00477e-08
2.06068e-08
2.2091e-08
2.33219e-08
2.32206e-08
2.23594e-08
2.15829e-08
2.03468e-08
1.88407e-08
1.90493e-08
1.99413e-08
2.12589e-08
2.23328e-08
2.24446e-08
2.17815e-08
2.16168e-08
2.23094e-08
2.27296e-08
2.26218e-08
2.25641e-08
2.28684e-08
2.33364e-08
2.32848e-08
2.25905e-08
2.20082e-08
2.19215e-08
2.25565e-08
2.37587e-08
2.45306e-08
2.4386e-08
2.43786e-08
2.49887e-08
2.50012e-08
2.39717e-08
2.30103e-08
2.27192e-08
2.25889e-08
2.21881e-08
2.15804e-08
2.08666e-08
2.04555e-08
2.09899e-08
2.24803e-08
2.37929e-08
2.37957e-08
2.29996e-08
2.22789e-08
2.10614e-08
1.94781e-08
1.96246e-08
2.03317e-08
2.16175e-08
2.27819e-08
2.29384e-08
2.21829e-08
2.19041e-08
2.25897e-08
2.31414e-08
2.31476e-08
2.31001e-08
2.33618e-08
2.37456e-08
2.35873e-08
2.28332e-08
2.22156e-08
2.20831e-08
2.27675e-08
2.40839e-08
2.4925e-08
2.47527e-08
2.46813e-08
2.53196e-08
2.53965e-08
2.43528e-08
2.33565e-08
2.30733e-08
2.29804e-08
2.26146e-08
2.20167e-08
2.13354e-08
2.09606e-08
2.14669e-08
2.28974e-08
2.4257e-08
2.439e-08
2.37515e-08
2.31372e-08
2.19532e-08
2.02687e-08
2.00605e-08
2.0571e-08
2.18625e-08
2.31919e-08
2.34629e-08
2.26102e-08
2.20901e-08
2.2607e-08
2.3275e-08
2.35475e-08
2.36545e-08
2.38801e-08
2.41353e-08
2.38573e-08
2.30362e-08
2.23795e-08
2.21941e-08
2.29803e-08
2.45204e-08
2.5435e-08
2.51387e-08
2.4904e-08
2.55208e-08
2.56922e-08
2.47156e-08
2.37411e-08
2.34618e-08
2.33448e-08
2.29275e-08
2.23056e-08
2.16634e-08
2.13473e-08
2.18565e-08
2.32312e-08
2.46011e-08
2.48622e-08
2.43727e-08
2.39223e-08
2.28112e-08
2.09855e-08
2.0489e-08
2.06778e-08
2.19018e-08
2.33943e-08
2.38439e-08
2.29665e-08
2.21418e-08
2.23045e-08
2.29428e-08
2.35772e-08
2.40869e-08
2.44103e-08
2.45044e-08
2.40335e-08
2.31429e-08
2.2513e-08
2.23019e-08
2.31529e-08
2.50263e-08
2.6188e-08
2.57731e-08
2.52409e-08
2.56545e-08
2.58205e-08
2.48921e-08
2.39798e-08
2.38178e-08
2.37481e-08
2.31848e-08
2.23686e-08
2.16706e-08
2.14143e-08
2.19397e-08
2.32664e-08
2.46456e-08
2.50373e-08
2.47135e-08
2.44378e-08
2.35014e-08
2.16859e-08
2.09363e-08
2.06096e-08
2.154e-08
2.30892e-08
2.37901e-08
2.30998e-08
2.21013e-08
2.17969e-08
2.21828e-08
2.3086e-08
2.40823e-08
2.47065e-08
2.47894e-08
2.41336e-08
2.31054e-08
2.25087e-08
2.23433e-08
2.31512e-08
2.51365e-08
2.6548e-08
2.61677e-08
2.5393e-08
2.54973e-08
2.55572e-08
2.46703e-08
2.3795e-08
2.37008e-08
2.3663e-08
2.30486e-08
2.21153e-08
2.13646e-08
2.11621e-08
2.17295e-08
2.29895e-08
2.43376e-08
2.49064e-08
2.48125e-08
2.47506e-08
2.41036e-08
2.241e-08
2.1549e-08
2.06392e-08
2.09683e-08
2.23657e-08
2.32703e-08
2.28512e-08
2.18403e-08
2.11312e-08
2.11765e-08
2.22118e-08
2.36161e-08
2.45686e-08
2.47739e-08
2.40788e-08
2.28873e-08
2.21743e-08
2.20162e-08
2.26766e-08
2.44824e-08
2.59429e-08
2.57261e-08
2.4924e-08
2.48055e-08
2.474e-08
2.39447e-08
2.31885e-08
2.31207e-08
2.30787e-08
2.24264e-08
2.14701e-08
2.07748e-08
2.06506e-08
2.12311e-08
2.24562e-08
2.38185e-08
2.44887e-08
2.45651e-08
2.47042e-08
2.44131e-08
2.30646e-08
2.20476e-08
2.0706e-08
2.04305e-08
2.14748e-08
2.24304e-08
2.22545e-08
2.12997e-08
2.04012e-08
2.0289e-08
2.13984e-08
2.2906e-08
2.3857e-08
2.41149e-08
2.35273e-08
2.23489e-08
2.15132e-08
2.1268e-08
2.18371e-08
2.34876e-08
2.48628e-08
2.47222e-08
2.3879e-08
2.35796e-08
2.34626e-08
2.28903e-08
2.2426e-08
2.24723e-08
2.24463e-08
2.18502e-08
2.09738e-08
2.02801e-08
2.01707e-08
2.08296e-08
2.223e-08
2.36856e-08
2.42759e-08
2.43401e-08
2.4713e-08
2.47735e-08
2.366e-08
2.22824e-08
2.07573e-08
2.02307e-08
2.10268e-08
2.18962e-08
2.18179e-08
2.09261e-08
2.00155e-08
2.00206e-08
2.11483e-08
2.23668e-08
2.29692e-08
2.31425e-08
2.26997e-08
2.16612e-08
2.08649e-08
2.05519e-08
2.09903e-08
2.25215e-08
2.39099e-08
2.38736e-08
2.30473e-08
2.26649e-08
2.25321e-08
2.20983e-08
2.1883e-08
2.20847e-08
2.20646e-08
2.15268e-08
2.07649e-08
2.00384e-08
1.98023e-08
2.04461e-08
2.18821e-08
2.32996e-08
2.39349e-08
2.41151e-08
2.46503e-08
2.49892e-08
2.403e-08
2.15538e-08
2.00884e-08
1.96645e-08
2.04597e-08
2.13306e-08
2.13647e-08
2.05412e-08
1.95365e-08
1.95647e-08
2.0789e-08
2.19163e-08
2.23568e-08
2.25385e-08
2.22684e-08
2.13779e-08
2.05936e-08
2.01798e-08
2.03236e-08
2.15714e-08
2.29606e-08
2.31441e-08
2.25435e-08
2.22496e-08
2.2106e-08
2.16478e-08
2.14764e-08
2.17097e-08
2.16521e-08
2.11548e-08
2.05552e-08
1.98387e-08
1.93255e-08
1.95774e-08
2.07278e-08
2.20033e-08
2.26907e-08
2.30941e-08
2.37413e-08
2.40584e-08
2.32147e-08
2.0393e-08
1.92011e-08
1.90214e-08
2.00415e-08
2.10235e-08
2.09637e-08
2.00191e-08
1.88135e-08
1.85775e-08
1.97933e-08
2.11132e-08
2.16163e-08
2.18382e-08
2.18694e-08
2.13514e-08
2.07415e-08
2.0299e-08
2.02023e-08
2.09328e-08
2.20088e-08
2.2299e-08
2.19942e-08
2.1852e-08
2.1661e-08
2.11514e-08
2.0922e-08
2.10645e-08
2.09099e-08
2.0426e-08
1.99998e-08
1.94585e-08
1.87784e-08
1.85811e-08
1.92636e-08
2.0357e-08
2.10907e-08
2.16163e-08
2.23339e-08
2.26402e-08
2.18641e-08
1.89582e-08
1.84126e-08
1.84741e-08
1.93699e-08
2.03488e-08
2.04402e-08
1.95527e-08
1.82273e-08
1.76029e-08
1.84206e-08
1.96387e-08
2.03105e-08
2.07884e-08
2.10868e-08
2.08767e-08
2.0529e-08
2.02111e-08
1.99437e-08
2.01974e-08
2.09133e-08
2.12153e-08
2.11674e-08
2.11899e-08
2.09762e-08
2.04487e-08
2.01811e-08
2.01766e-08
1.97836e-08
1.91523e-08
1.88414e-08
1.85872e-08
1.80993e-08
1.76428e-08
1.77827e-08
1.84075e-08
1.89539e-08
1.94839e-08
2.02099e-08
2.05307e-08
1.98874e-08
1.77715e-08
1.73283e-08
1.73139e-08
1.80736e-08
1.92229e-08
1.97545e-08
1.92261e-08
1.80267e-08
1.72965e-08
1.78392e-08
1.87996e-08
1.93472e-08
1.9787e-08
2.01642e-08
2.01386e-08
1.99508e-08
1.97823e-08
1.95205e-08
1.96233e-08
2.01932e-08
2.03957e-08
2.02946e-08
2.03526e-08
2.02854e-08
1.98431e-08
1.95159e-08
1.9281e-08
1.86354e-08
1.79345e-08
1.77594e-08
1.77738e-08
1.75338e-08
1.71143e-08
1.69972e-08
1.72069e-08
1.74432e-08
1.7808e-08
1.84029e-08
1.87458e-08
1.83815e-08
1.64531e-08
1.60424e-08
1.59359e-08
1.64467e-08
1.75129e-08
1.8329e-08
1.83188e-08
1.76326e-08
1.70405e-08
1.72479e-08
1.78521e-08
1.82228e-08
1.84733e-08
1.87412e-08
1.88697e-08
1.88698e-08
1.87633e-08
1.85287e-08
1.85985e-08
1.90532e-08
1.92524e-08
1.91627e-08
1.91707e-08
1.91587e-08
1.89312e-08
1.8773e-08
1.85428e-08
1.78636e-08
1.72372e-08
1.72842e-08
1.76062e-08
1.76294e-08
1.72508e-08
1.68939e-08
1.6746e-08
1.66732e-08
1.67345e-08
1.70077e-08
1.71921e-08
1.69434e-08
1.51033e-08
1.48782e-08
1.4953e-08
1.55436e-08
1.65631e-08
1.74794e-08
1.78054e-08
1.75489e-08
1.71518e-08
1.71268e-08
1.7354e-08
1.74303e-08
1.7464e-08
1.7512e-08
1.74851e-08
1.74205e-08
1.73145e-08
1.71357e-08
1.72394e-08
1.76403e-08
1.77764e-08
1.76587e-08
1.76837e-08
1.7779e-08
1.76853e-08
1.76397e-08
1.75543e-08
1.71203e-08
1.66619e-08
1.66654e-08
1.69018e-08
1.69498e-08
1.66521e-08
1.62482e-08
1.58997e-08
1.56044e-08
1.54599e-08
1.55074e-08
1.55384e-08
1.53788e-08
1.43593e-08
1.42184e-08
1.44173e-08
1.49894e-08
1.58677e-08
1.67991e-08
1.73488e-08
1.74201e-08
1.72678e-08
1.71531e-08
1.70664e-08
1.69475e-08
1.68862e-08
1.69244e-08
1.69168e-08
1.68444e-08
1.66887e-08
1.64411e-08
1.64609e-08
1.67751e-08
1.69106e-08
1.68445e-08
1.69166e-08
1.70256e-08
1.69997e-08
1.69773e-08
1.68614e-08
1.64246e-08
1.59603e-08
1.59174e-08
1.62109e-08
1.63789e-08
1.61532e-08
1.56783e-08
1.51878e-08
1.485e-08
1.47357e-08
1.47876e-08
1.48018e-08
1.46389e-08
1.36743e-08
1.34695e-08
1.37206e-08
1.43351e-08
1.51414e-08
1.59945e-08
1.6566e-08
1.68081e-08
1.6881e-08
1.68412e-08
1.67037e-08
1.65345e-08
1.63784e-08
1.63083e-08
1.62544e-08
1.61746e-08
1.60606e-08
1.59132e-08
1.59862e-08
1.62204e-08
1.62902e-08
1.62687e-08
1.64262e-08
1.65736e-08
1.65513e-08
1.64866e-08
1.63364e-08
1.59913e-08
1.56362e-08
1.55953e-08
1.58005e-08
1.59898e-08
1.59202e-08
1.55777e-08
1.51452e-08
1.47771e-08
1.46352e-08
1.4641e-08
1.45115e-08
1.41333e-08
1.33557e-08
1.31103e-08
1.32497e-08
1.37026e-08
1.42679e-08
1.49017e-08
1.55061e-08
1.59433e-08
1.63324e-08
1.65265e-08
1.64098e-08
1.61507e-08
1.59029e-08
1.57407e-08
1.5682e-08
1.56828e-08
1.57094e-08
1.5683e-08
1.58022e-08
1.60763e-08
1.62273e-08
1.62481e-08
1.6356e-08
1.63947e-08
1.62575e-08
1.61247e-08
1.59425e-08
1.56142e-08
1.52892e-08
1.51698e-08
1.52609e-08
1.53722e-08
1.53657e-08
1.51652e-08
1.48733e-08
1.46109e-08
1.44153e-08
1.42904e-08
1.40947e-08
1.37563e-08
1.28127e-08
1.2607e-08
1.27432e-08
1.31853e-08
1.37152e-08
1.43279e-08
1.49563e-08
1.54846e-08
1.59814e-08
1.62993e-08
1.62281e-08
1.59623e-08
1.56731e-08
1.54235e-08
1.52737e-08
1.52458e-08
1.52848e-08
1.53207e-08
1.54688e-08
1.57275e-08
1.5867e-08
1.59256e-08
1.61421e-08
1.63504e-08
1.63154e-08
1.61261e-08
1.58185e-08
1.53845e-08
1.50422e-08
1.49266e-08
1.49449e-08
1.49896e-08
1.49639e-08
1.47575e-08
1.44543e-08
1.41816e-08
1.39091e-08
1.36554e-08
1.34004e-08
1.31073e-08
1.27447e-08
1.25744e-08
1.26728e-08
1.29925e-08
1.33332e-08
1.37127e-08
1.41736e-08
1.46162e-08
1.51291e-08
1.56254e-08
1.58169e-08
1.57497e-08
1.55737e-08
1.53273e-08
1.51118e-08
1.49882e-08
1.49329e-08
1.4889e-08
1.49292e-08
1.513e-08
1.53783e-08
1.55759e-08
1.5836e-08
1.60543e-08
1.60209e-08
1.5807e-08
1.54871e-08
1.50995e-08
1.47949e-08
1.47367e-08
1.47912e-08
1.48107e-08
1.47335e-08
1.44562e-08
1.40806e-08
1.38455e-08
1.36823e-08
1.35195e-08
1.32948e-08
1.30064e-08
1.29728e-08
1.27515e-08
1.26733e-08
1.28534e-08
1.31873e-08
1.35585e-08
1.38874e-08
1.40857e-08
1.42974e-08
1.45978e-08
1.48056e-08
1.49392e-08
1.50058e-08
1.49092e-08
1.47152e-08
1.46134e-08
1.45836e-08
1.45368e-08
1.45067e-08
1.45926e-08
1.47929e-08
1.49848e-08
1.51835e-08
1.54527e-08
1.55972e-08
1.55021e-08
1.5228e-08
1.48629e-08
1.44996e-08
1.43169e-08
1.42865e-08
1.42818e-08
1.42183e-08
1.39966e-08
1.36705e-08
1.34401e-08
1.33243e-08
1.32645e-08
1.32054e-08
1.31292e-08
1.24891e-08
1.2364e-08
1.23716e-08
1.25637e-08
1.28885e-08
1.32553e-08
1.36404e-08
1.39965e-08
1.42905e-08
1.45269e-08
1.46429e-08
1.46947e-08
1.47727e-08
1.47732e-08
1.46736e-08
1.45559e-08
1.44272e-08
1.42822e-08
1.4159e-08
1.41452e-08
1.42941e-08
1.44507e-08
1.46104e-08
1.48843e-08
1.513e-08
1.51595e-08
1.50152e-08
1.47761e-08
1.45155e-08
1.43259e-08
1.42483e-08
1.41503e-08
1.39704e-08
1.37148e-08
1.33957e-08
1.31362e-08
1.30067e-08
1.29034e-08
1.27822e-08
1.26521e-08
1.2281e-08
1.22015e-08
1.22824e-08
1.24908e-08
1.28065e-08
1.3151e-08
1.35239e-08
1.39167e-08
1.42587e-08
1.45578e-08
1.47555e-08
1.48422e-08
1.48451e-08
1.47751e-08
1.46674e-08
1.45269e-08
1.43436e-08
1.41774e-08
1.40246e-08
1.3943e-08
1.4024e-08
1.41459e-08
1.42571e-08
1.4446e-08
1.46427e-08
1.47133e-08
1.4689e-08
1.46476e-08
1.45113e-08
1.4332e-08
1.42286e-08
1.41093e-08
1.39326e-08
1.37332e-08
1.35289e-08
1.33302e-08
1.31389e-08
1.28973e-08
1.26601e-08
1.24537e-08
2.06029e-08
2.03514e-08
2.128e-08
2.22185e-08
2.19635e-08
2.11311e-08
2.12546e-08
2.18138e-08
2.1328e-08
2.02609e-08
2.02065e-08
2.16084e-08
2.37039e-08
2.53181e-08
2.56703e-08
2.49813e-08
2.39855e-08
2.3341e-08
2.33138e-08
2.3408e-08
2.31539e-08
2.29479e-08
2.30027e-08
2.28548e-08
2.24463e-08
2.19877e-08
2.14742e-08
2.10262e-08
2.06728e-08
2.02456e-08
1.97065e-08
1.92463e-08
1.91629e-08
1.98789e-08
2.13259e-08
2.23659e-08
2.25078e-08
2.25944e-08
2.26513e-08
2.18347e-08
2.07694e-08
2.05147e-08
2.14648e-08
2.24258e-08
2.21635e-08
2.12922e-08
2.13916e-08
2.19444e-08
2.14493e-08
2.03637e-08
2.02948e-08
2.16904e-08
2.38021e-08
2.54385e-08
2.58021e-08
2.51156e-08
2.4123e-08
2.34841e-08
2.34623e-08
2.35441e-08
2.32686e-08
2.3055e-08
2.31093e-08
2.29532e-08
2.25429e-08
2.20969e-08
2.15928e-08
2.11433e-08
2.07923e-08
2.037e-08
1.98268e-08
1.93642e-08
1.92736e-08
1.99767e-08
2.14248e-08
2.24788e-08
2.26332e-08
2.27373e-08
2.28209e-08
2.20132e-08
2.11247e-08
2.08328e-08
2.17713e-08
2.27424e-08
2.24823e-08
2.16158e-08
2.17497e-08
2.23165e-08
2.17631e-08
2.05975e-08
2.04957e-08
2.19072e-08
2.40502e-08
2.57106e-08
2.60814e-08
2.53854e-08
2.43844e-08
2.37425e-08
2.37263e-08
2.38112e-08
2.35076e-08
2.32575e-08
2.32969e-08
2.31296e-08
2.2707e-08
2.2277e-08
2.18117e-08
2.13896e-08
2.10413e-08
2.06018e-08
2.00484e-08
1.9586e-08
1.94804e-08
2.01608e-08
2.1637e-08
2.27459e-08
2.29351e-08
2.30889e-08
2.32267e-08
2.24144e-08
2.15671e-08
2.12007e-08
2.20821e-08
2.3038e-08
2.27908e-08
2.19766e-08
2.22429e-08
2.29327e-08
2.23531e-08
2.1014e-08
2.07333e-08
2.21061e-08
2.43459e-08
2.60799e-08
2.64386e-08
2.57186e-08
2.47167e-08
2.40663e-08
2.40491e-08
2.41364e-08
2.38244e-08
2.35453e-08
2.35384e-08
2.33233e-08
2.28761e-08
2.24582e-08
2.20228e-08
2.16398e-08
2.13291e-08
2.08791e-08
2.02743e-08
1.97963e-08
1.96958e-08
2.03768e-08
2.19236e-08
2.31401e-08
2.34059e-08
2.36566e-08
2.38497e-08
2.29646e-08
2.19808e-08
2.14053e-08
2.21185e-08
2.30113e-08
2.28271e-08
2.22139e-08
2.27265e-08
2.36382e-08
2.31485e-08
2.16929e-08
2.11426e-08
2.22893e-08
2.45504e-08
2.64113e-08
2.67714e-08
2.59793e-08
2.49381e-08
2.43029e-08
2.43051e-08
2.44275e-08
2.41457e-08
2.38425e-08
2.3778e-08
2.34839e-08
2.29952e-08
2.25969e-08
2.21694e-08
2.17707e-08
2.14808e-08
2.10584e-08
2.04447e-08
1.99768e-08
1.98903e-08
2.05786e-08
2.21984e-08
2.35392e-08
2.39122e-08
2.42866e-08
2.45561e-08
2.35714e-08
2.20864e-08
2.13084e-08
2.19002e-08
2.2747e-08
2.26945e-08
2.24113e-08
2.33193e-08
2.45031e-08
2.41613e-08
2.26661e-08
2.18122e-08
2.2496e-08
2.4518e-08
2.64071e-08
2.67878e-08
2.58974e-08
2.47746e-08
2.41983e-08
2.43725e-08
2.46453e-08
2.44307e-08
2.41057e-08
2.39496e-08
2.3565e-08
2.30351e-08
2.26812e-08
2.22924e-08
2.18375e-08
2.14999e-08
2.11084e-08
2.0521e-08
2.00921e-08
2.00833e-08
2.07947e-08
2.23914e-08
2.37563e-08
2.42377e-08
2.47652e-08
2.5081e-08
2.39528e-08
2.19253e-08
2.09601e-08
2.15319e-08
2.24295e-08
2.25467e-08
2.26531e-08
2.40106e-08
2.54255e-08
2.50897e-08
2.34995e-08
2.23211e-08
2.24877e-08
2.40867e-08
2.58912e-08
2.63649e-08
2.54821e-08
2.42465e-08
2.3649e-08
2.40858e-08
2.47327e-08
2.46896e-08
2.4304e-08
2.40364e-08
2.35939e-08
2.3028e-08
2.26565e-08
2.22666e-08
2.18218e-08
2.15397e-08
2.12001e-08
2.06065e-08
2.01854e-08
2.02495e-08
2.09905e-08
2.25162e-08
2.38471e-08
2.43822e-08
2.50796e-08
2.54495e-08
2.41146e-08
2.15477e-08
2.04774e-08
2.10485e-08
2.20134e-08
2.2348e-08
2.28018e-08
2.44186e-08
2.58679e-08
2.54999e-08
2.38441e-08
2.24554e-08
2.22519e-08
2.35003e-08
2.51996e-08
2.57684e-08
2.49337e-08
2.36819e-08
2.29949e-08
2.35109e-08
2.45536e-08
2.48546e-08
2.44408e-08
2.4015e-08
2.35187e-08
2.29678e-08
2.2543e-08
2.20474e-08
2.15976e-08
2.15051e-08
2.14148e-08
2.08435e-08
2.02806e-08
2.02983e-08
2.10417e-08
2.24106e-08
2.35389e-08
2.40846e-08
2.49339e-08
2.53456e-08
2.38727e-08
2.12304e-08
2.00704e-08
2.04818e-08
2.14205e-08
2.19063e-08
2.25493e-08
2.4104e-08
2.54141e-08
2.51227e-08
2.36336e-08
2.22867e-08
2.19674e-08
2.28837e-08
2.4291e-08
2.48276e-08
2.41667e-08
2.30428e-08
2.2396e-08
2.2944e-08
2.41949e-08
2.47638e-08
2.43679e-08
2.37977e-08
2.32598e-08
2.27378e-08
2.23664e-08
2.18956e-08
2.14257e-08
2.1454e-08
2.16008e-08
2.10281e-08
2.01903e-08
2.00147e-08
2.06714e-08
2.18744e-08
2.28131e-08
2.3366e-08
2.43389e-08
2.48557e-08
2.34953e-08
2.08673e-08
1.95706e-08
1.9762e-08
2.06415e-08
2.12511e-08
2.19341e-08
2.32292e-08
2.42115e-08
2.41003e-08
2.31072e-08
2.20015e-08
2.15668e-08
2.21193e-08
2.30933e-08
2.35568e-08
2.30875e-08
2.21889e-08
2.17111e-08
2.23514e-08
2.36887e-08
2.44353e-08
2.42085e-08
2.3606e-08
2.2937e-08
2.23815e-08
2.2077e-08
2.17289e-08
2.12746e-08
2.13052e-08
2.15407e-08
2.09415e-08
1.98285e-08
1.93988e-08
1.99698e-08
2.10632e-08
2.19592e-08
2.25492e-08
2.35653e-08
2.41847e-08
2.30142e-08
2.01379e-08
1.89316e-08
1.91273e-08
1.98565e-08
2.04136e-08
2.11329e-08
2.22367e-08
2.29743e-08
2.29485e-08
2.24278e-08
2.16652e-08
2.12283e-08
2.15469e-08
2.22125e-08
2.25256e-08
2.21619e-08
2.15244e-08
2.12635e-08
2.19971e-08
2.33718e-08
2.4276e-08
2.42601e-08
2.37337e-08
2.29678e-08
2.22775e-08
2.19438e-08
2.16515e-08
2.11472e-08
2.10057e-08
2.12141e-08
2.07152e-08
1.95205e-08
1.89148e-08
1.93716e-08
2.03271e-08
2.11905e-08
2.1914e-08
2.29862e-08
2.3579e-08
2.23264e-08
1.92758e-08
1.82366e-08
1.86363e-08
1.9467e-08
1.9974e-08
2.04068e-08
2.10573e-08
2.16074e-08
2.17945e-08
2.1732e-08
2.1452e-08
2.12276e-08
2.14015e-08
2.16956e-08
2.16103e-08
2.11789e-08
2.07239e-08
2.06446e-08
2.14483e-08
2.28546e-08
2.38626e-08
2.41507e-08
2.39097e-08
2.31566e-08
2.2266e-08
2.17227e-08
2.13984e-08
2.08406e-08
2.05035e-08
2.06438e-08
2.03606e-08
1.93598e-08
1.87455e-08
1.90929e-08
1.9801e-08
2.04399e-08
2.11773e-08
2.22136e-08
2.27083e-08
2.14238e-08
1.87061e-08
1.78186e-08
1.82671e-08
1.93372e-08
1.9959e-08
2.00344e-08
2.00933e-08
2.03578e-08
2.07141e-08
2.09406e-08
2.08513e-08
2.06009e-08
2.07428e-08
2.10389e-08
2.08308e-08
2.03661e-08
2.0055e-08
2.00735e-08
2.07387e-08
2.18466e-08
2.25789e-08
2.2892e-08
2.29267e-08
2.24249e-08
2.16331e-08
2.11717e-08
2.08707e-08
2.02524e-08
1.9769e-08
1.98376e-08
1.97562e-08
1.90528e-08
1.85236e-08
1.87332e-08
1.90822e-08
1.93015e-08
1.98298e-08
2.06871e-08
2.11476e-08
2.02994e-08
1.84392e-08
1.79235e-08
1.82365e-08
1.91767e-08
1.99388e-08
2.01265e-08
1.9984e-08
1.9889e-08
1.98944e-08
1.988e-08
1.97009e-08
1.96408e-08
2.00788e-08
2.05255e-08
2.04067e-08
1.99978e-08
1.97172e-08
1.97193e-08
2.02929e-08
2.11273e-08
2.14061e-08
2.12293e-08
2.10754e-08
2.07139e-08
2.02732e-08
2.02056e-08
2.01883e-08
1.96028e-08
1.89506e-08
1.89555e-08
1.90688e-08
1.86919e-08
1.82042e-08
1.82223e-08
1.83299e-08
1.80518e-08
1.80791e-08
1.87864e-08
1.94311e-08
1.92247e-08
1.77666e-08
1.75723e-08
1.76474e-08
1.81009e-08
1.87387e-08
1.91631e-08
1.91843e-08
1.89647e-08
1.87541e-08
1.87075e-08
1.87291e-08
1.87888e-08
1.9098e-08
1.94198e-08
1.92844e-08
1.88947e-08
1.86408e-08
1.87704e-08
1.95593e-08
2.05848e-08
2.08781e-08
2.0463e-08
2.00185e-08
1.95581e-08
1.92368e-08
1.93488e-08
1.94323e-08
1.88078e-08
1.80889e-08
1.80238e-08
1.81856e-08
1.80519e-08
1.77939e-08
1.7735e-08
1.76025e-08
1.70012e-08
1.66033e-08
1.71084e-08
1.78748e-08
1.80439e-08
1.6664e-08
1.65121e-08
1.65552e-08
1.69267e-08
1.75726e-08
1.8201e-08
1.84558e-08
1.83168e-08
1.81007e-08
1.79932e-08
1.79406e-08
1.78689e-08
1.79568e-08
1.81602e-08
1.81676e-08
1.806e-08
1.79158e-08
1.7923e-08
1.8385e-08
1.89793e-08
1.90504e-08
1.86671e-08
1.82704e-08
1.78643e-08
1.77217e-08
1.80253e-08
1.82379e-08
1.77577e-08
1.71756e-08
1.72036e-08
1.74964e-08
1.75506e-08
1.74598e-08
1.73986e-08
1.71683e-08
1.64625e-08
1.5818e-08
1.60054e-08
1.66275e-08
1.6858e-08
1.53977e-08
1.52254e-08
1.54074e-08
1.59419e-08
1.67614e-08
1.75464e-08
1.79789e-08
1.80086e-08
1.79586e-08
1.79435e-08
1.78891e-08
1.7757e-08
1.76823e-08
1.76823e-08
1.75784e-08
1.7366e-08
1.71549e-08
1.71498e-08
1.75143e-08
1.78917e-08
1.7666e-08
1.71799e-08
1.69543e-08
1.68148e-08
1.67422e-08
1.69829e-08
1.7211e-08
1.69013e-08
1.65018e-08
1.65837e-08
1.68178e-08
1.68698e-08
1.67682e-08
1.6681e-08
1.64792e-08
1.59174e-08
1.53322e-08
1.53043e-08
1.56043e-08
1.56667e-08
1.42678e-08
1.41991e-08
1.4511e-08
1.51102e-08
1.59135e-08
1.67336e-08
1.72659e-08
1.75124e-08
1.76816e-08
1.77211e-08
1.75602e-08
1.73354e-08
1.72448e-08
1.72568e-08
1.7177e-08
1.69742e-08
1.66765e-08
1.64647e-08
1.66344e-08
1.69649e-08
1.68791e-08
1.65889e-08
1.65212e-08
1.65003e-08
1.64414e-08
1.65644e-08
1.661e-08
1.62401e-08
1.5804e-08
1.57982e-08
1.60579e-08
1.62e-08
1.60919e-08
1.58323e-08
1.54977e-08
1.50816e-08
1.47551e-08
1.4709e-08
1.47403e-08
1.45661e-08
1.36643e-08
1.35024e-08
1.37979e-08
1.4399e-08
1.51078e-08
1.58129e-08
1.63027e-08
1.66176e-08
1.69395e-08
1.71095e-08
1.69337e-08
1.66164e-08
1.64024e-08
1.63583e-08
1.63799e-08
1.63084e-08
1.61044e-08
1.58805e-08
1.59614e-08
1.62519e-08
1.62407e-08
1.60381e-08
1.60372e-08
1.61169e-08
1.61376e-08
1.61564e-08
1.60276e-08
1.56397e-08
1.52536e-08
1.52273e-08
1.54791e-08
1.56697e-08
1.56058e-08
1.53094e-08
1.49128e-08
1.44968e-08
1.42718e-08
1.42978e-08
1.42835e-08
1.40291e-08
1.29998e-08
1.2885e-08
1.31333e-08
1.35875e-08
1.41416e-08
1.47787e-08
1.53455e-08
1.57566e-08
1.61362e-08
1.636e-08
1.62015e-08
1.58588e-08
1.56116e-08
1.55396e-08
1.55761e-08
1.56184e-08
1.56279e-08
1.5562e-08
1.56076e-08
1.5821e-08
1.59033e-08
1.5863e-08
1.59451e-08
1.60131e-08
1.59567e-08
1.58808e-08
1.57121e-08
1.5395e-08
1.51034e-08
1.4998e-08
1.50553e-08
1.50929e-08
1.50064e-08
1.47496e-08
1.43918e-08
1.40118e-08
1.37202e-08
1.35964e-08
1.34755e-08
1.32659e-08
1.27664e-08
1.26629e-08
1.28189e-08
1.32094e-08
1.3711e-08
1.43347e-08
1.49547e-08
1.54193e-08
1.5809e-08
1.60532e-08
1.59498e-08
1.5683e-08
1.54579e-08
1.5311e-08
1.5251e-08
1.52424e-08
1.5277e-08
1.53135e-08
1.53929e-08
1.55592e-08
1.5652e-08
1.56712e-08
1.57952e-08
1.59443e-08
1.59536e-08
1.58627e-08
1.56597e-08
1.53174e-08
1.49933e-08
1.4841e-08
1.47913e-08
1.47545e-08
1.46504e-08
1.43822e-08
1.40168e-08
1.36593e-08
1.33382e-08
1.3119e-08
1.3015e-08
1.29216e-08
1.288e-08
1.28564e-08
1.30025e-08
1.32957e-08
1.36016e-08
1.40009e-08
1.44628e-08
1.48136e-08
1.51301e-08
1.53985e-08
1.54575e-08
1.53732e-08
1.52678e-08
1.51601e-08
1.51056e-08
1.50949e-08
1.50719e-08
1.49802e-08
1.4916e-08
1.50071e-08
1.51661e-08
1.53219e-08
1.55398e-08
1.57855e-08
1.5867e-08
1.57517e-08
1.55041e-08
1.51253e-08
1.48101e-08
1.46602e-08
1.45973e-08
1.45049e-08
1.4336e-08
1.39975e-08
1.36158e-08
1.33631e-08
1.31866e-08
1.30415e-08
1.29421e-08
1.28943e-08
1.29486e-08
1.28314e-08
1.28732e-08
1.30963e-08
1.34139e-08
1.3766e-08
1.40923e-08
1.42902e-08
1.44208e-08
1.45766e-08
1.46646e-08
1.46888e-08
1.47199e-08
1.46716e-08
1.46116e-08
1.46072e-08
1.46176e-08
1.4588e-08
1.45265e-08
1.45611e-08
1.47147e-08
1.48664e-08
1.5023e-08
1.52471e-08
1.53979e-08
1.53651e-08
1.52035e-08
1.49191e-08
1.46096e-08
1.44094e-08
1.43023e-08
1.42072e-08
1.40823e-08
1.38639e-08
1.35781e-08
1.33752e-08
1.32786e-08
1.31933e-08
1.30997e-08
1.30339e-08
1.25021e-08
1.24041e-08
1.24518e-08
1.26508e-08
1.29538e-08
1.33118e-08
1.36853e-08
1.40138e-08
1.42543e-08
1.44331e-08
1.45246e-08
1.45552e-08
1.4562e-08
1.4494e-08
1.43803e-08
1.42726e-08
1.41692e-08
1.40939e-08
1.40151e-08
1.40272e-08
1.41937e-08
1.43674e-08
1.45255e-08
1.47736e-08
1.4985e-08
1.49884e-08
1.48494e-08
1.46524e-08
1.44472e-08
1.43361e-08
1.42972e-08
1.41881e-08
1.39732e-08
1.36926e-08
1.33773e-08
1.31403e-08
1.30294e-08
1.29259e-08
1.27913e-08
1.26599e-08
1.21276e-08
1.20572e-08
1.21663e-08
1.24307e-08
1.27834e-08
1.31542e-08
1.35251e-08
1.3875e-08
1.4179e-08
1.44229e-08
1.45823e-08
1.46435e-08
1.46322e-08
1.45608e-08
1.44632e-08
1.43304e-08
1.41815e-08
1.40536e-08
1.39283e-08
1.38697e-08
1.39557e-08
1.40907e-08
1.41992e-08
1.43645e-08
1.45087e-08
1.4537e-08
1.44959e-08
1.44481e-08
1.43674e-08
1.42936e-08
1.42592e-08
1.41551e-08
1.39409e-08
1.36712e-08
1.34054e-08
1.31963e-08
1.30098e-08
1.27809e-08
1.25357e-08
1.23181e-08
2.19887e-08
2.06978e-08
2.07883e-08
2.21328e-08
2.3422e-08
2.36058e-08
2.3052e-08
2.25115e-08
2.18638e-08
2.13531e-08
2.15488e-08
2.18696e-08
2.20024e-08
2.23942e-08
2.28478e-08
2.2967e-08
2.27701e-08
2.27801e-08
2.36502e-08
2.4774e-08
2.50625e-08
2.47126e-08
2.44144e-08
2.40775e-08
2.37302e-08
2.35245e-08
2.33671e-08
2.34744e-08
2.41436e-08
2.52723e-08
2.60265e-08
2.55592e-08
2.45072e-08
2.42998e-08
2.48136e-08
2.47457e-08
2.37584e-08
2.30667e-08
2.32893e-08
2.32094e-08
2.21653e-08
2.08526e-08
2.09263e-08
2.22738e-08
2.35832e-08
2.37807e-08
2.32237e-08
2.26711e-08
2.20007e-08
2.14684e-08
2.16634e-08
2.19871e-08
2.21112e-08
2.24956e-08
2.2951e-08
2.30765e-08
2.28797e-08
2.28786e-08
2.37469e-08
2.48831e-08
2.51813e-08
2.48278e-08
2.45261e-08
2.41937e-08
2.3857e-08
2.36583e-08
2.34972e-08
2.36023e-08
2.4283e-08
2.54307e-08
2.62079e-08
2.5747e-08
2.46733e-08
2.44468e-08
2.49623e-08
2.49e-08
2.39086e-08
2.32117e-08
2.34507e-08
2.33903e-08
2.25537e-08
2.11983e-08
2.12131e-08
2.25461e-08
2.38878e-08
2.41457e-08
2.36265e-08
2.30633e-08
2.23376e-08
2.17362e-08
2.18946e-08
2.22226e-08
2.23443e-08
2.27184e-08
2.31631e-08
2.32814e-08
2.30926e-08
2.31065e-08
2.39981e-08
2.51526e-08
2.544e-08
2.50591e-08
2.47438e-08
2.44262e-08
2.4115e-08
2.39363e-08
2.37749e-08
2.38785e-08
2.45777e-08
2.5742e-08
2.65539e-08
2.61119e-08
2.50166e-08
2.47609e-08
2.52725e-08
2.52084e-08
2.42064e-08
2.35178e-08
2.37893e-08
2.37677e-08
2.29114e-08
2.15349e-08
2.14546e-08
2.27234e-08
2.41188e-08
2.44917e-08
2.40731e-08
2.35376e-08
2.27738e-08
2.21041e-08
2.2186e-08
2.2482e-08
2.26386e-08
2.30484e-08
2.34647e-08
2.35221e-08
2.33167e-08
2.33659e-08
2.43223e-08
2.55366e-08
2.58148e-08
2.53618e-08
2.49959e-08
2.46958e-08
2.44266e-08
2.42585e-08
2.40612e-08
2.41518e-08
2.48913e-08
2.60816e-08
2.68798e-08
2.64047e-08
2.52686e-08
2.49859e-08
2.54965e-08
2.54263e-08
2.44118e-08
2.37496e-08
2.40827e-08
2.40976e-08
2.30132e-08
2.16509e-08
2.14938e-08
2.27093e-08
2.41613e-08
2.46065e-08
2.4247e-08
2.37533e-08
2.30012e-08
2.23433e-08
2.24023e-08
2.26457e-08
2.28028e-08
2.32474e-08
2.36303e-08
2.36076e-08
2.33802e-08
2.34773e-08
2.45366e-08
2.58475e-08
2.61707e-08
2.56583e-08
2.51985e-08
2.4872e-08
2.46535e-08
2.45321e-08
2.42875e-08
2.43021e-08
2.50713e-08
2.63198e-08
2.70928e-08
2.65254e-08
2.53142e-08
2.50112e-08
2.55258e-08
2.54326e-08
2.43588e-08
2.36768e-08
2.40471e-08
2.4118e-08
2.27098e-08
2.14861e-08
2.13267e-08
2.24663e-08
2.38649e-08
2.42747e-08
2.39164e-08
2.3501e-08
2.2865e-08
2.23354e-08
2.24696e-08
2.27025e-08
2.28109e-08
2.31971e-08
2.3486e-08
2.33671e-08
2.31233e-08
2.32806e-08
2.44476e-08
2.59047e-08
2.63544e-08
2.58773e-08
2.53466e-08
2.49168e-08
2.46555e-08
2.45623e-08
2.43026e-08
2.42221e-08
2.49844e-08
2.63075e-08
2.70656e-08
2.63735e-08
2.4997e-08
2.46426e-08
2.52108e-08
2.51516e-08
2.40529e-08
2.33114e-08
2.36175e-08
2.36749e-08
2.2044e-08
2.10805e-08
2.10822e-08
2.2139e-08
2.33185e-08
2.35936e-08
2.32605e-08
2.29651e-08
2.25078e-08
2.21735e-08
2.24167e-08
2.27069e-08
2.27821e-08
2.30152e-08
2.30856e-08
2.2812e-08
2.25397e-08
2.27612e-08
2.40276e-08
2.56403e-08
2.62969e-08
2.5972e-08
2.54734e-08
2.49302e-08
2.44899e-08
2.42661e-08
2.39275e-08
2.37582e-08
2.45069e-08
2.58361e-08
2.65065e-08
2.57328e-08
2.43111e-08
2.39792e-08
2.4643e-08
2.4695e-08
2.36411e-08
2.28311e-08
2.29833e-08
2.2925e-08
2.12283e-08
2.05535e-08
2.08029e-08
2.18265e-08
2.27835e-08
2.29797e-08
2.27475e-08
2.25087e-08
2.20862e-08
2.1813e-08
2.21185e-08
2.24925e-08
2.26346e-08
2.2769e-08
2.26191e-08
2.21155e-08
2.1799e-08
2.20916e-08
2.34072e-08
2.51425e-08
2.59958e-08
2.58389e-08
2.5421e-08
2.48461e-08
2.42544e-08
2.38146e-08
2.32688e-08
2.2942e-08
2.36611e-08
2.50177e-08
2.56485e-08
2.48822e-08
2.35742e-08
2.33478e-08
2.40809e-08
2.41627e-08
2.30889e-08
2.21929e-08
2.21784e-08
2.20139e-08
2.03691e-08
1.99547e-08
2.04205e-08
2.14781e-08
2.23386e-08
2.25665e-08
2.24375e-08
2.21734e-08
2.16304e-08
2.12459e-08
2.15253e-08
2.20038e-08
2.2255e-08
2.23689e-08
2.20766e-08
2.14271e-08
2.10687e-08
2.14331e-08
2.27494e-08
2.45046e-08
2.54773e-08
2.5484e-08
2.51628e-08
2.46245e-08
2.39576e-08
2.33317e-08
2.25305e-08
2.19659e-08
2.25882e-08
2.4044e-08
2.47466e-08
2.39882e-08
2.27714e-08
2.26156e-08
2.33781e-08
2.34767e-08
2.24288e-08
2.14427e-08
2.12385e-08
2.10308e-08
1.93185e-08
1.91723e-08
1.97802e-08
2.08589e-08
2.17672e-08
2.21664e-08
2.21701e-08
2.18153e-08
2.11071e-08
2.05964e-08
2.07778e-08
2.13233e-08
2.1711e-08
2.1837e-08
2.1465e-08
2.07459e-08
2.0376e-08
2.08131e-08
2.20831e-08
2.37252e-08
2.47314e-08
2.48745e-08
2.46521e-08
2.416e-08
2.35269e-08
2.29241e-08
2.20629e-08
2.11712e-08
2.14424e-08
2.29385e-08
2.3843e-08
2.32135e-08
2.21268e-08
2.20129e-08
2.26912e-08
2.27124e-08
2.16199e-08
2.04951e-08
2.00884e-08
1.98147e-08
1.83157e-08
1.85445e-08
1.92165e-08
1.99949e-08
2.07093e-08
2.13039e-08
2.15416e-08
2.12228e-08
2.0503e-08
2.00149e-08
2.00743e-08
2.04948e-08
2.10027e-08
2.12243e-08
2.07533e-08
1.99562e-08
1.9637e-08
2.01442e-08
2.13776e-08
2.28321e-08
2.37894e-08
2.41256e-08
2.40559e-08
2.35235e-08
2.28119e-08
2.2225e-08
2.14786e-08
2.04902e-08
2.03578e-08
2.1633e-08
2.26951e-08
2.22961e-08
2.1394e-08
2.13903e-08
2.19667e-08
2.17913e-08
2.06318e-08
1.94944e-08
1.89443e-08
1.85826e-08
1.74324e-08
1.79468e-08
1.87536e-08
1.93587e-08
1.97407e-08
2.01706e-08
2.04996e-08
2.03221e-08
1.97214e-08
1.93752e-08
1.94783e-08
1.98331e-08
2.03018e-08
2.04027e-08
1.97374e-08
1.89124e-08
1.8761e-08
1.93763e-08
2.05454e-08
2.1903e-08
2.29075e-08
2.34957e-08
2.36541e-08
2.3142e-08
2.2174e-08
2.13052e-08
2.0479e-08
1.95082e-08
1.92419e-08
2.03065e-08
2.12842e-08
2.09448e-08
2.0262e-08
2.03961e-08
2.09102e-08
2.0596e-08
1.9477e-08
1.84397e-08
1.78942e-08
1.75309e-08
1.71248e-08
1.7723e-08
1.86189e-08
1.92587e-08
1.94851e-08
1.96575e-08
1.99805e-08
1.99111e-08
1.92923e-08
1.88025e-08
1.8852e-08
1.92039e-08
1.96744e-08
1.9689e-08
1.88186e-08
1.78468e-08
1.77429e-08
1.8382e-08
1.94492e-08
2.06705e-08
2.15136e-08
2.20873e-08
2.25053e-08
2.22736e-08
2.13814e-08
2.03542e-08
1.9396e-08
1.84108e-08
1.8059e-08
1.89622e-08
1.9843e-08
1.95203e-08
1.88924e-08
1.9115e-08
1.9631e-08
1.93044e-08
1.83711e-08
1.7629e-08
1.72679e-08
1.70587e-08
1.72097e-08
1.77279e-08
1.82603e-08
1.8711e-08
1.91064e-08
1.95964e-08
2.00604e-08
2.00319e-08
1.94588e-08
1.88767e-08
1.86872e-08
1.88191e-08
1.91546e-08
1.91315e-08
1.83303e-08
1.73483e-08
1.70476e-08
1.7446e-08
1.84044e-08
1.95227e-08
2.01302e-08
2.04423e-08
2.0847e-08
2.07771e-08
2.00611e-08
1.92098e-08
1.84673e-08
1.76391e-08
1.7208e-08
1.78287e-08
1.85955e-08
1.83619e-08
1.77852e-08
1.79336e-08
1.83373e-08
1.79799e-08
1.7176e-08
1.67412e-08
1.6768e-08
1.69027e-08
1.6762e-08
1.72404e-08
1.75033e-08
1.76434e-08
1.80007e-08
1.8715e-08
1.93996e-08
1.95974e-08
1.92379e-08
1.87455e-08
1.84402e-08
1.83746e-08
1.85407e-08
1.85246e-08
1.79242e-08
1.70946e-08
1.65928e-08
1.66516e-08
1.7428e-08
1.8469e-08
1.89217e-08
1.89693e-08
1.91858e-08
1.92228e-08
1.87652e-08
1.82209e-08
1.77833e-08
1.72459e-08
1.68513e-08
1.7151e-08
1.75794e-08
1.7288e-08
1.67598e-08
1.68447e-08
1.71787e-08
1.68972e-08
1.62934e-08
1.6059e-08
1.62352e-08
1.64347e-08
1.58323e-08
1.632e-08
1.67795e-08
1.70103e-08
1.72986e-08
1.78685e-08
1.84726e-08
1.87508e-08
1.86967e-08
1.85087e-08
1.82753e-08
1.80922e-08
1.81184e-08
1.81207e-08
1.771e-08
1.70615e-08
1.65756e-08
1.65387e-08
1.7145e-08
1.78525e-08
1.78221e-08
1.74535e-08
1.74929e-08
1.76578e-08
1.75518e-08
1.73803e-08
1.72943e-08
1.70582e-08
1.67952e-08
1.69777e-08
1.71939e-08
1.68151e-08
1.62136e-08
1.6058e-08
1.62047e-08
1.59883e-08
1.5553e-08
1.54202e-08
1.55452e-08
1.56509e-08
1.4621e-08
1.49693e-08
1.56151e-08
1.62493e-08
1.67986e-08
1.73713e-08
1.78425e-08
1.80431e-08
1.81358e-08
1.81406e-08
1.80261e-08
1.79234e-08
1.7962e-08
1.79752e-08
1.76039e-08
1.69653e-08
1.6425e-08
1.62331e-08
1.66596e-08
1.72283e-08
1.71572e-08
1.67632e-08
1.67724e-08
1.69484e-08
1.69216e-08
1.68257e-08
1.67485e-08
1.65313e-08
1.63205e-08
1.64234e-08
1.65585e-08
1.62419e-08
1.56728e-08
1.54229e-08
1.54407e-08
1.53148e-08
1.50424e-08
1.48899e-08
1.47999e-08
1.46529e-08
1.38145e-08
1.38978e-08
1.43851e-08
1.50497e-08
1.57472e-08
1.64187e-08
1.69235e-08
1.72581e-08
1.75204e-08
1.76571e-08
1.75994e-08
1.74426e-08
1.74544e-08
1.75504e-08
1.73186e-08
1.67884e-08
1.62529e-08
1.60296e-08
1.63571e-08
1.6904e-08
1.70053e-08
1.68396e-08
1.68835e-08
1.69883e-08
1.69129e-08
1.67918e-08
1.65989e-08
1.61784e-08
1.57707e-08
1.57206e-08
1.58736e-08
1.57866e-08
1.54019e-08
1.50574e-08
1.48993e-08
1.47197e-08
1.4574e-08
1.44954e-08
1.43396e-08
1.40462e-08
1.32746e-08
1.32743e-08
1.36872e-08
1.43164e-08
1.49516e-08
1.55588e-08
1.60941e-08
1.65349e-08
1.69631e-08
1.72631e-08
1.7223e-08
1.69495e-08
1.67466e-08
1.66985e-08
1.65775e-08
1.62611e-08
1.58928e-08
1.56968e-08
1.59709e-08
1.65186e-08
1.67554e-08
1.67046e-08
1.67117e-08
1.67548e-08
1.66779e-08
1.65743e-08
1.63813e-08
1.59962e-08
1.5613e-08
1.54771e-08
1.55362e-08
1.5479e-08
1.51787e-08
1.48351e-08
1.45974e-08
1.43531e-08
1.41578e-08
1.40483e-08
1.38833e-08
1.35722e-08
1.29345e-08
1.29388e-08
1.32547e-08
1.37565e-08
1.42538e-08
1.47448e-08
1.52146e-08
1.56272e-08
1.60474e-08
1.6375e-08
1.63936e-08
1.6164e-08
1.59299e-08
1.58389e-08
1.57887e-08
1.56495e-08
1.54455e-08
1.52701e-08
1.53552e-08
1.57918e-08
1.61975e-08
1.63435e-08
1.6389e-08
1.63264e-08
1.61801e-08
1.61146e-08
1.60152e-08
1.57507e-08
1.54521e-08
1.52745e-08
1.52496e-08
1.52124e-08
1.49909e-08
1.4661e-08
1.43646e-08
1.40626e-08
1.37818e-08
1.35927e-08
1.33959e-08
1.31449e-08
1.28455e-08
1.27698e-08
1.29112e-08
1.32739e-08
1.37335e-08
1.42806e-08
1.48406e-08
1.53086e-08
1.57245e-08
1.60302e-08
1.60512e-08
1.5828e-08
1.55562e-08
1.53625e-08
1.52753e-08
1.52405e-08
1.51905e-08
1.50717e-08
1.50493e-08
1.52851e-08
1.56043e-08
1.58969e-08
1.6158e-08
1.62346e-08
1.60711e-08
1.58336e-08
1.55498e-08
1.52035e-08
1.49251e-08
1.48251e-08
1.48365e-08
1.48448e-08
1.47569e-08
1.45038e-08
1.41707e-08
1.38494e-08
1.35905e-08
1.33806e-08
1.31963e-08
1.30102e-08
1.3026e-08
1.29758e-08
1.30604e-08
1.33079e-08
1.36457e-08
1.40638e-08
1.44767e-08
1.47765e-08
1.5032e-08
1.53055e-08
1.54839e-08
1.55225e-08
1.54518e-08
1.53351e-08
1.52084e-08
1.51049e-08
1.49925e-08
1.48309e-08
1.47073e-08
1.47479e-08
1.49149e-08
1.51602e-08
1.55392e-08
1.59089e-08
1.60528e-08
1.58812e-08
1.5449e-08
1.49072e-08
1.45197e-08
1.44091e-08
1.44264e-08
1.44265e-08
1.42447e-08
1.38369e-08
1.34115e-08
1.31857e-08
1.31222e-08
1.30948e-08
1.30783e-08
1.30678e-08
1.30114e-08
1.29044e-08
1.29355e-08
1.3148e-08
1.34454e-08
1.37914e-08
1.41263e-08
1.43566e-08
1.44949e-08
1.46477e-08
1.47383e-08
1.47588e-08
1.47594e-08
1.4735e-08
1.47192e-08
1.47566e-08
1.47537e-08
1.46281e-08
1.44308e-08
1.43714e-08
1.44734e-08
1.46347e-08
1.48708e-08
1.51808e-08
1.53664e-08
1.53084e-08
1.50239e-08
1.46185e-08
1.4301e-08
1.42174e-08
1.42556e-08
1.42741e-08
1.41934e-08
1.39399e-08
1.35609e-08
1.32928e-08
1.31677e-08
1.31154e-08
1.30987e-08
1.30841e-08
1.26377e-08
1.25444e-08
1.25578e-08
1.27315e-08
1.29996e-08
1.33232e-08
1.36682e-08
1.39306e-08
1.41391e-08
1.43339e-08
1.44791e-08
1.45663e-08
1.45975e-08
1.45484e-08
1.44597e-08
1.43661e-08
1.42278e-08
1.40976e-08
1.39744e-08
1.39414e-08
1.40746e-08
1.42579e-08
1.44754e-08
1.47575e-08
1.5006e-08
1.50097e-08
1.48263e-08
1.45393e-08
1.42947e-08
1.42536e-08
1.43243e-08
1.43302e-08
1.41726e-08
1.38238e-08
1.34127e-08
1.30769e-08
1.29113e-08
1.2834e-08
1.27829e-08
1.27333e-08
1.20954e-08
1.20577e-08
1.21818e-08
1.24212e-08
1.2732e-08
1.30614e-08
1.33995e-08
1.37211e-08
1.40202e-08
1.4288e-08
1.44928e-08
1.46065e-08
1.4644e-08
1.45923e-08
1.45102e-08
1.43738e-08
1.41845e-08
1.39994e-08
1.38346e-08
1.37354e-08
1.37865e-08
1.39305e-08
1.40805e-08
1.42794e-08
1.44697e-08
1.45397e-08
1.4502e-08
1.44144e-08
1.42842e-08
1.41949e-08
1.41556e-08
1.40704e-08
1.38855e-08
1.3612e-08
1.33081e-08
1.30583e-08
1.28217e-08
1.25686e-08
1.23561e-08
1.2212e-08
2.08537e-08
2.02856e-08
2.11018e-08
2.21933e-08
2.26568e-08
2.24831e-08
2.22624e-08
2.23263e-08
2.20102e-08
2.13293e-08
2.14098e-08
2.23333e-08
2.31833e-08
2.33384e-08
2.25268e-08
2.09954e-08
1.93248e-08
1.88554e-08
2.03665e-08
2.2551e-08
2.39363e-08
2.4638e-08
2.50595e-08
2.51103e-08
2.48258e-08
2.44349e-08
2.41637e-08
2.40573e-08
2.41754e-08
2.4381e-08
2.4279e-08
2.37832e-08
2.36315e-08
2.43436e-08
2.54483e-08
2.59785e-08
2.56482e-08
2.50239e-08
2.41901e-08
2.26491e-08
2.09919e-08
2.04101e-08
2.12287e-08
2.23317e-08
2.27946e-08
2.26113e-08
2.23829e-08
2.24528e-08
2.21443e-08
2.14514e-08
2.15102e-08
2.24318e-08
2.32993e-08
2.34709e-08
2.26625e-08
2.11169e-08
1.94219e-08
1.89373e-08
2.04556e-08
2.2656e-08
2.40467e-08
2.47496e-08
2.51781e-08
2.52359e-08
2.49617e-08
2.45819e-08
2.43104e-08
2.41959e-08
2.43087e-08
2.45198e-08
2.4434e-08
2.39526e-08
2.3809e-08
2.45118e-08
2.55965e-08
2.61089e-08
2.57728e-08
2.51529e-08
2.43343e-08
2.28023e-08
2.12251e-08
2.06261e-08
2.14631e-08
2.25928e-08
2.3073e-08
2.28978e-08
2.2654e-08
2.27022e-08
2.24055e-08
2.17272e-08
2.17772e-08
2.26832e-08
2.35441e-08
2.37266e-08
2.29049e-08
2.13255e-08
1.96047e-08
1.91204e-08
2.06623e-08
2.28876e-08
2.4288e-08
2.49875e-08
2.54019e-08
2.54359e-08
2.51569e-08
2.48011e-08
2.45573e-08
2.44557e-08
2.45727e-08
2.47779e-08
2.46953e-08
2.42462e-08
2.4137e-08
2.48485e-08
2.5923e-08
2.64139e-08
2.60503e-08
2.54209e-08
2.46098e-08
2.30685e-08
2.1486e-08
2.08005e-08
2.16359e-08
2.28121e-08
2.3357e-08
2.32396e-08
2.30033e-08
2.30193e-08
2.27117e-08
2.20514e-08
2.21093e-08
2.30134e-08
2.38649e-08
2.40345e-08
2.3171e-08
2.15295e-08
1.97869e-08
1.93328e-08
2.09254e-08
2.31774e-08
2.45668e-08
2.52469e-08
2.56454e-08
2.56467e-08
2.53386e-08
2.49717e-08
2.47268e-08
2.46222e-08
2.47435e-08
2.49453e-08
2.48691e-08
2.4464e-08
2.43993e-08
2.51139e-08
2.6179e-08
2.66912e-08
2.63438e-08
2.57209e-08
2.49388e-08
2.34068e-08
2.17635e-08
2.09445e-08
2.17406e-08
2.29446e-08
2.35088e-08
2.34048e-08
2.31899e-08
2.31959e-08
2.2857e-08
2.21876e-08
2.22736e-08
2.32053e-08
2.40551e-08
2.42086e-08
2.3295e-08
2.15798e-08
1.98092e-08
1.93937e-08
2.10435e-08
2.33288e-08
2.47166e-08
2.53812e-08
2.57628e-08
2.57259e-08
2.53997e-08
2.5018e-08
2.47238e-08
2.45561e-08
2.46553e-08
2.48691e-08
2.4791e-08
2.44125e-08
2.43866e-08
2.50854e-08
2.61347e-08
2.66889e-08
2.63908e-08
2.58532e-08
2.51982e-08
2.37471e-08
2.19113e-08
2.10059e-08
2.1716e-08
2.28469e-08
2.32918e-08
2.31395e-08
2.30262e-08
2.31444e-08
2.28295e-08
2.20894e-08
2.21615e-08
2.31431e-08
2.40413e-08
2.42164e-08
2.32923e-08
2.15069e-08
1.96796e-08
1.92576e-08
2.09333e-08
2.32824e-08
2.47212e-08
2.54163e-08
2.57875e-08
2.56844e-08
2.53366e-08
2.49629e-08
2.46337e-08
2.43701e-08
2.43986e-08
2.45331e-08
2.43456e-08
2.39206e-08
2.39444e-08
2.46923e-08
2.57575e-08
2.63665e-08
2.61452e-08
2.57086e-08
2.52089e-08
2.38716e-08
2.16301e-08
2.0764e-08
2.14605e-08
2.24762e-08
2.27462e-08
2.25238e-08
2.25724e-08
2.29516e-08
2.27725e-08
2.19619e-08
2.18758e-08
2.28115e-08
2.37803e-08
2.40798e-08
2.32064e-08
2.13558e-08
1.94253e-08
1.89363e-08
2.06125e-08
2.30461e-08
2.46101e-08
2.54008e-08
2.57758e-08
2.55987e-08
2.51559e-08
2.4733e-08
2.43879e-08
2.41056e-08
2.40395e-08
2.40196e-08
2.36473e-08
2.31226e-08
2.31706e-08
2.39769e-08
2.50894e-08
2.57593e-08
2.56043e-08
2.52063e-08
2.47716e-08
2.35187e-08
2.0923e-08
2.01649e-08
2.09528e-08
2.20271e-08
2.22348e-08
2.19184e-08
2.20088e-08
2.26131e-08
2.26667e-08
2.18626e-08
2.15208e-08
2.22124e-08
2.31675e-08
2.36511e-08
2.29449e-08
2.10625e-08
1.90423e-08
1.8466e-08
2.0117e-08
2.26078e-08
2.42694e-08
2.51098e-08
2.55086e-08
2.5332e-08
2.47487e-08
2.41688e-08
2.37402e-08
2.34538e-08
2.339e-08
2.33553e-08
2.29448e-08
2.23173e-08
2.2272e-08
2.30236e-08
2.41066e-08
2.47957e-08
2.4654e-08
2.41985e-08
2.37786e-08
2.26599e-08
2.00976e-08
1.94731e-08
2.02519e-08
2.13835e-08
2.17381e-08
2.14519e-08
2.1472e-08
2.20883e-08
2.23243e-08
2.16326e-08
2.10612e-08
2.14171e-08
2.22473e-08
2.2879e-08
2.23964e-08
2.05703e-08
1.84892e-08
1.78424e-08
1.94098e-08
2.18735e-08
2.35558e-08
2.43951e-08
2.48042e-08
2.4686e-08
2.41046e-08
2.34235e-08
2.28487e-08
2.25133e-08
2.24318e-08
2.24434e-08
2.21389e-08
2.15685e-08
2.14354e-08
2.19805e-08
2.28364e-08
2.34285e-08
2.3299e-08
2.27823e-08
2.23555e-08
2.14946e-08
1.91855e-08
1.87458e-08
1.94571e-08
2.05766e-08
2.1119e-08
2.09575e-08
2.08686e-08
2.13749e-08
2.18003e-08
2.13275e-08
2.06108e-08
2.06051e-08
2.12298e-08
2.18752e-08
2.16223e-08
2.00358e-08
1.80505e-08
1.73707e-08
1.87842e-08
2.11069e-08
2.27599e-08
2.35441e-08
2.38488e-08
2.371e-08
2.32176e-08
2.2669e-08
2.21463e-08
2.16585e-08
2.13661e-08
2.13168e-08
2.11641e-08
2.08044e-08
2.07346e-08
2.10962e-08
2.15733e-08
2.18872e-08
2.17617e-08
2.13017e-08
2.08874e-08
2.02348e-08
1.79878e-08
1.78308e-08
1.86581e-08
1.97169e-08
2.0288e-08
2.03056e-08
2.02466e-08
2.06986e-08
2.12873e-08
2.10546e-08
2.02228e-08
1.98381e-08
2.02257e-08
2.07958e-08
2.06335e-08
1.93901e-08
1.77531e-08
1.71837e-08
1.84493e-08
2.0516e-08
2.20001e-08
2.26793e-08
2.28345e-08
2.2612e-08
2.21729e-08
2.17578e-08
2.1374e-08
2.08547e-08
2.03472e-08
2.0184e-08
2.01761e-08
2.00454e-08
2.00971e-08
2.03704e-08
2.05777e-08
2.05956e-08
2.04432e-08
2.00541e-08
1.95362e-08
1.88281e-08
1.66559e-08
1.66959e-08
1.75664e-08
1.85374e-08
1.91262e-08
1.93719e-08
1.95099e-08
1.99471e-08
2.05887e-08
2.0576e-08
1.98216e-08
1.92786e-08
1.94513e-08
1.98079e-08
1.95523e-08
1.85161e-08
1.73104e-08
1.70203e-08
1.82135e-08
2.00653e-08
2.1335e-08
2.18775e-08
2.19824e-08
2.17344e-08
2.12789e-08
2.08669e-08
2.05585e-08
2.00997e-08
1.95266e-08
1.92585e-08
1.92297e-08
1.91655e-08
1.92741e-08
1.95416e-08
1.96291e-08
1.95182e-08
1.94183e-08
1.91699e-08
1.84946e-08
1.74838e-08
1.57858e-08
1.59613e-08
1.66974e-08
1.75294e-08
1.81908e-08
1.86471e-08
1.89535e-08
1.93126e-08
1.98375e-08
2.00345e-08
1.95776e-08
1.92214e-08
1.93995e-08
1.95452e-08
1.8934e-08
1.77094e-08
1.66146e-08
1.64432e-08
1.75839e-08
1.92845e-08
2.04338e-08
2.09489e-08
2.11118e-08
2.08791e-08
2.03548e-08
1.99333e-08
1.96852e-08
1.93844e-08
1.89436e-08
1.8694e-08
1.85344e-08
1.82582e-08
1.82316e-08
1.84986e-08
1.8554e-08
1.82967e-08
1.82116e-08
1.81671e-08
1.75536e-08
1.64812e-08
1.48134e-08
1.51257e-08
1.58241e-08
1.66359e-08
1.74455e-08
1.81717e-08
1.85601e-08
1.87691e-08
1.91483e-08
1.94878e-08
1.93315e-08
1.90672e-08
1.91021e-08
1.91424e-08
1.86195e-08
1.74861e-08
1.63066e-08
1.59842e-08
1.6952e-08
1.85165e-08
1.96051e-08
2.00201e-08
2.00612e-08
1.97388e-08
1.92479e-08
1.89214e-08
1.87552e-08
1.85567e-08
1.81625e-08
1.78364e-08
1.75856e-08
1.7244e-08
1.71685e-08
1.74495e-08
1.74625e-08
1.70098e-08
1.67015e-08
1.66708e-08
1.62193e-08
1.52962e-08
1.44208e-08
1.47046e-08
1.53614e-08
1.61283e-08
1.70592e-08
1.79224e-08
1.84067e-08
1.86176e-08
1.88446e-08
1.90088e-08
1.88004e-08
1.84807e-08
1.83707e-08
1.83887e-08
1.8158e-08
1.74666e-08
1.64674e-08
1.59488e-08
1.64946e-08
1.77496e-08
1.8828e-08
1.94092e-08
1.95075e-08
1.90799e-08
1.8477e-08
1.80454e-08
1.78007e-08
1.76069e-08
1.73493e-08
1.70589e-08
1.67236e-08
1.6317e-08
1.62324e-08
1.65517e-08
1.67051e-08
1.62697e-08
1.57363e-08
1.56082e-08
1.54259e-08
1.48118e-08
1.45448e-08
1.46751e-08
1.50849e-08
1.56513e-08
1.65472e-08
1.75294e-08
1.81824e-08
1.84635e-08
1.87677e-08
1.89943e-08
1.87731e-08
1.83204e-08
1.80024e-08
1.78251e-08
1.75685e-08
1.70639e-08
1.62845e-08
1.58118e-08
1.62193e-08
1.72556e-08
1.81852e-08
1.87922e-08
1.90694e-08
1.87735e-08
1.81369e-08
1.76248e-08
1.7301e-08
1.70306e-08
1.67792e-08
1.65967e-08
1.62693e-08
1.57976e-08
1.55525e-08
1.5724e-08
1.59261e-08
1.56594e-08
1.51549e-08
1.49702e-08
1.49815e-08
1.47731e-08
1.43805e-08
1.44775e-08
1.47043e-08
1.5091e-08
1.58539e-08
1.68176e-08
1.75622e-08
1.79863e-08
1.84014e-08
1.87328e-08
1.86408e-08
1.826e-08
1.78847e-08
1.76083e-08
1.73352e-08
1.69345e-08
1.63261e-08
1.58706e-08
1.60251e-08
1.66534e-08
1.73142e-08
1.79551e-08
1.83817e-08
1.82258e-08
1.76386e-08
1.71084e-08
1.67182e-08
1.63436e-08
1.61309e-08
1.61584e-08
1.60446e-08
1.55709e-08
1.51256e-08
1.51074e-08
1.53183e-08
1.52182e-08
1.48061e-08
1.44917e-08
1.44158e-08
1.44019e-08
1.38492e-08
1.39879e-08
1.4229e-08
1.45945e-08
1.51436e-08
1.58645e-08
1.64973e-08
1.69426e-08
1.74033e-08
1.78031e-08
1.78779e-08
1.7684e-08
1.74908e-08
1.73125e-08
1.70314e-08
1.65871e-08
1.60173e-08
1.559e-08
1.57199e-08
1.62848e-08
1.68053e-08
1.72934e-08
1.77396e-08
1.77173e-08
1.72281e-08
1.67613e-08
1.64342e-08
1.61083e-08
1.58346e-08
1.57815e-08
1.57524e-08
1.54971e-08
1.51644e-08
1.5042e-08
1.50778e-08
1.49391e-08
1.45735e-08
1.42533e-08
1.40085e-08
1.38502e-08
1.34828e-08
1.34646e-08
1.36194e-08
1.39495e-08
1.44165e-08
1.49564e-08
1.54587e-08
1.58609e-08
1.63039e-08
1.67121e-08
1.68512e-08
1.6801e-08
1.67109e-08
1.6619e-08
1.64545e-08
1.61296e-08
1.5655e-08
1.52121e-08
1.51894e-08
1.56553e-08
1.61725e-08
1.65934e-08
1.69943e-08
1.70955e-08
1.68359e-08
1.65096e-08
1.6179e-08
1.58016e-08
1.55409e-08
1.54331e-08
1.53663e-08
1.52041e-08
1.503e-08
1.49974e-08
1.50454e-08
1.49068e-08
1.45457e-08
1.41897e-08
1.38866e-08
1.36348e-08
1.32125e-08
1.31388e-08
1.32549e-08
1.35232e-08
1.38771e-08
1.4322e-08
1.47838e-08
1.51285e-08
1.54714e-08
1.58349e-08
1.60685e-08
1.61256e-08
1.60856e-08
1.60111e-08
1.5854e-08
1.56241e-08
1.53235e-08
1.50252e-08
1.50116e-08
1.53472e-08
1.56891e-08
1.59634e-08
1.62602e-08
1.63977e-08
1.63205e-08
1.61735e-08
1.59337e-08
1.55824e-08
1.53538e-08
1.52784e-08
1.51782e-08
1.5032e-08
1.48898e-08
1.48015e-08
1.47873e-08
1.46695e-08
1.44086e-08
1.40479e-08
1.36951e-08
1.34083e-08
1.31855e-08
1.29901e-08
1.29472e-08
1.31353e-08
1.34928e-08
1.40158e-08
1.46259e-08
1.51499e-08
1.55197e-08
1.57544e-08
1.58374e-08
1.57575e-08
1.56406e-08
1.55432e-08
1.54594e-08
1.54336e-08
1.53481e-08
1.51431e-08
1.50249e-08
1.51758e-08
1.54215e-08
1.56475e-08
1.588e-08
1.59855e-08
1.59306e-08
1.5821e-08
1.56576e-08
1.53625e-08
1.50936e-08
1.49435e-08
1.48176e-08
1.47107e-08
1.4618e-08
1.45005e-08
1.43982e-08
1.43079e-08
1.41788e-08
1.39601e-08
1.37072e-08
1.34464e-08
1.33363e-08
1.31778e-08
1.30842e-08
1.3136e-08
1.33687e-08
1.3763e-08
1.42608e-08
1.4713e-08
1.50738e-08
1.53819e-08
1.55702e-08
1.56044e-08
1.5553e-08
1.54745e-08
1.53669e-08
1.52858e-08
1.51784e-08
1.49868e-08
1.48251e-08
1.48659e-08
1.49962e-08
1.51501e-08
1.54422e-08
1.57763e-08
1.59324e-08
1.58304e-08
1.54896e-08
1.5039e-08
1.47296e-08
1.46396e-08
1.45985e-08
1.44645e-08
1.42069e-08
1.38351e-08
1.35236e-08
1.34426e-08
1.35169e-08
1.35531e-08
1.35403e-08
1.34751e-08
1.31552e-08
1.30152e-08
1.29315e-08
1.29899e-08
1.31803e-08
1.34559e-08
1.38153e-08
1.41475e-08
1.442e-08
1.46529e-08
1.47791e-08
1.48112e-08
1.48061e-08
1.4826e-08
1.48643e-08
1.48834e-08
1.48582e-08
1.47002e-08
1.45061e-08
1.45022e-08
1.4655e-08
1.48032e-08
1.49537e-08
1.51224e-08
1.51963e-08
1.51227e-08
1.49239e-08
1.46743e-08
1.45141e-08
1.45428e-08
1.45775e-08
1.44722e-08
1.42477e-08
1.38892e-08
1.34903e-08
1.32235e-08
1.31222e-08
1.3102e-08
1.31532e-08
1.32068e-08
1.27484e-08
1.27021e-08
1.26813e-08
1.2736e-08
1.28661e-08
1.31023e-08
1.34404e-08
1.38204e-08
1.4175e-08
1.44936e-08
1.47026e-08
1.47765e-08
1.47383e-08
1.46206e-08
1.4485e-08
1.43698e-08
1.42827e-08
1.41867e-08
1.40958e-08
1.41018e-08
1.42257e-08
1.43656e-08
1.44981e-08
1.46755e-08
1.48152e-08
1.481e-08
1.46489e-08
1.44504e-08
1.42817e-08
1.42822e-08
1.43677e-08
1.43361e-08
1.41239e-08
1.37314e-08
1.32629e-08
1.29041e-08
1.27259e-08
1.26452e-08
1.26626e-08
1.27316e-08
1.21822e-08
1.22231e-08
1.23341e-08
1.24833e-08
1.26645e-08
1.28686e-08
1.31055e-08
1.34062e-08
1.37432e-08
1.41269e-08
1.44369e-08
1.46112e-08
1.46577e-08
1.46082e-08
1.45107e-08
1.43549e-08
1.41252e-08
1.39321e-08
1.37994e-08
1.37502e-08
1.3842e-08
1.40051e-08
1.41592e-08
1.43104e-08
1.44372e-08
1.44442e-08
1.43622e-08
1.42546e-08
1.4148e-08
1.40508e-08
1.40041e-08
1.38959e-08
1.36691e-08
1.33579e-08
1.30636e-08
1.28341e-08
1.26177e-08
1.23934e-08
1.22337e-08
1.21746e-08
2.1098e-08
2.06804e-08
2.13045e-08
2.23638e-08
2.29332e-08
2.27282e-08
2.22679e-08
2.22579e-08
2.27185e-08
2.30381e-08
2.31561e-08
2.33688e-08
2.36357e-08
2.38095e-08
2.37018e-08
2.30471e-08
2.20795e-08
2.16933e-08
2.23934e-08
2.34953e-08
2.4283e-08
2.48514e-08
2.50889e-08
2.44746e-08
2.34828e-08
2.34452e-08
2.40678e-08
2.40753e-08
2.38095e-08
2.40282e-08
2.36158e-08
2.19536e-08
2.08636e-08
2.18799e-08
2.37647e-08
2.47133e-08
2.45493e-08
2.40051e-08
2.32727e-08
2.21919e-08
2.12397e-08
2.08298e-08
2.14703e-08
2.25394e-08
2.3109e-08
2.28941e-08
2.24137e-08
2.23843e-08
2.2844e-08
2.31658e-08
2.32784e-08
2.34872e-08
2.37599e-08
2.39405e-08
2.38254e-08
2.31506e-08
2.21653e-08
2.1776e-08
2.24965e-08
2.3621e-08
2.44182e-08
2.4999e-08
2.52549e-08
2.46464e-08
2.36401e-08
2.35982e-08
2.42398e-08
2.42541e-08
2.39694e-08
2.41815e-08
2.37773e-08
2.21023e-08
2.09887e-08
2.20069e-08
2.39133e-08
2.48703e-08
2.4703e-08
2.41541e-08
2.34205e-08
2.23368e-08
2.15577e-08
2.11516e-08
2.18e-08
2.28494e-08
2.33753e-08
2.31317e-08
2.26496e-08
2.26124e-08
2.30652e-08
2.33992e-08
2.35251e-08
2.37461e-08
2.4036e-08
2.42333e-08
2.41183e-08
2.3421e-08
2.24068e-08
2.20089e-08
2.27413e-08
2.38853e-08
2.47094e-08
2.53286e-08
2.56126e-08
2.49961e-08
2.39641e-08
2.39284e-08
2.46107e-08
2.46407e-08
2.43318e-08
2.45263e-08
2.41394e-08
2.24765e-08
2.13542e-08
2.2374e-08
2.42931e-08
2.52476e-08
2.50648e-08
2.45082e-08
2.37662e-08
2.26672e-08
2.18974e-08
2.14878e-08
2.21534e-08
2.32041e-08
2.36859e-08
2.33729e-08
2.28529e-08
2.28214e-08
2.32939e-08
2.36441e-08
2.37512e-08
2.39775e-08
2.43298e-08
2.46027e-08
2.45143e-08
2.37708e-08
2.26964e-08
2.22746e-08
2.30078e-08
2.41511e-08
2.50055e-08
2.57003e-08
2.60387e-08
2.53876e-08
2.42724e-08
2.42336e-08
2.49771e-08
2.50492e-08
2.475e-08
2.49662e-08
2.46157e-08
2.29744e-08
2.18625e-08
2.28975e-08
2.48067e-08
2.57194e-08
2.55258e-08
2.49761e-08
2.42084e-08
2.3051e-08
2.20675e-08
2.16209e-08
2.22875e-08
2.3372e-08
2.38753e-08
2.3497e-08
2.28684e-08
2.27785e-08
2.32657e-08
2.36833e-08
2.37893e-08
2.39748e-08
2.43819e-08
2.48036e-08
2.48363e-08
2.40813e-08
2.29137e-08
2.24306e-08
2.31494e-08
2.42641e-08
2.51068e-08
2.58757e-08
2.62725e-08
2.55606e-08
2.43329e-08
2.42953e-08
2.51408e-08
2.5286e-08
2.50058e-08
2.52162e-08
2.49018e-08
2.33118e-08
2.22222e-08
2.3298e-08
2.52477e-08
2.61313e-08
2.59221e-08
2.54016e-08
2.46e-08
2.33291e-08
2.20367e-08
2.14922e-08
2.2106e-08
2.31481e-08
2.36783e-08
2.33293e-08
2.26059e-08
2.23815e-08
2.28322e-08
2.33488e-08
2.34982e-08
2.3605e-08
2.40031e-08
2.45467e-08
2.47537e-08
2.41079e-08
2.2959e-08
2.24546e-08
2.31588e-08
2.42437e-08
2.50264e-08
2.57726e-08
2.61842e-08
2.54223e-08
2.40811e-08
2.40774e-08
2.51101e-08
2.53675e-08
2.50846e-08
2.52174e-08
2.48588e-08
2.32832e-08
2.22457e-08
2.33873e-08
2.54046e-08
2.62679e-08
2.60405e-08
2.55738e-08
2.48034e-08
2.34348e-08
2.16364e-08
2.09995e-08
2.15114e-08
2.23969e-08
2.2909e-08
2.27136e-08
2.20355e-08
2.1699e-08
2.20821e-08
2.26848e-08
2.2878e-08
2.28305e-08
2.31271e-08
2.3733e-08
2.40557e-08
2.35769e-08
2.26213e-08
2.22608e-08
2.30477e-08
2.41039e-08
2.47894e-08
2.54273e-08
2.58034e-08
2.50097e-08
2.35771e-08
2.35383e-08
2.47511e-08
2.52294e-08
2.49747e-08
2.49476e-08
2.44679e-08
2.28758e-08
2.1847e-08
2.30043e-08
2.50509e-08
2.59194e-08
2.57385e-08
2.5387e-08
2.46738e-08
2.32011e-08
2.09306e-08
2.02119e-08
2.06321e-08
2.13536e-08
2.1821e-08
2.18022e-08
2.12437e-08
2.08229e-08
2.11232e-08
2.17973e-08
2.20806e-08
2.18635e-08
2.18918e-08
2.24469e-08
2.28698e-08
2.26037e-08
2.19515e-08
2.18301e-08
2.27521e-08
2.38546e-08
2.44902e-08
2.50243e-08
2.53204e-08
2.4551e-08
2.30763e-08
2.28466e-08
2.40456e-08
2.47322e-08
2.45734e-08
2.44391e-08
2.3802e-08
2.22347e-08
2.12638e-08
2.23171e-08
2.42361e-08
2.50758e-08
2.49767e-08
2.47858e-08
2.4184e-08
2.26491e-08
1.99642e-08
1.91978e-08
1.95669e-08
2.02041e-08
2.06675e-08
2.08521e-08
2.05357e-08
2.01146e-08
2.02814e-08
2.08779e-08
2.12278e-08
2.10932e-08
2.09586e-08
2.12556e-08
2.15553e-08
2.14343e-08
2.10353e-08
2.11038e-08
2.21513e-08
2.34005e-08
2.40702e-08
2.45575e-08
2.48435e-08
2.41607e-08
2.26999e-08
2.22033e-08
2.31654e-08
2.39215e-08
2.38906e-08
2.37604e-08
2.30888e-08
2.15818e-08
2.06536e-08
2.15279e-08
2.3136e-08
2.3886e-08
2.38704e-08
2.3759e-08
2.32136e-08
2.17161e-08
1.8979e-08
1.81797e-08
1.85414e-08
1.917e-08
1.97011e-08
2.01003e-08
2.00337e-08
1.96884e-08
1.97312e-08
2.00843e-08
2.02785e-08
2.02697e-08
2.03387e-08
2.06111e-08
2.07086e-08
2.04158e-08
2.00631e-08
2.01966e-08
2.12916e-08
2.26619e-08
2.34103e-08
2.38304e-08
2.40269e-08
2.34429e-08
2.21779e-08
2.16185e-08
2.22815e-08
2.29409e-08
2.29802e-08
2.2865e-08
2.22483e-08
2.08775e-08
2.00607e-08
2.08111e-08
2.20983e-08
2.26632e-08
2.27166e-08
2.27006e-08
2.21946e-08
2.07411e-08
1.80524e-08
1.73499e-08
1.77526e-08
1.83225e-08
1.8889e-08
1.95241e-08
1.97263e-08
1.94241e-08
1.93448e-08
1.95377e-08
1.96253e-08
1.96328e-08
1.97352e-08
1.99759e-08
2.0037e-08
1.9719e-08
1.93486e-08
1.94456e-08
2.05075e-08
2.18887e-08
2.26436e-08
2.29971e-08
2.31089e-08
2.25686e-08
2.15248e-08
2.09914e-08
2.13937e-08
2.18849e-08
2.1933e-08
2.18406e-08
2.13489e-08
2.01875e-08
1.94974e-08
2.01589e-08
2.11685e-08
2.15617e-08
2.16551e-08
2.17231e-08
2.12181e-08
1.97447e-08
1.75095e-08
1.67157e-08
1.68543e-08
1.73555e-08
1.81573e-08
1.91219e-08
1.94529e-08
1.90629e-08
1.89124e-08
1.90682e-08
1.91261e-08
1.92606e-08
1.94602e-08
1.9503e-08
1.93407e-08
1.90607e-08
1.87936e-08
1.9032e-08
2.02159e-08
2.15472e-08
2.2022e-08
2.19735e-08
2.18374e-08
2.12352e-08
2.02745e-08
1.98281e-08
2.01596e-08
2.05422e-08
2.05638e-08
2.05233e-08
2.02355e-08
1.93563e-08
1.88224e-08
1.9341e-08
2.01164e-08
2.03601e-08
2.04766e-08
2.06863e-08
2.03351e-08
1.90374e-08
1.72239e-08
1.6332e-08
1.62397e-08
1.66383e-08
1.74718e-08
1.85292e-08
1.90886e-08
1.89747e-08
1.89577e-08
1.91539e-08
1.91091e-08
1.8964e-08
1.91238e-08
1.92697e-08
1.88226e-08
1.8081e-08
1.7747e-08
1.81921e-08
1.9634e-08
2.12117e-08
2.17024e-08
2.14033e-08
2.09448e-08
2.01655e-08
1.9163e-08
1.86461e-08
1.88773e-08
1.9216e-08
1.9266e-08
1.92625e-08
1.91197e-08
1.85093e-08
1.81557e-08
1.86724e-08
1.93328e-08
1.94123e-08
1.94085e-08
1.96849e-08
1.95924e-08
1.86204e-08
1.67951e-08
1.60184e-08
1.58726e-08
1.63086e-08
1.71211e-08
1.8064e-08
1.86227e-08
1.87487e-08
1.89886e-08
1.93205e-08
1.93769e-08
1.92039e-08
1.91149e-08
1.90306e-08
1.85353e-08
1.75065e-08
1.66305e-08
1.68466e-08
1.85275e-08
2.05039e-08
2.13066e-08
2.10192e-08
2.04763e-08
1.97174e-08
1.87721e-08
1.80688e-08
1.79741e-08
1.81154e-08
1.80888e-08
1.81286e-08
1.81578e-08
1.77898e-08
1.75176e-08
1.79674e-08
1.86224e-08
1.86794e-08
1.84695e-08
1.84891e-08
1.84356e-08
1.78223e-08
1.58725e-08
1.54003e-08
1.53683e-08
1.58529e-08
1.66166e-08
1.74126e-08
1.79608e-08
1.82868e-08
1.86041e-08
1.88961e-08
1.89479e-08
1.88366e-08
1.8651e-08
1.83611e-08
1.79053e-08
1.70641e-08
1.61648e-08
1.61346e-08
1.76003e-08
1.96277e-08
2.06732e-08
2.04498e-08
1.96568e-08
1.88407e-08
1.80899e-08
1.74634e-08
1.71511e-08
1.71295e-08
1.71375e-08
1.72132e-08
1.72858e-08
1.70975e-08
1.69583e-08
1.72977e-08
1.77633e-08
1.77343e-08
1.73899e-08
1.71911e-08
1.70203e-08
1.65488e-08
1.49052e-08
1.45722e-08
1.46012e-08
1.51319e-08
1.60726e-08
1.70254e-08
1.76254e-08
1.7959e-08
1.83761e-08
1.87975e-08
1.88829e-08
1.87393e-08
1.85169e-08
1.81007e-08
1.75167e-08
1.68509e-08
1.62564e-08
1.61213e-08
1.69007e-08
1.82187e-08
1.92215e-08
1.94756e-08
1.90526e-08
1.81673e-08
1.72572e-08
1.67055e-08
1.64999e-08
1.64426e-08
1.63882e-08
1.64266e-08
1.64746e-08
1.6313e-08
1.6138e-08
1.63397e-08
1.67133e-08
1.67141e-08
1.6361e-08
1.60779e-08
1.5842e-08
1.54183e-08
1.43288e-08
1.41072e-08
1.42111e-08
1.47783e-08
1.57011e-08
1.66307e-08
1.7286e-08
1.77226e-08
1.81759e-08
1.85673e-08
1.86557e-08
1.85784e-08
1.84329e-08
1.80627e-08
1.74704e-08
1.68508e-08
1.63623e-08
1.61882e-08
1.66488e-08
1.74505e-08
1.80605e-08
1.83053e-08
1.82553e-08
1.77846e-08
1.71242e-08
1.66988e-08
1.64324e-08
1.61559e-08
1.59238e-08
1.58468e-08
1.58592e-08
1.57391e-08
1.55434e-08
1.55716e-08
1.57789e-08
1.57381e-08
1.53504e-08
1.49716e-08
1.47867e-08
1.46226e-08
1.35751e-08
1.347e-08
1.36896e-08
1.43045e-08
1.51018e-08
1.58297e-08
1.63414e-08
1.66557e-08
1.70067e-08
1.73714e-08
1.75614e-08
1.75914e-08
1.7585e-08
1.74519e-08
1.71028e-08
1.66286e-08
1.61591e-08
1.59447e-08
1.62474e-08
1.67925e-08
1.70629e-08
1.71163e-08
1.71732e-08
1.70189e-08
1.67207e-08
1.65261e-08
1.63395e-08
1.60224e-08
1.57111e-08
1.55586e-08
1.55821e-08
1.55919e-08
1.54244e-08
1.52236e-08
1.51545e-08
1.5061e-08
1.4807e-08
1.44328e-08
1.40608e-08
1.37846e-08
1.32732e-08
1.30625e-08
1.3143e-08
1.35677e-08
1.4185e-08
1.48027e-08
1.52554e-08
1.55645e-08
1.59255e-08
1.63286e-08
1.65986e-08
1.67202e-08
1.67483e-08
1.66711e-08
1.64231e-08
1.60769e-08
1.57303e-08
1.55146e-08
1.56762e-08
1.61497e-08
1.64731e-08
1.65264e-08
1.6519e-08
1.63634e-08
1.60975e-08
1.594e-08
1.58028e-08
1.5566e-08
1.53218e-08
1.51715e-08
1.51024e-08
1.50602e-08
1.49763e-08
1.49366e-08
1.49359e-08
1.48618e-08
1.46643e-08
1.43841e-08
1.40076e-08
1.36137e-08
1.31297e-08
1.30646e-08
1.31072e-08
1.33225e-08
1.37023e-08
1.41472e-08
1.45652e-08
1.48781e-08
1.5199e-08
1.55822e-08
1.59449e-08
1.61408e-08
1.61304e-08
1.59644e-08
1.56873e-08
1.53801e-08
1.50815e-08
1.48832e-08
1.50088e-08
1.53857e-08
1.56195e-08
1.56708e-08
1.5776e-08
1.57729e-08
1.56436e-08
1.55888e-08
1.55349e-08
1.54074e-08
1.52996e-08
1.52278e-08
1.50758e-08
1.48526e-08
1.46227e-08
1.44975e-08
1.45718e-08
1.4664e-08
1.45718e-08
1.42237e-08
1.37487e-08
1.33486e-08
1.30056e-08
1.27821e-08
1.26931e-08
1.28589e-08
1.32728e-08
1.38448e-08
1.45045e-08
1.50495e-08
1.53645e-08
1.55195e-08
1.55242e-08
1.54235e-08
1.53102e-08
1.52407e-08
1.5164e-08
1.50269e-08
1.48666e-08
1.46999e-08
1.47436e-08
1.50765e-08
1.53803e-08
1.54797e-08
1.5504e-08
1.54371e-08
1.5232e-08
1.51015e-08
1.5044e-08
1.49864e-08
1.50351e-08
1.51545e-08
1.50979e-08
1.48537e-08
1.45122e-08
1.42137e-08
1.41301e-08
1.42221e-08
1.42574e-08
1.40954e-08
1.37511e-08
1.33426e-08
1.2842e-08
1.25875e-08
1.24907e-08
1.26151e-08
1.2982e-08
1.35099e-08
1.41079e-08
1.46279e-08
1.49675e-08
1.52066e-08
1.53557e-08
1.53718e-08
1.52426e-08
1.50637e-08
1.4927e-08
1.48667e-08
1.48493e-08
1.47993e-08
1.48145e-08
1.49766e-08
1.51314e-08
1.51531e-08
1.5236e-08
1.5335e-08
1.5226e-08
1.49542e-08
1.46559e-08
1.44096e-08
1.44191e-08
1.4627e-08
1.47748e-08
1.46825e-08
1.43794e-08
1.40014e-08
1.37353e-08
1.37031e-08
1.37439e-08
1.36734e-08
1.34715e-08
1.31755e-08
1.28077e-08
1.2578e-08
1.24877e-08
1.258e-08
1.28347e-08
1.31832e-08
1.36074e-08
1.40227e-08
1.43854e-08
1.46476e-08
1.47679e-08
1.47712e-08
1.46915e-08
1.46079e-08
1.45557e-08
1.45413e-08
1.45607e-08
1.45552e-08
1.45672e-08
1.47213e-08
1.49215e-08
1.50029e-08
1.50278e-08
1.50375e-08
1.49216e-08
1.46924e-08
1.44276e-08
1.42282e-08
1.42359e-08
1.44153e-08
1.45281e-08
1.44524e-08
1.4213e-08
1.39044e-08
1.35855e-08
1.33789e-08
1.32691e-08
1.31781e-08
1.31164e-08
1.30219e-08
1.26367e-08
1.25749e-08
1.25337e-08
1.256e-08
1.27032e-08
1.30079e-08
1.34253e-08
1.38906e-08
1.42911e-08
1.45742e-08
1.47116e-08
1.47153e-08
1.46147e-08
1.44789e-08
1.43385e-08
1.42034e-08
1.41106e-08
1.40438e-08
1.40332e-08
1.4129e-08
1.42954e-08
1.44111e-08
1.45042e-08
1.46063e-08
1.46334e-08
1.45152e-08
1.42949e-08
1.40508e-08
1.3933e-08
1.39678e-08
1.40212e-08
1.39711e-08
1.37779e-08
1.34477e-08
1.30673e-08
1.28094e-08
1.26834e-08
1.26129e-08
1.26103e-08
1.26585e-08
1.22752e-08
1.23294e-08
1.23741e-08
1.2438e-08
1.25621e-08
1.27839e-08
1.31248e-08
1.35364e-08
1.39676e-08
1.43437e-08
1.4601e-08
1.47082e-08
1.46984e-08
1.46028e-08
1.44657e-08
1.42733e-08
1.40606e-08
1.38952e-08
1.38188e-08
1.38765e-08
1.4026e-08
1.4192e-08
1.43273e-08
1.44114e-08
1.44499e-08
1.4431e-08
1.43058e-08
1.41375e-08
1.39881e-08
1.3861e-08
1.37382e-08
1.35848e-08
1.3384e-08
1.31298e-08
1.28995e-08
1.26983e-08
1.25057e-08
1.23003e-08
1.21953e-08
1.2223e-08
1.93115e-08
1.85365e-08
1.83078e-08
1.91123e-08
2.0383e-08
2.13354e-08
2.17194e-08
2.16961e-08
2.13933e-08
2.10906e-08
2.12187e-08
2.13372e-08
2.11461e-08
2.15745e-08
2.28934e-08
2.37882e-08
2.34005e-08
2.27786e-08
2.25906e-08
2.20712e-08
2.10454e-08
2.05706e-08
2.10051e-08
2.15264e-08
2.18987e-08
2.24859e-08
2.29952e-08
2.30064e-08
2.26432e-08
2.16281e-08
1.95272e-08
1.75494e-08
1.75723e-08
1.945e-08
2.15415e-08
2.28159e-08
2.28711e-08
2.17899e-08
2.05662e-08
1.98952e-08
1.94087e-08
1.86341e-08
1.84041e-08
1.92067e-08
2.04816e-08
2.14419e-08
2.1836e-08
2.18222e-08
2.15198e-08
2.12044e-08
2.13255e-08
2.14411e-08
2.12395e-08
2.16592e-08
2.29988e-08
2.39274e-08
2.35463e-08
2.29081e-08
2.27154e-08
2.21961e-08
2.1154e-08
2.06576e-08
2.10841e-08
2.16026e-08
2.19742e-08
2.25772e-08
2.3119e-08
2.31542e-08
2.28067e-08
2.17915e-08
1.96545e-08
1.76219e-08
1.76246e-08
1.95239e-08
2.16376e-08
2.29254e-08
2.29891e-08
2.19004e-08
2.06606e-08
1.99852e-08
1.96755e-08
1.88965e-08
1.86252e-08
1.94022e-08
2.06936e-08
2.16833e-08
2.20796e-08
2.20549e-08
2.17484e-08
2.14277e-08
2.15448e-08
2.16611e-08
2.14593e-08
2.19026e-08
2.33085e-08
2.43044e-08
2.39394e-08
2.32802e-08
2.30674e-08
2.25142e-08
2.1417e-08
2.08842e-08
2.13078e-08
2.18384e-08
2.22249e-08
2.28561e-08
2.34302e-08
2.34823e-08
2.31427e-08
2.21121e-08
1.99125e-08
1.78095e-08
1.77937e-08
1.97115e-08
2.18441e-08
2.31592e-08
2.32512e-08
2.21444e-08
2.08777e-08
2.02213e-08
1.99916e-08
1.92591e-08
1.89497e-08
1.96505e-08
2.09549e-08
2.20099e-08
2.24197e-08
2.23627e-08
2.20196e-08
2.16594e-08
2.17642e-08
2.18891e-08
2.16951e-08
2.21895e-08
2.37052e-08
2.48193e-08
2.44982e-08
2.38038e-08
2.35469e-08
2.29484e-08
2.17855e-08
2.11981e-08
2.16125e-08
2.21488e-08
2.25672e-08
2.3265e-08
2.39061e-08
2.39886e-08
2.36528e-08
2.25791e-08
2.0283e-08
1.8104e-08
1.81018e-08
2.00445e-08
2.21322e-08
2.34099e-08
2.35368e-08
2.2444e-08
2.11313e-08
2.04709e-08
2.0212e-08
1.95571e-08
1.92478e-08
1.98626e-08
2.11735e-08
2.23523e-08
2.28427e-08
2.27668e-08
2.23324e-08
2.18541e-08
2.19004e-08
2.20426e-08
2.18852e-08
2.24421e-08
2.40717e-08
2.53205e-08
2.50563e-08
2.4289e-08
2.39413e-08
2.331e-08
2.21497e-08
2.15487e-08
2.19176e-08
2.23993e-08
2.28084e-08
2.3596e-08
2.43643e-08
2.453e-08
2.421e-08
2.30868e-08
2.06862e-08
1.84105e-08
1.84132e-08
2.03912e-08
2.24137e-08
2.36068e-08
2.37468e-08
2.27158e-08
2.13808e-08
2.06669e-08
2.03047e-08
1.97082e-08
1.94416e-08
1.9993e-08
2.12794e-08
2.26017e-08
2.32438e-08
2.31907e-08
2.26714e-08
2.20506e-08
2.19984e-08
2.21509e-08
2.20016e-08
2.25718e-08
2.42801e-08
2.56813e-08
2.55172e-08
2.47212e-08
2.42712e-08
2.36091e-08
2.24864e-08
2.18857e-08
2.21512e-08
2.24946e-08
2.28491e-08
2.36889e-08
2.45992e-08
2.49281e-08
2.47079e-08
2.35617e-08
2.10344e-08
1.86246e-08
1.86011e-08
2.05875e-08
2.25423e-08
2.36482e-08
2.382e-08
2.28792e-08
2.15684e-08
2.0791e-08
2.03078e-08
1.97541e-08
1.9548e-08
2.00512e-08
2.127e-08
2.267e-08
2.34887e-08
2.35389e-08
2.29737e-08
2.21829e-08
2.19286e-08
2.19957e-08
2.185e-08
2.24215e-08
2.41529e-08
2.56574e-08
2.5718e-08
2.50232e-08
2.45221e-08
2.37944e-08
2.26725e-08
2.20811e-08
2.22537e-08
2.24023e-08
2.26102e-08
2.34645e-08
2.45712e-08
2.51869e-08
2.52005e-08
2.41296e-08
2.14817e-08
1.88403e-08
1.86524e-08
2.0622e-08
2.25625e-08
2.36014e-08
2.37898e-08
2.29473e-08
2.16821e-08
2.08489e-08
2.01989e-08
1.96618e-08
1.95024e-08
1.9975e-08
2.1062e-08
2.24213e-08
2.33386e-08
2.35176e-08
2.29977e-08
2.21213e-08
2.166e-08
2.15845e-08
2.14052e-08
2.19451e-08
2.36474e-08
2.52191e-08
2.54626e-08
2.49091e-08
2.44187e-08
2.36848e-08
2.2617e-08
2.21257e-08
2.22889e-08
2.22572e-08
2.22042e-08
2.291e-08
2.41067e-08
2.5006e-08
2.54327e-08
2.46855e-08
2.20479e-08
1.91571e-08
1.86413e-08
2.04498e-08
2.24272e-08
2.35289e-08
2.3765e-08
2.30089e-08
2.17594e-08
2.08352e-08
2.01268e-08
1.94926e-08
1.92806e-08
1.9691e-08
2.06166e-08
2.18412e-08
2.28131e-08
2.31512e-08
2.27476e-08
2.18805e-08
2.13493e-08
2.12323e-08
2.10179e-08
2.13847e-08
2.28411e-08
2.43167e-08
2.46916e-08
2.44014e-08
2.41306e-08
2.35199e-08
2.25392e-08
2.2129e-08
2.23488e-08
2.22012e-08
2.17884e-08
2.21433e-08
2.30944e-08
2.39231e-08
2.46005e-08
2.43752e-08
2.22593e-08
1.94993e-08
1.87059e-08
2.01278e-08
2.1929e-08
2.31363e-08
2.36068e-08
2.30273e-08
2.18474e-08
2.08708e-08
2.00619e-08
1.94095e-08
1.90961e-08
1.93244e-08
2.00184e-08
2.10562e-08
2.19912e-08
2.24862e-08
2.23026e-08
2.16045e-08
2.11331e-08
2.10081e-08
2.07932e-08
2.0942e-08
2.19142e-08
2.30228e-08
2.34225e-08
2.34546e-08
2.35483e-08
2.32346e-08
2.24297e-08
2.20437e-08
2.22344e-08
2.20221e-08
2.14058e-08
2.1406e-08
2.20664e-08
2.27716e-08
2.34096e-08
2.33812e-08
2.18042e-08
1.95482e-08
1.86844e-08
1.96008e-08
2.09556e-08
2.21341e-08
2.29265e-08
2.27217e-08
2.17635e-08
2.08264e-08
1.98877e-08
1.92845e-08
1.8787e-08
1.87324e-08
1.92226e-08
2.00313e-08
2.07739e-08
2.13743e-08
2.16133e-08
2.12379e-08
2.07613e-08
2.0482e-08
2.01905e-08
2.02047e-08
2.08475e-08
2.1595e-08
2.18418e-08
2.20095e-08
2.24119e-08
2.25181e-08
2.21167e-08
2.19031e-08
2.20368e-08
2.17313e-08
2.09671e-08
2.07033e-08
2.11519e-08
2.17228e-08
2.21583e-08
2.19462e-08
2.06167e-08
1.90433e-08
1.85923e-08
1.92025e-08
2.00269e-08
2.08848e-08
2.17012e-08
2.18438e-08
2.12314e-08
2.04928e-08
1.95834e-08
1.89095e-08
1.81267e-08
1.77872e-08
1.8248e-08
1.89931e-08
1.93799e-08
1.97582e-08
2.03811e-08
2.06591e-08
2.04225e-08
1.98239e-08
1.91465e-08
1.90159e-08
1.96057e-08
2.03197e-08
2.04373e-08
2.04706e-08
2.10447e-08
2.15025e-08
2.13632e-08
2.12532e-08
2.13524e-08
2.1039e-08
2.04068e-08
2.01573e-08
2.02848e-08
2.04176e-08
2.05113e-08
2.02416e-08
1.92828e-08
1.84321e-08
1.83e-08
1.86924e-08
1.91892e-08
1.98164e-08
2.05792e-08
2.09013e-08
2.05807e-08
2.00705e-08
1.88234e-08
1.82099e-08
1.7421e-08
1.70144e-08
1.75597e-08
1.84591e-08
1.88394e-08
1.90615e-08
1.98072e-08
2.05539e-08
2.04963e-08
1.94566e-08
1.82473e-08
1.80204e-08
1.88449e-08
1.96505e-08
1.96003e-08
1.93994e-08
2.00088e-08
2.06814e-08
2.06392e-08
2.0482e-08
2.05066e-08
2.02402e-08
1.97941e-08
1.96875e-08
1.97546e-08
1.97035e-08
1.95246e-08
1.90679e-08
1.82376e-08
1.7717e-08
1.78184e-08
1.80675e-08
1.82174e-08
1.86612e-08
1.94781e-08
1.9946e-08
1.97655e-08
1.92947e-08
1.74502e-08
1.68474e-08
1.63444e-08
1.64341e-08
1.72186e-08
1.80683e-08
1.83718e-08
1.86644e-08
1.96803e-08
2.08572e-08
2.08934e-08
1.9408e-08
1.75499e-08
1.71753e-08
1.83361e-08
1.9281e-08
1.88583e-08
1.81228e-08
1.84824e-08
1.9351e-08
1.96562e-08
1.96472e-08
1.96317e-08
1.93444e-08
1.90311e-08
1.90268e-08
1.90893e-08
1.89597e-08
1.87522e-08
1.84844e-08
1.80044e-08
1.75234e-08
1.74304e-08
1.75651e-08
1.77938e-08
1.82155e-08
1.86817e-08
1.87393e-08
1.84076e-08
1.79388e-08
1.59631e-08
1.5367e-08
1.49779e-08
1.54213e-08
1.66003e-08
1.76301e-08
1.79664e-08
1.81826e-08
1.91476e-08
2.04789e-08
2.07861e-08
1.94142e-08
1.74464e-08
1.68019e-08
1.76962e-08
1.83279e-08
1.76403e-08
1.67585e-08
1.70193e-08
1.79648e-08
1.85345e-08
1.86374e-08
1.85743e-08
1.82971e-08
1.80667e-08
1.81884e-08
1.84536e-08
1.85845e-08
1.85037e-08
1.81576e-08
1.7625e-08
1.72231e-08
1.71979e-08
1.72946e-08
1.73343e-08
1.74029e-08
1.74246e-08
1.71602e-08
1.67452e-08
1.6379e-08
1.48691e-08
1.43951e-08
1.40184e-08
1.43971e-08
1.55764e-08
1.68092e-08
1.74491e-08
1.78159e-08
1.86073e-08
1.96559e-08
2.00012e-08
1.90386e-08
1.74552e-08
1.66443e-08
1.69902e-08
1.73326e-08
1.67186e-08
1.59047e-08
1.60865e-08
1.70549e-08
1.7826e-08
1.81212e-08
1.80594e-08
1.76233e-08
1.72872e-08
1.74333e-08
1.77833e-08
1.79925e-08
1.7932e-08
1.76104e-08
1.70688e-08
1.64847e-08
1.62576e-08
1.62867e-08
1.63273e-08
1.63312e-08
1.62776e-08
1.59965e-08
1.55315e-08
1.51781e-08
1.44689e-08
1.41143e-08
1.38427e-08
1.41102e-08
1.50415e-08
1.61248e-08
1.68709e-08
1.74236e-08
1.81061e-08
1.88263e-08
1.90914e-08
1.8526e-08
1.74377e-08
1.67559e-08
1.68513e-08
1.69572e-08
1.63553e-08
1.56749e-08
1.59636e-08
1.69149e-08
1.75069e-08
1.77404e-08
1.7895e-08
1.76984e-08
1.72992e-08
1.71772e-08
1.72371e-08
1.72446e-08
1.71208e-08
1.67359e-08
1.61339e-08
1.55282e-08
1.52713e-08
1.52997e-08
1.53317e-08
1.52662e-08
1.51597e-08
1.50395e-08
1.4856e-08
1.46829e-08
1.41397e-08
1.39962e-08
1.37724e-08
1.38273e-08
1.44116e-08
1.52486e-08
1.59676e-08
1.66047e-08
1.73584e-08
1.80477e-08
1.8301e-08
1.7912e-08
1.70985e-08
1.64812e-08
1.63676e-08
1.63974e-08
1.61465e-08
1.5869e-08
1.6154e-08
1.67701e-08
1.70884e-08
1.71196e-08
1.71389e-08
1.7034e-08
1.67861e-08
1.6639e-08
1.65805e-08
1.64886e-08
1.6367e-08
1.6166e-08
1.57951e-08
1.53209e-08
1.48997e-08
1.46785e-08
1.46238e-08
1.45841e-08
1.44812e-08
1.43398e-08
1.41645e-08
1.41352e-08
1.35561e-08
1.36644e-08
1.36163e-08
1.35879e-08
1.38862e-08
1.44718e-08
1.51011e-08
1.56814e-08
1.634e-08
1.69766e-08
1.72979e-08
1.71524e-08
1.6623e-08
1.61047e-08
1.5899e-08
1.59608e-08
1.59366e-08
1.58164e-08
1.59853e-08
1.63759e-08
1.65579e-08
1.65008e-08
1.65099e-08
1.6478e-08
1.62734e-08
1.60723e-08
1.59216e-08
1.58206e-08
1.58293e-08
1.57859e-08
1.55497e-08
1.51777e-08
1.4789e-08
1.45019e-08
1.44052e-08
1.4367e-08
1.42652e-08
1.40272e-08
1.3673e-08
1.34775e-08
1.28763e-08
1.30414e-08
1.31608e-08
1.32814e-08
1.35285e-08
1.39271e-08
1.43602e-08
1.47522e-08
1.52056e-08
1.57343e-08
1.61648e-08
1.63063e-08
1.6146e-08
1.58209e-08
1.54756e-08
1.52163e-08
1.5047e-08
1.50053e-08
1.5232e-08
1.5658e-08
1.58437e-08
1.58167e-08
1.58666e-08
1.58781e-08
1.57442e-08
1.55594e-08
1.53702e-08
1.52454e-08
1.52889e-08
1.53641e-08
1.52473e-08
1.49423e-08
1.45923e-08
1.43215e-08
1.42281e-08
1.42397e-08
1.41117e-08
1.37749e-08
1.32904e-08
1.29165e-08
1.27313e-08
1.26459e-08
1.27155e-08
1.29401e-08
1.32657e-08
1.36702e-08
1.41399e-08
1.45212e-08
1.48045e-08
1.50575e-08
1.52268e-08
1.52332e-08
1.50893e-08
1.48525e-08
1.45897e-08
1.43813e-08
1.42569e-08
1.42164e-08
1.4404e-08
1.48556e-08
1.51872e-08
1.52456e-08
1.52889e-08
1.53355e-08
1.52859e-08
1.51889e-08
1.50641e-08
1.49349e-08
1.49946e-08
1.51551e-08
1.51344e-08
1.49196e-08
1.46612e-08
1.44442e-08
1.43351e-08
1.42603e-08
1.41105e-08
1.38083e-08
1.34204e-08
1.30242e-08
1.26114e-08
1.24177e-08
1.24329e-08
1.26625e-08
1.30031e-08
1.33885e-08
1.38465e-08
1.43258e-08
1.47239e-08
1.50368e-08
1.52233e-08
1.51928e-08
1.4965e-08
1.46372e-08
1.43713e-08
1.42546e-08
1.42388e-08
1.42958e-08
1.45214e-08
1.49713e-08
1.531e-08
1.53274e-08
1.52148e-08
1.50977e-08
1.4931e-08
1.48352e-08
1.48022e-08
1.47928e-08
1.49012e-08
1.51033e-08
1.51071e-08
1.49071e-08
1.46483e-08
1.44552e-08
1.4384e-08
1.43738e-08
1.42245e-08
1.38635e-08
1.34155e-08
1.29698e-08
1.26146e-08
1.23247e-08
1.22361e-08
1.2372e-08
1.2676e-08
1.30261e-08
1.34129e-08
1.38472e-08
1.42917e-08
1.47063e-08
1.49715e-08
1.49905e-08
1.4802e-08
1.45147e-08
1.42e-08
1.4029e-08
1.40399e-08
1.41488e-08
1.43745e-08
1.47618e-08
1.51028e-08
1.51837e-08
1.51558e-08
1.5091e-08
1.4929e-08
1.47224e-08
1.45352e-08
1.44201e-08
1.44547e-08
1.46026e-08
1.46071e-08
1.43967e-08
1.41633e-08
1.39614e-08
1.3824e-08
1.37449e-08
1.36443e-08
1.3458e-08
1.32513e-08
1.29711e-08
1.24372e-08
1.23492e-08
1.23058e-08
1.23583e-08
1.25233e-08
1.28185e-08
1.32161e-08
1.36692e-08
1.40812e-08
1.44068e-08
1.45952e-08
1.45917e-08
1.44909e-08
1.43092e-08
1.40987e-08
1.38888e-08
1.37461e-08
1.37506e-08
1.38993e-08
1.42038e-08
1.45498e-08
1.4692e-08
1.46969e-08
1.46641e-08
1.4548e-08
1.44072e-08
1.42676e-08
1.41155e-08
1.40735e-08
1.40678e-08
1.39831e-08
1.38004e-08
1.35471e-08
1.32549e-08
1.30063e-08
1.2874e-08
1.27815e-08
1.26544e-08
1.25709e-08
1.25207e-08
1.2244e-08
1.22726e-08
1.22736e-08
1.23127e-08
1.24726e-08
1.27768e-08
1.32084e-08
1.36934e-08
1.41582e-08
1.45381e-08
1.47658e-08
1.48449e-08
1.48082e-08
1.46861e-08
1.44827e-08
1.42105e-08
1.39579e-08
1.37954e-08
1.37814e-08
1.39299e-08
1.41558e-08
1.43342e-08
1.44528e-08
1.44673e-08
1.44081e-08
1.43442e-08
1.41999e-08
1.4048e-08
1.39617e-08
1.38647e-08
1.37428e-08
1.35868e-08
1.33546e-08
1.3099e-08
1.28652e-08
1.26616e-08
1.24455e-08
1.22493e-08
1.217e-08
1.2209e-08
2.28463e-08
2.15071e-08
2.13186e-08
2.21471e-08
2.32156e-08
2.39976e-08
2.4286e-08
2.41878e-08
2.39663e-08
2.39597e-08
2.4291e-08
2.39938e-08
2.26799e-08
2.1531e-08
2.16966e-08
2.2681e-08
2.29708e-08
2.20659e-08
2.08106e-08
2.00898e-08
2.01028e-08
2.09558e-08
2.24246e-08
2.3732e-08
2.4139e-08
2.34792e-08
2.2478e-08
2.22058e-08
2.296e-08
2.39433e-08
2.40189e-08
2.28282e-08
2.14515e-08
2.11893e-08
2.20819e-08
2.33696e-08
2.45018e-08
2.52263e-08
2.52609e-08
2.44049e-08
2.30289e-08
2.16684e-08
2.14649e-08
2.22978e-08
2.3374e-08
2.41525e-08
2.44333e-08
2.43272e-08
2.40991e-08
2.40903e-08
2.44391e-08
2.41678e-08
2.28618e-08
2.16958e-08
2.18426e-08
2.2833e-08
2.31427e-08
2.22472e-08
2.09807e-08
2.02374e-08
2.02332e-08
2.10828e-08
2.25592e-08
2.38839e-08
2.43144e-08
2.36612e-08
2.26436e-08
2.23582e-08
2.31117e-08
2.41027e-08
2.41855e-08
2.29936e-08
2.16063e-08
2.13304e-08
2.22167e-08
2.35019e-08
2.46338e-08
2.53691e-08
2.54278e-08
2.45889e-08
2.34284e-08
2.20259e-08
2.17922e-08
2.26231e-08
2.37044e-08
2.4495e-08
2.47695e-08
2.46318e-08
2.4369e-08
2.43428e-08
2.47214e-08
2.44962e-08
2.32105e-08
2.20574e-08
2.22196e-08
2.32193e-08
2.35304e-08
2.26257e-08
2.13252e-08
2.05408e-08
2.05165e-08
2.13657e-08
2.28567e-08
2.422e-08
2.46965e-08
2.40542e-08
2.299e-08
2.26477e-08
2.33809e-08
2.43935e-08
2.45171e-08
2.33321e-08
2.19054e-08
2.15899e-08
2.24688e-08
2.37671e-08
2.49187e-08
2.56856e-08
2.57906e-08
2.4991e-08
2.39113e-08
2.24709e-08
2.21925e-08
2.30112e-08
2.40968e-08
2.4907e-08
2.52024e-08
2.5045e-08
2.4742e-08
2.46899e-08
2.50892e-08
2.49068e-08
2.36504e-08
2.25334e-08
2.27552e-08
2.38289e-08
2.4175e-08
2.32314e-08
2.18295e-08
2.09398e-08
2.08588e-08
2.17095e-08
2.32229e-08
2.46242e-08
2.51771e-08
2.45735e-08
2.34396e-08
2.29913e-08
2.36807e-08
2.47103e-08
2.48727e-08
2.37091e-08
2.2242e-08
2.1867e-08
2.27241e-08
2.40369e-08
2.52285e-08
2.60603e-08
2.62388e-08
2.54722e-08
2.43303e-08
2.28648e-08
2.25457e-08
2.33453e-08
2.44432e-08
2.52992e-08
2.56467e-08
2.54694e-08
2.51202e-08
2.50598e-08
2.54973e-08
2.53632e-08
2.41326e-08
2.30482e-08
2.33245e-08
2.45064e-08
2.49612e-08
2.40221e-08
2.24678e-08
2.13497e-08
2.11328e-08
2.19768e-08
2.35199e-08
2.48934e-08
2.54546e-08
2.49176e-08
2.37584e-08
2.31912e-08
2.38154e-08
2.48794e-08
2.51031e-08
2.39643e-08
2.24603e-08
2.20381e-08
2.28929e-08
2.42338e-08
2.54455e-08
2.63195e-08
2.65805e-08
2.587e-08
2.46239e-08
2.31502e-08
2.27592e-08
2.34981e-08
2.45889e-08
2.55042e-08
2.5919e-08
2.57388e-08
2.53645e-08
2.53163e-08
2.58043e-08
2.57378e-08
2.457e-08
2.35517e-08
2.38921e-08
2.51412e-08
2.56958e-08
2.483e-08
2.31914e-08
2.18016e-08
2.12991e-08
2.19777e-08
2.34736e-08
2.48001e-08
2.53046e-08
2.47947e-08
2.36674e-08
2.30308e-08
2.35957e-08
2.47412e-08
2.50949e-08
2.40366e-08
2.25557e-08
2.21152e-08
2.2951e-08
2.43263e-08
2.55638e-08
2.64455e-08
2.67282e-08
2.60955e-08
2.47543e-08
2.33195e-08
2.28302e-08
2.34909e-08
2.45763e-08
2.54938e-08
2.59344e-08
2.57911e-08
2.54191e-08
2.53553e-08
2.58371e-08
2.58298e-08
2.47502e-08
2.38103e-08
2.42135e-08
2.54875e-08
2.61589e-08
2.54746e-08
2.39161e-08
2.23665e-08
2.15443e-08
2.18947e-08
2.31548e-08
2.4341e-08
2.47561e-08
2.42244e-08
2.30977e-08
2.23794e-08
2.28889e-08
2.41563e-08
2.47199e-08
2.38574e-08
2.24856e-08
2.20502e-08
2.28652e-08
2.4237e-08
2.54761e-08
2.62887e-08
2.6555e-08
2.60476e-08
2.44672e-08
2.31699e-08
2.2611e-08
2.32213e-08
2.43531e-08
2.53044e-08
2.57561e-08
2.56331e-08
2.53058e-08
2.5236e-08
2.5663e-08
2.56876e-08
2.46159e-08
2.35931e-08
2.39696e-08
2.53398e-08
2.62672e-08
2.59579e-08
2.46802e-08
2.31222e-08
2.20392e-08
2.20275e-08
2.29623e-08
2.39272e-08
2.42369e-08
2.37137e-08
2.25343e-08
2.16003e-08
2.1902e-08
2.31694e-08
2.39059e-08
2.32956e-08
2.21603e-08
2.18018e-08
2.2548e-08
2.38513e-08
2.50111e-08
2.57109e-08
2.58918e-08
2.55008e-08
2.38316e-08
2.26246e-08
2.19891e-08
2.25175e-08
2.36083e-08
2.45229e-08
2.50415e-08
2.50512e-08
2.47946e-08
2.47242e-08
2.51463e-08
2.5218e-08
2.41584e-08
2.29638e-08
2.31844e-08
2.45905e-08
2.57873e-08
2.59525e-08
2.52136e-08
2.39159e-08
2.27124e-08
2.23604e-08
2.28972e-08
2.35699e-08
2.37833e-08
2.33778e-08
2.2299e-08
2.11625e-08
2.10854e-08
2.20246e-08
2.27251e-08
2.24128e-08
2.16869e-08
2.15076e-08
2.21765e-08
2.3414e-08
2.45167e-08
2.50177e-08
2.5015e-08
2.46786e-08
2.30054e-08
2.18002e-08
2.10965e-08
2.15196e-08
2.24677e-08
2.32507e-08
2.37741e-08
2.3951e-08
2.38945e-08
2.39359e-08
2.43478e-08
2.44792e-08
2.34644e-08
2.20239e-08
2.1821e-08
2.3054e-08
2.44555e-08
2.52249e-08
2.52044e-08
2.44175e-08
2.33378e-08
2.27678e-08
2.29142e-08
2.32351e-08
2.3284e-08
2.29281e-08
2.2012e-08
2.09189e-08
2.05888e-08
2.11895e-08
2.17555e-08
2.16304e-08
2.11939e-08
2.10714e-08
2.16021e-08
2.28087e-08
2.39393e-08
2.43586e-08
2.41879e-08
2.3787e-08
2.20044e-08
2.08398e-08
2.00687e-08
2.03293e-08
2.11261e-08
2.1847e-08
2.24392e-08
2.28451e-08
2.29687e-08
2.29908e-08
2.32542e-08
2.32994e-08
2.23859e-08
2.08434e-08
2.0146e-08
2.0923e-08
2.2247e-08
2.34626e-08
2.41392e-08
2.39897e-08
2.33454e-08
2.2954e-08
2.28769e-08
2.27632e-08
2.257e-08
2.22408e-08
2.15524e-08
2.0618e-08
2.01851e-08
2.05252e-08
2.09662e-08
2.10409e-08
2.09041e-08
2.08273e-08
2.12065e-08
2.23442e-08
2.35412e-08
2.38926e-08
2.34483e-08
2.28155e-08
2.10212e-08
1.98742e-08
1.91013e-08
1.9204e-08
1.98637e-08
2.06274e-08
2.14043e-08
2.2068e-08
2.24015e-08
2.23935e-08
2.23526e-08
2.21257e-08
2.11509e-08
1.95743e-08
1.85755e-08
1.88749e-08
1.99291e-08
2.12037e-08
2.23129e-08
2.28828e-08
2.28498e-08
2.2748e-08
2.2647e-08
2.22542e-08
2.17285e-08
2.12981e-08
2.07307e-08
1.99067e-08
1.93994e-08
1.95835e-08
2.00504e-08
2.03445e-08
2.03658e-08
2.02908e-08
2.06051e-08
2.16843e-08
2.28752e-08
2.3205e-08
2.26753e-08
2.19138e-08
1.96834e-08
1.86176e-08
1.80121e-08
1.81933e-08
1.88102e-08
1.96069e-08
2.0503e-08
2.12267e-08
2.15311e-08
2.16106e-08
2.1658e-08
2.13306e-08
2.01834e-08
1.86282e-08
1.75936e-08
1.76732e-08
1.85124e-08
1.96409e-08
2.08311e-08
2.17651e-08
2.22052e-08
2.23441e-08
2.21299e-08
2.13477e-08
2.05231e-08
2.00806e-08
1.96488e-08
1.90094e-08
1.85837e-08
1.86766e-08
1.89838e-08
1.92131e-08
1.93145e-08
1.93359e-08
1.97099e-08
2.08007e-08
2.19319e-08
2.21163e-08
2.14725e-08
2.06379e-08
1.83723e-08
1.72509e-08
1.67072e-08
1.70637e-08
1.79309e-08
1.8891e-08
1.97055e-08
2.0206e-08
2.04836e-08
2.071e-08
2.09318e-08
2.05996e-08
1.94173e-08
1.79769e-08
1.71949e-08
1.7302e-08
1.77141e-08
1.81798e-08
1.89951e-08
2.00151e-08
2.08973e-08
2.14658e-08
2.14279e-08
2.05594e-08
1.95571e-08
1.89998e-08
1.87081e-08
1.83386e-08
1.80864e-08
1.81824e-08
1.83701e-08
1.84274e-08
1.83491e-08
1.82517e-08
1.86459e-08
1.98001e-08
2.09361e-08
2.1031e-08
2.02936e-08
1.94098e-08
1.73526e-08
1.6241e-08
1.56411e-08
1.60386e-08
1.69884e-08
1.7929e-08
1.86633e-08
1.9165e-08
1.94658e-08
1.97652e-08
1.99399e-08
1.96454e-08
1.87246e-08
1.7633e-08
1.70193e-08
1.68957e-08
1.68709e-08
1.70297e-08
1.76128e-08
1.84192e-08
1.92277e-08
1.99804e-08
2.02412e-08
1.96331e-08
1.87138e-08
1.81547e-08
1.79358e-08
1.77811e-08
1.77043e-08
1.77654e-08
1.77835e-08
1.77066e-08
1.76263e-08
1.74969e-08
1.76304e-08
1.83345e-08
1.91372e-08
1.92675e-08
1.87837e-08
1.81853e-08
1.63467e-08
1.54967e-08
1.49312e-08
1.52084e-08
1.60641e-08
1.70039e-08
1.78254e-08
1.84239e-08
1.87928e-08
1.90631e-08
1.91587e-08
1.88748e-08
1.81219e-08
1.71878e-08
1.66341e-08
1.64604e-08
1.62326e-08
1.61361e-08
1.66005e-08
1.73872e-08
1.80911e-08
1.87763e-08
1.91538e-08
1.87645e-08
1.79509e-08
1.7388e-08
1.72585e-08
1.72765e-08
1.73041e-08
1.73122e-08
1.72273e-08
1.70271e-08
1.68985e-08
1.68536e-08
1.69236e-08
1.7216e-08
1.75808e-08
1.76315e-08
1.72824e-08
1.69143e-08
1.55337e-08
1.49547e-08
1.45026e-08
1.46381e-08
1.52753e-08
1.61205e-08
1.69761e-08
1.77004e-08
1.81979e-08
1.8415e-08
1.83814e-08
1.80645e-08
1.7581e-08
1.70411e-08
1.65762e-08
1.6302e-08
1.6022e-08
1.57071e-08
1.58033e-08
1.63479e-08
1.69572e-08
1.76105e-08
1.80019e-08
1.77309e-08
1.70737e-08
1.66434e-08
1.65016e-08
1.65481e-08
1.66375e-08
1.65915e-08
1.63675e-08
1.601e-08
1.5815e-08
1.59332e-08
1.61979e-08
1.64326e-08
1.65963e-08
1.6502e-08
1.61664e-08
1.58713e-08
1.46694e-08
1.44952e-08
1.43314e-08
1.45093e-08
1.50802e-08
1.58417e-08
1.66032e-08
1.72532e-08
1.77188e-08
1.79202e-08
1.78269e-08
1.75187e-08
1.70991e-08
1.6699e-08
1.63438e-08
1.60234e-08
1.56737e-08
1.5317e-08
1.53781e-08
1.58162e-08
1.62478e-08
1.66256e-08
1.68648e-08
1.6757e-08
1.64035e-08
1.61437e-08
1.60061e-08
1.60518e-08
1.62014e-08
1.61593e-08
1.58702e-08
1.55146e-08
1.52336e-08
1.51598e-08
1.53238e-08
1.55658e-08
1.57153e-08
1.5599e-08
1.51555e-08
1.4787e-08
1.38281e-08
1.40543e-08
1.42506e-08
1.44982e-08
1.48955e-08
1.54696e-08
1.61571e-08
1.68004e-08
1.73057e-08
1.75717e-08
1.75251e-08
1.72423e-08
1.69203e-08
1.65901e-08
1.62332e-08
1.59173e-08
1.5594e-08
1.5303e-08
1.53408e-08
1.56491e-08
1.59282e-08
1.61412e-08
1.6252e-08
1.60679e-08
1.57057e-08
1.55001e-08
1.55133e-08
1.57212e-08
1.60022e-08
1.59783e-08
1.55672e-08
1.51063e-08
1.47709e-08
1.46997e-08
1.48669e-08
1.49795e-08
1.49676e-08
1.46958e-08
1.42086e-08
1.38241e-08
1.30533e-08
1.32152e-08
1.35894e-08
1.40033e-08
1.43908e-08
1.47362e-08
1.50818e-08
1.54511e-08
1.58433e-08
1.62568e-08
1.65272e-08
1.65062e-08
1.6295e-08
1.59977e-08
1.56663e-08
1.54137e-08
1.52471e-08
1.51616e-08
1.5309e-08
1.56406e-08
1.58752e-08
1.59995e-08
1.60516e-08
1.58481e-08
1.5421e-08
1.51024e-08
1.50116e-08
1.51146e-08
1.53849e-08
1.55113e-08
1.53015e-08
1.50091e-08
1.47513e-08
1.46007e-08
1.46251e-08
1.47127e-08
1.47041e-08
1.44692e-08
1.3951e-08
1.33324e-08
1.28881e-08
1.27749e-08
1.30757e-08
1.35666e-08
1.39931e-08
1.42578e-08
1.44786e-08
1.46702e-08
1.48737e-08
1.51441e-08
1.5379e-08
1.54102e-08
1.52311e-08
1.49145e-08
1.45964e-08
1.44104e-08
1.4313e-08
1.42811e-08
1.44863e-08
1.49179e-08
1.52887e-08
1.54817e-08
1.56253e-08
1.56009e-08
1.53473e-08
1.5111e-08
1.49605e-08
1.49252e-08
1.50756e-08
1.52172e-08
1.51155e-08
1.49248e-08
1.4806e-08
1.4668e-08
1.45408e-08
1.45174e-08
1.45012e-08
1.43587e-08
1.39808e-08
1.33964e-08
1.27811e-08
1.25653e-08
1.26467e-08
1.29313e-08
1.32991e-08
1.36662e-08
1.40823e-08
1.44548e-08
1.47443e-08
1.4969e-08
1.50798e-08
1.49997e-08
1.47355e-08
1.4435e-08
1.41622e-08
1.40118e-08
1.4005e-08
1.40993e-08
1.43749e-08
1.48843e-08
1.53328e-08
1.54815e-08
1.54772e-08
1.53585e-08
1.51002e-08
1.49171e-08
1.4895e-08
1.49828e-08
1.52032e-08
1.53793e-08
1.52809e-08
1.49824e-08
1.47143e-08
1.45557e-08
1.44819e-08
1.44295e-08
1.4272e-08
1.39906e-08
1.3627e-08
1.31979e-08
1.26938e-08
1.23895e-08
1.23514e-08
1.25747e-08
1.29595e-08
1.33695e-08
1.3787e-08
1.41788e-08
1.45492e-08
1.48844e-08
1.51099e-08
1.50734e-08
1.48514e-08
1.45126e-08
1.4157e-08
1.39249e-08
1.38923e-08
1.3979e-08
1.41967e-08
1.45829e-08
1.49834e-08
1.51919e-08
1.53029e-08
1.53635e-08
1.52454e-08
1.49981e-08
1.48177e-08
1.47359e-08
1.4783e-08
1.48731e-08
1.47291e-08
1.43494e-08
1.40218e-08
1.38393e-08
1.37798e-08
1.38006e-08
1.37654e-08
1.35997e-08
1.33745e-08
1.3082e-08
1.24233e-08
1.22819e-08
1.22936e-08
1.24622e-08
1.27585e-08
1.31455e-08
1.35715e-08
1.39493e-08
1.42173e-08
1.44291e-08
1.45496e-08
1.45251e-08
1.43984e-08
1.42075e-08
1.39764e-08
1.3754e-08
1.36133e-08
1.3597e-08
1.37622e-08
1.41126e-08
1.44885e-08
1.46746e-08
1.47471e-08
1.48058e-08
1.47873e-08
1.47103e-08
1.46251e-08
1.44828e-08
1.43793e-08
1.42813e-08
1.40785e-08
1.37714e-08
1.34779e-08
1.32113e-08
1.30339e-08
1.30139e-08
1.29945e-08
1.28919e-08
1.27596e-08
1.26102e-08
1.22877e-08
1.22165e-08
1.22089e-08
1.23009e-08
1.25433e-08
1.29028e-08
1.33601e-08
1.38429e-08
1.42562e-08
1.46141e-08
1.48128e-08
1.4874e-08
1.4855e-08
1.4766e-08
1.45636e-08
1.428e-08
1.4006e-08
1.38248e-08
1.38002e-08
1.39473e-08
1.41612e-08
1.43294e-08
1.44534e-08
1.44788e-08
1.44247e-08
1.43533e-08
1.42305e-08
1.41297e-08
1.40609e-08
1.39863e-08
1.38579e-08
1.36605e-08
1.33794e-08
1.3074e-08
1.28383e-08
1.2698e-08
1.25689e-08
1.24284e-08
1.23458e-08
1.23309e-08
2.16861e-08
2.16169e-08
2.2048e-08
2.27769e-08
2.3311e-08
2.35065e-08
2.35536e-08
2.34359e-08
2.33871e-08
2.35234e-08
2.35528e-08
2.33142e-08
2.31456e-08
2.34089e-08
2.4039e-08
2.41946e-08
2.30114e-08
2.11733e-08
2.0203e-08
2.02623e-08
2.08833e-08
2.1943e-08
2.2866e-08
2.29496e-08
2.23439e-08
2.13266e-08
2.01133e-08
1.96439e-08
2.07651e-08
2.26607e-08
2.35857e-08
2.33609e-08
2.30073e-08
2.31578e-08
2.37266e-08
2.44767e-08
2.51172e-08
2.48888e-08
2.36714e-08
2.23609e-08
2.18234e-08
2.17567e-08
2.21828e-08
2.29074e-08
2.34393e-08
2.36315e-08
2.36774e-08
2.356e-08
2.3516e-08
2.36601e-08
2.36965e-08
2.34587e-08
2.329e-08
2.35629e-08
2.42076e-08
2.43737e-08
2.31845e-08
2.13194e-08
2.03236e-08
2.03684e-08
2.09819e-08
2.20475e-08
2.29852e-08
2.30739e-08
2.24652e-08
2.14434e-08
2.02119e-08
1.971e-08
2.08147e-08
2.27284e-08
2.36856e-08
2.34813e-08
2.31361e-08
2.3289e-08
2.38639e-08
2.46266e-08
2.5283e-08
2.50595e-08
2.3827e-08
2.24997e-08
2.21476e-08
2.21098e-08
2.25432e-08
2.32399e-08
2.37354e-08
2.39142e-08
2.39732e-08
2.38731e-08
2.38453e-08
2.40007e-08
2.40382e-08
2.37876e-08
2.36059e-08
2.38747e-08
2.45656e-08
2.47965e-08
2.35991e-08
2.16568e-08
2.06036e-08
2.06411e-08
2.12595e-08
2.23268e-08
2.32543e-08
2.33146e-08
2.26748e-08
2.16432e-08
2.03838e-08
1.9848e-08
2.09668e-08
2.29435e-08
2.39649e-08
2.37928e-08
2.34537e-08
2.35887e-08
2.41395e-08
2.49071e-08
2.56165e-08
2.54347e-08
2.41891e-08
2.28245e-08
2.24967e-08
2.24904e-08
2.29986e-08
2.37151e-08
2.41671e-08
2.43057e-08
2.44076e-08
2.43768e-08
2.43498e-08
2.44713e-08
2.44876e-08
2.42242e-08
2.39865e-08
2.41985e-08
2.49467e-08
2.53533e-08
2.4287e-08
2.23106e-08
2.11557e-08
2.11277e-08
2.16998e-08
2.27066e-08
2.35519e-08
2.35214e-08
2.2832e-08
2.18053e-08
2.05132e-08
1.99268e-08
2.10855e-08
2.31884e-08
2.43267e-08
2.42179e-08
2.39026e-08
2.39972e-08
2.44657e-08
2.52047e-08
2.59759e-08
2.58647e-08
2.46326e-08
2.32186e-08
2.27261e-08
2.27154e-08
2.33419e-08
2.41536e-08
2.45832e-08
2.46526e-08
2.47843e-08
2.48938e-08
2.49485e-08
2.50164e-08
2.49603e-08
2.46471e-08
2.43302e-08
2.44438e-08
2.52285e-08
2.58092e-08
2.49189e-08
2.29756e-08
2.1735e-08
2.16428e-08
2.21778e-08
2.31141e-08
2.38375e-08
2.36602e-08
2.28874e-08
2.18718e-08
2.0554e-08
1.98845e-08
2.10791e-08
2.33279e-08
2.46029e-08
2.45506e-08
2.42576e-08
2.43536e-08
2.47565e-08
2.54081e-08
2.61891e-08
2.61413e-08
2.49569e-08
2.35185e-08
2.26602e-08
2.26033e-08
2.33138e-08
2.42979e-08
2.48176e-08
2.48725e-08
2.50195e-08
2.52693e-08
2.54629e-08
2.55664e-08
2.54477e-08
2.5042e-08
2.46094e-08
2.46081e-08
2.53804e-08
2.60181e-08
2.52097e-08
2.33339e-08
2.20969e-08
2.20061e-08
2.25407e-08
2.34452e-08
2.4104e-08
2.37631e-08
2.28065e-08
2.17546e-08
2.04747e-08
1.9742e-08
2.08869e-08
2.32349e-08
2.46396e-08
2.46478e-08
2.44029e-08
2.4551e-08
2.49571e-08
2.552e-08
2.62016e-08
2.61106e-08
2.49312e-08
2.35107e-08
2.22301e-08
2.20618e-08
2.27716e-08
2.39137e-08
2.46226e-08
2.4805e-08
2.50132e-08
2.53512e-08
2.56419e-08
2.57485e-08
2.55301e-08
2.49922e-08
2.44651e-08
2.44147e-08
2.51744e-08
2.58168e-08
2.5033e-08
2.32522e-08
2.20821e-08
2.20513e-08
2.26759e-08
2.36096e-08
2.41949e-08
2.37066e-08
2.25925e-08
2.14884e-08
2.02578e-08
1.94975e-08
2.05327e-08
2.28558e-08
2.43379e-08
2.44218e-08
2.42375e-08
2.4447e-08
2.48861e-08
2.54193e-08
2.60228e-08
2.58741e-08
2.46171e-08
2.31559e-08
2.15893e-08
2.12442e-08
2.18357e-08
2.30667e-08
2.39783e-08
2.43294e-08
2.46523e-08
2.50752e-08
2.53691e-08
2.54082e-08
2.50178e-08
2.43162e-08
2.37164e-08
2.37176e-08
2.45412e-08
2.52022e-08
2.44491e-08
2.27518e-08
2.16722e-08
2.16818e-08
2.23701e-08
2.33724e-08
2.39558e-08
2.33513e-08
2.21116e-08
2.105e-08
1.99747e-08
1.92288e-08
2.00698e-08
2.2203e-08
2.36863e-08
2.38391e-08
2.3726e-08
2.39967e-08
2.44779e-08
2.50475e-08
2.56484e-08
2.54756e-08
2.41554e-08
2.26202e-08
2.09874e-08
2.0448e-08
2.08873e-08
2.2174e-08
2.32504e-08
2.3669e-08
2.40239e-08
2.44882e-08
2.47643e-08
2.47058e-08
2.41704e-08
2.33087e-08
2.26073e-08
2.25787e-08
2.3409e-08
2.41119e-08
2.34812e-08
2.1982e-08
2.10953e-08
2.12149e-08
2.19508e-08
2.29427e-08
2.34539e-08
2.27536e-08
2.14211e-08
2.04147e-08
1.95761e-08
1.89796e-08
1.96345e-08
2.14522e-08
2.28203e-08
2.30324e-08
2.29723e-08
2.33107e-08
2.38784e-08
2.45051e-08
2.51018e-08
2.4906e-08
2.36314e-08
2.21383e-08
2.03828e-08
1.97573e-08
2.00798e-08
2.13441e-08
2.24606e-08
2.28855e-08
2.32092e-08
2.36865e-08
2.39247e-08
2.37474e-08
2.30978e-08
2.21549e-08
2.13323e-08
2.11096e-08
2.17615e-08
2.24949e-08
2.21284e-08
2.09886e-08
2.04449e-08
2.08229e-08
2.16417e-08
2.2541e-08
2.29755e-08
2.22898e-08
2.08526e-08
1.97739e-08
1.91764e-08
1.88282e-08
1.92888e-08
2.0646e-08
2.17597e-08
2.20175e-08
2.20516e-08
2.24623e-08
2.31474e-08
2.39182e-08
2.4515e-08
2.4159e-08
2.28824e-08
2.15082e-08
1.95918e-08
1.90514e-08
1.9244e-08
2.03024e-08
2.13692e-08
2.18377e-08
2.22056e-08
2.27064e-08
2.28929e-08
2.26114e-08
2.19538e-08
2.10301e-08
2.01235e-08
1.97596e-08
2.0239e-08
2.09125e-08
2.07066e-08
1.98718e-08
1.96485e-08
2.03653e-08
2.14184e-08
2.23615e-08
2.27435e-08
2.20531e-08
2.06042e-08
1.94772e-08
1.89603e-08
1.87132e-08
1.8915e-08
1.96669e-08
2.0384e-08
2.06609e-08
2.08554e-08
2.14454e-08
2.24136e-08
2.34613e-08
2.40367e-08
2.34174e-08
2.19322e-08
2.05594e-08
1.8643e-08
1.81457e-08
1.83267e-08
1.92949e-08
2.02933e-08
2.07404e-08
2.11183e-08
2.16656e-08
2.18541e-08
2.15549e-08
2.09564e-08
2.01708e-08
1.93742e-08
1.8944e-08
1.9122e-08
1.95818e-08
1.94826e-08
1.88602e-08
1.8831e-08
1.97979e-08
2.11001e-08
2.21277e-08
2.24171e-08
2.15978e-08
2.01701e-08
1.90895e-08
1.86539e-08
1.84057e-08
1.84012e-08
1.87894e-08
1.9252e-08
1.95453e-08
1.98413e-08
2.03644e-08
2.11936e-08
2.22466e-08
2.29514e-08
2.244e-08
2.10003e-08
1.9602e-08
1.81867e-08
1.75597e-08
1.7583e-08
1.84e-08
1.93605e-08
1.98811e-08
2.02759e-08
2.07047e-08
2.07363e-08
2.04025e-08
1.99741e-08
1.93679e-08
1.87186e-08
1.8366e-08
1.83467e-08
1.84916e-08
1.83517e-08
1.78638e-08
1.7985e-08
1.9077e-08
2.04443e-08
2.14658e-08
2.16869e-08
2.09038e-08
1.95444e-08
1.85314e-08
1.81272e-08
1.78766e-08
1.77123e-08
1.7812e-08
1.8088e-08
1.84412e-08
1.89226e-08
1.95409e-08
2.02822e-08
2.12054e-08
2.19034e-08
2.15932e-08
2.04235e-08
1.91711e-08
1.78555e-08
1.71499e-08
1.70322e-08
1.77071e-08
1.85863e-08
1.90411e-08
1.93605e-08
1.96995e-08
1.97389e-08
1.95035e-08
1.91756e-08
1.86298e-08
1.79487e-08
1.76651e-08
1.7702e-08
1.77213e-08
1.74574e-08
1.69665e-08
1.70993e-08
1.81712e-08
1.94527e-08
2.04008e-08
2.06583e-08
1.99577e-08
1.87915e-08
1.80284e-08
1.78446e-08
1.77365e-08
1.75159e-08
1.72755e-08
1.71873e-08
1.73738e-08
1.77616e-08
1.83374e-08
1.91652e-08
2.02092e-08
2.10072e-08
2.08559e-08
1.98832e-08
1.87946e-08
1.70657e-08
1.64155e-08
1.6357e-08
1.70406e-08
1.78731e-08
1.83313e-08
1.8601e-08
1.88748e-08
1.89216e-08
1.87439e-08
1.84588e-08
1.78998e-08
1.71886e-08
1.68423e-08
1.6946e-08
1.70335e-08
1.67549e-08
1.62995e-08
1.63695e-08
1.72631e-08
1.84469e-08
1.93396e-08
1.94515e-08
1.87423e-08
1.78362e-08
1.74569e-08
1.76024e-08
1.77212e-08
1.75465e-08
1.71922e-08
1.68363e-08
1.6704e-08
1.68618e-08
1.7303e-08
1.81522e-08
1.92583e-08
2.00446e-08
1.99187e-08
1.90035e-08
1.79499e-08
1.58659e-08
1.52414e-08
1.51949e-08
1.58416e-08
1.66652e-08
1.71757e-08
1.75285e-08
1.79014e-08
1.81598e-08
1.82088e-08
1.80459e-08
1.75695e-08
1.68735e-08
1.64738e-08
1.66008e-08
1.67658e-08
1.63518e-08
1.56641e-08
1.55312e-08
1.62754e-08
1.73957e-08
1.82733e-08
1.84266e-08
1.78091e-08
1.70495e-08
1.68209e-08
1.70937e-08
1.7389e-08
1.73623e-08
1.70131e-08
1.6602e-08
1.6372e-08
1.63555e-08
1.65341e-08
1.70531e-08
1.79103e-08
1.86846e-08
1.87292e-08
1.79041e-08
1.67959e-08
1.49887e-08
1.42001e-08
1.39262e-08
1.43803e-08
1.52422e-08
1.60539e-08
1.67196e-08
1.72918e-08
1.77022e-08
1.77657e-08
1.75257e-08
1.70828e-08
1.65648e-08
1.63409e-08
1.65559e-08
1.67994e-08
1.65062e-08
1.57618e-08
1.53333e-08
1.57251e-08
1.66262e-08
1.74649e-08
1.77779e-08
1.73379e-08
1.6657e-08
1.63243e-08
1.64223e-08
1.67454e-08
1.69131e-08
1.66699e-08
1.61971e-08
1.58227e-08
1.56742e-08
1.57488e-08
1.60912e-08
1.66679e-08
1.72224e-08
1.73485e-08
1.6848e-08
1.59331e-08
1.4424e-08
1.39365e-08
1.36141e-08
1.38099e-08
1.4441e-08
1.51908e-08
1.58445e-08
1.64092e-08
1.6912e-08
1.71986e-08
1.7234e-08
1.7025e-08
1.66409e-08
1.6367e-08
1.63726e-08
1.64312e-08
1.62006e-08
1.56809e-08
1.53867e-08
1.56834e-08
1.63319e-08
1.68875e-08
1.71453e-08
1.68752e-08
1.63037e-08
1.59157e-08
1.58618e-08
1.61019e-08
1.63613e-08
1.62833e-08
1.58867e-08
1.54971e-08
1.53107e-08
1.54e-08
1.57442e-08
1.6139e-08
1.63773e-08
1.62488e-08
1.56533e-08
1.49543e-08
1.36602e-08
1.36546e-08
1.37879e-08
1.40774e-08
1.4493e-08
1.49386e-08
1.53234e-08
1.57141e-08
1.61282e-08
1.64471e-08
1.66663e-08
1.67907e-08
1.66905e-08
1.63961e-08
1.61039e-08
1.58603e-08
1.55293e-08
1.51354e-08
1.50096e-08
1.53467e-08
1.58921e-08
1.63818e-08
1.66617e-08
1.64797e-08
1.5969e-08
1.56108e-08
1.55401e-08
1.57103e-08
1.59514e-08
1.59393e-08
1.56146e-08
1.52689e-08
1.51098e-08
1.51828e-08
1.5449e-08
1.56695e-08
1.56516e-08
1.52979e-08
1.46416e-08
1.39726e-08
1.30961e-08
1.32278e-08
1.36127e-08
1.40003e-08
1.42979e-08
1.45568e-08
1.47793e-08
1.50649e-08
1.54251e-08
1.57543e-08
1.59394e-08
1.59611e-08
1.58395e-08
1.5697e-08
1.55332e-08
1.53168e-08
1.5019e-08
1.47117e-08
1.46973e-08
1.51096e-08
1.56468e-08
1.60775e-08
1.63361e-08
1.62403e-08
1.58477e-08
1.55256e-08
1.53979e-08
1.54242e-08
1.55569e-08
1.55475e-08
1.52835e-08
1.50834e-08
1.50544e-08
1.5088e-08
1.51823e-08
1.52394e-08
1.51307e-08
1.47736e-08
1.41582e-08
1.3475e-08
1.31626e-08
1.31132e-08
1.34452e-08
1.38764e-08
1.42133e-08
1.43883e-08
1.4474e-08
1.46313e-08
1.4866e-08
1.51334e-08
1.53477e-08
1.53624e-08
1.51989e-08
1.49507e-08
1.47228e-08
1.45559e-08
1.43795e-08
1.42183e-08
1.43134e-08
1.47458e-08
1.52161e-08
1.5523e-08
1.56699e-08
1.56354e-08
1.54515e-08
1.53233e-08
1.52866e-08
1.52667e-08
1.53241e-08
1.52921e-08
1.50556e-08
1.48868e-08
1.49283e-08
1.50259e-08
1.51122e-08
1.51708e-08
1.50541e-08
1.47044e-08
1.42117e-08
1.36251e-08
1.3029e-08
1.28615e-08
1.30298e-08
1.33249e-08
1.36042e-08
1.38291e-08
1.4022e-08
1.42406e-08
1.4522e-08
1.47934e-08
1.49644e-08
1.49553e-08
1.47593e-08
1.45253e-08
1.43163e-08
1.42231e-08
1.41898e-08
1.41359e-08
1.42304e-08
1.46113e-08
1.5026e-08
1.52682e-08
1.53796e-08
1.53373e-08
1.51934e-08
1.51661e-08
1.52795e-08
1.54064e-08
1.54973e-08
1.54558e-08
1.51434e-08
1.47819e-08
1.46309e-08
1.46043e-08
1.46414e-08
1.46906e-08
1.4559e-08
1.42459e-08
1.38789e-08
1.34481e-08
1.28916e-08
1.26737e-08
1.27264e-08
1.29822e-08
1.32655e-08
1.35185e-08
1.37511e-08
1.39663e-08
1.426e-08
1.46031e-08
1.4842e-08
1.48784e-08
1.47425e-08
1.45238e-08
1.43025e-08
1.41614e-08
1.41387e-08
1.41179e-08
1.41779e-08
1.44086e-08
1.46937e-08
1.49203e-08
1.51178e-08
1.52676e-08
1.53038e-08
1.52736e-08
1.5257e-08
1.52042e-08
1.51486e-08
1.50286e-08
1.46489e-08
1.41232e-08
1.37645e-08
1.35907e-08
1.35771e-08
1.36973e-08
1.37353e-08
1.36079e-08
1.34281e-08
1.31998e-08
1.26452e-08
1.25904e-08
1.26511e-08
1.2842e-08
1.30931e-08
1.33812e-08
1.36914e-08
1.39244e-08
1.40583e-08
1.42153e-08
1.43168e-08
1.43409e-08
1.43588e-08
1.43309e-08
1.41879e-08
1.39902e-08
1.38316e-08
1.37782e-08
1.39011e-08
1.42319e-08
1.4529e-08
1.46303e-08
1.46483e-08
1.46485e-08
1.46714e-08
1.47391e-08
1.47572e-08
1.46944e-08
1.45457e-08
1.43373e-08
1.40033e-08
1.3631e-08
1.33825e-08
1.3203e-08
1.30908e-08
1.30824e-08
1.30474e-08
1.29184e-08
1.28021e-08
1.27281e-08
1.23538e-08
1.23195e-08
1.23177e-08
1.24613e-08
1.27247e-08
1.30757e-08
1.34631e-08
1.38223e-08
1.40874e-08
1.43464e-08
1.45464e-08
1.46836e-08
1.47801e-08
1.48055e-08
1.46712e-08
1.44224e-08
1.41683e-08
1.39845e-08
1.39616e-08
1.41023e-08
1.4276e-08
1.4355e-08
1.43941e-08
1.43404e-08
1.42539e-08
1.41673e-08
1.41063e-08
1.40358e-08
1.39574e-08
1.3835e-08
1.36459e-08
1.34404e-08
1.32338e-08
1.30042e-08
1.28339e-08
1.27359e-08
1.26218e-08
1.24548e-08
1.23554e-08
1.23563e-08
2.03618e-08
2.0328e-08
2.13845e-08
2.28027e-08
2.36689e-08
2.39309e-08
2.38934e-08
2.41502e-08
2.48539e-08
2.56246e-08
2.58041e-08
2.4802e-08
2.32539e-08
2.25195e-08
2.25991e-08
2.28877e-08
2.34172e-08
2.39167e-08
2.38438e-08
2.31481e-08
2.21768e-08
2.17615e-08
2.23149e-08
2.30426e-08
2.31932e-08
2.28915e-08
2.24352e-08
2.21558e-08
2.24232e-08
2.2918e-08
2.27622e-08
2.19632e-08
2.14752e-08
2.18695e-08
2.25531e-08
2.28696e-08
2.28139e-08
2.2588e-08
2.2153e-08
2.12611e-08
2.05e-08
2.04715e-08
2.15392e-08
2.29649e-08
2.38257e-08
2.4075e-08
2.40253e-08
2.4281e-08
2.4993e-08
2.5776e-08
2.59653e-08
2.49711e-08
2.34133e-08
2.26632e-08
2.27362e-08
2.30191e-08
2.35556e-08
2.40769e-08
2.40219e-08
2.33296e-08
2.23455e-08
2.19083e-08
2.24547e-08
2.31962e-08
2.33544e-08
2.30479e-08
2.25847e-08
2.23008e-08
2.25606e-08
2.30483e-08
2.28838e-08
2.20727e-08
2.15789e-08
2.19794e-08
2.2677e-08
2.30027e-08
2.2943e-08
2.27108e-08
2.22789e-08
2.13948e-08
2.07847e-08
2.07776e-08
2.18507e-08
2.32663e-08
2.41277e-08
2.43913e-08
2.43464e-08
2.46001e-08
2.53386e-08
2.61542e-08
2.63504e-08
2.53331e-08
2.37344e-08
2.29636e-08
2.30322e-08
2.3312e-08
2.38726e-08
2.44453e-08
2.44171e-08
2.36966e-08
2.2664e-08
2.21855e-08
2.27082e-08
2.34354e-08
2.36141e-08
2.33439e-08
2.28841e-08
2.25791e-08
2.28397e-08
2.33445e-08
2.31948e-08
2.23775e-08
2.18559e-08
2.22223e-08
2.2898e-08
2.32095e-08
2.31524e-08
2.29387e-08
2.25305e-08
2.16607e-08
2.10458e-08
2.1104e-08
2.22457e-08
2.36551e-08
2.44668e-08
2.47392e-08
2.47698e-08
2.50376e-08
2.57762e-08
2.66249e-08
2.68357e-08
2.58045e-08
2.41775e-08
2.33839e-08
2.34287e-08
2.36698e-08
2.42295e-08
2.4868e-08
2.491e-08
2.41871e-08
2.30707e-08
2.25018e-08
2.29897e-08
2.3724e-08
2.39211e-08
2.36919e-08
2.32631e-08
2.29393e-08
2.31754e-08
2.36798e-08
2.35452e-08
2.27494e-08
2.22272e-08
2.25427e-08
2.31336e-08
2.33825e-08
2.33194e-08
2.3133e-08
2.2757e-08
2.19041e-08
2.1072e-08
2.12087e-08
2.25144e-08
2.40054e-08
2.47522e-08
2.49548e-08
2.50266e-08
2.53598e-08
2.6117e-08
2.69911e-08
2.72418e-08
2.62368e-08
2.46124e-08
2.38297e-08
2.38783e-08
2.40559e-08
2.45406e-08
2.52078e-08
2.53574e-08
2.46976e-08
2.3529e-08
2.28356e-08
2.32349e-08
2.39405e-08
2.4139e-08
2.39386e-08
2.35381e-08
2.31946e-08
2.34029e-08
2.39082e-08
2.37947e-08
2.30187e-08
2.25002e-08
2.27807e-08
2.32694e-08
2.33882e-08
2.32924e-08
2.31544e-08
2.28005e-08
2.19358e-08
2.0909e-08
2.10673e-08
2.25382e-08
2.41941e-08
2.49672e-08
2.50664e-08
2.50772e-08
2.54469e-08
2.62777e-08
2.71945e-08
2.74596e-08
2.64684e-08
2.48666e-08
2.41204e-08
2.41891e-08
2.4274e-08
2.45638e-08
2.51279e-08
2.5372e-08
2.48897e-08
2.38237e-08
2.30559e-08
2.33376e-08
2.4015e-08
2.42048e-08
2.4008e-08
2.36408e-08
2.32957e-08
2.34564e-08
2.39132e-08
2.3815e-08
2.30634e-08
2.25164e-08
2.27306e-08
2.31578e-08
2.32001e-08
2.30983e-08
2.30329e-08
2.27096e-08
2.18151e-08
2.05902e-08
2.07002e-08
2.22586e-08
2.41207e-08
2.50484e-08
2.51181e-08
2.50177e-08
2.533e-08
2.61947e-08
2.71386e-08
2.73648e-08
2.63227e-08
2.47408e-08
2.40761e-08
2.42189e-08
2.41967e-08
2.42454e-08
2.46328e-08
2.49208e-08
2.46433e-08
2.38007e-08
2.31179e-08
2.33262e-08
2.39194e-08
2.41001e-08
2.39381e-08
2.35905e-08
2.3192e-08
2.32396e-08
2.35824e-08
2.35001e-08
2.28475e-08
2.22869e-08
2.23843e-08
2.27197e-08
2.27626e-08
2.27496e-08
2.27984e-08
2.24999e-08
2.15549e-08
2.01295e-08
2.00581e-08
2.15186e-08
2.35347e-08
2.46944e-08
2.48254e-08
2.46265e-08
2.48091e-08
2.55891e-08
2.65207e-08
2.671e-08
2.5654e-08
2.41278e-08
2.35759e-08
2.38006e-08
2.37608e-08
2.36889e-08
2.39736e-08
2.43209e-08
2.42357e-08
2.35784e-08
2.29898e-08
2.31614e-08
2.36994e-08
2.38838e-08
2.37367e-08
2.33825e-08
2.29108e-08
2.28392e-08
2.30852e-08
2.29869e-08
2.23864e-08
2.18353e-08
2.18854e-08
2.21685e-08
2.22198e-08
2.22749e-08
2.24135e-08
2.21678e-08
2.11925e-08
1.9623e-08
1.93761e-08
2.06424e-08
2.26228e-08
2.39557e-08
2.42416e-08
2.40262e-08
2.40467e-08
2.46197e-08
2.54348e-08
2.55845e-08
2.4569e-08
2.31341e-08
2.26921e-08
2.30578e-08
2.31312e-08
2.30517e-08
2.3259e-08
2.36697e-08
2.37664e-08
2.32741e-08
2.26981e-08
2.27741e-08
2.31797e-08
2.3318e-08
2.32161e-08
2.29158e-08
2.24301e-08
2.23299e-08
2.25752e-08
2.24841e-08
2.19116e-08
2.13804e-08
2.13847e-08
2.15845e-08
2.15522e-08
2.1575e-08
2.17324e-08
2.1585e-08
2.07133e-08
1.91361e-08
1.88245e-08
1.99024e-08
2.17253e-08
2.31151e-08
2.35198e-08
2.33286e-08
2.32422e-08
2.3637e-08
2.43111e-08
2.44108e-08
2.34288e-08
2.20286e-08
2.15648e-08
2.1993e-08
2.22477e-08
2.22689e-08
2.24423e-08
2.28411e-08
2.29886e-08
2.25372e-08
2.19177e-08
2.19008e-08
2.22333e-08
2.23501e-08
2.22825e-08
2.20283e-08
2.15863e-08
2.15029e-08
2.17152e-08
2.16417e-08
2.11583e-08
2.07019e-08
2.07087e-08
2.08671e-08
2.08021e-08
2.07739e-08
2.09146e-08
2.08542e-08
2.01584e-08
1.85845e-08
1.82541e-08
1.92462e-08
2.10093e-08
2.23879e-08
2.28212e-08
2.26471e-08
2.25099e-08
2.27893e-08
2.33213e-08
2.34042e-08
2.24516e-08
2.10102e-08
2.03703e-08
2.07126e-08
2.10977e-08
2.12296e-08
2.14197e-08
2.18231e-08
2.20451e-08
2.16274e-08
2.09658e-08
2.08927e-08
2.11879e-08
2.13569e-08
2.13648e-08
2.11178e-08
2.06676e-08
2.05299e-08
2.06548e-08
2.05509e-08
2.01197e-08
1.97773e-08
1.98372e-08
2.00662e-08
2.01157e-08
2.01429e-08
2.02196e-08
2.01192e-08
1.95242e-08
1.79252e-08
1.75484e-08
1.84212e-08
2.01109e-08
2.14828e-08
2.19414e-08
2.17962e-08
2.16832e-08
2.18955e-08
2.23554e-08
2.24575e-08
2.16767e-08
2.04084e-08
1.96093e-08
1.95871e-08
1.97716e-08
1.98831e-08
2.01072e-08
2.06661e-08
2.11696e-08
2.09594e-08
2.03027e-08
2.0068e-08
2.02579e-08
2.04414e-08
2.05955e-08
2.05024e-08
2.0135e-08
1.98987e-08
1.99025e-08
1.97805e-08
1.9461e-08
1.9287e-08
1.93518e-08
1.94998e-08
1.9602e-08
1.96846e-08
1.96543e-08
1.94248e-08
1.88221e-08
1.7383e-08
1.68081e-08
1.74749e-08
1.90271e-08
2.03669e-08
2.09305e-08
2.09682e-08
2.09299e-08
2.10004e-08
2.11594e-08
2.11512e-08
2.05964e-08
1.97567e-08
1.92152e-08
1.90462e-08
1.89246e-08
1.88151e-08
1.89573e-08
1.95762e-08
2.03018e-08
2.0366e-08
1.98037e-08
1.94581e-08
1.95017e-08
1.97305e-08
2.01084e-08
2.02676e-08
1.9993e-08
1.96517e-08
1.95186e-08
1.94172e-08
1.9294e-08
1.92655e-08
1.93607e-08
1.94708e-08
1.95948e-08
1.96734e-08
1.95217e-08
1.91201e-08
1.83921e-08
1.6933e-08
1.62338e-08
1.6632e-08
1.80302e-08
1.94439e-08
2.02097e-08
2.04426e-08
2.04853e-08
2.04311e-08
2.02915e-08
2.00303e-08
1.9491e-08
1.8907e-08
1.86262e-08
1.84907e-08
1.82084e-08
1.78989e-08
1.79295e-08
1.85874e-08
1.95486e-08
1.99958e-08
1.962e-08
1.91344e-08
1.90745e-08
1.93253e-08
1.98061e-08
2.01483e-08
2.0028e-08
1.95954e-08
1.92732e-08
1.91461e-08
1.91143e-08
1.9093e-08
1.91169e-08
1.92451e-08
1.95627e-08
1.98139e-08
1.95958e-08
1.89183e-08
1.80001e-08
1.64436e-08
1.56495e-08
1.58647e-08
1.71066e-08
1.85041e-08
1.93623e-08
1.97051e-08
1.98419e-08
1.97938e-08
1.96354e-08
1.93222e-08
1.88042e-08
1.83089e-08
1.80799e-08
1.79362e-08
1.75096e-08
1.69536e-08
1.67317e-08
1.72641e-08
1.82673e-08
1.89637e-08
1.89108e-08
1.8496e-08
1.82514e-08
1.83693e-08
1.89207e-08
1.94474e-08
1.94867e-08
1.91041e-08
1.86517e-08
1.84134e-08
1.83528e-08
1.83725e-08
1.84144e-08
1.85819e-08
1.89484e-08
1.92586e-08
1.91353e-08
1.84734e-08
1.75349e-08
1.5651e-08
1.48801e-08
1.49117e-08
1.59048e-08
1.72072e-08
1.81793e-08
1.87219e-08
1.89822e-08
1.90075e-08
1.87763e-08
1.84025e-08
1.79935e-08
1.77276e-08
1.77431e-08
1.77999e-08
1.74471e-08
1.67078e-08
1.60777e-08
1.61125e-08
1.67995e-08
1.75552e-08
1.77515e-08
1.74814e-08
1.7137e-08
1.70633e-08
1.74445e-08
1.7985e-08
1.82427e-08
1.80991e-08
1.77768e-08
1.75316e-08
1.74481e-08
1.7471e-08
1.75425e-08
1.76061e-08
1.78425e-08
1.81649e-08
1.81563e-08
1.75808e-08
1.66572e-08
1.51704e-08
1.44992e-08
1.43748e-08
1.49534e-08
1.59449e-08
1.68895e-08
1.76027e-08
1.80628e-08
1.82331e-08
1.80642e-08
1.76702e-08
1.72409e-08
1.7022e-08
1.71931e-08
1.75018e-08
1.7378e-08
1.67655e-08
1.6092e-08
1.58792e-08
1.63004e-08
1.69571e-08
1.73592e-08
1.73543e-08
1.69952e-08
1.65996e-08
1.65003e-08
1.66861e-08
1.6974e-08
1.71014e-08
1.69945e-08
1.67814e-08
1.67008e-08
1.67609e-08
1.69103e-08
1.7077e-08
1.72756e-08
1.7481e-08
1.74598e-08
1.69712e-08
1.60788e-08
1.44149e-08
1.38769e-08
1.37836e-08
1.41966e-08
1.49328e-08
1.57233e-08
1.63837e-08
1.68895e-08
1.72748e-08
1.75099e-08
1.75459e-08
1.73835e-08
1.71309e-08
1.70551e-08
1.70814e-08
1.68424e-08
1.62995e-08
1.57226e-08
1.55572e-08
1.60059e-08
1.68007e-08
1.74077e-08
1.75372e-08
1.71971e-08
1.67149e-08
1.63323e-08
1.6165e-08
1.62536e-08
1.64418e-08
1.63966e-08
1.61591e-08
1.60488e-08
1.61869e-08
1.64572e-08
1.67236e-08
1.68632e-08
1.68625e-08
1.66923e-08
1.61611e-08
1.52759e-08
1.36761e-08
1.33332e-08
1.33599e-08
1.37039e-08
1.42295e-08
1.47933e-08
1.52902e-08
1.57715e-08
1.62776e-08
1.67268e-08
1.70494e-08
1.71163e-08
1.68884e-08
1.66413e-08
1.64554e-08
1.61428e-08
1.5663e-08
1.51996e-08
1.51016e-08
1.55415e-08
1.62766e-08
1.69284e-08
1.72657e-08
1.71283e-08
1.66896e-08
1.62996e-08
1.60843e-08
1.6048e-08
1.60875e-08
1.59105e-08
1.55808e-08
1.53905e-08
1.54355e-08
1.56969e-08
1.60714e-08
1.62528e-08
1.60875e-08
1.57001e-08
1.51185e-08
1.43497e-08
1.36386e-08
1.33683e-08
1.33528e-08
1.34726e-08
1.37378e-08
1.41255e-08
1.45373e-08
1.49822e-08
1.54903e-08
1.59789e-08
1.63519e-08
1.64221e-08
1.61763e-08
1.59044e-08
1.56889e-08
1.54316e-08
1.51055e-08
1.47739e-08
1.473e-08
1.51329e-08
1.57489e-08
1.63301e-08
1.67527e-08
1.67973e-08
1.64897e-08
1.61596e-08
1.59233e-08
1.58359e-08
1.58503e-08
1.56657e-08
1.52728e-08
1.50144e-08
1.50113e-08
1.5173e-08
1.54611e-08
1.56541e-08
1.55426e-08
1.5196e-08
1.47423e-08
1.4161e-08
1.33545e-08
1.32582e-08
1.35389e-08
1.38462e-08
1.39821e-08
1.39905e-08
1.4002e-08
1.41748e-08
1.45725e-08
1.50748e-08
1.55502e-08
1.57601e-08
1.56283e-08
1.53589e-08
1.51047e-08
1.48747e-08
1.46857e-08
1.45382e-08
1.45828e-08
1.48917e-08
1.52626e-08
1.55663e-08
1.58012e-08
1.58646e-08
1.57503e-08
1.56133e-08
1.55018e-08
1.545e-08
1.54766e-08
1.53399e-08
1.49394e-08
1.46104e-08
1.45886e-08
1.47578e-08
1.50034e-08
1.51892e-08
1.51226e-08
1.47868e-08
1.43548e-08
1.38382e-08
1.32459e-08
1.30832e-08
1.31927e-08
1.33929e-08
1.35564e-08
1.36551e-08
1.37448e-08
1.38602e-08
1.40935e-08
1.44682e-08
1.48374e-08
1.50439e-08
1.50052e-08
1.48578e-08
1.46754e-08
1.45191e-08
1.43902e-08
1.42897e-08
1.43325e-08
1.45746e-08
1.48883e-08
1.51565e-08
1.53528e-08
1.54115e-08
1.53564e-08
1.53391e-08
1.5353e-08
1.53555e-08
1.53416e-08
1.52498e-08
1.48965e-08
1.45093e-08
1.43725e-08
1.43988e-08
1.45032e-08
1.46067e-08
1.44977e-08
1.41879e-08
1.38781e-08
1.35833e-08
1.31154e-08
1.29626e-08
1.29982e-08
1.31525e-08
1.32721e-08
1.34041e-08
1.35351e-08
1.36163e-08
1.37601e-08
1.40477e-08
1.43553e-08
1.45856e-08
1.46768e-08
1.46383e-08
1.44901e-08
1.43373e-08
1.42578e-08
1.42302e-08
1.43003e-08
1.44819e-08
1.46482e-08
1.47415e-08
1.4826e-08
1.49842e-08
1.50926e-08
1.51943e-08
1.52847e-08
1.52466e-08
1.51324e-08
1.49163e-08
1.44852e-08
1.40042e-08
1.37301e-08
1.36277e-08
1.3654e-08
1.37622e-08
1.37535e-08
1.35753e-08
1.34113e-08
1.32857e-08
1.26798e-08
1.26426e-08
1.26784e-08
1.283e-08
1.30133e-08
1.32084e-08
1.34167e-08
1.3556e-08
1.37027e-08
1.3892e-08
1.40972e-08
1.42769e-08
1.44408e-08
1.45e-08
1.44092e-08
1.42548e-08
1.40995e-08
1.40345e-08
1.41426e-08
1.44491e-08
1.47063e-08
1.4713e-08
1.4587e-08
1.44297e-08
1.43381e-08
1.44008e-08
1.45008e-08
1.44958e-08
1.43886e-08
1.4177e-08
1.38294e-08
1.34697e-08
1.32408e-08
1.31009e-08
1.30189e-08
1.30439e-08
1.2995e-08
1.2837e-08
1.27344e-08
1.27134e-08
1.24154e-08
1.23525e-08
1.23444e-08
1.24765e-08
1.26965e-08
1.29578e-08
1.32538e-08
1.35513e-08
1.38193e-08
1.40779e-08
1.4277e-08
1.43661e-08
1.44364e-08
1.44561e-08
1.43609e-08
1.42227e-08
1.40969e-08
1.40142e-08
1.40634e-08
1.42467e-08
1.44033e-08
1.44168e-08
1.43295e-08
1.41786e-08
1.40078e-08
1.39098e-08
1.38956e-08
1.3913e-08
1.38879e-08
1.37754e-08
1.3575e-08
1.33283e-08
1.31021e-08
1.29128e-08
1.28163e-08
1.2834e-08
1.28141e-08
1.26811e-08
1.25563e-08
1.24747e-08
1.83988e-08
1.72965e-08
1.86367e-08
2.1161e-08
2.27426e-08
2.31294e-08
2.35753e-08
2.39739e-08
2.3687e-08
2.29021e-08
2.21171e-08
2.17034e-08
2.1645e-08
2.17769e-08
2.18905e-08
2.18677e-08
2.16531e-08
2.15448e-08
2.20081e-08
2.28988e-08
2.36595e-08
2.40801e-08
2.40766e-08
2.35461e-08
2.306e-08
2.31988e-08
2.35673e-08
2.41048e-08
2.50078e-08
2.56015e-08
2.50069e-08
2.3688e-08
2.31064e-08
2.3485e-08
2.37718e-08
2.3796e-08
2.39664e-08
2.39972e-08
2.31121e-08
2.09501e-08
1.85563e-08
1.74433e-08
1.87748e-08
2.1292e-08
2.28695e-08
2.32508e-08
2.36937e-08
2.40982e-08
2.38127e-08
2.30292e-08
2.22474e-08
2.18383e-08
2.17876e-08
2.19231e-08
2.20305e-08
2.201e-08
2.1808e-08
2.16949e-08
2.21428e-08
2.30281e-08
2.37866e-08
2.41996e-08
2.42022e-08
2.36766e-08
2.31907e-08
2.33405e-08
2.37193e-08
2.42555e-08
2.51606e-08
2.5764e-08
2.51651e-08
2.38267e-08
2.32393e-08
2.3628e-08
2.3919e-08
2.39436e-08
2.41264e-08
2.41703e-08
2.32888e-08
2.1121e-08
1.88652e-08
1.77336e-08
1.90733e-08
2.15889e-08
2.3151e-08
2.35228e-08
2.39708e-08
2.43876e-08
2.41084e-08
2.33122e-08
2.25043e-08
2.2075e-08
2.20571e-08
2.22415e-08
2.23697e-08
2.23448e-08
2.21426e-08
2.20257e-08
2.24514e-08
2.33213e-08
2.40918e-08
2.45191e-08
2.45068e-08
2.39462e-08
2.34361e-08
2.36155e-08
2.40489e-08
2.46094e-08
2.55185e-08
2.61282e-08
2.55287e-08
2.41745e-08
2.35736e-08
2.39687e-08
2.42473e-08
2.42542e-08
2.44513e-08
2.45329e-08
2.36734e-08
2.14798e-08
1.92673e-08
1.80985e-08
1.94754e-08
2.20184e-08
2.35635e-08
2.39254e-08
2.43687e-08
2.4769e-08
2.4477e-08
2.36969e-08
2.28936e-08
2.2432e-08
2.2399e-08
2.26135e-08
2.27894e-08
2.27882e-08
2.25712e-08
2.23936e-08
2.27622e-08
2.36309e-08
2.44359e-08
2.49021e-08
2.49134e-08
2.43387e-08
2.37936e-08
2.39859e-08
2.4464e-08
2.50481e-08
2.59652e-08
2.65709e-08
2.59716e-08
2.46342e-08
2.40317e-08
2.44163e-08
2.46648e-08
2.46229e-08
2.48177e-08
2.49356e-08
2.41275e-08
2.19454e-08
1.9629e-08
1.84497e-08
1.98653e-08
2.24532e-08
2.40061e-08
2.43514e-08
2.47533e-08
2.51124e-08
2.48206e-08
2.4072e-08
2.33177e-08
2.29001e-08
2.28741e-08
2.3037e-08
2.31914e-08
2.32383e-08
2.30065e-08
2.26902e-08
2.29224e-08
2.3793e-08
2.46949e-08
2.52469e-08
2.5296e-08
2.47047e-08
2.41115e-08
2.42824e-08
2.47622e-08
2.53281e-08
2.62335e-08
2.68375e-08
2.62633e-08
2.49969e-08
2.44392e-08
2.47941e-08
2.4972e-08
2.48353e-08
2.50021e-08
2.51672e-08
2.44245e-08
2.2308e-08
1.98909e-08
1.87011e-08
2.01645e-08
2.27792e-08
2.4306e-08
2.46227e-08
2.49051e-08
2.51673e-08
2.49245e-08
2.42917e-08
2.36202e-08
2.32334e-08
2.31874e-08
2.33431e-08
2.35088e-08
2.36101e-08
2.33764e-08
2.29229e-08
2.29617e-08
2.37797e-08
2.47713e-08
2.54161e-08
2.55042e-08
2.4921e-08
2.42717e-08
2.43656e-08
2.47949e-08
2.53112e-08
2.61819e-08
2.67726e-08
2.62521e-08
2.51443e-08
2.47002e-08
2.50033e-08
2.50845e-08
2.48273e-08
2.49256e-08
2.5177e-08
2.45782e-08
2.25622e-08
1.99673e-08
1.86995e-08
2.01446e-08
2.27731e-08
2.42838e-08
2.45394e-08
2.46869e-08
2.48491e-08
2.46597e-08
2.42235e-08
2.3727e-08
2.33756e-08
2.33072e-08
2.34779e-08
2.36883e-08
2.38295e-08
2.35871e-08
2.30041e-08
2.28291e-08
2.35019e-08
2.4486e-08
2.51945e-08
2.53609e-08
2.48291e-08
2.41781e-08
2.42295e-08
2.46445e-08
2.50924e-08
2.58361e-08
2.63344e-08
2.58686e-08
2.49908e-08
2.4751e-08
2.50454e-08
2.50385e-08
2.4703e-08
2.478e-08
2.50796e-08
2.45853e-08
2.26603e-08
1.98397e-08
1.83712e-08
1.96919e-08
2.23467e-08
2.3879e-08
2.41239e-08
2.42259e-08
2.43496e-08
2.42304e-08
2.39729e-08
2.36939e-08
2.34562e-08
2.34056e-08
2.35401e-08
2.3689e-08
2.37623e-08
2.34695e-08
2.28033e-08
2.24558e-08
2.29709e-08
2.38891e-08
2.461e-08
2.48698e-08
2.44787e-08
2.39147e-08
2.39862e-08
2.43948e-08
2.47316e-08
2.52795e-08
2.56147e-08
2.51456e-08
2.44403e-08
2.44106e-08
2.48276e-08
2.48546e-08
2.45391e-08
2.46539e-08
2.50041e-08
2.45628e-08
2.26464e-08
1.97784e-08
1.81287e-08
1.93008e-08
2.19056e-08
2.3428e-08
2.36348e-08
2.36944e-08
2.37803e-08
2.36864e-08
2.35557e-08
2.34347e-08
2.32766e-08
2.322e-08
2.33064e-08
2.33432e-08
2.32526e-08
2.29142e-08
2.22773e-08
2.19222e-08
2.23767e-08
2.3234e-08
2.39232e-08
2.42239e-08
2.39356e-08
2.34974e-08
2.36712e-08
2.40686e-08
2.4185e-08
2.44089e-08
2.45646e-08
2.41437e-08
2.35559e-08
2.3622e-08
2.41988e-08
2.43933e-08
2.4187e-08
2.43621e-08
2.4803e-08
2.44645e-08
2.26144e-08
1.95056e-08
1.78164e-08
1.88936e-08
2.15581e-08
2.31629e-08
2.33211e-08
2.32183e-08
2.31684e-08
2.30067e-08
2.29054e-08
2.28588e-08
2.27922e-08
2.2769e-08
2.28119e-08
2.27439e-08
2.25494e-08
2.21822e-08
2.1605e-08
2.12693e-08
2.16991e-08
2.25067e-08
2.31934e-08
2.35392e-08
2.33503e-08
2.30779e-08
2.33917e-08
2.37562e-08
2.35988e-08
2.34281e-08
2.33929e-08
2.304e-08
2.25921e-08
2.27155e-08
2.33793e-08
2.3764e-08
2.36706e-08
2.3781e-08
2.40982e-08
2.37908e-08
2.21732e-08
1.8616e-08
1.69901e-08
1.79494e-08
2.05979e-08
2.23903e-08
2.26599e-08
2.25146e-08
2.241e-08
2.22544e-08
2.21205e-08
2.20716e-08
2.20999e-08
2.21567e-08
2.2206e-08
2.21019e-08
2.18918e-08
2.15191e-08
2.09407e-08
2.06181e-08
2.10054e-08
2.17318e-08
2.2347e-08
2.27027e-08
2.26295e-08
2.25757e-08
2.30852e-08
2.34598e-08
2.30633e-08
2.25283e-08
2.23163e-08
2.20509e-08
2.17116e-08
2.17982e-08
2.2396e-08
2.28725e-08
2.29209e-08
2.29809e-08
2.3098e-08
2.26489e-08
2.10822e-08
1.73588e-08
1.58468e-08
1.66883e-08
1.91945e-08
2.10447e-08
2.14175e-08
2.13496e-08
2.14111e-08
2.14718e-08
2.14783e-08
2.14344e-08
2.13733e-08
2.14142e-08
2.14764e-08
2.13712e-08
2.11603e-08
2.07874e-08
2.0201e-08
1.9897e-08
2.0326e-08
2.10904e-08
2.1687e-08
2.19512e-08
2.18692e-08
2.19313e-08
2.25621e-08
2.29506e-08
2.24387e-08
2.16276e-08
2.119e-08
2.09649e-08
2.07425e-08
2.07784e-08
2.11894e-08
2.16344e-08
2.18407e-08
2.19123e-08
2.18217e-08
2.11523e-08
1.96053e-08
1.66608e-08
1.52152e-08
1.57894e-08
1.78593e-08
1.9441e-08
1.97534e-08
1.97452e-08
1.99351e-08
2.02023e-08
2.04623e-08
2.05579e-08
2.04545e-08
2.03322e-08
2.03303e-08
2.03092e-08
2.01716e-08
1.98023e-08
1.91883e-08
1.87627e-08
1.90943e-08
1.99244e-08
2.07023e-08
2.10659e-08
2.10693e-08
2.11888e-08
2.18305e-08
2.22472e-08
2.17066e-08
2.08028e-08
2.02717e-08
2.01112e-08
2.00141e-08
2.00128e-08
2.02126e-08
2.05463e-08
2.08341e-08
2.10264e-08
2.09223e-08
2.01884e-08
1.87188e-08
1.63794e-08
1.50858e-08
1.54545e-08
1.71413e-08
1.84671e-08
1.87078e-08
1.86915e-08
1.89272e-08
1.92869e-08
1.95915e-08
1.96761e-08
1.95364e-08
1.93488e-08
1.92412e-08
1.91932e-08
1.90383e-08
1.8726e-08
1.81937e-08
1.77813e-08
1.80278e-08
1.88867e-08
1.98303e-08
2.03982e-08
2.04724e-08
2.04866e-08
2.0865e-08
2.12156e-08
2.09169e-08
2.02188e-08
1.97179e-08
1.95196e-08
1.94323e-08
1.93941e-08
1.94798e-08
1.96467e-08
1.98862e-08
2.01209e-08
2.01011e-08
1.94618e-08
1.81605e-08
1.57545e-08
1.4679e-08
1.50737e-08
1.66096e-08
1.78815e-08
1.82047e-08
1.81708e-08
1.83462e-08
1.86319e-08
1.88693e-08
1.89196e-08
1.8768e-08
1.85865e-08
1.84639e-08
1.83126e-08
1.80865e-08
1.78176e-08
1.74268e-08
1.70866e-08
1.72358e-08
1.79059e-08
1.88512e-08
1.9602e-08
1.9802e-08
1.97366e-08
1.98142e-08
1.99373e-08
1.97471e-08
1.92616e-08
1.89268e-08
1.88945e-08
1.8885e-08
1.8822e-08
1.87598e-08
1.87807e-08
1.89982e-08
1.93009e-08
1.92982e-08
1.86544e-08
1.73598e-08
1.50051e-08
1.40779e-08
1.43871e-08
1.56954e-08
1.69642e-08
1.7541e-08
1.77372e-08
1.79552e-08
1.82064e-08
1.83043e-08
1.82537e-08
1.80903e-08
1.79732e-08
1.79908e-08
1.79479e-08
1.77363e-08
1.74791e-08
1.71969e-08
1.68867e-08
1.68697e-08
1.72688e-08
1.79635e-08
1.87226e-08
1.91091e-08
1.90452e-08
1.88928e-08
1.87877e-08
1.8615e-08
1.8388e-08
1.82627e-08
1.83212e-08
1.84029e-08
1.84572e-08
1.8467e-08
1.84472e-08
1.84785e-08
1.85934e-08
1.85198e-08
1.78479e-08
1.65164e-08
1.44892e-08
1.36208e-08
1.37707e-08
1.47934e-08
1.5952e-08
1.66766e-08
1.70579e-08
1.73846e-08
1.76428e-08
1.773e-08
1.77036e-08
1.76445e-08
1.76248e-08
1.76791e-08
1.76425e-08
1.73809e-08
1.70652e-08
1.67581e-08
1.65002e-08
1.65167e-08
1.68919e-08
1.75219e-08
1.81029e-08
1.83602e-08
1.82712e-08
1.80287e-08
1.77852e-08
1.76664e-08
1.76128e-08
1.75856e-08
1.7606e-08
1.76476e-08
1.7703e-08
1.78775e-08
1.80516e-08
1.81212e-08
1.80789e-08
1.7871e-08
1.71798e-08
1.59033e-08
1.42877e-08
1.36065e-08
1.36023e-08
1.41877e-08
1.50344e-08
1.5774e-08
1.62297e-08
1.65523e-08
1.67784e-08
1.6897e-08
1.70154e-08
1.71595e-08
1.72567e-08
1.72565e-08
1.70831e-08
1.6688e-08
1.62551e-08
1.59844e-08
1.59558e-08
1.61907e-08
1.6614e-08
1.70855e-08
1.73933e-08
1.74625e-08
1.73545e-08
1.71616e-08
1.69843e-08
1.69307e-08
1.6984e-08
1.69381e-08
1.67988e-08
1.67194e-08
1.67278e-08
1.69741e-08
1.73219e-08
1.74974e-08
1.73882e-08
1.70593e-08
1.64357e-08
1.53933e-08
1.40349e-08
1.35873e-08
1.36235e-08
1.40149e-08
1.45623e-08
1.50941e-08
1.5514e-08
1.58397e-08
1.61201e-08
1.63458e-08
1.65716e-08
1.67662e-08
1.68569e-08
1.68311e-08
1.66415e-08
1.6262e-08
1.58477e-08
1.55759e-08
1.55527e-08
1.57965e-08
1.61725e-08
1.65675e-08
1.68294e-08
1.68382e-08
1.66736e-08
1.65302e-08
1.64268e-08
1.64263e-08
1.6484e-08
1.63616e-08
1.60964e-08
1.59217e-08
1.58989e-08
1.6116e-08
1.64678e-08
1.66372e-08
1.6469e-08
1.60997e-08
1.56077e-08
1.48481e-08
1.38025e-08
1.34688e-08
1.35386e-08
1.38504e-08
1.42574e-08
1.45985e-08
1.47619e-08
1.48324e-08
1.4991e-08
1.52672e-08
1.55768e-08
1.57923e-08
1.58863e-08
1.59598e-08
1.59458e-08
1.57278e-08
1.5405e-08
1.51708e-08
1.51427e-08
1.53328e-08
1.55956e-08
1.58622e-08
1.61007e-08
1.61689e-08
1.61158e-08
1.60432e-08
1.59586e-08
1.59306e-08
1.59477e-08
1.57953e-08
1.54927e-08
1.53099e-08
1.52901e-08
1.54144e-08
1.56415e-08
1.58175e-08
1.57451e-08
1.5444e-08
1.50444e-08
1.44481e-08
1.35395e-08
1.33655e-08
1.35507e-08
1.38147e-08
1.40175e-08
1.41279e-08
1.41323e-08
1.41091e-08
1.42154e-08
1.45189e-08
1.49207e-08
1.52e-08
1.52946e-08
1.53071e-08
1.52642e-08
1.51202e-08
1.49746e-08
1.48309e-08
1.47679e-08
1.47853e-08
1.47932e-08
1.47989e-08
1.49033e-08
1.5053e-08
1.5214e-08
1.53667e-08
1.54657e-08
1.55091e-08
1.55213e-08
1.53697e-08
1.50266e-08
1.47793e-08
1.47679e-08
1.48825e-08
1.50464e-08
1.51752e-08
1.51163e-08
1.4837e-08
1.44716e-08
1.40113e-08
1.31595e-08
1.29821e-08
1.31278e-08
1.33824e-08
1.35707e-08
1.37443e-08
1.38448e-08
1.38771e-08
1.40155e-08
1.42939e-08
1.45859e-08
1.47721e-08
1.48506e-08
1.48818e-08
1.48388e-08
1.47043e-08
1.45431e-08
1.44152e-08
1.4396e-08
1.44969e-08
1.45855e-08
1.46214e-08
1.46966e-08
1.48332e-08
1.49902e-08
1.52281e-08
1.54234e-08
1.54875e-08
1.54195e-08
1.52289e-08
1.48471e-08
1.44966e-08
1.4381e-08
1.43809e-08
1.44147e-08
1.4485e-08
1.44117e-08
1.41215e-08
1.3824e-08
1.35358e-08
1.30447e-08
1.29029e-08
1.29842e-08
1.31743e-08
1.33241e-08
1.34628e-08
1.35761e-08
1.35956e-08
1.36744e-08
1.39002e-08
1.41773e-08
1.43994e-08
1.45424e-08
1.46194e-08
1.46219e-08
1.45861e-08
1.45383e-08
1.44504e-08
1.43962e-08
1.44375e-08
1.44675e-08
1.43973e-08
1.4384e-08
1.44476e-08
1.45563e-08
1.47129e-08
1.48539e-08
1.48722e-08
1.47942e-08
1.45814e-08
1.42153e-08
1.38652e-08
1.37286e-08
1.37495e-08
1.38003e-08
1.38965e-08
1.38621e-08
1.36162e-08
1.33986e-08
1.32371e-08
1.24975e-08
1.24236e-08
1.24652e-08
1.26309e-08
1.28402e-08
1.30716e-08
1.33221e-08
1.35526e-08
1.37534e-08
1.39556e-08
1.41149e-08
1.42199e-08
1.43475e-08
1.44329e-08
1.44282e-08
1.43961e-08
1.4337e-08
1.42591e-08
1.43052e-08
1.44989e-08
1.46676e-08
1.46697e-08
1.45434e-08
1.44007e-08
1.42642e-08
1.42335e-08
1.42657e-08
1.42539e-08
1.41742e-08
1.39936e-08
1.37084e-08
1.34321e-08
1.32812e-08
1.32051e-08
1.3163e-08
1.31801e-08
1.31181e-08
1.28969e-08
1.26892e-08
1.25881e-08
1.25046e-08
1.23999e-08
1.23407e-08
1.24129e-08
1.26104e-08
1.28412e-08
1.31541e-08
1.34895e-08
1.38111e-08
1.41024e-08
1.42784e-08
1.43139e-08
1.43105e-08
1.42714e-08
1.41634e-08
1.40953e-08
1.40655e-08
1.4034e-08
1.40636e-08
1.41879e-08
1.42922e-08
1.42863e-08
1.42271e-08
1.41657e-08
1.40806e-08
1.40211e-08
1.40344e-08
1.40597e-08
1.40134e-08
1.38771e-08
1.36652e-08
1.3399e-08
1.31752e-08
1.29885e-08
1.29161e-08
1.29393e-08
1.29201e-08
1.28185e-08
1.2702e-08
1.25984e-08
1.53765e-08
1.43078e-08
1.68471e-08
2.06051e-08
2.23156e-08
2.22319e-08
2.19012e-08
2.15247e-08
2.1377e-08
2.2066e-08
2.28763e-08
2.27323e-08
2.18365e-08
2.10528e-08
2.07064e-08
2.01641e-08
1.89031e-08
1.80267e-08
1.86146e-08
1.98677e-08
2.06051e-08
2.0998e-08
2.16579e-08
2.22275e-08
2.21057e-08
2.17056e-08
2.17788e-08
2.2141e-08
2.23669e-08
2.24886e-08
2.22849e-08
2.17242e-08
2.1639e-08
2.20707e-08
2.17037e-08
2.06535e-08
2.02191e-08
2.0532e-08
2.03009e-08
1.83526e-08
1.55064e-08
1.44226e-08
1.69712e-08
2.07575e-08
2.24802e-08
2.23851e-08
2.20439e-08
2.16647e-08
2.15216e-08
2.22198e-08
2.30327e-08
2.28835e-08
2.19771e-08
2.12014e-08
2.0859e-08
2.02961e-08
1.9004e-08
1.81071e-08
1.86964e-08
1.99659e-08
2.07047e-08
2.1093e-08
2.17485e-08
2.23155e-08
2.21892e-08
2.17837e-08
2.18631e-08
2.22427e-08
2.2483e-08
2.26119e-08
2.24147e-08
2.18517e-08
2.17401e-08
2.21483e-08
2.17842e-08
2.07337e-08
2.03068e-08
2.06381e-08
2.04292e-08
1.8493e-08
1.57986e-08
1.46804e-08
1.72293e-08
2.10447e-08
2.27661e-08
2.26719e-08
2.23561e-08
2.19477e-08
2.17865e-08
2.25596e-08
2.34491e-08
2.3263e-08
2.22557e-08
2.14334e-08
2.11406e-08
2.06377e-08
1.92977e-08
1.83213e-08
1.88832e-08
2.01478e-08
2.08923e-08
2.128e-08
2.19364e-08
2.25164e-08
2.24044e-08
2.19947e-08
2.20721e-08
2.24595e-08
2.2719e-08
2.28793e-08
2.26986e-08
2.214e-08
2.20889e-08
2.25498e-08
2.21147e-08
2.09466e-08
2.04817e-08
2.08585e-08
2.07056e-08
1.87975e-08
1.62409e-08
1.5036e-08
1.75493e-08
2.13604e-08
2.30651e-08
2.2941e-08
2.26606e-08
2.22982e-08
2.21305e-08
2.29598e-08
2.39854e-08
2.38457e-08
2.27192e-08
2.17327e-08
2.14151e-08
2.10393e-08
1.97604e-08
1.87061e-08
1.9192e-08
2.0426e-08
2.11483e-08
2.15201e-08
2.21699e-08
2.27727e-08
2.27148e-08
2.23529e-08
2.24304e-08
2.27712e-08
2.29881e-08
2.3154e-08
2.30348e-08
2.25005e-08
2.24775e-08
2.30476e-08
2.26584e-08
2.13817e-08
2.08194e-08
2.1205e-08
2.11264e-08
1.92757e-08
1.67339e-08
1.54049e-08
1.7805e-08
2.1574e-08
2.32903e-08
2.31473e-08
2.28918e-08
2.25851e-08
2.24447e-08
2.32819e-08
2.4409e-08
2.4372e-08
2.31896e-08
2.20312e-08
2.16175e-08
2.13792e-08
2.02871e-08
1.92258e-08
1.95976e-08
2.07648e-08
2.14895e-08
2.19055e-08
2.25614e-08
2.30855e-08
2.30077e-08
2.27306e-08
2.2868e-08
2.31542e-08
2.32648e-08
2.3375e-08
2.33119e-08
2.28652e-08
2.2855e-08
2.34601e-08
2.318e-08
2.18954e-08
2.12366e-08
2.1582e-08
2.15573e-08
1.97805e-08
1.70408e-08
1.57014e-08
1.80484e-08
2.17354e-08
2.34255e-08
2.32806e-08
2.30385e-08
2.27706e-08
2.26323e-08
2.343e-08
2.4581e-08
2.46487e-08
2.35293e-08
2.2297e-08
2.17898e-08
2.16289e-08
2.07538e-08
1.97624e-08
2.00137e-08
2.10689e-08
2.17732e-08
2.22512e-08
2.29438e-08
2.34062e-08
2.32478e-08
2.29932e-08
2.32053e-08
2.34798e-08
2.3495e-08
2.35068e-08
2.34446e-08
2.30993e-08
2.31729e-08
2.3808e-08
2.36496e-08
2.24266e-08
2.16793e-08
2.1901e-08
2.18225e-08
2.00597e-08
1.70692e-08
1.57785e-08
1.81656e-08
2.18039e-08
2.33926e-08
2.32071e-08
2.30088e-08
2.28521e-08
2.27401e-08
2.34447e-08
2.45485e-08
2.46879e-08
2.36831e-08
2.24696e-08
2.18746e-08
2.16877e-08
2.09129e-08
1.9967e-08
2.01491e-08
2.11578e-08
2.18696e-08
2.23595e-08
2.30521e-08
2.35192e-08
2.33882e-08
2.31748e-08
2.34159e-08
2.36614e-08
2.36138e-08
2.35481e-08
2.34538e-08
2.31966e-08
2.33754e-08
2.40428e-08
2.39804e-08
2.28684e-08
2.20175e-08
2.20276e-08
2.18551e-08
2.00794e-08
1.69096e-08
1.56591e-08
1.8031e-08
2.15948e-08
2.30589e-08
2.27542e-08
2.25645e-08
2.25534e-08
2.25407e-08
2.31484e-08
2.41992e-08
2.44183e-08
2.35301e-08
2.2357e-08
2.1708e-08
2.14516e-08
2.07346e-08
1.98645e-08
2.00552e-08
2.11054e-08
2.18713e-08
2.23574e-08
2.2948e-08
2.33434e-08
2.32862e-08
2.31736e-08
2.34443e-08
2.36945e-08
2.36637e-08
2.35671e-08
2.34102e-08
2.31751e-08
2.34141e-08
2.40768e-08
2.40743e-08
2.30868e-08
2.21879e-08
2.19733e-08
2.16879e-08
1.9907e-08
1.66648e-08
1.53895e-08
1.76394e-08
2.10959e-08
2.25038e-08
2.2089e-08
2.17591e-08
2.18053e-08
2.19732e-08
2.26033e-08
2.3622e-08
2.39137e-08
2.31246e-08
2.20253e-08
2.13901e-08
2.10702e-08
2.04014e-08
1.96441e-08
1.98967e-08
2.09315e-08
2.16693e-08
2.21096e-08
2.25586e-08
2.27865e-08
2.27763e-08
2.28715e-08
2.32449e-08
2.34918e-08
2.34979e-08
2.34485e-08
2.33032e-08
2.3068e-08
2.32932e-08
2.39071e-08
2.39306e-08
2.30467e-08
2.21267e-08
2.17095e-08
2.1297e-08
1.95589e-08
1.6031e-08
1.48017e-08
1.69296e-08
2.03096e-08
2.18205e-08
2.14352e-08
2.09846e-08
2.10063e-08
2.13271e-08
2.20414e-08
2.30602e-08
2.34075e-08
2.27195e-08
2.17191e-08
2.11457e-08
2.08142e-08
2.01853e-08
1.95264e-08
1.97671e-08
2.07159e-08
2.1417e-08
2.18252e-08
2.21271e-08
2.21349e-08
2.20614e-08
2.23167e-08
2.28497e-08
2.30972e-08
2.3034e-08
2.2971e-08
2.28263e-08
2.25462e-08
2.26763e-08
2.32212e-08
2.33267e-08
2.26177e-08
2.1707e-08
2.11032e-08
2.05176e-08
1.87938e-08
1.5135e-08
1.39908e-08
1.59908e-08
1.93346e-08
2.1005e-08
2.083e-08
2.04155e-08
2.03729e-08
2.06592e-08
2.13836e-08
2.23908e-08
2.2859e-08
2.23636e-08
2.15331e-08
2.10302e-08
2.06395e-08
1.99874e-08
1.93864e-08
1.95898e-08
2.04918e-08
2.12096e-08
2.15919e-08
2.17677e-08
2.15895e-08
2.13688e-08
2.15973e-08
2.21718e-08
2.24119e-08
2.22339e-08
2.20997e-08
2.19636e-08
2.17018e-08
2.17745e-08
2.21888e-08
2.22388e-08
2.16138e-08
2.07713e-08
2.00947e-08
1.93517e-08
1.76867e-08
1.42455e-08
1.29622e-08
1.46771e-08
1.79356e-08
1.98484e-08
1.99914e-08
1.97384e-08
1.96651e-08
1.9855e-08
2.05438e-08
2.16048e-08
2.23225e-08
2.21126e-08
2.146e-08
2.09682e-08
2.03968e-08
1.95572e-08
1.89193e-08
1.91314e-08
2.00052e-08
2.07429e-08
2.11577e-08
2.13629e-08
2.11784e-08
2.08338e-08
2.08446e-08
2.12008e-08
2.13013e-08
2.10285e-08
2.08681e-08
2.08186e-08
2.07232e-08
2.08721e-08
2.11584e-08
2.10664e-08
2.04641e-08
1.97237e-08
1.90739e-08
1.8306e-08
1.67101e-08
1.38673e-08
1.23918e-08
1.36521e-08
1.65312e-08
1.84301e-08
1.88032e-08
1.87603e-08
1.87871e-08
1.89215e-08
1.94572e-08
2.04139e-08
2.12693e-08
2.14668e-08
2.1145e-08
2.06835e-08
1.99604e-08
1.89647e-08
1.8275e-08
1.84865e-08
1.93504e-08
2.00848e-08
2.04649e-08
2.06999e-08
2.06478e-08
2.03512e-08
2.01708e-08
2.02075e-08
2.01039e-08
1.97878e-08
1.97019e-08
1.98693e-08
2.00182e-08
2.02416e-08
2.04483e-08
2.02567e-08
1.96603e-08
1.90194e-08
1.84993e-08
1.7786e-08
1.62703e-08
1.41917e-08
1.25046e-08
1.3254e-08
1.56926e-08
1.75652e-08
1.81363e-08
1.81873e-08
1.82345e-08
1.83305e-08
1.86662e-08
1.92686e-08
1.9875e-08
2.02228e-08
2.02676e-08
2.0005e-08
1.92393e-08
1.81703e-08
1.75188e-08
1.77882e-08
1.86969e-08
1.95088e-08
1.99477e-08
2.0119e-08
2.00517e-08
1.98386e-08
1.96624e-08
1.96163e-08
1.94614e-08
1.91511e-08
1.90415e-08
1.92506e-08
1.9494e-08
1.97358e-08
1.99542e-08
1.98394e-08
1.93735e-08
1.88661e-08
1.84264e-08
1.78451e-08
1.64973e-08
1.43482e-08
1.29362e-08
1.34195e-08
1.53763e-08
1.70802e-08
1.77177e-08
1.77829e-08
1.77721e-08
1.78935e-08
1.82608e-08
1.87024e-08
1.89826e-08
1.91239e-08
1.91965e-08
1.9092e-08
1.85081e-08
1.76095e-08
1.69919e-08
1.71931e-08
1.80402e-08
1.88551e-08
1.92728e-08
1.93776e-08
1.9277e-08
1.90468e-08
1.88601e-08
1.88444e-08
1.87758e-08
1.85424e-08
1.84028e-08
1.85169e-08
1.86344e-08
1.87181e-08
1.885e-08
1.87973e-08
1.84425e-08
1.80579e-08
1.77468e-08
1.73007e-08
1.62121e-08
1.41494e-08
1.31185e-08
1.34363e-08
1.48748e-08
1.62843e-08
1.705e-08
1.73682e-08
1.75056e-08
1.76444e-08
1.79408e-08
1.82767e-08
1.84197e-08
1.84141e-08
1.83892e-08
1.82561e-08
1.77948e-08
1.70454e-08
1.65126e-08
1.66748e-08
1.74492e-08
1.82207e-08
1.85657e-08
1.86227e-08
1.85083e-08
1.82801e-08
1.8068e-08
1.80235e-08
1.80101e-08
1.7874e-08
1.77805e-08
1.78253e-08
1.78454e-08
1.78004e-08
1.78417e-08
1.78578e-08
1.76735e-08
1.73502e-08
1.69836e-08
1.64747e-08
1.55377e-08
1.39062e-08
1.30454e-08
1.32945e-08
1.44051e-08
1.5566e-08
1.63482e-08
1.68214e-08
1.70739e-08
1.71706e-08
1.7278e-08
1.7473e-08
1.76072e-08
1.76269e-08
1.76095e-08
1.75027e-08
1.72061e-08
1.6701e-08
1.62384e-08
1.61447e-08
1.65468e-08
1.71351e-08
1.75796e-08
1.78008e-08
1.78288e-08
1.76969e-08
1.74953e-08
1.74026e-08
1.74738e-08
1.74905e-08
1.74337e-08
1.74087e-08
1.73493e-08
1.73091e-08
1.7473e-08
1.77189e-08
1.77402e-08
1.74634e-08
1.69863e-08
1.62705e-08
1.52177e-08
1.40794e-08
1.33952e-08
1.35565e-08
1.43079e-08
1.51212e-08
1.57848e-08
1.62879e-08
1.65968e-08
1.66645e-08
1.6649e-08
1.67133e-08
1.68094e-08
1.69e-08
1.69951e-08
1.69504e-08
1.667e-08
1.62085e-08
1.57603e-08
1.56202e-08
1.58697e-08
1.63373e-08
1.67194e-08
1.68527e-08
1.68429e-08
1.67557e-08
1.66902e-08
1.66725e-08
1.67859e-08
1.69051e-08
1.69229e-08
1.69219e-08
1.69525e-08
1.70113e-08
1.72403e-08
1.75147e-08
1.75662e-08
1.731e-08
1.68096e-08
1.61303e-08
1.51884e-08
1.39273e-08
1.34573e-08
1.36714e-08
1.42991e-08
1.4917e-08
1.53661e-08
1.56431e-08
1.58088e-08
1.58536e-08
1.58889e-08
1.60435e-08
1.62541e-08
1.64761e-08
1.66553e-08
1.66801e-08
1.644e-08
1.60014e-08
1.55636e-08
1.54074e-08
1.55851e-08
1.59076e-08
1.61437e-08
1.62053e-08
1.61464e-08
1.61091e-08
1.61424e-08
1.61733e-08
1.62723e-08
1.64219e-08
1.64263e-08
1.62981e-08
1.61732e-08
1.60932e-08
1.61444e-08
1.63515e-08
1.64867e-08
1.63767e-08
1.6045e-08
1.55468e-08
1.47951e-08
1.35319e-08
1.32117e-08
1.33653e-08
1.37695e-08
1.41647e-08
1.44484e-08
1.4568e-08
1.45446e-08
1.45517e-08
1.46628e-08
1.49054e-08
1.52483e-08
1.56203e-08
1.59434e-08
1.61002e-08
1.59664e-08
1.56123e-08
1.52599e-08
1.51418e-08
1.53164e-08
1.55253e-08
1.56053e-08
1.55547e-08
1.54589e-08
1.54252e-08
1.55124e-08
1.56044e-08
1.57092e-08
1.58342e-08
1.57771e-08
1.55386e-08
1.53769e-08
1.53169e-08
1.53541e-08
1.55113e-08
1.56735e-08
1.56098e-08
1.52905e-08
1.48274e-08
1.41793e-08
1.3121e-08
1.29201e-08
1.31638e-08
1.35955e-08
1.39446e-08
1.41429e-08
1.41847e-08
1.41406e-08
1.41544e-08
1.43135e-08
1.45684e-08
1.48444e-08
1.51182e-08
1.53843e-08
1.55251e-08
1.5482e-08
1.52934e-08
1.50323e-08
1.48403e-08
1.48334e-08
1.48829e-08
1.4882e-08
1.4871e-08
1.48816e-08
1.49758e-08
1.51625e-08
1.53085e-08
1.53806e-08
1.53915e-08
1.52377e-08
1.49264e-08
1.47062e-08
1.47205e-08
1.48246e-08
1.4934e-08
1.49875e-08
1.48618e-08
1.45584e-08
1.41644e-08
1.36441e-08
1.28814e-08
1.27406e-08
1.29676e-08
1.33703e-08
1.3705e-08
1.39623e-08
1.41066e-08
1.40986e-08
1.41527e-08
1.43194e-08
1.4505e-08
1.46549e-08
1.48099e-08
1.4956e-08
1.50482e-08
1.50387e-08
1.49339e-08
1.477e-08
1.46344e-08
1.45994e-08
1.45602e-08
1.44931e-08
1.4485e-08
1.45577e-08
1.47324e-08
1.50507e-08
1.53288e-08
1.54078e-08
1.5308e-08
1.50566e-08
1.47015e-08
1.44929e-08
1.45135e-08
1.45721e-08
1.45452e-08
1.4486e-08
1.43081e-08
1.39533e-08
1.35776e-08
1.32279e-08
1.26795e-08
1.25965e-08
1.28128e-08
1.31902e-08
1.35068e-08
1.37289e-08
1.38029e-08
1.38053e-08
1.38381e-08
1.40131e-08
1.42218e-08
1.44137e-08
1.46094e-08
1.47508e-08
1.48204e-08
1.48636e-08
1.48362e-08
1.47277e-08
1.46322e-08
1.45922e-08
1.45162e-08
1.43764e-08
1.42832e-08
1.42512e-08
1.43139e-08
1.44817e-08
1.46442e-08
1.46785e-08
1.45823e-08
1.43675e-08
1.40743e-08
1.38335e-08
1.37964e-08
1.38796e-08
1.39241e-08
1.39327e-08
1.37728e-08
1.34122e-08
1.30733e-08
1.28709e-08
1.22283e-08
1.22457e-08
1.24199e-08
1.26976e-08
1.29733e-08
1.32217e-08
1.34716e-08
1.36712e-08
1.38557e-08
1.40799e-08
1.42257e-08
1.43007e-08
1.43863e-08
1.44019e-08
1.43535e-08
1.43202e-08
1.43094e-08
1.42923e-08
1.43468e-08
1.44814e-08
1.45663e-08
1.45353e-08
1.44471e-08
1.43566e-08
1.42894e-08
1.42917e-08
1.43431e-08
1.43293e-08
1.41921e-08
1.39684e-08
1.36613e-08
1.33847e-08
1.32501e-08
1.32144e-08
1.32066e-08
1.31885e-08
1.30467e-08
1.27292e-08
1.24454e-08
1.22996e-08
1.23501e-08
1.22461e-08
1.22169e-08
1.23427e-08
1.25989e-08
1.29e-08
1.32155e-08
1.35249e-08
1.38148e-08
1.40947e-08
1.427e-08
1.42953e-08
1.42915e-08
1.42487e-08
1.41699e-08
1.41458e-08
1.41562e-08
1.41128e-08
1.40773e-08
1.41386e-08
1.41656e-08
1.41184e-08
1.40929e-08
1.4099e-08
1.40796e-08
1.40772e-08
1.41498e-08
1.41726e-08
1.4077e-08
1.39048e-08
1.36467e-08
1.334e-08
1.30973e-08
1.29223e-08
1.28577e-08
1.2861e-08
1.2818e-08
1.26961e-08
1.25827e-08
1.24719e-08
1.67153e-08
1.54418e-08
1.88338e-08
2.35867e-08
2.47226e-08
2.27723e-08
2.11243e-08
2.03604e-08
1.95998e-08
1.95729e-08
2.12604e-08
2.34296e-08
2.39683e-08
2.29648e-08
2.22077e-08
2.2242e-08
2.18625e-08
2.11824e-08
2.15471e-08
2.27337e-08
2.36113e-08
2.42523e-08
2.46213e-08
2.41204e-08
2.29203e-08
2.18356e-08
2.12599e-08
2.10045e-08
2.10413e-08
2.14373e-08
2.15416e-08
2.1402e-08
2.19441e-08
2.22929e-08
2.18518e-08
2.14874e-08
2.1336e-08
2.13473e-08
2.13578e-08
1.98968e-08
1.68945e-08
1.56141e-08
1.90132e-08
2.37865e-08
2.4932e-08
2.29731e-08
2.1303e-08
2.05087e-08
1.97184e-08
1.96694e-08
2.13662e-08
2.35632e-08
2.41158e-08
2.31042e-08
2.23351e-08
2.23746e-08
2.19984e-08
2.13038e-08
2.16646e-08
2.28652e-08
2.37501e-08
2.43909e-08
2.47632e-08
2.42609e-08
2.30471e-08
2.19483e-08
2.13697e-08
2.11035e-08
2.11329e-08
2.15652e-08
2.16894e-08
2.15109e-08
2.20374e-08
2.2405e-08
2.19613e-08
2.1602e-08
2.14546e-08
2.14578e-08
2.14803e-08
2.00565e-08
1.73115e-08
1.59987e-08
1.94001e-08
2.41945e-08
2.53347e-08
2.3345e-08
2.16689e-08
2.08683e-08
2.00041e-08
1.98656e-08
2.15889e-08
2.38845e-08
2.44692e-08
2.34285e-08
2.26262e-08
2.26678e-08
2.22853e-08
2.15431e-08
2.18875e-08
2.3111e-08
2.40191e-08
2.46649e-08
2.50529e-08
2.45541e-08
2.33196e-08
2.21907e-08
2.15955e-08
2.13366e-08
2.13517e-08
2.17971e-08
2.20083e-08
2.1883e-08
2.23661e-08
2.26899e-08
2.22254e-08
2.1865e-08
2.17148e-08
2.16988e-08
2.17752e-08
2.04518e-08
1.77883e-08
1.64233e-08
1.98604e-08
2.47587e-08
2.59351e-08
2.38683e-08
2.21162e-08
2.1318e-08
2.03944e-08
2.01097e-08
2.17709e-08
2.4156e-08
2.48307e-08
2.38218e-08
2.29994e-08
2.30074e-08
2.25874e-08
2.17663e-08
2.20879e-08
2.33794e-08
2.43383e-08
2.49527e-08
2.53116e-08
2.48124e-08
2.35575e-08
2.24147e-08
2.18136e-08
2.15918e-08
2.16481e-08
2.21349e-08
2.24311e-08
2.23718e-08
2.28401e-08
2.31465e-08
2.26686e-08
2.2297e-08
2.21023e-08
2.19752e-08
2.20285e-08
2.08504e-08
1.81216e-08
1.67017e-08
2.01532e-08
2.52317e-08
2.65506e-08
2.44293e-08
2.25397e-08
2.17051e-08
2.07523e-08
2.03043e-08
2.18225e-08
2.42287e-08
2.50323e-08
2.41655e-08
2.34027e-08
2.33456e-08
2.27934e-08
2.18261e-08
2.2101e-08
2.34825e-08
2.45405e-08
2.50753e-08
2.52746e-08
2.4749e-08
2.35391e-08
2.24303e-08
2.18362e-08
2.16667e-08
2.18635e-08
2.24823e-08
2.28771e-08
2.2852e-08
2.32797e-08
2.35973e-08
2.3155e-08
2.27735e-08
2.25303e-08
2.22518e-08
2.21641e-08
2.10769e-08
1.8187e-08
1.6707e-08
2.01043e-08
2.53471e-08
2.68648e-08
2.47878e-08
2.28552e-08
2.19902e-08
2.09844e-08
2.03551e-08
2.16996e-08
2.41541e-08
2.51586e-08
2.44524e-08
2.37178e-08
2.35871e-08
2.28473e-08
2.16666e-08
2.19054e-08
2.34157e-08
2.45656e-08
2.49936e-08
2.49987e-08
2.44551e-08
2.33789e-08
2.24113e-08
2.18439e-08
2.16433e-08
2.1957e-08
2.27593e-08
2.32486e-08
2.32095e-08
2.36022e-08
2.40052e-08
2.36553e-08
2.31823e-08
2.28304e-08
2.24086e-08
2.21181e-08
2.10168e-08
1.79005e-08
1.63221e-08
1.96306e-08
2.49109e-08
2.65957e-08
2.47019e-08
2.2948e-08
2.2206e-08
2.1179e-08
2.03725e-08
2.15234e-08
2.39604e-08
2.5066e-08
2.43779e-08
2.36023e-08
2.34614e-08
2.26724e-08
2.1377e-08
2.1591e-08
2.32497e-08
2.4485e-08
2.47794e-08
2.45934e-08
2.40003e-08
2.30681e-08
2.23016e-08
2.1837e-08
2.16213e-08
2.19696e-08
2.28981e-08
2.34601e-08
2.33687e-08
2.37158e-08
2.43006e-08
2.41341e-08
2.3538e-08
2.29195e-08
2.23639e-08
2.19836e-08
2.07939e-08
1.74448e-08
1.56814e-08
1.88929e-08
2.41138e-08
2.58641e-08
2.42586e-08
2.2822e-08
2.23032e-08
2.13304e-08
2.0379e-08
2.12662e-08
2.34279e-08
2.44057e-08
2.37802e-08
2.30917e-08
2.29724e-08
2.22823e-08
2.10887e-08
2.13298e-08
2.29954e-08
2.41971e-08
2.43989e-08
2.41406e-08
2.35271e-08
2.26699e-08
2.20033e-08
2.15837e-08
2.13707e-08
2.17427e-08
2.27661e-08
2.34258e-08
2.33303e-08
2.36815e-08
2.45076e-08
2.46153e-08
2.39442e-08
2.30654e-08
2.23841e-08
2.19325e-08
2.05704e-08
1.69214e-08
1.49139e-08
1.79656e-08
2.31254e-08
2.49387e-08
2.3671e-08
2.24837e-08
2.20789e-08
2.12803e-08
2.03268e-08
2.08598e-08
2.25657e-08
2.33972e-08
2.30308e-08
2.26059e-08
2.25532e-08
2.19677e-08
2.08956e-08
2.10236e-08
2.24357e-08
2.34586e-08
2.37146e-08
2.36136e-08
2.30763e-08
2.22484e-08
2.16149e-08
2.12359e-08
2.09519e-08
2.12483e-08
2.22586e-08
2.29671e-08
2.29324e-08
2.32807e-08
2.42858e-08
2.47381e-08
2.41851e-08
2.31589e-08
2.23932e-08
2.18925e-08
2.03286e-08
1.62221e-08
1.40228e-08
1.67676e-08
2.17409e-08
2.37595e-08
2.29275e-08
2.20481e-08
2.17347e-08
2.11045e-08
2.02731e-08
2.04564e-08
2.17102e-08
2.25027e-08
2.24455e-08
2.22519e-08
2.21859e-08
2.16507e-08
2.07064e-08
2.06809e-08
2.16934e-08
2.24984e-08
2.28843e-08
2.30393e-08
2.26718e-08
2.18818e-08
2.12733e-08
2.09876e-08
2.07449e-08
2.09019e-08
2.17351e-08
2.23816e-08
2.23521e-08
2.25751e-08
2.35412e-08
2.42349e-08
2.38905e-08
2.28783e-08
2.20699e-08
2.14978e-08
1.97799e-08
1.52904e-08
1.30965e-08
1.55326e-08
2.02566e-08
2.24574e-08
2.20271e-08
2.14784e-08
2.13153e-08
2.07869e-08
2.00046e-08
2.00054e-08
2.1026e-08
2.18093e-08
2.1864e-08
2.17373e-08
2.16475e-08
2.12308e-08
2.04779e-08
2.03225e-08
2.09793e-08
2.1593e-08
2.21386e-08
2.25587e-08
2.23703e-08
2.16745e-08
2.10088e-08
2.07186e-08
2.05474e-08
2.07217e-08
2.14635e-08
2.20383e-08
2.19309e-08
2.1982e-08
2.27628e-08
2.34821e-08
2.32936e-08
2.22836e-08
2.12678e-08
2.05109e-08
1.87409e-08
1.44036e-08
1.24074e-08
1.45219e-08
1.89388e-08
2.12577e-08
2.10798e-08
2.06815e-08
2.05924e-08
2.01338e-08
1.94439e-08
1.94425e-08
2.03505e-08
2.11932e-08
2.1354e-08
2.12082e-08
2.10035e-08
2.06932e-08
2.02143e-08
2.00993e-08
2.04964e-08
2.09121e-08
2.14201e-08
2.19936e-08
2.1965e-08
2.13994e-08
2.07239e-08
2.02993e-08
2.00729e-08
2.02532e-08
2.09846e-08
2.14952e-08
2.12666e-08
2.11058e-08
2.16548e-08
2.22478e-08
2.21396e-08
2.12567e-08
2.01931e-08
1.92562e-08
1.75104e-08
1.37814e-08
1.18619e-08
1.34824e-08
1.73619e-08
1.96893e-08
1.98091e-08
1.95371e-08
1.94543e-08
1.90238e-08
1.84623e-08
1.85221e-08
1.94724e-08
2.05424e-08
2.09536e-08
2.08368e-08
2.05717e-08
2.03347e-08
2.00098e-08
1.98977e-08
2.01422e-08
2.04562e-08
2.08854e-08
2.14245e-08
2.14069e-08
2.08091e-08
2.01091e-08
1.95727e-08
1.92407e-08
1.93373e-08
2.00269e-08
2.05847e-08
2.03619e-08
2.00067e-08
2.02607e-08
2.07302e-08
2.07804e-08
2.02338e-08
1.94037e-08
1.84294e-08
1.66568e-08
1.37618e-08
1.19223e-08
1.31747e-08
1.65048e-08
1.87411e-08
1.91262e-08
1.90012e-08
1.88579e-08
1.83634e-08
1.77935e-08
1.78092e-08
1.87046e-08
1.99177e-08
2.06469e-08
2.06164e-08
2.02061e-08
1.98322e-08
1.95373e-08
1.93868e-08
1.95533e-08
1.97725e-08
2.00336e-08
2.04022e-08
2.03206e-08
1.97759e-08
1.91663e-08
1.87179e-08
1.84615e-08
1.85116e-08
1.90424e-08
1.96576e-08
1.96014e-08
1.9174e-08
1.91647e-08
1.94353e-08
1.95591e-08
1.93757e-08
1.89418e-08
1.81672e-08
1.64694e-08
1.398e-08
1.22578e-08
1.31286e-08
1.58552e-08
1.79361e-08
1.84872e-08
1.84001e-08
1.82185e-08
1.7819e-08
1.73387e-08
1.72242e-08
1.78602e-08
1.89178e-08
1.9705e-08
1.9804e-08
1.94398e-08
1.90099e-08
1.87042e-08
1.85903e-08
1.87516e-08
1.88867e-08
1.89027e-08
1.89838e-08
1.88428e-08
1.83932e-08
1.79304e-08
1.76261e-08
1.76187e-08
1.78927e-08
1.8403e-08
1.8918e-08
1.88869e-08
1.84443e-08
1.82456e-08
1.83196e-08
1.83972e-08
1.84279e-08
1.83316e-08
1.78191e-08
1.63793e-08
1.38894e-08
1.24687e-08
1.29907e-08
1.50779e-08
1.68683e-08
1.75118e-08
1.75063e-08
1.73048e-08
1.69826e-08
1.67187e-08
1.67271e-08
1.71486e-08
1.7882e-08
1.85137e-08
1.86619e-08
1.83643e-08
1.79709e-08
1.77203e-08
1.76321e-08
1.77102e-08
1.77021e-08
1.76354e-08
1.76435e-08
1.7677e-08
1.75679e-08
1.73913e-08
1.72346e-08
1.72325e-08
1.7464e-08
1.77638e-08
1.80341e-08
1.79689e-08
1.76776e-08
1.75809e-08
1.765e-08
1.76742e-08
1.76037e-08
1.74183e-08
1.69335e-08
1.57676e-08
1.36412e-08
1.25963e-08
1.29374e-08
1.4438e-08
1.59334e-08
1.66992e-08
1.68583e-08
1.66837e-08
1.6307e-08
1.60255e-08
1.60581e-08
1.64348e-08
1.70756e-08
1.76753e-08
1.78749e-08
1.76957e-08
1.7412e-08
1.71087e-08
1.68977e-08
1.67317e-08
1.65509e-08
1.64019e-08
1.63888e-08
1.64933e-08
1.6616e-08
1.66677e-08
1.66678e-08
1.67841e-08
1.70846e-08
1.73161e-08
1.73569e-08
1.71793e-08
1.69521e-08
1.69736e-08
1.71801e-08
1.72866e-08
1.72115e-08
1.68817e-08
1.62306e-08
1.51315e-08
1.33825e-08
1.26445e-08
1.29008e-08
1.39953e-08
1.52239e-08
1.60324e-08
1.63701e-08
1.63664e-08
1.61154e-08
1.58461e-08
1.5849e-08
1.61697e-08
1.67586e-08
1.73459e-08
1.75641e-08
1.74176e-08
1.7055e-08
1.66226e-08
1.63404e-08
1.61579e-08
1.5955e-08
1.57453e-08
1.56017e-08
1.56138e-08
1.58092e-08
1.60035e-08
1.60926e-08
1.62338e-08
1.64582e-08
1.66314e-08
1.66995e-08
1.66707e-08
1.65446e-08
1.65067e-08
1.66212e-08
1.67846e-08
1.67667e-08
1.64066e-08
1.56434e-08
1.4574e-08
1.33279e-08
1.2757e-08
1.29652e-08
1.37797e-08
1.47368e-08
1.54424e-08
1.57471e-08
1.57568e-08
1.56115e-08
1.55042e-08
1.5576e-08
1.58369e-08
1.62852e-08
1.67766e-08
1.69657e-08
1.67846e-08
1.64316e-08
1.60723e-08
1.58961e-08
1.58287e-08
1.57008e-08
1.55154e-08
1.53189e-08
1.52178e-08
1.53142e-08
1.55358e-08
1.57008e-08
1.58576e-08
1.61067e-08
1.63264e-08
1.64236e-08
1.64126e-08
1.62867e-08
1.61371e-08
1.60648e-08
1.60805e-08
1.6016e-08
1.57537e-08
1.51887e-08
1.42957e-08
1.29007e-08
1.25137e-08
1.27155e-08
1.33495e-08
1.40834e-08
1.46895e-08
1.50399e-08
1.51031e-08
1.50071e-08
1.49091e-08
1.49325e-08
1.51041e-08
1.54577e-08
1.58837e-08
1.61543e-08
1.61001e-08
1.58258e-08
1.55212e-08
1.53829e-08
1.54311e-08
1.54448e-08
1.53652e-08
1.51804e-08
1.49828e-08
1.49603e-08
1.51255e-08
1.53149e-08
1.54647e-08
1.56035e-08
1.55779e-08
1.54642e-08
1.54384e-08
1.5504e-08
1.55485e-08
1.55854e-08
1.56032e-08
1.5427e-08
1.50088e-08
1.44248e-08
1.36686e-08
1.24405e-08
1.22682e-08
1.25842e-08
1.32073e-08
1.38673e-08
1.44005e-08
1.4675e-08
1.46928e-08
1.46047e-08
1.46067e-08
1.46878e-08
1.47974e-08
1.50023e-08
1.52769e-08
1.547e-08
1.55086e-08
1.53963e-08
1.51881e-08
1.50516e-08
1.50372e-08
1.50228e-08
1.49702e-08
1.49239e-08
1.48894e-08
1.49781e-08
1.51659e-08
1.52751e-08
1.5301e-08
1.5279e-08
1.51517e-08
1.49669e-08
1.49352e-08
1.50301e-08
1.5073e-08
1.50069e-08
1.48495e-08
1.45327e-08
1.40408e-08
1.35002e-08
1.29452e-08
1.23074e-08
1.22186e-08
1.25321e-08
1.30645e-08
1.35578e-08
1.39987e-08
1.43039e-08
1.43963e-08
1.44781e-08
1.45936e-08
1.4656e-08
1.46766e-08
1.47263e-08
1.48072e-08
1.49012e-08
1.49275e-08
1.48669e-08
1.47197e-08
1.45983e-08
1.45501e-08
1.44976e-08
1.44585e-08
1.44512e-08
1.44782e-08
1.46083e-08
1.48716e-08
1.51144e-08
1.51949e-08
1.50987e-08
1.48662e-08
1.4637e-08
1.45822e-08
1.47209e-08
1.48384e-08
1.4783e-08
1.46111e-08
1.4244e-08
1.36638e-08
1.3094e-08
1.26407e-08
1.21404e-08
1.21239e-08
1.24291e-08
1.29001e-08
1.3315e-08
1.36311e-08
1.37999e-08
1.38472e-08
1.39462e-08
1.4182e-08
1.4408e-08
1.46094e-08
1.47854e-08
1.48587e-08
1.48587e-08
1.48031e-08
1.46877e-08
1.45184e-08
1.43981e-08
1.43707e-08
1.43756e-08
1.43596e-08
1.43193e-08
1.4264e-08
1.42821e-08
1.43852e-08
1.45109e-08
1.4554e-08
1.44739e-08
1.43157e-08
1.41449e-08
1.40232e-08
1.40671e-08
1.41468e-08
1.41242e-08
1.40064e-08
1.36873e-08
1.3169e-08
1.26836e-08
1.23587e-08
1.19676e-08
1.20041e-08
1.22348e-08
1.25969e-08
1.29334e-08
1.31991e-08
1.3449e-08
1.36853e-08
1.39334e-08
1.42455e-08
1.44463e-08
1.45314e-08
1.45747e-08
1.45082e-08
1.43857e-08
1.4281e-08
1.42513e-08
1.42185e-08
1.42338e-08
1.43255e-08
1.43571e-08
1.43111e-08
1.42561e-08
1.42158e-08
1.41864e-08
1.4209e-08
1.42768e-08
1.42853e-08
1.41758e-08
1.39723e-08
1.37415e-08
1.35389e-08
1.3433e-08
1.34104e-08
1.33774e-08
1.32853e-08
1.30588e-08
1.26663e-08
1.22973e-08
1.20703e-08
1.23167e-08
1.22277e-08
1.22377e-08
1.23964e-08
1.26538e-08
1.29223e-08
1.31806e-08
1.34706e-08
1.37449e-08
1.40022e-08
1.41724e-08
1.42572e-08
1.43139e-08
1.42932e-08
1.42058e-08
1.4163e-08
1.41367e-08
1.40622e-08
1.3995e-08
1.40173e-08
1.39867e-08
1.38897e-08
1.38594e-08
1.3901e-08
1.39437e-08
1.40273e-08
1.41799e-08
1.42613e-08
1.42056e-08
1.405e-08
1.3781e-08
1.34545e-08
1.31733e-08
1.29949e-08
1.29311e-08
1.29108e-08
1.28297e-08
1.26894e-08
1.25582e-08
1.24272e-08
1.27691e-08
1.27151e-08
1.27004e-08
1.28016e-08
1.29845e-08
1.31505e-08
1.32694e-08
1.33854e-08
1.35064e-08
1.36076e-08
1.37394e-08
1.3902e-08
1.40379e-08
1.41022e-08
1.41432e-08
1.42348e-08
1.43439e-08
1.43987e-08
1.44675e-08
1.45079e-08
1.43617e-08
1.40116e-08
1.3765e-08
1.37184e-08
1.37801e-08
1.39597e-08
1.41788e-08
1.4303e-08
1.42832e-08
1.41992e-08
1.40039e-08
1.37415e-08
1.34653e-08
1.32629e-08
1.31676e-08
1.30785e-08
1.29382e-08
1.28759e-08
1.28598e-08
1.28218e-08
1.32915e-08
1.32954e-08
1.33285e-08
1.34055e-08
1.35429e-08
1.36513e-08
1.36783e-08
1.36495e-08
1.36054e-08
1.35715e-08
1.36716e-08
1.38852e-08
1.40841e-08
1.42081e-08
1.43614e-08
1.45827e-08
1.47559e-08
1.48619e-08
1.49852e-08
1.50654e-08
1.4925e-08
1.46644e-08
1.45405e-08
1.45848e-08
1.46472e-08
1.47093e-08
1.47779e-08
1.48188e-08
1.48037e-08
1.47104e-08
1.44865e-08
1.41361e-08
1.3793e-08
1.35508e-08
1.3483e-08
1.34508e-08
1.33878e-08
1.33443e-08
1.33176e-08
1.32977e-08
1.37006e-08
1.3808e-08
1.39399e-08
1.41266e-08
1.43448e-08
1.44371e-08
1.43369e-08
1.4082e-08
1.38206e-08
1.37321e-08
1.39517e-08
1.43812e-08
1.4699e-08
1.48925e-08
1.51941e-08
1.55293e-08
1.57107e-08
1.58002e-08
1.59643e-08
1.60409e-08
1.5885e-08
1.56758e-08
1.56086e-08
1.56352e-08
1.56996e-08
1.57905e-08
1.58654e-08
1.58657e-08
1.57584e-08
1.54328e-08
1.49216e-08
1.43963e-08
1.40142e-08
1.3864e-08
1.38817e-08
1.38977e-08
1.3832e-08
1.37322e-08
1.36563e-08
1.3642e-08
1.46972e-08
1.48128e-08
1.48616e-08
1.50566e-08
1.53836e-08
1.55807e-08
1.54547e-08
1.50705e-08
1.4647e-08
1.44535e-08
1.46114e-08
1.48841e-08
1.5031e-08
1.52691e-08
1.58729e-08
1.6469e-08
1.66098e-08
1.65656e-08
1.66748e-08
1.68376e-08
1.68841e-08
1.70252e-08
1.72117e-08
1.70952e-08
1.66871e-08
1.63441e-08
1.62323e-08
1.63121e-08
1.63219e-08
1.59842e-08
1.54087e-08
1.4842e-08
1.43305e-08
1.40512e-08
1.41212e-08
1.43289e-08
1.44059e-08
1.43635e-08
1.43416e-08
1.44793e-08
1.55398e-08
1.57586e-08
1.59095e-08
1.62768e-08
1.68448e-08
1.73072e-08
1.72755e-08
1.66175e-08
1.57067e-08
1.50644e-08
1.50479e-08
1.54524e-08
1.58117e-08
1.62586e-08
1.68659e-08
1.71397e-08
1.695e-08
1.69452e-08
1.74304e-08
1.80255e-08
1.8431e-08
1.8661e-08
1.87292e-08
1.84545e-08
1.80203e-08
1.7648e-08
1.73934e-08
1.73367e-08
1.72339e-08
1.67726e-08
1.61714e-08
1.56991e-08
1.52477e-08
1.4919e-08
1.48522e-08
1.48612e-08
1.48265e-08
1.48176e-08
1.49308e-08
1.51954e-08
1.6867e-08
1.70341e-08
1.72602e-08
1.79934e-08
1.90943e-08
1.989e-08
1.95281e-08
1.81354e-08
1.65604e-08
1.56719e-08
1.59012e-08
1.6572e-08
1.71345e-08
1.78067e-08
1.83912e-08
1.82053e-08
1.76932e-08
1.76639e-08
1.80241e-08
1.83769e-08
1.88628e-08
1.94955e-08
1.98059e-08
1.95858e-08
1.92453e-08
1.90962e-08
1.89863e-08
1.8775e-08
1.83259e-08
1.75764e-08
1.6954e-08
1.6457e-08
1.59086e-08
1.54605e-08
1.53197e-08
1.52951e-08
1.52809e-08
1.53966e-08
1.57578e-08
1.63506e-08
1.75574e-08
1.75351e-08
1.77493e-08
1.84975e-08
1.94386e-08
1.99974e-08
1.96217e-08
1.85004e-08
1.71653e-08
1.63745e-08
1.6859e-08
1.78523e-08
1.83544e-08
1.86744e-08
1.87118e-08
1.79817e-08
1.73375e-08
1.76683e-08
1.88053e-08
2.00233e-08
2.0761e-08
2.09966e-08
2.08911e-08
2.04919e-08
2.0125e-08
1.99596e-08
1.98401e-08
1.9577e-08
1.87995e-08
1.7699e-08
1.69458e-08
1.65298e-08
1.60394e-08
1.55338e-08
1.52489e-08
1.52053e-08
1.54005e-08
1.58932e-08
1.66047e-08
1.72497e-08
1.78806e-08
1.85124e-08
1.90209e-08
1.93841e-08
1.9704e-08
1.99609e-08
1.94248e-08
1.81297e-08
1.67802e-08
1.63239e-08
1.73016e-08
1.83111e-08
1.8649e-08
1.91077e-08
1.93213e-08
1.8644e-08
1.82856e-08
1.92792e-08
2.08731e-08
2.1708e-08
2.1474e-08
2.09765e-08
2.07718e-08
2.07192e-08
2.07932e-08
2.08388e-08
2.06651e-08
2.01311e-08
1.89705e-08
1.75865e-08
1.67834e-08
1.6528e-08
1.6233e-08
1.58727e-08
1.57373e-08
1.57264e-08
1.57985e-08
1.60004e-08
1.64071e-08
1.71008e-08
1.80776e-08
1.94102e-08
2.00155e-08
2.01001e-08
2.05591e-08
2.09919e-08
2.02549e-08
1.87436e-08
1.73789e-08
1.73153e-08
1.86428e-08
1.93523e-08
1.92905e-08
1.95654e-08
1.93891e-08
1.86656e-08
1.90017e-08
2.04756e-08
2.18316e-08
2.20484e-08
2.1328e-08
2.07197e-08
2.06528e-08
2.09245e-08
2.11891e-08
2.10929e-08
2.06961e-08
1.98496e-08
1.85061e-08
1.7371e-08
1.71054e-08
1.73866e-08
1.74826e-08
1.73636e-08
1.7156e-08
1.69677e-08
1.68429e-08
1.66439e-08
1.64574e-08
1.68483e-08
1.87331e-08
1.99318e-08
2.05963e-08
2.09069e-08
2.1722e-08
2.23548e-08
2.16036e-08
2.00211e-08
1.84997e-08
1.84243e-08
1.95179e-08
1.95451e-08
1.91559e-08
1.97326e-08
2.00678e-08
1.99902e-08
2.07567e-08
2.21975e-08
2.33375e-08
2.31797e-08
2.18948e-08
2.08989e-08
2.07445e-08
2.11116e-08
2.15494e-08
2.15655e-08
2.0991e-08
1.99531e-08
1.86375e-08
1.7574e-08
1.75269e-08
1.81779e-08
1.85993e-08
1.86723e-08
1.86864e-08
1.85325e-08
1.79833e-08
1.72087e-08
1.68737e-08
1.74593e-08
1.86452e-08
2.01807e-08
2.12786e-08
2.18198e-08
2.28943e-08
2.39313e-08
2.34506e-08
2.16398e-08
1.95995e-08
1.92833e-08
2.00542e-08
1.9749e-08
1.95977e-08
2.06316e-08
2.13223e-08
2.16207e-08
2.254e-08
2.3777e-08
2.44982e-08
2.39011e-08
2.23415e-08
2.11752e-08
2.09678e-08
2.13884e-08
2.1738e-08
2.16147e-08
2.12899e-08
2.05617e-08
1.92447e-08
1.82637e-08
1.86359e-08
1.96274e-08
2.01494e-08
2.02263e-08
1.99178e-08
1.92286e-08
1.81792e-08
1.70714e-08
1.66032e-08
1.72588e-08
1.98258e-08
2.16568e-08
2.28242e-08
2.33889e-08
2.46464e-08
2.56564e-08
2.47957e-08
2.24566e-08
2.03882e-08
2.05681e-08
2.16513e-08
2.15503e-08
2.18289e-08
2.29588e-08
2.33479e-08
2.33727e-08
2.41671e-08
2.51594e-08
2.54301e-08
2.46207e-08
2.30785e-08
2.17616e-08
2.13836e-08
2.18529e-08
2.22265e-08
2.19922e-08
2.14839e-08
2.05123e-08
1.90802e-08
1.85819e-08
1.97816e-08
2.10227e-08
2.13454e-08
2.12279e-08
2.08654e-08
2.00161e-08
1.86969e-08
1.74463e-08
1.71646e-08
1.80826e-08
2.16223e-08
2.36206e-08
2.46011e-08
2.50413e-08
2.63285e-08
2.69554e-08
2.56138e-08
2.32085e-08
2.16952e-08
2.24597e-08
2.37044e-08
2.38238e-08
2.44225e-08
2.54364e-08
2.52694e-08
2.50649e-08
2.5833e-08
2.66369e-08
2.67317e-08
2.58979e-08
2.44589e-08
2.33192e-08
2.32085e-08
2.37089e-08
2.36595e-08
2.29523e-08
2.21174e-08
2.09048e-08
1.95811e-08
1.96075e-08
2.09946e-08
2.18441e-08
2.2094e-08
2.22427e-08
2.19072e-08
2.08504e-08
1.92203e-08
1.78751e-08
1.79233e-08
1.94574e-08
2.25604e-08
2.4512e-08
2.52396e-08
2.55637e-08
2.67102e-08
2.69359e-08
2.55244e-08
2.3508e-08
2.26496e-08
2.4043e-08
2.53314e-08
2.51096e-08
2.55587e-08
2.64259e-08
2.61588e-08
2.60666e-08
2.68767e-08
2.76627e-08
2.77797e-08
2.68308e-08
2.5456e-08
2.4664e-08
2.46542e-08
2.48774e-08
2.47393e-08
2.4341e-08
2.37821e-08
2.25434e-08
2.12933e-08
2.19916e-08
2.34812e-08
2.36075e-08
2.34968e-08
2.35699e-08
2.30725e-08
2.16514e-08
1.9534e-08
1.8021e-08
1.83605e-08
2.02279e-08
2.31974e-08
2.50312e-08
2.55292e-08
2.5701e-08
2.65395e-08
2.65175e-08
2.52439e-08
2.35783e-08
2.31614e-08
2.49407e-08
2.64037e-08
2.61287e-08
2.63787e-08
2.69427e-08
2.6419e-08
2.60842e-08
2.6678e-08
2.77223e-08
2.82693e-08
2.75697e-08
2.64012e-08
2.57337e-08
2.54937e-08
2.53989e-08
2.52281e-08
2.495e-08
2.44168e-08
2.3142e-08
2.2399e-08
2.43118e-08
2.57464e-08
2.48889e-08
2.40334e-08
2.3727e-08
2.31981e-08
2.18423e-08
1.97186e-08
1.82737e-08
1.88689e-08
2.08903e-08
2.41386e-08
2.56851e-08
2.60967e-08
2.63661e-08
2.68592e-08
2.64448e-08
2.52881e-08
2.40218e-08
2.38294e-08
2.54592e-08
2.66518e-08
2.67586e-08
2.75514e-08
2.8303e-08
2.75162e-08
2.65193e-08
2.66433e-08
2.77703e-08
2.86756e-08
2.82844e-08
2.719e-08
2.64368e-08
2.61217e-08
2.59685e-08
2.58129e-08
2.56407e-08
2.50957e-08
2.39467e-08
2.4074e-08
2.63566e-08
2.67812e-08
2.52794e-08
2.4331e-08
2.37425e-08
2.3084e-08
2.19182e-08
1.99343e-08
1.86865e-08
1.96409e-08
2.18679e-08
2.52667e-08
2.65923e-08
2.69141e-08
2.7255e-08
2.75859e-08
2.70042e-08
2.59409e-08
2.47306e-08
2.43683e-08
2.58782e-08
2.69931e-08
2.73772e-08
2.89048e-08
3.0095e-08
2.91864e-08
2.7798e-08
2.76851e-08
2.86533e-08
2.94478e-08
2.90328e-08
2.80813e-08
2.76197e-08
2.73165e-08
2.69586e-08
2.67838e-08
2.66832e-08
2.61721e-08
2.55685e-08
2.63136e-08
2.76303e-08
2.67104e-08
2.51946e-08
2.47826e-08
2.43871e-08
2.35318e-08
2.21815e-08
2.03601e-08
1.95451e-08
2.07944e-08
2.30873e-08
2.58154e-08
2.69551e-08
2.72643e-08
2.77665e-08
2.8059e-08
2.7463e-08
2.64889e-08
2.52357e-08
2.46831e-08
2.61181e-08
2.72158e-08
2.76349e-08
2.94243e-08
3.09218e-08
3.01337e-08
2.87435e-08
2.86383e-08
2.94455e-08
2.99736e-08
2.96108e-08
2.90958e-08
2.89042e-08
2.83872e-08
2.77288e-08
2.74267e-08
2.71634e-08
2.6731e-08
2.66676e-08
2.76359e-08
2.78411e-08
2.62907e-08
2.52669e-08
2.53403e-08
2.50747e-08
2.42063e-08
2.28084e-08
2.09648e-08
2.02988e-08
2.1631e-08
2.38251e-08
2.56886e-08
2.67234e-08
2.71621e-08
2.78517e-08
2.82721e-08
2.77324e-08
2.67818e-08
2.53898e-08
2.46754e-08
2.5921e-08
2.68263e-08
2.72639e-08
2.9201e-08
3.08748e-08
3.02253e-08
2.89966e-08
2.90867e-08
2.98773e-08
3.02515e-08
2.99511e-08
2.96783e-08
2.96558e-08
2.91693e-08
2.83664e-08
2.77765e-08
2.72742e-08
2.70259e-08
2.7315e-08
2.80451e-08
2.741e-08
2.57652e-08
2.53999e-08
2.58278e-08
2.56333e-08
2.46913e-08
2.30768e-08
2.1213e-08
2.07166e-08
2.20523e-08
2.3994e-08
2.53082e-08
2.63047e-08
2.69359e-08
2.78329e-08
2.82887e-08
2.77618e-08
2.67746e-08
2.52549e-08
2.43525e-08
2.51991e-08
2.58752e-08
2.65649e-08
2.87755e-08
3.04626e-08
2.97388e-08
2.86095e-08
2.89026e-08
2.98295e-08
3.02802e-08
2.99153e-08
2.95217e-08
2.94742e-08
2.90752e-08
2.82771e-08
2.76157e-08
2.71679e-08
2.72279e-08
2.77288e-08
2.79304e-08
2.66667e-08
2.50864e-08
2.52414e-08
2.59085e-08
2.56745e-08
2.46471e-08
2.29054e-08
2.10919e-08
2.08006e-08
2.21345e-08
2.38286e-08
2.48357e-08
2.58558e-08
2.66959e-08
2.77051e-08
2.80413e-08
2.7393e-08
2.63335e-08
2.47619e-08
2.37487e-08
2.42811e-08
2.48936e-08
2.58693e-08
2.83128e-08
2.98902e-08
2.90255e-08
2.7936e-08
2.83209e-08
2.9336e-08
2.98367e-08
2.94214e-08
2.89691e-08
2.89431e-08
2.84775e-08
2.74988e-08
2.6823e-08
2.64607e-08
2.65442e-08
2.70393e-08
2.69962e-08
2.56327e-08
2.42663e-08
2.47363e-08
2.55498e-08
2.52592e-08
2.41881e-08
2.24949e-08
2.08758e-08
2.07284e-08
2.19963e-08
2.35e-08
2.43228e-08
2.53935e-08
2.63316e-08
2.73e-08
2.74399e-08
2.66268e-08
2.54918e-08
2.39452e-08
2.29526e-08
2.3379e-08
2.41036e-08
2.52968e-08
2.7713e-08
2.91341e-08
2.82443e-08
2.72511e-08
2.76506e-08
2.86691e-08
2.91526e-08
2.86758e-08
2.82442e-08
2.83107e-08
2.78261e-08
2.66997e-08
2.59368e-08
2.55457e-08
2.55171e-08
2.58965e-08
2.57679e-08
2.44909e-08
2.33358e-08
2.40222e-08
2.49563e-08
2.46869e-08
2.36549e-08
2.20518e-08
2.05533e-08
2.04373e-08
2.16028e-08
2.30102e-08
2.38044e-08
2.48936e-08
2.58691e-08
2.67714e-08
2.67565e-08
2.58196e-08
2.46305e-08
2.31319e-08
2.22135e-08
2.26562e-08
2.34911e-08
2.48061e-08
2.71387e-08
2.84294e-08
2.75882e-08
2.66866e-08
2.70806e-08
2.80743e-08
2.85241e-08
2.80337e-08
2.76476e-08
2.77825e-08
2.7332e-08
2.61549e-08
2.53016e-08
2.48524e-08
2.48216e-08
2.5121e-08
2.48675e-08
2.35824e-08
2.25722e-08
2.33747e-08
2.43847e-08
2.41777e-08
2.32137e-08
2.16424e-08
2.01619e-08
2.00293e-08
2.11377e-08
2.25021e-08
2.34345e-08
2.45289e-08
2.54995e-08
2.63438e-08
2.62532e-08
2.52826e-08
2.40826e-08
2.26226e-08
2.17719e-08
2.22381e-08
2.30923e-08
2.44356e-08
2.67346e-08
2.79772e-08
2.71745e-08
2.63324e-08
2.67199e-08
2.76773e-08
2.80903e-08
2.76091e-08
2.72855e-08
2.74556e-08
2.69965e-08
2.57917e-08
2.49103e-08
2.44557e-08
2.44417e-08
2.46999e-08
2.43733e-08
2.30931e-08
2.21694e-08
2.30288e-08
2.40439e-08
2.38726e-08
2.29329e-08
2.13345e-08
1.98319e-08
1.96989e-08
2.07968e-08
2.21399e-08
2.3296e-08
2.43704e-08
2.5331e-08
2.61674e-08
2.60687e-08
2.50865e-08
2.38774e-08
2.24282e-08
2.16008e-08
2.20682e-08
2.29166e-08
2.42713e-08
2.65689e-08
2.77988e-08
2.7011e-08
2.61923e-08
2.65717e-08
2.75044e-08
2.79059e-08
2.74397e-08
2.71286e-08
2.72822e-08
2.68088e-08
2.5612e-08
2.47442e-08
2.42998e-08
2.42777e-08
2.45187e-08
2.41824e-08
2.29107e-08
2.20215e-08
2.29042e-08
2.39196e-08
2.37402e-08
2.27737e-08
2.11486e-08
1.9652e-08
1.95451e-08
2.06602e-08
2.20121e-08
1.26507e-08
1.26192e-08
1.26332e-08
1.26992e-08
1.28073e-08
1.28967e-08
1.29819e-08
1.31301e-08
1.32898e-08
1.34689e-08
1.36798e-08
1.39208e-08
1.41076e-08
1.4177e-08
1.41904e-08
1.42172e-08
1.42299e-08
1.42337e-08
1.43014e-08
1.44272e-08
1.43658e-08
1.4075e-08
1.38075e-08
1.37062e-08
1.37427e-08
1.3923e-08
1.41755e-08
1.43334e-08
1.43354e-08
1.42426e-08
1.40873e-08
1.38562e-08
1.36353e-08
1.35091e-08
1.34542e-08
1.33294e-08
1.30995e-08
1.29296e-08
1.28092e-08
1.27063e-08
1.33758e-08
1.33679e-08
1.33687e-08
1.33616e-08
1.3346e-08
1.33433e-08
1.3375e-08
1.34151e-08
1.34401e-08
1.34913e-08
1.36363e-08
1.39062e-08
1.41376e-08
1.42832e-08
1.44304e-08
1.45909e-08
1.46492e-08
1.46672e-08
1.47789e-08
1.48826e-08
1.48394e-08
1.47182e-08
1.47202e-08
1.486e-08
1.50107e-08
1.50891e-08
1.51092e-08
1.50459e-08
1.49314e-08
1.47716e-08
1.45195e-08
1.42047e-08
1.39219e-08
1.37333e-08
1.36406e-08
1.35652e-08
1.34603e-08
1.34157e-08
1.3417e-08
1.33929e-08
1.39279e-08
1.40245e-08
1.41411e-08
1.42153e-08
1.42063e-08
1.41452e-08
1.40487e-08
1.39017e-08
1.37654e-08
1.37639e-08
1.40056e-08
1.44219e-08
1.48555e-08
1.51902e-08
1.55191e-08
1.5769e-08
1.57073e-08
1.55145e-08
1.55245e-08
1.56707e-08
1.58095e-08
1.59664e-08
1.61784e-08
1.6329e-08
1.63897e-08
1.63711e-08
1.62602e-08
1.60803e-08
1.58484e-08
1.5496e-08
1.49899e-08
1.44952e-08
1.41349e-08
1.39773e-08
1.39831e-08
1.39979e-08
1.39717e-08
1.39422e-08
1.38792e-08
1.38709e-08
1.50617e-08
1.52279e-08
1.52905e-08
1.54049e-08
1.55708e-08
1.56328e-08
1.55083e-08
1.51225e-08
1.46727e-08
1.44637e-08
1.46517e-08
1.50828e-08
1.54525e-08
1.5806e-08
1.62755e-08
1.65536e-08
1.64355e-08
1.62029e-08
1.61663e-08
1.63771e-08
1.67496e-08
1.73304e-08
1.79686e-08
1.82399e-08
1.80138e-08
1.76022e-08
1.7216e-08
1.69729e-08
1.68234e-08
1.64856e-08
1.58789e-08
1.51915e-08
1.45514e-08
1.4199e-08
1.42525e-08
1.45227e-08
1.4748e-08
1.48077e-08
1.47736e-08
1.48514e-08
1.54608e-08
1.57178e-08
1.59502e-08
1.62161e-08
1.64077e-08
1.64345e-08
1.62886e-08
1.58299e-08
1.52215e-08
1.4823e-08
1.4997e-08
1.56267e-08
1.61685e-08
1.65936e-08
1.68884e-08
1.67041e-08
1.61918e-08
1.59901e-08
1.63349e-08
1.70457e-08
1.7891e-08
1.87022e-08
1.92817e-08
1.9407e-08
1.9166e-08
1.87792e-08
1.8329e-08
1.79229e-08
1.75247e-08
1.69632e-08
1.62915e-08
1.56352e-08
1.50607e-08
1.47803e-08
1.48047e-08
1.486e-08
1.48304e-08
1.48259e-08
1.49116e-08
1.51464e-08
1.64548e-08
1.68151e-08
1.703e-08
1.73946e-08
1.78703e-08
1.81387e-08
1.77274e-08
1.65846e-08
1.53882e-08
1.48859e-08
1.53542e-08
1.62589e-08
1.68058e-08
1.71195e-08
1.73353e-08
1.71813e-08
1.69615e-08
1.70923e-08
1.74913e-08
1.81038e-08
1.90266e-08
2.0098e-08
2.08573e-08
2.1035e-08
2.07546e-08
2.02201e-08
1.9575e-08
1.89557e-08
1.83407e-08
1.75838e-08
1.68408e-08
1.61488e-08
1.55271e-08
1.51591e-08
1.50945e-08
1.50876e-08
1.49829e-08
1.49601e-08
1.5229e-08
1.58191e-08
1.75009e-08
1.78721e-08
1.81132e-08
1.83219e-08
1.85957e-08
1.87846e-08
1.8227e-08
1.69092e-08
1.56365e-08
1.51314e-08
1.58325e-08
1.7058e-08
1.78047e-08
1.82324e-08
1.83148e-08
1.76945e-08
1.70333e-08
1.70911e-08
1.78875e-08
1.90195e-08
2.01442e-08
2.10569e-08
2.16117e-08
2.18188e-08
2.18508e-08
2.16122e-08
2.09634e-08
2.01068e-08
1.91047e-08
1.79542e-08
1.69511e-08
1.62621e-08
1.57497e-08
1.54676e-08
1.53827e-08
1.52601e-08
1.52419e-08
1.56005e-08
1.62774e-08
1.69518e-08
1.75802e-08
1.81795e-08
1.86876e-08
1.8865e-08
1.89137e-08
1.90613e-08
1.85825e-08
1.72688e-08
1.59838e-08
1.57177e-08
1.68227e-08
1.80695e-08
1.85646e-08
1.88868e-08
1.8966e-08
1.84816e-08
1.82164e-08
1.88109e-08
1.96518e-08
2.006e-08
2.00689e-08
2.03769e-08
2.10481e-08
2.17124e-08
2.2115e-08
2.20445e-08
2.15149e-08
2.07157e-08
1.95681e-08
1.82227e-08
1.725e-08
1.68491e-08
1.66916e-08
1.66409e-08
1.64872e-08
1.61889e-08
1.59721e-08
1.61347e-08
1.65634e-08
1.70329e-08
1.74975e-08
1.83686e-08
1.8898e-08
1.89864e-08
1.91306e-08
1.93886e-08
1.89372e-08
1.77963e-08
1.68565e-08
1.70439e-08
1.82564e-08
1.91512e-08
1.94053e-08
1.96582e-08
1.96309e-08
1.93847e-08
1.96988e-08
2.05939e-08
2.12898e-08
2.13064e-08
2.0999e-08
2.10902e-08
2.13241e-08
2.14192e-08
2.16788e-08
2.19398e-08
2.17385e-08
2.09156e-08
1.96118e-08
1.8428e-08
1.79483e-08
1.81194e-08
1.84305e-08
1.85161e-08
1.82409e-08
1.7877e-08
1.74885e-08
1.70807e-08
1.67332e-08
1.68478e-08
1.77792e-08
1.8869e-08
1.9479e-08
1.95904e-08
1.96971e-08
1.98689e-08
1.9625e-08
1.87169e-08
1.78402e-08
1.79405e-08
1.88188e-08
1.93454e-08
1.96562e-08
2.01289e-08
2.01966e-08
2.04235e-08
2.15122e-08
2.27186e-08
2.31512e-08
2.27566e-08
2.20741e-08
2.17151e-08
2.13973e-08
2.12025e-08
2.18146e-08
2.26115e-08
2.24328e-08
2.11232e-08
1.94349e-08
1.83045e-08
1.82406e-08
1.89183e-08
1.9483e-08
1.95445e-08
1.92079e-08
1.88054e-08
1.80901e-08
1.70027e-08
1.63817e-08
1.67048e-08
1.87738e-08
1.99706e-08
2.0746e-08
2.106e-08
2.13762e-08
2.16162e-08
2.10437e-08
1.95412e-08
1.81626e-08
1.79994e-08
1.88479e-08
1.97828e-08
2.07506e-08
2.14602e-08
2.14515e-08
2.17848e-08
2.2814e-08
2.36264e-08
2.37928e-08
2.33811e-08
2.28238e-08
2.23625e-08
2.16894e-08
2.14585e-08
2.23378e-08
2.32855e-08
2.29238e-08
2.14116e-08
1.96416e-08
1.861e-08
1.89373e-08
2.00075e-08
2.07618e-08
2.08743e-08
2.06265e-08
1.99964e-08
1.86401e-08
1.72808e-08
1.69039e-08
1.75716e-08
2.10075e-08
2.20831e-08
2.2938e-08
2.34637e-08
2.36331e-08
2.32239e-08
2.17078e-08
1.95923e-08
1.82258e-08
1.83436e-08
1.96083e-08
2.11137e-08
2.25697e-08
2.34279e-08
2.33232e-08
2.33826e-08
2.39455e-08
2.41914e-08
2.41175e-08
2.39511e-08
2.3767e-08
2.33715e-08
2.2542e-08
2.23447e-08
2.32192e-08
2.39299e-08
2.33738e-08
2.17018e-08
1.98677e-08
1.90404e-08
1.97795e-08
2.12051e-08
2.22253e-08
2.2578e-08
2.24478e-08
2.16804e-08
2.00924e-08
1.87806e-08
1.87677e-08
1.9788e-08
2.3093e-08
2.43721e-08
2.54685e-08
2.60059e-08
2.58243e-08
2.47812e-08
2.25329e-08
2.02011e-08
1.91281e-08
1.94602e-08
2.07845e-08
2.25304e-08
2.46402e-08
2.58642e-08
2.52602e-08
2.45993e-08
2.4618e-08
2.44301e-08
2.44101e-08
2.46703e-08
2.47882e-08
2.44994e-08
2.38042e-08
2.35673e-08
2.41005e-08
2.4461e-08
2.38322e-08
2.21799e-08
2.03655e-08
1.98854e-08
2.09478e-08
2.22554e-08
2.31087e-08
2.36538e-08
2.39819e-08
2.34359e-08
2.17452e-08
2.0437e-08
2.07125e-08
2.18952e-08
2.43006e-08
2.56291e-08
2.68865e-08
2.73153e-08
2.67194e-08
2.50462e-08
2.26396e-08
2.07537e-08
1.99995e-08
2.02305e-08
2.13134e-08
2.3381e-08
2.6392e-08
2.79141e-08
2.68336e-08
2.59478e-08
2.58026e-08
2.53231e-08
2.52743e-08
2.56951e-08
2.59693e-08
2.58293e-08
2.51358e-08
2.46318e-08
2.47096e-08
2.48783e-08
2.46143e-08
2.33751e-08
2.18483e-08
2.16931e-08
2.28664e-08
2.38553e-08
2.4348e-08
2.46257e-08
2.49252e-08
2.44739e-08
2.28719e-08
2.17611e-08
2.22208e-08
2.32929e-08
2.58097e-08
2.73571e-08
2.87569e-08
2.9162e-08
2.80035e-08
2.57038e-08
2.31458e-08
2.14782e-08
2.10157e-08
2.1186e-08
2.22211e-08
2.49458e-08
2.84561e-08
2.94566e-08
2.81522e-08
2.75264e-08
2.69454e-08
2.57575e-08
2.55626e-08
2.63793e-08
2.71354e-08
2.71014e-08
2.63353e-08
2.5769e-08
2.56427e-08
2.57082e-08
2.55535e-08
2.44778e-08
2.29654e-08
2.28869e-08
2.42368e-08
2.55814e-08
2.61123e-08
2.59406e-08
2.5661e-08
2.48437e-08
2.33579e-08
2.26739e-08
2.3463e-08
2.46254e-08
2.75552e-08
2.91951e-08
3.06674e-08
3.12706e-08
2.99058e-08
2.71358e-08
2.43541e-08
2.2748e-08
2.23996e-08
2.2475e-08
2.34357e-08
2.65892e-08
3.01118e-08
3.07966e-08
2.98803e-08
2.94081e-08
2.79941e-08
2.60545e-08
2.59678e-08
2.72834e-08
2.83485e-08
2.83337e-08
2.75449e-08
2.69479e-08
2.66894e-08
2.65239e-08
2.6222e-08
2.5129e-08
2.36521e-08
2.35257e-08
2.48778e-08
2.64163e-08
2.70173e-08
2.66829e-08
2.61012e-08
2.51251e-08
2.38436e-08
2.36303e-08
2.47606e-08
2.61322e-08
2.87641e-08
3.0271e-08
3.14043e-08
3.16918e-08
3.02304e-08
2.76362e-08
2.53632e-08
2.41067e-08
2.36991e-08
2.36657e-08
2.45641e-08
2.75732e-08
3.09054e-08
3.1934e-08
3.16152e-08
3.08808e-08
2.8672e-08
2.63551e-08
2.6203e-08
2.75788e-08
2.90026e-08
2.93887e-08
2.87113e-08
2.78997e-08
2.724e-08
2.68187e-08
2.66354e-08
2.58469e-08
2.45039e-08
2.40653e-08
2.5243e-08
2.68317e-08
2.71604e-08
2.673e-08
2.63103e-08
2.55492e-08
2.4534e-08
2.46929e-08
2.59637e-08
2.73008e-08
2.92162e-08
3.05412e-08
3.14406e-08
3.16784e-08
3.03809e-08
2.79198e-08
2.58569e-08
2.49182e-08
2.47054e-08
2.46817e-08
2.5318e-08
2.7906e-08
3.10758e-08
3.26041e-08
3.25784e-08
3.14549e-08
2.89586e-08
2.65911e-08
2.63434e-08
2.76885e-08
2.93005e-08
2.9877e-08
2.91948e-08
2.81671e-08
2.72421e-08
2.66282e-08
2.6544e-08
2.60398e-08
2.47564e-08
2.41259e-08
2.51946e-08
2.66521e-08
2.67539e-08
2.63476e-08
2.61616e-08
2.5598e-08
2.47699e-08
2.52647e-08
2.6649e-08
2.7837e-08
2.92866e-08
3.04435e-08
3.14182e-08
3.21065e-08
3.09597e-08
2.82362e-08
2.59146e-08
2.49404e-08
2.49929e-08
2.52937e-08
2.58714e-08
2.81462e-08
3.12437e-08
3.29856e-08
3.28533e-08
3.15221e-08
2.91262e-08
2.69218e-08
2.67006e-08
2.79907e-08
2.9401e-08
2.97712e-08
2.8958e-08
2.78394e-08
2.67535e-08
2.60324e-08
2.6066e-08
2.58217e-08
2.45591e-08
2.38088e-08
2.4855e-08
2.62526e-08
2.64348e-08
2.6363e-08
2.63355e-08
2.55867e-08
2.46533e-08
2.53107e-08
2.68137e-08
2.79673e-08
2.91302e-08
3.01405e-08
3.1151e-08
3.2138e-08
3.11874e-08
2.8442e-08
2.59393e-08
2.4682e-08
2.4644e-08
2.53066e-08
2.62748e-08
2.85354e-08
3.14419e-08
3.30516e-08
3.28915e-08
3.15721e-08
2.92226e-08
2.71429e-08
2.69484e-08
2.81072e-08
2.92093e-08
2.93201e-08
2.83877e-08
2.71865e-08
2.60722e-08
2.5403e-08
2.55685e-08
2.55239e-08
2.42661e-08
2.34925e-08
2.46209e-08
2.59257e-08
2.62146e-08
2.65594e-08
2.66779e-08
2.5677e-08
2.45781e-08
2.52545e-08
2.67377e-08
2.78709e-08
2.86685e-08
2.95713e-08
3.06274e-08
3.17366e-08
3.08787e-08
2.82226e-08
2.58301e-08
2.44253e-08
2.4217e-08
2.48434e-08
2.61604e-08
2.86801e-08
3.15082e-08
3.29985e-08
3.2918e-08
3.16648e-08
2.92665e-08
2.71439e-08
2.689e-08
2.78463e-08
2.86478e-08
2.85859e-08
2.76727e-08
2.65286e-08
2.54812e-08
2.495e-08
2.51872e-08
2.50904e-08
2.37321e-08
2.30296e-08
2.41464e-08
2.53119e-08
2.57102e-08
2.64063e-08
2.66755e-08
2.56127e-08
2.45178e-08
2.51913e-08
2.65492e-08
2.75493e-08
2.80791e-08
2.89475e-08
3.00484e-08
3.11497e-08
3.02578e-08
2.76587e-08
2.53618e-08
2.40268e-08
2.37643e-08
2.42637e-08
2.5616e-08
2.82714e-08
3.11861e-08
3.28094e-08
3.28898e-08
3.16444e-08
2.91615e-08
2.69629e-08
2.65818e-08
2.73007e-08
2.7918e-08
2.78664e-08
2.70801e-08
2.60084e-08
2.4984e-08
2.44993e-08
2.47599e-08
2.46081e-08
2.31822e-08
2.24455e-08
2.34378e-08
2.45106e-08
2.50969e-08
2.60096e-08
2.63527e-08
2.53225e-08
2.42792e-08
2.48985e-08
2.61363e-08
2.70508e-08
2.74507e-08
2.83239e-08
2.94376e-08
3.04679e-08
2.95587e-08
2.7077e-08
2.48734e-08
2.35465e-08
2.32803e-08
2.37743e-08
2.50859e-08
2.76982e-08
3.06525e-08
3.24486e-08
3.26825e-08
3.14665e-08
2.89682e-08
2.67468e-08
2.62659e-08
2.6834e-08
2.73711e-08
2.73599e-08
2.66535e-08
2.5606e-08
2.45619e-08
2.40605e-08
2.43038e-08
2.41099e-08
2.26566e-08
2.19044e-08
2.28257e-08
2.3895e-08
2.46226e-08
2.56234e-08
2.59526e-08
2.4901e-08
2.38303e-08
2.43583e-08
2.55412e-08
2.64573e-08
2.69907e-08
2.78846e-08
2.89662e-08
2.99104e-08
2.90057e-08
2.66372e-08
2.44942e-08
2.31444e-08
2.2846e-08
2.33834e-08
2.47275e-08
2.72945e-08
3.02174e-08
3.20698e-08
3.23762e-08
3.11953e-08
2.87192e-08
2.65172e-08
2.60351e-08
2.65828e-08
2.70873e-08
2.70877e-08
2.64111e-08
2.53488e-08
2.42765e-08
2.37593e-08
2.39657e-08
2.37043e-08
2.22465e-08
2.155e-08
2.24887e-08
2.35546e-08
2.42882e-08
2.5257e-08
2.55465e-08
2.44899e-08
2.34162e-08
2.38882e-08
2.50456e-08
2.59838e-08
2.67985e-08
2.76923e-08
2.87563e-08
2.96538e-08
2.87223e-08
2.63702e-08
2.42432e-08
2.29171e-08
2.26522e-08
2.32109e-08
2.45831e-08
2.71407e-08
3.00285e-08
3.1876e-08
3.21753e-08
3.09708e-08
2.85036e-08
2.63562e-08
2.592e-08
2.6489e-08
2.69946e-08
2.69937e-08
2.63123e-08
2.52347e-08
2.41513e-08
2.36316e-08
2.38115e-08
2.35035e-08
2.20418e-08
2.13778e-08
2.23242e-08
2.33832e-08
2.41214e-08
2.50802e-08
2.53569e-08
2.43072e-08
2.32396e-08
2.36946e-08
2.48373e-08
2.57835e-08
1.2696e-08
1.26187e-08
1.25644e-08
1.25865e-08
1.26362e-08
1.26922e-08
1.28144e-08
1.29845e-08
1.31678e-08
1.33567e-08
1.36224e-08
1.39277e-08
1.41662e-08
1.42623e-08
1.42566e-08
1.42273e-08
1.41406e-08
1.40356e-08
1.40524e-08
1.41991e-08
1.4249e-08
1.41222e-08
1.39797e-08
1.39108e-08
1.39274e-08
1.40759e-08
1.42808e-08
1.44045e-08
1.43487e-08
1.42097e-08
1.40547e-08
1.3855e-08
1.36728e-08
1.35867e-08
1.35713e-08
1.34777e-08
1.32757e-08
1.30704e-08
1.29266e-08
1.27928e-08
1.35571e-08
1.35144e-08
1.34401e-08
1.33357e-08
1.31913e-08
1.30798e-08
1.30314e-08
1.30543e-08
1.31459e-08
1.32807e-08
1.35583e-08
1.39523e-08
1.42857e-08
1.44869e-08
1.46114e-08
1.46947e-08
1.4623e-08
1.4494e-08
1.45243e-08
1.46457e-08
1.47168e-08
1.47223e-08
1.48136e-08
1.50003e-08
1.51788e-08
1.52773e-08
1.5299e-08
1.52111e-08
1.50122e-08
1.47547e-08
1.44267e-08
1.40622e-08
1.37618e-08
1.36208e-08
1.35982e-08
1.35804e-08
1.35481e-08
1.35534e-08
1.35718e-08
1.35754e-08
1.40961e-08
1.40892e-08
1.41371e-08
1.41401e-08
1.40445e-08
1.39059e-08
1.37068e-08
1.34802e-08
1.34026e-08
1.35577e-08
1.39883e-08
1.46263e-08
1.5199e-08
1.56374e-08
1.59817e-08
1.60821e-08
1.57849e-08
1.53337e-08
1.51713e-08
1.53124e-08
1.56111e-08
1.59839e-08
1.64074e-08
1.67387e-08
1.68545e-08
1.6803e-08
1.6613e-08
1.6324e-08
1.59992e-08
1.55793e-08
1.50233e-08
1.44765e-08
1.40504e-08
1.3854e-08
1.38878e-08
1.3965e-08
1.40518e-08
1.41012e-08
1.40876e-08
1.41004e-08
1.47506e-08
1.48108e-08
1.49443e-08
1.50453e-08
1.50965e-08
1.50754e-08
1.49386e-08
1.47167e-08
1.45268e-08
1.45348e-08
1.49256e-08
1.56228e-08
1.62874e-08
1.67716e-08
1.70901e-08
1.70092e-08
1.64559e-08
1.59188e-08
1.57754e-08
1.60051e-08
1.64702e-08
1.72182e-08
1.8032e-08
1.8541e-08
1.85931e-08
1.82943e-08
1.78232e-08
1.73627e-08
1.70024e-08
1.64932e-08
1.575e-08
1.49806e-08
1.42754e-08
1.38923e-08
1.39622e-08
1.42303e-08
1.45457e-08
1.47022e-08
1.47194e-08
1.4736e-08
1.52616e-08
1.54979e-08
1.58041e-08
1.61078e-08
1.62536e-08
1.61357e-08
1.58605e-08
1.54968e-08
1.51935e-08
1.51663e-08
1.56469e-08
1.64622e-08
1.71465e-08
1.75497e-08
1.77229e-08
1.7256e-08
1.62762e-08
1.56118e-08
1.56942e-08
1.62551e-08
1.69631e-08
1.78096e-08
1.86256e-08
1.91334e-08
1.93796e-08
1.93348e-08
1.90022e-08
1.85297e-08
1.78683e-08
1.70241e-08
1.61009e-08
1.52404e-08
1.46186e-08
1.44527e-08
1.46219e-08
1.48051e-08
1.48327e-08
1.48187e-08
1.4861e-08
1.50432e-08
1.59446e-08
1.64116e-08
1.66608e-08
1.6841e-08
1.71003e-08
1.7343e-08
1.71901e-08
1.64602e-08
1.56677e-08
1.54666e-08
1.61994e-08
1.74092e-08
1.79802e-08
1.78521e-08
1.75131e-08
1.70748e-08
1.67537e-08
1.68283e-08
1.71432e-08
1.74569e-08
1.78365e-08
1.85292e-08
1.93423e-08
1.99741e-08
2.03398e-08
2.02831e-08
1.98194e-08
1.91809e-08
1.83528e-08
1.7273e-08
1.62146e-08
1.54223e-08
1.49641e-08
1.48777e-08
1.50281e-08
1.50906e-08
1.50321e-08
1.49296e-08
1.50078e-08
1.53898e-08
1.67411e-08
1.71106e-08
1.74406e-08
1.75841e-08
1.75515e-08
1.73571e-08
1.67996e-08
1.5957e-08
1.53818e-08
1.55807e-08
1.67358e-08
1.79991e-08
1.84068e-08
1.84191e-08
1.85184e-08
1.82512e-08
1.758e-08
1.71978e-08
1.74281e-08
1.79213e-08
1.84178e-08
1.90768e-08
1.97974e-08
2.04772e-08
2.09707e-08
2.09941e-08
2.05626e-08
2.00031e-08
1.93336e-08
1.83786e-08
1.72861e-08
1.63309e-08
1.57641e-08
1.57209e-08
1.59475e-08
1.59951e-08
1.5838e-08
1.57793e-08
1.60361e-08
1.64018e-08
1.6622e-08
1.72975e-08
1.78809e-08
1.81414e-08
1.8049e-08
1.77469e-08
1.71331e-08
1.63577e-08
1.5911e-08
1.64086e-08
1.80993e-08
1.96465e-08
2.00031e-08
1.97656e-08
1.93473e-08
1.85455e-08
1.77848e-08
1.77005e-08
1.82213e-08
1.86022e-08
1.87034e-08
1.89638e-08
1.94947e-08
2.02196e-08
2.09303e-08
2.12389e-08
2.11559e-08
2.09448e-08
2.03284e-08
1.92096e-08
1.79369e-08
1.69129e-08
1.63785e-08
1.62782e-08
1.62911e-08
1.60793e-08
1.57279e-08
1.55339e-08
1.56416e-08
1.60102e-08
1.67017e-08
1.77688e-08
1.85948e-08
1.88823e-08
1.85537e-08
1.81269e-08
1.75315e-08
1.66578e-08
1.6036e-08
1.64342e-08
1.80168e-08
1.94455e-08
1.9879e-08
1.98901e-08
1.96212e-08
1.8977e-08
1.85323e-08
1.87509e-08
1.93731e-08
1.97605e-08
1.97678e-08
1.97934e-08
1.99913e-08
2.0512e-08
2.12146e-08
2.15981e-08
2.16146e-08
2.13482e-08
2.0529e-08
1.93739e-08
1.83511e-08
1.77791e-08
1.77038e-08
1.77767e-08
1.76144e-08
1.72181e-08
1.66367e-08
1.60543e-08
1.56716e-08
1.58465e-08
1.69699e-08
1.84053e-08
1.9372e-08
1.93803e-08
1.88031e-08
1.84655e-08
1.80344e-08
1.71574e-08
1.6422e-08
1.67441e-08
1.81553e-08
1.94419e-08
2.01315e-08
2.05148e-08
2.03038e-08
1.97221e-08
1.94507e-08
1.97941e-08
2.04798e-08
2.07902e-08
2.06399e-08
2.05283e-08
2.05677e-08
2.08289e-08
2.12045e-08
2.1347e-08
2.12322e-08
2.08978e-08
2.02172e-08
1.92848e-08
1.85909e-08
1.84366e-08
1.87988e-08
1.91656e-08
1.90389e-08
1.84339e-08
1.73224e-08
1.60122e-08
1.52809e-08
1.56945e-08
1.74637e-08
1.91858e-08
2.01447e-08
2.00121e-08
1.96894e-08
1.96483e-08
1.90017e-08
1.75974e-08
1.66669e-08
1.71038e-08
1.86162e-08
2.02036e-08
2.14341e-08
2.2004e-08
2.16011e-08
2.09615e-08
2.0767e-08
2.09414e-08
2.14043e-08
2.16385e-08
2.15954e-08
2.15508e-08
2.1398e-08
2.11104e-08
2.1016e-08
2.11462e-08
2.12932e-08
2.10946e-08
2.0413e-08
1.94942e-08
1.88971e-08
1.90393e-08
1.96775e-08
2.02408e-08
2.0143e-08
1.92191e-08
1.75956e-08
1.59953e-08
1.53828e-08
1.59757e-08
1.88588e-08
2.04495e-08
2.15278e-08
2.18647e-08
2.20324e-08
2.19936e-08
2.0529e-08
1.84674e-08
1.76104e-08
1.82844e-08
1.96468e-08
2.10632e-08
2.24897e-08
2.31641e-08
2.26341e-08
2.18367e-08
2.14591e-08
2.14748e-08
2.18125e-08
2.21116e-08
2.22051e-08
2.22955e-08
2.21731e-08
2.18398e-08
2.17163e-08
2.19334e-08
2.19936e-08
2.14263e-08
2.05219e-08
1.97845e-08
1.95926e-08
2.00363e-08
2.08847e-08
2.15328e-08
2.1353e-08
2.00466e-08
1.81126e-08
1.66406e-08
1.64543e-08
1.73239e-08
2.1352e-08
2.28168e-08
2.39772e-08
2.46736e-08
2.51642e-08
2.44624e-08
2.20378e-08
1.96243e-08
1.8802e-08
1.95891e-08
2.06897e-08
2.1893e-08
2.35839e-08
2.42887e-08
2.3479e-08
2.24568e-08
2.19352e-08
2.16667e-08
2.18815e-08
2.23993e-08
2.28803e-08
2.32958e-08
2.32805e-08
2.29113e-08
2.27384e-08
2.28209e-08
2.25464e-08
2.17156e-08
2.10004e-08
2.0779e-08
2.10034e-08
2.15637e-08
2.2395e-08
2.29824e-08
2.25366e-08
2.09767e-08
1.90095e-08
1.79423e-08
1.84713e-08
1.98651e-08
2.40463e-08
2.51656e-08
2.62423e-08
2.71637e-08
2.76274e-08
2.63641e-08
2.34531e-08
2.08026e-08
1.97412e-08
2.03474e-08
2.12668e-08
2.28877e-08
2.53896e-08
2.61471e-08
2.49072e-08
2.39194e-08
2.32637e-08
2.25508e-08
2.25326e-08
2.32543e-08
2.41282e-08
2.47239e-08
2.45631e-08
2.39609e-08
2.3528e-08
2.33297e-08
2.29375e-08
2.22552e-08
2.17898e-08
2.18024e-08
2.20747e-08
2.28667e-08
2.41188e-08
2.48196e-08
2.3997e-08
2.19879e-08
2.00262e-08
1.97023e-08
2.10884e-08
2.27958e-08
2.59714e-08
2.69305e-08
2.79378e-08
2.88747e-08
2.91022e-08
2.75253e-08
2.4382e-08
2.15539e-08
2.05479e-08
2.12106e-08
2.21083e-08
2.40807e-08
2.7117e-08
2.82002e-08
2.70377e-08
2.56867e-08
2.47231e-08
2.37784e-08
2.37743e-08
2.47499e-08
2.59907e-08
2.66541e-08
2.6223e-08
2.52062e-08
2.42975e-08
2.3605e-08
2.31052e-08
2.27105e-08
2.24167e-08
2.24516e-08
2.2926e-08
2.41252e-08
2.55528e-08
2.59586e-08
2.47034e-08
2.24179e-08
2.06659e-08
2.10527e-08
2.31628e-08
2.49732e-08
2.75591e-08
2.86153e-08
2.96327e-08
3.07233e-08
3.09452e-08
2.88071e-08
2.50017e-08
2.18302e-08
2.09086e-08
2.18069e-08
2.27891e-08
2.49468e-08
2.82947e-08
2.95959e-08
2.84121e-08
2.70633e-08
2.59954e-08
2.49048e-08
2.49024e-08
2.61854e-08
2.7754e-08
2.8384e-08
2.77424e-08
2.65335e-08
2.53829e-08
2.44158e-08
2.38456e-08
2.34082e-08
2.30104e-08
2.3199e-08
2.40254e-08
2.52588e-08
2.63953e-08
2.68054e-08
2.5721e-08
2.34821e-08
2.18133e-08
2.24443e-08
2.46323e-08
2.64138e-08
2.85682e-08
2.96318e-08
3.05961e-08
3.1547e-08
3.15519e-08
2.91549e-08
2.51647e-08
2.20584e-08
2.1117e-08
2.19348e-08
2.30194e-08
2.51898e-08
2.84734e-08
2.98914e-08
2.88578e-08
2.76284e-08
2.6626e-08
2.55396e-08
2.55815e-08
2.70338e-08
2.85455e-08
2.89328e-08
2.82481e-08
2.72112e-08
2.61954e-08
2.52786e-08
2.46742e-08
2.41804e-08
2.38252e-08
2.41543e-08
2.51342e-08
2.6274e-08
2.71782e-08
2.76762e-08
2.69224e-08
2.48184e-08
2.29666e-08
2.3496e-08
2.56077e-08
2.73556e-08
2.91654e-08
3.01922e-08
3.11067e-08
3.18258e-08
3.14473e-08
2.87965e-08
2.48426e-08
2.19749e-08
2.11192e-08
2.20102e-08
2.3249e-08
2.53798e-08
2.85248e-08
2.99588e-08
2.89852e-08
2.76761e-08
2.66608e-08
2.57238e-08
2.59869e-08
2.74684e-08
2.87815e-08
2.90608e-08
2.84669e-08
2.76336e-08
2.68546e-08
2.61483e-08
2.55483e-08
2.49039e-08
2.44283e-08
2.47002e-08
2.57309e-08
2.70348e-08
2.80987e-08
2.8568e-08
2.77835e-08
2.55623e-08
2.34744e-08
2.37832e-08
2.58722e-08
2.78184e-08
2.94725e-08
3.03546e-08
3.11536e-08
3.19033e-08
3.14746e-08
2.86083e-08
2.45602e-08
2.17556e-08
2.09584e-08
2.1986e-08
2.34313e-08
2.56349e-08
2.87904e-08
3.02913e-08
2.93228e-08
2.77955e-08
2.67437e-08
2.59188e-08
2.62103e-08
2.76541e-08
2.89348e-08
2.9213e-08
2.86715e-08
2.79652e-08
2.74129e-08
2.68659e-08
2.61965e-08
2.53615e-08
2.472e-08
2.49074e-08
2.6106e-08
2.77704e-08
2.89984e-08
2.92686e-08
2.81664e-08
2.55158e-08
2.31937e-08
2.33803e-08
2.55992e-08
2.79417e-08
2.92348e-08
3.00232e-08
3.07565e-08
3.16128e-08
3.12742e-08
2.83884e-08
2.43839e-08
2.16e-08
2.06808e-08
2.16202e-08
2.3253e-08
2.56654e-08
2.88813e-08
3.04947e-08
2.96485e-08
2.80654e-08
2.69543e-08
2.60405e-08
2.61662e-08
2.75674e-08
2.88072e-08
2.90018e-08
2.84681e-08
2.78887e-08
2.75659e-08
2.72568e-08
2.66295e-08
2.57056e-08
2.49337e-08
2.51237e-08
2.65606e-08
2.83693e-08
2.93384e-08
2.92231e-08
2.78495e-08
2.49871e-08
2.26815e-08
2.2928e-08
2.51678e-08
2.76236e-08
2.85587e-08
2.92564e-08
3.001e-08
3.09527e-08
3.06138e-08
2.77776e-08
2.39877e-08
2.13576e-08
2.03844e-08
2.11819e-08
2.2779e-08
2.52461e-08
2.84712e-08
3.0253e-08
2.97253e-08
2.82756e-08
2.7001e-08
2.59147e-08
2.59092e-08
2.72364e-08
2.83932e-08
2.85198e-08
2.80162e-08
2.75695e-08
2.74638e-08
2.73188e-08
2.67264e-08
2.5792e-08
2.50042e-08
2.52196e-08
2.66961e-08
2.83513e-08
2.89178e-08
2.85314e-08
2.71058e-08
2.42838e-08
2.21609e-08
2.25116e-08
2.4638e-08
2.70194e-08
2.79202e-08
2.85451e-08
2.92942e-08
3.02493e-08
2.98338e-08
2.69952e-08
2.34313e-08
2.09854e-08
2.00115e-08
2.07621e-08
2.23474e-08
2.47268e-08
2.7809e-08
2.97083e-08
2.94724e-08
2.81511e-08
2.67658e-08
2.55716e-08
2.55022e-08
2.67449e-08
2.78068e-08
2.79302e-08
2.7517e-08
2.71865e-08
2.71976e-08
2.70872e-08
2.64743e-08
2.5554e-08
2.47659e-08
2.49545e-08
2.63505e-08
2.78221e-08
2.81884e-08
2.77933e-08
2.64383e-08
2.36749e-08
2.16679e-08
2.20679e-08
2.41031e-08
2.64392e-08
2.74401e-08
2.80262e-08
2.87747e-08
2.96977e-08
2.92119e-08
2.64174e-08
2.30007e-08
2.06157e-08
1.96295e-08
2.03915e-08
2.19994e-08
2.42698e-08
2.71908e-08
2.91009e-08
2.90174e-08
2.77747e-08
2.63655e-08
2.51462e-08
2.50362e-08
2.62086e-08
2.72193e-08
2.73559e-08
2.70066e-08
2.67468e-08
2.67957e-08
2.6686e-08
2.60757e-08
2.51857e-08
2.4377e-08
2.45032e-08
2.58304e-08
2.72205e-08
2.75533e-08
2.72161e-08
2.58834e-08
2.31377e-08
2.12407e-08
2.17011e-08
2.3705e-08
2.6011e-08
2.70541e-08
2.76375e-08
2.8414e-08
2.93085e-08
2.87814e-08
2.6045e-08
2.27208e-08
2.03464e-08
1.93381e-08
2.01004e-08
2.1721e-08
2.39599e-08
2.68056e-08
2.86773e-08
2.8613e-08
2.74012e-08
2.60055e-08
2.47784e-08
2.4659e-08
2.58144e-08
2.68187e-08
2.6966e-08
2.66416e-08
2.64103e-08
2.64712e-08
2.63643e-08
2.5754e-08
2.48495e-08
2.40206e-08
2.41349e-08
2.54446e-08
2.68019e-08
2.71271e-08
2.6796e-08
2.54367e-08
2.27274e-08
2.09113e-08
2.14018e-08
2.34059e-08
2.568e-08
2.68443e-08
2.74588e-08
2.82503e-08
2.91207e-08
2.8573e-08
2.58584e-08
2.25713e-08
2.02126e-08
1.92048e-08
1.99581e-08
2.15691e-08
2.38064e-08
2.66354e-08
2.84859e-08
2.84154e-08
2.72063e-08
2.58122e-08
2.45936e-08
2.44914e-08
2.56391e-08
2.66314e-08
2.67868e-08
2.64793e-08
2.62567e-08
2.63144e-08
2.61959e-08
2.55837e-08
2.46775e-08
2.38411e-08
2.39481e-08
2.52414e-08
2.65717e-08
2.68902e-08
2.65558e-08
2.51884e-08
2.25078e-08
2.07356e-08
2.12455e-08
2.32378e-08
2.54781e-08
1.28164e-08
1.26483e-08
1.2504e-08
1.246e-08
1.24473e-08
1.24654e-08
1.2628e-08
1.28716e-08
1.31593e-08
1.34675e-08
1.3802e-08
1.4134e-08
1.4337e-08
1.43588e-08
1.42949e-08
1.42064e-08
1.40703e-08
1.39223e-08
1.38983e-08
1.40247e-08
1.41301e-08
1.41716e-08
1.42128e-08
1.42405e-08
1.42728e-08
1.43368e-08
1.44218e-08
1.4393e-08
1.41897e-08
1.39386e-08
1.37119e-08
1.35336e-08
1.3439e-08
1.34273e-08
1.34702e-08
1.344e-08
1.33309e-08
1.3198e-08
1.30808e-08
1.29586e-08
1.36737e-08
1.35352e-08
1.33837e-08
1.31932e-08
1.29846e-08
1.28158e-08
1.27774e-08
1.28736e-08
1.30877e-08
1.33869e-08
1.37979e-08
1.42695e-08
1.46126e-08
1.47813e-08
1.48532e-08
1.48624e-08
1.47276e-08
1.45004e-08
1.43807e-08
1.43884e-08
1.44442e-08
1.45469e-08
1.47614e-08
1.50462e-08
1.52616e-08
1.53899e-08
1.53908e-08
1.52278e-08
1.49099e-08
1.45637e-08
1.4232e-08
1.39172e-08
1.36904e-08
1.35817e-08
1.35728e-08
1.35509e-08
1.35327e-08
1.36057e-08
1.36912e-08
1.37301e-08
1.40622e-08
1.40074e-08
1.39821e-08
1.39064e-08
1.37338e-08
1.35724e-08
1.34079e-08
1.32784e-08
1.33206e-08
1.363e-08
1.41879e-08
1.48917e-08
1.54858e-08
1.58901e-08
1.62149e-08
1.63155e-08
1.60286e-08
1.55047e-08
1.50832e-08
1.4911e-08
1.50236e-08
1.54295e-08
1.60045e-08
1.65184e-08
1.68113e-08
1.68506e-08
1.67072e-08
1.63579e-08
1.58973e-08
1.54209e-08
1.49226e-08
1.44391e-08
1.40407e-08
1.38124e-08
1.37456e-08
1.37728e-08
1.38798e-08
1.40262e-08
1.41074e-08
1.4116e-08
1.48794e-08
1.4852e-08
1.48681e-08
1.4784e-08
1.46219e-08
1.44706e-08
1.43485e-08
1.428e-08
1.44293e-08
1.48598e-08
1.55575e-08
1.64078e-08
1.7179e-08
1.77058e-08
1.79668e-08
1.7773e-08
1.6943e-08
1.59458e-08
1.53803e-08
1.53429e-08
1.5765e-08
1.65644e-08
1.75181e-08
1.82134e-08
1.85053e-08
1.84001e-08
1.79569e-08
1.73986e-08
1.68785e-08
1.62907e-08
1.56588e-08
1.5013e-08
1.43666e-08
1.39289e-08
1.38424e-08
1.39616e-08
1.42502e-08
1.45686e-08
1.47685e-08
1.4884e-08
1.52858e-08
1.54649e-08
1.56002e-08
1.56322e-08
1.55219e-08
1.53637e-08
1.52791e-08
1.52153e-08
1.52751e-08
1.56226e-08
1.6337e-08
1.72316e-08
1.79045e-08
1.82788e-08
1.84091e-08
1.79482e-08
1.67233e-08
1.53492e-08
1.4725e-08
1.50875e-08
1.60526e-08
1.72481e-08
1.83571e-08
1.91642e-08
1.96929e-08
1.98482e-08
1.9485e-08
1.88274e-08
1.80501e-08
1.71338e-08
1.61978e-08
1.53337e-08
1.46348e-08
1.43523e-08
1.44764e-08
1.46743e-08
1.48351e-08
1.49217e-08
1.49948e-08
1.51265e-08
1.59392e-08
1.61267e-08
1.61615e-08
1.61799e-08
1.62219e-08
1.63015e-08
1.64274e-08
1.64377e-08
1.64554e-08
1.6656e-08
1.72181e-08
1.81725e-08
1.89753e-08
1.90688e-08
1.84331e-08
1.72723e-08
1.62757e-08
1.60189e-08
1.6363e-08
1.68962e-08
1.74559e-08
1.81577e-08
1.89139e-08
1.96205e-08
2.0238e-08
2.04532e-08
2.00749e-08
1.93511e-08
1.85552e-08
1.76725e-08
1.67261e-08
1.5788e-08
1.50827e-08
1.48429e-08
1.49591e-08
1.50767e-08
1.50299e-08
1.49607e-08
1.51461e-08
1.55599e-08
1.63659e-08
1.66237e-08
1.70026e-08
1.73797e-08
1.74348e-08
1.72951e-08
1.70413e-08
1.65278e-08
1.61114e-08
1.62274e-08
1.69993e-08
1.80016e-08
1.84961e-08
1.84296e-08
1.8107e-08
1.74755e-08
1.67302e-08
1.64056e-08
1.67287e-08
1.73243e-08
1.78702e-08
1.84276e-08
1.90023e-08
1.95419e-08
2.01009e-08
2.04029e-08
2.02058e-08
1.96812e-08
1.90136e-08
1.82326e-08
1.72837e-08
1.64019e-08
1.59415e-08
1.60006e-08
1.62289e-08
1.62142e-08
1.58448e-08
1.55205e-08
1.5645e-08
1.60392e-08
1.61989e-08
1.67074e-08
1.7417e-08
1.78466e-08
1.77735e-08
1.76162e-08
1.74336e-08
1.69313e-08
1.64237e-08
1.64068e-08
1.7254e-08
1.85072e-08
1.93694e-08
1.96082e-08
1.917e-08
1.80714e-08
1.69794e-08
1.67171e-08
1.72292e-08
1.77688e-08
1.80459e-08
1.84148e-08
1.89385e-08
1.95181e-08
2.00819e-08
2.03579e-08
2.01355e-08
1.96568e-08
1.91311e-08
1.84111e-08
1.75243e-08
1.67718e-08
1.65794e-08
1.69812e-08
1.73203e-08
1.70167e-08
1.62462e-08
1.56608e-08
1.5649e-08
1.59043e-08
1.61789e-08
1.70971e-08
1.81965e-08
1.85749e-08
1.81851e-08
1.78817e-08
1.76251e-08
1.69424e-08
1.623e-08
1.61047e-08
1.70521e-08
1.86071e-08
1.97483e-08
2.00063e-08
1.93688e-08
1.81848e-08
1.72845e-08
1.72635e-08
1.78834e-08
1.84372e-08
1.87613e-08
1.91907e-08
1.95507e-08
1.98487e-08
2.03194e-08
2.05568e-08
2.02911e-08
1.98007e-08
1.92805e-08
1.86424e-08
1.79882e-08
1.7576e-08
1.76936e-08
1.82255e-08
1.84484e-08
1.79235e-08
1.68944e-08
1.60395e-08
1.57201e-08
1.57914e-08
1.68303e-08
1.82453e-08
1.96395e-08
1.99807e-08
1.9179e-08
1.84603e-08
1.79942e-08
1.7218e-08
1.63298e-08
1.61008e-08
1.70403e-08
1.88314e-08
2.04729e-08
2.11471e-08
2.05908e-08
1.94734e-08
1.87735e-08
1.88151e-08
1.93019e-08
1.96105e-08
1.97657e-08
2.01201e-08
2.04233e-08
2.06204e-08
2.09336e-08
2.09654e-08
2.05751e-08
2.01884e-08
1.98729e-08
1.94395e-08
1.9004e-08
1.88815e-08
1.92217e-08
1.97204e-08
1.9713e-08
1.89704e-08
1.77982e-08
1.66783e-08
1.60288e-08
1.60702e-08
1.79303e-08
1.95536e-08
2.11792e-08
2.12002e-08
1.98701e-08
1.88001e-08
1.82419e-08
1.74918e-08
1.66689e-08
1.65275e-08
1.75837e-08
1.95213e-08
2.12887e-08
2.19444e-08
2.15245e-08
2.08825e-08
2.04803e-08
2.03685e-08
2.05408e-08
2.06572e-08
2.09123e-08
2.14554e-08
2.1783e-08
2.18463e-08
2.19683e-08
2.18625e-08
2.14046e-08
2.10246e-08
2.06779e-08
2.02258e-08
1.98915e-08
1.99216e-08
2.03884e-08
2.09578e-08
2.08298e-08
1.97698e-08
1.83485e-08
1.72635e-08
1.68994e-08
1.71171e-08
1.93196e-08
2.10703e-08
2.26043e-08
2.22945e-08
2.07521e-08
1.98901e-08
1.95733e-08
1.87168e-08
1.75615e-08
1.71908e-08
1.82287e-08
2.04542e-08
2.2584e-08
2.33801e-08
2.30115e-08
2.24805e-08
2.20157e-08
2.15923e-08
2.16172e-08
2.19252e-08
2.23696e-08
2.28271e-08
2.29609e-08
2.28932e-08
2.29036e-08
2.25838e-08
2.20266e-08
2.15933e-08
2.10523e-08
2.05697e-08
2.06217e-08
2.10674e-08
2.16436e-08
2.20268e-08
2.15243e-08
2.00915e-08
1.86064e-08
1.77509e-08
1.77345e-08
1.83037e-08
2.10531e-08
2.29308e-08
2.4383e-08
2.38676e-08
2.24263e-08
2.18807e-08
2.1661e-08
2.06275e-08
1.91859e-08
1.87312e-08
1.98358e-08
2.20795e-08
2.43121e-08
2.52204e-08
2.47178e-08
2.39099e-08
2.31722e-08
2.24189e-08
2.21107e-08
2.23181e-08
2.28528e-08
2.33972e-08
2.35118e-08
2.34429e-08
2.326e-08
2.26937e-08
2.20149e-08
2.14394e-08
2.07642e-08
2.04621e-08
2.09206e-08
2.16794e-08
2.23287e-08
2.25978e-08
2.19269e-08
2.04828e-08
1.92485e-08
1.87546e-08
1.90784e-08
1.98581e-08
2.27187e-08
2.46823e-08
2.63445e-08
2.615e-08
2.49149e-08
2.43314e-08
2.40238e-08
2.2821e-08
2.12445e-08
2.08892e-08
2.20402e-08
2.40906e-08
2.61311e-08
2.69731e-08
2.63459e-08
2.51433e-08
2.38062e-08
2.26254e-08
2.22069e-08
2.24615e-08
2.32052e-08
2.40095e-08
2.42982e-08
2.42019e-08
2.38557e-08
2.31085e-08
2.23767e-08
2.17104e-08
2.09692e-08
2.08831e-08
2.16746e-08
2.2573e-08
2.3257e-08
2.35638e-08
2.28524e-08
2.14029e-08
2.02464e-08
1.99683e-08
2.05594e-08
2.14783e-08
2.41476e-08
2.57431e-08
2.7455e-08
2.76731e-08
2.68049e-08
2.63484e-08
2.57732e-08
2.39876e-08
2.19632e-08
2.15746e-08
2.29582e-08
2.51243e-08
2.72584e-08
2.83417e-08
2.77986e-08
2.63305e-08
2.45641e-08
2.31342e-08
2.27289e-08
2.30952e-08
2.40088e-08
2.50137e-08
2.53869e-08
2.52842e-08
2.487e-08
2.3933e-08
2.29262e-08
2.20721e-08
2.12967e-08
2.13719e-08
2.23954e-08
2.33548e-08
2.41516e-08
2.47451e-08
2.42399e-08
2.28573e-08
2.1736e-08
2.16857e-08
2.25274e-08
2.33764e-08
2.5217e-08
2.61596e-08
2.74962e-08
2.77612e-08
2.72995e-08
2.70479e-08
2.62664e-08
2.41282e-08
2.18001e-08
2.14193e-08
2.30961e-08
2.55534e-08
2.79207e-08
2.92807e-08
2.89104e-08
2.73285e-08
2.53382e-08
2.38141e-08
2.34872e-08
2.40878e-08
2.51503e-08
2.61042e-08
2.64598e-08
2.63513e-08
2.58292e-08
2.46892e-08
2.34112e-08
2.23148e-08
2.15328e-08
2.18405e-08
2.31105e-08
2.4213e-08
2.51827e-08
2.60072e-08
2.57672e-08
2.45632e-08
2.35579e-08
2.37239e-08
2.47554e-08
2.52165e-08
2.59221e-08
2.65381e-08
2.76985e-08
2.79202e-08
2.76646e-08
2.74921e-08
2.65918e-08
2.44431e-08
2.19942e-08
2.1326e-08
2.28189e-08
2.53762e-08
2.80132e-08
2.97361e-08
2.96512e-08
2.80026e-08
2.58463e-08
2.43336e-08
2.41346e-08
2.50283e-08
2.61882e-08
2.70878e-08
2.73501e-08
2.71492e-08
2.65406e-08
2.5309e-08
2.38575e-08
2.24876e-08
2.16546e-08
2.21455e-08
2.35847e-08
2.47453e-08
2.582e-08
2.68977e-08
2.70035e-08
2.60587e-08
2.51967e-08
2.55084e-08
2.65266e-08
2.65133e-08
2.62578e-08
2.70398e-08
2.82934e-08
2.83912e-08
2.80397e-08
2.77753e-08
2.68872e-08
2.48513e-08
2.22146e-08
2.11296e-08
2.25085e-08
2.54066e-08
2.83783e-08
3.02933e-08
3.02423e-08
2.84294e-08
2.61002e-08
2.46806e-08
2.47675e-08
2.58546e-08
2.70391e-08
2.77715e-08
2.77175e-08
2.73224e-08
2.67781e-08
2.57861e-08
2.43484e-08
2.27645e-08
2.18863e-08
2.24615e-08
2.38714e-08
2.49625e-08
2.60466e-08
2.73217e-08
2.7796e-08
2.71492e-08
2.64266e-08
2.67474e-08
2.74364e-08
2.69511e-08
2.62073e-08
2.73534e-08
2.87523e-08
2.88109e-08
2.82832e-08
2.78332e-08
2.69129e-08
2.49539e-08
2.2283e-08
2.11023e-08
2.26693e-08
2.59319e-08
2.90872e-08
3.09635e-08
3.06716e-08
2.85901e-08
2.6357e-08
2.51658e-08
2.54271e-08
2.65501e-08
2.75602e-08
2.78223e-08
2.74778e-08
2.71482e-08
2.69011e-08
2.62562e-08
2.48949e-08
2.3187e-08
2.22793e-08
2.28913e-08
2.42499e-08
2.51499e-08
2.61061e-08
2.7517e-08
2.82856e-08
2.78297e-08
2.70786e-08
2.71154e-08
2.72558e-08
2.65858e-08
2.60399e-08
2.75442e-08
2.90504e-08
2.90565e-08
2.83147e-08
2.75931e-08
2.6664e-08
2.48847e-08
2.23133e-08
2.12149e-08
2.29756e-08
2.64168e-08
2.95465e-08
3.12674e-08
3.07297e-08
2.8464e-08
2.6453e-08
2.5491e-08
2.57844e-08
2.7081e-08
2.7974e-08
2.76342e-08
2.68836e-08
2.66761e-08
2.67783e-08
2.6489e-08
2.5294e-08
2.36283e-08
2.27375e-08
2.33737e-08
2.46582e-08
2.52954e-08
2.60083e-08
2.74219e-08
2.83747e-08
2.80521e-08
2.7185e-08
2.67957e-08
2.65342e-08
2.59364e-08
2.57545e-08
2.74804e-08
2.90307e-08
2.89652e-08
2.80581e-08
2.71889e-08
2.63698e-08
2.47181e-08
2.21666e-08
2.11237e-08
2.30148e-08
2.64706e-08
2.94961e-08
3.11676e-08
3.05677e-08
2.82793e-08
2.63064e-08
2.53328e-08
2.56147e-08
2.71125e-08
2.79887e-08
2.72058e-08
2.6115e-08
2.59305e-08
2.63002e-08
2.62965e-08
2.53223e-08
2.38185e-08
2.30033e-08
2.36666e-08
2.48685e-08
2.52651e-08
2.57187e-08
2.69601e-08
2.79575e-08
2.77698e-08
2.68723e-08
2.62728e-08
2.5849e-08
2.53728e-08
2.54001e-08
2.71573e-08
2.87192e-08
2.86959e-08
2.77487e-08
2.68715e-08
2.6137e-08
2.44828e-08
2.19024e-08
2.08937e-08
2.28353e-08
2.62318e-08
2.91409e-08
3.08033e-08
3.02325e-08
2.79457e-08
2.59291e-08
2.48766e-08
2.5187e-08
2.67231e-08
2.7436e-08
2.63975e-08
2.52808e-08
2.52745e-08
2.58518e-08
2.5974e-08
2.51033e-08
2.3691e-08
2.29433e-08
2.36414e-08
2.47611e-08
2.4996e-08
2.52576e-08
2.63955e-08
2.73793e-08
2.71947e-08
2.62732e-08
2.56135e-08
2.51958e-08
2.48643e-08
2.50407e-08
2.68223e-08
2.83059e-08
2.82395e-08
2.7285e-08
2.64334e-08
2.57372e-08
2.40883e-08
2.15578e-08
2.0607e-08
2.25711e-08
2.58901e-08
2.87089e-08
3.03127e-08
2.96919e-08
2.74059e-08
2.54114e-08
2.43646e-08
2.47295e-08
2.62016e-08
2.66258e-08
2.55423e-08
2.46707e-08
2.49019e-08
2.55269e-08
2.56301e-08
2.47733e-08
2.33986e-08
2.27034e-08
2.34061e-08
2.44601e-08
2.46012e-08
2.47298e-08
2.57544e-08
2.67193e-08
2.65549e-08
2.56626e-08
2.49614e-08
2.453e-08
2.43454e-08
2.47048e-08
2.64417e-08
2.78704e-08
2.78233e-08
2.6877e-08
2.60024e-08
2.53063e-08
2.36853e-08
2.12173e-08
2.03196e-08
2.22993e-08
2.55615e-08
2.82945e-08
2.98272e-08
2.91908e-08
2.69519e-08
2.49969e-08
2.39637e-08
2.4355e-08
2.57771e-08
2.60684e-08
2.50479e-08
2.43413e-08
2.46385e-08
2.52356e-08
2.53089e-08
2.44718e-08
2.31301e-08
2.24515e-08
2.31532e-08
2.41961e-08
2.42832e-08
2.43032e-08
2.52458e-08
2.62196e-08
2.61044e-08
2.51981e-08
2.44293e-08
2.40227e-08
2.39439e-08
2.45068e-08
2.62527e-08
2.76847e-08
2.76337e-08
2.6677e-08
2.57927e-08
2.51081e-08
2.34973e-08
2.10484e-08
2.01733e-08
2.2145e-08
2.53692e-08
2.80756e-08
2.95968e-08
2.89499e-08
2.67118e-08
2.47596e-08
2.37365e-08
2.41402e-08
2.55581e-08
2.58535e-08
2.4877e-08
2.4212e-08
2.4519e-08
2.51045e-08
2.51686e-08
2.43375e-08
2.30111e-08
2.23452e-08
2.30484e-08
2.40654e-08
2.41107e-08
2.40999e-08
2.50528e-08
2.60329e-08
2.58874e-08
2.49679e-08
2.42133e-08
2.38159e-08
2.37425e-08
1.28442e-08
1.26114e-08
1.24028e-08
1.22844e-08
1.2217e-08
1.2245e-08
1.24784e-08
1.27984e-08
1.31208e-08
1.34722e-08
1.38156e-08
1.41112e-08
1.42824e-08
1.43132e-08
1.42871e-08
1.42178e-08
1.40785e-08
1.39016e-08
1.37991e-08
1.38572e-08
1.39896e-08
1.41675e-08
1.43892e-08
1.45716e-08
1.46745e-08
1.46955e-08
1.46768e-08
1.45697e-08
1.43219e-08
1.40266e-08
1.37732e-08
1.35931e-08
1.34747e-08
1.34107e-08
1.33862e-08
1.33358e-08
1.32415e-08
1.31699e-08
1.30975e-08
1.30032e-08
1.33808e-08
1.31688e-08
1.29891e-08
1.28448e-08
1.26894e-08
1.26249e-08
1.26706e-08
1.27696e-08
1.29478e-08
1.32297e-08
1.36195e-08
1.4073e-08
1.44683e-08
1.47049e-08
1.48184e-08
1.48365e-08
1.46901e-08
1.44162e-08
1.42194e-08
1.41796e-08
1.42791e-08
1.4473e-08
1.47573e-08
1.51062e-08
1.54129e-08
1.56013e-08
1.56448e-08
1.54974e-08
1.51793e-08
1.48128e-08
1.444e-08
1.40567e-08
1.37194e-08
1.34891e-08
1.34123e-08
1.34179e-08
1.34355e-08
1.35224e-08
1.35506e-08
1.35032e-08
1.35757e-08
1.34745e-08
1.34844e-08
1.34116e-08
1.32369e-08
1.31375e-08
1.30491e-08
1.30066e-08
1.30768e-08
1.33872e-08
1.39633e-08
1.46726e-08
1.52791e-08
1.57329e-08
1.60479e-08
1.61941e-08
1.60269e-08
1.55732e-08
1.5089e-08
1.48031e-08
1.48173e-08
1.51138e-08
1.55637e-08
1.60639e-08
1.64153e-08
1.65691e-08
1.65144e-08
1.62226e-08
1.5817e-08
1.53664e-08
1.48941e-08
1.44009e-08
1.39133e-08
1.36119e-08
1.35976e-08
1.37026e-08
1.38733e-08
1.40007e-08
1.39589e-08
1.37779e-08
1.42204e-08
1.42698e-08
1.44307e-08
1.43969e-08
1.42055e-08
1.39893e-08
1.37653e-08
1.3613e-08
1.37031e-08
1.41519e-08
1.49381e-08
1.58967e-08
1.6746e-08
1.72348e-08
1.74692e-08
1.72892e-08
1.65565e-08
1.56394e-08
1.51161e-08
1.51431e-08
1.55576e-08
1.6196e-08
1.69176e-08
1.75079e-08
1.78314e-08
1.78417e-08
1.75419e-08
1.70865e-08
1.65819e-08
1.60054e-08
1.53594e-08
1.4634e-08
1.39452e-08
1.35686e-08
1.36321e-08
1.3872e-08
1.4139e-08
1.4307e-08
1.43367e-08
1.42893e-08
1.48258e-08
1.50871e-08
1.53597e-08
1.54135e-08
1.53145e-08
1.51758e-08
1.4951e-08
1.47617e-08
1.47535e-08
1.50798e-08
1.5756e-08
1.66346e-08
1.73497e-08
1.76865e-08
1.76923e-08
1.72691e-08
1.639e-08
1.5417e-08
1.48463e-08
1.50207e-08
1.5809e-08
1.68939e-08
1.79622e-08
1.8843e-08
1.94415e-08
1.95655e-08
1.91896e-08
1.84422e-08
1.75343e-08
1.65551e-08
1.56133e-08
1.47182e-08
1.39925e-08
1.37829e-08
1.40894e-08
1.45116e-08
1.4793e-08
1.48663e-08
1.48126e-08
1.4772e-08
1.54488e-08
1.57751e-08
1.59861e-08
1.6055e-08
1.60863e-08
1.61213e-08
1.61373e-08
1.6046e-08
1.59345e-08
1.61028e-08
1.67358e-08
1.76815e-08
1.84407e-08
1.87166e-08
1.85022e-08
1.76167e-08
1.63142e-08
1.55649e-08
1.57977e-08
1.65898e-08
1.74665e-08
1.82612e-08
1.89112e-08
1.94976e-08
2.00122e-08
2.0118e-08
1.95927e-08
1.87103e-08
1.78559e-08
1.70966e-08
1.64037e-08
1.56658e-08
1.50032e-08
1.48279e-08
1.50713e-08
1.523e-08
1.5161e-08
1.49358e-08
1.48594e-08
1.50752e-08
1.58863e-08
1.64435e-08
1.70297e-08
1.75366e-08
1.77331e-08
1.76177e-08
1.73611e-08
1.68338e-08
1.63891e-08
1.66059e-08
1.75472e-08
1.87846e-08
1.93948e-08
1.91201e-08
1.84237e-08
1.75574e-08
1.67818e-08
1.65522e-08
1.70173e-08
1.76346e-08
1.803e-08
1.83944e-08
1.88703e-08
1.94559e-08
1.99971e-08
2.01068e-08
1.95949e-08
1.87193e-08
1.79176e-08
1.73152e-08
1.6794e-08
1.6222e-08
1.58381e-08
1.59241e-08
1.61946e-08
1.61493e-08
1.57278e-08
1.52175e-08
1.50819e-08
1.53942e-08
1.63401e-08
1.70635e-08
1.79216e-08
1.85208e-08
1.85084e-08
1.81807e-08
1.78089e-08
1.72398e-08
1.66644e-08
1.66395e-08
1.74075e-08
1.85107e-08
1.91207e-08
1.90976e-08
1.87753e-08
1.82136e-08
1.74987e-08
1.71253e-08
1.7306e-08
1.75422e-08
1.77191e-08
1.81831e-08
1.89124e-08
1.96409e-08
2.01291e-08
2.00301e-08
1.92887e-08
1.83279e-08
1.76027e-08
1.72213e-08
1.69104e-08
1.64303e-08
1.61438e-08
1.63772e-08
1.66764e-08
1.65884e-08
1.60845e-08
1.54667e-08
1.53151e-08
1.57212e-08
1.6744e-08
1.76629e-08
1.87946e-08
1.93204e-08
1.89469e-08
1.84231e-08
1.81088e-08
1.74879e-08
1.66644e-08
1.63586e-08
1.70612e-08
1.8327e-08
1.91897e-08
1.93392e-08
1.91936e-08
1.8905e-08
1.84541e-08
1.82085e-08
1.82284e-08
1.82581e-08
1.84323e-08
1.91187e-08
1.99531e-08
2.04921e-08
2.06801e-08
2.03511e-08
1.94973e-08
1.84968e-08
1.78829e-08
1.77745e-08
1.77573e-08
1.74571e-08
1.72273e-08
1.73441e-08
1.73912e-08
1.71236e-08
1.65975e-08
1.61091e-08
1.59619e-08
1.62163e-08
1.75889e-08
1.87519e-08
2.02785e-08
2.08289e-08
1.99482e-08
1.90183e-08
1.85297e-08
1.77039e-08
1.68301e-08
1.67157e-08
1.74103e-08
1.86143e-08
1.96766e-08
2.02245e-08
2.03975e-08
2.02578e-08
1.98768e-08
1.95933e-08
1.9453e-08
1.93615e-08
1.95752e-08
2.02547e-08
2.08266e-08
2.09737e-08
2.08555e-08
2.03467e-08
1.93905e-08
1.83998e-08
1.79933e-08
1.82658e-08
1.85993e-08
1.85956e-08
1.85946e-08
1.87917e-08
1.87674e-08
1.83388e-08
1.76271e-08
1.70399e-08
1.68861e-08
1.70734e-08
1.84993e-08
1.97676e-08
2.1499e-08
2.20379e-08
2.09206e-08
1.98109e-08
1.92487e-08
1.82918e-08
1.70194e-08
1.65778e-08
1.73345e-08
1.88524e-08
2.03109e-08
2.1144e-08
2.13706e-08
2.12527e-08
2.09478e-08
2.06254e-08
2.04335e-08
2.04349e-08
2.08016e-08
2.15049e-08
2.18478e-08
2.16201e-08
2.11731e-08
2.0573e-08
1.97388e-08
1.89368e-08
1.86125e-08
1.90094e-08
1.9527e-08
1.96979e-08
1.97732e-08
1.99147e-08
1.98337e-08
1.93155e-08
1.85341e-08
1.79583e-08
1.78521e-08
1.80404e-08
1.9434e-08
2.07175e-08
2.26028e-08
2.30296e-08
2.16325e-08
2.03679e-08
1.99952e-08
1.90973e-08
1.76417e-08
1.70706e-08
1.78957e-08
1.95592e-08
2.13245e-08
2.24393e-08
2.27557e-08
2.25534e-08
2.19771e-08
2.13339e-08
2.12185e-08
2.15836e-08
2.22923e-08
2.29524e-08
2.29359e-08
2.23761e-08
2.17544e-08
2.11817e-08
2.04698e-08
1.96769e-08
1.92104e-08
1.96021e-08
2.03655e-08
2.06381e-08
2.06994e-08
2.09531e-08
2.10174e-08
2.05816e-08
1.99404e-08
1.95078e-08
1.93146e-08
1.92339e-08
2.01721e-08
2.17149e-08
2.36242e-08
2.36057e-08
2.16404e-08
2.05517e-08
2.07887e-08
2.02073e-08
1.86628e-08
1.79487e-08
1.86048e-08
2.02132e-08
2.2249e-08
2.3744e-08
2.4068e-08
2.35528e-08
2.2698e-08
2.19691e-08
2.19773e-08
2.25989e-08
2.33391e-08
2.38269e-08
2.36934e-08
2.31017e-08
2.24729e-08
2.18168e-08
2.09919e-08
1.99982e-08
1.94392e-08
2.00229e-08
2.10947e-08
2.15845e-08
2.19222e-08
2.26767e-08
2.31424e-08
2.26786e-08
2.17264e-08
2.08405e-08
2.01619e-08
1.98349e-08
2.08846e-08
2.22811e-08
2.38257e-08
2.34092e-08
2.13671e-08
2.08206e-08
2.17248e-08
2.12688e-08
1.9461e-08
1.85791e-08
1.92262e-08
2.0922e-08
2.32376e-08
2.49916e-08
2.52828e-08
2.45014e-08
2.33837e-08
2.24701e-08
2.25615e-08
2.34588e-08
2.42393e-08
2.46302e-08
2.443e-08
2.37994e-08
2.30169e-08
2.2111e-08
2.10953e-08
2.00385e-08
1.96684e-08
2.07827e-08
2.23809e-08
2.31185e-08
2.36465e-08
2.47757e-08
2.54388e-08
2.4773e-08
2.33049e-08
2.18307e-08
2.08194e-08
2.04671e-08
2.15123e-08
2.25421e-08
2.37576e-08
2.33284e-08
2.17014e-08
2.16815e-08
2.26937e-08
2.1901e-08
1.96574e-08
1.85734e-08
1.92998e-08
2.12839e-08
2.3916e-08
2.5889e-08
2.62883e-08
2.54731e-08
2.41578e-08
2.29641e-08
2.30551e-08
2.42935e-08
2.52119e-08
2.54281e-08
2.51444e-08
2.46027e-08
2.3904e-08
2.28893e-08
2.16462e-08
2.04585e-08
2.01322e-08
2.14769e-08
2.32153e-08
2.40289e-08
2.4891e-08
2.64894e-08
2.74154e-08
2.67127e-08
2.48491e-08
2.28525e-08
2.16247e-08
2.12537e-08
2.21555e-08
2.3016e-08
2.40748e-08
2.3771e-08
2.24866e-08
2.2645e-08
2.36538e-08
2.25059e-08
1.97913e-08
1.84666e-08
1.93524e-08
2.16677e-08
2.45171e-08
2.65949e-08
2.71757e-08
2.65445e-08
2.51838e-08
2.36876e-08
2.36344e-08
2.51335e-08
2.63237e-08
2.66557e-08
2.656e-08
2.62884e-08
2.55237e-08
2.41008e-08
2.25155e-08
2.11369e-08
2.0659e-08
2.17943e-08
2.34001e-08
2.43825e-08
2.56313e-08
2.74118e-08
2.84258e-08
2.78999e-08
2.60331e-08
2.3798e-08
2.24526e-08
2.20059e-08
2.30123e-08
2.40993e-08
2.52947e-08
2.49989e-08
2.36475e-08
2.37649e-08
2.48338e-08
2.36152e-08
2.04561e-08
1.88473e-08
1.98241e-08
2.23668e-08
2.53579e-08
2.74427e-08
2.80537e-08
2.75749e-08
2.63076e-08
2.46684e-08
2.45052e-08
2.61732e-08
2.77281e-08
2.83526e-08
2.83719e-08
2.81196e-08
2.70621e-08
2.5142e-08
2.31291e-08
2.15562e-08
2.10607e-08
2.205e-08
2.35094e-08
2.47137e-08
2.64111e-08
2.83535e-08
2.94772e-08
2.90956e-08
2.71394e-08
2.46943e-08
2.31698e-08
2.27115e-08
2.37698e-08
2.52393e-08
2.66162e-08
2.61268e-08
2.44729e-08
2.46453e-08
2.60779e-08
2.49194e-08
2.13249e-08
1.9432e-08
2.05442e-08
2.33275e-08
2.62995e-08
2.81822e-08
2.8671e-08
2.82099e-08
2.6971e-08
2.53059e-08
2.51732e-08
2.70003e-08
2.87113e-08
2.94381e-08
2.94916e-08
2.92031e-08
2.80066e-08
2.58849e-08
2.37427e-08
2.20998e-08
2.1559e-08
2.242e-08
2.36908e-08
2.50432e-08
2.69996e-08
2.90078e-08
3.01701e-08
2.98035e-08
2.77445e-08
2.51819e-08
2.35435e-08
2.31688e-08
2.41215e-08
2.58352e-08
2.72293e-08
2.65268e-08
2.47018e-08
2.50956e-08
2.70014e-08
2.58443e-08
2.18657e-08
1.98177e-08
2.11354e-08
2.40782e-08
2.68532e-08
2.84848e-08
2.89151e-08
2.85382e-08
2.72521e-08
2.5476e-08
2.53711e-08
2.74022e-08
2.93454e-08
2.99963e-08
2.98482e-08
2.93947e-08
2.81129e-08
2.6076e-08
2.41873e-08
2.26549e-08
2.20309e-08
2.27476e-08
2.38599e-08
2.51316e-08
2.70723e-08
2.90675e-08
3.02757e-08
2.99656e-08
2.79944e-08
2.54133e-08
2.365e-08
2.32838e-08
2.40851e-08
2.59511e-08
2.73408e-08
2.64822e-08
2.45707e-08
2.52427e-08
2.753e-08
2.62424e-08
2.19349e-08
1.98591e-08
2.14337e-08
2.4454e-08
2.69324e-08
2.8318e-08
2.88745e-08
2.86465e-08
2.72307e-08
2.53161e-08
2.53027e-08
2.7602e-08
2.98398e-08
3.03343e-08
2.98144e-08
2.90032e-08
2.75743e-08
2.57634e-08
2.4262e-08
2.29536e-08
2.2267e-08
2.2846e-08
2.39086e-08
2.50914e-08
2.68957e-08
2.87727e-08
2.99463e-08
2.97378e-08
2.79334e-08
2.54241e-08
2.35457e-08
2.31208e-08
2.37631e-08
2.5745e-08
2.71667e-08
2.6228e-08
2.42365e-08
2.50374e-08
2.74749e-08
2.60787e-08
2.16238e-08
1.9621e-08
2.14566e-08
2.46018e-08
2.68761e-08
2.80855e-08
2.87144e-08
2.84991e-08
2.68749e-08
2.48879e-08
2.51336e-08
2.77277e-08
3.01374e-08
3.04611e-08
2.95906e-08
2.84277e-08
2.69176e-08
2.53742e-08
2.42026e-08
2.3043e-08
2.22569e-08
2.27051e-08
2.37393e-08
2.4918e-08
2.66535e-08
2.83796e-08
2.94313e-08
2.92342e-08
2.75533e-08
2.51746e-08
2.32296e-08
2.2714e-08
2.32634e-08
2.53026e-08
2.67766e-08
2.58099e-08
2.37563e-08
2.46092e-08
2.70143e-08
2.54947e-08
2.10404e-08
1.92007e-08
2.12204e-08
2.44473e-08
2.66897e-08
2.78703e-08
2.84971e-08
2.81123e-08
2.62641e-08
2.43104e-08
2.48106e-08
2.75927e-08
2.99875e-08
3.01776e-08
2.91214e-08
2.78267e-08
2.64039e-08
2.51182e-08
2.41562e-08
2.30056e-08
2.20858e-08
2.24302e-08
2.3416e-08
2.46141e-08
2.63812e-08
2.80611e-08
2.90177e-08
2.87651e-08
2.71028e-08
2.4729e-08
2.27182e-08
2.21782e-08
2.27696e-08
2.48114e-08
2.62666e-08
2.52774e-08
2.32569e-08
2.41682e-08
2.64469e-08
2.47955e-08
2.04409e-08
1.87512e-08
2.08413e-08
2.40937e-08
2.63631e-08
2.75508e-08
2.81094e-08
2.75378e-08
2.55898e-08
2.37384e-08
2.43743e-08
2.7175e-08
2.95113e-08
2.96478e-08
2.8555e-08
2.73135e-08
2.60205e-08
2.48731e-08
2.39877e-08
2.28228e-08
2.18432e-08
2.21437e-08
2.30635e-08
2.4242e-08
2.60254e-08
2.76814e-08
2.85804e-08
2.82771e-08
2.65629e-08
2.4145e-08
2.21315e-08
2.16412e-08
2.24437e-08
2.44529e-08
2.5872e-08
2.48982e-08
2.29367e-08
2.38334e-08
2.59737e-08
2.42666e-08
2.00292e-08
1.84478e-08
2.05478e-08
2.37857e-08
2.60566e-08
2.72373e-08
2.7734e-08
2.70647e-08
2.51275e-08
2.33778e-08
2.40507e-08
2.68122e-08
2.91131e-08
2.92235e-08
2.81346e-08
2.69394e-08
2.56999e-08
2.45817e-08
2.37e-08
2.2541e-08
2.15906e-08
2.18965e-08
2.27801e-08
2.39164e-08
2.56571e-08
2.72896e-08
2.81754e-08
2.78466e-08
2.61153e-08
2.3713e-08
2.1756e-08
2.13163e-08
2.23078e-08
2.42875e-08
2.5689e-08
2.47317e-08
2.28151e-08
2.37116e-08
2.57838e-08
2.40547e-08
1.98788e-08
1.8342e-08
2.04321e-08
2.36544e-08
2.59233e-08
2.70797e-08
2.75379e-08
2.68723e-08
2.49719e-08
2.32615e-08
2.39413e-08
2.66763e-08
2.89485e-08
2.90394e-08
2.79493e-08
2.67659e-08
2.55325e-08
2.44151e-08
2.35344e-08
2.23944e-08
2.14752e-08
2.17953e-08
2.26785e-08
2.37997e-08
2.55173e-08
2.71426e-08
2.80199e-08
2.76753e-08
2.59336e-08
2.35384e-08
2.16095e-08
2.11885e-08
1.28537e-08
1.26223e-08
1.24177e-08
1.23013e-08
1.22543e-08
1.23309e-08
1.26068e-08
1.29679e-08
1.33256e-08
1.36965e-08
1.40519e-08
1.4321e-08
1.44392e-08
1.44744e-08
1.44467e-08
1.43533e-08
1.42051e-08
1.40285e-08
1.38919e-08
1.38887e-08
1.39943e-08
1.41829e-08
1.44243e-08
1.46474e-08
1.4789e-08
1.48341e-08
1.48042e-08
1.47131e-08
1.44736e-08
1.41885e-08
1.39511e-08
1.37607e-08
1.3645e-08
1.35264e-08
1.34126e-08
1.33113e-08
1.31603e-08
1.30704e-08
1.30197e-08
1.29719e-08
1.33604e-08
1.31559e-08
1.29617e-08
1.28117e-08
1.26528e-08
1.26071e-08
1.26649e-08
1.27397e-08
1.28782e-08
1.31575e-08
1.35584e-08
1.39771e-08
1.43858e-08
1.46974e-08
1.48857e-08
1.49394e-08
1.48081e-08
1.45305e-08
1.4247e-08
1.40964e-08
1.41163e-08
1.42818e-08
1.45532e-08
1.49146e-08
1.52653e-08
1.55032e-08
1.56227e-08
1.55507e-08
1.52814e-08
1.4939e-08
1.45283e-08
1.41402e-08
1.37847e-08
1.34986e-08
1.33696e-08
1.32842e-08
1.32312e-08
1.33223e-08
1.34426e-08
1.34639e-08
1.36678e-08
1.35989e-08
1.36125e-08
1.35191e-08
1.32992e-08
1.31709e-08
1.30922e-08
1.30677e-08
1.31612e-08
1.34779e-08
1.3957e-08
1.44939e-08
1.50412e-08
1.54624e-08
1.57143e-08
1.58256e-08
1.56584e-08
1.52557e-08
1.48502e-08
1.46273e-08
1.46507e-08
1.48876e-08
1.52782e-08
1.57304e-08
1.60988e-08
1.62886e-08
1.62567e-08
1.59998e-08
1.55994e-08
1.5125e-08
1.46237e-08
1.41535e-08
1.37223e-08
1.35061e-08
1.35532e-08
1.36602e-08
1.37903e-08
1.39389e-08
1.39585e-08
1.38204e-08
1.45662e-08
1.46433e-08
1.46966e-08
1.45151e-08
1.42455e-08
1.40408e-08
1.3826e-08
1.36444e-08
1.36952e-08
1.41018e-08
1.47261e-08
1.53386e-08
1.58995e-08
1.62849e-08
1.6452e-08
1.6395e-08
1.59865e-08
1.53903e-08
1.50558e-08
1.51326e-08
1.55051e-08
1.60175e-08
1.66011e-08
1.71105e-08
1.74268e-08
1.75107e-08
1.72508e-08
1.67623e-08
1.62596e-08
1.57573e-08
1.52042e-08
1.46056e-08
1.40758e-08
1.3821e-08
1.3903e-08
1.40914e-08
1.42753e-08
1.44696e-08
1.45465e-08
1.45491e-08
1.50733e-08
1.53047e-08
1.54314e-08
1.53461e-08
1.51698e-08
1.49619e-08
1.47175e-08
1.45151e-08
1.44866e-08
1.47445e-08
1.53073e-08
1.5993e-08
1.65921e-08
1.69358e-08
1.70054e-08
1.67032e-08
1.60489e-08
1.545e-08
1.5285e-08
1.5586e-08
1.62202e-08
1.69415e-08
1.7696e-08
1.84093e-08
1.90326e-08
1.93246e-08
1.90454e-08
1.83795e-08
1.75806e-08
1.66319e-08
1.56078e-08
1.4727e-08
1.40903e-08
1.39129e-08
1.41403e-08
1.44524e-08
1.4725e-08
1.48862e-08
1.48855e-08
1.49148e-08
1.55026e-08
1.58148e-08
1.59304e-08
1.5902e-08
1.58527e-08
1.57957e-08
1.57734e-08
1.56793e-08
1.56139e-08
1.57521e-08
1.61554e-08
1.68197e-08
1.7509e-08
1.80117e-08
1.81166e-08
1.75949e-08
1.65114e-08
1.56018e-08
1.55486e-08
1.63248e-08
1.73871e-08
1.83448e-08
1.90846e-08
1.95986e-08
2.00147e-08
2.00876e-08
1.95658e-08
1.87057e-08
1.777e-08
1.68637e-08
1.60972e-08
1.54628e-08
1.49909e-08
1.48648e-08
1.50137e-08
1.51232e-08
1.50813e-08
1.49319e-08
1.48624e-08
1.50901e-08
1.59709e-08
1.65117e-08
1.69844e-08
1.72746e-08
1.71852e-08
1.69792e-08
1.68337e-08
1.6579e-08
1.62291e-08
1.62161e-08
1.67135e-08
1.76711e-08
1.85998e-08
1.88921e-08
1.84961e-08
1.75951e-08
1.67113e-08
1.64946e-08
1.70575e-08
1.78428e-08
1.83298e-08
1.866e-08
1.91369e-08
1.97926e-08
2.0505e-08
2.07268e-08
2.01763e-08
1.92268e-08
1.82298e-08
1.7353e-08
1.66887e-08
1.61411e-08
1.57797e-08
1.58473e-08
1.60741e-08
1.60288e-08
1.57272e-08
1.5326e-08
1.51575e-08
1.54494e-08
1.64077e-08
1.69034e-08
1.75021e-08
1.78722e-08
1.78015e-08
1.76753e-08
1.75713e-08
1.69804e-08
1.61363e-08
1.58813e-08
1.67015e-08
1.82324e-08
1.95357e-08
2.00856e-08
1.98886e-08
1.92033e-08
1.84002e-08
1.80974e-08
1.84151e-08
1.87563e-08
1.88988e-08
1.92098e-08
1.99082e-08
2.08216e-08
2.15138e-08
2.13892e-08
2.04057e-08
1.9158e-08
1.8178e-08
1.75273e-08
1.70908e-08
1.6654e-08
1.63825e-08
1.6521e-08
1.67697e-08
1.66925e-08
1.62684e-08
1.56982e-08
1.55412e-08
1.5914e-08
1.66025e-08
1.70022e-08
1.7835e-08
1.8309e-08
1.81137e-08
1.81078e-08
1.82103e-08
1.73991e-08
1.5939e-08
1.53385e-08
1.63335e-08
1.83577e-08
2.01915e-08
2.09831e-08
2.07765e-08
2.00483e-08
1.93074e-08
1.90336e-08
1.93279e-08
1.96009e-08
1.96934e-08
2.00468e-08
2.07524e-08
2.1539e-08
2.20001e-08
2.1549e-08
2.02767e-08
1.88765e-08
1.79818e-08
1.77879e-08
1.7895e-08
1.76634e-08
1.72806e-08
1.72066e-08
1.73463e-08
1.72952e-08
1.69307e-08
1.65138e-08
1.64088e-08
1.6517e-08
1.73908e-08
1.78293e-08
1.87442e-08
1.90316e-08
1.86067e-08
1.85559e-08
1.87435e-08
1.79358e-08
1.66034e-08
1.61355e-08
1.70447e-08
1.8796e-08
2.03443e-08
2.08702e-08
2.05132e-08
1.98843e-08
1.9422e-08
1.94025e-08
1.98719e-08
2.03064e-08
2.05459e-08
2.09487e-08
2.15147e-08
2.20266e-08
2.21801e-08
2.14274e-08
1.99452e-08
1.85554e-08
1.78572e-08
1.79046e-08
1.81724e-08
1.80003e-08
1.7714e-08
1.77458e-08
1.79682e-08
1.7894e-08
1.74221e-08
1.70889e-08
1.71628e-08
1.7332e-08
1.8375e-08
1.90098e-08
2.0198e-08
2.04151e-08
1.9568e-08
1.93693e-08
1.98578e-08
1.94406e-08
1.80172e-08
1.70422e-08
1.76115e-08
1.93798e-08
2.09078e-08
2.12166e-08
2.05931e-08
1.99684e-08
1.979e-08
2.00758e-08
2.06732e-08
2.11874e-08
2.15718e-08
2.20008e-08
2.23243e-08
2.2556e-08
2.24736e-08
2.16066e-08
2.01091e-08
1.88006e-08
1.81939e-08
1.84107e-08
1.87587e-08
1.84965e-08
1.80988e-08
1.82428e-08
1.85843e-08
1.85113e-08
1.81446e-08
1.80254e-08
1.82652e-08
1.83953e-08
1.82596e-08
1.92862e-08
2.09403e-08
2.12702e-08
2.03743e-08
2.0316e-08
2.11128e-08
2.07419e-08
1.91447e-08
1.81322e-08
1.87306e-08
2.0308e-08
2.14307e-08
2.13752e-08
2.07265e-08
2.03898e-08
2.05925e-08
2.11039e-08
2.17251e-08
2.22446e-08
2.26685e-08
2.30696e-08
2.32921e-08
2.33721e-08
2.31252e-08
2.21214e-08
2.0602e-08
1.94384e-08
1.91714e-08
1.97761e-08
2.02844e-08
1.97888e-08
1.90273e-08
1.90091e-08
1.9539e-08
1.97338e-08
1.93322e-08
1.88914e-08
1.86916e-08
1.83673e-08
1.86614e-08
1.99813e-08
2.18059e-08
2.21021e-08
2.11852e-08
2.1345e-08
2.24545e-08
2.21544e-08
2.03851e-08
1.91772e-08
1.96213e-08
2.0973e-08
2.1885e-08
2.16625e-08
2.10311e-08
2.087e-08
2.12247e-08
2.18209e-08
2.26097e-08
2.33777e-08
2.38015e-08
2.40071e-08
2.41896e-08
2.43837e-08
2.41559e-08
2.30518e-08
2.15051e-08
2.04203e-08
2.03263e-08
2.11517e-08
2.17872e-08
2.13143e-08
2.05734e-08
2.06529e-08
2.13275e-08
2.15238e-08
2.08894e-08
2.00823e-08
1.94023e-08
1.87334e-08
1.95595e-08
2.09317e-08
2.2703e-08
2.28937e-08
2.20985e-08
2.26396e-08
2.3909e-08
2.31918e-08
2.09157e-08
1.96183e-08
2.01362e-08
2.15784e-08
2.26326e-08
2.25727e-08
2.19623e-08
2.17543e-08
2.21127e-08
2.27038e-08
2.36436e-08
2.45504e-08
2.48799e-08
2.49345e-08
2.51788e-08
2.55843e-08
2.53465e-08
2.39468e-08
2.21804e-08
2.11871e-08
2.13769e-08
2.25061e-08
2.31863e-08
2.24318e-08
2.15769e-08
2.20254e-08
2.31737e-08
2.33729e-08
2.23854e-08
2.12123e-08
2.03327e-08
1.9604e-08
2.04264e-08
2.17249e-08
2.34451e-08
2.36115e-08
2.29001e-08
2.36498e-08
2.49205e-08
2.39236e-08
2.1361e-08
2.00888e-08
2.08967e-08
2.26867e-08
2.39691e-08
2.39183e-08
2.32211e-08
2.30539e-08
2.34151e-08
2.39703e-08
2.49321e-08
2.57922e-08
2.59658e-08
2.59929e-08
2.64362e-08
2.70553e-08
2.66455e-08
2.47965e-08
2.2836e-08
2.19676e-08
2.23555e-08
2.35508e-08
2.39595e-08
2.2958e-08
2.22002e-08
2.30254e-08
2.4385e-08
2.45588e-08
2.35117e-08
2.22647e-08
2.13752e-08
2.06119e-08
2.10446e-08
2.21905e-08
2.39546e-08
2.41533e-08
2.34321e-08
2.43557e-08
2.58352e-08
2.48475e-08
2.22003e-08
2.10007e-08
2.20562e-08
2.41469e-08
2.55905e-08
2.54735e-08
2.45905e-08
2.43096e-08
2.46534e-08
2.51655e-08
2.60207e-08
2.6539e-08
2.66065e-08
2.68819e-08
2.7639e-08
2.83204e-08
2.76828e-08
2.5685e-08
2.37644e-08
2.29012e-08
2.31073e-08
2.39024e-08
2.38977e-08
2.28872e-08
2.24444e-08
2.34464e-08
2.47771e-08
2.50415e-08
2.42528e-08
2.32146e-08
2.23865e-08
2.14875e-08
2.14169e-08
2.26169e-08
2.45349e-08
2.48382e-08
2.42123e-08
2.53074e-08
2.70135e-08
2.60255e-08
2.32274e-08
2.20848e-08
2.33812e-08
2.56717e-08
2.71933e-08
2.6988e-08
2.59331e-08
2.55782e-08
2.59293e-08
2.64403e-08
2.70939e-08
2.73458e-08
2.75446e-08
2.82093e-08
2.91652e-08
2.96196e-08
2.85627e-08
2.63256e-08
2.44156e-08
2.34938e-08
2.35278e-08
2.40497e-08
2.37529e-08
2.27978e-08
2.27371e-08
2.40654e-08
2.54952e-08
2.57992e-08
2.50541e-08
2.40351e-08
2.30863e-08
2.19775e-08
2.17973e-08
2.3122e-08
2.50859e-08
2.53796e-08
2.48248e-08
2.61202e-08
2.81534e-08
2.72634e-08
2.42725e-08
2.30514e-08
2.45091e-08
2.70116e-08
2.85558e-08
2.8159e-08
2.69533e-08
2.6593e-08
2.69187e-08
2.74119e-08
2.80009e-08
2.82447e-08
2.86998e-08
2.96852e-08
3.07109e-08
3.08827e-08
2.94232e-08
2.69663e-08
2.50278e-08
2.41e-08
2.40861e-08
2.45215e-08
2.41268e-08
2.32827e-08
2.35018e-08
2.50516e-08
2.66042e-08
2.68968e-08
2.59464e-08
2.47382e-08
2.36172e-08
2.23787e-08
2.23348e-08
2.35507e-08
2.5362e-08
2.55944e-08
2.49456e-08
2.61888e-08
2.84434e-08
2.77898e-08
2.48295e-08
2.35243e-08
2.50935e-08
2.78504e-08
2.94751e-08
2.89722e-08
2.77378e-08
2.74146e-08
2.7709e-08
2.81438e-08
2.86432e-08
2.89649e-08
2.96566e-08
3.07675e-08
3.16621e-08
3.15668e-08
2.99352e-08
2.7512e-08
2.56779e-08
2.47925e-08
2.46859e-08
2.49368e-08
2.45166e-08
2.38202e-08
2.42189e-08
2.58024e-08
2.73006e-08
2.74769e-08
2.63475e-08
2.50533e-08
2.40295e-08
2.29026e-08
2.25747e-08
2.36507e-08
2.5449e-08
2.57941e-08
2.4979e-08
2.59384e-08
2.81615e-08
2.75829e-08
2.4644e-08
2.33159e-08
2.49859e-08
2.79617e-08
2.97326e-08
2.92323e-08
2.80797e-08
2.79227e-08
2.82793e-08
2.86675e-08
2.91533e-08
2.95594e-08
3.03934e-08
3.15649e-08
3.2217e-08
3.17978e-08
3.00203e-08
2.76449e-08
2.5932e-08
2.51046e-08
2.49335e-08
2.50811e-08
2.46883e-08
2.40908e-08
2.45676e-08
2.61442e-08
2.75314e-08
2.75866e-08
2.6361e-08
2.50899e-08
2.42282e-08
2.32029e-08
2.2367e-08
2.33828e-08
2.52262e-08
2.56044e-08
2.46246e-08
2.54119e-08
2.76056e-08
2.69467e-08
2.39852e-08
2.27168e-08
2.45004e-08
2.76021e-08
2.94055e-08
2.88722e-08
2.78037e-08
2.78365e-08
2.83431e-08
2.88588e-08
2.94037e-08
2.98321e-08
3.06479e-08
3.18045e-08
3.23599e-08
3.17924e-08
2.98809e-08
2.75057e-08
2.58492e-08
2.5058e-08
2.49127e-08
2.50838e-08
2.47076e-08
2.41188e-08
2.46188e-08
2.61939e-08
2.74871e-08
2.74126e-08
2.60702e-08
2.47728e-08
2.3974e-08
2.29991e-08
2.2026e-08
2.2977e-08
2.48058e-08
2.51442e-08
2.40466e-08
2.47851e-08
2.69169e-08
2.61595e-08
2.32406e-08
2.20668e-08
2.39619e-08
2.71642e-08
2.89535e-08
2.83618e-08
2.73095e-08
2.74127e-08
2.80103e-08
2.86786e-08
2.92679e-08
2.96619e-08
3.03762e-08
3.14591e-08
3.19734e-08
3.13881e-08
2.94776e-08
2.71582e-08
2.55925e-08
2.48522e-08
2.4753e-08
2.49459e-08
2.45417e-08
2.3926e-08
2.44551e-08
2.60532e-08
2.7304e-08
2.715e-08
2.572e-08
2.43635e-08
2.35686e-08
2.26598e-08
2.1702e-08
2.26185e-08
2.43862e-08
2.46297e-08
2.34856e-08
2.42126e-08
2.62364e-08
2.54061e-08
2.2559e-08
2.14488e-08
2.33683e-08
2.66044e-08
2.83929e-08
2.77886e-08
2.67685e-08
2.68871e-08
2.75008e-08
2.82511e-08
2.88912e-08
2.92782e-08
2.99261e-08
3.09369e-08
3.14695e-08
3.09303e-08
2.90621e-08
2.67818e-08
2.52822e-08
2.45904e-08
2.4483e-08
2.46438e-08
2.41964e-08
2.35643e-08
2.41137e-08
2.57232e-08
2.69804e-08
2.68088e-08
2.53633e-08
2.39801e-08
2.31798e-08
2.23159e-08
2.14399e-08
2.23404e-08
2.40076e-08
2.41735e-08
2.30635e-08
2.38052e-08
2.57269e-08
2.48268e-08
2.20184e-08
2.09565e-08
2.28961e-08
2.61119e-08
2.78854e-08
2.7332e-08
2.63704e-08
2.64695e-08
2.70643e-08
2.78333e-08
2.84908e-08
2.88983e-08
2.95623e-08
3.05696e-08
3.11069e-08
3.05769e-08
2.87267e-08
2.64752e-08
2.50026e-08
2.43044e-08
2.41698e-08
2.42949e-08
2.38295e-08
2.32045e-08
2.37432e-08
2.53232e-08
2.6567e-08
2.64355e-08
2.50493e-08
2.3659e-08
2.28349e-08
2.19993e-08
2.12716e-08
2.21674e-08
2.38249e-08
2.39995e-08
2.29048e-08
2.36324e-08
2.5509e-08
2.45817e-08
2.18021e-08
2.07817e-08
2.27286e-08
2.59168e-08
2.7669e-08
2.71342e-08
2.61981e-08
2.63002e-08
2.68913e-08
2.76531e-08
2.8307e-08
2.87394e-08
2.94321e-08
3.04303e-08
3.09397e-08
3.03863e-08
2.85345e-08
2.62984e-08
2.48451e-08
2.41678e-08
2.40345e-08
2.41434e-08
2.36735e-08
2.30505e-08
2.35754e-08
2.51278e-08
2.63635e-08
2.6252e-08
2.48755e-08
2.34756e-08
2.26396e-08
2.18131e-08
1.27704e-08
1.26218e-08
1.25232e-08
1.25132e-08
1.25139e-08
1.25719e-08
1.27776e-08
1.30739e-08
1.3395e-08
1.3722e-08
1.40952e-08
1.43857e-08
1.45123e-08
1.45286e-08
1.44183e-08
1.42233e-08
1.40298e-08
1.38663e-08
1.38012e-08
1.38947e-08
1.40869e-08
1.43201e-08
1.45663e-08
1.47701e-08
1.49041e-08
1.49108e-08
1.48664e-08
1.4763e-08
1.44956e-08
1.41674e-08
1.38737e-08
1.36553e-08
1.35305e-08
1.34623e-08
1.34187e-08
1.33783e-08
1.32599e-08
1.31247e-08
1.29855e-08
1.2888e-08
1.32519e-08
1.31499e-08
1.30824e-08
1.29879e-08
1.28584e-08
1.28176e-08
1.28361e-08
1.28593e-08
1.29797e-08
1.32493e-08
1.36342e-08
1.40132e-08
1.43515e-08
1.45985e-08
1.46927e-08
1.46543e-08
1.45149e-08
1.42893e-08
1.40705e-08
1.39936e-08
1.40712e-08
1.42568e-08
1.45324e-08
1.48961e-08
1.52443e-08
1.54761e-08
1.55667e-08
1.54499e-08
1.51531e-08
1.4732e-08
1.42809e-08
1.38443e-08
1.34892e-08
1.32873e-08
1.32806e-08
1.33193e-08
1.33204e-08
1.33415e-08
1.33849e-08
1.33452e-08
1.38982e-08
1.39473e-08
1.40261e-08
1.3894e-08
1.35599e-08
1.33025e-08
1.31506e-08
1.31158e-08
1.32477e-08
1.36038e-08
1.40233e-08
1.44555e-08
1.48974e-08
1.52485e-08
1.5433e-08
1.54973e-08
1.53871e-08
1.509e-08
1.47854e-08
1.46341e-08
1.4652e-08
1.48268e-08
1.51585e-08
1.56012e-08
1.5983e-08
1.61694e-08
1.61204e-08
1.57954e-08
1.53124e-08
1.47789e-08
1.42497e-08
1.38543e-08
1.3604e-08
1.3554e-08
1.3729e-08
1.38515e-08
1.385e-08
1.38747e-08
1.38997e-08
1.38855e-08
1.47463e-08
1.49451e-08
1.50107e-08
1.48021e-08
1.44538e-08
1.4201e-08
1.40525e-08
1.40124e-08
1.41113e-08
1.44175e-08
1.48046e-08
1.51412e-08
1.54987e-08
1.57715e-08
1.59029e-08
1.59914e-08
1.58851e-08
1.56062e-08
1.54013e-08
1.5455e-08
1.56506e-08
1.59131e-08
1.63e-08
1.67647e-08
1.71292e-08
1.72892e-08
1.70936e-08
1.65442e-08
1.58632e-08
1.51968e-08
1.46497e-08
1.43216e-08
1.41619e-08
1.41625e-08
1.4293e-08
1.42679e-08
1.41789e-08
1.42726e-08
1.44019e-08
1.45481e-08
1.55561e-08
1.58667e-08
1.5924e-08
1.56325e-08
1.52382e-08
1.4915e-08
1.47191e-08
1.4683e-08
1.4811e-08
1.51307e-08
1.55607e-08
1.60424e-08
1.6511e-08
1.67982e-08
1.6924e-08
1.68924e-08
1.66534e-08
1.63778e-08
1.62796e-08
1.64393e-08
1.67072e-08
1.6997e-08
1.74425e-08
1.80093e-08
1.85968e-08
1.895e-08
1.86199e-08
1.77484e-08
1.67117e-08
1.569e-08
1.49444e-08
1.45433e-08
1.43773e-08
1.4498e-08
1.47627e-08
1.4881e-08
1.4922e-08
1.50046e-08
1.50746e-08
1.52387e-08
1.56769e-08
1.60537e-08
1.61789e-08
1.60248e-08
1.57363e-08
1.54743e-08
1.53772e-08
1.54402e-08
1.55787e-08
1.58851e-08
1.63481e-08
1.68848e-08
1.73852e-08
1.76961e-08
1.78879e-08
1.79348e-08
1.7633e-08
1.70971e-08
1.68228e-08
1.70629e-08
1.75602e-08
1.81089e-08
1.86865e-08
1.92179e-08
1.97438e-08
1.99972e-08
1.95928e-08
1.8683e-08
1.75547e-08
1.64734e-08
1.57714e-08
1.5508e-08
1.55023e-08
1.56827e-08
1.57761e-08
1.55978e-08
1.54308e-08
1.52825e-08
1.5149e-08
1.52717e-08
1.59093e-08
1.6381e-08
1.66573e-08
1.67068e-08
1.65252e-08
1.63081e-08
1.62791e-08
1.62311e-08
1.60942e-08
1.61829e-08
1.66512e-08
1.73678e-08
1.80989e-08
1.85274e-08
1.87165e-08
1.87192e-08
1.84558e-08
1.82003e-08
1.8352e-08
1.87245e-08
1.88956e-08
1.89392e-08
1.91468e-08
1.9666e-08
2.04644e-08
2.08908e-08
2.04207e-08
1.93729e-08
1.82547e-08
1.73126e-08
1.67083e-08
1.63758e-08
1.63117e-08
1.64876e-08
1.65043e-08
1.62242e-08
1.58338e-08
1.54198e-08
1.5153e-08
1.53666e-08
1.61286e-08
1.65063e-08
1.68189e-08
1.69821e-08
1.6826e-08
1.67528e-08
1.6988e-08
1.6931e-08
1.64121e-08
1.61571e-08
1.65618e-08
1.7459e-08
1.8441e-08
1.90931e-08
1.94874e-08
1.97119e-08
1.96241e-08
1.94569e-08
1.95746e-08
1.97343e-08
1.96517e-08
1.97097e-08
2.00732e-08
2.06821e-08
2.1376e-08
2.14397e-08
2.05927e-08
1.9454e-08
1.8429e-08
1.76047e-08
1.69591e-08
1.65269e-08
1.6419e-08
1.66824e-08
1.68315e-08
1.66847e-08
1.62771e-08
1.56959e-08
1.53744e-08
1.56554e-08
1.65371e-08
1.67491e-08
1.70404e-08
1.72355e-08
1.71306e-08
1.7285e-08
1.78023e-08
1.76571e-08
1.66767e-08
1.61416e-08
1.67396e-08
1.80044e-08
1.92085e-08
1.9969e-08
2.0519e-08
2.0846e-08
2.07127e-08
2.0419e-08
2.05068e-08
2.06818e-08
2.06123e-08
2.07413e-08
2.11532e-08
2.17092e-08
2.21382e-08
2.17005e-08
2.0436e-08
1.91587e-08
1.83427e-08
1.79567e-08
1.77394e-08
1.74422e-08
1.73071e-08
1.75331e-08
1.77341e-08
1.76869e-08
1.72298e-08
1.65133e-08
1.60895e-08
1.62595e-08
1.72244e-08
1.76601e-08
1.8212e-08
1.8282e-08
1.78726e-08
1.80675e-08
1.88873e-08
1.86641e-08
1.72448e-08
1.63403e-08
1.68214e-08
1.82284e-08
1.97769e-08
2.08568e-08
2.14537e-08
2.16238e-08
2.12489e-08
2.09056e-08
2.1142e-08
2.14527e-08
2.15365e-08
2.1721e-08
2.20353e-08
2.23905e-08
2.25563e-08
2.17939e-08
2.03542e-08
1.92685e-08
1.89297e-08
1.90533e-08
1.90233e-08
1.84839e-08
1.80097e-08
1.8042e-08
1.82248e-08
1.82808e-08
1.79188e-08
1.72292e-08
1.6808e-08
1.69021e-08
1.82465e-08
1.8738e-08
1.94897e-08
1.9611e-08
1.9013e-08
1.92159e-08
2.02031e-08
1.98515e-08
1.80744e-08
1.70004e-08
1.76555e-08
1.93151e-08
2.09735e-08
2.19221e-08
2.22437e-08
2.2068e-08
2.14419e-08
2.11096e-08
2.16447e-08
2.2333e-08
2.26903e-08
2.28002e-08
2.27574e-08
2.29327e-08
2.32111e-08
2.26223e-08
2.13089e-08
2.04473e-08
2.03725e-08
2.0622e-08
2.03492e-08
1.93204e-08
1.844e-08
1.83034e-08
1.85688e-08
1.8777e-08
1.85599e-08
1.79654e-08
1.7693e-08
1.79163e-08
1.88254e-08
1.94434e-08
2.05739e-08
2.08881e-08
2.00911e-08
2.0179e-08
2.13301e-08
2.12847e-08
1.96264e-08
1.85065e-08
1.92048e-08
2.09968e-08
2.25661e-08
2.32247e-08
2.32048e-08
2.27913e-08
2.20017e-08
2.17011e-08
2.24224e-08
2.33498e-08
2.39556e-08
2.40615e-08
2.37938e-08
2.40117e-08
2.45747e-08
2.42503e-08
2.30692e-08
2.22527e-08
2.24121e-08
2.28307e-08
2.22134e-08
2.04748e-08
1.90007e-08
1.8576e-08
1.91592e-08
2.00565e-08
2.01551e-08
1.93504e-08
1.87307e-08
1.86855e-08
1.96307e-08
2.02243e-08
2.16863e-08
2.22787e-08
2.13704e-08
2.13288e-08
2.27115e-08
2.28747e-08
2.10858e-08
1.97615e-08
2.05442e-08
2.25804e-08
2.41384e-08
2.44416e-08
2.40707e-08
2.35876e-08
2.29093e-08
2.25445e-08
2.31335e-08
2.41752e-08
2.4891e-08
2.48916e-08
2.45612e-08
2.51002e-08
2.62231e-08
2.63383e-08
2.52524e-08
2.41415e-08
2.40564e-08
2.44814e-08
2.36438e-08
2.14868e-08
1.95921e-08
1.89673e-08
1.98674e-08
2.14055e-08
2.18938e-08
2.10911e-08
2.02094e-08
1.97788e-08
2.05719e-08
2.11666e-08
2.25971e-08
2.3355e-08
2.27369e-08
2.26655e-08
2.37289e-08
2.3588e-08
2.15838e-08
2.02092e-08
2.11498e-08
2.3433e-08
2.50313e-08
2.50322e-08
2.44072e-08
2.40273e-08
2.36282e-08
2.32785e-08
2.37454e-08
2.4702e-08
2.51692e-08
2.48957e-08
2.46152e-08
2.55004e-08
2.69709e-08
2.73435e-08
2.64398e-08
2.53414e-08
2.51869e-08
2.53919e-08
2.41896e-08
2.17409e-08
1.9858e-08
1.94856e-08
2.07253e-08
2.25142e-08
2.30281e-08
2.2061e-08
2.08898e-08
2.04603e-08
2.17358e-08
2.19914e-08
2.32378e-08
2.41671e-08
2.36319e-08
2.33519e-08
2.40035e-08
2.35623e-08
2.15721e-08
2.03763e-08
2.15202e-08
2.40473e-08
2.58532e-08
2.58135e-08
2.49731e-08
2.44939e-08
2.41935e-08
2.40661e-08
2.47908e-08
2.58437e-08
2.61522e-08
2.56565e-08
2.54871e-08
2.67231e-08
2.84114e-08
2.87877e-08
2.77069e-08
2.64414e-08
2.63056e-08
2.65088e-08
2.508e-08
2.25581e-08
2.0961e-08
2.09915e-08
2.24088e-08
2.40084e-08
2.41849e-08
2.30202e-08
2.19077e-08
2.17009e-08
2.26632e-08
2.26967e-08
2.38053e-08
2.45869e-08
2.39126e-08
2.35825e-08
2.41454e-08
2.37383e-08
2.19599e-08
2.09087e-08
2.20649e-08
2.4814e-08
2.69899e-08
2.69702e-08
2.56623e-08
2.48284e-08
2.45921e-08
2.48715e-08
2.60045e-08
2.71331e-08
2.73009e-08
2.67569e-08
2.6795e-08
2.82366e-08
2.97346e-08
2.97381e-08
2.84437e-08
2.72638e-08
2.73856e-08
2.76141e-08
2.60265e-08
2.35692e-08
2.22767e-08
2.26123e-08
2.40327e-08
2.5317e-08
2.5301e-08
2.40884e-08
2.29579e-08
2.27519e-08
2.36552e-08
2.36015e-08
2.45595e-08
2.52277e-08
2.46279e-08
2.41949e-08
2.45528e-08
2.43159e-08
2.28558e-08
2.17674e-08
2.26933e-08
2.56212e-08
2.82279e-08
2.80844e-08
2.61645e-08
2.50215e-08
2.5097e-08
2.59195e-08
2.72975e-08
2.83461e-08
2.83566e-08
2.76487e-08
2.76648e-08
2.91083e-08
3.03696e-08
2.9997e-08
2.84654e-08
2.74093e-08
2.77941e-08
2.81351e-08
2.65654e-08
2.4326e-08
2.34366e-08
2.40772e-08
2.54994e-08
2.66392e-08
2.64948e-08
2.51644e-08
2.39619e-08
2.37609e-08
2.44973e-08
2.45478e-08
2.55008e-08
2.62359e-08
2.56998e-08
2.49865e-08
2.50783e-08
2.50851e-08
2.40322e-08
2.2945e-08
2.35446e-08
2.64575e-08
2.92442e-08
2.88503e-08
2.63205e-08
2.5014e-08
2.54143e-08
2.66729e-08
2.82568e-08
2.9333e-08
2.92159e-08
2.82601e-08
2.81303e-08
2.95134e-08
3.06596e-08
2.99867e-08
2.81399e-08
2.70205e-08
2.76571e-08
2.82116e-08
2.67795e-08
2.47718e-08
2.42272e-08
2.51409e-08
2.66918e-08
2.77101e-08
2.72154e-08
2.55708e-08
2.43483e-08
2.4361e-08
2.50131e-08
2.5097e-08
2.61204e-08
2.71205e-08
2.66544e-08
2.56925e-08
2.57151e-08
2.59697e-08
2.50941e-08
2.39086e-08
2.43152e-08
2.71593e-08
2.98342e-08
2.907e-08
2.61657e-08
2.47991e-08
2.5419e-08
2.69162e-08
2.85935e-08
2.97546e-08
2.96243e-08
2.85303e-08
2.83154e-08
2.96502e-08
3.06612e-08
2.97677e-08
2.77324e-08
2.66687e-08
2.7424e-08
2.7969e-08
2.66241e-08
2.48629e-08
2.4565e-08
2.56629e-08
2.73009e-08
2.80659e-08
2.71091e-08
2.52837e-08
2.42516e-08
2.46212e-08
2.53621e-08
2.53705e-08
2.65038e-08
2.76924e-08
2.70932e-08
2.60791e-08
2.64655e-08
2.6932e-08
2.59807e-08
2.46031e-08
2.48192e-08
2.75067e-08
2.99129e-08
2.89388e-08
2.5966e-08
2.4611e-08
2.52611e-08
2.67556e-08
2.83901e-08
2.96506e-08
2.96305e-08
2.86134e-08
2.84749e-08
2.98195e-08
3.07016e-08
2.96296e-08
2.7466e-08
2.64036e-08
2.71269e-08
2.76176e-08
2.63548e-08
2.47869e-08
2.46694e-08
2.58225e-08
2.7326e-08
2.77626e-08
2.65563e-08
2.47837e-08
2.40605e-08
2.48178e-08
2.54088e-08
2.54283e-08
2.67385e-08
2.79577e-08
2.7211e-08
2.63618e-08
2.70948e-08
2.75928e-08
2.64543e-08
2.48896e-08
2.49025e-08
2.735e-08
2.95961e-08
2.86245e-08
2.56866e-08
2.43408e-08
2.50261e-08
2.64537e-08
2.79822e-08
2.93035e-08
2.9365e-08
2.83837e-08
2.83279e-08
2.97359e-08
3.05639e-08
2.93439e-08
2.71139e-08
2.60678e-08
2.67626e-08
2.71806e-08
2.59238e-08
2.44968e-08
2.45114e-08
2.56138e-08
2.69078e-08
2.71477e-08
2.59018e-08
2.42472e-08
2.38411e-08
2.48743e-08
2.51162e-08
2.52088e-08
2.66922e-08
2.78909e-08
2.71198e-08
2.64433e-08
2.7316e-08
2.77443e-08
2.64792e-08
2.47814e-08
2.4674e-08
2.70132e-08
2.92281e-08
2.82559e-08
2.53178e-08
2.3999e-08
2.47018e-08
2.60325e-08
2.75251e-08
2.89153e-08
2.89338e-08
2.78787e-08
2.78536e-08
2.93475e-08
3.01881e-08
2.88974e-08
2.6651e-08
2.56506e-08
2.63172e-08
2.66311e-08
2.53716e-08
2.40621e-08
2.4124e-08
2.51531e-08
2.63304e-08
2.65365e-08
2.53186e-08
2.37625e-08
2.355e-08
2.46477e-08
2.46069e-08
2.47894e-08
2.63687e-08
2.75104e-08
2.67124e-08
2.61066e-08
2.69568e-08
2.73525e-08
2.61093e-08
2.43962e-08
2.42694e-08
2.66188e-08
2.88398e-08
2.78502e-08
2.49314e-08
2.36417e-08
2.43464e-08
2.56247e-08
2.70882e-08
2.84374e-08
2.83904e-08
2.73248e-08
2.73359e-08
2.88388e-08
2.96478e-08
2.83379e-08
2.61489e-08
2.5201e-08
2.58133e-08
2.60549e-08
2.48344e-08
2.36039e-08
2.36834e-08
2.46936e-08
2.58719e-08
2.60574e-08
2.48563e-08
2.34019e-08
2.32489e-08
2.42481e-08
2.42127e-08
2.4417e-08
2.59955e-08
2.70784e-08
2.62677e-08
2.56837e-08
2.65005e-08
2.68754e-08
2.56459e-08
2.39413e-08
2.38554e-08
2.6254e-08
2.84682e-08
2.74928e-08
2.46492e-08
2.34012e-08
2.40903e-08
2.53328e-08
2.67546e-08
2.8026e-08
2.79353e-08
2.68991e-08
2.69363e-08
2.84192e-08
2.91792e-08
2.78658e-08
2.57382e-08
2.48368e-08
2.54304e-08
2.56504e-08
2.44591e-08
2.32662e-08
2.33384e-08
2.4324e-08
2.54898e-08
2.56912e-08
2.455e-08
2.31638e-08
2.3009e-08
2.39207e-08
2.40006e-08
2.42198e-08
2.57999e-08
2.68481e-08
2.60249e-08
2.54622e-08
2.62912e-08
2.66519e-08
2.54053e-08
2.37135e-08
2.36607e-08
2.60694e-08
2.82753e-08
2.73018e-08
2.44881e-08
2.32574e-08
2.39378e-08
2.51699e-08
2.65765e-08
2.78211e-08
2.77184e-08
2.66928e-08
2.67418e-08
2.82144e-08
2.89579e-08
2.76513e-08
2.55461e-08
2.46638e-08
2.52656e-08
2.54786e-08
2.42904e-08
2.31054e-08
2.31708e-08
2.41473e-08
2.53113e-08
2.55153e-08
2.43858e-08
2.30253e-08
2.28683e-08
2.37405e-08
1.27441e-08
1.25831e-08
1.24825e-08
1.24654e-08
1.24763e-08
1.25144e-08
1.26927e-08
1.30032e-08
1.33713e-08
1.37842e-08
1.4222e-08
1.45418e-08
1.47002e-08
1.47356e-08
1.46036e-08
1.43426e-08
1.40647e-08
1.38209e-08
1.36767e-08
1.36921e-08
1.38195e-08
1.40019e-08
1.42247e-08
1.44695e-08
1.4683e-08
1.47896e-08
1.48363e-08
1.47718e-08
1.44985e-08
1.41662e-08
1.38769e-08
1.36682e-08
1.35615e-08
1.34937e-08
1.34427e-08
1.34243e-08
1.33176e-08
1.31531e-08
1.30069e-08
1.28851e-08
1.32716e-08
1.31288e-08
1.30411e-08
1.29484e-08
1.28241e-08
1.27806e-08
1.28284e-08
1.29455e-08
1.31736e-08
1.35455e-08
1.39646e-08
1.4266e-08
1.44946e-08
1.46767e-08
1.47207e-08
1.46384e-08
1.44612e-08
1.42179e-08
1.39923e-08
1.3886e-08
1.39407e-08
1.41117e-08
1.43926e-08
1.48378e-08
1.52809e-08
1.55701e-08
1.56487e-08
1.54316e-08
1.49745e-08
1.44733e-08
1.40455e-08
1.37204e-08
1.34869e-08
1.33622e-08
1.33781e-08
1.34117e-08
1.33737e-08
1.33813e-08
1.34242e-08
1.33834e-08
1.40657e-08
1.41822e-08
1.42568e-08
1.40834e-08
1.36646e-08
1.33067e-08
1.31586e-08
1.32117e-08
1.35134e-08
1.39844e-08
1.44184e-08
1.47247e-08
1.49844e-08
1.51798e-08
1.52549e-08
1.52606e-08
1.51601e-08
1.49817e-08
1.4842e-08
1.48292e-08
1.49459e-08
1.51002e-08
1.5427e-08
1.59645e-08
1.64164e-08
1.65887e-08
1.63755e-08
1.57686e-08
1.50467e-08
1.4392e-08
1.39141e-08
1.36745e-08
1.35536e-08
1.35812e-08
1.37614e-08
1.38481e-08
1.37723e-08
1.37989e-08
1.39143e-08
1.39727e-08
1.5116e-08
1.53144e-08
1.53488e-08
1.50542e-08
1.46381e-08
1.43195e-08
1.41898e-08
1.42958e-08
1.45755e-08
1.49487e-08
1.51752e-08
1.5243e-08
1.53525e-08
1.55019e-08
1.56613e-08
1.5814e-08
1.58782e-08
1.57593e-08
1.5579e-08
1.54857e-08
1.54933e-08
1.5625e-08
1.60419e-08
1.6733e-08
1.73724e-08
1.76029e-08
1.71677e-08
1.62315e-08
1.52184e-08
1.44627e-08
1.41197e-08
1.41194e-08
1.42274e-08
1.43789e-08
1.44911e-08
1.43986e-08
1.42837e-08
1.44359e-08
1.47016e-08
1.49274e-08
1.5428e-08
1.56468e-08
1.57996e-08
1.56894e-08
1.54244e-08
1.51771e-08
1.51107e-08
1.52052e-08
1.5411e-08
1.56583e-08
1.58915e-08
1.61346e-08
1.64089e-08
1.66591e-08
1.693e-08
1.71849e-08
1.73116e-08
1.72216e-08
1.69798e-08
1.67903e-08
1.67221e-08
1.68664e-08
1.73385e-08
1.80543e-08
1.87375e-08
1.89852e-08
1.84836e-08
1.73891e-08
1.61871e-08
1.52552e-08
1.47676e-08
1.46867e-08
1.48406e-08
1.51061e-08
1.52824e-08
1.52404e-08
1.52626e-08
1.54287e-08
1.5427e-08
1.53423e-08
1.60814e-08
1.65416e-08
1.68046e-08
1.67105e-08
1.62967e-08
1.58099e-08
1.55908e-08
1.5652e-08
1.58874e-08
1.61972e-08
1.64734e-08
1.67524e-08
1.71209e-08
1.74631e-08
1.78276e-08
1.82007e-08
1.84063e-08
1.82623e-08
1.79018e-08
1.76128e-08
1.7507e-08
1.77529e-08
1.84264e-08
1.92643e-08
1.99756e-08
2.0229e-08
1.95942e-08
1.83383e-08
1.69942e-08
1.59824e-08
1.55665e-08
1.57066e-08
1.60756e-08
1.64232e-08
1.64781e-08
1.61759e-08
1.58771e-08
1.57166e-08
1.55898e-08
1.56742e-08
1.70405e-08
1.75409e-08
1.77908e-08
1.76321e-08
1.7093e-08
1.66907e-08
1.66577e-08
1.66626e-08
1.65635e-08
1.66015e-08
1.68342e-08
1.72872e-08
1.78071e-08
1.81353e-08
1.83427e-08
1.85521e-08
1.86507e-08
1.85091e-08
1.83046e-08
1.82051e-08
1.8129e-08
1.83469e-08
1.90285e-08
1.98814e-08
2.06193e-08
2.08073e-08
2.01666e-08
1.91135e-08
1.81234e-08
1.74099e-08
1.7191e-08
1.73344e-08
1.75768e-08
1.77222e-08
1.74303e-08
1.68245e-08
1.63912e-08
1.62135e-08
1.62065e-08
1.65069e-08
1.69658e-08
1.72953e-08
1.76779e-08
1.78041e-08
1.75152e-08
1.73377e-08
1.7533e-08
1.74695e-08
1.70204e-08
1.68515e-08
1.71827e-08
1.78115e-08
1.83597e-08
1.8521e-08
1.85533e-08
1.87608e-08
1.8892e-08
1.87775e-08
1.87101e-08
1.87593e-08
1.87491e-08
1.90337e-08
1.97743e-08
2.06033e-08
2.11824e-08
2.10661e-08
2.02297e-08
1.93616e-08
1.87836e-08
1.84038e-08
1.81924e-08
1.80242e-08
1.79316e-08
1.79206e-08
1.76863e-08
1.72336e-08
1.68567e-08
1.6504e-08
1.63792e-08
1.66129e-08
1.71989e-08
1.7597e-08
1.82161e-08
1.85581e-08
1.83058e-08
1.82145e-08
1.85547e-08
1.84672e-08
1.78819e-08
1.77767e-08
1.83757e-08
1.90729e-08
1.92619e-08
1.89458e-08
1.86461e-08
1.87862e-08
1.89588e-08
1.88898e-08
1.90176e-08
1.93009e-08
1.95807e-08
2.00914e-08
2.08118e-08
2.14315e-08
2.17953e-08
2.14898e-08
2.06671e-08
2.00147e-08
1.96373e-08
1.9353e-08
1.9128e-08
1.88693e-08
1.87337e-08
1.87372e-08
1.85204e-08
1.81629e-08
1.78323e-08
1.72955e-08
1.69095e-08
1.69768e-08
1.75073e-08
1.81178e-08
1.89216e-08
1.92332e-08
1.88428e-08
1.8776e-08
1.9401e-08
1.95264e-08
1.89603e-08
1.8918e-08
1.9571e-08
2.01655e-08
2.00991e-08
1.94683e-08
1.88843e-08
1.87601e-08
1.88269e-08
1.89825e-08
1.95539e-08
2.02258e-08
2.06393e-08
2.10982e-08
2.16841e-08
2.23236e-08
2.27896e-08
2.25246e-08
2.16723e-08
2.1065e-08
2.07697e-08
2.05704e-08
2.02693e-08
1.97443e-08
1.94172e-08
1.93492e-08
1.92465e-08
1.91739e-08
1.89159e-08
1.81809e-08
1.7455e-08
1.7257e-08
1.82609e-08
1.8891e-08
1.98638e-08
2.00983e-08
1.9501e-08
1.95368e-08
2.04879e-08
2.06922e-08
2.00141e-08
1.98122e-08
2.04622e-08
2.11581e-08
2.12896e-08
2.07375e-08
1.99121e-08
1.93731e-08
1.92095e-08
1.95276e-08
2.04497e-08
2.12988e-08
2.16116e-08
2.19063e-08
2.24088e-08
2.31006e-08
2.35496e-08
2.31332e-08
2.22331e-08
2.18318e-08
2.19059e-08
2.1947e-08
2.15582e-08
2.07487e-08
2.00557e-08
1.97426e-08
1.96478e-08
1.96977e-08
1.95548e-08
1.89629e-08
1.83798e-08
1.8161e-08
1.91567e-08
2.01198e-08
2.12857e-08
2.14133e-08
2.06773e-08
2.08279e-08
2.19767e-08
2.21877e-08
2.13253e-08
2.095e-08
2.1592e-08
2.25586e-08
2.3081e-08
2.25404e-08
2.12096e-08
2.01853e-08
1.98967e-08
2.03487e-08
2.13997e-08
2.21522e-08
2.23418e-08
2.26153e-08
2.3105e-08
2.37738e-08
2.41582e-08
2.36628e-08
2.28219e-08
2.25745e-08
2.28771e-08
2.29712e-08
2.23561e-08
2.12509e-08
2.05093e-08
2.03443e-08
2.05125e-08
2.07884e-08
2.0659e-08
1.99525e-08
1.9219e-08
1.8921e-08
2.01513e-08
2.13649e-08
2.25805e-08
2.25882e-08
2.17696e-08
2.19649e-08
2.31651e-08
2.32666e-08
2.21607e-08
2.17487e-08
2.27552e-08
2.42944e-08
2.50705e-08
2.42241e-08
2.23365e-08
2.11146e-08
2.10812e-08
2.16372e-08
2.25e-08
2.3086e-08
2.32814e-08
2.35958e-08
2.40328e-08
2.45422e-08
2.47791e-08
2.42816e-08
2.34823e-08
2.32933e-08
2.37502e-08
2.39048e-08
2.3095e-08
2.17791e-08
2.10068e-08
2.09231e-08
2.13577e-08
2.19706e-08
2.20302e-08
2.12652e-08
2.02709e-08
1.97959e-08
2.10366e-08
2.23278e-08
2.36052e-08
2.37695e-08
2.30441e-08
2.30674e-08
2.39589e-08
2.3789e-08
2.25287e-08
2.23866e-08
2.3902e-08
2.57478e-08
2.64431e-08
2.5191e-08
2.299e-08
2.19477e-08
2.22446e-08
2.2859e-08
2.3606e-08
2.41618e-08
2.42472e-08
2.43679e-08
2.46816e-08
2.50758e-08
2.51876e-08
2.46277e-08
2.38965e-08
2.39149e-08
2.4567e-08
2.47296e-08
2.36612e-08
2.21002e-08
2.12602e-08
2.14e-08
2.21988e-08
2.31206e-08
2.3286e-08
2.2461e-08
2.1247e-08
2.06127e-08
2.16085e-08
2.31428e-08
2.46977e-08
2.49335e-08
2.39738e-08
2.3795e-08
2.45428e-08
2.40381e-08
2.2655e-08
2.29598e-08
2.49806e-08
2.68694e-08
2.73012e-08
2.5707e-08
2.34278e-08
2.26821e-08
2.3266e-08
2.39137e-08
2.45546e-08
2.50573e-08
2.49979e-08
2.48009e-08
2.50547e-08
2.55684e-08
2.56558e-08
2.50196e-08
2.44109e-08
2.46693e-08
2.55227e-08
2.5645e-08
2.43099e-08
2.23793e-08
2.12775e-08
2.16074e-08
2.28686e-08
2.39447e-08
2.39435e-08
2.29612e-08
2.16234e-08
2.10212e-08
2.21613e-08
2.4088e-08
2.58159e-08
2.5754e-08
2.44106e-08
2.42619e-08
2.51171e-08
2.43852e-08
2.29454e-08
2.3681e-08
2.60674e-08
2.77895e-08
2.77632e-08
2.57503e-08
2.35178e-08
2.32565e-08
2.42907e-08
2.5e-08
2.55217e-08
2.59112e-08
2.56614e-08
2.52881e-08
2.56231e-08
2.63372e-08
2.63759e-08
2.56443e-08
2.5001e-08
2.52237e-08
2.60675e-08
2.61445e-08
2.46991e-08
2.25505e-08
2.12653e-08
2.17489e-08
2.33258e-08
2.43911e-08
2.4294e-08
2.32571e-08
2.18225e-08
2.12336e-08
2.29737e-08
2.51033e-08
2.67295e-08
2.63702e-08
2.4936e-08
2.50243e-08
2.58822e-08
2.494e-08
2.35033e-08
2.46532e-08
2.72514e-08
2.86094e-08
2.79571e-08
2.55513e-08
2.35114e-08
2.37842e-08
2.50986e-08
2.57981e-08
2.62585e-08
2.66031e-08
2.62238e-08
2.56905e-08
2.59833e-08
2.67249e-08
2.67833e-08
2.60142e-08
2.52315e-08
2.54274e-08
2.63777e-08
2.65749e-08
2.51095e-08
2.28335e-08
2.1484e-08
2.2013e-08
2.36093e-08
2.45912e-08
2.4418e-08
2.33024e-08
2.18793e-08
2.1638e-08
2.37391e-08
2.58427e-08
2.72322e-08
2.67676e-08
2.55071e-08
2.59337e-08
2.68895e-08
2.56805e-08
2.42145e-08
2.5664e-08
2.83243e-08
2.93655e-08
2.82456e-08
2.55436e-08
2.3598e-08
2.41167e-08
2.54903e-08
2.61787e-08
2.67038e-08
2.71215e-08
2.66829e-08
2.59241e-08
2.60514e-08
2.67179e-08
2.67381e-08
2.59997e-08
2.5335e-08
2.56889e-08
2.66864e-08
2.67866e-08
2.52305e-08
2.29518e-08
2.16137e-08
2.21804e-08
2.38668e-08
2.47914e-08
2.45025e-08
2.33638e-08
2.21055e-08
2.2128e-08
2.43199e-08
2.64134e-08
2.76228e-08
2.70419e-08
2.58838e-08
2.65963e-08
2.75764e-08
2.60067e-08
2.44239e-08
2.60605e-08
2.88652e-08
2.98178e-08
2.84352e-08
2.54617e-08
2.34325e-08
2.39807e-08
2.53963e-08
2.62107e-08
2.69845e-08
2.75935e-08
2.71174e-08
2.61435e-08
2.60817e-08
2.65986e-08
2.65677e-08
2.59768e-08
2.55566e-08
2.60154e-08
2.68955e-08
2.67801e-08
2.50871e-08
2.28031e-08
2.15852e-08
2.2341e-08
2.4096e-08
2.49363e-08
2.4599e-08
2.34588e-08
2.22208e-08
2.24549e-08
2.48221e-08
2.69275e-08
2.79024e-08
2.71206e-08
2.5995e-08
2.68282e-08
2.76657e-08
2.57375e-08
2.40358e-08
2.57608e-08
2.86731e-08
2.96594e-08
2.81868e-08
2.50937e-08
2.29699e-08
2.34355e-08
2.48767e-08
2.59065e-08
2.6916e-08
2.76612e-08
2.7222e-08
2.62198e-08
2.61214e-08
2.65834e-08
2.65718e-08
2.61361e-08
2.58067e-08
2.62056e-08
2.69076e-08
2.65408e-08
2.46896e-08
2.2392e-08
2.12618e-08
2.20809e-08
2.38068e-08
2.46803e-08
2.44589e-08
2.33413e-08
2.21649e-08
2.26743e-08
2.49136e-08
2.71356e-08
2.80345e-08
2.70704e-08
2.58553e-08
2.66755e-08
2.73789e-08
2.53011e-08
2.3534e-08
2.5262e-08
2.82112e-08
2.92443e-08
2.7826e-08
2.47465e-08
2.25114e-08
2.27923e-08
2.42018e-08
2.53777e-08
2.65084e-08
2.73331e-08
2.69915e-08
2.60834e-08
2.60228e-08
2.65688e-08
2.67205e-08
2.6345e-08
2.59636e-08
2.6317e-08
2.69245e-08
2.63429e-08
2.42798e-08
2.19117e-08
2.07719e-08
2.15999e-08
2.33183e-08
2.42422e-08
2.41094e-08
2.30122e-08
2.1908e-08
2.26043e-08
2.46584e-08
2.70005e-08
2.78868e-08
2.67566e-08
2.55031e-08
2.63494e-08
2.70151e-08
2.48591e-08
2.30025e-08
2.47083e-08
2.77236e-08
2.88426e-08
2.75131e-08
2.44567e-08
2.21147e-08
2.22169e-08
2.35574e-08
2.48151e-08
2.60156e-08
2.6886e-08
2.66602e-08
2.58808e-08
2.59063e-08
2.65631e-08
2.68271e-08
2.64455e-08
2.60435e-08
2.63893e-08
2.6872e-08
2.60627e-08
2.38222e-08
2.14383e-08
2.03642e-08
2.12285e-08
2.28894e-08
2.3754e-08
2.3611e-08
2.25536e-08
2.15116e-08
2.22865e-08
2.43049e-08
2.66386e-08
2.74965e-08
2.63139e-08
2.51105e-08
2.59963e-08
2.6606e-08
2.43939e-08
2.25241e-08
2.42147e-08
2.71851e-08
2.83201e-08
2.7101e-08
2.41427e-08
2.17681e-08
2.17489e-08
2.30479e-08
2.43681e-08
2.56106e-08
2.64873e-08
2.63314e-08
2.56608e-08
2.57379e-08
2.64245e-08
2.66858e-08
2.62868e-08
2.59527e-08
2.63195e-08
2.66119e-08
2.55709e-08
2.33183e-08
2.107e-08
2.00882e-08
2.09437e-08
2.2533e-08
2.33432e-08
2.31592e-08
2.21003e-08
2.11239e-08
2.19455e-08
2.40039e-08
2.62997e-08
2.71328e-08
2.597e-08
2.48129e-08
2.56718e-08
2.61899e-08
2.39666e-08
2.21689e-08
2.38406e-08
2.67111e-08
2.78305e-08
2.66988e-08
2.3818e-08
2.14617e-08
2.14214e-08
2.27186e-08
2.40518e-08
2.52863e-08
2.61508e-08
2.60252e-08
2.54156e-08
2.55117e-08
2.61794e-08
2.64163e-08
2.60216e-08
2.57507e-08
2.61063e-08
2.62305e-08
2.51147e-08
2.29659e-08
2.08199e-08
1.9874e-08
2.07152e-08
2.2267e-08
2.30556e-08
2.28528e-08
2.17932e-08
2.08678e-08
2.17019e-08
2.38495e-08
2.61132e-08
2.69288e-08
2.57736e-08
2.46344e-08
2.54748e-08
2.59509e-08
2.37362e-08
2.19897e-08
2.36649e-08
2.64975e-08
2.76026e-08
2.64834e-08
2.36386e-08
2.13228e-08
2.1294e-08
2.25825e-08
2.39084e-08
2.51309e-08
2.59778e-08
2.5855e-08
2.5273e-08
2.5386e-08
2.60427e-08
2.62551e-08
2.58621e-08
2.55944e-08
2.58869e-08
2.59837e-08
2.49435e-08
2.28445e-08
2.07125e-08
1.97723e-08
2.06074e-08
2.21487e-08
2.29398e-08
2.2742e-08
2.16803e-08
2.07626e-08
2.1587e-08
1.26912e-08
1.25398e-08
1.2424e-08
1.23897e-08
1.24174e-08
1.25036e-08
1.27431e-08
1.30634e-08
1.33746e-08
1.37417e-08
1.41117e-08
1.43826e-08
1.45201e-08
1.45456e-08
1.44315e-08
1.41694e-08
1.39018e-08
1.37177e-08
1.36237e-08
1.36612e-08
1.37998e-08
1.39883e-08
1.41885e-08
1.44344e-08
1.46397e-08
1.47272e-08
1.47433e-08
1.46615e-08
1.43974e-08
1.40834e-08
1.38163e-08
1.36286e-08
1.35072e-08
1.34296e-08
1.34013e-08
1.33939e-08
1.32923e-08
1.31221e-08
1.29804e-08
1.28402e-08
1.32411e-08
1.31325e-08
1.30348e-08
1.29155e-08
1.27754e-08
1.27201e-08
1.28395e-08
1.30397e-08
1.33345e-08
1.37601e-08
1.42005e-08
1.44894e-08
1.46404e-08
1.47103e-08
1.46285e-08
1.44372e-08
1.4248e-08
1.41093e-08
1.40116e-08
1.40014e-08
1.41178e-08
1.42946e-08
1.45335e-08
1.48958e-08
1.52501e-08
1.54488e-08
1.54281e-08
1.51446e-08
1.46903e-08
1.41779e-08
1.38061e-08
1.35728e-08
1.34786e-08
1.34666e-08
1.35257e-08
1.35537e-08
1.34504e-08
1.33867e-08
1.33903e-08
1.33426e-08
1.40508e-08
1.41655e-08
1.42027e-08
1.39788e-08
1.35713e-08
1.32602e-08
1.31964e-08
1.33773e-08
1.37665e-08
1.43291e-08
1.48302e-08
1.51357e-08
1.53001e-08
1.53554e-08
1.5241e-08
1.50531e-08
1.48683e-08
1.47041e-08
1.45446e-08
1.45227e-08
1.46732e-08
1.49503e-08
1.54373e-08
1.60726e-08
1.65521e-08
1.66711e-08
1.63425e-08
1.56278e-08
1.48252e-08
1.41715e-08
1.38034e-08
1.37083e-08
1.37222e-08
1.38207e-08
1.39903e-08
1.40404e-08
1.39218e-08
1.3893e-08
1.39558e-08
1.39807e-08
1.46925e-08
1.48591e-08
1.48964e-08
1.46744e-08
1.43787e-08
1.42292e-08
1.4273e-08
1.45172e-08
1.4964e-08
1.55304e-08
1.59448e-08
1.61016e-08
1.61327e-08
1.60994e-08
1.603e-08
1.59962e-08
1.5974e-08
1.58619e-08
1.56215e-08
1.54211e-08
1.53883e-08
1.55516e-08
1.6026e-08
1.67351e-08
1.73366e-08
1.75542e-08
1.72248e-08
1.62967e-08
1.51937e-08
1.43251e-08
1.39404e-08
1.40587e-08
1.43858e-08
1.47075e-08
1.48581e-08
1.46671e-08
1.44375e-08
1.44634e-08
1.45683e-08
1.46056e-08
1.48395e-08
1.52402e-08
1.56306e-08
1.56808e-08
1.54617e-08
1.522e-08
1.51262e-08
1.52405e-08
1.55365e-08
1.59731e-08
1.63494e-08
1.65776e-08
1.67475e-08
1.68496e-08
1.69746e-08
1.71174e-08
1.71657e-08
1.70038e-08
1.67005e-08
1.64861e-08
1.64533e-08
1.66649e-08
1.72215e-08
1.79719e-08
1.86178e-08
1.88306e-08
1.8278e-08
1.71162e-08
1.58799e-08
1.49603e-08
1.45591e-08
1.46182e-08
1.48797e-08
1.51739e-08
1.53265e-08
1.51861e-08
1.50843e-08
1.51208e-08
1.49905e-08
1.47613e-08
1.54947e-08
1.62163e-08
1.67645e-08
1.6887e-08
1.65526e-08
1.60032e-08
1.56469e-08
1.55978e-08
1.57796e-08
1.60801e-08
1.63215e-08
1.65808e-08
1.6905e-08
1.71562e-08
1.74487e-08
1.78363e-08
1.81094e-08
1.80901e-08
1.78704e-08
1.76557e-08
1.75126e-08
1.76144e-08
1.81751e-08
1.89172e-08
1.94751e-08
1.94949e-08
1.8701e-08
1.75538e-08
1.66914e-08
1.61691e-08
1.60118e-08
1.61466e-08
1.62992e-08
1.63199e-08
1.60359e-08
1.55401e-08
1.52005e-08
1.50457e-08
1.4898e-08
1.49817e-08
1.63023e-08
1.71121e-08
1.76892e-08
1.78183e-08
1.7403e-08
1.68938e-08
1.66533e-08
1.65915e-08
1.66489e-08
1.68679e-08
1.71042e-08
1.73662e-08
1.76295e-08
1.78336e-08
1.80751e-08
1.83635e-08
1.85045e-08
1.84199e-08
1.83054e-08
1.82615e-08
1.81318e-08
1.81514e-08
1.8588e-08
1.92287e-08
1.97957e-08
1.98239e-08
1.91777e-08
1.85183e-08
1.81606e-08
1.79182e-08
1.77836e-08
1.7806e-08
1.78147e-08
1.76033e-08
1.69603e-08
1.61207e-08
1.55667e-08
1.52441e-08
1.51333e-08
1.55272e-08
1.72706e-08
1.7924e-08
1.85072e-08
1.86744e-08
1.81964e-08
1.77345e-08
1.77811e-08
1.78545e-08
1.76782e-08
1.7623e-08
1.77708e-08
1.80227e-08
1.81267e-08
1.80315e-08
1.80069e-08
1.82067e-08
1.83816e-08
1.84135e-08
1.84865e-08
1.85229e-08
1.83356e-08
1.84479e-08
1.90801e-08
1.99467e-08
2.0574e-08
2.04224e-08
1.96415e-08
1.91125e-08
1.8988e-08
1.89118e-08
1.88907e-08
1.88947e-08
1.88349e-08
1.85216e-08
1.781e-08
1.69888e-08
1.64184e-08
1.60642e-08
1.60743e-08
1.65761e-08
1.71855e-08
1.80571e-08
1.88657e-08
1.9049e-08
1.8561e-08
1.83719e-08
1.86231e-08
1.84748e-08
1.80764e-08
1.82287e-08
1.88018e-08
1.91652e-08
1.89632e-08
1.85259e-08
1.85102e-08
1.89029e-08
1.91103e-08
1.90235e-08
1.90889e-08
1.91596e-08
1.90608e-08
1.93472e-08
2.00455e-08
2.08074e-08
2.12215e-08
2.0778e-08
1.99164e-08
1.9517e-08
1.95791e-08
1.97309e-08
1.98638e-08
1.98048e-08
1.94759e-08
1.89376e-08
1.8204e-08
1.75814e-08
1.71017e-08
1.6596e-08
1.63002e-08
1.65521e-08
1.77164e-08
1.88563e-08
1.98231e-08
1.99295e-08
1.93445e-08
1.92107e-08
1.94639e-08
1.9124e-08
1.87782e-08
1.93415e-08
2.02976e-08
2.06513e-08
2.00891e-08
1.93195e-08
1.911e-08
1.93653e-08
1.94885e-08
1.95578e-08
1.992e-08
2.01275e-08
2.0014e-08
2.01067e-08
2.0625e-08
2.14468e-08
2.19867e-08
2.15033e-08
2.06171e-08
2.02578e-08
2.03733e-08
2.06027e-08
2.05729e-08
2.00751e-08
1.93772e-08
1.88251e-08
1.84422e-08
1.82095e-08
1.79363e-08
1.74015e-08
1.69454e-08
1.70313e-08
1.86997e-08
1.99416e-08
2.08437e-08
2.06226e-08
1.97512e-08
1.95635e-08
1.9957e-08
1.97218e-08
1.94993e-08
2.02876e-08
2.14001e-08
2.16838e-08
2.08988e-08
1.99369e-08
1.94896e-08
1.94679e-08
1.95077e-08
1.98918e-08
2.05553e-08
2.07206e-08
2.04997e-08
2.04831e-08
2.08898e-08
2.17373e-08
2.22442e-08
2.1686e-08
2.09153e-08
2.09095e-08
2.1375e-08
2.16702e-08
2.13196e-08
2.03301e-08
1.94097e-08
1.89923e-08
1.89343e-08
1.89254e-08
1.86914e-08
1.82021e-08
1.78041e-08
1.79136e-08
1.96702e-08
2.09627e-08
2.17161e-08
2.1136e-08
1.99258e-08
1.97161e-08
2.02325e-08
2.00786e-08
1.98571e-08
2.07166e-08
2.19961e-08
2.22177e-08
2.10448e-08
1.96953e-08
1.9165e-08
1.9225e-08
1.9503e-08
2.0189e-08
2.10623e-08
2.13404e-08
2.11711e-08
2.10932e-08
2.1424e-08
2.22958e-08
2.27786e-08
2.21462e-08
2.13877e-08
2.15233e-08
2.22145e-08
2.2505e-08
2.17306e-08
2.03386e-08
1.9492e-08
1.96215e-08
2.00955e-08
2.01873e-08
1.96707e-08
1.88754e-08
1.84383e-08
1.87039e-08
2.06638e-08
2.18326e-08
2.25019e-08
2.1872e-08
2.06283e-08
2.04554e-08
2.09636e-08
2.0656e-08
2.02916e-08
2.11759e-08
2.23846e-08
2.22917e-08
2.08729e-08
1.958e-08
1.91661e-08
1.93512e-08
1.99136e-08
2.08264e-08
2.16145e-08
2.18238e-08
2.17825e-08
2.17776e-08
2.19799e-08
2.26597e-08
2.31304e-08
2.25419e-08
2.18525e-08
2.21219e-08
2.31074e-08
2.36547e-08
2.27486e-08
2.1069e-08
2.02805e-08
2.08542e-08
2.18472e-08
2.20164e-08
2.12019e-08
2.01352e-08
1.95856e-08
1.98004e-08
2.20446e-08
2.31318e-08
2.38598e-08
2.3255e-08
2.18312e-08
2.14331e-08
2.18004e-08
2.13557e-08
2.10068e-08
2.20171e-08
2.31214e-08
2.27393e-08
2.13378e-08
2.01911e-08
1.96762e-08
1.98934e-08
2.07199e-08
2.17082e-08
2.23036e-08
2.23762e-08
2.24131e-08
2.2315e-08
2.22046e-08
2.2692e-08
2.32044e-08
2.27866e-08
2.22979e-08
2.29572e-08
2.44233e-08
2.51763e-08
2.40247e-08
2.19519e-08
2.10548e-08
2.19364e-08
2.33493e-08
2.37614e-08
2.29328e-08
2.1763e-08
2.11052e-08
2.12683e-08
2.31969e-08
2.42207e-08
2.4908e-08
2.42417e-08
2.25663e-08
2.19049e-08
2.20671e-08
2.14879e-08
2.1341e-08
2.27108e-08
2.37397e-08
2.31846e-08
2.19444e-08
2.08522e-08
2.01362e-08
2.04503e-08
2.1704e-08
2.29332e-08
2.33798e-08
2.33499e-08
2.3421e-08
2.32782e-08
2.30507e-08
2.33856e-08
2.38412e-08
2.34273e-08
2.30693e-08
2.40463e-08
2.58385e-08
2.66399e-08
2.53165e-08
2.30658e-08
2.2013e-08
2.29277e-08
2.46493e-08
2.52903e-08
2.4454e-08
2.31674e-08
2.24088e-08
2.24802e-08
2.41902e-08
2.50856e-08
2.57456e-08
2.49511e-08
2.29185e-08
2.20268e-08
2.21335e-08
2.15324e-08
2.15962e-08
2.32301e-08
2.42877e-08
2.37072e-08
2.2515e-08
2.1333e-08
2.05099e-08
2.09837e-08
2.24678e-08
2.37853e-08
2.42089e-08
2.42762e-08
2.45497e-08
2.45199e-08
2.43814e-08
2.48256e-08
2.51611e-08
2.45532e-08
2.40869e-08
2.51634e-08
2.7125e-08
2.78344e-08
2.6338e-08
2.40357e-08
2.30372e-08
2.41366e-08
2.61804e-08
2.70441e-08
2.61914e-08
2.47697e-08
2.37994e-08
2.36546e-08
2.48934e-08
2.57038e-08
2.64536e-08
2.56728e-08
2.34765e-08
2.25619e-08
2.26979e-08
2.21038e-08
2.23708e-08
2.42249e-08
2.52924e-08
2.45023e-08
2.32291e-08
2.19902e-08
2.10084e-08
2.14022e-08
2.28052e-08
2.40581e-08
2.44999e-08
2.46803e-08
2.51022e-08
2.52214e-08
2.53947e-08
2.61335e-08
2.6334e-08
2.5443e-08
2.49363e-08
2.61677e-08
2.80838e-08
2.84981e-08
2.6782e-08
2.44738e-08
2.35972e-08
2.49546e-08
2.73887e-08
2.84083e-08
2.74096e-08
2.57622e-08
2.46208e-08
2.44316e-08
2.5687e-08
2.64621e-08
2.71164e-08
2.6245e-08
2.41433e-08
2.34838e-08
2.36808e-08
2.30425e-08
2.339e-08
2.53569e-08
2.62679e-08
2.52141e-08
2.3944e-08
2.26579e-08
2.14633e-08
2.16624e-08
2.29388e-08
2.40844e-08
2.44139e-08
2.45488e-08
2.50423e-08
2.5369e-08
2.58505e-08
2.68009e-08
2.69464e-08
2.60235e-08
2.56673e-08
2.70092e-08
2.87447e-08
2.88291e-08
2.68919e-08
2.44402e-08
2.34439e-08
2.48672e-08
2.76232e-08
2.88403e-08
2.77953e-08
2.61039e-08
2.50648e-08
2.50757e-08
2.62608e-08
2.70125e-08
2.74941e-08
2.65533e-08
2.47119e-08
2.43819e-08
2.46491e-08
2.39656e-08
2.43516e-08
2.6335e-08
2.70776e-08
2.59501e-08
2.46628e-08
2.31446e-08
2.16858e-08
2.17429e-08
2.29266e-08
2.39229e-08
2.41656e-08
2.43135e-08
2.48264e-08
2.52628e-08
2.60036e-08
2.70096e-08
2.7037e-08
2.6111e-08
2.58608e-08
2.72209e-08
2.88052e-08
2.86707e-08
2.65717e-08
2.40399e-08
2.30253e-08
2.44959e-08
2.72476e-08
2.86551e-08
2.8031e-08
2.65337e-08
2.54732e-08
2.55518e-08
2.63263e-08
2.70253e-08
2.74543e-08
2.64545e-08
2.47583e-08
2.45403e-08
2.48395e-08
2.43439e-08
2.48898e-08
2.69225e-08
2.76555e-08
2.65328e-08
2.50756e-08
2.3257e-08
2.16741e-08
2.16298e-08
2.2689e-08
2.36125e-08
2.38882e-08
2.41082e-08
2.46206e-08
2.50723e-08
2.58796e-08
2.68286e-08
2.6802e-08
2.59156e-08
2.57105e-08
2.70098e-08
2.84767e-08
2.81588e-08
2.58313e-08
2.32159e-08
2.23402e-08
2.40167e-08
2.67625e-08
2.82992e-08
2.83509e-08
2.74677e-08
2.62766e-08
2.59192e-08
2.61541e-08
2.67543e-08
2.71395e-08
2.61047e-08
2.44492e-08
2.41755e-08
2.44234e-08
2.40402e-08
2.47963e-08
2.70269e-08
2.78459e-08
2.66302e-08
2.4965e-08
2.30658e-08
2.14748e-08
2.13361e-08
2.23144e-08
2.32814e-08
2.36548e-08
2.39221e-08
2.4382e-08
2.47794e-08
2.55659e-08
2.65096e-08
2.653e-08
2.57162e-08
2.55158e-08
2.6753e-08
2.80995e-08
2.7586e-08
2.50893e-08
2.23728e-08
2.15255e-08
2.33596e-08
2.6226e-08
2.78891e-08
2.83285e-08
2.79552e-08
2.69196e-08
2.61784e-08
2.59219e-08
2.64416e-08
2.67469e-08
2.5671e-08
2.40639e-08
2.38568e-08
2.40901e-08
2.36218e-08
2.43611e-08
2.67191e-08
2.76146e-08
2.63094e-08
2.45616e-08
2.26838e-08
2.10648e-08
2.08806e-08
2.1891e-08
2.29768e-08
2.3438e-08
2.37086e-08
2.40934e-08
2.44191e-08
2.51972e-08
2.61774e-08
2.62572e-08
2.54909e-08
2.52921e-08
2.64851e-08
2.77246e-08
2.70466e-08
2.4391e-08
2.17011e-08
2.09494e-08
2.27197e-08
2.54936e-08
2.72386e-08
2.77562e-08
2.75224e-08
2.68053e-08
2.61e-08
2.56179e-08
2.61787e-08
2.64958e-08
2.54272e-08
2.38944e-08
2.37286e-08
2.39212e-08
2.33582e-08
2.39891e-08
2.63038e-08
2.71917e-08
2.58732e-08
2.41482e-08
2.22801e-08
2.06043e-08
2.03681e-08
2.14344e-08
2.2625e-08
2.31391e-08
2.34346e-08
2.38066e-08
2.40978e-08
2.48637e-08
2.58288e-08
2.59021e-08
2.51607e-08
2.49977e-08
2.61494e-08
2.72324e-08
2.64616e-08
2.3876e-08
2.1246e-08
2.0476e-08
2.21381e-08
2.48062e-08
2.66171e-08
2.71756e-08
2.68788e-08
2.62661e-08
2.57404e-08
2.52854e-08
2.58969e-08
2.62247e-08
2.51742e-08
2.36906e-08
2.35259e-08
2.3664e-08
2.30817e-08
2.36642e-08
2.58798e-08
2.67297e-08
2.54697e-08
2.38238e-08
2.1977e-08
2.02852e-08
2.00273e-08
2.11198e-08
2.2347e-08
2.28845e-08
2.32225e-08
2.36e-08
2.38712e-08
2.45969e-08
2.55216e-08
2.55855e-08
2.48706e-08
2.4707e-08
2.57812e-08
2.68136e-08
2.60591e-08
2.34938e-08
2.0893e-08
2.01281e-08
2.17446e-08
2.43444e-08
2.6142e-08
2.67451e-08
2.64368e-08
2.58163e-08
2.53411e-08
2.50902e-08
2.56869e-08
2.60003e-08
2.49695e-08
2.35195e-08
2.33494e-08
2.34719e-08
2.29134e-08
2.35011e-08
2.56721e-08
2.64966e-08
2.52664e-08
2.36487e-08
2.18222e-08
2.01497e-08
1.99024e-08
2.09954e-08
2.22141e-08
2.27521e-08
2.31057e-08
2.34887e-08
2.37552e-08
2.44735e-08
2.53861e-08
2.54385e-08
2.47161e-08
2.45445e-08
2.56053e-08
2.6612e-08
2.58504e-08
2.33083e-08
2.07343e-08
1.99762e-08
2.1573e-08
2.4131e-08
2.59143e-08
2.65317e-08
2.62475e-08
2.56231e-08
2.5143e-08
1.27412e-08
1.26085e-08
1.24845e-08
1.24141e-08
1.24218e-08
1.25579e-08
1.28646e-08
1.32629e-08
1.36462e-08
1.40115e-08
1.43327e-08
1.45279e-08
1.45882e-08
1.45668e-08
1.44397e-08
1.41312e-08
1.37987e-08
1.35753e-08
1.34597e-08
1.35195e-08
1.37333e-08
1.40122e-08
1.42505e-08
1.45115e-08
1.47043e-08
1.47642e-08
1.47183e-08
1.45885e-08
1.43113e-08
1.39991e-08
1.37694e-08
1.36134e-08
1.34856e-08
1.33598e-08
1.32627e-08
1.32071e-08
1.30913e-08
1.29671e-08
1.28973e-08
1.28314e-08
1.31178e-08
1.29349e-08
1.27934e-08
1.26689e-08
1.25317e-08
1.25855e-08
1.28568e-08
1.32194e-08
1.36219e-08
1.40806e-08
1.44758e-08
1.46818e-08
1.47627e-08
1.47802e-08
1.47097e-08
1.45195e-08
1.42581e-08
1.40162e-08
1.38003e-08
1.37112e-08
1.38492e-08
1.40841e-08
1.43856e-08
1.47432e-08
1.50812e-08
1.52206e-08
1.51249e-08
1.47913e-08
1.43209e-08
1.38906e-08
1.36379e-08
1.35471e-08
1.35313e-08
1.35244e-08
1.35563e-08
1.3542e-08
1.34187e-08
1.33578e-08
1.33481e-08
1.32635e-08
1.36607e-08
1.37114e-08
1.37363e-08
1.35985e-08
1.33596e-08
1.32777e-08
1.34527e-08
1.37899e-08
1.42194e-08
1.47178e-08
1.5087e-08
1.5243e-08
1.53053e-08
1.53146e-08
1.51825e-08
1.4889e-08
1.45462e-08
1.41771e-08
1.38566e-08
1.37621e-08
1.39851e-08
1.43825e-08
1.49187e-08
1.55121e-08
1.59551e-08
1.60684e-08
1.57874e-08
1.52182e-08
1.45705e-08
1.40846e-08
1.38867e-08
1.39211e-08
1.40133e-08
1.40952e-08
1.4171e-08
1.40906e-08
1.38534e-08
1.37312e-08
1.37071e-08
1.36752e-08
1.42349e-08
1.44836e-08
1.46066e-08
1.44771e-08
1.42462e-08
1.4199e-08
1.44445e-08
1.49004e-08
1.54585e-08
1.59765e-08
1.62324e-08
1.62613e-08
1.62712e-08
1.6279e-08
1.61901e-08
1.60257e-08
1.57781e-08
1.54073e-08
1.50261e-08
1.48165e-08
1.47875e-08
1.49601e-08
1.54308e-08
1.61443e-08
1.67318e-08
1.69642e-08
1.67151e-08
1.60146e-08
1.52145e-08
1.4632e-08
1.43636e-08
1.43924e-08
1.4555e-08
1.47164e-08
1.47488e-08
1.45059e-08
1.42173e-08
1.41632e-08
1.41813e-08
1.41375e-08
1.46528e-08
1.50784e-08
1.54146e-08
1.53744e-08
1.51364e-08
1.5012e-08
1.51728e-08
1.55368e-08
1.60091e-08
1.64367e-08
1.65817e-08
1.65182e-08
1.6472e-08
1.64301e-08
1.63975e-08
1.63692e-08
1.62747e-08
1.60184e-08
1.56796e-08
1.54469e-08
1.53486e-08
1.54841e-08
1.60711e-08
1.69385e-08
1.76833e-08
1.79679e-08
1.76411e-08
1.6832e-08
1.60047e-08
1.54124e-08
1.51547e-08
1.52009e-08
1.53624e-08
1.54994e-08
1.54039e-08
1.50752e-08
1.48046e-08
1.47268e-08
1.46191e-08
1.44993e-08
1.51549e-08
1.56374e-08
1.60297e-08
1.60899e-08
1.58884e-08
1.57032e-08
1.57442e-08
1.59222e-08
1.60928e-08
1.6194e-08
1.61501e-08
1.60773e-08
1.60638e-08
1.61194e-08
1.62503e-08
1.64034e-08
1.64924e-08
1.64403e-08
1.62879e-08
1.61663e-08
1.60536e-08
1.61268e-08
1.66787e-08
1.75217e-08
1.82251e-08
1.84333e-08
1.80403e-08
1.75086e-08
1.71756e-08
1.68858e-08
1.66145e-08
1.64296e-08
1.62815e-08
1.60737e-08
1.56325e-08
1.50896e-08
1.48216e-08
1.47971e-08
1.47652e-08
1.48323e-08
1.53268e-08
1.58405e-08
1.62825e-08
1.64643e-08
1.63454e-08
1.61651e-08
1.61165e-08
1.61114e-08
1.60928e-08
1.611e-08
1.61498e-08
1.61902e-08
1.61935e-08
1.62075e-08
1.63434e-08
1.66285e-08
1.69186e-08
1.70164e-08
1.70157e-08
1.70105e-08
1.6885e-08
1.69336e-08
1.7437e-08
1.81424e-08
1.86619e-08
1.87288e-08
1.84213e-08
1.82265e-08
1.82044e-08
1.79376e-08
1.74692e-08
1.70624e-08
1.67683e-08
1.64529e-08
1.58936e-08
1.52719e-08
1.49628e-08
1.48326e-08
1.47618e-08
1.49176e-08
1.58609e-08
1.64215e-08
1.69739e-08
1.72179e-08
1.69305e-08
1.65458e-08
1.6458e-08
1.64259e-08
1.63261e-08
1.64027e-08
1.66673e-08
1.68837e-08
1.68905e-08
1.6793e-08
1.68874e-08
1.72511e-08
1.75708e-08
1.75933e-08
1.75774e-08
1.75776e-08
1.74524e-08
1.75727e-08
1.81585e-08
1.89049e-08
1.93586e-08
1.92849e-08
1.88777e-08
1.87146e-08
1.876e-08
1.8538e-08
1.8071e-08
1.75946e-08
1.72772e-08
1.68813e-08
1.61745e-08
1.55025e-08
1.5189e-08
1.50717e-08
1.51012e-08
1.53942e-08
1.63475e-08
1.70518e-08
1.77136e-08
1.78638e-08
1.73685e-08
1.68623e-08
1.67584e-08
1.66511e-08
1.6523e-08
1.6819e-08
1.74323e-08
1.78338e-08
1.77432e-08
1.74689e-08
1.73993e-08
1.76112e-08
1.77795e-08
1.7776e-08
1.79528e-08
1.81417e-08
1.81104e-08
1.81975e-08
1.86528e-08
1.92878e-08
1.97048e-08
1.95569e-08
1.92286e-08
1.92505e-08
1.93783e-08
1.91609e-08
1.86873e-08
1.81871e-08
1.77409e-08
1.72276e-08
1.66045e-08
1.61819e-08
1.60041e-08
1.5792e-08
1.56344e-08
1.58209e-08
1.75965e-08
1.83047e-08
1.87407e-08
1.85298e-08
1.77439e-08
1.71565e-08
1.72295e-08
1.73388e-08
1.74153e-08
1.78461e-08
1.84542e-08
1.87061e-08
1.83003e-08
1.76375e-08
1.72528e-08
1.73404e-08
1.77482e-08
1.83301e-08
1.90251e-08
1.9313e-08
1.90143e-08
1.87162e-08
1.88284e-08
1.94321e-08
1.99565e-08
1.98494e-08
1.96186e-08
1.97144e-08
1.98772e-08
1.97617e-08
1.93334e-08
1.8786e-08
1.83248e-08
1.79517e-08
1.76314e-08
1.74823e-08
1.72992e-08
1.68946e-08
1.66139e-08
1.69151e-08
1.83573e-08
1.88969e-08
1.91126e-08
1.8717e-08
1.79208e-08
1.767e-08
1.81877e-08
1.85212e-08
1.85766e-08
1.89831e-08
1.96076e-08
1.9705e-08
1.89368e-08
1.78851e-08
1.72632e-08
1.73557e-08
1.80086e-08
1.89276e-08
1.96977e-08
1.9913e-08
1.96173e-08
1.92943e-08
1.93247e-08
1.98655e-08
2.01753e-08
1.98303e-08
1.95544e-08
1.98098e-08
2.02024e-08
2.02592e-08
1.97564e-08
1.90803e-08
1.86183e-08
1.84193e-08
1.83567e-08
1.83772e-08
1.82649e-08
1.79036e-08
1.76249e-08
1.78176e-08
1.94596e-08
1.97949e-08
1.987e-08
1.93777e-08
1.8525e-08
1.83924e-08
1.91623e-08
1.95997e-08
1.95914e-08
1.99573e-08
2.05123e-08
2.03001e-08
1.90444e-08
1.76218e-08
1.6951e-08
1.73233e-08
1.84231e-08
1.95355e-08
2.00152e-08
1.98848e-08
1.96932e-08
1.96465e-08
1.98233e-08
2.03013e-08
2.03444e-08
1.97782e-08
1.94817e-08
1.98909e-08
2.0611e-08
2.09017e-08
2.04043e-08
1.96773e-08
1.92993e-08
1.92645e-08
1.93306e-08
1.94885e-08
1.9491e-08
1.91753e-08
1.88872e-08
1.90261e-08
2.0366e-08
2.05558e-08
2.06104e-08
2.02967e-08
1.9587e-08
1.94904e-08
2.02129e-08
2.0524e-08
2.03235e-08
2.0526e-08
2.09053e-08
2.04146e-08
1.89126e-08
1.74961e-08
1.70737e-08
1.78738e-08
1.93993e-08
2.05073e-08
2.06058e-08
2.02702e-08
2.02171e-08
2.0308e-08
2.04937e-08
2.09262e-08
2.08004e-08
2.00608e-08
1.96435e-08
2.01827e-08
2.12662e-08
2.17906e-08
2.12881e-08
2.0536e-08
2.02086e-08
2.02949e-08
2.05317e-08
2.06909e-08
2.05648e-08
2.02262e-08
1.99632e-08
2.00608e-08
2.1081e-08
2.11274e-08
2.11785e-08
2.10026e-08
2.04605e-08
2.04626e-08
2.11787e-08
2.14012e-08
2.10695e-08
2.11974e-08
2.14283e-08
2.0678e-08
1.90695e-08
1.78575e-08
1.77274e-08
1.88024e-08
2.05153e-08
2.16048e-08
2.15059e-08
2.11603e-08
2.13011e-08
2.13396e-08
2.13236e-08
2.15352e-08
2.11416e-08
2.01825e-08
1.96847e-08
2.04344e-08
2.1993e-08
2.26657e-08
2.19947e-08
2.1075e-08
2.06766e-08
2.08093e-08
2.11487e-08
2.13838e-08
2.12569e-08
2.0881e-08
2.06967e-08
2.08958e-08
2.1669e-08
2.14845e-08
2.16055e-08
2.16361e-08
2.11594e-08
2.10737e-08
2.175e-08
2.19312e-08
2.15955e-08
2.1818e-08
2.20324e-08
2.11007e-08
1.95083e-08
1.8463e-08
1.84554e-08
1.97793e-08
2.18262e-08
2.29228e-08
2.26282e-08
2.24065e-08
2.2797e-08
2.26918e-08
2.23425e-08
2.23751e-08
2.17869e-08
2.05652e-08
1.99913e-08
2.08743e-08
2.27116e-08
2.35695e-08
2.29266e-08
2.19395e-08
2.14482e-08
2.15466e-08
2.19295e-08
2.2215e-08
2.21289e-08
2.18286e-08
2.18056e-08
2.18669e-08
2.21893e-08
2.17002e-08
2.1928e-08
2.21746e-08
2.17642e-08
2.17222e-08
2.24556e-08
2.25623e-08
2.21902e-08
2.25327e-08
2.2817e-08
2.18047e-08
2.02085e-08
1.92868e-08
1.93793e-08
2.09371e-08
2.32016e-08
2.41731e-08
2.37189e-08
2.36265e-08
2.41353e-08
2.38312e-08
2.32585e-08
2.32268e-08
2.25936e-08
2.12543e-08
2.0651e-08
2.16725e-08
2.36995e-08
2.46973e-08
2.40964e-08
2.30088e-08
2.23721e-08
2.23465e-08
2.25863e-08
2.28779e-08
2.30481e-08
2.31826e-08
2.33452e-08
2.30063e-08
2.2479e-08
2.18784e-08
2.22994e-08
2.2811e-08
2.25105e-08
2.25178e-08
2.32691e-08
2.33058e-08
2.30082e-08
2.35156e-08
2.38127e-08
2.26766e-08
2.11383e-08
2.03592e-08
2.04768e-08
2.20609e-08
2.42412e-08
2.50316e-08
2.45672e-08
2.4559e-08
2.50332e-08
2.45852e-08
2.40635e-08
2.42428e-08
2.35066e-08
2.19476e-08
2.13726e-08
2.26195e-08
2.47769e-08
2.57752e-08
2.51332e-08
2.39243e-08
2.31085e-08
2.30034e-08
2.33258e-08
2.36795e-08
2.39723e-08
2.436e-08
2.44538e-08
2.36835e-08
2.28066e-08
2.2163e-08
2.26595e-08
2.32581e-08
2.30621e-08
2.31719e-08
2.38919e-08
2.39757e-08
2.38546e-08
2.46008e-08
2.49228e-08
2.36265e-08
2.21227e-08
2.14902e-08
2.16589e-08
2.3084e-08
2.49984e-08
2.57036e-08
2.53335e-08
2.53675e-08
2.57271e-08
2.52751e-08
2.50857e-08
2.54578e-08
2.44741e-08
2.26929e-08
2.21738e-08
2.35432e-08
2.56272e-08
2.64894e-08
2.57289e-08
2.43417e-08
2.33721e-08
2.33447e-08
2.38073e-08
2.42807e-08
2.4754e-08
2.52025e-08
2.51547e-08
2.41781e-08
2.31523e-08
2.23084e-08
2.27275e-08
2.33996e-08
2.34026e-08
2.36571e-08
2.44355e-08
2.4609e-08
2.46822e-08
2.55705e-08
2.57982e-08
2.43603e-08
2.2884e-08
2.24013e-08
2.26494e-08
2.38778e-08
2.55404e-08
2.62285e-08
2.59791e-08
2.60377e-08
2.62885e-08
2.59354e-08
2.6058e-08
2.64327e-08
2.52085e-08
2.33865e-08
2.2936e-08
2.42776e-08
2.61772e-08
2.6857e-08
2.59921e-08
2.4513e-08
2.34881e-08
2.34875e-08
2.39444e-08
2.45711e-08
2.5375e-08
2.60185e-08
2.59185e-08
2.48017e-08
2.31803e-08
2.20993e-08
2.24247e-08
2.3178e-08
2.33974e-08
2.37916e-08
2.4599e-08
2.48429e-08
2.51187e-08
2.61066e-08
2.61866e-08
2.46733e-08
2.32972e-08
2.29972e-08
2.32953e-08
2.42931e-08
2.57277e-08
2.6449e-08
2.62895e-08
2.63958e-08
2.664e-08
2.6381e-08
2.65879e-08
2.67539e-08
2.53616e-08
2.36609e-08
2.34194e-08
2.47662e-08
2.65083e-08
2.70397e-08
2.61395e-08
2.46329e-08
2.36504e-08
2.36994e-08
2.41356e-08
2.48249e-08
2.59003e-08
2.67408e-08
2.65619e-08
2.51826e-08
2.29643e-08
2.171e-08
2.18834e-08
2.26529e-08
2.30843e-08
2.36078e-08
2.43868e-08
2.46593e-08
2.5149e-08
2.62351e-08
2.62354e-08
2.46526e-08
2.33493e-08
2.31638e-08
2.34644e-08
2.43299e-08
2.56355e-08
2.63808e-08
2.6258e-08
2.63862e-08
2.66625e-08
2.64887e-08
2.66731e-08
2.66409e-08
2.51819e-08
2.36659e-08
2.36112e-08
2.49401e-08
2.65962e-08
2.71493e-08
2.6225e-08
2.46395e-08
2.3625e-08
2.37081e-08
2.42206e-08
2.5033e-08
2.62938e-08
2.7218e-08
2.6914e-08
2.52255e-08
2.26986e-08
2.12989e-08
2.13528e-08
2.21309e-08
2.26731e-08
2.32441e-08
2.3956e-08
2.42159e-08
2.4835e-08
2.60469e-08
2.60882e-08
2.45034e-08
2.32313e-08
2.3052e-08
2.32858e-08
2.40553e-08
2.53422e-08
2.61133e-08
2.60009e-08
2.61265e-08
2.63972e-08
2.62525e-08
2.64332e-08
2.63615e-08
2.49382e-08
2.35534e-08
2.35993e-08
2.49302e-08
2.65494e-08
2.7042e-08
2.61079e-08
2.45317e-08
2.33964e-08
2.3455e-08
2.40283e-08
2.48786e-08
2.62598e-08
2.72531e-08
2.68559e-08
2.5048e-08
2.22392e-08
2.08558e-08
2.0915e-08
2.17456e-08
2.23382e-08
2.28471e-08
2.34038e-08
2.36298e-08
2.43528e-08
2.56656e-08
2.57425e-08
2.41784e-08
2.29447e-08
2.27375e-08
2.29132e-08
2.36442e-08
2.49525e-08
2.57693e-08
2.56676e-08
2.57491e-08
2.5979e-08
2.58408e-08
2.60123e-08
2.59254e-08
2.45956e-08
2.33673e-08
2.35047e-08
2.48174e-08
2.63462e-08
2.68148e-08
2.59011e-08
2.42321e-08
2.30264e-08
2.30921e-08
2.3668e-08
2.45031e-08
2.58749e-08
2.6803e-08
2.63152e-08
2.45115e-08
2.18387e-08
2.05257e-08
2.0612e-08
2.14512e-08
2.2045e-08
2.25168e-08
2.29997e-08
2.32085e-08
2.3954e-08
2.52897e-08
2.53866e-08
2.3846e-08
2.26295e-08
2.23984e-08
2.25639e-08
2.33043e-08
2.46311e-08
2.54552e-08
2.53481e-08
2.54117e-08
2.5629e-08
2.547e-08
2.5606e-08
2.55469e-08
2.432e-08
2.31899e-08
2.33465e-08
2.46251e-08
2.61272e-08
2.6596e-08
2.5657e-08
2.39444e-08
2.2731e-08
2.27936e-08
2.33711e-08
2.41937e-08
2.55146e-08
2.63477e-08
2.57867e-08
2.40138e-08
2.16637e-08
2.03857e-08
2.04867e-08
2.13144e-08
2.19094e-08
2.23906e-08
2.28585e-08
2.3051e-08
2.37867e-08
2.5108e-08
2.51946e-08
2.36651e-08
2.2473e-08
2.22514e-08
2.24221e-08
2.31607e-08
2.44747e-08
2.52922e-08
2.51982e-08
2.52672e-08
2.54671e-08
2.53001e-08
2.54608e-08
2.54102e-08
2.41869e-08
2.30683e-08
2.32283e-08
2.45033e-08
2.59929e-08
2.64459e-08
2.55098e-08
2.38237e-08
2.26202e-08
2.26673e-08
2.32449e-08
2.40576e-08
2.53444e-08
2.6144e-08
2.55643e-08
2.37999e-08
1.26996e-08
1.25814e-08
1.2486e-08
1.24348e-08
1.24735e-08
1.26237e-08
1.29268e-08
1.33071e-08
1.36895e-08
1.40436e-08
1.44017e-08
1.46947e-08
1.4783e-08
1.47604e-08
1.45826e-08
1.42068e-08
1.38067e-08
1.35298e-08
1.34107e-08
1.35057e-08
1.37865e-08
1.40863e-08
1.43239e-08
1.45461e-08
1.47297e-08
1.4749e-08
1.46241e-08
1.44228e-08
1.41263e-08
1.38233e-08
1.36563e-08
1.35655e-08
1.34795e-08
1.33445e-08
1.32128e-08
1.31138e-08
1.29748e-08
1.28757e-08
1.28359e-08
1.27861e-08
1.30001e-08
1.28589e-08
1.27632e-08
1.26493e-08
1.25399e-08
1.26084e-08
1.28972e-08
1.32929e-08
1.37226e-08
1.42011e-08
1.46833e-08
1.49265e-08
1.50104e-08
1.50092e-08
1.48508e-08
1.45565e-08
1.42052e-08
1.3842e-08
1.3568e-08
1.35187e-08
1.37571e-08
1.41357e-08
1.45255e-08
1.48872e-08
1.5172e-08
1.51993e-08
1.49641e-08
1.45756e-08
1.41307e-08
1.37737e-08
1.36093e-08
1.35789e-08
1.3572e-08
1.3543e-08
1.35515e-08
1.34961e-08
1.3343e-08
1.32592e-08
1.32181e-08
1.31277e-08
1.35098e-08
1.35511e-08
1.35368e-08
1.33419e-08
1.3103e-08
1.31263e-08
1.34919e-08
1.40094e-08
1.45363e-08
1.5036e-08
1.53433e-08
1.53817e-08
1.53091e-08
1.52061e-08
1.49898e-08
1.46531e-08
1.42756e-08
1.39333e-08
1.36931e-08
1.36691e-08
1.3912e-08
1.42934e-08
1.47678e-08
1.53192e-08
1.56931e-08
1.57495e-08
1.5523e-08
1.50897e-08
1.46507e-08
1.43447e-08
1.42254e-08
1.42622e-08
1.42849e-08
1.42793e-08
1.42659e-08
1.40651e-08
1.37561e-08
1.35801e-08
1.35007e-08
1.3486e-08
1.42863e-08
1.44712e-08
1.44242e-08
1.41076e-08
1.38144e-08
1.38392e-08
1.41898e-08
1.47343e-08
1.52736e-08
1.57338e-08
1.5948e-08
1.58932e-08
1.58245e-08
1.57246e-08
1.55157e-08
1.52699e-08
1.50123e-08
1.47266e-08
1.4475e-08
1.43972e-08
1.44806e-08
1.46645e-08
1.50646e-08
1.5656e-08
1.61744e-08
1.64174e-08
1.63204e-08
1.58737e-08
1.52637e-08
1.4782e-08
1.45389e-08
1.45317e-08
1.46622e-08
1.47921e-08
1.47605e-08
1.44157e-08
1.40321e-08
1.39084e-08
1.39505e-08
1.40764e-08
1.49521e-08
1.52327e-08
1.51933e-08
1.48486e-08
1.44778e-08
1.43725e-08
1.46516e-08
1.51774e-08
1.58132e-08
1.63055e-08
1.63658e-08
1.61475e-08
1.59736e-08
1.5845e-08
1.57339e-08
1.56824e-08
1.56366e-08
1.54878e-08
1.52111e-08
1.49491e-08
1.47741e-08
1.4781e-08
1.52399e-08
1.61038e-08
1.696e-08
1.73957e-08
1.72504e-08
1.66942e-08
1.60716e-08
1.56097e-08
1.53854e-08
1.53585e-08
1.54074e-08
1.54288e-08
1.52479e-08
1.48203e-08
1.45104e-08
1.44713e-08
1.45026e-08
1.46447e-08
1.54493e-08
1.56209e-08
1.54828e-08
1.51368e-08
1.48112e-08
1.47564e-08
1.50667e-08
1.55866e-08
1.60845e-08
1.63446e-08
1.63461e-08
1.62561e-08
1.61724e-08
1.59929e-08
1.57813e-08
1.56399e-08
1.56379e-08
1.55641e-08
1.53619e-08
1.52171e-08
1.51413e-08
1.52426e-08
1.57863e-08
1.66794e-08
1.74736e-08
1.77998e-08
1.75994e-08
1.72152e-08
1.68985e-08
1.66119e-08
1.63621e-08
1.61577e-08
1.5942e-08
1.56718e-08
1.52115e-08
1.47047e-08
1.44865e-08
1.45525e-08
1.47695e-08
1.51092e-08
1.55012e-08
1.57165e-08
1.56259e-08
1.54477e-08
1.53499e-08
1.53779e-08
1.56032e-08
1.59332e-08
1.6197e-08
1.63338e-08
1.63089e-08
1.61708e-08
1.59594e-08
1.56426e-08
1.54181e-08
1.54924e-08
1.58155e-08
1.60689e-08
1.60999e-08
1.60303e-08
1.58978e-08
1.58815e-08
1.62974e-08
1.70023e-08
1.76483e-08
1.78708e-08
1.76336e-08
1.73246e-08
1.70164e-08
1.65899e-08
1.62473e-08
1.61362e-08
1.61859e-08
1.61469e-08
1.57452e-08
1.51928e-08
1.48527e-08
1.46776e-08
1.4716e-08
1.5055e-08
1.57143e-08
1.58899e-08
1.59657e-08
1.60533e-08
1.60509e-08
1.60481e-08
1.61743e-08
1.63071e-08
1.63707e-08
1.65726e-08
1.68359e-08
1.69407e-08
1.67295e-08
1.63027e-08
1.59907e-08
1.60231e-08
1.63e-08
1.65048e-08
1.66162e-08
1.67154e-08
1.66575e-08
1.65933e-08
1.68989e-08
1.75842e-08
1.82291e-08
1.82998e-08
1.78791e-08
1.74064e-08
1.70266e-08
1.66495e-08
1.63442e-08
1.62557e-08
1.62772e-08
1.60996e-08
1.55797e-08
1.50746e-08
1.48331e-08
1.47783e-08
1.49442e-08
1.53287e-08
1.61274e-08
1.62265e-08
1.63575e-08
1.65474e-08
1.65918e-08
1.66255e-08
1.68478e-08
1.69089e-08
1.67953e-08
1.69462e-08
1.73766e-08
1.77238e-08
1.76724e-08
1.72912e-08
1.68646e-08
1.66929e-08
1.67917e-08
1.69229e-08
1.71598e-08
1.74684e-08
1.75101e-08
1.73847e-08
1.75081e-08
1.80023e-08
1.84811e-08
1.8439e-08
1.79685e-08
1.76274e-08
1.7494e-08
1.73408e-08
1.70913e-08
1.68821e-08
1.67808e-08
1.65391e-08
1.6106e-08
1.58103e-08
1.57291e-08
1.56173e-08
1.56101e-08
1.58459e-08
1.69976e-08
1.70255e-08
1.71221e-08
1.73076e-08
1.72367e-08
1.71188e-08
1.7257e-08
1.73512e-08
1.73244e-08
1.76146e-08
1.81492e-08
1.84797e-08
1.82461e-08
1.76378e-08
1.71323e-08
1.70286e-08
1.72418e-08
1.74976e-08
1.79691e-08
1.84661e-08
1.84937e-08
1.81225e-08
1.78976e-08
1.82385e-08
1.8686e-08
1.86261e-08
1.83166e-08
1.83129e-08
1.86071e-08
1.88248e-08
1.86367e-08
1.81502e-08
1.77724e-08
1.74387e-08
1.72024e-08
1.71597e-08
1.71232e-08
1.68756e-08
1.6668e-08
1.67892e-08
1.77986e-08
1.76944e-08
1.77434e-08
1.79279e-08
1.78602e-08
1.77488e-08
1.79738e-08
1.80792e-08
1.79917e-08
1.82577e-08
1.87212e-08
1.87714e-08
1.82632e-08
1.75325e-08
1.70831e-08
1.71537e-08
1.75372e-08
1.79497e-08
1.8616e-08
1.91992e-08
1.91381e-08
1.85736e-08
1.81653e-08
1.8433e-08
1.88981e-08
1.89094e-08
1.88759e-08
1.92702e-08
1.99728e-08
2.03922e-08
2.00058e-08
1.92119e-08
1.86135e-08
1.81896e-08
1.79477e-08
1.79586e-08
1.8035e-08
1.78762e-08
1.77002e-08
1.77774e-08
1.8525e-08
1.8194e-08
1.81509e-08
1.84436e-08
1.84903e-08
1.84901e-08
1.8794e-08
1.87308e-08
1.8435e-08
1.86493e-08
1.90615e-08
1.89623e-08
1.82583e-08
1.74379e-08
1.70028e-08
1.71406e-08
1.7672e-08
1.83797e-08
1.9278e-08
1.98985e-08
1.98422e-08
1.93116e-08
1.89031e-08
1.9078e-08
1.93043e-08
1.91904e-08
1.93457e-08
2.01145e-08
2.11352e-08
2.1719e-08
2.12181e-08
2.0093e-08
1.9195e-08
1.8639e-08
1.83757e-08
1.84764e-08
1.88253e-08
1.89285e-08
1.88051e-08
1.87404e-08
1.92312e-08
1.87032e-08
1.884e-08
1.9417e-08
1.95542e-08
1.94513e-08
1.95346e-08
1.91841e-08
1.86985e-08
1.89163e-08
1.93275e-08
1.91835e-08
1.84329e-08
1.76191e-08
1.72123e-08
1.74422e-08
1.81217e-08
1.90059e-08
1.9999e-08
2.06821e-08
2.07547e-08
2.03245e-08
1.99444e-08
2.01115e-08
2.02091e-08
1.99529e-08
2.0039e-08
2.08568e-08
2.20941e-08
2.28983e-08
2.23663e-08
2.08893e-08
1.96282e-08
1.90244e-08
1.8874e-08
1.92128e-08
1.99166e-08
2.02653e-08
2.01624e-08
1.98386e-08
2.01159e-08
1.94441e-08
1.96278e-08
2.03185e-08
2.05635e-08
2.05659e-08
2.06319e-08
2.01261e-08
1.94893e-08
1.96178e-08
2.00504e-08
1.99402e-08
1.91217e-08
1.81254e-08
1.76295e-08
1.79567e-08
1.88843e-08
2.00264e-08
2.12462e-08
2.2093e-08
2.22366e-08
2.17413e-08
2.12973e-08
2.14495e-08
2.15092e-08
2.11201e-08
2.10491e-08
2.17849e-08
2.31835e-08
2.42171e-08
2.36505e-08
2.18706e-08
2.03612e-08
1.97258e-08
1.96199e-08
2.01009e-08
2.11988e-08
2.19362e-08
2.18398e-08
2.11061e-08
2.11162e-08
2.03625e-08
2.03821e-08
2.10271e-08
2.14083e-08
2.1553e-08
2.1731e-08
2.12503e-08
2.0527e-08
2.05959e-08
2.10898e-08
2.10457e-08
2.00883e-08
1.88609e-08
1.82412e-08
1.86431e-08
1.98987e-08
2.13853e-08
2.28606e-08
2.38828e-08
2.40188e-08
2.33401e-08
2.27298e-08
2.27854e-08
2.28067e-08
2.23775e-08
2.21795e-08
2.2793e-08
2.42231e-08
2.54126e-08
2.48197e-08
2.28905e-08
2.13552e-08
2.08179e-08
2.06683e-08
2.11976e-08
2.26218e-08
2.35923e-08
2.33291e-08
2.22789e-08
2.21606e-08
2.11471e-08
2.09253e-08
2.15479e-08
2.19965e-08
2.21047e-08
2.21507e-08
2.16119e-08
2.10054e-08
2.12607e-08
2.1913e-08
2.19248e-08
2.08807e-08
1.96076e-08
1.90672e-08
1.96819e-08
2.12064e-08
2.29369e-08
2.46302e-08
2.57274e-08
2.56581e-08
2.47222e-08
2.39609e-08
2.38784e-08
2.37851e-08
2.33402e-08
2.31013e-08
2.35036e-08
2.48413e-08
2.61165e-08
2.56139e-08
2.3712e-08
2.23506e-08
2.20114e-08
2.19135e-08
2.25706e-08
2.42002e-08
2.51652e-08
2.46555e-08
2.34221e-08
2.29078e-08
2.14602e-08
2.09872e-08
2.17202e-08
2.2325e-08
2.24233e-08
2.23217e-08
2.17253e-08
2.12789e-08
2.17604e-08
2.25309e-08
2.25697e-08
2.14962e-08
2.02576e-08
1.98381e-08
2.06048e-08
2.22541e-08
2.41716e-08
2.60316e-08
2.70833e-08
2.67726e-08
2.55842e-08
2.47235e-08
2.46008e-08
2.44833e-08
2.41488e-08
2.38617e-08
2.39686e-08
2.52756e-08
2.68055e-08
2.62794e-08
2.42114e-08
2.30118e-08
2.29028e-08
2.29775e-08
2.38458e-08
2.5688e-08
2.66487e-08
2.59534e-08
2.44922e-08
2.30287e-08
2.12277e-08
2.08007e-08
2.18538e-08
2.26722e-08
2.27239e-08
2.24368e-08
2.17784e-08
2.15296e-08
2.22022e-08
2.30516e-08
2.29977e-08
2.18345e-08
2.072e-08
2.04898e-08
2.12155e-08
2.278e-08
2.47608e-08
2.66329e-08
2.75837e-08
2.71898e-08
2.60311e-08
2.53728e-08
2.53964e-08
2.52676e-08
2.48629e-08
2.43979e-08
2.43367e-08
2.58004e-08
2.74731e-08
2.67763e-08
2.44908e-08
2.33632e-08
2.34329e-08
2.35703e-08
2.44076e-08
2.63782e-08
2.76264e-08
2.69624e-08
2.5147e-08
2.27521e-08
2.08275e-08
2.06417e-08
2.20655e-08
2.30957e-08
2.30603e-08
2.25022e-08
2.1793e-08
2.1756e-08
2.26318e-08
2.34768e-08
2.3188e-08
2.19435e-08
2.11671e-08
2.11769e-08
2.17239e-08
2.31159e-08
2.50916e-08
2.68478e-08
2.76442e-08
2.7286e-08
2.64377e-08
2.62266e-08
2.64976e-08
2.61973e-08
2.54499e-08
2.46381e-08
2.44697e-08
2.60175e-08
2.77415e-08
2.69316e-08
2.45261e-08
2.34073e-08
2.35419e-08
2.36285e-08
2.45999e-08
2.69405e-08
2.84064e-08
2.75783e-08
2.52875e-08
2.22523e-08
2.04308e-08
2.05838e-08
2.23905e-08
2.36197e-08
2.34407e-08
2.2585e-08
2.18382e-08
2.20858e-08
2.31606e-08
2.38709e-08
2.32695e-08
2.20709e-08
2.17046e-08
2.1861e-08
2.22443e-08
2.35143e-08
2.54444e-08
2.70068e-08
2.76837e-08
2.74695e-08
2.69381e-08
2.71124e-08
2.75572e-08
2.71248e-08
2.61026e-08
2.49742e-08
2.46944e-08
2.62874e-08
2.79632e-08
2.69964e-08
2.44711e-08
2.32996e-08
2.3412e-08
2.35123e-08
2.47924e-08
2.75164e-08
2.88526e-08
2.75897e-08
2.49387e-08
2.1672e-08
2.00677e-08
2.05154e-08
2.26048e-08
2.39785e-08
2.36977e-08
2.26343e-08
2.18822e-08
2.23751e-08
2.35915e-08
2.41351e-08
2.33441e-08
2.22669e-08
2.21729e-08
2.24014e-08
2.26868e-08
2.38926e-08
2.57846e-08
2.71672e-08
2.77022e-08
2.75978e-08
2.7345e-08
2.78411e-08
2.8405e-08
2.78987e-08
2.66223e-08
2.52126e-08
2.48858e-08
2.65612e-08
2.82061e-08
2.70457e-08
2.43601e-08
2.31067e-08
2.32112e-08
2.33707e-08
2.48155e-08
2.76154e-08
2.87351e-08
2.71233e-08
2.43064e-08
2.11986e-08
1.98026e-08
2.04568e-08
2.27028e-08
2.41478e-08
2.37728e-08
2.25624e-08
2.18312e-08
2.2491e-08
2.37593e-08
2.41947e-08
2.33468e-08
2.23676e-08
2.24301e-08
2.26567e-08
2.28068e-08
2.39844e-08
2.58647e-08
2.71124e-08
2.7528e-08
2.74378e-08
2.73262e-08
2.80648e-08
2.8866e-08
2.8396e-08
2.68644e-08
2.5257e-08
2.49027e-08
2.66205e-08
2.821e-08
2.69329e-08
2.41759e-08
2.28651e-08
2.28636e-08
2.30001e-08
2.45422e-08
2.738e-08
2.83612e-08
2.65814e-08
2.37234e-08
2.07964e-08
1.95332e-08
2.03167e-08
2.26618e-08
2.41169e-08
2.36474e-08
2.23655e-08
2.17124e-08
2.24368e-08
2.36639e-08
2.40366e-08
2.31801e-08
2.22619e-08
2.23721e-08
2.2562e-08
2.26676e-08
2.38956e-08
2.57818e-08
2.69068e-08
2.71894e-08
2.70544e-08
2.69748e-08
2.77863e-08
2.87414e-08
2.83746e-08
2.6832e-08
2.51943e-08
2.48298e-08
2.65351e-08
2.80594e-08
2.66984e-08
2.38504e-08
2.2425e-08
2.23602e-08
2.25706e-08
2.42273e-08
2.71089e-08
2.80104e-08
2.61257e-08
2.32388e-08
2.04833e-08
1.93048e-08
2.0153e-08
2.24954e-08
2.38987e-08
2.34137e-08
2.2183e-08
2.15557e-08
2.22299e-08
2.34167e-08
2.37865e-08
2.29491e-08
2.2095e-08
2.22339e-08
2.24073e-08
2.25128e-08
2.37947e-08
2.56858e-08
2.67174e-08
2.69062e-08
2.67225e-08
2.66213e-08
2.7421e-08
2.83909e-08
2.80548e-08
2.65669e-08
2.50047e-08
2.46984e-08
2.64058e-08
2.788e-08
2.64454e-08
2.34964e-08
2.20035e-08
2.19752e-08
2.22677e-08
2.39749e-08
2.68225e-08
2.76536e-08
2.5709e-08
2.28426e-08
2.02986e-08
1.91688e-08
2.00323e-08
2.23398e-08
2.37282e-08
2.32768e-08
2.20594e-08
2.14293e-08
2.21142e-08
2.32981e-08
2.36456e-08
2.28127e-08
2.19839e-08
2.21266e-08
2.22818e-08
2.23995e-08
2.37213e-08
2.56044e-08
2.65966e-08
2.67689e-08
2.65594e-08
2.64273e-08
2.71918e-08
2.81276e-08
2.78119e-08
2.63908e-08
2.48774e-08
2.45897e-08
2.62956e-08
2.77286e-08
2.62322e-08
2.32868e-08
2.18649e-08
2.18585e-08
2.21476e-08
2.38415e-08
2.66406e-08
2.74211e-08
2.54676e-08
2.26226e-08
1.26831e-08
1.24928e-08
1.23447e-08
1.22738e-08
1.2299e-08
1.24814e-08
1.28426e-08
1.32931e-08
1.37175e-08
1.4109e-08
1.45023e-08
1.47822e-08
1.48533e-08
1.47843e-08
1.4604e-08
1.42261e-08
1.38223e-08
1.35775e-08
1.35028e-08
1.36181e-08
1.38959e-08
1.41692e-08
1.43242e-08
1.44709e-08
1.46066e-08
1.45878e-08
1.44649e-08
1.42911e-08
1.40447e-08
1.38246e-08
1.3712e-08
1.36492e-08
1.35589e-08
1.33876e-08
1.32374e-08
1.31453e-08
1.30302e-08
1.29502e-08
1.29221e-08
1.28443e-08
1.29938e-08
1.28288e-08
1.27506e-08
1.26557e-08
1.25386e-08
1.25974e-08
1.28932e-08
1.33435e-08
1.38344e-08
1.4348e-08
1.48364e-08
1.51406e-08
1.52114e-08
1.51353e-08
1.49567e-08
1.4638e-08
1.42787e-08
1.39762e-08
1.37761e-08
1.37834e-08
1.40421e-08
1.43744e-08
1.46798e-08
1.49786e-08
1.52153e-08
1.52345e-08
1.50017e-08
1.46522e-08
1.42864e-08
1.40263e-08
1.39018e-08
1.38444e-08
1.37684e-08
1.3658e-08
1.35813e-08
1.34898e-08
1.33229e-08
1.32386e-08
1.3193e-08
1.31196e-08
1.33788e-08
1.33748e-08
1.33644e-08
1.32612e-08
1.31084e-08
1.31621e-08
1.35421e-08
1.40755e-08
1.45968e-08
1.50806e-08
1.53884e-08
1.54568e-08
1.54198e-08
1.53545e-08
1.51674e-08
1.48283e-08
1.44212e-08
1.40243e-08
1.37585e-08
1.37322e-08
1.3933e-08
1.4267e-08
1.46748e-08
1.51415e-08
1.54942e-08
1.55829e-08
1.54233e-08
1.50989e-08
1.47686e-08
1.45128e-08
1.43784e-08
1.43195e-08
1.42257e-08
1.41198e-08
1.40231e-08
1.38221e-08
1.35661e-08
1.34593e-08
1.3439e-08
1.34034e-08
1.39857e-08
1.409e-08
1.41082e-08
1.39355e-08
1.37094e-08
1.37015e-08
1.39872e-08
1.44714e-08
1.50786e-08
1.5651e-08
1.59162e-08
1.58223e-08
1.55996e-08
1.53181e-08
1.49983e-08
1.47145e-08
1.44691e-08
1.42586e-08
1.41064e-08
1.40691e-08
1.41401e-08
1.43093e-08
1.46823e-08
1.527e-08
1.58145e-08
1.6056e-08
1.59258e-08
1.54853e-08
1.4979e-08
1.46064e-08
1.44356e-08
1.44042e-08
1.4435e-08
1.45009e-08
1.44713e-08
1.42356e-08
1.40011e-08
1.39461e-08
1.39681e-08
1.39536e-08
1.46511e-08
1.47389e-08
1.46441e-08
1.43888e-08
1.4194e-08
1.42472e-08
1.45893e-08
1.51219e-08
1.56857e-08
1.60686e-08
1.60657e-08
1.57894e-08
1.55401e-08
1.5355e-08
1.51962e-08
1.51207e-08
1.51009e-08
1.50351e-08
1.48302e-08
1.45593e-08
1.43546e-08
1.43539e-08
1.48135e-08
1.56612e-08
1.64657e-08
1.68266e-08
1.66265e-08
1.61007e-08
1.55832e-08
1.52272e-08
1.50455e-08
1.49582e-08
1.49027e-08
1.48647e-08
1.47596e-08
1.45218e-08
1.44184e-08
1.44913e-08
1.4513e-08
1.45326e-08
1.51457e-08
1.51299e-08
1.49932e-08
1.48234e-08
1.4738e-08
1.4824e-08
1.51633e-08
1.55952e-08
1.59511e-08
1.61288e-08
1.60926e-08
1.59706e-08
1.58501e-08
1.56734e-08
1.54454e-08
1.53066e-08
1.53104e-08
1.52418e-08
1.49661e-08
1.46854e-08
1.45128e-08
1.46039e-08
1.52369e-08
1.62771e-08
1.71735e-08
1.7521e-08
1.72514e-08
1.67226e-08
1.6271e-08
1.59258e-08
1.56762e-08
1.54649e-08
1.52715e-08
1.51056e-08
1.48695e-08
1.46982e-08
1.47674e-08
1.49301e-08
1.50199e-08
1.50768e-08
1.56485e-08
1.57371e-08
1.56259e-08
1.54502e-08
1.53106e-08
1.53429e-08
1.56046e-08
1.59418e-08
1.62526e-08
1.64697e-08
1.65206e-08
1.63781e-08
1.61062e-08
1.58813e-08
1.57406e-08
1.57638e-08
1.59074e-08
1.5837e-08
1.55512e-08
1.53677e-08
1.53729e-08
1.55499e-08
1.61749e-08
1.71258e-08
1.79186e-08
1.8144e-08
1.77099e-08
1.70382e-08
1.6477e-08
1.60667e-08
1.57897e-08
1.56569e-08
1.56859e-08
1.57459e-08
1.55561e-08
1.53349e-08
1.5361e-08
1.54074e-08
1.54035e-08
1.54692e-08
1.60396e-08
1.62526e-08
1.64238e-08
1.64544e-08
1.62351e-08
1.59877e-08
1.59498e-08
1.61054e-08
1.63797e-08
1.6752e-08
1.70873e-08
1.71985e-08
1.70173e-08
1.67691e-08
1.66044e-08
1.65039e-08
1.64373e-08
1.62916e-08
1.62145e-08
1.63659e-08
1.6457e-08
1.65323e-08
1.70037e-08
1.79003e-08
1.87258e-08
1.88865e-08
1.81939e-08
1.72848e-08
1.65534e-08
1.60537e-08
1.57551e-08
1.56603e-08
1.57121e-08
1.56893e-08
1.55067e-08
1.5504e-08
1.57144e-08
1.58383e-08
1.58021e-08
1.58533e-08
1.6377e-08
1.67143e-08
1.70352e-08
1.71113e-08
1.67297e-08
1.62872e-08
1.62264e-08
1.63753e-08
1.65242e-08
1.68257e-08
1.7307e-08
1.76198e-08
1.75272e-08
1.71786e-08
1.68662e-08
1.66955e-08
1.65699e-08
1.64187e-08
1.65019e-08
1.68312e-08
1.70999e-08
1.73107e-08
1.77364e-08
1.83818e-08
1.89349e-08
1.88488e-08
1.81056e-08
1.73262e-08
1.67878e-08
1.64061e-08
1.61362e-08
1.60958e-08
1.62574e-08
1.62048e-08
1.59536e-08
1.59003e-08
1.60731e-08
1.61885e-08
1.61197e-08
1.61385e-08
1.66828e-08
1.70839e-08
1.74538e-08
1.7465e-08
1.69689e-08
1.64542e-08
1.63791e-08
1.65011e-08
1.6556e-08
1.66918e-08
1.7111e-08
1.75326e-08
1.76144e-08
1.73994e-08
1.71882e-08
1.70668e-08
1.69773e-08
1.6928e-08
1.71384e-08
1.75679e-08
1.78781e-08
1.8032e-08
1.81809e-08
1.85987e-08
1.90743e-08
1.90632e-08
1.85482e-08
1.80513e-08
1.78184e-08
1.77169e-08
1.74912e-08
1.72574e-08
1.7091e-08
1.67513e-08
1.6371e-08
1.64295e-08
1.67431e-08
1.68408e-08
1.66174e-08
1.64772e-08
1.69442e-08
1.72582e-08
1.76346e-08
1.76823e-08
1.72326e-08
1.68179e-08
1.68839e-08
1.70583e-08
1.69471e-08
1.68627e-08
1.72424e-08
1.77982e-08
1.79374e-08
1.77327e-08
1.75706e-08
1.75262e-08
1.75477e-08
1.76507e-08
1.7933e-08
1.83406e-08
1.86312e-08
1.86877e-08
1.8568e-08
1.87499e-08
1.91741e-08
1.92641e-08
1.89879e-08
1.87852e-08
1.88873e-08
1.89461e-08
1.85453e-08
1.79575e-08
1.74983e-08
1.69654e-08
1.6552e-08
1.68031e-08
1.74077e-08
1.75734e-08
1.72033e-08
1.68904e-08
1.7295e-08
1.74639e-08
1.78724e-08
1.80556e-08
1.77121e-08
1.74425e-08
1.76657e-08
1.78422e-08
1.7596e-08
1.73983e-08
1.76635e-08
1.81721e-08
1.83113e-08
1.81845e-08
1.80736e-08
1.80666e-08
1.82012e-08
1.85123e-08
1.89195e-08
1.93032e-08
1.95968e-08
1.95632e-08
1.91806e-08
1.901e-08
1.91864e-08
1.92459e-08
1.90769e-08
1.90758e-08
1.94559e-08
1.97302e-08
1.92552e-08
1.83646e-08
1.77007e-08
1.71586e-08
1.69277e-08
1.74656e-08
1.83763e-08
1.86365e-08
1.80716e-08
1.74704e-08
1.77694e-08
1.78071e-08
1.83405e-08
1.87163e-08
1.85114e-08
1.83157e-08
1.86095e-08
1.87132e-08
1.83304e-08
1.7956e-08
1.80629e-08
1.85433e-08
1.88302e-08
1.88455e-08
1.87579e-08
1.87039e-08
1.89416e-08
1.95067e-08
2.00366e-08
2.03586e-08
2.06219e-08
2.04566e-08
1.98197e-08
1.94768e-08
1.95313e-08
1.94235e-08
1.91876e-08
1.93195e-08
2.00044e-08
2.04521e-08
1.98121e-08
1.87211e-08
1.80805e-08
1.77731e-08
1.77836e-08
1.85084e-08
1.95512e-08
1.97805e-08
1.90066e-08
1.81686e-08
1.81001e-08
1.80805e-08
1.87752e-08
1.93343e-08
1.91506e-08
1.9003e-08
1.93815e-08
1.95219e-08
1.91565e-08
1.87911e-08
1.89092e-08
1.93934e-08
1.96298e-08
1.95235e-08
1.93678e-08
1.93016e-08
1.9691e-08
2.0495e-08
2.10573e-08
2.12564e-08
2.14376e-08
2.12297e-08
2.06936e-08
2.04854e-08
2.05112e-08
2.01951e-08
1.98194e-08
2.01231e-08
2.11732e-08
2.17026e-08
2.08005e-08
1.94759e-08
1.88558e-08
1.87492e-08
1.89164e-08
1.97073e-08
2.08161e-08
2.09759e-08
1.99448e-08
1.87554e-08
1.83445e-08
1.84178e-08
1.91801e-08
1.9809e-08
1.97033e-08
1.96081e-08
2.00607e-08
2.02897e-08
1.99991e-08
1.97407e-08
1.99721e-08
2.05396e-08
2.08088e-08
2.06236e-08
2.02609e-08
2.01301e-08
2.07085e-08
2.18205e-08
2.24335e-08
2.24032e-08
2.23735e-08
2.21295e-08
2.16848e-08
2.16679e-08
2.1795e-08
2.14217e-08
2.10642e-08
2.17135e-08
2.31646e-08
2.36366e-08
2.23104e-08
2.05881e-08
1.99158e-08
2.00232e-08
2.02694e-08
2.09731e-08
2.18983e-08
2.17595e-08
2.02971e-08
1.89406e-08
1.88897e-08
1.9132e-08
1.99607e-08
2.06435e-08
2.06029e-08
2.05495e-08
2.10522e-08
2.13369e-08
2.11305e-08
2.09881e-08
2.13566e-08
2.20572e-08
2.23003e-08
2.19085e-08
2.12376e-08
2.09567e-08
2.17251e-08
2.31883e-08
2.38671e-08
2.36295e-08
2.33741e-08
2.30223e-08
2.26665e-08
2.28392e-08
2.3076e-08
2.2674e-08
2.22923e-08
2.31426e-08
2.48576e-08
2.52456e-08
2.36153e-08
2.18205e-08
2.11894e-08
2.12145e-08
2.13533e-08
2.19943e-08
2.27305e-08
2.2221e-08
2.05237e-08
1.92567e-08
1.95667e-08
2.00404e-08
2.09164e-08
2.15836e-08
2.15905e-08
2.16249e-08
2.2163e-08
2.24843e-08
2.22956e-08
2.22019e-08
2.26282e-08
2.33659e-08
2.35954e-08
2.30565e-08
2.22028e-08
2.1829e-08
2.27126e-08
2.4386e-08
2.51311e-08
2.48386e-08
2.44909e-08
2.4058e-08
2.36969e-08
2.38598e-08
2.40206e-08
2.35277e-08
2.31417e-08
2.41242e-08
2.58753e-08
2.61009e-08
2.44354e-08
2.28322e-08
2.23488e-08
2.22452e-08
2.22012e-08
2.27823e-08
2.34804e-08
2.27934e-08
2.08947e-08
1.96703e-08
1.99775e-08
2.07715e-08
2.17889e-08
2.2449e-08
2.24435e-08
2.24885e-08
2.29762e-08
2.32043e-08
2.29912e-08
2.29687e-08
2.34777e-08
2.42426e-08
2.44897e-08
2.39888e-08
2.31407e-08
2.27397e-08
2.36402e-08
2.53773e-08
2.6135e-08
2.57607e-08
2.52697e-08
2.48129e-08
2.44897e-08
2.45726e-08
2.46021e-08
2.40548e-08
2.36963e-08
2.47564e-08
2.64675e-08
2.65565e-08
2.49809e-08
2.36193e-08
2.32723e-08
2.31631e-08
2.30604e-08
2.36641e-08
2.43495e-08
2.34197e-08
2.11572e-08
1.98297e-08
2.00918e-08
2.11416e-08
2.23504e-08
2.30848e-08
2.3093e-08
2.31077e-08
2.34786e-08
2.35185e-08
2.32168e-08
2.32807e-08
2.39316e-08
2.48144e-08
2.52172e-08
2.4867e-08
2.40356e-08
2.3581e-08
2.4455e-08
2.6202e-08
2.68852e-08
2.63399e-08
2.57147e-08
2.52182e-08
2.49309e-08
2.50305e-08
2.49713e-08
2.43531e-08
2.40051e-08
2.50954e-08
2.67359e-08
2.682e-08
2.54038e-08
2.41693e-08
2.3762e-08
2.35901e-08
2.35862e-08
2.43498e-08
2.51457e-08
2.3936e-08
2.12783e-08
1.98075e-08
2.009e-08
2.13697e-08
2.27494e-08
2.35756e-08
2.36298e-08
2.35726e-08
2.37316e-08
2.35508e-08
2.3153e-08
2.33078e-08
2.41495e-08
2.52131e-08
2.57789e-08
2.54969e-08
2.46399e-08
2.42082e-08
2.51209e-08
2.68188e-08
2.73371e-08
2.66312e-08
2.59354e-08
2.53525e-08
2.50554e-08
2.52245e-08
2.52152e-08
2.45764e-08
2.42049e-08
2.52306e-08
2.67626e-08
2.68968e-08
2.56567e-08
2.45023e-08
2.39883e-08
2.37122e-08
2.3761e-08
2.47379e-08
2.565e-08
2.41564e-08
2.11559e-08
1.96364e-08
2.01094e-08
2.15688e-08
2.30604e-08
2.39777e-08
2.40984e-08
2.39459e-08
2.38889e-08
2.3503e-08
2.29816e-08
2.31759e-08
2.41459e-08
2.53491e-08
2.60503e-08
2.5779e-08
2.48806e-08
2.44837e-08
2.54798e-08
2.71582e-08
2.75468e-08
2.67517e-08
2.59842e-08
2.52854e-08
2.49557e-08
2.52169e-08
2.53366e-08
2.4754e-08
2.43034e-08
2.51354e-08
2.6514e-08
2.67523e-08
2.57012e-08
2.45669e-08
2.39502e-08
2.36246e-08
2.3753e-08
2.50178e-08
2.59923e-08
2.41631e-08
2.09095e-08
1.94609e-08
2.02975e-08
2.18438e-08
2.33097e-08
2.42349e-08
2.43734e-08
2.41226e-08
2.38814e-08
2.33337e-08
2.27086e-08
2.2901e-08
2.39479e-08
2.5261e-08
2.60662e-08
2.57815e-08
2.48212e-08
2.44322e-08
2.5492e-08
2.71537e-08
2.74694e-08
2.66737e-08
2.58705e-08
2.50913e-08
2.4759e-08
2.51099e-08
2.53405e-08
2.47691e-08
2.4206e-08
2.48597e-08
2.61281e-08
2.64631e-08
2.55215e-08
2.43254e-08
2.36313e-08
2.33316e-08
2.36277e-08
2.52065e-08
2.62301e-08
2.41244e-08
2.07572e-08
1.94626e-08
2.0519e-08
2.20734e-08
2.34655e-08
2.43388e-08
2.44289e-08
2.40674e-08
2.36934e-08
2.30587e-08
2.2385e-08
2.25402e-08
2.35969e-08
2.49816e-08
2.58695e-08
2.55919e-08
2.45895e-08
2.41778e-08
2.52477e-08
2.6895e-08
2.71957e-08
2.64226e-08
2.56204e-08
2.48396e-08
2.45174e-08
2.49216e-08
2.51746e-08
2.45512e-08
2.39174e-08
2.4517e-08
2.57758e-08
2.61377e-08
2.5185e-08
2.38908e-08
2.31572e-08
2.29313e-08
2.34307e-08
2.52449e-08
2.63081e-08
2.40926e-08
2.07347e-08
1.95715e-08
2.06034e-08
2.212e-08
2.34416e-08
2.42647e-08
2.43091e-08
2.3893e-08
2.34722e-08
2.27813e-08
2.20396e-08
2.21826e-08
2.32888e-08
2.47221e-08
2.56172e-08
2.5314e-08
2.43124e-08
2.3913e-08
2.49985e-08
2.66353e-08
2.69179e-08
2.61551e-08
2.53635e-08
2.45859e-08
2.42661e-08
2.46881e-08
2.49401e-08
2.42852e-08
2.36312e-08
2.42262e-08
2.54915e-08
2.58513e-08
2.48692e-08
2.35453e-08
2.28207e-08
2.26335e-08
2.32265e-08
2.51307e-08
2.61428e-08
2.38593e-08
2.06004e-08
1.95925e-08
2.05827e-08
2.20681e-08
2.33631e-08
2.41595e-08
2.41788e-08
2.37447e-08
2.32868e-08
2.2559e-08
2.18453e-08
2.20379e-08
2.31608e-08
2.45732e-08
2.54408e-08
2.51454e-08
2.41688e-08
2.37836e-08
2.48687e-08
2.64832e-08
2.67554e-08
2.60015e-08
2.52146e-08
2.44454e-08
2.41408e-08
2.45665e-08
2.48044e-08
2.41553e-08
2.35195e-08
2.41058e-08
2.53461e-08
2.57073e-08
2.47477e-08
2.34257e-08
2.26895e-08
2.25034e-08
2.31088e-08
2.49971e-08
2.59479e-08
2.36616e-08
2.05094e-08
1.95744e-08
1.2712e-08
1.25702e-08
1.24385e-08
1.23639e-08
1.23159e-08
1.23844e-08
1.26591e-08
1.30693e-08
1.34825e-08
1.38892e-08
1.4309e-08
1.46108e-08
1.47273e-08
1.47048e-08
1.45892e-08
1.42744e-08
1.38753e-08
1.36316e-08
1.35235e-08
1.35596e-08
1.3765e-08
1.39932e-08
1.4163e-08
1.43796e-08
1.45937e-08
1.46651e-08
1.45903e-08
1.44254e-08
1.41958e-08
1.39837e-08
1.38836e-08
1.38252e-08
1.37156e-08
1.35509e-08
1.33766e-08
1.32205e-08
1.30457e-08
1.29226e-08
1.28824e-08
1.2833e-08
1.31619e-08
1.304e-08
1.29584e-08
1.28568e-08
1.26889e-08
1.26612e-08
1.29513e-08
1.33896e-08
1.38536e-08
1.43585e-08
1.48727e-08
1.51733e-08
1.51123e-08
1.49356e-08
1.47065e-08
1.43811e-08
1.40639e-08
1.38728e-08
1.37768e-08
1.38045e-08
1.4055e-08
1.44095e-08
1.47261e-08
1.50281e-08
1.52316e-08
1.51768e-08
1.4904e-08
1.45688e-08
1.42757e-08
1.41005e-08
1.4048e-08
1.40454e-08
1.39772e-08
1.38439e-08
1.37419e-08
1.36186e-08
1.34097e-08
1.32816e-08
1.32607e-08
1.32385e-08
1.33816e-08
1.33139e-08
1.32999e-08
1.32246e-08
1.31371e-08
1.32577e-08
1.36865e-08
1.42135e-08
1.46485e-08
1.4985e-08
1.52621e-08
1.54019e-08
1.54389e-08
1.54073e-08
1.52498e-08
1.49025e-08
1.44303e-08
1.40394e-08
1.37794e-08
1.37725e-08
1.40299e-08
1.44371e-08
1.48478e-08
1.52376e-08
1.55023e-08
1.54949e-08
1.52544e-08
1.49491e-08
1.46745e-08
1.4481e-08
1.43954e-08
1.43722e-08
1.43429e-08
1.42828e-08
1.41889e-08
1.39827e-08
1.37039e-08
1.3558e-08
1.35249e-08
1.34627e-08
1.39867e-08
1.39242e-08
1.38361e-08
1.36861e-08
1.36027e-08
1.37454e-08
1.41302e-08
1.45546e-08
1.49351e-08
1.52871e-08
1.55224e-08
1.56459e-08
1.57222e-08
1.5713e-08
1.55614e-08
1.52382e-08
1.48387e-08
1.44298e-08
1.40649e-08
1.38715e-08
1.39599e-08
1.42813e-08
1.47994e-08
1.54085e-08
1.58047e-08
1.58167e-08
1.55517e-08
1.5182e-08
1.48764e-08
1.46954e-08
1.46433e-08
1.46529e-08
1.46769e-08
1.46968e-08
1.45745e-08
1.42734e-08
1.40315e-08
1.40256e-08
1.40776e-08
1.40562e-08
1.43334e-08
1.42685e-08
1.41209e-08
1.38705e-08
1.3721e-08
1.38378e-08
1.42147e-08
1.47495e-08
1.52761e-08
1.56795e-08
1.58253e-08
1.57454e-08
1.56002e-08
1.5445e-08
1.52982e-08
1.52186e-08
1.51701e-08
1.49928e-08
1.46434e-08
1.43739e-08
1.43103e-08
1.44447e-08
1.48922e-08
1.55657e-08
1.60998e-08
1.63006e-08
1.6158e-08
1.58146e-08
1.545e-08
1.51468e-08
1.49494e-08
1.48216e-08
1.47439e-08
1.47423e-08
1.46812e-08
1.4482e-08
1.4379e-08
1.44214e-08
1.44216e-08
1.43779e-08
1.49808e-08
1.48616e-08
1.46167e-08
1.43453e-08
1.41842e-08
1.42847e-08
1.46123e-08
1.50285e-08
1.53846e-08
1.55518e-08
1.56007e-08
1.5631e-08
1.56494e-08
1.56241e-08
1.55512e-08
1.54917e-08
1.55124e-08
1.53726e-08
1.50338e-08
1.47782e-08
1.46468e-08
1.4714e-08
1.52098e-08
1.60139e-08
1.66823e-08
1.69482e-08
1.67844e-08
1.63814e-08
1.59436e-08
1.55263e-08
1.51777e-08
1.49619e-08
1.49164e-08
1.49379e-08
1.48146e-08
1.46018e-08
1.45555e-08
1.46514e-08
1.47862e-08
1.49309e-08
1.59419e-08
1.58195e-08
1.54853e-08
1.51863e-08
1.49722e-08
1.48958e-08
1.5052e-08
1.52531e-08
1.53625e-08
1.54522e-08
1.56813e-08
1.60473e-08
1.62741e-08
1.63405e-08
1.63204e-08
1.627e-08
1.62695e-08
1.6109e-08
1.57582e-08
1.55338e-08
1.54584e-08
1.55567e-08
1.60624e-08
1.68521e-08
1.75319e-08
1.77687e-08
1.74611e-08
1.68773e-08
1.63979e-08
1.60961e-08
1.59108e-08
1.58033e-08
1.5816e-08
1.5765e-08
1.53429e-08
1.48241e-08
1.46556e-08
1.48444e-08
1.52502e-08
1.57093e-08
1.68478e-08
1.67223e-08
1.65044e-08
1.62978e-08
1.59611e-08
1.55609e-08
1.53943e-08
1.53833e-08
1.53342e-08
1.54111e-08
1.59363e-08
1.67328e-08
1.7246e-08
1.74575e-08
1.74525e-08
1.72537e-08
1.70782e-08
1.68449e-08
1.66208e-08
1.65501e-08
1.64788e-08
1.64488e-08
1.68549e-08
1.7611e-08
1.83056e-08
1.84751e-08
1.79883e-08
1.72788e-08
1.67681e-08
1.64791e-08
1.63555e-08
1.63648e-08
1.64454e-08
1.6296e-08
1.57764e-08
1.5271e-08
1.52043e-08
1.55735e-08
1.61531e-08
1.66558e-08
1.74361e-08
1.7385e-08
1.7314e-08
1.72402e-08
1.68342e-08
1.62459e-08
1.59123e-08
1.56952e-08
1.53203e-08
1.52232e-08
1.59886e-08
1.7118e-08
1.78037e-08
1.80413e-08
1.79877e-08
1.77198e-08
1.7483e-08
1.72823e-08
1.71284e-08
1.7124e-08
1.70898e-08
1.71567e-08
1.7605e-08
1.82844e-08
1.87818e-08
1.88005e-08
1.83686e-08
1.79077e-08
1.76461e-08
1.74804e-08
1.73817e-08
1.74182e-08
1.74686e-08
1.71652e-08
1.64388e-08
1.58607e-08
1.58122e-08
1.62512e-08
1.68375e-08
1.727e-08
1.79359e-08
1.78614e-08
1.79333e-08
1.79169e-08
1.7318e-08
1.64153e-08
1.58374e-08
1.55335e-08
1.52639e-08
1.54492e-08
1.64759e-08
1.76418e-08
1.8245e-08
1.84393e-08
1.84546e-08
1.82957e-08
1.81458e-08
1.79884e-08
1.79065e-08
1.79861e-08
1.79945e-08
1.80631e-08
1.84999e-08
1.91856e-08
1.96896e-08
1.9749e-08
1.94754e-08
1.91333e-08
1.8922e-08
1.88404e-08
1.8826e-08
1.88304e-08
1.87778e-08
1.81776e-08
1.71797e-08
1.64624e-08
1.63743e-08
1.68527e-08
1.74872e-08
1.78808e-08
1.82331e-08
1.81756e-08
1.84062e-08
1.84526e-08
1.76811e-08
1.65905e-08
1.60278e-08
1.58506e-08
1.56655e-08
1.59867e-08
1.71834e-08
1.84578e-08
1.90756e-08
1.92882e-08
1.93181e-08
1.92687e-08
1.93016e-08
1.9267e-08
1.92369e-08
1.92595e-08
1.91736e-08
1.91678e-08
1.95865e-08
2.03941e-08
2.11669e-08
2.13816e-08
2.10451e-08
2.05339e-08
2.03029e-08
2.02684e-08
2.00111e-08
1.9736e-08
1.95266e-08
1.87687e-08
1.76359e-08
1.69096e-08
1.69868e-08
1.76044e-08
1.81637e-08
1.83351e-08
1.86168e-08
1.86759e-08
1.90692e-08
1.92676e-08
1.85146e-08
1.73549e-08
1.6747e-08
1.65518e-08
1.63789e-08
1.6818e-08
1.8101e-08
1.92972e-08
1.97965e-08
1.99834e-08
2.00952e-08
2.02437e-08
2.04499e-08
2.05242e-08
2.03974e-08
2.02795e-08
2.01786e-08
2.02542e-08
2.06644e-08
2.13637e-08
2.20012e-08
2.21756e-08
2.17388e-08
2.11711e-08
2.10446e-08
2.09899e-08
2.03877e-08
1.98183e-08
1.94573e-08
1.86718e-08
1.75728e-08
1.70612e-08
1.74932e-08
1.83e-08
1.87359e-08
1.8727e-08
1.95531e-08
1.97064e-08
2.0297e-08
2.05849e-08
1.97977e-08
1.85708e-08
1.79043e-08
1.75909e-08
1.73095e-08
1.76706e-08
1.88591e-08
1.99065e-08
2.03644e-08
2.06518e-08
2.0846e-08
2.09773e-08
2.12069e-08
2.13668e-08
2.13277e-08
2.12526e-08
2.12882e-08
2.13287e-08
2.15067e-08
2.18986e-08
2.22939e-08
2.22257e-08
2.17311e-08
2.1301e-08
2.14852e-08
2.14887e-08
2.06846e-08
2.00104e-08
1.97695e-08
1.91297e-08
1.82469e-08
1.79579e-08
1.86163e-08
1.96368e-08
2.00194e-08
1.9796e-08
2.02088e-08
2.0461e-08
2.14524e-08
2.19133e-08
2.10059e-08
1.97119e-08
1.90965e-08
1.87429e-08
1.83386e-08
1.85808e-08
1.96131e-08
2.05839e-08
2.11009e-08
2.15078e-08
2.17444e-08
2.17595e-08
2.19083e-08
2.21436e-08
2.21953e-08
2.22063e-08
2.23285e-08
2.22622e-08
2.21803e-08
2.23578e-08
2.25161e-08
2.22978e-08
2.18913e-08
2.1896e-08
2.2627e-08
2.28015e-08
2.176e-08
2.08981e-08
2.07299e-08
2.03117e-08
1.96722e-08
1.95111e-08
2.0266e-08
2.12809e-08
2.1395e-08
2.07528e-08
2.0607e-08
2.11218e-08
2.24623e-08
2.30752e-08
2.21025e-08
2.07384e-08
2.01161e-08
1.98983e-08
1.96852e-08
1.99807e-08
2.08636e-08
2.17057e-08
2.21681e-08
2.26114e-08
2.28328e-08
2.27836e-08
2.30457e-08
2.3514e-08
2.36061e-08
2.34809e-08
2.34246e-08
2.32314e-08
2.30801e-08
2.31525e-08
2.31166e-08
2.26994e-08
2.24314e-08
2.30285e-08
2.43755e-08
2.47146e-08
2.33262e-08
2.20394e-08
2.17924e-08
2.17666e-08
2.15948e-08
2.15102e-08
2.2121e-08
2.28851e-08
2.25303e-08
2.13609e-08
2.13427e-08
2.20871e-08
2.36005e-08
2.42942e-08
2.32643e-08
2.17463e-08
2.11238e-08
2.11224e-08
2.11139e-08
2.13554e-08
2.20839e-08
2.27975e-08
2.313e-08
2.34473e-08
2.35364e-08
2.35424e-08
2.41719e-08
2.49174e-08
2.49569e-08
2.46392e-08
2.43073e-08
2.39857e-08
2.3964e-08
2.42057e-08
2.41533e-08
2.36157e-08
2.34361e-08
2.44184e-08
2.61281e-08
2.64602e-08
2.47759e-08
2.32089e-08
2.29784e-08
2.32311e-08
2.30869e-08
2.29486e-08
2.35066e-08
2.40934e-08
2.33813e-08
2.19816e-08
2.19654e-08
2.28882e-08
2.44989e-08
2.52608e-08
2.42433e-08
2.26639e-08
2.20027e-08
2.20883e-08
2.22171e-08
2.24622e-08
2.31681e-08
2.38646e-08
2.41279e-08
2.42945e-08
2.42592e-08
2.42975e-08
2.51156e-08
2.59826e-08
2.60069e-08
2.56302e-08
2.51794e-08
2.48744e-08
2.51204e-08
2.55889e-08
2.54604e-08
2.475e-08
2.45213e-08
2.54685e-08
2.70533e-08
2.7323e-08
2.58379e-08
2.46456e-08
2.47496e-08
2.48354e-08
2.42053e-08
2.37856e-08
2.42724e-08
2.47102e-08
2.38158e-08
2.23899e-08
2.22093e-08
2.33473e-08
2.51184e-08
2.5935e-08
2.49274e-08
2.33269e-08
2.25961e-08
2.2681e-08
2.29266e-08
2.32728e-08
2.40746e-08
2.4891e-08
2.52267e-08
2.5353e-08
2.51739e-08
2.50623e-08
2.58044e-08
2.67285e-08
2.68778e-08
2.65526e-08
2.60824e-08
2.5908e-08
2.63291e-08
2.6822e-08
2.65661e-08
2.56868e-08
2.53067e-08
2.60962e-08
2.75114e-08
2.77141e-08
2.65744e-08
2.60445e-08
2.64778e-08
2.63887e-08
2.54093e-08
2.46832e-08
2.50179e-08
2.53579e-08
2.42533e-08
2.26032e-08
2.20358e-08
2.34898e-08
2.55011e-08
2.63539e-08
2.52747e-08
2.36537e-08
2.29402e-08
2.30546e-08
2.33662e-08
2.38713e-08
2.48188e-08
2.57565e-08
2.62269e-08
2.63564e-08
2.59486e-08
2.56337e-08
2.63902e-08
2.7431e-08
2.76778e-08
2.73146e-08
2.67502e-08
2.65484e-08
2.70409e-08
2.75967e-08
2.73003e-08
2.63407e-08
2.58572e-08
2.66379e-08
2.80407e-08
2.81789e-08
2.7101e-08
2.68474e-08
2.76166e-08
2.76787e-08
2.65715e-08
2.5653e-08
2.58786e-08
2.59594e-08
2.43476e-08
2.23376e-08
2.17123e-08
2.35053e-08
2.57145e-08
2.65324e-08
2.53356e-08
2.36817e-08
2.29686e-08
2.30749e-08
2.34392e-08
2.41212e-08
2.52017e-08
2.62063e-08
2.67903e-08
2.68761e-08
2.6279e-08
2.59545e-08
2.69071e-08
2.81067e-08
2.83315e-08
2.78307e-08
2.70865e-08
2.67475e-08
2.72315e-08
2.78465e-08
2.75819e-08
2.66661e-08
2.62657e-08
2.71657e-08
2.85591e-08
2.86688e-08
2.75805e-08
2.72819e-08
2.81697e-08
2.84819e-08
2.74704e-08
2.6584e-08
2.66971e-08
2.62635e-08
2.39873e-08
2.17664e-08
2.13446e-08
2.33963e-08
2.56549e-08
2.6411e-08
2.51631e-08
2.34969e-08
2.27737e-08
2.28436e-08
2.32175e-08
2.39867e-08
2.51044e-08
2.60991e-08
2.67825e-08
2.6919e-08
2.62868e-08
2.61198e-08
2.73286e-08
2.85501e-08
2.85705e-08
2.7857e-08
2.6958e-08
2.655e-08
2.70823e-08
2.77784e-08
2.75801e-08
2.67456e-08
2.64291e-08
2.735e-08
2.86568e-08
2.87408e-08
2.77097e-08
2.74049e-08
2.83351e-08
2.87488e-08
2.78826e-08
2.72795e-08
2.73458e-08
2.62532e-08
2.33362e-08
2.10627e-08
2.08693e-08
2.30432e-08
2.5361e-08
2.61424e-08
2.48835e-08
2.31936e-08
2.24683e-08
2.25152e-08
2.28774e-08
2.36646e-08
2.47398e-08
2.57035e-08
2.6493e-08
2.67003e-08
2.60849e-08
2.60603e-08
2.74285e-08
2.85268e-08
2.83132e-08
2.74517e-08
2.64904e-08
2.61073e-08
2.67189e-08
2.74791e-08
2.73379e-08
2.65725e-08
2.62887e-08
2.71541e-08
2.83639e-08
2.84534e-08
2.74532e-08
2.70942e-08
2.80298e-08
2.85359e-08
2.78341e-08
2.75207e-08
2.75417e-08
2.59391e-08
2.26204e-08
2.03849e-08
2.03593e-08
2.26068e-08
2.49883e-08
2.57908e-08
2.45308e-08
2.2844e-08
2.21262e-08
2.21673e-08
2.25173e-08
2.32985e-08
2.43472e-08
2.52926e-08
2.61151e-08
2.6335e-08
2.57239e-08
2.58106e-08
2.72503e-08
2.82308e-08
2.7886e-08
2.69459e-08
2.59733e-08
2.56485e-08
2.63244e-08
2.71025e-08
2.69676e-08
2.62244e-08
2.59395e-08
2.67523e-08
2.79131e-08
2.80105e-08
2.70018e-08
2.65845e-08
2.74632e-08
2.79232e-08
2.74266e-08
2.73618e-08
2.73181e-08
2.54464e-08
2.19587e-08
1.9787e-08
2.00706e-08
2.2331e-08
2.47142e-08
2.55061e-08
2.42511e-08
2.25857e-08
2.18849e-08
2.19174e-08
2.22393e-08
2.3e-08
2.40285e-08
2.49794e-08
2.58227e-08
2.60173e-08
2.53929e-08
2.55177e-08
2.69612e-08
2.78866e-08
2.75146e-08
2.65898e-08
2.5665e-08
2.53904e-08
2.60807e-08
2.68397e-08
2.66889e-08
2.59365e-08
2.56374e-08
2.64241e-08
2.75501e-08
2.76307e-08
2.66232e-08
2.62063e-08
2.70353e-08
2.74123e-08
2.70069e-08
2.70842e-08
2.69763e-08
2.49744e-08
2.15062e-08
1.94347e-08
1.99922e-08
2.2226e-08
2.45797e-08
2.53577e-08
2.41118e-08
2.24562e-08
2.17501e-08
2.17794e-08
2.21119e-08
2.28715e-08
2.38941e-08
2.48376e-08
2.56534e-08
2.5821e-08
2.52114e-08
2.5356e-08
2.67768e-08
2.77012e-08
2.73589e-08
2.64574e-08
2.55534e-08
2.5298e-08
2.59894e-08
2.6732e-08
2.65674e-08
2.58141e-08
2.55136e-08
2.62769e-08
2.73722e-08
2.74455e-08
2.64561e-08
2.60448e-08
2.68516e-08
2.72191e-08
2.68333e-08
2.69011e-08
2.67404e-08
2.47444e-08
2.1354e-08
1.93534e-08
1.28371e-08
1.27374e-08
1.26293e-08
1.25354e-08
1.24218e-08
1.23985e-08
1.26212e-08
1.30442e-08
1.35283e-08
1.40134e-08
1.44825e-08
1.48416e-08
1.49783e-08
1.49733e-08
1.49034e-08
1.46159e-08
1.42281e-08
1.39034e-08
1.36691e-08
1.35368e-08
1.35814e-08
1.37457e-08
1.3947e-08
1.42269e-08
1.45428e-08
1.47267e-08
1.47303e-08
1.46156e-08
1.44249e-08
1.42362e-08
1.41238e-08
1.40716e-08
1.39946e-08
1.38568e-08
1.36873e-08
1.34837e-08
1.32251e-08
1.30226e-08
1.29561e-08
1.29218e-08
1.32772e-08
1.31196e-08
1.29929e-08
1.28812e-08
1.2752e-08
1.27758e-08
1.31229e-08
1.3604e-08
1.40269e-08
1.44419e-08
1.48714e-08
1.50954e-08
1.49835e-08
1.47308e-08
1.44438e-08
1.40991e-08
1.37528e-08
1.35588e-08
1.35013e-08
1.35619e-08
1.38262e-08
1.42309e-08
1.46129e-08
1.49607e-08
1.5146e-08
1.50994e-08
1.49012e-08
1.46361e-08
1.44116e-08
1.42681e-08
1.42417e-08
1.4242e-08
1.42204e-08
1.41604e-08
1.40985e-08
1.39583e-08
1.37101e-08
1.35136e-08
1.34613e-08
1.34078e-08
1.34006e-08
1.33443e-08
1.34162e-08
1.34596e-08
1.34302e-08
1.35457e-08
1.39195e-08
1.43561e-08
1.47008e-08
1.50006e-08
1.52696e-08
1.54244e-08
1.54966e-08
1.55687e-08
1.55053e-08
1.51142e-08
1.453e-08
1.40147e-08
1.36602e-08
1.35431e-08
1.37698e-08
1.42316e-08
1.47282e-08
1.51708e-08
1.54948e-08
1.56189e-08
1.55489e-08
1.53298e-08
1.50386e-08
1.48033e-08
1.46752e-08
1.46608e-08
1.46965e-08
1.47058e-08
1.46706e-08
1.44659e-08
1.41231e-08
1.38689e-08
1.37271e-08
1.35712e-08
1.40048e-08
1.39126e-08
1.38499e-08
1.37793e-08
1.37661e-08
1.39678e-08
1.43499e-08
1.47135e-08
1.49938e-08
1.53356e-08
1.57072e-08
1.60571e-08
1.63455e-08
1.64246e-08
1.61987e-08
1.56931e-08
1.5112e-08
1.45639e-08
1.40995e-08
1.38697e-08
1.39864e-08
1.44194e-08
1.5068e-08
1.57585e-08
1.62008e-08
1.62469e-08
1.60242e-08
1.56588e-08
1.52926e-08
1.50441e-08
1.49087e-08
1.48923e-08
1.49297e-08
1.49496e-08
1.48613e-08
1.45427e-08
1.42116e-08
1.41121e-08
1.41188e-08
1.40983e-08
1.41067e-08
1.40521e-08
1.4067e-08
1.3991e-08
1.38607e-08
1.38567e-08
1.4145e-08
1.467e-08
1.52929e-08
1.58922e-08
1.62563e-08
1.63625e-08
1.63107e-08
1.6153e-08
1.58858e-08
1.55666e-08
1.53162e-08
1.50756e-08
1.47733e-08
1.45754e-08
1.46288e-08
1.48436e-08
1.52862e-08
1.59165e-08
1.64278e-08
1.65727e-08
1.63383e-08
1.59001e-08
1.55157e-08
1.52167e-08
1.49863e-08
1.48827e-08
1.48597e-08
1.48622e-08
1.47727e-08
1.45632e-08
1.44993e-08
1.45517e-08
1.45006e-08
1.43087e-08
1.44675e-08
1.44317e-08
1.44432e-08
1.43477e-08
1.416e-08
1.41111e-08
1.44018e-08
1.4954e-08
1.55652e-08
1.60024e-08
1.61642e-08
1.61974e-08
1.6159e-08
1.60465e-08
1.58786e-08
1.56814e-08
1.5505e-08
1.52427e-08
1.48835e-08
1.46493e-08
1.4612e-08
1.48026e-08
1.53452e-08
1.61519e-08
1.68828e-08
1.72085e-08
1.70268e-08
1.65404e-08
1.60271e-08
1.55763e-08
1.52249e-08
1.50288e-08
1.49087e-08
1.47685e-08
1.44944e-08
1.42575e-08
1.43238e-08
1.45217e-08
1.46058e-08
1.45763e-08
1.53946e-08
1.56412e-08
1.57394e-08
1.55072e-08
1.50642e-08
1.48328e-08
1.5068e-08
1.55121e-08
1.58836e-08
1.61055e-08
1.62519e-08
1.63907e-08
1.6484e-08
1.65657e-08
1.65975e-08
1.64502e-08
1.62148e-08
1.58759e-08
1.55187e-08
1.54149e-08
1.54493e-08
1.55952e-08
1.61381e-08
1.69935e-08
1.76731e-08
1.77602e-08
1.72531e-08
1.66489e-08
1.63394e-08
1.62338e-08
1.60738e-08
1.58116e-08
1.55671e-08
1.53274e-08
1.49728e-08
1.46958e-08
1.47202e-08
1.48872e-08
1.50526e-08
1.52055e-08
1.71398e-08
1.74324e-08
1.74737e-08
1.70649e-08
1.63636e-08
1.59573e-08
1.61203e-08
1.64212e-08
1.6473e-08
1.63278e-08
1.6375e-08
1.66265e-08
1.68444e-08
1.70895e-08
1.73197e-08
1.73371e-08
1.718e-08
1.6889e-08
1.66651e-08
1.6666e-08
1.66648e-08
1.66463e-08
1.71029e-08
1.80273e-08
1.86163e-08
1.83745e-08
1.74999e-08
1.67673e-08
1.65637e-08
1.6727e-08
1.69011e-08
1.69137e-08
1.67626e-08
1.64056e-08
1.58581e-08
1.55472e-08
1.56901e-08
1.6046e-08
1.64356e-08
1.68017e-08
1.80163e-08
1.83214e-08
1.84365e-08
1.80924e-08
1.73709e-08
1.69208e-08
1.70628e-08
1.72857e-08
1.70507e-08
1.65791e-08
1.65506e-08
1.69839e-08
1.74126e-08
1.78193e-08
1.81396e-08
1.80054e-08
1.75715e-08
1.72365e-08
1.72459e-08
1.75226e-08
1.76257e-08
1.7708e-08
1.82605e-08
1.89451e-08
1.91104e-08
1.84563e-08
1.76128e-08
1.72444e-08
1.74408e-08
1.79734e-08
1.84798e-08
1.85638e-08
1.82086e-08
1.75984e-08
1.69038e-08
1.64789e-08
1.65578e-08
1.69163e-08
1.73339e-08
1.76882e-08
1.86283e-08
1.87537e-08
1.88208e-08
1.84668e-08
1.77602e-08
1.74184e-08
1.77352e-08
1.80603e-08
1.77811e-08
1.73261e-08
1.74825e-08
1.79894e-08
1.84157e-08
1.89493e-08
1.93227e-08
1.90616e-08
1.84301e-08
1.80641e-08
1.82806e-08
1.87627e-08
1.90439e-08
1.9252e-08
1.96519e-08
2.00827e-08
1.99943e-08
1.93121e-08
1.87791e-08
1.88147e-08
1.93188e-08
1.99841e-08
2.03109e-08
1.99117e-08
1.90455e-08
1.80848e-08
1.72199e-08
1.67347e-08
1.68374e-08
1.73746e-08
1.8019e-08
1.84568e-08
1.94953e-08
1.95437e-08
1.95733e-08
1.9109e-08
1.82865e-08
1.80223e-08
1.85655e-08
1.89466e-08
1.84271e-08
1.77944e-08
1.80234e-08
1.87005e-08
1.92551e-08
1.99702e-08
2.06389e-08
2.06258e-08
2.0113e-08
1.98541e-08
2.01146e-08
2.04831e-08
2.05747e-08
2.05021e-08
2.06262e-08
2.09474e-08
2.10924e-08
2.08925e-08
2.07323e-08
2.08397e-08
2.11941e-08
2.16755e-08
2.1693e-08
2.08436e-08
1.9602e-08
1.84145e-08
1.7521e-08
1.72168e-08
1.76013e-08
1.84035e-08
1.91394e-08
1.94521e-08
2.01094e-08
2.0036e-08
2.02248e-08
1.9914e-08
1.91126e-08
1.88836e-08
1.93917e-08
1.95326e-08
1.87814e-08
1.8158e-08
1.85454e-08
1.93861e-08
2.01833e-08
2.12729e-08
2.23006e-08
2.23605e-08
2.17477e-08
2.13339e-08
2.13769e-08
2.15504e-08
2.17125e-08
2.16785e-08
2.15786e-08
2.1748e-08
2.19886e-08
2.20537e-08
2.20812e-08
2.21724e-08
2.24526e-08
2.27521e-08
2.24056e-08
2.13216e-08
2.00402e-08
1.88669e-08
1.80187e-08
1.78792e-08
1.84978e-08
1.94967e-08
2.02602e-08
2.03868e-08
2.0938e-08
2.09871e-08
2.13702e-08
2.10938e-08
2.02077e-08
1.98407e-08
1.99756e-08
1.96441e-08
1.88023e-08
1.84615e-08
1.91274e-08
2.01175e-08
2.12233e-08
2.27393e-08
2.38885e-08
2.37204e-08
2.29111e-08
2.25108e-08
2.25347e-08
2.25574e-08
2.2625e-08
2.26171e-08
2.25555e-08
2.27863e-08
2.29521e-08
2.29166e-08
2.28993e-08
2.2988e-08
2.33433e-08
2.35645e-08
2.29028e-08
2.16967e-08
2.05584e-08
1.94319e-08
1.85677e-08
1.85726e-08
1.95315e-08
2.07389e-08
2.14023e-08
2.13214e-08
2.18825e-08
2.18578e-08
2.22559e-08
2.20165e-08
2.11288e-08
2.05182e-08
2.02026e-08
1.95498e-08
1.8802e-08
1.88039e-08
1.98718e-08
2.11029e-08
2.23247e-08
2.37978e-08
2.47168e-08
2.43656e-08
2.35696e-08
2.33645e-08
2.34699e-08
2.35103e-08
2.36275e-08
2.36954e-08
2.3765e-08
2.40284e-08
2.39614e-08
2.36601e-08
2.34814e-08
2.35329e-08
2.4027e-08
2.42471e-08
2.33267e-08
2.2061e-08
2.11065e-08
1.99848e-08
1.90381e-08
1.93269e-08
2.08268e-08
2.22868e-08
2.27936e-08
2.24328e-08
2.27589e-08
2.2711e-08
2.32869e-08
2.31546e-08
2.21824e-08
2.13248e-08
2.06685e-08
1.99669e-08
1.95573e-08
1.99211e-08
2.11e-08
2.23233e-08
2.352e-08
2.48968e-08
2.55466e-08
2.48803e-08
2.4048e-08
2.40194e-08
2.42792e-08
2.44481e-08
2.4734e-08
2.49753e-08
2.51664e-08
2.5348e-08
2.49579e-08
2.4325e-08
2.38652e-08
2.37959e-08
2.45074e-08
2.49177e-08
2.38917e-08
2.2436e-08
2.14173e-08
2.03564e-08
1.95796e-08
2.02371e-08
2.22267e-08
2.39651e-08
2.43518e-08
2.36297e-08
2.31487e-08
2.32507e-08
2.41676e-08
2.42574e-08
2.32359e-08
2.2101e-08
2.11759e-08
2.04224e-08
2.01703e-08
2.06565e-08
2.18349e-08
2.31021e-08
2.43415e-08
2.56217e-08
2.61266e-08
2.54335e-08
2.46528e-08
2.46778e-08
2.49827e-08
2.529e-08
2.57109e-08
2.60522e-08
2.63083e-08
2.62907e-08
2.56164e-08
2.49188e-08
2.43468e-08
2.41964e-08
2.50722e-08
2.56317e-08
2.45483e-08
2.29715e-08
2.19101e-08
2.094e-08
2.03019e-08
2.122e-08
2.34015e-08
2.51018e-08
2.52372e-08
2.41985e-08
2.32326e-08
2.35706e-08
2.47221e-08
2.49598e-08
2.38213e-08
2.23658e-08
2.12289e-08
2.05141e-08
2.0384e-08
2.08614e-08
2.20097e-08
2.33555e-08
2.46492e-08
2.59202e-08
2.65406e-08
2.60864e-08
2.54386e-08
2.53959e-08
2.56316e-08
2.59645e-08
2.63958e-08
2.67329e-08
2.70207e-08
2.67713e-08
2.58911e-08
2.52949e-08
2.47974e-08
2.46272e-08
2.56281e-08
2.63911e-08
2.53819e-08
2.37041e-08
2.26206e-08
2.16949e-08
2.11145e-08
2.20662e-08
2.42441e-08
2.57917e-08
2.55788e-08
2.42527e-08
2.33315e-08
2.37672e-08
2.48997e-08
2.5268e-08
2.42165e-08
2.26059e-08
2.13664e-08
2.07768e-08
2.07095e-08
2.10109e-08
2.19629e-08
2.33701e-08
2.47586e-08
2.60752e-08
2.68301e-08
2.65e-08
2.58068e-08
2.56339e-08
2.58649e-08
2.62701e-08
2.66864e-08
2.70288e-08
2.73586e-08
2.6918e-08
2.59188e-08
2.54963e-08
2.51907e-08
2.51151e-08
2.62602e-08
2.72124e-08
2.62338e-08
2.44257e-08
2.31817e-08
2.22059e-08
2.16812e-08
2.26085e-08
2.47533e-08
2.62118e-08
2.56542e-08
2.41636e-08
2.32901e-08
2.36129e-08
2.46369e-08
2.51496e-08
2.432e-08
2.28796e-08
2.17594e-08
2.12441e-08
2.1148e-08
2.12614e-08
2.20127e-08
2.34044e-08
2.4885e-08
2.62534e-08
2.69936e-08
2.65965e-08
2.57996e-08
2.5586e-08
2.59498e-08
2.64857e-08
2.68446e-08
2.71208e-08
2.74246e-08
2.68944e-08
2.5907e-08
2.56149e-08
2.53843e-08
2.5383e-08
2.66645e-08
2.76971e-08
2.6734e-08
2.48596e-08
2.35348e-08
2.24851e-08
2.19273e-08
2.28597e-08
2.49803e-08
2.63388e-08
2.5582e-08
2.40304e-08
2.30779e-08
2.31592e-08
2.40921e-08
2.47529e-08
2.41381e-08
2.29401e-08
2.20799e-08
2.1713e-08
2.15341e-08
2.1499e-08
2.21126e-08
2.35083e-08
2.50796e-08
2.64094e-08
2.70275e-08
2.6548e-08
2.57295e-08
2.55941e-08
2.61287e-08
2.68005e-08
2.70871e-08
2.72456e-08
2.7519e-08
2.69705e-08
2.60062e-08
2.57261e-08
2.55046e-08
2.55536e-08
2.68485e-08
2.78876e-08
2.69491e-08
2.50728e-08
2.37059e-08
2.25375e-08
2.18414e-08
2.27546e-08
2.48289e-08
2.61503e-08
2.54283e-08
2.39411e-08
2.28226e-08
2.26474e-08
2.34979e-08
2.42793e-08
2.38282e-08
2.27991e-08
2.21574e-08
2.19569e-08
2.17862e-08
2.16548e-08
2.2151e-08
2.35582e-08
2.51887e-08
2.64654e-08
2.69542e-08
2.64228e-08
2.56114e-08
2.55227e-08
2.61758e-08
2.69056e-08
2.70863e-08
2.71455e-08
2.74414e-08
2.69562e-08
2.60328e-08
2.57352e-08
2.55539e-08
2.56657e-08
2.68782e-08
2.78241e-08
2.68484e-08
2.4978e-08
2.36039e-08
2.23171e-08
2.14842e-08
2.23464e-08
2.43172e-08
2.54995e-08
2.4922e-08
2.37057e-08
2.26177e-08
2.23125e-08
2.30795e-08
2.38323e-08
2.3418e-08
2.25044e-08
2.20313e-08
2.19479e-08
2.17886e-08
2.16047e-08
2.20453e-08
2.3449e-08
2.51127e-08
2.63613e-08
2.67631e-08
2.62017e-08
2.54066e-08
2.53268e-08
2.60204e-08
2.67323e-08
2.67478e-08
2.66951e-08
2.70305e-08
2.66643e-08
2.58341e-08
2.55562e-08
2.54325e-08
2.5563e-08
2.66708e-08
2.75213e-08
2.64796e-08
2.45936e-08
2.32094e-08
2.18359e-08
2.09383e-08
2.17814e-08
2.36092e-08
2.46014e-08
2.41802e-08
2.3354e-08
2.24104e-08
2.21079e-08
2.2761e-08
2.34225e-08
2.30019e-08
2.21477e-08
2.17453e-08
2.17039e-08
2.15505e-08
2.13774e-08
2.18294e-08
2.32589e-08
2.49176e-08
2.6108e-08
2.64597e-08
2.59319e-08
2.51672e-08
2.50625e-08
2.57238e-08
2.63694e-08
2.62536e-08
2.61557e-08
2.65588e-08
2.62829e-08
2.55041e-08
2.52388e-08
2.51575e-08
2.52984e-08
2.63294e-08
2.71154e-08
2.60377e-08
2.41572e-08
2.27702e-08
2.13397e-08
2.04472e-08
2.12794e-08
2.29708e-08
2.38313e-08
2.34776e-08
2.2928e-08
2.21236e-08
2.1852e-08
2.24739e-08
2.31007e-08
2.26888e-08
2.18575e-08
2.14582e-08
2.14069e-08
2.12541e-08
2.1111e-08
2.16101e-08
2.30537e-08
2.46871e-08
2.58416e-08
2.61663e-08
2.56471e-08
2.48902e-08
2.47854e-08
2.54536e-08
2.604e-08
2.58494e-08
2.57685e-08
2.62054e-08
2.59606e-08
2.52108e-08
2.49532e-08
2.48862e-08
2.50282e-08
2.60281e-08
2.67757e-08
2.56982e-08
2.38473e-08
2.24731e-08
2.10488e-08
2.01704e-08
2.09739e-08
2.25989e-08
2.33961e-08
2.30316e-08
2.25545e-08
2.19678e-08
2.17117e-08
2.23315e-08
2.29523e-08
2.2551e-08
2.17312e-08
2.13346e-08
2.12772e-08
2.11206e-08
2.09874e-08
2.15026e-08
2.2949e-08
2.45661e-08
2.56994e-08
2.60079e-08
2.5469e-08
2.47232e-08
2.4648e-08
2.53095e-08
2.58815e-08
2.57143e-08
2.56523e-08
2.60698e-08
2.58078e-08
2.50646e-08
2.48059e-08
2.47346e-08
2.48784e-08
2.58739e-08
2.66061e-08
2.5534e-08
2.37053e-08
2.23395e-08
2.09308e-08
2.00706e-08
2.08652e-08
2.24678e-08
2.32352e-08
2.28499e-08
2.238e-08
1.30624e-08
1.29803e-08
1.28857e-08
1.27407e-08
1.25951e-08
1.2557e-08
1.27808e-08
1.32603e-08
1.38326e-08
1.4421e-08
1.49487e-08
1.53442e-08
1.54557e-08
1.54156e-08
1.52648e-08
1.49284e-08
1.44743e-08
1.4086e-08
1.3825e-08
1.36621e-08
1.36707e-08
1.37931e-08
1.39586e-08
1.42324e-08
1.45513e-08
1.47489e-08
1.47673e-08
1.46574e-08
1.44502e-08
1.42313e-08
1.41237e-08
1.41093e-08
1.40805e-08
1.40114e-08
1.38967e-08
1.36842e-08
1.33807e-08
1.31484e-08
1.30859e-08
1.30857e-08
1.33124e-08
1.31649e-08
1.30586e-08
1.2991e-08
1.29351e-08
1.30519e-08
1.3443e-08
1.39415e-08
1.43704e-08
1.47862e-08
1.5162e-08
1.53268e-08
1.51993e-08
1.49566e-08
1.47275e-08
1.44205e-08
1.40013e-08
1.36861e-08
1.35688e-08
1.36059e-08
1.3863e-08
1.42721e-08
1.46519e-08
1.49775e-08
1.51397e-08
1.51068e-08
1.49284e-08
1.47151e-08
1.45723e-08
1.45163e-08
1.45092e-08
1.45033e-08
1.44626e-08
1.44237e-08
1.44072e-08
1.42832e-08
1.39999e-08
1.37336e-08
1.36083e-08
1.34905e-08
1.34092e-08
1.33723e-08
1.34965e-08
1.36656e-08
1.38161e-08
1.40669e-08
1.4456e-08
1.47677e-08
1.4983e-08
1.52542e-08
1.55875e-08
1.57792e-08
1.57503e-08
1.55931e-08
1.52938e-08
1.47748e-08
1.42294e-08
1.39423e-08
1.3943e-08
1.41075e-08
1.4399e-08
1.48075e-08
1.52367e-08
1.56447e-08
1.59189e-08
1.5998e-08
1.59297e-08
1.57238e-08
1.54845e-08
1.5309e-08
1.52088e-08
1.52021e-08
1.52583e-08
1.53456e-08
1.53865e-08
1.5161e-08
1.46626e-08
1.41696e-08
1.38399e-08
1.35852e-08
1.37333e-08
1.3748e-08
1.38726e-08
1.4009e-08
1.41165e-08
1.43245e-08
1.46369e-08
1.48967e-08
1.51358e-08
1.55226e-08
1.59714e-08
1.62723e-08
1.63668e-08
1.63011e-08
1.60551e-08
1.5646e-08
1.522e-08
1.48599e-08
1.45452e-08
1.43766e-08
1.44856e-08
1.49152e-08
1.5544e-08
1.6156e-08
1.65005e-08
1.64616e-08
1.61705e-08
1.58224e-08
1.55952e-08
1.54758e-08
1.53519e-08
1.52827e-08
1.5313e-08
1.53975e-08
1.53537e-08
1.50131e-08
1.45076e-08
1.41492e-08
1.39873e-08
1.38408e-08
1.40651e-08
1.41333e-08
1.43184e-08
1.44324e-08
1.44486e-08
1.45183e-08
1.4733e-08
1.50401e-08
1.54086e-08
1.58496e-08
1.62905e-08
1.66319e-08
1.68279e-08
1.67775e-08
1.64025e-08
1.59087e-08
1.56237e-08
1.55223e-08
1.53611e-08
1.5162e-08
1.50573e-08
1.51205e-08
1.54144e-08
1.58306e-08
1.61877e-08
1.63847e-08
1.63822e-08
1.62284e-08
1.60457e-08
1.58355e-08
1.55813e-08
1.5381e-08
1.52823e-08
1.52319e-08
1.50781e-08
1.47871e-08
1.4572e-08
1.44528e-08
1.43206e-08
1.41637e-08
1.45896e-08
1.46729e-08
1.47929e-08
1.48457e-08
1.48384e-08
1.48754e-08
1.50198e-08
1.52579e-08
1.56171e-08
1.60747e-08
1.65547e-08
1.6907e-08
1.70131e-08
1.68367e-08
1.64802e-08
1.62085e-08
1.61887e-08
1.61975e-08
1.60694e-08
1.59564e-08
1.58783e-08
1.59151e-08
1.62363e-08
1.6804e-08
1.73251e-08
1.75971e-08
1.75583e-08
1.73205e-08
1.69987e-08
1.65952e-08
1.61208e-08
1.57259e-08
1.54297e-08
1.51481e-08
1.47814e-08
1.44641e-08
1.4385e-08
1.44282e-08
1.44853e-08
1.45514e-08
1.59995e-08
1.61804e-08
1.64088e-08
1.64791e-08
1.63174e-08
1.60519e-08
1.58303e-08
1.57492e-08
1.5951e-08
1.64614e-08
1.70459e-08
1.74305e-08
1.75281e-08
1.74918e-08
1.73248e-08
1.70449e-08
1.69449e-08
1.69836e-08
1.69876e-08
1.69311e-08
1.68106e-08
1.67792e-08
1.71477e-08
1.77386e-08
1.80924e-08
1.79772e-08
1.75993e-08
1.71903e-08
1.6867e-08
1.65018e-08
1.60666e-08
1.56519e-08
1.53659e-08
1.52227e-08
1.5126e-08
1.51159e-08
1.52988e-08
1.56022e-08
1.5826e-08
1.5918e-08
1.80658e-08
1.81661e-08
1.82938e-08
1.82398e-08
1.77775e-08
1.70885e-08
1.65597e-08
1.64214e-08
1.66878e-08
1.72295e-08
1.78647e-08
1.82092e-08
1.82196e-08
1.81666e-08
1.7942e-08
1.75732e-08
1.74783e-08
1.75833e-08
1.75843e-08
1.74844e-08
1.72786e-08
1.73056e-08
1.78027e-08
1.84696e-08
1.87167e-08
1.83293e-08
1.75624e-08
1.70859e-08
1.70795e-08
1.71738e-08
1.71978e-08
1.71533e-08
1.70317e-08
1.68032e-08
1.65466e-08
1.64707e-08
1.67229e-08
1.72396e-08
1.77514e-08
1.80028e-08
1.85712e-08
1.88824e-08
1.93209e-08
1.93684e-08
1.86346e-08
1.74939e-08
1.6812e-08
1.69237e-08
1.74781e-08
1.8142e-08
1.86971e-08
1.88824e-08
1.8783e-08
1.87659e-08
1.86102e-08
1.8008e-08
1.75949e-08
1.7626e-08
1.78578e-08
1.80701e-08
1.80369e-08
1.81618e-08
1.88498e-08
1.95924e-08
1.94787e-08
1.85821e-08
1.78211e-08
1.77501e-08
1.81739e-08
1.8747e-08
1.91158e-08
1.90534e-08
1.86671e-08
1.81024e-08
1.75114e-08
1.71156e-08
1.71851e-08
1.77044e-08
1.81952e-08
1.84143e-08
1.95911e-08
1.98839e-08
2.03769e-08
2.04156e-08
1.95019e-08
1.81472e-08
1.74301e-08
1.77835e-08
1.85789e-08
1.9266e-08
1.98106e-08
2.00473e-08
2.00381e-08
1.99876e-08
1.94097e-08
1.84108e-08
1.79863e-08
1.8274e-08
1.88282e-08
1.9329e-08
1.95714e-08
1.96113e-08
1.98081e-08
1.99366e-08
1.95361e-08
1.878e-08
1.83125e-08
1.84313e-08
1.88856e-08
1.94221e-08
1.97807e-08
1.96469e-08
1.91052e-08
1.83455e-08
1.74739e-08
1.68979e-08
1.70814e-08
1.79879e-08
1.89262e-08
1.9435e-08
2.0438e-08
2.08238e-08
2.14703e-08
2.15546e-08
2.06481e-08
1.93551e-08
1.87331e-08
1.90387e-08
1.95135e-08
2.0016e-08
2.07311e-08
2.11062e-08
2.10029e-08
2.07644e-08
2.02755e-08
1.96716e-08
1.9631e-08
2.02275e-08
2.0921e-08
2.12468e-08
2.11063e-08
2.07652e-08
2.06847e-08
2.07114e-08
2.03731e-08
1.97341e-08
1.92526e-08
1.92234e-08
1.94744e-08
1.98818e-08
2.00568e-08
1.96621e-08
1.87972e-08
1.78566e-08
1.71071e-08
1.68449e-08
1.73516e-08
1.85533e-08
1.97315e-08
2.02832e-08
2.10763e-08
2.14751e-08
2.24424e-08
2.3111e-08
2.26828e-08
2.15964e-08
2.08119e-08
2.05692e-08
2.05565e-08
2.09925e-08
2.1785e-08
2.19895e-08
2.1694e-08
2.15836e-08
2.14114e-08
2.09492e-08
2.07474e-08
2.10558e-08
2.14499e-08
2.16452e-08
2.16591e-08
2.1569e-08
2.15757e-08
2.17459e-08
2.17826e-08
2.14956e-08
2.10771e-08
2.083e-08
2.08733e-08
2.10676e-08
2.08695e-08
1.99713e-08
1.86957e-08
1.7632e-08
1.70252e-08
1.70139e-08
1.77767e-08
1.91836e-08
2.047e-08
2.09967e-08
2.14919e-08
2.17091e-08
2.2919e-08
2.44074e-08
2.46712e-08
2.3544e-08
2.21218e-08
2.14101e-08
2.12843e-08
2.14646e-08
2.18962e-08
2.2136e-08
2.20685e-08
2.20609e-08
2.18311e-08
2.12217e-08
2.08763e-08
2.11567e-08
2.15716e-08
2.18767e-08
2.23177e-08
2.26935e-08
2.29595e-08
2.33717e-08
2.37175e-08
2.34981e-08
2.28457e-08
2.23619e-08
2.24237e-08
2.25357e-08
2.18454e-08
2.03809e-08
1.8826e-08
1.77807e-08
1.72871e-08
1.74547e-08
1.83732e-08
1.9857e-08
2.11411e-08
2.15855e-08
2.22391e-08
2.22033e-08
2.3611e-08
2.58074e-08
2.65845e-08
2.53434e-08
2.31243e-08
2.16415e-08
2.14817e-08
2.17877e-08
2.22252e-08
2.2363e-08
2.21881e-08
2.21309e-08
2.19968e-08
2.16075e-08
2.13298e-08
2.16045e-08
2.19737e-08
2.2407e-08
2.32516e-08
2.39887e-08
2.4479e-08
2.50804e-08
2.545e-08
2.49171e-08
2.37805e-08
2.30977e-08
2.33767e-08
2.35808e-08
2.25564e-08
2.07283e-08
1.91591e-08
1.8313e-08
1.80687e-08
1.83187e-08
1.92599e-08
2.08478e-08
2.21607e-08
2.25492e-08
2.3607e-08
2.33625e-08
2.51282e-08
2.79233e-08
2.90272e-08
2.75554e-08
2.47131e-08
2.27297e-08
2.21572e-08
2.22927e-08
2.26517e-08
2.27421e-08
2.25576e-08
2.26158e-08
2.26858e-08
2.22086e-08
2.17616e-08
2.20561e-08
2.25184e-08
2.31682e-08
2.42739e-08
2.51518e-08
2.56914e-08
2.63184e-08
2.65816e-08
2.5739e-08
2.42566e-08
2.36105e-08
2.42547e-08
2.45186e-08
2.31862e-08
2.12208e-08
1.98568e-08
1.92532e-08
1.90769e-08
1.92414e-08
2.00912e-08
2.19139e-08
2.37184e-08
2.42415e-08
2.49105e-08
2.44354e-08
2.62548e-08
2.93718e-08
3.08634e-08
2.93789e-08
2.6132e-08
2.37082e-08
2.28459e-08
2.29144e-08
2.33152e-08
2.34077e-08
2.332e-08
2.35199e-08
2.36433e-08
2.294e-08
2.23267e-08
2.27662e-08
2.3422e-08
2.41113e-08
2.51041e-08
2.59384e-08
2.64901e-08
2.70914e-08
2.73199e-08
2.62954e-08
2.45566e-08
2.39857e-08
2.49036e-08
2.51807e-08
2.37458e-08
2.18168e-08
2.05991e-08
2.01257e-08
1.99006e-08
1.97971e-08
2.06205e-08
2.28969e-08
2.5182e-08
2.57783e-08
2.55601e-08
2.49766e-08
2.67768e-08
2.9856e-08
3.1283e-08
2.97138e-08
2.64867e-08
2.40705e-08
2.3285e-08
2.34652e-08
2.38554e-08
2.38643e-08
2.37403e-08
2.40581e-08
2.41857e-08
2.33673e-08
2.28798e-08
2.36196e-08
2.44038e-08
2.49032e-08
2.55892e-08
2.63363e-08
2.69465e-08
2.75497e-08
2.77357e-08
2.66807e-08
2.49568e-08
2.45942e-08
2.56599e-08
2.59779e-08
2.45571e-08
2.26165e-08
2.13869e-08
2.08208e-08
2.03754e-08
2.00799e-08
2.10071e-08
2.35949e-08
2.60543e-08
2.65847e-08
2.56172e-08
2.51018e-08
2.68965e-08
2.97329e-08
3.07211e-08
2.88916e-08
2.58432e-08
2.3748e-08
2.32053e-08
2.34533e-08
2.38235e-08
2.38031e-08
2.37567e-08
2.42796e-08
2.45045e-08
2.37111e-08
2.34259e-08
2.44213e-08
2.53027e-08
2.56779e-08
2.61734e-08
2.68459e-08
2.74945e-08
2.80716e-08
2.81148e-08
2.70657e-08
2.55996e-08
2.54833e-08
2.66099e-08
2.70074e-08
2.55915e-08
2.35156e-08
2.22173e-08
2.15008e-08
2.07683e-08
2.04014e-08
2.14588e-08
2.39022e-08
2.60053e-08
2.65046e-08
2.55868e-08
2.50299e-08
2.66044e-08
2.91091e-08
2.96173e-08
2.75606e-08
2.46716e-08
2.28721e-08
2.25644e-08
2.2907e-08
2.33236e-08
2.33936e-08
2.35464e-08
2.4336e-08
2.47245e-08
2.40572e-08
2.39473e-08
2.50695e-08
2.60198e-08
2.6328e-08
2.66683e-08
2.72285e-08
2.78622e-08
2.82817e-08
2.81095e-08
2.71222e-08
2.59966e-08
2.61131e-08
2.72798e-08
2.78344e-08
2.65084e-08
2.4306e-08
2.28678e-08
2.20191e-08
2.11625e-08
2.0869e-08
2.19436e-08
2.39476e-08
2.5597e-08
2.62154e-08
2.54825e-08
2.46291e-08
2.58704e-08
2.80577e-08
2.83023e-08
2.62186e-08
2.35152e-08
2.19501e-08
2.18001e-08
2.22371e-08
2.27213e-08
2.29281e-08
2.32688e-08
2.41978e-08
2.46644e-08
2.40925e-08
2.41062e-08
2.53367e-08
2.63587e-08
2.66199e-08
2.68322e-08
2.73251e-08
2.79261e-08
2.81965e-08
2.78963e-08
2.69866e-08
2.60611e-08
2.61953e-08
2.73799e-08
2.81325e-08
2.69893e-08
2.47098e-08
2.30781e-08
2.21438e-08
2.1283e-08
2.10678e-08
2.21541e-08
2.39849e-08
2.54982e-08
2.61868e-08
2.523e-08
2.40397e-08
2.50399e-08
2.70764e-08
2.71785e-08
2.50678e-08
2.25517e-08
2.12899e-08
2.13412e-08
2.182e-08
2.23532e-08
2.26756e-08
2.30924e-08
2.3996e-08
2.4414e-08
2.3849e-08
2.39445e-08
2.52749e-08
2.63495e-08
2.66025e-08
2.67363e-08
2.71847e-08
2.77826e-08
2.79425e-08
2.75292e-08
2.67022e-08
2.58973e-08
2.59492e-08
2.70387e-08
2.79147e-08
2.69522e-08
2.46846e-08
2.30097e-08
2.20789e-08
2.12417e-08
2.1042e-08
2.21078e-08
2.38598e-08
2.54173e-08
2.61452e-08
2.47462e-08
2.34197e-08
2.43468e-08
2.64001e-08
2.65057e-08
2.43056e-08
2.17479e-08
2.06564e-08
2.09454e-08
2.1565e-08
2.21884e-08
2.25726e-08
2.29572e-08
2.37503e-08
2.40647e-08
2.34828e-08
2.35967e-08
2.49435e-08
2.60399e-08
2.62976e-08
2.63743e-08
2.68011e-08
2.73777e-08
2.74276e-08
2.69437e-08
2.62334e-08
2.55348e-08
2.55416e-08
2.65635e-08
2.75085e-08
2.66692e-08
2.4478e-08
2.28363e-08
2.18907e-08
2.10377e-08
2.08367e-08
2.18174e-08
2.34492e-08
2.50072e-08
2.57657e-08
2.41926e-08
2.28275e-08
2.37531e-08
2.58639e-08
2.60437e-08
2.38366e-08
2.12223e-08
2.00897e-08
2.04693e-08
2.12438e-08
2.20029e-08
2.24743e-08
2.28315e-08
2.35042e-08
2.37134e-08
2.31144e-08
2.32315e-08
2.45453e-08
2.56394e-08
2.59041e-08
2.596e-08
2.63663e-08
2.691e-08
2.69161e-08
2.64324e-08
2.57772e-08
2.51199e-08
2.51433e-08
2.61618e-08
2.71204e-08
2.63212e-08
2.42124e-08
2.25994e-08
2.16298e-08
2.07541e-08
2.05376e-08
2.14693e-08
2.30394e-08
2.45483e-08
2.52626e-08
2.37684e-08
2.24033e-08
2.33642e-08
2.54846e-08
2.56405e-08
2.34372e-08
2.08532e-08
1.97311e-08
2.01109e-08
2.09256e-08
2.17562e-08
2.22758e-08
2.26166e-08
2.32164e-08
2.33879e-08
2.28094e-08
2.29286e-08
2.42177e-08
2.53058e-08
2.55625e-08
2.55883e-08
2.59986e-08
2.65727e-08
2.65882e-08
2.6089e-08
2.54412e-08
2.48238e-08
2.48915e-08
2.59078e-08
2.68334e-08
2.60249e-08
2.39609e-08
2.23753e-08
2.13896e-08
2.0509e-08
2.02961e-08
2.12296e-08
2.27805e-08
2.4239e-08
2.48913e-08
2.35797e-08
2.22289e-08
2.31893e-08
2.52753e-08
2.54e-08
2.32068e-08
2.06639e-08
1.95669e-08
1.99394e-08
2.07421e-08
2.15769e-08
2.20984e-08
2.24456e-08
2.30477e-08
2.32125e-08
2.2636e-08
2.27665e-08
2.40535e-08
2.51329e-08
2.53956e-08
2.544e-08
2.58583e-08
2.64239e-08
2.6437e-08
2.59388e-08
2.52969e-08
2.4693e-08
2.47728e-08
2.57798e-08
2.66773e-08
2.5859e-08
2.38187e-08
2.22583e-08
2.12693e-08
2.03826e-08
2.01753e-08
2.11169e-08
2.26597e-08
2.40833e-08
2.47004e-08
1.28379e-08
1.28015e-08
1.27581e-08
1.27117e-08
1.26791e-08
1.27408e-08
1.29833e-08
1.34452e-08
1.3979e-08
1.45329e-08
1.50495e-08
1.53799e-08
1.54455e-08
1.53154e-08
1.50986e-08
1.47472e-08
1.43285e-08
1.40259e-08
1.38567e-08
1.37812e-08
1.38141e-08
1.39093e-08
1.39824e-08
1.4135e-08
1.43824e-08
1.45805e-08
1.46885e-08
1.46884e-08
1.45693e-08
1.43728e-08
1.4258e-08
1.42197e-08
1.41472e-08
1.40349e-08
1.39069e-08
1.3668e-08
1.33135e-08
1.30284e-08
1.29126e-08
1.28722e-08
1.30368e-08
1.29553e-08
1.29594e-08
1.301e-08
1.30798e-08
1.32582e-08
1.36397e-08
1.41237e-08
1.45578e-08
1.49984e-08
1.54174e-08
1.5581e-08
1.53881e-08
1.5049e-08
1.48201e-08
1.45915e-08
1.43125e-08
1.41059e-08
1.39993e-08
1.39329e-08
1.39216e-08
1.39748e-08
1.40789e-08
1.4259e-08
1.44865e-08
1.46372e-08
1.47227e-08
1.47495e-08
1.47236e-08
1.46817e-08
1.46512e-08
1.4621e-08
1.45984e-08
1.45691e-08
1.45241e-08
1.43293e-08
1.39547e-08
1.36092e-08
1.33902e-08
1.31969e-08
1.36333e-08
1.36479e-08
1.3784e-08
1.39178e-08
1.3992e-08
1.41692e-08
1.4552e-08
1.49963e-08
1.53708e-08
1.57903e-08
1.62633e-08
1.65692e-08
1.65994e-08
1.63979e-08
1.59662e-08
1.5292e-08
1.46261e-08
1.42849e-08
1.42935e-08
1.44601e-08
1.46735e-08
1.48561e-08
1.5012e-08
1.52472e-08
1.55276e-08
1.57532e-08
1.58487e-08
1.57691e-08
1.55821e-08
1.54053e-08
1.52819e-08
1.52434e-08
1.53534e-08
1.55265e-08
1.5639e-08
1.54436e-08
1.49349e-08
1.44323e-08
1.40513e-08
1.37684e-08
1.38779e-08
1.39188e-08
1.40539e-08
1.42105e-08
1.43062e-08
1.44603e-08
1.47732e-08
1.51471e-08
1.55609e-08
1.61076e-08
1.67267e-08
1.71626e-08
1.73582e-08
1.73345e-08
1.69557e-08
1.62224e-08
1.54291e-08
1.49731e-08
1.49264e-08
1.51426e-08
1.54383e-08
1.56495e-08
1.58291e-08
1.6019e-08
1.6147e-08
1.61649e-08
1.60526e-08
1.58607e-08
1.57009e-08
1.55736e-08
1.54395e-08
1.54096e-08
1.5533e-08
1.56981e-08
1.56657e-08
1.53043e-08
1.477e-08
1.43808e-08
1.41243e-08
1.39502e-08
1.41109e-08
1.41685e-08
1.4382e-08
1.46055e-08
1.46957e-08
1.47759e-08
1.50227e-08
1.54081e-08
1.58761e-08
1.64309e-08
1.70329e-08
1.7581e-08
1.78854e-08
1.77251e-08
1.69921e-08
1.6073e-08
1.56069e-08
1.58475e-08
1.63748e-08
1.67473e-08
1.68301e-08
1.65705e-08
1.62337e-08
1.60922e-08
1.61466e-08
1.62301e-08
1.61511e-08
1.5956e-08
1.58966e-08
1.59381e-08
1.59707e-08
1.59946e-08
1.59761e-08
1.58995e-08
1.56844e-08
1.52825e-08
1.48715e-08
1.45861e-08
1.43505e-08
1.41797e-08
1.46597e-08
1.50408e-08
1.54911e-08
1.5672e-08
1.55297e-08
1.53269e-08
1.5372e-08
1.57243e-08
1.62065e-08
1.66485e-08
1.71083e-08
1.7522e-08
1.76e-08
1.72438e-08
1.65714e-08
1.60757e-08
1.62214e-08
1.6889e-08
1.75628e-08
1.78775e-08
1.7672e-08
1.71565e-08
1.68513e-08
1.69734e-08
1.72609e-08
1.73954e-08
1.71936e-08
1.6823e-08
1.65711e-08
1.64398e-08
1.63678e-08
1.63383e-08
1.61857e-08
1.58717e-08
1.54227e-08
1.49752e-08
1.47388e-08
1.46421e-08
1.45469e-08
1.45161e-08
1.6112e-08
1.65108e-08
1.68863e-08
1.68472e-08
1.63485e-08
1.58841e-08
1.57844e-08
1.59947e-08
1.63566e-08
1.67591e-08
1.70578e-08
1.71444e-08
1.70694e-08
1.69282e-08
1.6581e-08
1.62922e-08
1.66691e-08
1.76606e-08
1.84921e-08
1.86186e-08
1.80462e-08
1.73623e-08
1.72407e-08
1.76249e-08
1.79747e-08
1.78562e-08
1.73059e-08
1.6768e-08
1.65933e-08
1.66588e-08
1.66812e-08
1.64943e-08
1.61568e-08
1.57671e-08
1.54153e-08
1.52367e-08
1.53711e-08
1.56686e-08
1.58509e-08
1.59347e-08
1.76396e-08
1.80643e-08
1.83099e-08
1.79091e-08
1.70855e-08
1.65027e-08
1.63735e-08
1.64692e-08
1.66669e-08
1.70487e-08
1.7513e-08
1.77503e-08
1.77097e-08
1.74845e-08
1.69952e-08
1.67205e-08
1.72828e-08
1.83744e-08
1.91774e-08
1.92092e-08
1.86409e-08
1.81696e-08
1.83262e-08
1.86703e-08
1.85273e-08
1.79001e-08
1.72608e-08
1.70039e-08
1.72093e-08
1.75723e-08
1.78858e-08
1.78759e-08
1.73618e-08
1.66257e-08
1.60759e-08
1.60322e-08
1.64748e-08
1.70423e-08
1.73466e-08
1.74493e-08
1.83581e-08
1.88855e-08
1.91292e-08
1.86396e-08
1.77265e-08
1.7019e-08
1.67526e-08
1.67864e-08
1.71061e-08
1.77426e-08
1.83907e-08
1.84591e-08
1.7998e-08
1.75209e-08
1.70837e-08
1.70202e-08
1.78516e-08
1.91651e-08
1.99049e-08
1.9601e-08
1.88908e-08
1.86415e-08
1.89062e-08
1.8975e-08
1.86635e-08
1.82708e-08
1.79489e-08
1.79509e-08
1.83422e-08
1.894e-08
1.93917e-08
1.92062e-08
1.8327e-08
1.72974e-08
1.67148e-08
1.67204e-08
1.71807e-08
1.76733e-08
1.79335e-08
1.80542e-08
1.91492e-08
1.98966e-08
2.03554e-08
1.99042e-08
1.87377e-08
1.77207e-08
1.73673e-08
1.74678e-08
1.78732e-08
1.86123e-08
1.92371e-08
1.91132e-08
1.85149e-08
1.80271e-08
1.7654e-08
1.7704e-08
1.85599e-08
1.97194e-08
2.01702e-08
1.9832e-08
1.94436e-08
1.95152e-08
1.98775e-08
2.00062e-08
2.00843e-08
2.00856e-08
1.9778e-08
1.95014e-08
1.95075e-08
1.98106e-08
2.007e-08
1.97252e-08
1.87917e-08
1.77946e-08
1.71875e-08
1.71439e-08
1.76096e-08
1.82321e-08
1.856e-08
1.87432e-08
2.0236e-08
2.12127e-08
2.16855e-08
2.0979e-08
1.94639e-08
1.83229e-08
1.81212e-08
1.82633e-08
1.85226e-08
1.93021e-08
2.01635e-08
2.02812e-08
1.97873e-08
1.93272e-08
1.89509e-08
1.8966e-08
1.97168e-08
2.0697e-08
2.11202e-08
2.10088e-08
2.10365e-08
2.14444e-08
2.16221e-08
2.16024e-08
2.18767e-08
2.18772e-08
2.13022e-08
2.06026e-08
2.03776e-08
2.06876e-08
2.09214e-08
2.03513e-08
1.91202e-08
1.79603e-08
1.73947e-08
1.7413e-08
1.79082e-08
1.85872e-08
1.91022e-08
1.95322e-08
2.12203e-08
2.25408e-08
2.30148e-08
2.23082e-08
2.08298e-08
1.97114e-08
1.97615e-08
2.01099e-08
2.02551e-08
2.08483e-08
2.15836e-08
2.15271e-08
2.10137e-08
2.06371e-08
2.02752e-08
2.00733e-08
2.05178e-08
2.13617e-08
2.17834e-08
2.17333e-08
2.19364e-08
2.22883e-08
2.23331e-08
2.26823e-08
2.33515e-08
2.32205e-08
2.21846e-08
2.11424e-08
2.07012e-08
2.08943e-08
2.09759e-08
2.02375e-08
1.89884e-08
1.80036e-08
1.76603e-08
1.77225e-08
1.81818e-08
1.88975e-08
1.94765e-08
2.01029e-08
2.20835e-08
2.35221e-08
2.39967e-08
2.32879e-08
2.20224e-08
2.12445e-08
2.13984e-08
2.16532e-08
2.15908e-08
2.18792e-08
2.24322e-08
2.24051e-08
2.20065e-08
2.15725e-08
2.09505e-08
2.04539e-08
2.0747e-08
2.16004e-08
2.21335e-08
2.23145e-08
2.27153e-08
2.30894e-08
2.33036e-08
2.39108e-08
2.44459e-08
2.39074e-08
2.26314e-08
2.15505e-08
2.12113e-08
2.141e-08
2.13258e-08
2.04764e-08
1.92688e-08
1.84263e-08
1.81e-08
1.80606e-08
1.84092e-08
1.9099e-08
1.9774e-08
2.06454e-08
2.26061e-08
2.39663e-08
2.45072e-08
2.40971e-08
2.30505e-08
2.21864e-08
2.18742e-08
2.18725e-08
2.20046e-08
2.2731e-08
2.35576e-08
2.35711e-08
2.31358e-08
2.25844e-08
2.17738e-08
2.10627e-08
2.12207e-08
2.20439e-08
2.26144e-08
2.29282e-08
2.34742e-08
2.39911e-08
2.42602e-08
2.46555e-08
2.48057e-08
2.40655e-08
2.28103e-08
2.19442e-08
2.18703e-08
2.21582e-08
2.20355e-08
2.11679e-08
1.99868e-08
1.91784e-08
1.87839e-08
1.86184e-08
1.8887e-08
1.94881e-08
2.01234e-08
2.11265e-08
2.3374e-08
2.46043e-08
2.49818e-08
2.45858e-08
2.38105e-08
2.30396e-08
2.24985e-08
2.22929e-08
2.25215e-08
2.35054e-08
2.44915e-08
2.45667e-08
2.41026e-08
2.35087e-08
2.26315e-08
2.17734e-08
2.16736e-08
2.23238e-08
2.28299e-08
2.31632e-08
2.3804e-08
2.44399e-08
2.46232e-08
2.47506e-08
2.46512e-08
2.38011e-08
2.26869e-08
2.22696e-08
2.26526e-08
2.30554e-08
2.28351e-08
2.19236e-08
2.07471e-08
1.99137e-08
1.94873e-08
1.93305e-08
1.95423e-08
2.01047e-08
2.08542e-08
2.1917e-08
2.42226e-08
2.51608e-08
2.521e-08
2.48079e-08
2.43208e-08
2.37336e-08
2.31173e-08
2.26523e-08
2.27042e-08
2.37056e-08
2.47819e-08
2.49213e-08
2.45023e-08
2.39349e-08
2.31173e-08
2.21169e-08
2.1887e-08
2.25744e-08
2.31359e-08
2.34175e-08
2.40359e-08
2.4614e-08
2.45986e-08
2.45284e-08
2.42832e-08
2.33435e-08
2.25068e-08
2.2722e-08
2.35397e-08
2.39182e-08
2.35056e-08
2.24614e-08
2.12262e-08
2.03937e-08
2.00556e-08
2.00312e-08
2.02766e-08
2.07763e-08
2.15076e-08
2.27229e-08
2.45565e-08
2.52744e-08
2.51428e-08
2.47695e-08
2.44354e-08
2.39357e-08
2.31746e-08
2.24614e-08
2.24713e-08
2.34966e-08
2.45335e-08
2.46043e-08
2.41479e-08
2.36382e-08
2.28123e-08
2.1944e-08
2.20325e-08
2.30031e-08
2.3662e-08
2.38468e-08
2.42615e-08
2.45911e-08
2.43871e-08
2.42121e-08
2.38785e-08
2.29768e-08
2.25466e-08
2.33753e-08
2.44867e-08
2.47638e-08
2.4114e-08
2.29428e-08
2.17478e-08
2.10581e-08
2.08445e-08
2.08199e-08
2.09644e-08
2.1272e-08
2.18652e-08
2.31075e-08
2.46876e-08
2.5191e-08
2.49727e-08
2.46567e-08
2.43711e-08
2.38256e-08
2.29611e-08
2.21808e-08
2.2215e-08
2.32038e-08
2.40207e-08
2.38988e-08
2.33948e-08
2.28833e-08
2.21313e-08
2.15253e-08
2.20129e-08
2.33466e-08
2.41974e-08
2.43156e-08
2.44522e-08
2.44915e-08
2.41627e-08
2.38717e-08
2.35035e-08
2.27305e-08
2.26674e-08
2.38666e-08
2.507e-08
2.5205e-08
2.44514e-08
2.33501e-08
2.2394e-08
2.19158e-08
2.17199e-08
2.158e-08
2.15062e-08
2.15786e-08
2.21235e-08
2.33838e-08
2.49448e-08
2.5229e-08
2.48971e-08
2.46089e-08
2.43562e-08
2.37617e-08
2.28224e-08
2.19883e-08
2.19433e-08
2.27138e-08
2.32828e-08
2.31135e-08
2.26952e-08
2.22525e-08
2.15729e-08
2.11059e-08
2.17638e-08
2.33011e-08
2.43438e-08
2.45074e-08
2.45475e-08
2.44613e-08
2.40166e-08
2.36373e-08
2.32507e-08
2.26178e-08
2.27686e-08
2.40004e-08
2.50666e-08
2.51241e-08
2.44526e-08
2.35934e-08
2.29485e-08
2.26037e-08
2.23171e-08
2.20398e-08
2.17901e-08
2.1744e-08
2.23706e-08
2.3724e-08
2.50706e-08
2.51726e-08
2.47185e-08
2.45173e-08
2.43864e-08
2.38119e-08
2.28217e-08
2.18767e-08
2.16523e-08
2.21784e-08
2.2577e-08
2.24496e-08
2.21637e-08
2.17926e-08
2.1151e-08
2.06995e-08
2.13681e-08
2.30031e-08
2.4182e-08
2.44517e-08
2.45681e-08
2.44822e-08
2.39782e-08
2.35583e-08
2.31781e-08
2.25714e-08
2.27275e-08
2.38216e-08
2.47353e-08
2.48146e-08
2.43215e-08
2.36537e-08
2.31482e-08
2.28052e-08
2.24054e-08
2.20447e-08
2.18178e-08
2.18386e-08
2.25006e-08
2.38883e-08
2.47573e-08
2.47622e-08
2.4286e-08
2.41851e-08
2.42254e-08
2.378e-08
2.2788e-08
2.17401e-08
2.13311e-08
2.16798e-08
2.20243e-08
2.19595e-08
2.175e-08
2.14116e-08
2.07805e-08
2.03266e-08
2.09986e-08
2.26575e-08
2.38812e-08
2.42258e-08
2.44108e-08
2.43439e-08
2.3861e-08
2.34896e-08
2.31257e-08
2.25294e-08
2.26038e-08
2.35076e-08
2.43213e-08
2.44747e-08
2.41111e-08
2.35265e-08
2.30901e-08
2.27368e-08
2.22047e-08
2.1811e-08
2.17218e-08
2.18826e-08
2.25196e-08
2.37359e-08
2.41838e-08
2.41012e-08
2.36644e-08
2.37072e-08
2.39237e-08
2.35803e-08
2.25838e-08
2.14593e-08
2.09428e-08
2.12172e-08
2.15885e-08
2.16033e-08
2.1423e-08
2.10835e-08
2.04699e-08
2.00218e-08
2.06877e-08
2.23228e-08
2.35282e-08
2.39018e-08
2.41072e-08
2.40633e-08
2.36568e-08
2.33328e-08
2.29721e-08
2.23962e-08
2.23712e-08
2.31176e-08
2.38965e-08
2.41089e-08
2.38032e-08
2.32709e-08
2.2889e-08
2.24916e-08
2.18743e-08
2.14913e-08
2.1529e-08
2.17991e-08
2.23832e-08
2.33767e-08
2.37078e-08
2.3528e-08
2.31229e-08
2.3266e-08
2.355e-08
2.32352e-08
2.22441e-08
2.10997e-08
2.05511e-08
2.08029e-08
2.12208e-08
2.13064e-08
2.11466e-08
2.08079e-08
2.02123e-08
1.97697e-08
2.04171e-08
2.2013e-08
2.32044e-08
2.3598e-08
2.3796e-08
2.37595e-08
2.34089e-08
2.31103e-08
2.27648e-08
2.21632e-08
2.20334e-08
2.27188e-08
2.35256e-08
2.37542e-08
2.34381e-08
2.29098e-08
2.25567e-08
2.21488e-08
2.15092e-08
2.11334e-08
2.12116e-08
2.15342e-08
2.21304e-08
2.30515e-08
2.34677e-08
2.32305e-08
2.2811e-08
2.29479e-08
2.32237e-08
2.29099e-08
2.19262e-08
2.07893e-08
2.0246e-08
2.05061e-08
2.09534e-08
2.10772e-08
2.09396e-08
2.06163e-08
2.00394e-08
1.96029e-08
2.02247e-08
2.17784e-08
2.29444e-08
2.33287e-08
2.35153e-08
2.35037e-08
2.32068e-08
2.29281e-08
2.25586e-08
2.19393e-08
2.18053e-08
2.24828e-08
2.32747e-08
2.34841e-08
2.31532e-08
2.26217e-08
2.22774e-08
2.18706e-08
2.12374e-08
2.08606e-08
2.09415e-08
2.12888e-08
2.19171e-08
2.28533e-08
2.33618e-08
2.31057e-08
2.26589e-08
2.27759e-08
2.30437e-08
2.27324e-08
2.17607e-08
2.06434e-08
2.01195e-08
2.03896e-08
2.08416e-08
2.09768e-08
2.08543e-08
2.0535e-08
1.99544e-08
1.95171e-08
2.01322e-08
2.16652e-08
2.28226e-08
2.32131e-08
2.34049e-08
2.33958e-08
2.31056e-08
2.28302e-08
2.24632e-08
2.18503e-08
2.17196e-08
2.2392e-08
2.31736e-08
2.33742e-08
2.30348e-08
2.24975e-08
2.21507e-08
2.17455e-08
2.11191e-08
2.07481e-08
2.08307e-08
2.11739e-08
2.18047e-08
2.2752e-08
1.26054e-08
1.25499e-08
1.25437e-08
1.25806e-08
1.2638e-08
1.27724e-08
1.30802e-08
1.35734e-08
1.41163e-08
1.46308e-08
1.50649e-08
1.52942e-08
1.5288e-08
1.51675e-08
1.49962e-08
1.46951e-08
1.42933e-08
1.39616e-08
1.37271e-08
1.36111e-08
1.36323e-08
1.37363e-08
1.38488e-08
1.40418e-08
1.43336e-08
1.46097e-08
1.48118e-08
1.49063e-08
1.48164e-08
1.46204e-08
1.44711e-08
1.43597e-08
1.4187e-08
1.39878e-08
1.38337e-08
1.36376e-08
1.33518e-08
1.30777e-08
1.28616e-08
1.27089e-08
1.28582e-08
1.27462e-08
1.27159e-08
1.27545e-08
1.28574e-08
1.30759e-08
1.3465e-08
1.38914e-08
1.42569e-08
1.46021e-08
1.49516e-08
1.51852e-08
1.51488e-08
1.49906e-08
1.48617e-08
1.46385e-08
1.43642e-08
1.41733e-08
1.40491e-08
1.39513e-08
1.38458e-08
1.38031e-08
1.38592e-08
1.40406e-08
1.43383e-08
1.4604e-08
1.47857e-08
1.48847e-08
1.48554e-08
1.48038e-08
1.47544e-08
1.46767e-08
1.45684e-08
1.44542e-08
1.43544e-08
1.41678e-08
1.38309e-08
1.35141e-08
1.32812e-08
1.30557e-08
1.36636e-08
1.3601e-08
1.36059e-08
1.36561e-08
1.37466e-08
1.39842e-08
1.44038e-08
1.49027e-08
1.53446e-08
1.57847e-08
1.63349e-08
1.67551e-08
1.69123e-08
1.68662e-08
1.65388e-08
1.58437e-08
1.50966e-08
1.46794e-08
1.45795e-08
1.4571e-08
1.45473e-08
1.45555e-08
1.46915e-08
1.49322e-08
1.52376e-08
1.55038e-08
1.56594e-08
1.5679e-08
1.55938e-08
1.54752e-08
1.52896e-08
1.51222e-08
1.51082e-08
1.52298e-08
1.536e-08
1.52495e-08
1.48441e-08
1.43833e-08
1.40186e-08
1.3795e-08
1.42846e-08
1.42657e-08
1.43174e-08
1.44587e-08
1.46123e-08
1.48372e-08
1.51525e-08
1.55568e-08
1.59797e-08
1.65077e-08
1.72328e-08
1.78611e-08
1.81623e-08
1.80724e-08
1.74647e-08
1.64534e-08
1.55599e-08
1.52769e-08
1.54953e-08
1.57985e-08
1.59665e-08
1.59694e-08
1.59046e-08
1.58359e-08
1.57735e-08
1.57037e-08
1.56093e-08
1.55263e-08
1.55306e-08
1.55783e-08
1.55796e-08
1.56406e-08
1.58353e-08
1.60449e-08
1.60561e-08
1.57538e-08
1.52734e-08
1.48465e-08
1.45334e-08
1.43431e-08
1.46856e-08
1.47194e-08
1.48776e-08
1.51178e-08
1.53225e-08
1.55215e-08
1.58181e-08
1.62157e-08
1.66735e-08
1.7206e-08
1.77846e-08
1.82299e-08
1.82903e-08
1.78657e-08
1.7103e-08
1.6313e-08
1.60198e-08
1.63645e-08
1.68907e-08
1.71382e-08
1.6988e-08
1.66231e-08
1.63055e-08
1.61555e-08
1.60948e-08
1.60205e-08
1.5848e-08
1.57503e-08
1.59332e-08
1.62366e-08
1.643e-08
1.65081e-08
1.65597e-08
1.65e-08
1.62125e-08
1.57353e-08
1.52997e-08
1.50798e-08
1.48963e-08
1.47415e-08
1.56133e-08
1.59114e-08
1.6205e-08
1.63678e-08
1.63974e-08
1.64309e-08
1.66061e-08
1.69498e-08
1.73235e-08
1.7693e-08
1.79994e-08
1.81394e-08
1.80528e-08
1.77122e-08
1.71241e-08
1.65794e-08
1.66958e-08
1.75203e-08
1.83756e-08
1.86039e-08
1.8144e-08
1.74158e-08
1.69952e-08
1.69759e-08
1.70759e-08
1.70673e-08
1.69062e-08
1.68563e-08
1.71211e-08
1.73958e-08
1.74073e-08
1.72607e-08
1.70313e-08
1.67356e-08
1.62944e-08
1.57969e-08
1.54507e-08
1.53389e-08
1.53536e-08
1.54251e-08
1.60597e-08
1.61663e-08
1.64973e-08
1.67847e-08
1.68127e-08
1.66831e-08
1.66681e-08
1.68465e-08
1.72121e-08
1.76349e-08
1.79705e-08
1.80865e-08
1.79492e-08
1.7595e-08
1.69725e-08
1.64699e-08
1.69145e-08
1.82554e-08
1.93935e-08
1.95444e-08
1.88413e-08
1.79836e-08
1.76014e-08
1.7702e-08
1.79676e-08
1.81135e-08
1.81515e-08
1.84051e-08
1.88825e-08
1.90415e-08
1.86439e-08
1.79729e-08
1.73179e-08
1.68261e-08
1.648e-08
1.62308e-08
1.61389e-08
1.62217e-08
1.63021e-08
1.61868e-08
1.70567e-08
1.71912e-08
1.76968e-08
1.8048e-08
1.79577e-08
1.75412e-08
1.70379e-08
1.67929e-08
1.7109e-08
1.78865e-08
1.85707e-08
1.86578e-08
1.8249e-08
1.77787e-08
1.71669e-08
1.67332e-08
1.73664e-08
1.88475e-08
2.00331e-08
2.02324e-08
1.96027e-08
1.88414e-08
1.85772e-08
1.86999e-08
1.88537e-08
1.89673e-08
1.92264e-08
1.97831e-08
2.02871e-08
2.0165e-08
1.94663e-08
1.86161e-08
1.78942e-08
1.73905e-08
1.70827e-08
1.69628e-08
1.70778e-08
1.73445e-08
1.75157e-08
1.73237e-08
1.75526e-08
1.78237e-08
1.85817e-08
1.91682e-08
1.91157e-08
1.83674e-08
1.73572e-08
1.68077e-08
1.71545e-08
1.81318e-08
1.90055e-08
1.89896e-08
1.83652e-08
1.78259e-08
1.7276e-08
1.71376e-08
1.81227e-08
1.96903e-08
2.05693e-08
2.03113e-08
1.94391e-08
1.86502e-08
1.84155e-08
1.87301e-08
1.94588e-08
2.02151e-08
2.07283e-08
2.10599e-08
2.10983e-08
2.07256e-08
2.00012e-08
1.89939e-08
1.79318e-08
1.7282e-08
1.71611e-08
1.73573e-08
1.76732e-08
1.80347e-08
1.81986e-08
1.78829e-08
1.82834e-08
1.84327e-08
1.9282e-08
1.99888e-08
1.96483e-08
1.83718e-08
1.71776e-08
1.67279e-08
1.7161e-08
1.83044e-08
1.92914e-08
1.92726e-08
1.87878e-08
1.86128e-08
1.84201e-08
1.84108e-08
1.92456e-08
2.03732e-08
2.07346e-08
2.01423e-08
1.9167e-08
1.86114e-08
1.88442e-08
1.9849e-08
2.13513e-08
2.25793e-08
2.28816e-08
2.25091e-08
2.18579e-08
2.11001e-08
2.01824e-08
1.90183e-08
1.79049e-08
1.73352e-08
1.73458e-08
1.76497e-08
1.80089e-08
1.85838e-08
1.90533e-08
1.87898e-08
1.88699e-08
1.9174e-08
2.00638e-08
2.04797e-08
1.97645e-08
1.84875e-08
1.75078e-08
1.71844e-08
1.77007e-08
1.89782e-08
2.01401e-08
2.03823e-08
2.02676e-08
2.0223e-08
1.97854e-08
1.94602e-08
2.0032e-08
2.1086e-08
2.16039e-08
2.12753e-08
2.04426e-08
1.97597e-08
1.98851e-08
2.11057e-08
2.29641e-08
2.39571e-08
2.35403e-08
2.26648e-08
2.18469e-08
2.11388e-08
2.03274e-08
1.92988e-08
1.83025e-08
1.77173e-08
1.77075e-08
1.80272e-08
1.86079e-08
1.9439e-08
1.9867e-08
1.94047e-08
1.93781e-08
2.00864e-08
2.09577e-08
2.13439e-08
2.07874e-08
1.96665e-08
1.87571e-08
1.8307e-08
1.865e-08
1.99043e-08
2.11394e-08
2.15881e-08
2.17001e-08
2.15425e-08
2.07369e-08
1.99742e-08
2.02079e-08
2.12474e-08
2.18998e-08
2.14941e-08
2.05569e-08
1.98775e-08
2.00205e-08
2.15748e-08
2.36394e-08
2.41362e-08
2.30961e-08
2.21487e-08
2.16933e-08
2.12776e-08
2.05349e-08
1.94706e-08
1.84757e-08
1.79928e-08
1.81207e-08
1.8459e-08
1.89891e-08
1.97488e-08
1.99503e-08
1.94739e-08
2.0158e-08
2.0942e-08
2.16919e-08
2.20813e-08
2.17044e-08
2.08504e-08
1.99645e-08
1.9284e-08
1.94701e-08
2.07081e-08
2.20184e-08
2.26647e-08
2.28577e-08
2.24792e-08
2.13239e-08
2.01866e-08
2.01419e-08
2.11214e-08
2.17361e-08
2.13804e-08
2.0688e-08
2.01646e-08
2.06608e-08
2.27295e-08
2.46684e-08
2.46004e-08
2.33277e-08
2.24416e-08
2.20581e-08
2.16277e-08
2.08984e-08
1.98704e-08
1.89489e-08
1.86035e-08
1.8746e-08
1.90644e-08
1.94998e-08
1.99933e-08
1.9997e-08
1.97869e-08
2.10353e-08
2.16467e-08
2.22989e-08
2.28173e-08
2.2713e-08
2.19234e-08
2.08186e-08
2.00438e-08
2.02963e-08
2.16805e-08
2.30895e-08
2.36439e-08
2.36716e-08
2.31435e-08
2.17497e-08
2.02285e-08
2.00293e-08
2.10603e-08
2.17149e-08
2.16073e-08
2.12866e-08
2.11781e-08
2.21927e-08
2.43876e-08
2.58042e-08
2.51578e-08
2.36769e-08
2.27491e-08
2.23579e-08
2.19308e-08
2.12926e-08
2.04825e-08
1.97355e-08
1.94699e-08
1.96606e-08
1.99532e-08
2.01006e-08
2.02002e-08
2.02311e-08
2.04692e-08
2.14611e-08
2.20158e-08
2.26948e-08
2.34475e-08
2.36945e-08
2.30882e-08
2.202e-08
2.12433e-08
2.14331e-08
2.2607e-08
2.37342e-08
2.40668e-08
2.38475e-08
2.30859e-08
2.16388e-08
2.0162e-08
2.00383e-08
2.10421e-08
2.16691e-08
2.18279e-08
2.18314e-08
2.20199e-08
2.32221e-08
2.51448e-08
2.59817e-08
2.49542e-08
2.3506e-08
2.29186e-08
2.27554e-08
2.22637e-08
2.16082e-08
2.09869e-08
2.05123e-08
2.0364e-08
2.05799e-08
2.06989e-08
2.04541e-08
2.03423e-08
2.05292e-08
2.09199e-08
2.19202e-08
2.23539e-08
2.29608e-08
2.38568e-08
2.43548e-08
2.40007e-08
2.30951e-08
2.22578e-08
2.21472e-08
2.29093e-08
2.37059e-08
2.38332e-08
2.34231e-08
2.25108e-08
2.11366e-08
1.99731e-08
2.00023e-08
2.08867e-08
2.14863e-08
2.17567e-08
2.19099e-08
2.22927e-08
2.34846e-08
2.49462e-08
2.51906e-08
2.40151e-08
2.29643e-08
2.29448e-08
2.3011e-08
2.24112e-08
2.17179e-08
2.13779e-08
2.12546e-08
2.12276e-08
2.12196e-08
2.0979e-08
2.05328e-08
2.04613e-08
2.08313e-08
2.13693e-08
2.24534e-08
2.27407e-08
2.31983e-08
2.40538e-08
2.46274e-08
2.44639e-08
2.37572e-08
2.2953e-08
2.26678e-08
2.31456e-08
2.37351e-08
2.37066e-08
2.30761e-08
2.20981e-08
2.08522e-08
1.98554e-08
1.99462e-08
2.07791e-08
2.13834e-08
2.1714e-08
2.19531e-08
2.244e-08
2.35027e-08
2.45491e-08
2.43799e-08
2.3127e-08
2.24762e-08
2.30221e-08
2.33081e-08
2.26135e-08
2.18809e-08
2.17321e-08
2.1812e-08
2.17337e-08
2.14876e-08
2.11055e-08
2.06951e-08
2.07329e-08
2.12266e-08
2.18889e-08
2.29847e-08
2.30975e-08
2.32774e-08
2.39186e-08
2.4491e-08
2.45225e-08
2.40596e-08
2.34155e-08
2.3161e-08
2.35904e-08
2.40183e-08
2.37736e-08
2.30198e-08
2.1998e-08
2.07266e-08
1.97486e-08
1.98424e-08
2.06287e-08
2.12472e-08
2.16379e-08
2.19368e-08
2.24625e-08
2.3427e-08
2.41553e-08
2.37084e-08
2.24829e-08
2.22118e-08
2.31571e-08
2.35273e-08
2.26888e-08
2.1864e-08
2.18163e-08
2.20286e-08
2.19237e-08
2.15819e-08
2.11582e-08
2.07874e-08
2.08922e-08
2.15274e-08
2.23819e-08
2.33307e-08
2.32626e-08
2.30923e-08
2.34489e-08
2.39932e-08
2.42046e-08
2.39734e-08
2.35123e-08
2.3315e-08
2.36321e-08
2.38964e-08
2.35673e-08
2.27911e-08
2.17549e-08
2.05226e-08
1.95947e-08
1.96206e-08
2.03279e-08
2.10046e-08
2.15048e-08
2.19036e-08
2.2449e-08
2.32438e-08
2.37094e-08
2.31308e-08
2.20532e-08
2.21317e-08
2.32893e-08
2.35513e-08
2.2487e-08
2.15656e-08
2.16243e-08
2.20266e-08
2.20181e-08
2.16429e-08
2.11309e-08
2.07405e-08
2.09216e-08
2.16946e-08
2.27012e-08
2.33378e-08
2.31136e-08
2.26817e-08
2.28404e-08
2.33774e-08
2.37399e-08
2.36771e-08
2.33015e-08
2.30857e-08
2.33033e-08
2.34835e-08
2.3156e-08
2.24407e-08
2.14967e-08
2.03344e-08
1.93804e-08
1.93035e-08
1.99754e-08
2.07648e-08
2.14398e-08
2.19352e-08
2.24203e-08
2.30433e-08
2.33578e-08
2.27501e-08
2.18527e-08
2.21956e-08
2.33917e-08
2.34207e-08
2.21191e-08
2.115e-08
2.13765e-08
2.19784e-08
2.20593e-08
2.16225e-08
2.10073e-08
2.0587e-08
2.0811e-08
2.1643e-08
2.27038e-08
2.30311e-08
2.26967e-08
2.21465e-08
2.2262e-08
2.28606e-08
2.33412e-08
2.33432e-08
2.29561e-08
2.26936e-08
2.28537e-08
2.30072e-08
2.27141e-08
2.20743e-08
2.122e-08
2.01101e-08
1.91317e-08
1.90031e-08
1.96892e-08
2.05894e-08
2.13745e-08
2.18966e-08
2.23121e-08
2.28371e-08
2.30775e-08
2.24771e-08
2.17083e-08
2.21603e-08
2.32473e-08
2.30788e-08
2.16949e-08
2.081e-08
2.11773e-08
2.18687e-08
2.19398e-08
2.143e-08
2.0763e-08
2.03393e-08
2.06007e-08
2.14561e-08
2.24791e-08
2.25968e-08
2.22245e-08
2.16702e-08
2.18021e-08
2.24428e-08
2.29799e-08
2.30132e-08
2.26183e-08
2.23294e-08
2.24406e-08
2.25458e-08
2.22424e-08
2.16506e-08
2.08727e-08
1.98143e-08
1.88697e-08
1.87572e-08
1.94666e-08
2.04053e-08
2.12044e-08
2.17075e-08
2.20882e-08
2.26005e-08
2.28356e-08
2.2254e-08
2.15407e-08
2.19442e-08
2.28731e-08
2.26495e-08
2.13728e-08
2.06041e-08
2.09937e-08
2.16287e-08
2.16512e-08
2.11371e-08
2.05023e-08
2.01067e-08
2.03803e-08
2.1203e-08
2.21328e-08
2.22358e-08
2.18245e-08
2.12726e-08
2.14161e-08
2.20538e-08
2.26053e-08
2.26571e-08
2.2273e-08
2.19746e-08
2.20444e-08
2.21144e-08
2.18146e-08
2.12621e-08
2.05337e-08
1.95378e-08
1.86561e-08
1.85712e-08
1.92816e-08
2.02208e-08
2.09942e-08
2.146e-08
2.18349e-08
2.23652e-08
2.25924e-08
2.20128e-08
2.12857e-08
2.15931e-08
2.24392e-08
2.22751e-08
2.11324e-08
2.04389e-08
2.07892e-08
2.13526e-08
2.13601e-08
2.08741e-08
2.02606e-08
1.98685e-08
2.01393e-08
2.09404e-08
2.18278e-08
2.19714e-08
2.15466e-08
2.1016e-08
2.11589e-08
2.17717e-08
2.23003e-08
2.23463e-08
2.19749e-08
2.16881e-08
2.17555e-08
2.18239e-08
2.15381e-08
2.10062e-08
2.03091e-08
1.93559e-08
1.85032e-08
1.84188e-08
1.91228e-08
2.00532e-08
2.08093e-08
2.12667e-08
2.16535e-08
2.21829e-08
2.23887e-08
2.17991e-08
2.10774e-08
2.13526e-08
2.21578e-08
2.20142e-08
2.09357e-08
2.02745e-08
2.05996e-08
2.11212e-08
2.11141e-08
2.06439e-08
2.00576e-08
1.9694e-08
1.99833e-08
2.07675e-08
2.16117e-08
2.18429e-08
2.14238e-08
2.09114e-08
2.106e-08
2.16596e-08
2.21751e-08
2.22198e-08
2.18532e-08
2.15731e-08
2.16444e-08
2.1713e-08
2.14248e-08
2.0893e-08
2.02038e-08
1.92639e-08
1.84209e-08
1.83364e-08
1.9034e-08
1.99603e-08
2.07173e-08
2.11809e-08
2.15688e-08
2.20942e-08
2.22973e-08
2.17209e-08
2.10211e-08
2.12937e-08
2.20703e-08
2.19078e-08
2.08385e-08
2.01901e-08
2.05036e-08
2.10027e-08
2.09875e-08
2.05254e-08
1.99553e-08
1.96116e-08
1.99018e-08
2.06717e-08
2.14969e-08
1.25533e-08
1.24519e-08
1.24146e-08
1.24639e-08
1.26127e-08
1.28286e-08
1.31727e-08
1.36483e-08
1.41269e-08
1.45508e-08
1.49201e-08
1.51758e-08
1.5253e-08
1.52088e-08
1.50632e-08
1.47711e-08
1.4417e-08
1.41202e-08
1.39241e-08
1.38292e-08
1.38597e-08
1.39392e-08
1.39896e-08
1.40764e-08
1.42611e-08
1.44761e-08
1.46906e-08
1.48283e-08
1.48008e-08
1.4653e-08
1.45188e-08
1.4382e-08
1.42097e-08
1.40528e-08
1.39194e-08
1.37411e-08
1.34538e-08
1.31226e-08
1.28616e-08
1.27035e-08
1.29398e-08
1.28122e-08
1.27199e-08
1.2664e-08
1.26879e-08
1.28145e-08
1.31197e-08
1.35406e-08
1.39405e-08
1.435e-08
1.48193e-08
1.52147e-08
1.534e-08
1.52728e-08
1.51213e-08
1.48221e-08
1.44713e-08
1.41906e-08
1.39952e-08
1.38868e-08
1.38468e-08
1.38644e-08
1.39377e-08
1.40795e-08
1.42669e-08
1.44776e-08
1.46667e-08
1.47464e-08
1.47264e-08
1.46915e-08
1.46005e-08
1.44255e-08
1.42256e-08
1.40502e-08
1.39378e-08
1.38311e-08
1.36367e-08
1.34312e-08
1.32744e-08
1.31139e-08
1.34616e-08
1.33716e-08
1.33455e-08
1.33741e-08
1.34283e-08
1.35429e-08
1.38143e-08
1.42632e-08
1.48195e-08
1.54519e-08
1.61855e-08
1.67815e-08
1.70354e-08
1.7e-08
1.66491e-08
1.59596e-08
1.5188e-08
1.46966e-08
1.44713e-08
1.4376e-08
1.42997e-08
1.42707e-08
1.43473e-08
1.45402e-08
1.48632e-08
1.52315e-08
1.55269e-08
1.5636e-08
1.55925e-08
1.54599e-08
1.52032e-08
1.49687e-08
1.48992e-08
1.49215e-08
1.49851e-08
1.48935e-08
1.46072e-08
1.42255e-08
1.38787e-08
1.36248e-08
1.45745e-08
1.45009e-08
1.43972e-08
1.43698e-08
1.44615e-08
1.4665e-08
1.50724e-08
1.56579e-08
1.62605e-08
1.69204e-08
1.76819e-08
1.8287e-08
1.84544e-08
1.81978e-08
1.74162e-08
1.62276e-08
1.51732e-08
1.47555e-08
1.48465e-08
1.4988e-08
1.50075e-08
1.49359e-08
1.48924e-08
1.49898e-08
1.52339e-08
1.55227e-08
1.57188e-08
1.57593e-08
1.57735e-08
1.57755e-08
1.57261e-08
1.57591e-08
1.58295e-08
1.58169e-08
1.56772e-08
1.54114e-08
1.51169e-08
1.49078e-08
1.47207e-08
1.45954e-08
1.51634e-08
1.51063e-08
1.50755e-08
1.51115e-08
1.52404e-08
1.55817e-08
1.6192e-08
1.68627e-08
1.74001e-08
1.78789e-08
1.84271e-08
1.88232e-08
1.88165e-08
1.83711e-08
1.75611e-08
1.66349e-08
1.60284e-08
1.59103e-08
1.59083e-08
1.56897e-08
1.52721e-08
1.49302e-08
1.4925e-08
1.52219e-08
1.5667e-08
1.60422e-08
1.61916e-08
1.62433e-08
1.6407e-08
1.65466e-08
1.65359e-08
1.64711e-08
1.6377e-08
1.62005e-08
1.58729e-08
1.54907e-08
1.52689e-08
1.52518e-08
1.52699e-08
1.52132e-08
1.56272e-08
1.5709e-08
1.59338e-08
1.62267e-08
1.65768e-08
1.70836e-08
1.77126e-08
1.8159e-08
1.83307e-08
1.8445e-08
1.87078e-08
1.89969e-08
1.90863e-08
1.87691e-08
1.80305e-08
1.7228e-08
1.70145e-08
1.73172e-08
1.75022e-08
1.72002e-08
1.66166e-08
1.62579e-08
1.63771e-08
1.6795e-08
1.71918e-08
1.7458e-08
1.75527e-08
1.7675e-08
1.79147e-08
1.79403e-08
1.76183e-08
1.71872e-08
1.67934e-08
1.64498e-08
1.61417e-08
1.58714e-08
1.57295e-08
1.57024e-08
1.56894e-08
1.56461e-08
1.62068e-08
1.63527e-08
1.68168e-08
1.72991e-08
1.76374e-08
1.79966e-08
1.83737e-08
1.85567e-08
1.86848e-08
1.90081e-08
1.93856e-08
1.94833e-08
1.92061e-08
1.86144e-08
1.77769e-08
1.7349e-08
1.78678e-08
1.8751e-08
1.90061e-08
1.83914e-08
1.75257e-08
1.71355e-08
1.73941e-08
1.79361e-08
1.84088e-08
1.87617e-08
1.91117e-08
1.96577e-08
2.00845e-08
1.99357e-08
1.92092e-08
1.832e-08
1.75529e-08
1.6992e-08
1.66207e-08
1.62961e-08
1.61339e-08
1.62647e-08
1.64412e-08
1.63496e-08
1.72749e-08
1.74042e-08
1.80197e-08
1.86248e-08
1.89187e-08
1.90467e-08
1.89781e-08
1.8806e-08
1.89534e-08
1.95949e-08
2.02798e-08
2.03675e-08
1.98828e-08
1.90895e-08
1.82234e-08
1.79392e-08
1.86057e-08
1.93479e-08
1.9363e-08
1.87804e-08
1.81645e-08
1.80318e-08
1.84056e-08
1.88538e-08
1.92857e-08
1.99403e-08
2.07923e-08
2.1655e-08
2.19574e-08
2.13678e-08
2.02974e-08
1.92817e-08
1.84717e-08
1.78902e-08
1.7586e-08
1.74922e-08
1.75899e-08
1.78341e-08
1.79237e-08
1.76126e-08
1.80204e-08
1.82536e-08
1.90416e-08
1.98166e-08
2.01653e-08
2.02078e-08
1.99361e-08
1.9486e-08
1.95653e-08
2.04267e-08
2.13124e-08
2.14177e-08
2.0787e-08
1.98736e-08
1.9031e-08
1.89657e-08
1.98291e-08
2.05069e-08
2.02137e-08
1.93899e-08
1.85502e-08
1.82463e-08
1.87347e-08
1.95677e-08
2.05924e-08
2.15478e-08
2.22659e-08
2.26781e-08
2.24623e-08
2.15039e-08
2.0231e-08
1.90715e-08
1.81089e-08
1.76306e-08
1.78319e-08
1.83801e-08
1.88459e-08
1.91454e-08
1.90055e-08
1.84361e-08
1.89095e-08
1.92522e-08
2.01709e-08
2.09685e-08
2.12052e-08
2.09827e-08
2.04011e-08
1.97553e-08
1.98964e-08
2.1014e-08
2.21165e-08
2.23035e-08
2.18044e-08
2.10375e-08
2.02207e-08
1.99709e-08
2.05477e-08
2.09998e-08
2.05861e-08
1.9539e-08
1.84798e-08
1.82922e-08
1.91914e-08
2.07703e-08
2.24608e-08
2.34267e-08
2.33681e-08
2.29752e-08
2.22677e-08
2.103e-08
1.97145e-08
1.86788e-08
1.79447e-08
1.7824e-08
1.84824e-08
1.93703e-08
1.98903e-08
1.99878e-08
1.97135e-08
1.9183e-08
1.95706e-08
1.9963e-08
2.08846e-08
2.15566e-08
2.15929e-08
2.12932e-08
2.08414e-08
2.03775e-08
2.05684e-08
2.17202e-08
2.29195e-08
2.31892e-08
2.27754e-08
2.2081e-08
2.12235e-08
2.08278e-08
2.12173e-08
2.14886e-08
2.09582e-08
2.00183e-08
1.93394e-08
1.9475e-08
2.06308e-08
2.27757e-08
2.48127e-08
2.51197e-08
2.4033e-08
2.28707e-08
2.19685e-08
2.09974e-08
2.00833e-08
1.92748e-08
1.85434e-08
1.84652e-08
1.9265e-08
2.01909e-08
2.06681e-08
2.07206e-08
2.03567e-08
1.98257e-08
1.99328e-08
2.05306e-08
2.13661e-08
2.18231e-08
2.16817e-08
2.1314e-08
2.09318e-08
2.05919e-08
2.08507e-08
2.20119e-08
2.3266e-08
2.37003e-08
2.35193e-08
2.30357e-08
2.22693e-08
2.16177e-08
2.15275e-08
2.14872e-08
2.0987e-08
2.04513e-08
2.02218e-08
2.04797e-08
2.17554e-08
2.43242e-08
2.63396e-08
2.57589e-08
2.37596e-08
2.24155e-08
2.1868e-08
2.13968e-08
2.07212e-08
1.98443e-08
1.91275e-08
1.92093e-08
2.01206e-08
2.09213e-08
2.1118e-08
2.0916e-08
2.04033e-08
1.99169e-08
1.97335e-08
2.03674e-08
2.11769e-08
2.17475e-08
2.19404e-08
2.19386e-08
2.17153e-08
2.13181e-08
2.14773e-08
2.24943e-08
2.36927e-08
2.43336e-08
2.44451e-08
2.4064e-08
2.29414e-08
2.17671e-08
2.13325e-08
2.10928e-08
2.08261e-08
2.08173e-08
2.08985e-08
2.10957e-08
2.24803e-08
2.5184e-08
2.68264e-08
2.56918e-08
2.35193e-08
2.23517e-08
2.21582e-08
2.19838e-08
2.14325e-08
2.05409e-08
1.98098e-08
1.99543e-08
2.0835e-08
2.15605e-08
2.16354e-08
2.10541e-08
2.01782e-08
1.96246e-08
1.97118e-08
2.02837e-08
2.11799e-08
2.20333e-08
2.25629e-08
2.27384e-08
2.25517e-08
2.21774e-08
2.22806e-08
2.31234e-08
2.41023e-08
2.46748e-08
2.49835e-08
2.48831e-08
2.38757e-08
2.23963e-08
2.13468e-08
2.0888e-08
2.10105e-08
2.1493e-08
2.17181e-08
2.18928e-08
2.35242e-08
2.64464e-08
2.78077e-08
2.61159e-08
2.37058e-08
2.27413e-08
2.28644e-08
2.29325e-08
2.24758e-08
2.15869e-08
2.08726e-08
2.10235e-08
2.19287e-08
2.26905e-08
2.25202e-08
2.14132e-08
2.01562e-08
1.95655e-08
2.01586e-08
2.0801e-08
2.19032e-08
2.29174e-08
2.34165e-08
2.35279e-08
2.33699e-08
2.31499e-08
2.33524e-08
2.40651e-08
2.47472e-08
2.52077e-08
2.56844e-08
2.58016e-08
2.46989e-08
2.28162e-08
2.14156e-08
2.12737e-08
2.20248e-08
2.28112e-08
2.2967e-08
2.31024e-08
2.48792e-08
2.78469e-08
2.88593e-08
2.67592e-08
2.4188e-08
2.32793e-08
2.34551e-08
2.35848e-08
2.32424e-08
2.25401e-08
2.20328e-08
2.22951e-08
2.32957e-08
2.39772e-08
2.34983e-08
2.21269e-08
2.07682e-08
2.0101e-08
2.10191e-08
2.17683e-08
2.29393e-08
2.3972e-08
2.44514e-08
2.45312e-08
2.43986e-08
2.41997e-08
2.43442e-08
2.48978e-08
2.54147e-08
2.5853e-08
2.64092e-08
2.64591e-08
2.51185e-08
2.31804e-08
2.19979e-08
2.21802e-08
2.31495e-08
2.39301e-08
2.39214e-08
2.39565e-08
2.57328e-08
2.8411e-08
2.88879e-08
2.66028e-08
2.42554e-08
2.36077e-08
2.38254e-08
2.39094e-08
2.36751e-08
2.32255e-08
2.29794e-08
2.33802e-08
2.42975e-08
2.48036e-08
2.42469e-08
2.29392e-08
2.16349e-08
2.09386e-08
2.19087e-08
2.28517e-08
2.40784e-08
2.50349e-08
2.54083e-08
2.54096e-08
2.5224e-08
2.50337e-08
2.51561e-08
2.56444e-08
2.6119e-08
2.65493e-08
2.70057e-08
2.69056e-08
2.56919e-08
2.40024e-08
2.2944e-08
2.31355e-08
2.40858e-08
2.47985e-08
2.46947e-08
2.46815e-08
2.63165e-08
2.85785e-08
2.86438e-08
2.6287e-08
2.41634e-08
2.37628e-08
2.40356e-08
2.40602e-08
2.38511e-08
2.36029e-08
2.3601e-08
2.40713e-08
2.48662e-08
2.52778e-08
2.4736e-08
2.35232e-08
2.23199e-08
2.16885e-08
2.26389e-08
2.37548e-08
2.50057e-08
2.58761e-08
2.61476e-08
2.60815e-08
2.59278e-08
2.57695e-08
2.58189e-08
2.61935e-08
2.65612e-08
2.67866e-08
2.7048e-08
2.70086e-08
2.60343e-08
2.4534e-08
2.35586e-08
2.37766e-08
2.466e-08
2.52744e-08
2.51621e-08
2.52473e-08
2.6814e-08
2.87546e-08
2.84294e-08
2.59613e-08
2.40403e-08
2.3852e-08
2.41444e-08
2.4051e-08
2.37975e-08
2.3737e-08
2.3988e-08
2.45053e-08
2.51975e-08
2.55659e-08
2.50696e-08
2.39767e-08
2.28677e-08
2.22767e-08
2.30118e-08
2.41771e-08
2.53681e-08
2.61725e-08
2.64363e-08
2.63847e-08
2.62826e-08
2.61318e-08
2.61246e-08
2.64159e-08
2.66437e-08
2.67262e-08
2.69719e-08
2.69815e-08
2.60257e-08
2.45929e-08
2.37858e-08
2.40611e-08
2.49292e-08
2.55441e-08
2.54928e-08
2.56302e-08
2.70536e-08
2.86494e-08
2.80257e-08
2.5577e-08
2.38829e-08
2.3858e-08
2.41114e-08
2.3857e-08
2.35447e-08
2.35943e-08
2.39436e-08
2.45066e-08
2.5284e-08
2.57452e-08
2.53005e-08
2.42721e-08
2.31923e-08
2.25979e-08
2.30715e-08
2.41723e-08
2.53215e-08
2.61245e-08
2.63747e-08
2.63138e-08
2.62472e-08
2.61266e-08
2.61467e-08
2.64431e-08
2.66213e-08
2.66896e-08
2.69582e-08
2.68803e-08
2.57594e-08
2.42528e-08
2.35064e-08
2.39044e-08
2.49416e-08
2.57292e-08
2.5789e-08
2.58881e-08
2.70925e-08
2.84152e-08
2.76682e-08
2.53065e-08
2.38146e-08
2.39182e-08
2.40997e-08
2.36193e-08
2.31464e-08
2.32071e-08
2.36533e-08
2.4374e-08
2.53073e-08
2.58363e-08
2.54301e-08
2.44411e-08
2.3368e-08
2.27199e-08
2.3013e-08
2.40223e-08
2.51059e-08
2.58569e-08
2.60691e-08
2.59951e-08
2.59257e-08
2.58267e-08
2.58986e-08
2.62594e-08
2.6503e-08
2.66648e-08
2.69396e-08
2.67052e-08
2.53598e-08
2.37258e-08
2.30024e-08
2.35403e-08
2.48074e-08
2.57852e-08
2.59048e-08
2.59758e-08
2.71027e-08
2.82647e-08
2.74131e-08
2.5105e-08
2.37638e-08
2.3917e-08
2.39618e-08
2.32392e-08
2.26241e-08
2.27106e-08
2.32884e-08
2.42043e-08
2.53022e-08
2.58569e-08
2.54465e-08
2.44754e-08
2.34019e-08
2.27284e-08
2.2977e-08
2.38793e-08
2.48598e-08
2.5506e-08
2.56492e-08
2.55473e-08
2.54779e-08
2.54208e-08
2.55595e-08
2.59695e-08
2.62521e-08
2.64634e-08
2.67125e-08
2.63495e-08
2.48657e-08
2.31969e-08
2.25547e-08
2.3213e-08
2.45844e-08
2.56564e-08
2.58425e-08
2.59307e-08
2.69815e-08
2.80015e-08
2.712e-08
2.49053e-08
2.36687e-08
2.38202e-08
2.36886e-08
2.27427e-08
2.20379e-08
2.21729e-08
2.28592e-08
2.38958e-08
2.50473e-08
2.55947e-08
2.52185e-08
2.4332e-08
2.33467e-08
2.27253e-08
2.28832e-08
2.37052e-08
2.45888e-08
2.51538e-08
2.5235e-08
2.50931e-08
2.50307e-08
2.50333e-08
2.52192e-08
2.56299e-08
2.59079e-08
2.61231e-08
2.63401e-08
2.59086e-08
2.43879e-08
2.2754e-08
2.22037e-08
2.29322e-08
2.43186e-08
2.54137e-08
2.56529e-08
2.57596e-08
2.67102e-08
2.75939e-08
2.67043e-08
2.45866e-08
2.34423e-08
2.35647e-08
2.33028e-08
2.22493e-08
2.15282e-08
2.17109e-08
2.24593e-08
2.35154e-08
2.46376e-08
2.51712e-08
2.484e-08
2.40327e-08
2.31484e-08
2.26255e-08
2.26759e-08
2.34595e-08
2.43062e-08
2.48388e-08
2.48995e-08
2.47662e-08
2.47243e-08
2.47424e-08
2.49293e-08
2.53212e-08
2.55883e-08
2.58096e-08
2.6019e-08
2.55647e-08
2.4047e-08
2.24564e-08
2.19502e-08
2.26886e-08
2.40545e-08
2.51537e-08
2.54284e-08
2.55301e-08
2.63992e-08
2.72052e-08
2.6325e-08
2.42827e-08
2.31879e-08
2.32845e-08
2.29734e-08
2.19109e-08
2.11955e-08
2.13856e-08
2.21522e-08
2.32194e-08
2.43369e-08
2.48505e-08
2.45101e-08
2.37189e-08
2.28856e-08
2.24151e-08
2.25225e-08
2.3296e-08
2.41328e-08
2.46608e-08
2.47299e-08
2.46121e-08
2.4577e-08
2.45893e-08
2.47664e-08
2.5156e-08
2.54318e-08
2.56658e-08
2.58767e-08
2.54123e-08
2.38899e-08
2.23049e-08
2.18122e-08
2.25553e-08
2.39108e-08
2.50023e-08
2.52817e-08
2.5388e-08
2.62358e-08
2.70153e-08
2.61374e-08
2.41255e-08
2.30569e-08
2.31477e-08
2.28245e-08
2.17584e-08
2.10418e-08
2.12355e-08
2.20123e-08
2.30789e-08
2.41746e-08
2.46703e-08
2.43246e-08
2.35339e-08
2.27109e-08
2.22575e-08
1.25004e-08
1.23982e-08
1.2375e-08
1.24672e-08
1.26655e-08
1.29084e-08
1.32964e-08
1.37941e-08
1.42851e-08
1.4696e-08
1.49914e-08
1.51716e-08
1.52131e-08
1.51463e-08
1.50008e-08
1.47552e-08
1.44599e-08
1.41891e-08
1.39837e-08
1.38427e-08
1.3804e-08
1.38271e-08
1.3868e-08
1.3991e-08
1.41901e-08
1.44063e-08
1.46017e-08
1.46984e-08
1.46266e-08
1.44736e-08
1.43628e-08
1.42751e-08
1.41266e-08
1.3972e-08
1.38111e-08
1.36202e-08
1.33617e-08
1.30713e-08
1.28543e-08
1.26765e-08
1.2967e-08
1.28684e-08
1.27698e-08
1.26573e-08
1.25913e-08
1.2613e-08
1.28387e-08
1.32662e-08
1.37719e-08
1.4308e-08
1.48771e-08
1.53428e-08
1.55177e-08
1.54262e-08
1.51882e-08
1.48584e-08
1.45081e-08
1.42533e-08
1.40796e-08
1.39658e-08
1.38848e-08
1.38748e-08
1.39547e-08
1.41148e-08
1.42993e-08
1.44846e-08
1.46447e-08
1.46991e-08
1.46527e-08
1.45737e-08
1.44432e-08
1.42494e-08
1.40918e-08
1.39667e-08
1.38914e-08
1.37926e-08
1.36189e-08
1.34112e-08
1.32538e-08
1.31106e-08
1.34187e-08
1.33554e-08
1.32652e-08
1.3174e-08
1.31135e-08
1.31356e-08
1.34145e-08
1.402e-08
1.47649e-08
1.55418e-08
1.62897e-08
1.68388e-08
1.70405e-08
1.69449e-08
1.65903e-08
1.59473e-08
1.52428e-08
1.47671e-08
1.4569e-08
1.4487e-08
1.44063e-08
1.43596e-08
1.43886e-08
1.45638e-08
1.48139e-08
1.51339e-08
1.54248e-08
1.55133e-08
1.54487e-08
1.52829e-08
1.49781e-08
1.47127e-08
1.46503e-08
1.46999e-08
1.47054e-08
1.45564e-08
1.4253e-08
1.39598e-08
1.37371e-08
1.35416e-08
1.46927e-08
1.45468e-08
1.43284e-08
1.42277e-08
1.42454e-08
1.43279e-08
1.46327e-08
1.5233e-08
1.59975e-08
1.68815e-08
1.77646e-08
1.8328e-08
1.83561e-08
1.79142e-08
1.71502e-08
1.61763e-08
1.53728e-08
1.49906e-08
1.49274e-08
1.49308e-08
1.49375e-08
1.49983e-08
1.51734e-08
1.5382e-08
1.56022e-08
1.58401e-08
1.5977e-08
1.59232e-08
1.58092e-08
1.56389e-08
1.54137e-08
1.53192e-08
1.53301e-08
1.52817e-08
1.50543e-08
1.47227e-08
1.45201e-08
1.45516e-08
1.46484e-08
1.47095e-08
1.49389e-08
1.47341e-08
1.45566e-08
1.45335e-08
1.4708e-08
1.50775e-08
1.56818e-08
1.64245e-08
1.71423e-08
1.77827e-08
1.83085e-08
1.86113e-08
1.86024e-08
1.825e-08
1.75245e-08
1.6573e-08
1.57795e-08
1.54209e-08
1.53814e-08
1.53808e-08
1.53045e-08
1.52033e-08
1.52707e-08
1.5535e-08
1.58618e-08
1.61288e-08
1.62472e-08
1.6289e-08
1.63754e-08
1.63401e-08
1.61523e-08
1.59572e-08
1.58087e-08
1.55766e-08
1.52315e-08
1.49452e-08
1.48659e-08
1.4979e-08
1.5076e-08
1.50568e-08
1.50762e-08
1.50204e-08
1.51451e-08
1.55887e-08
1.61945e-08
1.68978e-08
1.75926e-08
1.80389e-08
1.83166e-08
1.86993e-08
1.91614e-08
1.9499e-08
1.94908e-08
1.89635e-08
1.80555e-08
1.7165e-08
1.66846e-08
1.65304e-08
1.63773e-08
1.60989e-08
1.5899e-08
1.59663e-08
1.63479e-08
1.67363e-08
1.69353e-08
1.70799e-08
1.7242e-08
1.74007e-08
1.75643e-08
1.74597e-08
1.70684e-08
1.66191e-08
1.62823e-08
1.59787e-08
1.56449e-08
1.52973e-08
1.50469e-08
1.49515e-08
1.50195e-08
1.5113e-08
1.59113e-08
1.59059e-08
1.63048e-08
1.69587e-08
1.75908e-08
1.81554e-08
1.86468e-08
1.89204e-08
1.91817e-08
1.97382e-08
2.04004e-08
2.0759e-08
2.05665e-08
1.98353e-08
1.8742e-08
1.77767e-08
1.73166e-08
1.71766e-08
1.69674e-08
1.66466e-08
1.64585e-08
1.66509e-08
1.71348e-08
1.75189e-08
1.77284e-08
1.79988e-08
1.83597e-08
1.87571e-08
1.89345e-08
1.86164e-08
1.79237e-08
1.72337e-08
1.6712e-08
1.63356e-08
1.60068e-08
1.56879e-08
1.5534e-08
1.56756e-08
1.59629e-08
1.60277e-08
1.66808e-08
1.66625e-08
1.73077e-08
1.82354e-08
1.89953e-08
1.95573e-08
1.98189e-08
1.97631e-08
1.9897e-08
2.05101e-08
2.12598e-08
2.16128e-08
2.1284e-08
2.03228e-08
1.9098e-08
1.8216e-08
1.79672e-08
1.79619e-08
1.78307e-08
1.75659e-08
1.73926e-08
1.75984e-08
1.80293e-08
1.83737e-08
1.86993e-08
1.92149e-08
1.98141e-08
2.02551e-08
2.02625e-08
1.96533e-08
1.87604e-08
1.80129e-08
1.74497e-08
1.69756e-08
1.66215e-08
1.64982e-08
1.66779e-08
1.70677e-08
1.72854e-08
1.7081e-08
1.73191e-08
1.7478e-08
1.83385e-08
1.93965e-08
2.0255e-08
2.08522e-08
2.09141e-08
2.05844e-08
2.06007e-08
2.12316e-08
2.19744e-08
2.22389e-08
2.17914e-08
2.0761e-08
1.95807e-08
1.88601e-08
1.87195e-08
1.88417e-08
1.88243e-08
1.85554e-08
1.83021e-08
1.84889e-08
1.9088e-08
1.96508e-08
2.01175e-08
2.05228e-08
2.08035e-08
2.10352e-08
2.10263e-08
2.04348e-08
1.95731e-08
1.87608e-08
1.79406e-08
1.73383e-08
1.72123e-08
1.73927e-08
1.76814e-08
1.79811e-08
1.80371e-08
1.76886e-08
1.85137e-08
1.89338e-08
1.98279e-08
2.07668e-08
2.14657e-08
2.18945e-08
2.16685e-08
2.11014e-08
2.11359e-08
2.19801e-08
2.29049e-08
2.33445e-08
2.30257e-08
2.20323e-08
2.07449e-08
1.98107e-08
1.96041e-08
1.96344e-08
1.92985e-08
1.86845e-08
1.829e-08
1.86608e-08
1.97207e-08
2.07249e-08
2.14011e-08
2.17513e-08
2.1676e-08
2.14065e-08
2.09325e-08
2.00471e-08
1.90379e-08
1.81087e-08
1.71977e-08
1.67269e-08
1.71167e-08
1.78962e-08
1.85162e-08
1.88771e-08
1.89032e-08
1.86107e-08
1.93791e-08
1.98774e-08
2.06801e-08
2.12877e-08
2.18219e-08
2.22946e-08
2.21914e-08
2.17054e-08
2.17435e-08
2.25858e-08
2.36625e-08
2.42284e-08
2.4057e-08
2.31927e-08
2.1857e-08
2.06853e-08
2.01687e-08
1.98516e-08
1.92916e-08
1.85853e-08
1.81949e-08
1.89128e-08
2.05289e-08
2.20523e-08
2.30012e-08
2.31328e-08
2.25192e-08
2.1608e-08
2.0543e-08
1.9227e-08
1.80473e-08
1.70984e-08
1.63083e-08
1.62494e-08
1.72212e-08
1.85356e-08
1.94331e-08
1.98432e-08
1.97858e-08
1.94433e-08
2.00774e-08
2.08024e-08
2.14105e-08
2.14946e-08
2.17691e-08
2.24411e-08
2.25669e-08
2.20277e-08
2.2013e-08
2.29686e-08
2.41647e-08
2.47692e-08
2.45351e-08
2.35988e-08
2.23498e-08
2.12971e-08
2.06765e-08
2.0157e-08
1.95443e-08
1.9106e-08
1.90811e-08
1.99216e-08
2.15873e-08
2.33383e-08
2.44601e-08
2.44419e-08
2.3395e-08
2.21059e-08
2.08446e-08
1.94735e-08
1.82669e-08
1.73824e-08
1.67809e-08
1.69654e-08
1.82439e-08
1.97439e-08
2.05629e-08
2.06308e-08
2.02647e-08
1.98969e-08
2.11029e-08
2.18397e-08
2.20863e-08
2.18705e-08
2.21421e-08
2.28498e-08
2.2913e-08
2.24125e-08
2.26621e-08
2.39615e-08
2.5398e-08
2.60177e-08
2.56577e-08
2.46435e-08
2.34539e-08
2.23182e-08
2.13026e-08
2.043e-08
2.00567e-08
2.01579e-08
2.04133e-08
2.10639e-08
2.25102e-08
2.44557e-08
2.57498e-08
2.54661e-08
2.42131e-08
2.29901e-08
2.15561e-08
1.99251e-08
1.8753e-08
1.80741e-08
1.76864e-08
1.80296e-08
1.94417e-08
2.10705e-08
2.18723e-08
2.1688e-08
2.10332e-08
2.06909e-08
2.19994e-08
2.27177e-08
2.29871e-08
2.28307e-08
2.30293e-08
2.34951e-08
2.33893e-08
2.31318e-08
2.39169e-08
2.56108e-08
2.70461e-08
2.74335e-08
2.68711e-08
2.58267e-08
2.45545e-08
2.31176e-08
2.19028e-08
2.12875e-08
2.16647e-08
2.23717e-08
2.25036e-08
2.27334e-08
2.40107e-08
2.59567e-08
2.68903e-08
2.61659e-08
2.49627e-08
2.39086e-08
2.22769e-08
2.02775e-08
1.90277e-08
1.85413e-08
1.84142e-08
1.90203e-08
2.07082e-08
2.25443e-08
2.32102e-08
2.25724e-08
2.1702e-08
2.1491e-08
2.30247e-08
2.38507e-08
2.42692e-08
2.40853e-08
2.39666e-08
2.42738e-08
2.43724e-08
2.44717e-08
2.54651e-08
2.71404e-08
2.84421e-08
2.87241e-08
2.80504e-08
2.68287e-08
2.53512e-08
2.39093e-08
2.29464e-08
2.29652e-08
2.40448e-08
2.49831e-08
2.49078e-08
2.47457e-08
2.56341e-08
2.71842e-08
2.76849e-08
2.67117e-08
2.57299e-08
2.50313e-08
2.33852e-08
2.11627e-08
1.97846e-08
1.93652e-08
1.94418e-08
2.02784e-08
2.20775e-08
2.36811e-08
2.38798e-08
2.29948e-08
2.22821e-08
2.23732e-08
2.39404e-08
2.49105e-08
2.54589e-08
2.52829e-08
2.52546e-08
2.57702e-08
2.60393e-08
2.6099e-08
2.69367e-08
2.84951e-08
2.96946e-08
2.98265e-08
2.88982e-08
2.74539e-08
2.5977e-08
2.47396e-08
2.41909e-08
2.47714e-08
2.61908e-08
2.71564e-08
2.68978e-08
2.64617e-08
2.71284e-08
2.8277e-08
2.82074e-08
2.71262e-08
2.66062e-08
2.62193e-08
2.45391e-08
2.21775e-08
2.07083e-08
2.035e-08
2.05807e-08
2.15383e-08
2.32894e-08
2.45598e-08
2.44001e-08
2.34756e-08
2.29652e-08
2.31998e-08
2.47775e-08
2.59647e-08
2.67437e-08
2.66929e-08
2.66843e-08
2.71942e-08
2.74198e-08
2.73322e-08
2.79624e-08
2.92986e-08
3.03176e-08
3.03309e-08
2.93637e-08
2.79389e-08
2.65268e-08
2.55523e-08
2.54335e-08
2.63556e-08
2.78527e-08
2.869e-08
2.82467e-08
2.77074e-08
2.82644e-08
2.90638e-08
2.86448e-08
2.76345e-08
2.74269e-08
2.72027e-08
2.55436e-08
2.31854e-08
2.16883e-08
2.13616e-08
2.16521e-08
2.25991e-08
2.42388e-08
2.52928e-08
2.48852e-08
2.39416e-08
2.36205e-08
2.39598e-08
2.54361e-08
2.67378e-08
2.74763e-08
2.73837e-08
2.75141e-08
2.82074e-08
2.84257e-08
2.81808e-08
2.86291e-08
2.98173e-08
3.06832e-08
3.05671e-08
2.96084e-08
2.82681e-08
2.69792e-08
2.62351e-08
2.65398e-08
2.76973e-08
2.90115e-08
2.95578e-08
2.89709e-08
2.84665e-08
2.89791e-08
2.95422e-08
2.89243e-08
2.80603e-08
2.81188e-08
2.7942e-08
2.62528e-08
2.39467e-08
2.25272e-08
2.23061e-08
2.26264e-08
2.35579e-08
2.51257e-08
2.59905e-08
2.53288e-08
2.43233e-08
2.40539e-08
2.4467e-08
2.57704e-08
2.71088e-08
2.78373e-08
2.78132e-08
2.81247e-08
2.89704e-08
2.91964e-08
2.88665e-08
2.92131e-08
3.03197e-08
3.10686e-08
3.08992e-08
3.00644e-08
2.88049e-08
2.7482e-08
2.68405e-08
2.73588e-08
2.85132e-08
2.94826e-08
2.95913e-08
2.87766e-08
2.82927e-08
2.89244e-08
2.95208e-08
2.89955e-08
2.8399e-08
2.85976e-08
2.83407e-08
2.65632e-08
2.42827e-08
2.29751e-08
2.287e-08
2.32939e-08
2.42994e-08
2.58761e-08
2.65785e-08
2.56458e-08
2.44867e-08
2.42292e-08
2.47165e-08
2.59691e-08
2.72932e-08
2.80847e-08
2.82046e-08
2.8639e-08
2.94944e-08
2.96473e-08
2.92215e-08
2.95189e-08
3.05993e-08
3.13592e-08
3.12933e-08
3.06367e-08
2.94665e-08
2.80558e-08
2.72553e-08
2.75318e-08
2.83258e-08
2.90102e-08
2.90902e-08
2.83248e-08
2.78448e-08
2.84711e-08
2.91024e-08
2.86977e-08
2.82265e-08
2.84791e-08
2.82694e-08
2.65737e-08
2.43847e-08
2.32078e-08
2.32319e-08
2.37282e-08
2.47679e-08
2.6298e-08
2.68664e-08
2.581e-08
2.46345e-08
2.44107e-08
2.49362e-08
2.60449e-08
2.72858e-08
2.80547e-08
2.8244e-08
2.87314e-08
2.95657e-08
2.96109e-08
2.90865e-08
2.935e-08
3.04274e-08
3.1208e-08
3.12457e-08
3.07284e-08
2.95628e-08
2.80526e-08
2.71684e-08
2.72245e-08
2.75794e-08
2.79868e-08
2.82525e-08
2.78449e-08
2.75278e-08
2.8121e-08
2.86739e-08
2.82182e-08
2.7721e-08
2.79545e-08
2.78314e-08
2.62981e-08
2.42609e-08
2.32487e-08
2.33648e-08
2.38583e-08
2.48621e-08
2.63358e-08
2.68536e-08
2.58133e-08
2.46864e-08
2.44786e-08
2.50322e-08
2.58354e-08
2.70365e-08
2.77782e-08
2.79719e-08
2.84799e-08
2.9274e-08
2.9244e-08
2.86756e-08
2.89196e-08
2.99593e-08
3.07264e-08
3.08006e-08
3.02945e-08
2.90848e-08
2.75446e-08
2.66674e-08
2.65921e-08
2.66869e-08
2.70161e-08
2.74614e-08
2.72775e-08
2.70636e-08
2.76471e-08
2.81674e-08
2.7734e-08
2.72495e-08
2.74495e-08
2.72943e-08
2.5793e-08
2.38811e-08
2.30153e-08
2.31715e-08
2.36151e-08
2.45734e-08
2.60283e-08
2.6577e-08
2.55693e-08
2.44433e-08
2.42548e-08
2.48404e-08
2.54675e-08
2.6618e-08
2.73191e-08
2.75301e-08
2.80377e-08
2.87972e-08
2.87548e-08
2.82125e-08
2.84759e-08
2.94904e-08
3.02297e-08
3.02915e-08
2.97626e-08
2.85298e-08
2.70051e-08
2.61423e-08
2.59806e-08
2.59661e-08
2.63146e-08
2.68512e-08
2.67337e-08
2.65483e-08
2.71255e-08
2.76622e-08
2.72827e-08
2.6825e-08
2.70045e-08
2.67865e-08
2.52388e-08
2.33562e-08
2.25669e-08
2.2748e-08
2.31672e-08
2.41104e-08
2.55836e-08
2.61857e-08
2.5231e-08
2.41136e-08
2.39058e-08
2.44816e-08
2.51231e-08
2.6227e-08
2.69005e-08
2.71069e-08
2.76038e-08
2.8349e-08
2.83193e-08
2.78067e-08
2.80862e-08
2.91025e-08
2.98351e-08
2.9882e-08
2.93365e-08
2.81019e-08
2.65913e-08
2.57514e-08
2.5567e-08
2.55109e-08
2.58603e-08
2.64264e-08
2.63379e-08
2.61573e-08
2.67147e-08
2.72444e-08
2.68876e-08
2.64517e-08
2.66015e-08
2.63179e-08
2.47371e-08
2.28846e-08
2.21472e-08
2.23645e-08
2.28119e-08
2.37784e-08
2.5243e-08
2.58326e-08
2.4897e-08
2.38014e-08
2.35951e-08
2.41632e-08
2.49578e-08
2.6034e-08
2.66813e-08
2.68808e-08
2.73774e-08
2.81189e-08
2.81013e-08
2.76219e-08
2.79244e-08
2.8933e-08
2.96449e-08
2.96727e-08
2.91153e-08
2.7888e-08
2.6394e-08
2.55572e-08
2.53726e-08
2.53298e-08
2.5698e-08
2.62579e-08
2.61629e-08
2.59875e-08
2.65473e-08
2.70679e-08
2.67056e-08
2.62545e-08
2.63669e-08
2.60404e-08
2.44504e-08
2.26375e-08
2.19474e-08
2.21855e-08
2.26415e-08
2.3606e-08
2.50473e-08
2.56208e-08
2.47002e-08
2.36321e-08
2.34423e-08
2.401e-08
1.23962e-08
1.22924e-08
1.22767e-08
1.23975e-08
1.26282e-08
1.29516e-08
1.33995e-08
1.3907e-08
1.43336e-08
1.46668e-08
1.48951e-08
1.50345e-08
1.50778e-08
1.49853e-08
1.48183e-08
1.45312e-08
1.41697e-08
1.38963e-08
1.37395e-08
1.3677e-08
1.37195e-08
1.38036e-08
1.38748e-08
1.39939e-08
1.41556e-08
1.43059e-08
1.44516e-08
1.45231e-08
1.44655e-08
1.43467e-08
1.42642e-08
1.41855e-08
1.40263e-08
1.38162e-08
1.36057e-08
1.34331e-08
1.32139e-08
1.29616e-08
1.27523e-08
1.25702e-08
1.28692e-08
1.27852e-08
1.26845e-08
1.26177e-08
1.26263e-08
1.27225e-08
1.29612e-08
1.3345e-08
1.37837e-08
1.42549e-08
1.47977e-08
1.52605e-08
1.54591e-08
1.5367e-08
1.50976e-08
1.47422e-08
1.43739e-08
1.41041e-08
1.39455e-08
1.38344e-08
1.37447e-08
1.37174e-08
1.37726e-08
1.39294e-08
1.41242e-08
1.43182e-08
1.45012e-08
1.4579e-08
1.45759e-08
1.45435e-08
1.4433e-08
1.4234e-08
1.40237e-08
1.38304e-08
1.37244e-08
1.36435e-08
1.34723e-08
1.32798e-08
1.31225e-08
1.29777e-08
1.34339e-08
1.33813e-08
1.32327e-08
1.30909e-08
1.29752e-08
1.29459e-08
1.31785e-08
1.37306e-08
1.44466e-08
1.52126e-08
1.59192e-08
1.64251e-08
1.6598e-08
1.64818e-08
1.61538e-08
1.56547e-08
1.5178e-08
1.4898e-08
1.4775e-08
1.46715e-08
1.44821e-08
1.43028e-08
1.42802e-08
1.44202e-08
1.46983e-08
1.50519e-08
1.53712e-08
1.54796e-08
1.54395e-08
1.53149e-08
1.50259e-08
1.46605e-08
1.43996e-08
1.42308e-08
1.41157e-08
1.39792e-08
1.38325e-08
1.37195e-08
1.3602e-08
1.3488e-08
1.45147e-08
1.44318e-08
1.42083e-08
1.3982e-08
1.3782e-08
1.36984e-08
1.39625e-08
1.46358e-08
1.55113e-08
1.63513e-08
1.70354e-08
1.74097e-08
1.73961e-08
1.70606e-08
1.6521e-08
1.59003e-08
1.54828e-08
1.541e-08
1.54847e-08
1.54474e-08
1.52077e-08
1.49723e-08
1.50018e-08
1.52189e-08
1.54615e-08
1.56924e-08
1.57966e-08
1.57373e-08
1.5605e-08
1.53964e-08
1.50558e-08
1.46988e-08
1.44677e-08
1.43137e-08
1.41734e-08
1.40666e-08
1.40913e-08
1.42544e-08
1.44059e-08
1.44784e-08
1.47409e-08
1.44564e-08
1.41632e-08
1.41075e-08
1.43188e-08
1.4764e-08
1.54212e-08
1.61273e-08
1.67818e-08
1.73863e-08
1.79123e-08
1.82304e-08
1.82228e-08
1.78648e-08
1.72414e-08
1.65852e-08
1.61857e-08
1.61095e-08
1.61278e-08
1.6031e-08
1.57134e-08
1.53829e-08
1.53534e-08
1.55702e-08
1.58158e-08
1.60383e-08
1.61629e-08
1.6157e-08
1.61335e-08
1.60159e-08
1.57451e-08
1.54266e-08
1.50803e-08
1.47038e-08
1.43446e-08
1.41745e-08
1.42642e-08
1.45244e-08
1.47908e-08
1.48622e-08
1.51027e-08
1.47628e-08
1.46996e-08
1.50988e-08
1.5822e-08
1.66658e-08
1.7419e-08
1.78683e-08
1.80727e-08
1.83483e-08
1.87312e-08
1.89856e-08
1.89118e-08
1.84117e-08
1.75669e-08
1.68183e-08
1.65411e-08
1.65653e-08
1.64755e-08
1.61827e-08
1.58293e-08
1.57008e-08
1.59654e-08
1.63568e-08
1.67175e-08
1.70345e-08
1.72046e-08
1.72478e-08
1.7252e-08
1.70572e-08
1.66389e-08
1.61783e-08
1.56974e-08
1.5175e-08
1.47318e-08
1.44978e-08
1.4585e-08
1.49226e-08
1.52801e-08
1.5354e-08
1.65072e-08
1.60699e-08
1.61159e-08
1.6661e-08
1.74105e-08
1.81182e-08
1.86663e-08
1.89479e-08
1.91437e-08
1.95414e-08
1.99725e-08
2.01684e-08
1.99736e-08
1.93148e-08
1.82899e-08
1.7356e-08
1.69012e-08
1.67759e-08
1.65938e-08
1.62839e-08
1.60361e-08
1.61154e-08
1.65781e-08
1.71503e-08
1.76746e-08
1.81057e-08
1.83699e-08
1.85581e-08
1.86199e-08
1.83533e-08
1.78073e-08
1.72332e-08
1.66556e-08
1.60941e-08
1.57292e-08
1.57302e-08
1.6134e-08
1.67556e-08
1.71535e-08
1.70223e-08
1.73571e-08
1.70555e-08
1.74681e-08
1.83722e-08
1.92783e-08
1.98934e-08
2.00989e-08
1.99875e-08
1.99526e-08
2.02696e-08
2.06732e-08
2.09193e-08
2.08057e-08
2.01964e-08
1.92207e-08
1.83075e-08
1.78351e-08
1.7649e-08
1.74628e-08
1.7226e-08
1.70744e-08
1.72787e-08
1.7848e-08
1.84327e-08
1.90475e-08
1.97446e-08
2.02063e-08
2.0398e-08
2.02547e-08
1.96708e-08
1.88446e-08
1.80388e-08
1.7365e-08
1.68323e-08
1.66255e-08
1.6937e-08
1.76437e-08
1.83396e-08
1.85006e-08
1.80316e-08
1.80161e-08
1.79263e-08
1.8587e-08
1.95783e-08
2.03243e-08
2.06215e-08
2.04881e-08
2.03198e-08
2.05559e-08
2.10978e-08
2.14812e-08
2.16245e-08
2.15595e-08
2.11089e-08
2.02141e-08
1.92465e-08
1.86001e-08
1.83442e-08
1.82749e-08
1.82053e-08
1.8209e-08
1.86483e-08
1.95456e-08
2.04327e-08
2.12162e-08
2.18218e-08
2.19721e-08
2.18829e-08
2.15821e-08
2.07332e-08
1.96264e-08
1.85784e-08
1.77038e-08
1.72271e-08
1.73685e-08
1.79772e-08
1.86115e-08
1.90612e-08
1.90871e-08
1.85953e-08
1.92889e-08
1.93615e-08
2.00047e-08
2.08273e-08
2.13523e-08
2.15025e-08
2.13515e-08
2.12662e-08
2.16438e-08
2.22253e-08
2.25238e-08
2.27329e-08
2.2862e-08
2.24968e-08
2.15083e-08
2.03736e-08
1.96103e-08
1.92775e-08
1.90973e-08
1.88969e-08
1.89273e-08
1.9633e-08
2.08308e-08
2.19305e-08
2.2767e-08
2.32715e-08
2.31833e-08
2.27929e-08
2.21737e-08
2.11032e-08
1.98253e-08
1.86722e-08
1.77191e-08
1.73201e-08
1.77845e-08
1.86114e-08
1.92901e-08
1.97972e-08
1.99462e-08
1.96525e-08
2.06565e-08
2.08191e-08
2.13254e-08
2.16706e-08
2.18234e-08
2.20247e-08
2.21398e-08
2.23077e-08
2.28297e-08
2.33732e-08
2.36186e-08
2.38737e-08
2.42112e-08
2.40103e-08
2.29095e-08
2.13672e-08
2.02604e-08
1.97443e-08
1.95483e-08
1.94986e-08
1.988e-08
2.09062e-08
2.21299e-08
2.30364e-08
2.36988e-08
2.40226e-08
2.3751e-08
2.32043e-08
2.24629e-08
2.13961e-08
2.02927e-08
1.93298e-08
1.84985e-08
1.81341e-08
1.86715e-08
1.96277e-08
2.04405e-08
2.09932e-08
2.11718e-08
2.09469e-08
2.18286e-08
2.19965e-08
2.20416e-08
2.17545e-08
2.18912e-08
2.25874e-08
2.31185e-08
2.33285e-08
2.36477e-08
2.39427e-08
2.41231e-08
2.44917e-08
2.48402e-08
2.45148e-08
2.3149e-08
2.14048e-08
2.03113e-08
1.98802e-08
1.98711e-08
2.0204e-08
2.10285e-08
2.21859e-08
2.31323e-08
2.38159e-08
2.43752e-08
2.45174e-08
2.41258e-08
2.34957e-08
2.25953e-08
2.15309e-08
2.07605e-08
2.01106e-08
1.92429e-08
1.88482e-08
1.95613e-08
2.07228e-08
2.15289e-08
2.19169e-08
2.19606e-08
2.18245e-08
2.2927e-08
2.31225e-08
2.27278e-08
2.19113e-08
2.19412e-08
2.30883e-08
2.41603e-08
2.46054e-08
2.4814e-08
2.49037e-08
2.50891e-08
2.55842e-08
2.59491e-08
2.54963e-08
2.39247e-08
2.20065e-08
2.08216e-08
2.0411e-08
2.05483e-08
2.108e-08
2.18906e-08
2.26364e-08
2.32786e-08
2.41045e-08
2.48359e-08
2.47133e-08
2.40393e-08
2.3336e-08
2.24981e-08
2.17672e-08
2.14532e-08
2.09058e-08
1.99441e-08
1.96881e-08
2.0721e-08
2.19103e-08
2.24575e-08
2.25565e-08
2.24962e-08
2.26008e-08
2.44963e-08
2.45983e-08
2.3886e-08
2.28696e-08
2.28217e-08
2.39768e-08
2.52091e-08
2.58068e-08
2.61589e-08
2.64367e-08
2.67436e-08
2.72219e-08
2.74564e-08
2.68425e-08
2.50893e-08
2.30872e-08
2.17999e-08
2.13483e-08
2.15091e-08
2.20392e-08
2.26491e-08
2.32202e-08
2.40507e-08
2.51361e-08
2.57594e-08
2.54196e-08
2.46535e-08
2.39227e-08
2.32228e-08
2.28529e-08
2.28544e-08
2.23637e-08
2.14062e-08
2.12821e-08
2.23401e-08
2.32853e-08
2.34552e-08
2.332e-08
2.33712e-08
2.38939e-08
2.65185e-08
2.63786e-08
2.52614e-08
2.39731e-08
2.37478e-08
2.48663e-08
2.63258e-08
2.72478e-08
2.78121e-08
2.80986e-08
2.82725e-08
2.86636e-08
2.884e-08
2.80594e-08
2.62772e-08
2.44048e-08
2.31123e-08
2.25403e-08
2.25821e-08
2.30107e-08
2.35975e-08
2.42775e-08
2.52738e-08
2.63995e-08
2.69278e-08
2.65314e-08
2.57644e-08
2.51133e-08
2.45933e-08
2.4416e-08
2.44549e-08
2.381e-08
2.26326e-08
2.23799e-08
2.33169e-08
2.40189e-08
2.39812e-08
2.38801e-08
2.44051e-08
2.55966e-08
2.79347e-08
2.73551e-08
2.61274e-08
2.49182e-08
2.46544e-08
2.56964e-08
2.7242e-08
2.83979e-08
2.91656e-08
2.95752e-08
2.97922e-08
3.00812e-08
3.00002e-08
2.89274e-08
2.70943e-08
2.52877e-08
2.41074e-08
2.35929e-08
2.35307e-08
2.38753e-08
2.45248e-08
2.53865e-08
2.65434e-08
2.77107e-08
2.81152e-08
2.76787e-08
2.71386e-08
2.68643e-08
2.65561e-08
2.62083e-08
2.58023e-08
2.471e-08
2.33569e-08
2.31446e-08
2.40211e-08
2.45384e-08
2.44256e-08
2.46116e-08
2.56817e-08
2.72369e-08
2.81558e-08
2.75918e-08
2.6636e-08
2.5627e-08
2.53497e-08
2.64106e-08
2.812e-08
2.94417e-08
3.03364e-08
3.08871e-08
3.11731e-08
3.13577e-08
3.0953e-08
2.94926e-08
2.74126e-08
2.57355e-08
2.48882e-08
2.4604e-08
2.4528e-08
2.47418e-08
2.54086e-08
2.64027e-08
2.7607e-08
2.85536e-08
2.87433e-08
2.85436e-08
2.85747e-08
2.86889e-08
2.82416e-08
2.73793e-08
2.6371e-08
2.49107e-08
2.34995e-08
2.33363e-08
2.41546e-08
2.45364e-08
2.43854e-08
2.48026e-08
2.61752e-08
2.77039e-08
2.8143e-08
2.77453e-08
2.70279e-08
2.6223e-08
2.6137e-08
2.74023e-08
2.91963e-08
3.04924e-08
3.12996e-08
3.18021e-08
3.20558e-08
3.21255e-08
3.15241e-08
2.98358e-08
2.76842e-08
2.62363e-08
2.5778e-08
2.56816e-08
2.5519e-08
2.55532e-08
2.61261e-08
2.7121e-08
2.8206e-08
2.88028e-08
2.8842e-08
2.91196e-08
2.98333e-08
3.0072e-08
2.90529e-08
2.74655e-08
2.60606e-08
2.46151e-08
2.34114e-08
2.34457e-08
2.43562e-08
2.47343e-08
2.45572e-08
2.49504e-08
2.62745e-08
2.77107e-08
2.80949e-08
2.78154e-08
2.72429e-08
2.66268e-08
2.67939e-08
2.82968e-08
3.01796e-08
3.13446e-08
3.1946e-08
3.23381e-08
3.25195e-08
3.2533e-08
3.1893e-08
3.01792e-08
2.8088e-08
2.68313e-08
2.65869e-08
2.65107e-08
2.61679e-08
2.60568e-08
2.65784e-08
2.75309e-08
2.83696e-08
2.85759e-08
2.84866e-08
2.92644e-08
3.07248e-08
3.11005e-08
2.94641e-08
2.72187e-08
2.55871e-08
2.42227e-08
2.32629e-08
2.35858e-08
2.45939e-08
2.487e-08
2.46184e-08
2.49646e-08
2.61928e-08
2.75761e-08
2.78374e-08
2.76019e-08
2.7147e-08
2.67008e-08
2.70809e-08
2.88067e-08
3.07848e-08
3.18426e-08
3.22924e-08
3.25724e-08
3.26151e-08
3.25483e-08
3.19664e-08
3.0318e-08
2.82767e-08
2.70966e-08
2.69166e-08
2.67687e-08
2.62751e-08
2.61415e-08
2.67756e-08
2.77298e-08
2.82791e-08
2.80789e-08
2.7786e-08
2.86589e-08
3.04403e-08
3.10248e-08
2.93075e-08
2.68851e-08
2.51381e-08
2.37747e-08
2.29859e-08
2.3514e-08
2.46011e-08
2.4838e-08
2.45161e-08
2.47928e-08
2.59654e-08
2.73176e-08
2.73066e-08
2.71147e-08
2.67897e-08
2.64972e-08
2.70371e-08
2.88911e-08
3.08323e-08
3.17461e-08
3.20815e-08
3.22821e-08
3.22204e-08
3.21143e-08
3.1609e-08
3.00908e-08
2.81535e-08
2.70338e-08
2.6814e-08
2.65106e-08
2.58896e-08
2.58411e-08
2.66606e-08
2.76246e-08
2.79633e-08
2.75329e-08
2.71037e-08
2.78083e-08
2.92707e-08
2.96904e-08
2.81492e-08
2.5983e-08
2.43933e-08
2.31303e-08
2.25012e-08
2.31768e-08
2.43584e-08
2.46516e-08
2.43811e-08
2.46239e-08
2.56709e-08
2.68719e-08
2.66908e-08
2.65349e-08
2.63341e-08
2.61993e-08
2.68341e-08
2.86728e-08
3.04997e-08
3.12756e-08
3.15693e-08
3.17675e-08
3.16583e-08
3.15286e-08
3.10425e-08
2.95962e-08
2.77694e-08
2.67268e-08
2.643e-08
2.5954e-08
2.52531e-08
2.52986e-08
2.62304e-08
2.71648e-08
2.739e-08
2.68899e-08
2.64912e-08
2.7178e-08
2.84632e-08
2.86421e-08
2.70215e-08
2.49355e-08
2.34878e-08
2.23843e-08
2.19113e-08
2.26913e-08
2.39242e-08
2.43008e-08
2.41416e-08
2.43838e-08
2.52879e-08
2.63317e-08
2.61625e-08
2.60566e-08
2.59497e-08
2.58931e-08
2.65368e-08
2.83144e-08
3.00526e-08
3.07669e-08
3.10312e-08
3.12218e-08
3.1131e-08
3.10222e-08
3.05287e-08
2.90882e-08
2.73172e-08
2.63157e-08
2.59622e-08
2.53831e-08
2.4648e-08
2.4752e-08
2.5748e-08
2.66719e-08
2.68088e-08
2.62499e-08
2.59007e-08
2.6704e-08
2.80863e-08
2.82338e-08
2.64567e-08
2.42729e-08
2.28268e-08
2.18113e-08
2.1448e-08
2.22642e-08
2.34752e-08
2.38833e-08
2.37813e-08
2.40141e-08
2.4854e-08
2.58282e-08
2.578e-08
2.57058e-08
2.56375e-08
2.56022e-08
2.62427e-08
2.79915e-08
2.96917e-08
3.03671e-08
3.061e-08
3.08041e-08
3.07292e-08
3.06229e-08
3.01139e-08
2.86779e-08
2.69463e-08
2.5963e-08
2.55792e-08
2.4961e-08
2.42344e-08
2.44106e-08
2.54647e-08
2.63586e-08
2.63992e-08
2.58054e-08
2.55027e-08
2.63515e-08
2.77533e-08
2.78856e-08
2.60792e-08
2.38655e-08
2.24052e-08
2.14304e-08
2.11199e-08
2.19394e-08
2.31283e-08
2.35422e-08
2.34636e-08
2.36946e-08
2.45094e-08
2.54519e-08
2.56144e-08
2.55458e-08
2.54786e-08
2.54553e-08
2.61177e-08
2.78634e-08
2.95427e-08
3.02091e-08
3.04556e-08
3.06512e-08
3.05703e-08
3.04463e-08
2.99222e-08
2.84974e-08
2.6787e-08
2.5801e-08
2.53995e-08
2.47817e-08
2.40834e-08
2.4283e-08
2.53206e-08
2.61803e-08
2.62268e-08
2.56674e-08
2.5373e-08
2.6199e-08
2.75673e-08
2.76693e-08
2.58598e-08
2.36687e-08
2.223e-08
2.12798e-08
2.09872e-08
2.17979e-08
2.29697e-08
2.33884e-08
2.33239e-08
2.35591e-08
2.4362e-08
2.52892e-08
1.2424e-08
1.23269e-08
1.22752e-08
1.23384e-08
1.25406e-08
1.28693e-08
1.33259e-08
1.38474e-08
1.43054e-08
1.46633e-08
1.49154e-08
1.50527e-08
1.50904e-08
1.50316e-08
1.48982e-08
1.46377e-08
1.42935e-08
1.4013e-08
1.38205e-08
1.37174e-08
1.37237e-08
1.37891e-08
1.38892e-08
1.40388e-08
1.42104e-08
1.43458e-08
1.4433e-08
1.44516e-08
1.43641e-08
1.42409e-08
1.4155e-08
1.40452e-08
1.3865e-08
1.36444e-08
1.34185e-08
1.32504e-08
1.3065e-08
1.28543e-08
1.26813e-08
1.25523e-08
1.301e-08
1.28779e-08
1.27055e-08
1.25953e-08
1.25922e-08
1.26724e-08
1.28933e-08
1.32592e-08
1.36983e-08
1.41778e-08
1.46788e-08
1.50905e-08
1.53196e-08
1.53439e-08
1.52125e-08
1.49769e-08
1.46802e-08
1.43917e-08
1.41291e-08
1.39072e-08
1.37509e-08
1.3656e-08
1.36834e-08
1.38323e-08
1.40353e-08
1.42318e-08
1.44199e-08
1.45513e-08
1.45944e-08
1.45639e-08
1.44395e-08
1.42155e-08
1.39512e-08
1.36928e-08
1.35246e-08
1.34507e-08
1.3373e-08
1.32924e-08
1.32282e-08
1.31295e-08
1.35516e-08
1.34137e-08
1.31696e-08
1.29666e-08
1.28704e-08
1.28996e-08
1.3163e-08
1.37055e-08
1.44074e-08
1.51285e-08
1.57637e-08
1.62023e-08
1.63784e-08
1.62938e-08
1.60312e-08
1.5666e-08
1.52899e-08
1.49996e-08
1.47681e-08
1.45285e-08
1.42111e-08
1.39368e-08
1.38799e-08
1.40705e-08
1.44301e-08
1.49058e-08
1.53329e-08
1.55629e-08
1.5596e-08
1.54681e-08
1.51529e-08
1.47364e-08
1.43872e-08
1.41301e-08
1.3961e-08
1.38215e-08
1.37119e-08
1.36703e-08
1.36539e-08
1.35956e-08
1.42249e-08
1.40062e-08
1.36756e-08
1.34442e-08
1.33332e-08
1.34009e-08
1.38203e-08
1.461e-08
1.55437e-08
1.63391e-08
1.6893e-08
1.70897e-08
1.69329e-08
1.65365e-08
1.60807e-08
1.56884e-08
1.54084e-08
1.53101e-08
1.52775e-08
1.51345e-08
1.48036e-08
1.44606e-08
1.44427e-08
1.4741e-08
1.51682e-08
1.55911e-08
1.58998e-08
1.59897e-08
1.5876e-08
1.55727e-08
1.51266e-08
1.46715e-08
1.43153e-08
1.40713e-08
1.38932e-08
1.38267e-08
1.39356e-08
1.41438e-08
1.42978e-08
1.43117e-08
1.45388e-08
1.41372e-08
1.37386e-08
1.36102e-08
1.38003e-08
1.42663e-08
1.49825e-08
1.58033e-08
1.65721e-08
1.71845e-08
1.76103e-08
1.7729e-08
1.75408e-08
1.71279e-08
1.66902e-08
1.63623e-08
1.62398e-08
1.62433e-08
1.61664e-08
1.59239e-08
1.54596e-08
1.50408e-08
1.50598e-08
1.54619e-08
1.592e-08
1.62938e-08
1.64829e-08
1.64732e-08
1.63855e-08
1.6146e-08
1.57499e-08
1.52362e-08
1.46815e-08
1.41959e-08
1.39307e-08
1.40111e-08
1.44146e-08
1.48153e-08
1.49517e-08
1.48245e-08
1.49637e-08
1.45085e-08
1.44353e-08
1.48793e-08
1.55959e-08
1.63062e-08
1.6874e-08
1.722e-08
1.74262e-08
1.76744e-08
1.79858e-08
1.80852e-08
1.78366e-08
1.73288e-08
1.67181e-08
1.62843e-08
1.62172e-08
1.63302e-08
1.62915e-08
1.59704e-08
1.54644e-08
1.51593e-08
1.53831e-08
1.59373e-08
1.655e-08
1.70646e-08
1.73323e-08
1.73719e-08
1.72591e-08
1.69142e-08
1.63657e-08
1.57073e-08
1.50414e-08
1.45422e-08
1.43777e-08
1.46271e-08
1.51218e-08
1.55721e-08
1.57097e-08
1.54578e-08
1.56755e-08
1.53323e-08
1.54775e-08
1.61099e-08
1.69277e-08
1.76895e-08
1.81969e-08
1.83163e-08
1.8341e-08
1.84969e-08
1.87044e-08
1.87523e-08
1.84856e-08
1.79456e-08
1.724e-08
1.66561e-08
1.64755e-08
1.6544e-08
1.6534e-08
1.63081e-08
1.59667e-08
1.58038e-08
1.61013e-08
1.6638e-08
1.71986e-08
1.77317e-08
1.80727e-08
1.82397e-08
1.82832e-08
1.80525e-08
1.75709e-08
1.69234e-08
1.62291e-08
1.57402e-08
1.56938e-08
1.60608e-08
1.65839e-08
1.69369e-08
1.68332e-08
1.62955e-08
1.60374e-08
1.59902e-08
1.65087e-08
1.74359e-08
1.83892e-08
1.90755e-08
1.93445e-08
1.92417e-08
1.9174e-08
1.93403e-08
1.95513e-08
1.95703e-08
1.93481e-08
1.8887e-08
1.82331e-08
1.75872e-08
1.72379e-08
1.72086e-08
1.72737e-08
1.72764e-08
1.7121e-08
1.70842e-08
1.73817e-08
1.78067e-08
1.83056e-08
1.89674e-08
1.95925e-08
1.99948e-08
2.00585e-08
1.96329e-08
1.88316e-08
1.78848e-08
1.70066e-08
1.65232e-08
1.67073e-08
1.74074e-08
1.79884e-08
1.79819e-08
1.73572e-08
1.65575e-08
1.66116e-08
1.69562e-08
1.77787e-08
1.88404e-08
1.97291e-08
2.0159e-08
2.00062e-08
1.96014e-08
1.95388e-08
1.9845e-08
2.01056e-08
2.01932e-08
2.01883e-08
1.99638e-08
1.93705e-08
1.8617e-08
1.81274e-08
1.80829e-08
1.83654e-08
1.85508e-08
1.84509e-08
1.84872e-08
1.88744e-08
1.93018e-08
1.97221e-08
2.02725e-08
2.08193e-08
2.11073e-08
2.10605e-08
2.05125e-08
1.95575e-08
1.84751e-08
1.74909e-08
1.70699e-08
1.75273e-08
1.84173e-08
1.88304e-08
1.84655e-08
1.76286e-08
1.6862e-08
1.7726e-08
1.8153e-08
1.90047e-08
2.00497e-08
2.07374e-08
2.08284e-08
2.03773e-08
1.99621e-08
2.01622e-08
2.06937e-08
2.10402e-08
2.11658e-08
2.12634e-08
2.11257e-08
2.04722e-08
1.95372e-08
1.89427e-08
1.90045e-08
1.93966e-08
1.9481e-08
1.92064e-08
1.92246e-08
1.9765e-08
2.03972e-08
2.08621e-08
2.12528e-08
2.16156e-08
2.17943e-08
2.16258e-08
2.09592e-08
1.98861e-08
1.87022e-08
1.76775e-08
1.74048e-08
1.81247e-08
1.90254e-08
1.91006e-08
1.85805e-08
1.80313e-08
1.76884e-08
1.87415e-08
1.91053e-08
1.99099e-08
2.07816e-08
2.12421e-08
2.11303e-08
2.06189e-08
2.04035e-08
2.09104e-08
2.15742e-08
2.18374e-08
2.19413e-08
2.21635e-08
2.21265e-08
2.14079e-08
2.03775e-08
1.97175e-08
1.96572e-08
1.97778e-08
1.9626e-08
1.94239e-08
1.98994e-08
2.10086e-08
2.19477e-08
2.23354e-08
2.2361e-08
2.22964e-08
2.21409e-08
2.17219e-08
2.09106e-08
1.98026e-08
1.86629e-08
1.77337e-08
1.76181e-08
1.84068e-08
1.92586e-08
1.94971e-08
1.93474e-08
1.9053e-08
1.87763e-08
1.97183e-08
1.98902e-08
2.03664e-08
2.09497e-08
2.12684e-08
2.11351e-08
2.07884e-08
2.0798e-08
2.14023e-08
2.20225e-08
2.22127e-08
2.22789e-08
2.24846e-08
2.23761e-08
2.15946e-08
2.05196e-08
1.98938e-08
1.98596e-08
1.997e-08
1.99051e-08
1.99746e-08
2.08096e-08
2.21264e-08
2.31388e-08
2.34795e-08
2.33984e-08
2.31688e-08
2.27339e-08
2.18593e-08
2.07877e-08
1.99324e-08
1.92139e-08
1.85287e-08
1.83426e-08
1.90678e-08
2.00909e-08
2.06455e-08
2.06119e-08
2.02095e-08
1.98219e-08
2.07747e-08
2.08023e-08
2.10071e-08
2.13498e-08
2.15408e-08
2.13689e-08
2.10123e-08
2.10144e-08
2.16227e-08
2.22119e-08
2.23487e-08
2.24378e-08
2.26861e-08
2.25921e-08
2.18017e-08
2.07908e-08
2.02306e-08
2.0269e-08
2.05173e-08
2.05407e-08
2.06022e-08
2.13143e-08
2.26224e-08
2.38044e-08
2.42367e-08
2.40672e-08
2.36119e-08
2.28768e-08
2.17207e-08
2.06403e-08
2.01741e-08
1.98179e-08
1.91587e-08
1.89208e-08
1.98113e-08
2.10155e-08
2.1576e-08
2.1456e-08
2.10555e-08
2.07875e-08
2.22182e-08
2.21617e-08
2.21463e-08
2.23542e-08
2.2398e-08
2.21238e-08
2.17184e-08
2.16554e-08
2.22781e-08
2.30226e-08
2.33242e-08
2.34647e-08
2.36458e-08
2.34075e-08
2.24769e-08
2.13045e-08
2.06202e-08
2.05926e-08
2.0756e-08
2.06768e-08
2.07001e-08
2.14288e-08
2.27596e-08
2.39466e-08
2.43572e-08
2.41628e-08
2.3695e-08
2.27417e-08
2.12853e-08
2.02583e-08
2.01824e-08
2.02098e-08
1.98239e-08
1.98527e-08
2.09024e-08
2.2038e-08
2.23571e-08
2.2119e-08
2.18671e-08
2.19853e-08
2.39109e-08
2.36629e-08
2.33572e-08
2.3396e-08
2.33015e-08
2.28749e-08
2.24151e-08
2.24788e-08
2.33116e-08
2.42526e-08
2.46295e-08
2.46277e-08
2.45043e-08
2.39593e-08
2.28497e-08
2.16501e-08
2.1053e-08
2.11611e-08
2.135e-08
2.12653e-08
2.13053e-08
2.19352e-08
2.31366e-08
2.41949e-08
2.44856e-08
2.42744e-08
2.38505e-08
2.28732e-08
2.14046e-08
2.04614e-08
2.05582e-08
2.0775e-08
2.05588e-08
2.07819e-08
2.18941e-08
2.29045e-08
2.30474e-08
2.27426e-08
2.27606e-08
2.34056e-08
2.50074e-08
2.43555e-08
2.39172e-08
2.40282e-08
2.39177e-08
2.34212e-08
2.30558e-08
2.33473e-08
2.44357e-08
2.55521e-08
2.58455e-08
2.55023e-08
2.49847e-08
2.42115e-08
2.30093e-08
2.19105e-08
2.16031e-08
2.19874e-08
2.22433e-08
2.21338e-08
2.21391e-08
2.26711e-08
2.37327e-08
2.46517e-08
2.4858e-08
2.46541e-08
2.42712e-08
2.35744e-08
2.25211e-08
2.18208e-08
2.18921e-08
2.19833e-08
2.16976e-08
2.18977e-08
2.28506e-08
2.3547e-08
2.3463e-08
2.32565e-08
2.37286e-08
2.47086e-08
2.52657e-08
2.43999e-08
2.40387e-08
2.42796e-08
2.42678e-08
2.39321e-08
2.38712e-08
2.44829e-08
2.58191e-08
2.70584e-08
2.72392e-08
2.65702e-08
2.58413e-08
2.49323e-08
2.35752e-08
2.24752e-08
2.24586e-08
2.30559e-08
2.32092e-08
2.29107e-08
2.2769e-08
2.31878e-08
2.41951e-08
2.49903e-08
2.49974e-08
2.47169e-08
2.44924e-08
2.41806e-08
2.35693e-08
2.31135e-08
2.31877e-08
2.31806e-08
2.28191e-08
2.29266e-08
2.36619e-08
2.40777e-08
2.38813e-08
2.37987e-08
2.44305e-08
2.52994e-08
2.51984e-08
2.43138e-08
2.41223e-08
2.4517e-08
2.46561e-08
2.45389e-08
2.47086e-08
2.54835e-08
2.69548e-08
2.83207e-08
2.84727e-08
2.76413e-08
2.68004e-08
2.58481e-08
2.4399e-08
2.32835e-08
2.34092e-08
2.40124e-08
2.3921e-08
2.33847e-08
2.30977e-08
2.3389e-08
2.4244e-08
2.48638e-08
2.48075e-08
2.46106e-08
2.46617e-08
2.47593e-08
2.44861e-08
2.41964e-08
2.4254e-08
2.41204e-08
2.36743e-08
2.37433e-08
2.43001e-08
2.44766e-08
2.41567e-08
2.41319e-08
2.48197e-08
2.55099e-08
2.50774e-08
2.41877e-08
2.40996e-08
2.46349e-08
2.49631e-08
2.50619e-08
2.53607e-08
2.61445e-08
2.7632e-08
2.90377e-08
2.90658e-08
2.8083e-08
2.73461e-08
2.65218e-08
2.50641e-08
2.39599e-08
2.4174e-08
2.46629e-08
2.42508e-08
2.34715e-08
2.31137e-08
2.33964e-08
2.4161e-08
2.46603e-08
2.45572e-08
2.45134e-08
2.48642e-08
2.52382e-08
2.50805e-08
2.47727e-08
2.47907e-08
2.46846e-08
2.43109e-08
2.43649e-08
2.47457e-08
2.46829e-08
2.4243e-08
2.42985e-08
2.50494e-08
2.55794e-08
2.4728e-08
2.39197e-08
2.39111e-08
2.45659e-08
2.51081e-08
2.54879e-08
2.59463e-08
2.66438e-08
2.8044e-08
2.93678e-08
2.92334e-08
2.81747e-08
2.75735e-08
2.68456e-08
2.52727e-08
2.4131e-08
2.43901e-08
2.47562e-08
2.40251e-08
2.30578e-08
2.27867e-08
2.32612e-08
2.40602e-08
2.44568e-08
2.4303e-08
2.43574e-08
2.49543e-08
2.55121e-08
2.53398e-08
2.49152e-08
2.4897e-08
2.4861e-08
2.45903e-08
2.46435e-08
2.4876e-08
2.46075e-08
2.41009e-08
2.42324e-08
2.49719e-08
2.53213e-08
2.42552e-08
2.35654e-08
2.36395e-08
2.43449e-08
2.50223e-08
2.55861e-08
2.61178e-08
2.68023e-08
2.82059e-08
2.94807e-08
2.92173e-08
2.81091e-08
2.75902e-08
2.68055e-08
2.5079e-08
2.38747e-08
2.41269e-08
2.43329e-08
2.33674e-08
2.2378e-08
2.23522e-08
2.30636e-08
2.38629e-08
2.41257e-08
2.39508e-08
2.42034e-08
2.5075e-08
2.57641e-08
2.54591e-08
2.48336e-08
2.47394e-08
2.47514e-08
2.45479e-08
2.46463e-08
2.48367e-08
2.4453e-08
2.39063e-08
2.40324e-08
2.46719e-08
2.48596e-08
2.37383e-08
2.31516e-08
2.32838e-08
2.40226e-08
2.47384e-08
2.53303e-08
2.58031e-08
2.6458e-08
2.79685e-08
2.93002e-08
2.89801e-08
2.78444e-08
2.73053e-08
2.64402e-08
2.46719e-08
2.34902e-08
2.36914e-08
2.37209e-08
2.2671e-08
2.18554e-08
2.2114e-08
2.29678e-08
2.36796e-08
2.37871e-08
2.36114e-08
2.40579e-08
2.51686e-08
2.59078e-08
2.54218e-08
2.45825e-08
2.4398e-08
2.44247e-08
2.42984e-08
2.44634e-08
2.46214e-08
2.42051e-08
2.36895e-08
2.37849e-08
2.42691e-08
2.43226e-08
2.32551e-08
2.27514e-08
2.29418e-08
2.36855e-08
2.43626e-08
2.49044e-08
2.53164e-08
2.59754e-08
2.75415e-08
2.89181e-08
2.86001e-08
2.74695e-08
2.69203e-08
2.6032e-08
2.42845e-08
2.31164e-08
2.32328e-08
2.31475e-08
2.21285e-08
2.14963e-08
2.1919e-08
2.27758e-08
2.33627e-08
2.33905e-08
2.32771e-08
2.3856e-08
2.50404e-08
2.57094e-08
2.5064e-08
2.41287e-08
2.39157e-08
2.39493e-08
2.38634e-08
2.40676e-08
2.4246e-08
2.38734e-08
2.33815e-08
2.34145e-08
2.37941e-08
2.37992e-08
2.29212e-08
2.24678e-08
2.26866e-08
2.33971e-08
2.40256e-08
2.45589e-08
2.49803e-08
2.56409e-08
2.71835e-08
2.85323e-08
2.82196e-08
2.71093e-08
2.65528e-08
2.56642e-08
2.39417e-08
2.27773e-08
2.28509e-08
2.27473e-08
2.17961e-08
2.12621e-08
2.1707e-08
2.24893e-08
2.30266e-08
2.30919e-08
2.30327e-08
2.36265e-08
2.47784e-08
2.53729e-08
2.46662e-08
2.37234e-08
2.35281e-08
2.358e-08
2.35117e-08
2.37224e-08
2.39097e-08
2.35657e-08
2.30815e-08
2.30959e-08
2.34475e-08
2.34393e-08
2.27834e-08
2.2338e-08
2.25548e-08
2.32468e-08
2.38665e-08
2.44074e-08
2.48295e-08
2.54851e-08
2.7018e-08
2.83377e-08
2.80057e-08
2.69007e-08
2.63546e-08
2.5472e-08
2.37602e-08
2.26085e-08
2.26963e-08
2.26009e-08
2.16525e-08
2.11008e-08
2.15287e-08
2.23304e-08
2.28981e-08
2.29717e-08
2.29127e-08
2.34962e-08
2.46234e-08
2.51927e-08
2.44886e-08
2.35656e-08
2.33817e-08
2.34343e-08
2.33682e-08
2.35806e-08
2.37748e-08
2.34416e-08
2.29673e-08
2.2979e-08
2.33166e-08
2.32971e-08
1.26432e-08
1.25733e-08
1.24786e-08
1.24195e-08
1.24937e-08
1.27158e-08
1.3098e-08
1.35863e-08
1.40914e-08
1.45473e-08
1.48817e-08
1.50446e-08
1.50633e-08
1.49715e-08
1.48453e-08
1.46255e-08
1.43388e-08
1.40748e-08
1.38789e-08
1.37836e-08
1.37917e-08
1.38722e-08
1.39995e-08
1.41496e-08
1.43163e-08
1.44313e-08
1.44504e-08
1.4406e-08
1.42974e-08
1.4168e-08
1.40788e-08
1.39771e-08
1.37757e-08
1.35071e-08
1.32494e-08
1.30649e-08
1.28999e-08
1.2755e-08
1.26929e-08
1.26815e-08
1.33706e-08
1.32157e-08
1.29439e-08
1.27088e-08
1.26322e-08
1.27155e-08
1.30289e-08
1.35187e-08
1.40794e-08
1.46019e-08
1.50201e-08
1.52772e-08
1.53585e-08
1.52966e-08
1.51546e-08
1.49345e-08
1.46427e-08
1.43552e-08
1.41275e-08
1.40083e-08
1.39751e-08
1.3968e-08
1.40398e-08
1.41548e-08
1.42463e-08
1.42982e-08
1.4339e-08
1.44354e-08
1.45137e-08
1.45225e-08
1.4451e-08
1.42561e-08
1.3942e-08
1.36526e-08
1.34755e-08
1.34239e-08
1.34226e-08
1.34386e-08
1.34577e-08
1.34434e-08
1.37205e-08
1.35342e-08
1.31624e-08
1.28316e-08
1.26396e-08
1.26638e-08
1.30564e-08
1.38308e-08
1.47846e-08
1.56339e-08
1.61634e-08
1.63585e-08
1.62729e-08
1.6021e-08
1.5682e-08
1.53533e-08
1.50715e-08
1.48391e-08
1.46744e-08
1.45016e-08
1.42999e-08
1.40912e-08
1.40056e-08
1.41436e-08
1.44112e-08
1.47659e-08
1.51637e-08
1.54428e-08
1.54974e-08
1.53763e-08
1.50985e-08
1.47081e-08
1.43284e-08
1.40672e-08
1.39408e-08
1.38743e-08
1.38412e-08
1.38544e-08
1.38318e-08
1.37757e-08
1.4252e-08
1.38654e-08
1.3372e-08
1.30271e-08
1.28823e-08
1.29902e-08
1.35571e-08
1.45408e-08
1.56386e-08
1.65197e-08
1.70003e-08
1.7077e-08
1.68238e-08
1.64165e-08
1.59859e-08
1.56108e-08
1.53294e-08
1.51848e-08
1.51252e-08
1.50288e-08
1.48073e-08
1.45325e-08
1.44847e-08
1.47488e-08
1.51017e-08
1.5467e-08
1.58128e-08
1.59894e-08
1.59205e-08
1.56877e-08
1.53017e-08
1.48637e-08
1.45195e-08
1.43296e-08
1.4224e-08
1.41878e-08
1.42621e-08
1.44185e-08
1.45007e-08
1.44411e-08
1.42428e-08
1.37956e-08
1.34722e-08
1.33877e-08
1.34654e-08
1.38313e-08
1.4601e-08
1.56135e-08
1.64992e-08
1.69994e-08
1.70726e-08
1.67926e-08
1.632e-08
1.59014e-08
1.56659e-08
1.56223e-08
1.56848e-08
1.57215e-08
1.56029e-08
1.53287e-08
1.49076e-08
1.45395e-08
1.45669e-08
1.49844e-08
1.55316e-08
1.60391e-08
1.63877e-08
1.6484e-08
1.63924e-08
1.61446e-08
1.57596e-08
1.53426e-08
1.49457e-08
1.46258e-08
1.44404e-08
1.44668e-08
1.47289e-08
1.49797e-08
1.49688e-08
1.4672e-08
1.4174e-08
1.36267e-08
1.34415e-08
1.37076e-08
1.42117e-08
1.48276e-08
1.54901e-08
1.60939e-08
1.65942e-08
1.69442e-08
1.71088e-08
1.7006e-08
1.66276e-08
1.6198e-08
1.59302e-08
1.58547e-08
1.59403e-08
1.59573e-08
1.57842e-08
1.54175e-08
1.49286e-08
1.46574e-08
1.4922e-08
1.55878e-08
1.63317e-08
1.69227e-08
1.72005e-08
1.72023e-08
1.70533e-08
1.67673e-08
1.63556e-08
1.58731e-08
1.53501e-08
1.48559e-08
1.45794e-08
1.46317e-08
1.49392e-08
1.5226e-08
1.52022e-08
1.47955e-08
1.45275e-08
1.41053e-08
1.41532e-08
1.46164e-08
1.52582e-08
1.59229e-08
1.64343e-08
1.67282e-08
1.69183e-08
1.70886e-08
1.72268e-08
1.72563e-08
1.71353e-08
1.68743e-08
1.65882e-08
1.64072e-08
1.63854e-08
1.63627e-08
1.61592e-08
1.57645e-08
1.53028e-08
1.51222e-08
1.5497e-08
1.62015e-08
1.69415e-08
1.74916e-08
1.76795e-08
1.765e-08
1.75623e-08
1.7407e-08
1.70762e-08
1.65615e-08
1.58931e-08
1.53532e-08
1.53003e-08
1.57096e-08
1.61856e-08
1.63242e-08
1.59683e-08
1.52505e-08
1.48694e-08
1.43904e-08
1.45932e-08
1.52463e-08
1.60358e-08
1.67983e-08
1.73693e-08
1.76587e-08
1.78177e-08
1.79896e-08
1.81288e-08
1.81717e-08
1.80978e-08
1.7839e-08
1.74733e-08
1.71385e-08
1.6964e-08
1.68795e-08
1.67098e-08
1.6358e-08
1.59607e-08
1.59312e-08
1.64342e-08
1.70909e-08
1.7671e-08
1.81516e-08
1.83947e-08
1.84262e-08
1.83757e-08
1.82027e-08
1.78197e-08
1.72448e-08
1.6465e-08
1.58635e-08
1.60072e-08
1.67224e-08
1.73717e-08
1.74874e-08
1.68968e-08
1.58565e-08
1.48664e-08
1.45877e-08
1.50399e-08
1.59513e-08
1.69842e-08
1.78432e-08
1.82689e-08
1.83436e-08
1.84646e-08
1.87791e-08
1.90017e-08
1.9114e-08
1.92714e-08
1.9264e-08
1.89218e-08
1.83311e-08
1.77944e-08
1.75279e-08
1.74244e-08
1.72725e-08
1.70942e-08
1.72299e-08
1.77895e-08
1.83909e-08
1.88928e-08
1.93327e-08
1.95623e-08
1.95644e-08
1.93937e-08
1.90561e-08
1.84825e-08
1.77026e-08
1.68574e-08
1.65364e-08
1.71534e-08
1.82441e-08
1.88836e-08
1.858e-08
1.74046e-08
1.59362e-08
1.56836e-08
1.5712e-08
1.63354e-08
1.7255e-08
1.81866e-08
1.88407e-08
1.89934e-08
1.89357e-08
1.92103e-08
1.97327e-08
2.00663e-08
2.02329e-08
2.04563e-08
2.04582e-08
1.99482e-08
1.91089e-08
1.84997e-08
1.83293e-08
1.82612e-08
1.80545e-08
1.79669e-08
1.83312e-08
1.90255e-08
1.96268e-08
2.00264e-08
2.02908e-08
2.03695e-08
2.0342e-08
2.01622e-08
1.97579e-08
1.91828e-08
1.84695e-08
1.7795e-08
1.7729e-08
1.86086e-08
1.97434e-08
2.00599e-08
1.92598e-08
1.78081e-08
1.64265e-08
1.70488e-08
1.70554e-08
1.74253e-08
1.80371e-08
1.8765e-08
1.92709e-08
1.93331e-08
1.93533e-08
1.97694e-08
2.02867e-08
2.05273e-08
2.07511e-08
2.11646e-08
2.12133e-08
2.05138e-08
1.94623e-08
1.87577e-08
1.85795e-08
1.84045e-08
1.81604e-08
1.83045e-08
1.90673e-08
2.00104e-08
2.06724e-08
2.10375e-08
2.11097e-08
2.09851e-08
2.08778e-08
2.06826e-08
2.02572e-08
1.97122e-08
1.91827e-08
1.88022e-08
1.89864e-08
1.99329e-08
2.0881e-08
2.09074e-08
1.99885e-08
1.86806e-08
1.75955e-08
1.81312e-08
1.80218e-08
1.80929e-08
1.84176e-08
1.90437e-08
1.96377e-08
1.98582e-08
1.99514e-08
2.02964e-08
2.06539e-08
2.08085e-08
2.10549e-08
2.14399e-08
2.13491e-08
2.04758e-08
1.93328e-08
1.87028e-08
1.85695e-08
1.84184e-08
1.83634e-08
1.89375e-08
2.00273e-08
2.10489e-08
2.16798e-08
2.1944e-08
2.18787e-08
2.17143e-08
2.15979e-08
2.12818e-08
2.06582e-08
2.00869e-08
1.96644e-08
1.93808e-08
1.96953e-08
2.06814e-08
2.15167e-08
2.15199e-08
2.07748e-08
1.96882e-08
1.87094e-08
1.88134e-08
1.88282e-08
1.89132e-08
1.9175e-08
1.97979e-08
2.04243e-08
2.06729e-08
2.07755e-08
2.10935e-08
2.13583e-08
2.13955e-08
2.15723e-08
2.18822e-08
2.16804e-08
2.07431e-08
1.96822e-08
1.91802e-08
1.91042e-08
1.89449e-08
1.8981e-08
1.9743e-08
2.0989e-08
2.20341e-08
2.26418e-08
2.28247e-08
2.26672e-08
2.25095e-08
2.23712e-08
2.17383e-08
2.07636e-08
2.01254e-08
1.98329e-08
1.96328e-08
2.00967e-08
2.12695e-08
2.21481e-08
2.20346e-08
2.11417e-08
2.00215e-08
1.91618e-08
2.00078e-08
2.0283e-08
2.03077e-08
2.03547e-08
2.09157e-08
2.17031e-08
2.19855e-08
2.19986e-08
2.22389e-08
2.24516e-08
2.24245e-08
2.25228e-08
2.26354e-08
2.22123e-08
2.11455e-08
2.01153e-08
1.9719e-08
1.95726e-08
1.93618e-08
1.94875e-08
2.04472e-08
2.18958e-08
2.31051e-08
2.37043e-08
2.36345e-08
2.32297e-08
2.29618e-08
2.26703e-08
2.17971e-08
2.06789e-08
2.02148e-08
2.01907e-08
2.02399e-08
2.08041e-08
2.18764e-08
2.25126e-08
2.2124e-08
2.11415e-08
2.02433e-08
1.98507e-08
2.14325e-08
2.1584e-08
2.14673e-08
2.15442e-08
2.22216e-08
2.29652e-08
2.30999e-08
2.30213e-08
2.3283e-08
2.35479e-08
2.35256e-08
2.35337e-08
2.34129e-08
2.2732e-08
2.15191e-08
2.05394e-08
2.02581e-08
2.01924e-08
2.00072e-08
2.02406e-08
2.13298e-08
2.2883e-08
2.41146e-08
2.45836e-08
2.42906e-08
2.37202e-08
2.34201e-08
2.3143e-08
2.21295e-08
2.09525e-08
2.06946e-08
2.10236e-08
2.12008e-08
2.14783e-08
2.21589e-08
2.25351e-08
2.20695e-08
2.12696e-08
2.08503e-08
2.10072e-08
2.24145e-08
2.2319e-08
2.21904e-08
2.25416e-08
2.33892e-08
2.40454e-08
2.39178e-08
2.37057e-08
2.40798e-08
2.4559e-08
2.46565e-08
2.45613e-08
2.42266e-08
2.32963e-08
2.18574e-08
2.09178e-08
2.08575e-08
2.0901e-08
2.07027e-08
2.09664e-08
2.219e-08
2.39508e-08
2.5333e-08
2.581e-08
2.53991e-08
2.47057e-08
2.43575e-08
2.39672e-08
2.28274e-08
2.17906e-08
2.18521e-08
2.23041e-08
2.221e-08
2.20783e-08
2.24694e-08
2.26879e-08
2.22148e-08
2.16381e-08
2.1647e-08
2.21006e-08
2.28188e-08
2.26575e-08
2.27615e-08
2.34403e-08
2.44106e-08
2.48853e-08
2.45418e-08
2.42813e-08
2.47965e-08
2.55238e-08
2.57596e-08
2.56274e-08
2.51561e-08
2.40046e-08
2.23861e-08
2.14475e-08
2.15252e-08
2.16652e-08
2.14713e-08
2.17552e-08
2.31093e-08
2.50403e-08
2.66505e-08
2.72632e-08
2.66878e-08
2.55721e-08
2.49604e-08
2.45666e-08
2.36077e-08
2.28863e-08
2.31781e-08
2.35776e-08
2.32372e-08
2.28948e-08
2.31332e-08
2.31684e-08
2.26287e-08
2.22343e-08
2.24182e-08
2.27729e-08
2.30745e-08
2.30341e-08
2.34065e-08
2.42679e-08
2.52359e-08
2.55878e-08
2.51637e-08
2.48694e-08
2.54433e-08
2.63325e-08
2.66495e-08
2.64778e-08
2.58947e-08
2.45461e-08
2.27222e-08
2.17463e-08
2.19408e-08
2.22398e-08
2.21884e-08
2.26356e-08
2.41627e-08
2.62224e-08
2.79312e-08
2.85158e-08
2.76293e-08
2.6053e-08
2.52758e-08
2.50852e-08
2.44374e-08
2.39891e-08
2.43911e-08
2.46615e-08
2.41416e-08
2.37287e-08
2.38428e-08
2.36768e-08
2.30727e-08
2.2759e-08
2.29379e-08
2.31414e-08
2.3387e-08
2.3481e-08
2.40203e-08
2.49171e-08
2.57885e-08
2.60274e-08
2.55764e-08
2.53567e-08
2.60708e-08
2.71237e-08
2.75036e-08
2.72188e-08
2.64251e-08
2.48172e-08
2.28221e-08
2.18164e-08
2.21419e-08
2.26665e-08
2.28274e-08
2.34445e-08
2.50609e-08
2.71594e-08
2.88068e-08
2.91963e-08
2.80079e-08
2.6269e-08
2.55776e-08
2.55679e-08
2.5017e-08
2.46574e-08
2.51046e-08
2.53457e-08
2.48143e-08
2.43826e-08
2.43924e-08
2.41074e-08
2.34731e-08
2.3193e-08
2.3377e-08
2.34956e-08
2.35209e-08
2.36939e-08
2.43802e-08
2.52888e-08
2.60135e-08
2.61426e-08
2.57631e-08
2.57898e-08
2.67436e-08
2.79755e-08
2.83907e-08
2.79323e-08
2.68226e-08
2.49366e-08
2.28218e-08
2.19143e-08
2.24807e-08
2.32015e-08
2.34015e-08
2.40146e-08
2.57154e-08
2.7928e-08
2.94966e-08
2.96211e-08
2.81776e-08
2.63842e-08
2.57793e-08
2.58252e-08
2.52194e-08
2.48401e-08
2.52944e-08
2.55507e-08
2.50697e-08
2.46542e-08
2.46294e-08
2.42858e-08
2.36415e-08
2.34303e-08
2.3647e-08
2.36953e-08
2.33633e-08
2.35984e-08
2.43676e-08
2.52825e-08
2.59241e-08
2.60579e-08
2.58676e-08
2.61237e-08
2.72679e-08
2.8599e-08
2.89786e-08
2.83512e-08
2.70383e-08
2.50169e-08
2.29017e-08
2.21192e-08
2.28426e-08
2.36316e-08
2.37821e-08
2.43013e-08
2.59767e-08
2.82271e-08
2.98043e-08
2.98005e-08
2.82186e-08
2.63681e-08
2.5812e-08
2.5849e-08
2.51973e-08
2.48094e-08
2.52238e-08
2.54177e-08
2.49265e-08
2.45268e-08
2.44692e-08
2.40585e-08
2.34123e-08
2.32662e-08
2.35303e-08
2.35499e-08
2.30234e-08
2.32945e-08
2.40664e-08
2.4929e-08
2.55407e-08
2.57527e-08
2.57009e-08
2.60512e-08
2.72656e-08
2.86357e-08
2.89618e-08
2.82539e-08
2.69389e-08
2.49839e-08
2.29517e-08
2.22203e-08
2.29422e-08
2.37289e-08
2.38326e-08
2.42475e-08
2.58447e-08
2.80447e-08
2.96009e-08
2.96239e-08
2.80985e-08
2.62919e-08
2.57074e-08
2.56266e-08
2.49231e-08
2.45439e-08
2.49002e-08
2.50071e-08
2.45038e-08
2.41433e-08
2.40905e-08
2.36843e-08
2.30434e-08
2.28847e-08
2.31295e-08
2.31653e-08
2.26398e-08
2.28714e-08
2.3618e-08
2.44687e-08
2.50769e-08
2.53112e-08
2.53144e-08
2.56936e-08
2.69305e-08
2.83138e-08
2.86305e-08
2.79451e-08
2.66829e-08
2.48112e-08
2.28542e-08
2.21196e-08
2.28018e-08
2.35855e-08
2.36748e-08
2.4021e-08
2.55853e-08
2.77446e-08
2.92292e-08
2.92449e-08
2.77978e-08
2.60504e-08
2.5422e-08
2.52474e-08
2.45171e-08
2.412e-08
2.44234e-08
2.44881e-08
2.40034e-08
2.3684e-08
2.36493e-08
2.32503e-08
2.26111e-08
2.24472e-08
2.27101e-08
2.27847e-08
2.23154e-08
2.25144e-08
2.32492e-08
2.41098e-08
2.47262e-08
2.49505e-08
2.49492e-08
2.5339e-08
2.65914e-08
2.79867e-08
2.83134e-08
2.76426e-08
2.64105e-08
2.4577e-08
2.26364e-08
2.18869e-08
2.25596e-08
2.33426e-08
2.34045e-08
2.373e-08
2.52913e-08
2.74025e-08
2.88193e-08
2.88207e-08
2.74125e-08
2.57195e-08
2.51007e-08
2.48998e-08
2.41541e-08
2.3744e-08
2.40243e-08
2.40795e-08
2.36141e-08
2.33167e-08
2.32975e-08
2.29108e-08
2.22776e-08
2.21319e-08
2.24149e-08
2.24836e-08
2.21634e-08
2.23577e-08
2.30895e-08
2.39497e-08
2.456e-08
2.47727e-08
2.47611e-08
2.51462e-08
2.63992e-08
2.77962e-08
2.81294e-08
2.747e-08
2.62493e-08
2.44257e-08
2.24972e-08
2.17575e-08
2.24294e-08
2.31992e-08
2.32532e-08
2.35757e-08
2.51239e-08
2.72144e-08
2.86094e-08
2.85877e-08
2.71743e-08
2.55054e-08
2.49031e-08
2.47079e-08
2.39776e-08
2.35752e-08
2.38427e-08
2.38869e-08
2.34313e-08
2.3149e-08
2.31349e-08
2.27525e-08
2.21335e-08
2.19954e-08
2.22706e-08
2.23346e-08
1.26973e-08
1.26792e-08
1.25622e-08
1.24237e-08
1.24105e-08
1.25714e-08
1.29539e-08
1.35167e-08
1.41344e-08
1.46727e-08
1.50146e-08
1.51562e-08
1.50971e-08
1.49293e-08
1.46935e-08
1.44389e-08
1.41893e-08
1.39829e-08
1.38667e-08
1.38423e-08
1.38645e-08
1.39374e-08
1.40493e-08
1.41795e-08
1.43273e-08
1.44244e-08
1.4406e-08
1.43451e-08
1.42543e-08
1.41052e-08
1.39794e-08
1.38394e-08
1.36154e-08
1.33397e-08
1.30989e-08
1.2913e-08
1.27515e-08
1.26265e-08
1.26103e-08
1.26637e-08
1.33093e-08
1.31579e-08
1.28631e-08
1.26273e-08
1.25709e-08
1.27361e-08
1.31655e-08
1.377e-08
1.44062e-08
1.4926e-08
1.52414e-08
1.54039e-08
1.53616e-08
1.51886e-08
1.49639e-08
1.47101e-08
1.44722e-08
1.42813e-08
1.416e-08
1.41007e-08
1.40418e-08
1.39884e-08
1.39625e-08
1.40023e-08
1.41037e-08
1.42068e-08
1.4319e-08
1.44835e-08
1.45913e-08
1.45672e-08
1.4467e-08
1.42541e-08
1.39257e-08
1.363e-08
1.3448e-08
1.33646e-08
1.33231e-08
1.33248e-08
1.33555e-08
1.33598e-08
1.36903e-08
1.33815e-08
1.29487e-08
1.26146e-08
1.24996e-08
1.26745e-08
1.32463e-08
1.41459e-08
1.51626e-08
1.60134e-08
1.65467e-08
1.6726e-08
1.66037e-08
1.62546e-08
1.58434e-08
1.54516e-08
1.51235e-08
1.48567e-08
1.46597e-08
1.44902e-08
1.43012e-08
1.41178e-08
1.40672e-08
1.4224e-08
1.44881e-08
1.47934e-08
1.51525e-08
1.54537e-08
1.55159e-08
1.53874e-08
1.51214e-08
1.47198e-08
1.42815e-08
1.39467e-08
1.37694e-08
1.36685e-08
1.36776e-08
1.37803e-08
1.3836e-08
1.38052e-08
1.40914e-08
1.36591e-08
1.3175e-08
1.28136e-08
1.26867e-08
1.29209e-08
1.36434e-08
1.4781e-08
1.60208e-08
1.70377e-08
1.76333e-08
1.77666e-08
1.75205e-08
1.70062e-08
1.63975e-08
1.58202e-08
1.53617e-08
1.50929e-08
1.50086e-08
1.49721e-08
1.48599e-08
1.47002e-08
1.47152e-08
1.49676e-08
1.52525e-08
1.54918e-08
1.57595e-08
1.59564e-08
1.59598e-08
1.57488e-08
1.53988e-08
1.49674e-08
1.45812e-08
1.43235e-08
1.41911e-08
1.4163e-08
1.42641e-08
1.44086e-08
1.44404e-08
1.43348e-08
1.3971e-08
1.3452e-08
1.30157e-08
1.28301e-08
1.29472e-08
1.34474e-08
1.4358e-08
1.55007e-08
1.65314e-08
1.72147e-08
1.74347e-08
1.72304e-08
1.67729e-08
1.62694e-08
1.58713e-08
1.56264e-08
1.54738e-08
1.5341e-08
1.52044e-08
1.49878e-08
1.46941e-08
1.4472e-08
1.45764e-08
1.49956e-08
1.5477e-08
1.59128e-08
1.62988e-08
1.65209e-08
1.65087e-08
1.62677e-08
1.58876e-08
1.54507e-08
1.49805e-08
1.45697e-08
1.43297e-08
1.43547e-08
1.4607e-08
1.48177e-08
1.47806e-08
1.44432e-08
1.38779e-08
1.33008e-08
1.2998e-08
1.30591e-08
1.34529e-08
1.41042e-08
1.4887e-08
1.56618e-08
1.63235e-08
1.6816e-08
1.71413e-08
1.72142e-08
1.70244e-08
1.66576e-08
1.62756e-08
1.60365e-08
1.59156e-08
1.58239e-08
1.56909e-08
1.54939e-08
1.52258e-08
1.51759e-08
1.5592e-08
1.61994e-08
1.66418e-08
1.68818e-08
1.69886e-08
1.69893e-08
1.69108e-08
1.67038e-08
1.63945e-08
1.59497e-08
1.53936e-08
1.49052e-08
1.4713e-08
1.48565e-08
1.51458e-08
1.52768e-08
1.50506e-08
1.45229e-08
1.44043e-08
1.39136e-08
1.36392e-08
1.36728e-08
1.40138e-08
1.45768e-08
1.51817e-08
1.57316e-08
1.62059e-08
1.65908e-08
1.68678e-08
1.70059e-08
1.70504e-08
1.69602e-08
1.67128e-08
1.64694e-08
1.63168e-08
1.62389e-08
1.61288e-08
1.59483e-08
1.57261e-08
1.57544e-08
1.61919e-08
1.67107e-08
1.70312e-08
1.72251e-08
1.73295e-08
1.73245e-08
1.72786e-08
1.71811e-08
1.70199e-08
1.66677e-08
1.60476e-08
1.54568e-08
1.53083e-08
1.55805e-08
1.58713e-08
1.58534e-08
1.54838e-08
1.49518e-08
1.48171e-08
1.41819e-08
1.39473e-08
1.41549e-08
1.46747e-08
1.53476e-08
1.60095e-08
1.65413e-08
1.6971e-08
1.72921e-08
1.74916e-08
1.76595e-08
1.78059e-08
1.77641e-08
1.74941e-08
1.72142e-08
1.71387e-08
1.72521e-08
1.7327e-08
1.71469e-08
1.68044e-08
1.6771e-08
1.7186e-08
1.75843e-08
1.77167e-08
1.77828e-08
1.7921e-08
1.80873e-08
1.82373e-08
1.82881e-08
1.81526e-08
1.77011e-08
1.69501e-08
1.63111e-08
1.62485e-08
1.65836e-08
1.68365e-08
1.67564e-08
1.62938e-08
1.55933e-08
1.50639e-08
1.43926e-08
1.42282e-08
1.45906e-08
1.53125e-08
1.61554e-08
1.68605e-08
1.73525e-08
1.76985e-08
1.79408e-08
1.80779e-08
1.83007e-08
1.86276e-08
1.87707e-08
1.85957e-08
1.82664e-08
1.80947e-08
1.81695e-08
1.82583e-08
1.81156e-08
1.78461e-08
1.78673e-08
1.81981e-08
1.84044e-08
1.842e-08
1.85011e-08
1.87462e-08
1.90439e-08
1.92481e-08
1.9243e-08
1.8975e-08
1.8365e-08
1.75252e-08
1.70072e-08
1.71806e-08
1.76149e-08
1.78132e-08
1.7558e-08
1.68837e-08
1.59844e-08
1.57729e-08
1.52188e-08
1.50425e-08
1.53514e-08
1.60096e-08
1.67297e-08
1.73603e-08
1.79186e-08
1.84665e-08
1.88836e-08
1.90659e-08
1.93023e-08
1.96885e-08
1.98591e-08
1.95829e-08
1.89926e-08
1.85648e-08
1.85963e-08
1.87243e-08
1.85743e-08
1.83192e-08
1.83977e-08
1.8756e-08
1.89544e-08
1.89707e-08
1.90279e-08
1.91833e-08
1.94102e-08
1.96023e-08
1.96674e-08
1.95367e-08
1.90647e-08
1.82829e-08
1.76909e-08
1.76503e-08
1.78704e-08
1.78858e-08
1.75649e-08
1.70644e-08
1.64431e-08
1.67377e-08
1.61297e-08
1.59068e-08
1.62308e-08
1.6862e-08
1.75027e-08
1.80999e-08
1.86908e-08
1.92493e-08
1.96185e-08
1.97786e-08
2.00205e-08
2.04225e-08
2.05799e-08
2.01432e-08
1.93459e-08
1.8807e-08
1.88192e-08
1.8857e-08
1.85917e-08
1.84556e-08
1.88268e-08
1.93984e-08
1.96369e-08
1.95719e-08
1.94992e-08
1.95699e-08
1.98052e-08
2.00486e-08
2.01122e-08
1.99275e-08
1.94181e-08
1.86805e-08
1.81531e-08
1.81551e-08
1.83289e-08
1.82374e-08
1.79923e-08
1.77721e-08
1.73852e-08
1.76301e-08
1.70651e-08
1.68909e-08
1.72598e-08
1.79011e-08
1.85142e-08
1.90189e-08
1.94304e-08
1.98004e-08
2.00743e-08
2.02342e-08
2.04781e-08
2.08441e-08
2.09609e-08
2.04425e-08
1.95071e-08
1.89751e-08
1.90566e-08
1.90476e-08
1.87235e-08
1.87452e-08
1.94128e-08
2.01539e-08
2.04404e-08
2.0363e-08
2.02335e-08
2.02428e-08
2.04238e-08
2.05505e-08
2.04445e-08
2.018e-08
1.97704e-08
1.92955e-08
1.89933e-08
1.88968e-08
1.86941e-08
1.83837e-08
1.82786e-08
1.83429e-08
1.81642e-08
1.86214e-08
1.80402e-08
1.78706e-08
1.83514e-08
1.91108e-08
1.97747e-08
2.01683e-08
2.03383e-08
2.05001e-08
2.07607e-08
2.09712e-08
2.1133e-08
2.13262e-08
2.12964e-08
2.06513e-08
1.96498e-08
1.92172e-08
1.93679e-08
1.92447e-08
1.88488e-08
1.908e-08
2.00351e-08
2.09257e-08
2.12919e-08
2.12496e-08
2.10563e-08
2.09758e-08
2.10924e-08
2.11412e-08
2.09512e-08
2.06866e-08
2.03828e-08
2.00114e-08
1.97622e-08
1.95992e-08
1.92656e-08
1.88576e-08
1.87695e-08
1.89728e-08
1.90172e-08
1.97086e-08
1.92902e-08
1.92144e-08
1.98106e-08
2.07073e-08
2.13715e-08
2.1563e-08
2.1505e-08
2.16404e-08
2.19831e-08
2.20746e-08
2.19344e-08
2.18917e-08
2.17999e-08
2.11323e-08
2.01409e-08
1.98046e-08
1.99882e-08
1.96423e-08
1.90648e-08
1.9471e-08
2.07695e-08
2.18655e-08
2.2308e-08
2.22093e-08
2.18383e-08
2.16307e-08
2.18114e-08
2.1879e-08
2.15281e-08
2.10824e-08
2.07214e-08
2.04213e-08
2.02451e-08
2.00934e-08
1.97026e-08
1.92358e-08
1.91742e-08
1.95367e-08
1.98438e-08
2.10728e-08
2.08182e-08
2.07725e-08
2.1459e-08
2.24136e-08
2.28633e-08
2.26358e-08
2.23446e-08
2.25839e-08
2.30588e-08
2.30598e-08
2.26893e-08
2.25988e-08
2.26083e-08
2.19327e-08
2.09018e-08
2.06582e-08
2.08231e-08
2.01207e-08
1.92149e-08
1.97608e-08
2.14164e-08
2.27011e-08
2.31928e-08
2.30259e-08
2.25037e-08
2.2261e-08
2.25004e-08
2.25267e-08
2.19399e-08
2.12645e-08
2.08315e-08
2.05622e-08
2.04665e-08
2.04165e-08
2.00651e-08
1.95426e-08
1.94911e-08
2.0088e-08
2.08267e-08
2.23009e-08
2.20488e-08
2.19978e-08
2.27795e-08
2.37945e-08
2.40245e-08
2.34399e-08
2.30359e-08
2.34331e-08
2.40517e-08
2.39582e-08
2.34383e-08
2.34047e-08
2.35554e-08
2.27881e-08
2.16599e-08
2.15026e-08
2.16642e-08
2.05794e-08
1.93e-08
2.00261e-08
2.2076e-08
2.35435e-08
2.40418e-08
2.38506e-08
2.32621e-08
2.29966e-08
2.33212e-08
2.33179e-08
2.25223e-08
2.16585e-08
2.1202e-08
2.10085e-08
2.1079e-08
2.11864e-08
2.08569e-08
2.02663e-08
2.02277e-08
2.09916e-08
2.19325e-08
2.31829e-08
2.29775e-08
2.30869e-08
2.40764e-08
2.51177e-08
2.50945e-08
2.41833e-08
2.37423e-08
2.43482e-08
2.50548e-08
2.48349e-08
2.4187e-08
2.42069e-08
2.43797e-08
2.34459e-08
2.22825e-08
2.23624e-08
2.25554e-08
2.10625e-08
1.95611e-08
2.05727e-08
2.29188e-08
2.44742e-08
2.49923e-08
2.47669e-08
2.40638e-08
2.37617e-08
2.40881e-08
2.40091e-08
2.31309e-08
2.22523e-08
2.18641e-08
2.17973e-08
2.20099e-08
2.2183e-08
2.18316e-08
2.11993e-08
2.11362e-08
2.18634e-08
2.27903e-08
2.40315e-08
2.39818e-08
2.42635e-08
2.53552e-08
2.62815e-08
2.59746e-08
2.48329e-08
2.43981e-08
2.52064e-08
2.60251e-08
2.57021e-08
2.48809e-08
2.48782e-08
2.50478e-08
2.39902e-08
2.28152e-08
2.30674e-08
2.3239e-08
2.14856e-08
1.99176e-08
2.11755e-08
2.37719e-08
2.53707e-08
2.58268e-08
2.5461e-08
2.46278e-08
2.43311e-08
2.47096e-08
2.45828e-08
2.36477e-08
2.2829e-08
2.25366e-08
2.25781e-08
2.2884e-08
2.30822e-08
2.27286e-08
2.21178e-08
2.19881e-08
2.26164e-08
2.35372e-08
2.44416e-08
2.44743e-08
2.49435e-08
2.61136e-08
2.68667e-08
2.62799e-08
2.50008e-08
2.46664e-08
2.57043e-08
2.66965e-08
2.63676e-08
2.54597e-08
2.54379e-08
2.55236e-08
2.42848e-08
2.30415e-08
2.3385e-08
2.36179e-08
2.18732e-08
2.03317e-08
2.15729e-08
2.40787e-08
2.57087e-08
2.6248e-08
2.58295e-08
2.49489e-08
2.47693e-08
2.52202e-08
2.49933e-08
2.39745e-08
2.31825e-08
2.2959e-08
2.3091e-08
2.34893e-08
2.37604e-08
2.34547e-08
2.28049e-08
2.25549e-08
2.30718e-08
2.39519e-08
2.43803e-08
2.44601e-08
2.5112e-08
2.63485e-08
2.68813e-08
2.59805e-08
2.45616e-08
2.43559e-08
2.56445e-08
2.69008e-08
2.67071e-08
2.58418e-08
2.57859e-08
2.57246e-08
2.43235e-08
2.30344e-08
2.34618e-08
2.37811e-08
2.21458e-08
2.06397e-08
2.17737e-08
2.4195e-08
2.59101e-08
2.6538e-08
2.61098e-08
2.52664e-08
2.51623e-08
2.55768e-08
2.51832e-08
2.40273e-08
2.3188e-08
2.29925e-08
2.31857e-08
2.36581e-08
2.4009e-08
2.37322e-08
2.29983e-08
2.26624e-08
2.31565e-08
2.39792e-08
2.41072e-08
2.4171e-08
2.49402e-08
2.62343e-08
2.66032e-08
2.54297e-08
2.3938e-08
2.38773e-08
2.53729e-08
2.68109e-08
2.6719e-08
2.5933e-08
2.5856e-08
2.5641e-08
2.41269e-08
2.28876e-08
2.34482e-08
2.38697e-08
2.23097e-08
2.08148e-08
2.18735e-08
2.42397e-08
2.59976e-08
2.65943e-08
2.60436e-08
2.51949e-08
2.51693e-08
2.55467e-08
2.506e-08
2.38275e-08
2.29361e-08
2.27365e-08
2.29456e-08
2.34511e-08
2.38285e-08
2.3508e-08
2.26919e-08
2.23917e-08
2.30104e-08
2.38218e-08
2.36882e-08
2.37376e-08
2.45783e-08
2.59095e-08
2.61534e-08
2.4803e-08
2.33147e-08
2.3391e-08
2.50202e-08
2.65448e-08
2.65173e-08
2.57586e-08
2.56097e-08
2.52837e-08
2.37592e-08
2.26278e-08
2.32596e-08
2.37134e-08
2.22087e-08
2.07648e-08
2.17531e-08
2.40551e-08
2.57938e-08
2.62754e-08
2.5595e-08
2.47343e-08
2.47422e-08
2.51236e-08
2.46466e-08
2.34195e-08
2.25221e-08
2.23056e-08
2.24828e-08
2.29843e-08
2.3394e-08
2.30526e-08
2.21964e-08
2.19479e-08
2.2651e-08
2.3459e-08
2.3218e-08
2.32968e-08
2.41655e-08
2.54684e-08
2.56191e-08
2.41964e-08
2.27594e-08
2.293e-08
2.46363e-08
2.62096e-08
2.62347e-08
2.54932e-08
2.52832e-08
2.48742e-08
2.33678e-08
2.23021e-08
2.29418e-08
2.33717e-08
2.18962e-08
2.05128e-08
2.14689e-08
2.37019e-08
2.53791e-08
2.57767e-08
2.5048e-08
2.4228e-08
2.42753e-08
2.46452e-08
2.41673e-08
2.29678e-08
2.20915e-08
2.1853e-08
2.19877e-08
2.24862e-08
2.29335e-08
2.25986e-08
2.1715e-08
2.1465e-08
2.21822e-08
2.29913e-08
2.28906e-08
2.29742e-08
2.38224e-08
2.50776e-08
2.51918e-08
2.37792e-08
2.23869e-08
2.26041e-08
2.43291e-08
2.59147e-08
2.59728e-08
2.52538e-08
2.5025e-08
2.45818e-08
2.30803e-08
2.20376e-08
2.265e-08
2.3032e-08
2.15721e-08
2.02532e-08
2.12052e-08
2.33714e-08
2.49897e-08
2.53509e-08
2.46207e-08
2.38443e-08
2.39313e-08
2.43083e-08
2.3831e-08
2.26398e-08
2.17664e-08
2.15125e-08
2.16331e-08
2.21445e-08
2.26106e-08
2.22711e-08
2.138e-08
2.11365e-08
2.1858e-08
2.26618e-08
2.27234e-08
2.28015e-08
2.36436e-08
2.48882e-08
2.49978e-08
2.35947e-08
2.22273e-08
2.24592e-08
2.41748e-08
2.57399e-08
2.58035e-08
2.51133e-08
2.4901e-08
2.44504e-08
2.29497e-08
2.19133e-08
2.25139e-08
2.28709e-08
2.1417e-08
2.01382e-08
2.10996e-08
2.32424e-08
2.48416e-08
2.51919e-08
2.4464e-08
2.37082e-08
2.38128e-08
2.41851e-08
2.36966e-08
2.25018e-08
2.16292e-08
2.13795e-08
2.15029e-08
2.20044e-08
2.24491e-08
2.21017e-08
2.12305e-08
2.10094e-08
2.17264e-08
2.25097e-08
1.26629e-08
1.26205e-08
1.24984e-08
1.24012e-08
1.24833e-08
1.27423e-08
1.31627e-08
1.36698e-08
1.41832e-08
1.46091e-08
1.48989e-08
1.5043e-08
1.506e-08
1.49518e-08
1.47328e-08
1.4439e-08
1.41399e-08
1.39192e-08
1.3801e-08
1.38277e-08
1.3907e-08
1.39955e-08
1.40888e-08
1.41589e-08
1.42387e-08
1.42723e-08
1.42532e-08
1.42268e-08
1.41617e-08
1.40307e-08
1.38916e-08
1.37332e-08
1.34799e-08
1.31935e-08
1.29555e-08
1.27745e-08
1.26235e-08
1.25281e-08
1.25405e-08
1.26092e-08
1.30592e-08
1.28545e-08
1.25754e-08
1.24535e-08
1.26051e-08
1.29871e-08
1.35439e-08
1.42036e-08
1.47768e-08
1.51718e-08
1.53213e-08
1.53525e-08
1.52581e-08
1.50624e-08
1.4806e-08
1.45391e-08
1.43027e-08
1.41274e-08
1.40536e-08
1.40283e-08
1.40008e-08
1.39739e-08
1.39487e-08
1.39806e-08
1.40649e-08
1.41409e-08
1.4231e-08
1.43999e-08
1.44976e-08
1.44799e-08
1.43754e-08
1.41611e-08
1.38431e-08
1.35497e-08
1.3384e-08
1.32974e-08
1.32271e-08
1.31816e-08
1.31728e-08
1.31447e-08
1.35714e-08
1.32369e-08
1.28415e-08
1.26415e-08
1.27678e-08
1.31835e-08
1.39032e-08
1.47922e-08
1.55873e-08
1.60902e-08
1.63719e-08
1.64244e-08
1.62869e-08
1.59781e-08
1.55748e-08
1.51781e-08
1.4834e-08
1.45869e-08
1.44689e-08
1.44065e-08
1.43056e-08
1.41836e-08
1.414e-08
1.42691e-08
1.44606e-08
1.46569e-08
1.48904e-08
1.51064e-08
1.51928e-08
1.50934e-08
1.48653e-08
1.45195e-08
1.40959e-08
1.37674e-08
1.35974e-08
1.34966e-08
1.34814e-08
1.35629e-08
1.36593e-08
1.36905e-08
1.37681e-08
1.33344e-08
1.29303e-08
1.2788e-08
1.29639e-08
1.34781e-08
1.42737e-08
1.52187e-08
1.6077e-08
1.66315e-08
1.69236e-08
1.7048e-08
1.69936e-08
1.6716e-08
1.62715e-08
1.5747e-08
1.52029e-08
1.48013e-08
1.46496e-08
1.46615e-08
1.46695e-08
1.46485e-08
1.47339e-08
1.49522e-08
1.51213e-08
1.5213e-08
1.53573e-08
1.55419e-08
1.56308e-08
1.5544e-08
1.52878e-08
1.48817e-08
1.44119e-08
1.40641e-08
1.38308e-08
1.3715e-08
1.37794e-08
1.39618e-08
1.40737e-08
1.40241e-08
1.36108e-08
1.31068e-08
1.27998e-08
1.27752e-08
1.30801e-08
1.37247e-08
1.45827e-08
1.54752e-08
1.61558e-08
1.65462e-08
1.67941e-08
1.69172e-08
1.68495e-08
1.65614e-08
1.6146e-08
1.5696e-08
1.53038e-08
1.50673e-08
1.5056e-08
1.51306e-08
1.51144e-08
1.50533e-08
1.5168e-08
1.54372e-08
1.57014e-08
1.59245e-08
1.61496e-08
1.63329e-08
1.63327e-08
1.61146e-08
1.57066e-08
1.5185e-08
1.46753e-08
1.42979e-08
1.40861e-08
1.40625e-08
1.42165e-08
1.43899e-08
1.43756e-08
1.40931e-08
1.3396e-08
1.28579e-08
1.27016e-08
1.29032e-08
1.34017e-08
1.40601e-08
1.47442e-08
1.53215e-08
1.56938e-08
1.59709e-08
1.63159e-08
1.67086e-08
1.69573e-08
1.68551e-08
1.65005e-08
1.61316e-08
1.59049e-08
1.5844e-08
1.59051e-08
1.59208e-08
1.57946e-08
1.57438e-08
1.59617e-08
1.629e-08
1.65139e-08
1.6641e-08
1.67116e-08
1.6741e-08
1.66858e-08
1.6436e-08
1.60705e-08
1.56451e-08
1.51755e-08
1.47421e-08
1.44573e-08
1.44621e-08
1.46778e-08
1.48289e-08
1.46491e-08
1.41093e-08
1.37772e-08
1.34302e-08
1.34447e-08
1.37125e-08
1.41047e-08
1.45363e-08
1.49822e-08
1.54109e-08
1.5779e-08
1.61561e-08
1.66511e-08
1.71957e-08
1.75552e-08
1.75068e-08
1.71161e-08
1.67257e-08
1.65497e-08
1.65744e-08
1.67169e-08
1.67371e-08
1.65573e-08
1.6473e-08
1.66712e-08
1.69331e-08
1.70541e-08
1.70185e-08
1.70225e-08
1.71041e-08
1.71933e-08
1.71574e-08
1.6931e-08
1.65112e-08
1.58698e-08
1.52476e-08
1.50075e-08
1.51861e-08
1.54544e-08
1.54737e-08
1.50982e-08
1.44261e-08
1.44927e-08
1.41691e-08
1.42383e-08
1.45336e-08
1.48807e-08
1.52885e-08
1.57615e-08
1.62042e-08
1.65571e-08
1.68902e-08
1.72809e-08
1.77683e-08
1.82073e-08
1.82723e-08
1.79364e-08
1.75842e-08
1.75047e-08
1.76995e-08
1.79495e-08
1.79097e-08
1.75645e-08
1.73457e-08
1.75117e-08
1.77888e-08
1.78621e-08
1.7671e-08
1.75204e-08
1.76205e-08
1.78776e-08
1.80487e-08
1.7934e-08
1.74922e-08
1.67165e-08
1.60262e-08
1.58604e-08
1.60809e-08
1.62672e-08
1.62301e-08
1.58598e-08
1.51592e-08
1.50235e-08
1.47523e-08
1.48614e-08
1.51853e-08
1.55622e-08
1.59802e-08
1.63923e-08
1.66957e-08
1.7029e-08
1.74516e-08
1.78413e-08
1.82748e-08
1.87503e-08
1.89054e-08
1.86373e-08
1.82892e-08
1.82121e-08
1.84374e-08
1.86315e-08
1.84812e-08
1.80805e-08
1.79622e-08
1.82308e-08
1.84053e-08
1.81331e-08
1.76453e-08
1.74153e-08
1.77011e-08
1.83133e-08
1.87829e-08
1.88324e-08
1.83776e-08
1.75285e-08
1.68242e-08
1.66847e-08
1.6867e-08
1.69741e-08
1.68797e-08
1.64266e-08
1.56788e-08
1.5687e-08
1.56207e-08
1.58343e-08
1.61064e-08
1.63626e-08
1.6639e-08
1.68766e-08
1.71491e-08
1.77205e-08
1.84045e-08
1.87998e-08
1.90644e-08
1.94128e-08
1.95167e-08
1.9137e-08
1.85713e-08
1.83275e-08
1.84789e-08
1.85932e-08
1.83877e-08
1.80934e-08
1.8152e-08
1.84517e-08
1.84969e-08
1.80863e-08
1.75159e-08
1.74308e-08
1.80751e-08
1.89205e-08
1.94047e-08
1.94144e-08
1.90701e-08
1.84525e-08
1.79595e-08
1.78434e-08
1.78489e-08
1.76405e-08
1.7236e-08
1.66887e-08
1.60953e-08
1.66921e-08
1.66539e-08
1.67609e-08
1.68822e-08
1.70321e-08
1.72268e-08
1.73513e-08
1.75764e-08
1.82375e-08
1.89389e-08
1.91688e-08
1.93365e-08
1.97634e-08
1.99185e-08
1.94665e-08
1.88034e-08
1.85366e-08
1.86674e-08
1.86593e-08
1.836e-08
1.82258e-08
1.85017e-08
1.88032e-08
1.87235e-08
1.82852e-08
1.7861e-08
1.80251e-08
1.88896e-08
1.96956e-08
1.99644e-08
1.98468e-08
1.95913e-08
1.91996e-08
1.88442e-08
1.86882e-08
1.85154e-08
1.81285e-08
1.76828e-08
1.7316e-08
1.69477e-08
1.74851e-08
1.74612e-08
1.74313e-08
1.74811e-08
1.76547e-08
1.77821e-08
1.76501e-08
1.77024e-08
1.83853e-08
1.91397e-08
1.94063e-08
1.97084e-08
2.02897e-08
2.04927e-08
1.99628e-08
1.92775e-08
1.90434e-08
1.91046e-08
1.89066e-08
1.85402e-08
1.85614e-08
1.89527e-08
1.91434e-08
1.89533e-08
1.86027e-08
1.8424e-08
1.88758e-08
1.99015e-08
2.06331e-08
2.06821e-08
2.043e-08
2.01614e-08
1.98003e-08
1.9449e-08
1.92226e-08
1.89133e-08
1.84278e-08
1.80038e-08
1.77645e-08
1.75933e-08
1.81845e-08
1.81245e-08
1.80377e-08
1.814e-08
1.84858e-08
1.86011e-08
1.82052e-08
1.8073e-08
1.88379e-08
1.97218e-08
2.00519e-08
2.03823e-08
2.09939e-08
2.11835e-08
2.05968e-08
1.99093e-08
1.9733e-08
1.96939e-08
1.92955e-08
1.88906e-08
1.90674e-08
1.94663e-08
1.94691e-08
1.91978e-08
1.9062e-08
1.92321e-08
1.99801e-08
2.10802e-08
2.16849e-08
2.14833e-08
2.10314e-08
2.06648e-08
2.02585e-08
1.98946e-08
1.96884e-08
1.93191e-08
1.87412e-08
1.82991e-08
1.81831e-08
1.82034e-08
1.91018e-08
1.9017e-08
1.89026e-08
1.91179e-08
1.96501e-08
1.96888e-08
1.89732e-08
1.86867e-08
1.9572e-08
2.05815e-08
2.09219e-08
2.11978e-08
2.17523e-08
2.18478e-08
2.113e-08
2.04108e-08
2.03101e-08
2.02819e-08
1.97678e-08
1.93345e-08
1.95924e-08
1.99272e-08
1.97555e-08
1.95034e-08
1.96456e-08
2.01649e-08
2.11568e-08
2.23127e-08
2.2737e-08
2.21917e-08
2.14564e-08
2.0981e-08
2.05445e-08
2.01734e-08
1.9939e-08
1.95357e-08
1.89594e-08
1.86652e-08
1.88413e-08
1.90656e-08
2.02731e-08
2.00841e-08
1.98932e-08
2.02559e-08
2.10338e-08
2.09746e-08
1.98291e-08
1.93148e-08
2.03199e-08
2.14391e-08
2.17382e-08
2.19117e-08
2.24281e-08
2.24651e-08
2.16025e-08
2.081e-08
2.08092e-08
2.08505e-08
2.02774e-08
1.98315e-08
2.01387e-08
2.03996e-08
2.00637e-08
1.98754e-08
2.03778e-08
2.13421e-08
2.2545e-08
2.36054e-08
2.37904e-08
2.30084e-08
2.21348e-08
2.15549e-08
2.1019e-08
2.05647e-08
2.0328e-08
1.99937e-08
1.95049e-08
1.94587e-08
1.99203e-08
2.02716e-08
2.14712e-08
2.11914e-08
2.09697e-08
2.1497e-08
2.24905e-08
2.23066e-08
2.07152e-08
1.99384e-08
2.10088e-08
2.21943e-08
2.23635e-08
2.23991e-08
2.29e-08
2.29679e-08
2.20236e-08
2.11916e-08
2.13501e-08
2.15295e-08
2.08999e-08
2.03751e-08
2.0678e-08
2.08856e-08
2.04589e-08
2.03345e-08
2.10838e-08
2.23088e-08
2.35623e-08
2.44758e-08
2.44922e-08
2.36878e-08
2.28752e-08
2.22964e-08
2.16702e-08
2.11541e-08
2.09469e-08
2.07025e-08
2.03676e-08
2.05749e-08
2.12163e-08
2.15639e-08
2.24904e-08
2.21809e-08
2.20189e-08
2.27834e-08
2.39723e-08
2.35616e-08
2.15173e-08
2.05715e-08
2.17228e-08
2.29167e-08
2.28954e-08
2.27273e-08
2.31807e-08
2.32584e-08
2.22761e-08
2.1486e-08
2.17925e-08
2.20469e-08
2.13518e-08
2.07846e-08
2.10386e-08
2.11458e-08
2.07363e-08
2.07904e-08
2.17845e-08
2.31235e-08
2.43107e-08
2.50206e-08
2.4881e-08
2.41086e-08
2.33727e-08
2.28051e-08
2.21452e-08
2.15725e-08
2.14145e-08
2.13916e-08
2.13534e-08
2.17609e-08
2.24198e-08
2.26705e-08
2.3531e-08
2.31098e-08
2.29963e-08
2.40604e-08
2.53996e-08
2.46336e-08
2.20122e-08
2.08804e-08
2.22788e-08
2.37024e-08
2.36855e-08
2.33365e-08
2.36675e-08
2.36064e-08
2.23911e-08
2.14938e-08
2.18961e-08
2.22179e-08
2.14958e-08
2.08501e-08
2.10364e-08
2.11838e-08
2.09201e-08
2.1204e-08
2.24418e-08
2.39024e-08
2.5017e-08
2.54816e-08
2.5149e-08
2.4332e-08
2.36486e-08
2.30954e-08
2.24141e-08
2.18513e-08
2.18174e-08
2.20782e-08
2.23496e-08
2.28863e-08
2.35418e-08
2.37791e-08
2.43363e-08
2.38781e-08
2.3936e-08
2.52112e-08
2.64899e-08
2.52764e-08
2.21124e-08
2.0783e-08
2.23805e-08
2.41838e-08
2.44186e-08
2.40648e-08
2.43081e-08
2.40006e-08
2.2423e-08
2.14055e-08
2.18702e-08
2.22254e-08
2.14219e-08
2.06678e-08
2.08621e-08
2.11093e-08
2.10042e-08
2.14106e-08
2.27297e-08
2.43031e-08
2.54392e-08
2.58141e-08
2.53755e-08
2.45148e-08
2.38171e-08
2.32415e-08
2.25107e-08
2.19875e-08
2.21306e-08
2.26695e-08
2.31995e-08
2.38316e-08
2.44555e-08
2.46497e-08
2.46372e-08
2.4172e-08
2.44274e-08
2.59393e-08
2.71274e-08
2.54897e-08
2.1863e-08
2.03788e-08
2.2098e-08
2.41681e-08
2.47081e-08
2.45447e-08
2.48429e-08
2.436e-08
2.25134e-08
2.13035e-08
2.17242e-08
2.21296e-08
2.13722e-08
2.05909e-08
2.0759e-08
2.1041e-08
2.10292e-08
2.1431e-08
2.26419e-08
2.4135e-08
2.5221e-08
2.56118e-08
2.52578e-08
2.44407e-08
2.37275e-08
2.31216e-08
2.23649e-08
2.19298e-08
2.22692e-08
2.30093e-08
2.36329e-08
2.42245e-08
2.47869e-08
2.49803e-08
2.44783e-08
2.39711e-08
2.43308e-08
2.60951e-08
2.73791e-08
2.53773e-08
2.13645e-08
1.97932e-08
2.16001e-08
2.38747e-08
2.46875e-08
2.47431e-08
2.50293e-08
2.43236e-08
2.22925e-08
2.1064e-08
2.1548e-08
2.20302e-08
2.13089e-08
2.05042e-08
2.06285e-08
2.0932e-08
2.09917e-08
2.13384e-08
2.23501e-08
2.36427e-08
2.46201e-08
2.50339e-08
2.47404e-08
2.39674e-08
2.33035e-08
2.27426e-08
2.20465e-08
2.17485e-08
2.22581e-08
2.30712e-08
2.36185e-08
2.40789e-08
2.46198e-08
2.48504e-08
2.39691e-08
2.33706e-08
2.37936e-08
2.57589e-08
2.70421e-08
2.47285e-08
2.05802e-08
1.91165e-08
2.10782e-08
2.35329e-08
2.45277e-08
2.46887e-08
2.48827e-08
2.40371e-08
2.19896e-08
2.08082e-08
2.1329e-08
2.18292e-08
2.1129e-08
2.03188e-08
2.04082e-08
2.07366e-08
2.08301e-08
2.11155e-08
2.19822e-08
2.31294e-08
2.40444e-08
2.44656e-08
2.42047e-08
2.34555e-08
2.28252e-08
2.22975e-08
2.16448e-08
2.14335e-08
2.20228e-08
2.28264e-08
2.32759e-08
2.36676e-08
2.42129e-08
2.44333e-08
2.33352e-08
2.27211e-08
2.3231e-08
2.52097e-08
2.62939e-08
2.37842e-08
1.97569e-08
1.85233e-08
2.06853e-08
2.32731e-08
2.43592e-08
2.45369e-08
2.46376e-08
2.37262e-08
2.17162e-08
2.05789e-08
2.1094e-08
2.15891e-08
2.08964e-08
2.00778e-08
2.01291e-08
2.04585e-08
2.05679e-08
2.08206e-08
2.16005e-08
2.26674e-08
2.35592e-08
2.40009e-08
2.37551e-08
2.3018e-08
2.23934e-08
2.18708e-08
2.12461e-08
2.10812e-08
2.16898e-08
2.24408e-08
2.28007e-08
2.31293e-08
2.36668e-08
2.38712e-08
2.29081e-08
2.23273e-08
2.2879e-08
2.4788e-08
2.56985e-08
2.31414e-08
1.92699e-08
1.82194e-08
2.04634e-08
2.30748e-08
2.41774e-08
2.43434e-08
2.4395e-08
2.3465e-08
2.14948e-08
2.03901e-08
2.0886e-08
2.13603e-08
2.0679e-08
1.98663e-08
1.99037e-08
2.02337e-08
2.03533e-08
2.0598e-08
2.13427e-08
2.23716e-08
2.32457e-08
2.36828e-08
2.34311e-08
2.26977e-08
2.20852e-08
2.15738e-08
2.09783e-08
2.08458e-08
2.14488e-08
2.21479e-08
2.2444e-08
2.27421e-08
2.3277e-08
2.34605e-08
2.27446e-08
2.21724e-08
2.27219e-08
2.46047e-08
2.54822e-08
2.29346e-08
1.91252e-08
1.8125e-08
2.03573e-08
2.29441e-08
2.40357e-08
2.41954e-08
2.42415e-08
2.33175e-08
2.13754e-08
2.02975e-08
2.07895e-08
2.12557e-08
2.05781e-08
1.97709e-08
1.98063e-08
2.01394e-08
2.0271e-08
2.05266e-08
2.12674e-08
2.22771e-08
2.31308e-08
2.35554e-08
2.32988e-08
2.25704e-08
2.19648e-08
2.14563e-08
2.08696e-08
2.07426e-08
2.13299e-08
2.20046e-08
2.22914e-08
2.25893e-08
2.31177e-08
2.32937e-08
1.24606e-08
1.24596e-08
1.24304e-08
1.24799e-08
1.26676e-08
1.29617e-08
1.3342e-08
1.37601e-08
1.41951e-08
1.45383e-08
1.47966e-08
1.49149e-08
1.49504e-08
1.48582e-08
1.46472e-08
1.43904e-08
1.4116e-08
1.39215e-08
1.38429e-08
1.39056e-08
1.39959e-08
1.4068e-08
1.41461e-08
1.41857e-08
1.42086e-08
1.42004e-08
1.41686e-08
1.4152e-08
1.41081e-08
1.39676e-08
1.37806e-08
1.35748e-08
1.32681e-08
1.29622e-08
1.27765e-08
1.26958e-08
1.26079e-08
1.25129e-08
1.24597e-08
1.24438e-08
1.2866e-08
1.28317e-08
1.27558e-08
1.28143e-08
1.30799e-08
1.34527e-08
1.38578e-08
1.42927e-08
1.46661e-08
1.49185e-08
1.50051e-08
1.50174e-08
1.49151e-08
1.4691e-08
1.44009e-08
1.41488e-08
1.39702e-08
1.38771e-08
1.39131e-08
1.39859e-08
1.40125e-08
1.40172e-08
1.40542e-08
1.41106e-08
1.41763e-08
1.41755e-08
1.41577e-08
1.42252e-08
1.42697e-08
1.42113e-08
1.40984e-08
1.38893e-08
1.35484e-08
1.32387e-08
1.30816e-08
1.3006e-08
1.29516e-08
1.29067e-08
1.28829e-08
1.28754e-08
1.35508e-08
1.33581e-08
1.31212e-08
1.30512e-08
1.32642e-08
1.36937e-08
1.42506e-08
1.48453e-08
1.5326e-08
1.55705e-08
1.56299e-08
1.56288e-08
1.55086e-08
1.52784e-08
1.49586e-08
1.46435e-08
1.43342e-08
1.4123e-08
1.40937e-08
1.41627e-08
1.41961e-08
1.41832e-08
1.42284e-08
1.43671e-08
1.45165e-08
1.46135e-08
1.47116e-08
1.48383e-08
1.48993e-08
1.48192e-08
1.46252e-08
1.43174e-08
1.39011e-08
1.35783e-08
1.34235e-08
1.3342e-08
1.3328e-08
1.34127e-08
1.35355e-08
1.35971e-08
1.36651e-08
1.34091e-08
1.31985e-08
1.31961e-08
1.3466e-08
1.39642e-08
1.45227e-08
1.50566e-08
1.54409e-08
1.55969e-08
1.57303e-08
1.58559e-08
1.59192e-08
1.58115e-08
1.55082e-08
1.50781e-08
1.46113e-08
1.42686e-08
1.42326e-08
1.44191e-08
1.45881e-08
1.46895e-08
1.47945e-08
1.49618e-08
1.50379e-08
1.50146e-08
1.50897e-08
1.52307e-08
1.53319e-08
1.52692e-08
1.50321e-08
1.46661e-08
1.41903e-08
1.38055e-08
1.35875e-08
1.34766e-08
1.35386e-08
1.37183e-08
1.38558e-08
1.38429e-08
1.38262e-08
1.35232e-08
1.3326e-08
1.33759e-08
1.37365e-08
1.4334e-08
1.49896e-08
1.55389e-08
1.58575e-08
1.59443e-08
1.60268e-08
1.61454e-08
1.61725e-08
1.60307e-08
1.57223e-08
1.53543e-08
1.50487e-08
1.49496e-08
1.50939e-08
1.53097e-08
1.54501e-08
1.55348e-08
1.56603e-08
1.58256e-08
1.58998e-08
1.59488e-08
1.60561e-08
1.62074e-08
1.62024e-08
1.59277e-08
1.54731e-08
1.49393e-08
1.44457e-08
1.41201e-08
1.39572e-08
1.39198e-08
1.40457e-08
1.42021e-08
1.42616e-08
1.41447e-08
1.36126e-08
1.33157e-08
1.32804e-08
1.35091e-08
1.39619e-08
1.44872e-08
1.50375e-08
1.55348e-08
1.58254e-08
1.59799e-08
1.61894e-08
1.64537e-08
1.65556e-08
1.63331e-08
1.59766e-08
1.57381e-08
1.56757e-08
1.57922e-08
1.60107e-08
1.61773e-08
1.61957e-08
1.6196e-08
1.62961e-08
1.6349e-08
1.6264e-08
1.60989e-08
1.60972e-08
1.63028e-08
1.64597e-08
1.63562e-08
1.60291e-08
1.55431e-08
1.50022e-08
1.45838e-08
1.43972e-08
1.44168e-08
1.4532e-08
1.45719e-08
1.44263e-08
1.4061e-08
1.41051e-08
1.38939e-08
1.39487e-08
1.41866e-08
1.44583e-08
1.47201e-08
1.51364e-08
1.56695e-08
1.61569e-08
1.65326e-08
1.687e-08
1.71631e-08
1.72796e-08
1.71146e-08
1.6808e-08
1.66501e-08
1.66706e-08
1.67831e-08
1.68804e-08
1.68131e-08
1.66088e-08
1.64809e-08
1.64757e-08
1.6388e-08
1.61972e-08
1.60829e-08
1.62578e-08
1.66828e-08
1.69945e-08
1.69154e-08
1.65562e-08
1.60986e-08
1.56215e-08
1.52602e-08
1.51926e-08
1.52846e-08
1.53136e-08
1.52218e-08
1.49748e-08
1.45375e-08
1.47201e-08
1.45781e-08
1.4645e-08
1.48138e-08
1.50049e-08
1.5338e-08
1.58868e-08
1.64641e-08
1.68922e-08
1.71683e-08
1.73993e-08
1.76958e-08
1.7927e-08
1.78908e-08
1.76829e-08
1.74988e-08
1.74638e-08
1.75815e-08
1.75917e-08
1.72951e-08
1.68229e-08
1.6541e-08
1.65264e-08
1.65929e-08
1.65743e-08
1.65894e-08
1.68102e-08
1.71597e-08
1.73791e-08
1.72849e-08
1.70693e-08
1.67888e-08
1.64633e-08
1.62643e-08
1.63199e-08
1.63801e-08
1.62879e-08
1.61076e-08
1.57717e-08
1.51811e-08
1.50072e-08
1.48571e-08
1.48495e-08
1.50132e-08
1.53693e-08
1.59555e-08
1.66188e-08
1.71234e-08
1.7492e-08
1.78153e-08
1.8113e-08
1.84471e-08
1.87116e-08
1.86619e-08
1.83959e-08
1.8152e-08
1.80796e-08
1.81043e-08
1.79477e-08
1.75093e-08
1.70735e-08
1.69995e-08
1.71678e-08
1.7256e-08
1.70744e-08
1.68283e-08
1.67956e-08
1.70415e-08
1.72467e-08
1.73267e-08
1.73799e-08
1.73367e-08
1.71497e-08
1.71156e-08
1.72491e-08
1.71922e-08
1.68413e-08
1.64374e-08
1.59706e-08
1.53952e-08
1.53363e-08
1.51698e-08
1.51076e-08
1.53046e-08
1.57658e-08
1.6383e-08
1.69404e-08
1.73327e-08
1.77316e-08
1.81285e-08
1.84435e-08
1.87464e-08
1.89833e-08
1.89595e-08
1.87184e-08
1.84262e-08
1.8268e-08
1.82171e-08
1.80683e-08
1.77676e-08
1.76177e-08
1.77597e-08
1.78819e-08
1.77481e-08
1.73646e-08
1.69721e-08
1.69597e-08
1.73144e-08
1.76206e-08
1.77447e-08
1.78231e-08
1.77913e-08
1.77238e-08
1.78265e-08
1.78934e-08
1.75379e-08
1.68784e-08
1.6345e-08
1.59764e-08
1.55977e-08
1.58001e-08
1.56045e-08
1.5548e-08
1.58215e-08
1.63544e-08
1.69641e-08
1.73691e-08
1.7642e-08
1.80576e-08
1.84672e-08
1.87598e-08
1.91091e-08
1.94981e-08
1.96282e-08
1.93858e-08
1.89262e-08
1.85881e-08
1.84427e-08
1.82205e-08
1.79347e-08
1.79782e-08
1.83031e-08
1.84391e-08
1.81458e-08
1.75977e-08
1.71695e-08
1.72696e-08
1.78247e-08
1.83373e-08
1.85634e-08
1.85969e-08
1.84911e-08
1.83567e-08
1.83561e-08
1.82288e-08
1.76241e-08
1.68456e-08
1.63677e-08
1.61721e-08
1.59742e-08
1.61359e-08
1.59994e-08
1.61055e-08
1.66618e-08
1.74065e-08
1.79368e-08
1.80722e-08
1.81832e-08
1.86304e-08
1.91383e-08
1.94557e-08
1.98332e-08
2.02486e-08
2.03672e-08
2.00295e-08
1.94844e-08
1.90953e-08
1.89184e-08
1.86229e-08
1.82938e-08
1.84194e-08
1.88755e-08
1.90068e-08
1.86335e-08
1.79776e-08
1.74941e-08
1.75929e-08
1.81944e-08
1.87787e-08
1.91042e-08
1.92291e-08
1.91145e-08
1.88408e-08
1.86443e-08
1.83348e-08
1.76307e-08
1.68671e-08
1.65212e-08
1.64409e-08
1.63018e-08
1.66498e-08
1.6516e-08
1.67418e-08
1.75231e-08
1.84151e-08
1.88202e-08
1.87145e-08
1.87937e-08
1.94271e-08
2.00757e-08
2.03738e-08
2.06347e-08
2.09508e-08
2.10181e-08
2.06388e-08
2.0057e-08
1.97056e-08
1.95819e-08
1.92216e-08
1.88447e-08
1.90305e-08
1.95466e-08
1.96625e-08
1.9184e-08
1.85201e-08
1.81132e-08
1.82885e-08
1.89212e-08
1.94956e-08
1.97764e-08
1.98394e-08
1.96217e-08
1.92264e-08
1.89497e-08
1.85606e-08
1.78108e-08
1.71047e-08
1.68949e-08
1.69053e-08
1.68179e-08
1.73275e-08
1.71733e-08
1.74538e-08
1.84019e-08
1.94294e-08
1.97327e-08
1.94499e-08
1.95486e-08
2.03059e-08
2.09501e-08
2.10583e-08
2.11678e-08
2.14278e-08
2.15032e-08
2.11103e-08
2.04968e-08
2.01504e-08
2.00556e-08
1.97126e-08
1.9363e-08
1.9644e-08
2.02397e-08
2.03809e-08
1.98526e-08
1.91801e-08
1.8873e-08
1.91856e-08
1.98288e-08
2.02946e-08
2.04045e-08
2.03309e-08
2.00994e-08
1.97509e-08
1.94774e-08
1.90177e-08
1.8147e-08
1.73813e-08
1.72463e-08
1.74272e-08
1.74715e-08
1.80185e-08
1.78314e-08
1.82401e-08
1.93962e-08
2.04895e-08
2.05759e-08
2.00522e-08
2.01678e-08
2.10317e-08
2.15594e-08
2.1415e-08
2.14149e-08
2.17869e-08
2.19823e-08
2.15985e-08
2.09248e-08
2.05728e-08
2.04902e-08
2.01392e-08
1.98584e-08
2.02651e-08
2.09582e-08
2.10561e-08
2.04227e-08
1.97479e-08
1.95878e-08
2.00736e-08
2.07929e-08
2.11752e-08
2.10879e-08
2.08353e-08
2.05699e-08
2.03463e-08
2.01376e-08
1.96207e-08
1.86464e-08
1.78909e-08
1.78884e-08
1.81908e-08
1.824e-08
1.87237e-08
1.84808e-08
1.89888e-08
2.02918e-08
2.14039e-08
2.12548e-08
2.05466e-08
2.07712e-08
2.17627e-08
2.21656e-08
2.1813e-08
2.17749e-08
2.22758e-08
2.25334e-08
2.21069e-08
2.13259e-08
2.09662e-08
2.09444e-08
2.06496e-08
2.04161e-08
2.09005e-08
2.16692e-08
2.17625e-08
2.1097e-08
2.04709e-08
2.04322e-08
2.09583e-08
2.16295e-08
2.19201e-08
2.16897e-08
2.13007e-08
2.10252e-08
2.08665e-08
2.07636e-08
2.03373e-08
1.94015e-08
1.86682e-08
1.87522e-08
1.91204e-08
1.91106e-08
1.93028e-08
1.90518e-08
1.96689e-08
2.11456e-08
2.23018e-08
2.19341e-08
2.1062e-08
2.13974e-08
2.24699e-08
2.27488e-08
2.23344e-08
2.24549e-08
2.30953e-08
2.33615e-08
2.28339e-08
2.19199e-08
2.15023e-08
2.1523e-08
2.12942e-08
2.10941e-08
2.161e-08
2.23582e-08
2.23259e-08
2.15617e-08
2.09517e-08
2.09949e-08
2.15492e-08
2.22217e-08
2.24179e-08
2.20307e-08
2.15457e-08
2.13302e-08
2.13179e-08
2.13499e-08
2.10415e-08
2.01709e-08
1.94504e-08
1.9548e-08
1.98953e-08
1.97798e-08
1.97783e-08
1.95325e-08
2.02839e-08
2.19573e-08
2.30944e-08
2.24952e-08
2.15549e-08
2.2024e-08
2.3193e-08
2.3417e-08
2.30554e-08
2.33598e-08
2.41142e-08
2.43672e-08
2.36597e-08
2.25376e-08
2.19932e-08
2.2008e-08
2.181e-08
2.16178e-08
2.21291e-08
2.28067e-08
2.26907e-08
2.19678e-08
2.14147e-08
2.14407e-08
2.19455e-08
2.2519e-08
2.25654e-08
2.2068e-08
2.15892e-08
2.14755e-08
2.15811e-08
2.17296e-08
2.15e-08
2.06465e-08
1.99166e-08
2.00623e-08
2.04506e-08
2.03105e-08
2.0113e-08
1.98347e-08
2.07114e-08
2.2577e-08
2.36401e-08
2.27315e-08
2.17638e-08
2.25941e-08
2.40462e-08
2.43706e-08
2.41377e-08
2.45129e-08
2.52346e-08
2.53392e-08
2.44517e-08
2.3199e-08
2.25061e-08
2.24218e-08
2.22123e-08
2.20359e-08
2.24922e-08
2.30848e-08
2.2994e-08
2.24248e-08
2.19723e-08
2.19512e-08
2.23453e-08
2.28166e-08
2.27109e-08
2.20796e-08
2.15801e-08
2.15119e-08
2.1664e-08
2.18759e-08
2.16449e-08
2.07233e-08
1.9989e-08
2.02303e-08
2.07635e-08
2.06937e-08
2.0172e-08
1.98697e-08
2.0834e-08
2.28316e-08
2.37905e-08
2.26364e-08
2.17024e-08
2.28668e-08
2.46421e-08
2.51924e-08
2.51293e-08
2.54993e-08
2.6107e-08
2.60137e-08
2.49189e-08
2.35747e-08
2.28597e-08
2.27403e-08
2.24837e-08
2.22712e-08
2.26976e-08
2.32945e-08
2.32978e-08
2.28752e-08
2.25426e-08
2.25227e-08
2.28378e-08
2.31943e-08
2.29261e-08
2.21742e-08
2.16658e-08
2.16324e-08
2.17836e-08
2.19717e-08
2.16721e-08
2.06559e-08
1.99402e-08
2.03027e-08
2.09161e-08
2.08215e-08
2.00686e-08
1.97052e-08
2.0648e-08
2.2683e-08
2.35619e-08
2.23187e-08
2.14973e-08
2.28618e-08
2.47242e-08
2.54468e-08
2.55944e-08
2.60029e-08
2.64748e-08
2.61358e-08
2.48341e-08
2.34418e-08
2.2828e-08
2.28421e-08
2.26193e-08
2.23816e-08
2.27958e-08
2.34036e-08
2.34619e-08
2.31367e-08
2.2922e-08
2.29446e-08
2.31997e-08
2.34217e-08
2.30067e-08
2.21809e-08
2.16822e-08
2.16476e-08
2.1762e-08
2.19049e-08
2.1575e-08
2.05642e-08
1.99043e-08
2.03342e-08
2.09352e-08
2.07777e-08
1.9807e-08
1.93824e-08
2.02797e-08
2.22768e-08
2.31556e-08
2.19964e-08
2.12521e-08
2.25653e-08
2.43374e-08
2.51803e-08
2.5511e-08
2.59303e-08
2.62549e-08
2.57499e-08
2.4396e-08
2.30699e-08
2.26106e-08
2.27464e-08
2.25316e-08
2.22766e-08
2.26959e-08
2.33202e-08
2.33974e-08
2.31196e-08
2.2976e-08
2.30197e-08
2.32309e-08
2.34046e-08
2.29705e-08
2.21383e-08
2.16249e-08
2.15248e-08
2.15527e-08
2.16379e-08
2.13065e-08
2.03605e-08
1.98001e-08
2.02536e-08
2.07977e-08
2.05757e-08
1.94879e-08
1.90447e-08
1.99236e-08
2.18947e-08
2.27756e-08
2.16689e-08
2.09293e-08
2.21293e-08
2.38312e-08
2.4774e-08
2.51953e-08
2.55893e-08
2.58099e-08
2.52521e-08
2.39407e-08
2.27109e-08
2.23637e-08
2.25486e-08
2.2323e-08
2.20585e-08
2.24755e-08
2.31098e-08
2.32145e-08
2.29724e-08
2.28268e-08
2.28353e-08
2.3042e-08
2.32485e-08
2.28454e-08
2.20201e-08
2.14842e-08
2.1321e-08
2.12738e-08
2.13233e-08
2.1027e-08
2.01687e-08
1.96686e-08
2.00814e-08
2.05533e-08
2.02849e-08
1.92465e-08
1.88368e-08
1.97391e-08
2.16712e-08
2.24989e-08
2.14031e-08
2.0672e-08
2.18152e-08
2.34744e-08
2.44399e-08
2.48814e-08
2.52438e-08
2.54315e-08
2.48812e-08
2.36071e-08
2.24308e-08
2.21409e-08
2.23544e-08
2.21282e-08
2.18571e-08
2.2275e-08
2.29168e-08
2.30359e-08
2.27936e-08
2.26249e-08
2.26205e-08
2.28475e-08
2.30761e-08
2.26734e-08
2.18374e-08
2.12837e-08
2.11152e-08
2.10917e-08
2.11612e-08
2.08744e-08
2.00288e-08
1.95182e-08
1.98915e-08
2.03262e-08
2.00386e-08
1.91598e-08
1.87795e-08
1.96768e-08
2.15681e-08
2.23681e-08
2.12933e-08
2.05853e-08
2.17054e-08
2.33326e-08
2.42929e-08
2.47378e-08
2.50897e-08
2.52663e-08
2.47187e-08
2.34508e-08
2.22824e-08
2.20106e-08
2.2236e-08
2.20139e-08
2.17499e-08
2.21725e-08
2.28131e-08
2.29244e-08
2.26742e-08
2.24991e-08
2.24929e-08
2.27235e-08
2.2952e-08
2.25502e-08
2.17214e-08
2.11812e-08
2.10362e-08
2.10362e-08
2.11073e-08
2.08002e-08
1.99417e-08
1.94299e-08
1.97915e-08
2.02097e-08
1.99243e-08
1.24454e-08
1.24032e-08
1.2359e-08
1.24258e-08
1.26833e-08
1.30308e-08
1.34308e-08
1.38737e-08
1.42748e-08
1.4598e-08
1.47902e-08
1.48459e-08
1.48545e-08
1.47837e-08
1.45908e-08
1.4341e-08
1.41416e-08
1.40392e-08
1.4086e-08
1.42358e-08
1.43433e-08
1.43494e-08
1.4316e-08
1.42633e-08
1.41877e-08
1.41196e-08
1.40739e-08
1.40651e-08
1.40254e-08
1.38806e-08
1.36802e-08
1.34656e-08
1.31923e-08
1.29189e-08
1.27438e-08
1.26915e-08
1.26111e-08
1.25168e-08
1.24656e-08
1.24509e-08
1.29067e-08
1.29567e-08
1.29457e-08
1.29951e-08
1.32192e-08
1.35205e-08
1.3823e-08
1.41834e-08
1.45187e-08
1.47125e-08
1.48014e-08
1.48272e-08
1.47876e-08
1.46566e-08
1.44326e-08
1.42109e-08
1.40726e-08
1.40213e-08
1.41026e-08
1.42361e-08
1.42962e-08
1.4302e-08
1.43268e-08
1.43642e-08
1.43754e-08
1.43093e-08
1.42461e-08
1.42413e-08
1.42296e-08
1.41288e-08
1.39744e-08
1.37688e-08
1.34338e-08
1.31348e-08
1.29876e-08
1.29023e-08
1.28343e-08
1.27943e-08
1.27919e-08
1.28348e-08
1.36646e-08
1.35755e-08
1.34132e-08
1.33509e-08
1.35071e-08
1.38084e-08
1.41366e-08
1.45103e-08
1.4865e-08
1.50385e-08
1.5091e-08
1.51357e-08
1.5108e-08
1.48999e-08
1.45949e-08
1.42995e-08
1.40632e-08
1.39331e-08
1.40163e-08
1.4185e-08
1.42893e-08
1.43309e-08
1.44042e-08
1.45268e-08
1.46123e-08
1.46231e-08
1.46578e-08
1.47382e-08
1.47813e-08
1.46929e-08
1.44958e-08
1.41964e-08
1.37703e-08
1.34864e-08
1.34055e-08
1.33693e-08
1.33852e-08
1.34886e-08
1.36016e-08
1.36579e-08
1.38871e-08
1.37925e-08
1.36717e-08
1.36471e-08
1.38302e-08
1.41328e-08
1.44322e-08
1.47094e-08
1.48729e-08
1.48561e-08
1.48961e-08
1.50768e-08
1.52117e-08
1.51646e-08
1.49711e-08
1.46846e-08
1.43551e-08
1.41614e-08
1.42452e-08
1.44795e-08
1.46392e-08
1.47485e-08
1.49001e-08
1.5061e-08
1.50909e-08
1.4969e-08
1.48936e-08
1.49358e-08
1.49831e-08
1.49357e-08
1.47925e-08
1.44825e-08
1.40963e-08
1.38168e-08
1.37062e-08
1.36873e-08
1.37436e-08
1.38468e-08
1.38912e-08
1.39115e-08
1.43975e-08
1.42372e-08
1.40468e-08
1.39723e-08
1.41495e-08
1.44763e-08
1.4871e-08
1.52345e-08
1.5359e-08
1.53026e-08
1.53308e-08
1.54989e-08
1.5639e-08
1.56384e-08
1.55503e-08
1.53842e-08
1.51623e-08
1.50806e-08
1.52306e-08
1.54325e-08
1.55983e-08
1.57676e-08
1.59781e-08
1.60578e-08
1.59096e-08
1.56908e-08
1.56114e-08
1.5729e-08
1.58805e-08
1.58557e-08
1.56232e-08
1.52122e-08
1.47794e-08
1.4543e-08
1.44564e-08
1.44492e-08
1.4474e-08
1.4545e-08
1.45858e-08
1.45324e-08
1.42246e-08
1.42116e-08
1.41346e-08
1.40901e-08
1.42903e-08
1.46967e-08
1.52094e-08
1.56207e-08
1.57217e-08
1.56336e-08
1.56724e-08
1.59746e-08
1.62846e-08
1.64407e-08
1.65352e-08
1.65599e-08
1.65208e-08
1.65914e-08
1.67204e-08
1.67257e-08
1.66406e-08
1.66627e-08
1.67828e-08
1.67708e-08
1.64961e-08
1.6159e-08
1.6037e-08
1.6209e-08
1.6441e-08
1.64836e-08
1.63033e-08
1.59651e-08
1.55262e-08
1.51655e-08
1.50046e-08
1.4941e-08
1.48082e-08
1.4626e-08
1.44813e-08
1.43193e-08
1.45316e-08
1.46058e-08
1.45747e-08
1.44978e-08
1.45468e-08
1.48093e-08
1.5287e-08
1.57635e-08
1.60324e-08
1.61762e-08
1.64513e-08
1.69314e-08
1.73264e-08
1.74404e-08
1.74311e-08
1.74e-08
1.74282e-08
1.75559e-08
1.759e-08
1.73314e-08
1.69299e-08
1.67162e-08
1.67179e-08
1.66424e-08
1.63692e-08
1.60721e-08
1.60623e-08
1.64791e-08
1.69068e-08
1.69563e-08
1.67431e-08
1.64375e-08
1.61066e-08
1.59057e-08
1.58731e-08
1.57786e-08
1.5433e-08
1.5097e-08
1.48619e-08
1.46218e-08
1.51192e-08
1.50912e-08
1.49091e-08
1.46695e-08
1.4763e-08
1.53168e-08
1.60417e-08
1.65803e-08
1.68857e-08
1.70805e-08
1.73264e-08
1.7718e-08
1.80413e-08
1.81822e-08
1.82211e-08
1.82037e-08
1.82133e-08
1.83381e-08
1.83164e-08
1.78384e-08
1.7154e-08
1.67677e-08
1.67784e-08
1.68577e-08
1.6685e-08
1.63111e-08
1.61616e-08
1.64856e-08
1.69477e-08
1.71708e-08
1.72117e-08
1.71065e-08
1.68868e-08
1.67908e-08
1.68678e-08
1.67617e-08
1.63223e-08
1.5881e-08
1.55341e-08
1.52391e-08
1.56003e-08
1.55765e-08
1.53325e-08
1.50699e-08
1.52474e-08
1.59109e-08
1.66091e-08
1.69954e-08
1.72239e-08
1.73964e-08
1.75808e-08
1.7928e-08
1.82934e-08
1.85178e-08
1.86028e-08
1.84939e-08
1.83895e-08
1.84236e-08
1.83006e-08
1.78014e-08
1.73004e-08
1.72414e-08
1.75113e-08
1.74909e-08
1.70082e-08
1.64173e-08
1.63359e-08
1.68817e-08
1.75024e-08
1.77912e-08
1.78807e-08
1.7867e-08
1.7755e-08
1.77432e-08
1.78048e-08
1.75367e-08
1.68915e-08
1.63176e-08
1.59335e-08
1.56749e-08
1.57117e-08
1.56991e-08
1.55869e-08
1.55378e-08
1.59072e-08
1.66313e-08
1.71826e-08
1.74001e-08
1.75154e-08
1.75806e-08
1.76358e-08
1.79168e-08
1.83259e-08
1.86498e-08
1.87254e-08
1.84888e-08
1.8206e-08
1.81434e-08
1.8051e-08
1.76794e-08
1.73654e-08
1.74709e-08
1.779e-08
1.78165e-08
1.73316e-08
1.67654e-08
1.67858e-08
1.74429e-08
1.79575e-08
1.80268e-08
1.79364e-08
1.7926e-08
1.79095e-08
1.79607e-08
1.79669e-08
1.75684e-08
1.68798e-08
1.63814e-08
1.60584e-08
1.57896e-08
1.5982e-08
1.59978e-08
1.59509e-08
1.60218e-08
1.65281e-08
1.72548e-08
1.76596e-08
1.76551e-08
1.76326e-08
1.76169e-08
1.76458e-08
1.80364e-08
1.85889e-08
1.89576e-08
1.89428e-08
1.85704e-08
1.82736e-08
1.82699e-08
1.81314e-08
1.76957e-08
1.73935e-08
1.75077e-08
1.7786e-08
1.77907e-08
1.73143e-08
1.67613e-08
1.68163e-08
1.75071e-08
1.80303e-08
1.79857e-08
1.78439e-08
1.78568e-08
1.79152e-08
1.79995e-08
1.79356e-08
1.74439e-08
1.68116e-08
1.64227e-08
1.61894e-08
1.6009e-08
1.65277e-08
1.65816e-08
1.64589e-08
1.65119e-08
1.70697e-08
1.77729e-08
1.79931e-08
1.78035e-08
1.77223e-08
1.767e-08
1.77121e-08
1.82488e-08
1.90077e-08
1.94832e-08
1.94369e-08
1.8985e-08
1.87016e-08
1.87024e-08
1.84529e-08
1.78943e-08
1.76066e-08
1.77714e-08
1.79753e-08
1.79068e-08
1.7486e-08
1.70417e-08
1.70565e-08
1.75475e-08
1.78784e-08
1.7889e-08
1.79829e-08
1.82448e-08
1.84974e-08
1.8633e-08
1.84522e-08
1.78425e-08
1.7159e-08
1.67494e-08
1.65163e-08
1.64306e-08
1.72224e-08
1.72516e-08
1.7034e-08
1.70992e-08
1.77473e-08
1.84392e-08
1.8475e-08
1.81473e-08
1.8056e-08
1.79527e-08
1.79657e-08
1.85833e-08
1.94547e-08
2.00151e-08
1.99972e-08
1.96035e-08
1.94725e-08
1.95383e-08
1.91266e-08
1.84081e-08
1.80936e-08
1.82664e-08
1.85109e-08
1.85319e-08
1.81865e-08
1.76925e-08
1.75263e-08
1.78189e-08
1.80631e-08
1.81491e-08
1.85049e-08
1.90815e-08
1.95194e-08
1.96135e-08
1.92054e-08
1.83751e-08
1.75811e-08
1.71228e-08
1.69203e-08
1.69845e-08
1.79105e-08
1.797e-08
1.77455e-08
1.78483e-08
1.85887e-08
1.92746e-08
1.91589e-08
1.87429e-08
1.86598e-08
1.85039e-08
1.8456e-08
1.90613e-08
1.99753e-08
2.05695e-08
2.05734e-08
2.02836e-08
2.02913e-08
2.03794e-08
1.98462e-08
1.90691e-08
1.88528e-08
1.9095e-08
1.93198e-08
1.9262e-08
1.88548e-08
1.83232e-08
1.81542e-08
1.84205e-08
1.85962e-08
1.87129e-08
1.92388e-08
2.00708e-08
2.06744e-08
2.06885e-08
2.00084e-08
1.8895e-08
1.79344e-08
1.74826e-08
1.73983e-08
1.75837e-08
1.85814e-08
1.87241e-08
1.85361e-08
1.86905e-08
1.94981e-08
2.01661e-08
1.99582e-08
1.95684e-08
1.94892e-08
1.91511e-08
1.90007e-08
1.96938e-08
2.07381e-08
2.13829e-08
2.13888e-08
2.1142e-08
2.11607e-08
2.11761e-08
2.05513e-08
1.98042e-08
1.96917e-08
1.99645e-08
2.00719e-08
1.98359e-08
1.93608e-08
1.89041e-08
1.88598e-08
1.91278e-08
1.92024e-08
1.92538e-08
1.98289e-08
2.08259e-08
2.15488e-08
2.14905e-08
2.06299e-08
1.93175e-08
1.82443e-08
1.77994e-08
1.77937e-08
1.81275e-08
1.92105e-08
1.94298e-08
1.92319e-08
1.94121e-08
2.03066e-08
2.10465e-08
2.08949e-08
2.05925e-08
2.04046e-08
1.97506e-08
1.94951e-08
2.03402e-08
2.15796e-08
2.23373e-08
2.23574e-08
2.20916e-08
2.19962e-08
2.18005e-08
2.10615e-08
2.03395e-08
2.02866e-08
2.05961e-08
2.05807e-08
2.01413e-08
1.96207e-08
1.93128e-08
1.94384e-08
1.97957e-08
1.9844e-08
1.98378e-08
2.04196e-08
2.14791e-08
2.22406e-08
2.21173e-08
2.11442e-08
1.97355e-08
1.86119e-08
1.8128e-08
1.81348e-08
1.85752e-08
1.97545e-08
1.99778e-08
1.9719e-08
1.99083e-08
2.10015e-08
2.19755e-08
2.19282e-08
2.16056e-08
2.11685e-08
2.01679e-08
1.98592e-08
2.09014e-08
2.22676e-08
2.30256e-08
2.30057e-08
2.26637e-08
2.24127e-08
2.20867e-08
2.13992e-08
2.08245e-08
2.08822e-08
2.11714e-08
2.09661e-08
2.03545e-08
1.98565e-08
1.97019e-08
2.0024e-08
2.0487e-08
2.05222e-08
2.04826e-08
2.10799e-08
2.21502e-08
2.28584e-08
2.26142e-08
2.15143e-08
2.00607e-08
1.89267e-08
1.84205e-08
1.84619e-08
1.90183e-08
2.03847e-08
2.05847e-08
2.02341e-08
2.03592e-08
2.1583e-08
2.27831e-08
2.28404e-08
2.24688e-08
2.17647e-08
2.0561e-08
2.02677e-08
2.14544e-08
2.29111e-08
2.36587e-08
2.35927e-08
2.3138e-08
2.27397e-08
2.23641e-08
2.18043e-08
2.13975e-08
2.14688e-08
2.16342e-08
2.12669e-08
2.05669e-08
2.01097e-08
2.00949e-08
2.05875e-08
2.11307e-08
2.1151e-08
2.10919e-08
2.1673e-08
2.2722e-08
2.33343e-08
2.29418e-08
2.17397e-08
2.03027e-08
1.9202e-08
1.87291e-08
1.88674e-08
1.9567e-08
2.09906e-08
2.10718e-08
2.06127e-08
2.06741e-08
2.20362e-08
2.34701e-08
2.36571e-08
2.32594e-08
2.23548e-08
2.10351e-08
2.07554e-08
2.20085e-08
2.36108e-08
2.44902e-08
2.447e-08
2.39102e-08
2.34002e-08
2.29919e-08
2.2441e-08
2.19062e-08
2.17617e-08
2.17653e-08
2.13758e-08
2.07668e-08
2.04204e-08
2.04958e-08
2.10559e-08
2.1633e-08
2.16539e-08
2.16061e-08
2.22109e-08
2.32334e-08
2.37342e-08
2.32021e-08
2.19446e-08
2.05341e-08
1.94681e-08
1.90579e-08
1.93721e-08
2.02184e-08
2.12802e-08
2.12136e-08
2.06908e-08
2.08897e-08
2.25327e-08
2.41258e-08
2.43757e-08
2.39001e-08
2.28585e-08
2.15344e-08
2.12992e-08
2.26112e-08
2.4334e-08
2.53439e-08
2.53236e-08
2.46733e-08
2.40814e-08
2.36109e-08
2.29381e-08
2.21808e-08
2.18495e-08
2.17662e-08
2.14087e-08
2.09248e-08
2.07006e-08
2.08401e-08
2.14287e-08
2.20049e-08
2.20428e-08
2.20402e-08
2.27012e-08
2.37276e-08
2.41547e-08
2.35114e-08
2.21746e-08
2.0733e-08
1.96814e-08
1.93686e-08
1.98095e-08
2.06519e-08
2.13305e-08
2.11939e-08
2.07648e-08
2.12581e-08
2.30929e-08
2.46099e-08
2.4805e-08
2.42769e-08
2.31882e-08
2.18789e-08
2.16643e-08
2.30527e-08
2.48822e-08
2.5965e-08
2.58679e-08
2.51192e-08
2.44563e-08
2.39391e-08
2.31508e-08
2.22646e-08
2.18396e-08
2.17154e-08
2.13856e-08
2.09892e-08
2.08333e-08
2.10131e-08
2.16204e-08
2.22051e-08
2.22532e-08
2.22901e-08
2.3037e-08
2.40969e-08
2.44511e-08
2.37136e-08
2.22992e-08
2.08306e-08
1.98082e-08
1.9566e-08
2.00532e-08
2.08325e-08
2.12699e-08
2.11454e-08
2.08734e-08
2.15521e-08
2.3356e-08
2.47333e-08
2.4876e-08
2.43104e-08
2.32157e-08
2.19448e-08
2.17754e-08
2.31966e-08
2.50523e-08
2.61457e-08
2.6024e-08
2.52323e-08
2.44972e-08
2.38953e-08
2.30176e-08
2.20765e-08
2.16275e-08
2.15024e-08
2.12202e-08
2.09053e-08
2.08158e-08
2.1037e-08
2.16637e-08
2.22568e-08
2.23259e-08
2.24125e-08
2.31922e-08
2.42238e-08
2.45205e-08
2.37416e-08
2.22865e-08
2.08195e-08
1.98372e-08
1.96303e-08
2.01242e-08
2.08435e-08
2.11356e-08
2.10194e-08
2.08157e-08
2.15179e-08
2.32113e-08
2.4465e-08
2.45635e-08
2.40156e-08
2.29929e-08
2.18236e-08
2.171e-08
2.3101e-08
2.48889e-08
2.59463e-08
2.58289e-08
2.50349e-08
2.42678e-08
2.36146e-08
2.27067e-08
2.17762e-08
2.13421e-08
2.1235e-08
2.09927e-08
2.07378e-08
2.07031e-08
2.09651e-08
2.16025e-08
2.21917e-08
2.22569e-08
2.23475e-08
2.31144e-08
2.40904e-08
2.43416e-08
2.35567e-08
2.21352e-08
2.07e-08
1.97274e-08
1.95396e-08
2.00504e-08
2.07478e-08
2.09414e-08
2.08158e-08
2.0641e-08
2.13533e-08
2.29774e-08
2.41434e-08
2.42012e-08
2.36652e-08
2.27063e-08
2.1622e-08
2.15463e-08
2.28999e-08
2.46208e-08
2.56561e-08
2.55468e-08
2.47603e-08
2.39909e-08
2.33381e-08
2.24484e-08
2.15425e-08
2.11214e-08
2.10322e-08
2.08244e-08
2.0604e-08
2.05904e-08
2.08542e-08
2.14796e-08
2.20524e-08
2.20995e-08
2.21658e-08
2.28969e-08
2.38386e-08
2.40907e-08
2.33307e-08
2.19361e-08
2.05228e-08
1.95715e-08
1.9405e-08
1.99175e-08
2.059e-08
2.08263e-08
2.06887e-08
2.05237e-08
2.12462e-08
2.28495e-08
2.39726e-08
2.39981e-08
2.34471e-08
2.2502e-08
2.14609e-08
2.14156e-08
2.27599e-08
2.44628e-08
2.5489e-08
2.53793e-08
2.46032e-08
2.38513e-08
2.32114e-08
2.23263e-08
2.14295e-08
2.10238e-08
2.09464e-08
2.07491e-08
2.05308e-08
2.05102e-08
2.07707e-08
2.13932e-08
2.19567e-08
2.1995e-08
2.20608e-08
2.27966e-08
2.37382e-08
2.39859e-08
2.32299e-08
2.18472e-08
2.0442e-08
1.94961e-08
1.93397e-08
1.98504e-08
2.05011e-08
1.23968e-08
1.23026e-08
1.22285e-08
1.22982e-08
1.25834e-08
1.29643e-08
1.33754e-08
1.3787e-08
1.4182e-08
1.44494e-08
1.45686e-08
1.4571e-08
1.45156e-08
1.44048e-08
1.42083e-08
1.40408e-08
1.3972e-08
1.39961e-08
1.41378e-08
1.43638e-08
1.44905e-08
1.44643e-08
1.43774e-08
1.42869e-08
1.41913e-08
1.40979e-08
1.40903e-08
1.41203e-08
1.40917e-08
1.39674e-08
1.37598e-08
1.34942e-08
1.31754e-08
1.28792e-08
1.27324e-08
1.27103e-08
1.26902e-08
1.2628e-08
1.25816e-08
1.2499e-08
1.28622e-08
1.28493e-08
1.28199e-08
1.28707e-08
1.30992e-08
1.34243e-08
1.37507e-08
1.41379e-08
1.45083e-08
1.46819e-08
1.4712e-08
1.46964e-08
1.46568e-08
1.45551e-08
1.44049e-08
1.42884e-08
1.4233e-08
1.42341e-08
1.43717e-08
1.45965e-08
1.474e-08
1.48031e-08
1.48442e-08
1.48461e-08
1.47559e-08
1.46023e-08
1.44722e-08
1.44205e-08
1.43897e-08
1.42743e-08
1.40941e-08
1.38281e-08
1.3462e-08
1.31558e-08
1.30474e-08
1.30101e-08
1.294e-08
1.28875e-08
1.28726e-08
1.28613e-08
1.37966e-08
1.3732e-08
1.36114e-08
1.3549e-08
1.36531e-08
1.38635e-08
1.40722e-08
1.44118e-08
1.47633e-08
1.49414e-08
1.49827e-08
1.50193e-08
1.495e-08
1.47236e-08
1.44591e-08
1.42551e-08
1.41201e-08
1.41477e-08
1.44042e-08
1.46903e-08
1.48305e-08
1.48627e-08
1.48697e-08
1.48569e-08
1.47839e-08
1.46821e-08
1.46433e-08
1.47202e-08
1.47961e-08
1.4754e-08
1.45994e-08
1.43076e-08
1.38852e-08
1.35853e-08
1.3474e-08
1.34119e-08
1.34088e-08
1.35229e-08
1.36427e-08
1.37337e-08
1.40253e-08
1.38721e-08
1.37179e-08
1.37043e-08
1.39042e-08
1.41581e-08
1.43924e-08
1.46682e-08
1.48775e-08
1.49218e-08
1.49425e-08
1.50047e-08
1.49716e-08
1.47896e-08
1.462e-08
1.44709e-08
1.43067e-08
1.43426e-08
1.46829e-08
1.50684e-08
1.52873e-08
1.53732e-08
1.5429e-08
1.54183e-08
1.52957e-08
1.51268e-08
1.50516e-08
1.51489e-08
1.52841e-08
1.52407e-08
1.50588e-08
1.47451e-08
1.43565e-08
1.40936e-08
1.3993e-08
1.39755e-08
1.39909e-08
1.40447e-08
1.40904e-08
1.41001e-08
1.43578e-08
1.4225e-08
1.40876e-08
1.40462e-08
1.41856e-08
1.4383e-08
1.4659e-08
1.49942e-08
1.52125e-08
1.5231e-08
1.52281e-08
1.5347e-08
1.54554e-08
1.54923e-08
1.55558e-08
1.54969e-08
1.53581e-08
1.55172e-08
1.59704e-08
1.63988e-08
1.66402e-08
1.67146e-08
1.66578e-08
1.63918e-08
1.59553e-08
1.558e-08
1.54944e-08
1.57521e-08
1.60642e-08
1.60934e-08
1.59154e-08
1.56292e-08
1.52828e-08
1.50591e-08
1.49877e-08
1.49286e-08
1.48355e-08
1.47462e-08
1.46717e-08
1.45361e-08
1.45189e-08
1.45081e-08
1.43799e-08
1.42845e-08
1.4401e-08
1.46893e-08
1.50897e-08
1.55056e-08
1.58347e-08
1.60404e-08
1.62569e-08
1.66263e-08
1.69329e-08
1.72093e-08
1.75161e-08
1.7537e-08
1.74083e-08
1.7598e-08
1.80132e-08
1.82322e-08
1.81041e-08
1.78925e-08
1.77329e-08
1.74054e-08
1.67893e-08
1.61587e-08
1.58829e-08
1.60746e-08
1.64144e-08
1.65444e-08
1.65284e-08
1.64149e-08
1.61605e-08
1.5944e-08
1.58674e-08
1.57419e-08
1.53814e-08
1.4985e-08
1.47564e-08
1.45837e-08
1.52204e-08
1.5333e-08
1.51452e-08
1.48522e-08
1.47194e-08
1.49739e-08
1.56295e-08
1.64216e-08
1.70201e-08
1.71701e-08
1.72011e-08
1.7425e-08
1.77305e-08
1.80364e-08
1.83295e-08
1.83859e-08
1.83978e-08
1.86529e-08
1.88392e-08
1.8623e-08
1.81057e-08
1.7779e-08
1.76914e-08
1.74854e-08
1.69818e-08
1.63912e-08
1.61631e-08
1.64478e-08
1.68482e-08
1.70806e-08
1.72496e-08
1.73296e-08
1.71781e-08
1.69939e-08
1.68711e-08
1.65232e-08
1.58641e-08
1.53511e-08
1.51551e-08
1.51008e-08
1.57854e-08
1.58249e-08
1.54622e-08
1.50217e-08
1.50554e-08
1.56634e-08
1.64756e-08
1.71358e-08
1.74263e-08
1.73381e-08
1.73385e-08
1.75965e-08
1.78393e-08
1.81061e-08
1.84282e-08
1.85209e-08
1.85281e-08
1.88187e-08
1.90922e-08
1.88129e-08
1.82117e-08
1.79445e-08
1.80678e-08
1.80406e-08
1.75662e-08
1.6872e-08
1.65043e-08
1.66925e-08
1.70799e-08
1.7438e-08
1.78421e-08
1.80298e-08
1.78049e-08
1.73974e-08
1.70904e-08
1.66792e-08
1.60645e-08
1.56409e-08
1.55349e-08
1.55745e-08
1.59712e-08
1.58971e-08
1.56116e-08
1.54578e-08
1.58768e-08
1.66674e-08
1.72825e-08
1.75788e-08
1.75961e-08
1.74666e-08
1.75908e-08
1.79598e-08
1.82028e-08
1.83812e-08
1.86102e-08
1.86132e-08
1.86062e-08
1.8941e-08
1.92775e-08
1.90706e-08
1.86384e-08
1.85863e-08
1.87981e-08
1.85838e-08
1.7817e-08
1.68871e-08
1.6391e-08
1.65925e-08
1.71617e-08
1.78446e-08
1.85017e-08
1.8686e-08
1.82385e-08
1.76652e-08
1.72901e-08
1.69035e-08
1.64092e-08
1.60425e-08
1.58859e-08
1.58777e-08
1.57785e-08
1.58192e-08
1.5823e-08
1.59748e-08
1.65708e-08
1.72985e-08
1.76989e-08
1.78138e-08
1.78159e-08
1.78399e-08
1.80806e-08
1.84392e-08
1.86412e-08
1.8871e-08
1.91678e-08
1.91053e-08
1.89698e-08
1.92019e-08
1.94679e-08
1.9295e-08
1.9035e-08
1.9258e-08
1.95919e-08
1.92484e-08
1.82062e-08
1.7036e-08
1.64878e-08
1.67939e-08
1.75693e-08
1.84645e-08
1.91324e-08
1.91667e-08
1.85913e-08
1.80509e-08
1.77303e-08
1.72546e-08
1.66853e-08
1.63181e-08
1.60846e-08
1.586e-08
1.58988e-08
1.61446e-08
1.6359e-08
1.6614e-08
1.71914e-08
1.7786e-08
1.79902e-08
1.79512e-08
1.80084e-08
1.81823e-08
1.85444e-08
1.89004e-08
1.90555e-08
1.93282e-08
1.95976e-08
1.93835e-08
1.9117e-08
1.93433e-08
1.95716e-08
1.94159e-08
1.92845e-08
1.95981e-08
1.98269e-08
1.92673e-08
1.79968e-08
1.68358e-08
1.65167e-08
1.7043e-08
1.78626e-08
1.86699e-08
1.92141e-08
1.92288e-08
1.88536e-08
1.85153e-08
1.82458e-08
1.77253e-08
1.71005e-08
1.66625e-08
1.62659e-08
1.59162e-08
1.63456e-08
1.67626e-08
1.70122e-08
1.72503e-08
1.77699e-08
1.82012e-08
1.81677e-08
1.80471e-08
1.81192e-08
1.83117e-08
1.87084e-08
1.91486e-08
1.94223e-08
1.97404e-08
1.9877e-08
1.94412e-08
1.91228e-08
1.93791e-08
1.95619e-08
1.93657e-08
1.92747e-08
1.95389e-08
1.96804e-08
1.90979e-08
1.79853e-08
1.71045e-08
1.69687e-08
1.74755e-08
1.82201e-08
1.89911e-08
1.95929e-08
1.97141e-08
1.93973e-08
1.92404e-08
1.91944e-08
1.87224e-08
1.79524e-08
1.73076e-08
1.67071e-08
1.62734e-08
1.70648e-08
1.7505e-08
1.76881e-08
1.78643e-08
1.8373e-08
1.87545e-08
1.86059e-08
1.84143e-08
1.84323e-08
1.84894e-08
1.88266e-08
1.94087e-08
1.99198e-08
2.03354e-08
2.03197e-08
1.96803e-08
1.93533e-08
1.96482e-08
1.98298e-08
1.96182e-08
1.94491e-08
1.96082e-08
1.98447e-08
1.96212e-08
1.88227e-08
1.8007e-08
1.793e-08
1.85608e-08
1.92648e-08
1.97608e-08
2.01242e-08
2.01574e-08
1.99552e-08
2.01014e-08
2.03739e-08
1.99258e-08
1.89076e-08
1.80064e-08
1.7258e-08
1.68468e-08
1.77612e-08
1.81364e-08
1.82711e-08
1.84592e-08
1.90306e-08
1.93616e-08
1.90543e-08
1.87799e-08
1.87555e-08
1.87917e-08
1.91539e-08
1.98615e-08
2.05511e-08
2.10885e-08
2.09777e-08
2.0169e-08
1.97979e-08
2.01392e-08
2.03292e-08
2.00855e-08
1.98472e-08
1.99218e-08
2.02613e-08
2.02459e-08
1.95282e-08
1.87013e-08
1.86792e-08
1.94436e-08
2.01058e-08
2.03779e-08
2.05551e-08
2.0617e-08
2.05926e-08
2.10055e-08
2.13396e-08
2.05725e-08
1.923e-08
1.82972e-08
1.77765e-08
1.75297e-08
1.83989e-08
1.88119e-08
1.89518e-08
1.91939e-08
1.98104e-08
1.99873e-08
1.95117e-08
1.92443e-08
1.93136e-08
1.93653e-08
1.96811e-08
2.03969e-08
2.11917e-08
2.18343e-08
2.16558e-08
2.07143e-08
2.02869e-08
2.06311e-08
2.08043e-08
2.05276e-08
2.02345e-08
2.02875e-08
2.06688e-08
2.07445e-08
2.01256e-08
1.93825e-08
1.94427e-08
2.01916e-08
2.07318e-08
2.08774e-08
2.10134e-08
2.11534e-08
2.13152e-08
2.17817e-08
2.17664e-08
2.05064e-08
1.9002e-08
1.82829e-08
1.80683e-08
1.80632e-08
1.88066e-08
1.9424e-08
1.98055e-08
2.01827e-08
2.07627e-08
2.07729e-08
2.01963e-08
1.99843e-08
2.01199e-08
2.01524e-08
2.03564e-08
2.09962e-08
2.18037e-08
2.24915e-08
2.22938e-08
2.13047e-08
2.08718e-08
2.11628e-08
2.12472e-08
2.09257e-08
2.06852e-08
2.08375e-08
2.1249e-08
2.13068e-08
2.07503e-08
2.0079e-08
2.0107e-08
2.07659e-08
2.12283e-08
2.13221e-08
2.14363e-08
2.16415e-08
2.19107e-08
2.22917e-08
2.18554e-08
2.02065e-08
1.865e-08
1.81347e-08
1.81737e-08
1.83484e-08
1.908e-08
1.99965e-08
2.06283e-08
2.1054e-08
2.15488e-08
2.14792e-08
2.08713e-08
2.0664e-08
2.07755e-08
2.08012e-08
2.09723e-08
2.15823e-08
2.24915e-08
2.32629e-08
2.30369e-08
2.19861e-08
2.15181e-08
2.16966e-08
2.1597e-08
2.11997e-08
2.10593e-08
2.13363e-08
2.17293e-08
2.16987e-08
2.12017e-08
2.06113e-08
2.06904e-08
2.13792e-08
2.18242e-08
2.18458e-08
2.18963e-08
2.20936e-08
2.236e-08
2.26069e-08
2.18815e-08
2.0047e-08
1.85836e-08
1.82004e-08
1.82513e-08
1.84549e-08
1.95391e-08
2.06841e-08
2.14251e-08
2.18086e-08
2.221e-08
2.2092e-08
2.14501e-08
2.11419e-08
2.11663e-08
2.1146e-08
2.12618e-08
2.191e-08
2.30351e-08
2.39872e-08
2.37724e-08
2.26452e-08
2.20959e-08
2.2196e-08
2.19761e-08
2.1538e-08
2.14905e-08
2.18419e-08
2.21146e-08
2.19508e-08
2.1437e-08
2.09543e-08
2.12263e-08
2.20234e-08
2.23874e-08
2.22769e-08
2.22625e-08
2.2429e-08
2.26754e-08
2.28334e-08
2.20242e-08
2.02284e-08
1.88931e-08
1.85373e-08
1.85197e-08
1.87439e-08
1.99766e-08
2.12649e-08
2.20385e-08
2.23301e-08
2.26868e-08
2.25918e-08
2.19571e-08
2.1551e-08
2.15131e-08
2.14849e-08
2.15462e-08
2.22138e-08
2.35075e-08
2.46379e-08
2.44229e-08
2.31754e-08
2.2509e-08
2.25597e-08
2.23201e-08
2.18734e-08
2.18427e-08
2.21769e-08
2.23186e-08
2.20299e-08
2.14945e-08
2.11692e-08
2.16912e-08
2.25561e-08
2.2749e-08
2.24592e-08
2.23865e-08
2.25557e-08
2.28192e-08
2.29946e-08
2.22366e-08
2.05497e-08
1.93383e-08
1.90346e-08
1.89492e-08
1.91066e-08
2.0208e-08
2.15755e-08
2.23892e-08
2.26276e-08
2.29443e-08
2.28851e-08
2.22579e-08
2.17798e-08
2.17298e-08
2.17627e-08
2.18732e-08
2.25532e-08
2.39167e-08
2.51088e-08
2.48278e-08
2.34255e-08
2.26713e-08
2.27256e-08
2.25113e-08
2.20405e-08
2.19912e-08
2.22796e-08
2.23258e-08
2.19747e-08
2.1449e-08
2.1235e-08
2.19289e-08
2.28249e-08
2.28803e-08
2.24447e-08
2.2315e-08
2.24835e-08
2.28214e-08
2.3128e-08
2.24978e-08
2.09265e-08
1.98128e-08
1.95208e-08
1.933e-08
1.93504e-08
2.02085e-08
2.16234e-08
2.24686e-08
2.27016e-08
2.29951e-08
2.29361e-08
2.22855e-08
2.17439e-08
2.16343e-08
2.16753e-08
2.18498e-08
2.25602e-08
2.39753e-08
2.51948e-08
2.4858e-08
2.33982e-08
2.26007e-08
2.26455e-08
2.24842e-08
2.20607e-08
2.19956e-08
2.22227e-08
2.22056e-08
2.18508e-08
2.13795e-08
2.12332e-08
2.19855e-08
2.28707e-08
2.27931e-08
2.22313e-08
2.2054e-08
2.22841e-08
2.27893e-08
2.32972e-08
2.28111e-08
2.12968e-08
2.01683e-08
1.98156e-08
1.95029e-08
1.93896e-08
2.00702e-08
2.14935e-08
2.23581e-08
2.26085e-08
2.28673e-08
2.27441e-08
2.20744e-08
2.15403e-08
2.14259e-08
2.14266e-08
2.15395e-08
2.22391e-08
2.37004e-08
2.49455e-08
2.46114e-08
2.3141e-08
2.23011e-08
2.23295e-08
2.2239e-08
2.18855e-08
2.18196e-08
2.20162e-08
2.19803e-08
2.16296e-08
2.12093e-08
2.11377e-08
2.18999e-08
2.2725e-08
2.25358e-08
2.18857e-08
2.17195e-08
2.20721e-08
2.27509e-08
2.3413e-08
2.29944e-08
2.14564e-08
2.02539e-08
1.98161e-08
1.94207e-08
1.92605e-08
1.98469e-08
2.12153e-08
2.20674e-08
2.23367e-08
2.25828e-08
2.24375e-08
2.17753e-08
2.12653e-08
2.11778e-08
2.11779e-08
2.12587e-08
2.19126e-08
2.33417e-08
2.45547e-08
2.42217e-08
2.27849e-08
2.19374e-08
2.19467e-08
2.18891e-08
2.1593e-08
2.15563e-08
2.17521e-08
2.17091e-08
2.13636e-08
2.09782e-08
2.09429e-08
2.16947e-08
2.246e-08
2.22047e-08
2.15397e-08
2.14142e-08
2.18575e-08
2.26314e-08
2.3358e-08
2.29402e-08
2.13313e-08
2.0019e-08
1.95301e-08
1.91823e-08
1.9065e-08
1.96555e-08
2.09762e-08
2.181e-08
2.20835e-08
2.2324e-08
2.21716e-08
2.15284e-08
2.10455e-08
2.09871e-08
2.09999e-08
2.10862e-08
2.17218e-08
2.31033e-08
2.42608e-08
2.39193e-08
2.25184e-08
2.16848e-08
2.1687e-08
2.16398e-08
2.13724e-08
2.13577e-08
2.15497e-08
2.14951e-08
2.11459e-08
2.07576e-08
2.07246e-08
2.1477e-08
2.22338e-08
2.19651e-08
2.13036e-08
2.1192e-08
2.16745e-08
2.24874e-08
2.32141e-08
2.27468e-08
2.10847e-08
1.97768e-08
1.93297e-08
1.90181e-08
1.8907e-08
1.95738e-08
2.08706e-08
2.16913e-08
2.19621e-08
2.21967e-08
2.20411e-08
2.14044e-08
2.09348e-08
2.08886e-08
2.09061e-08
2.0993e-08
2.16318e-08
2.29994e-08
2.41335e-08
2.37861e-08
2.24041e-08
2.1589e-08
2.15962e-08
2.15466e-08
2.12802e-08
2.12584e-08
2.14391e-08
2.13763e-08
2.10236e-08
2.06359e-08
2.06085e-08
2.1359e-08
2.21069e-08
2.18412e-08
2.11887e-08
2.10789e-08
2.15663e-08
2.23856e-08
2.31023e-08
2.26251e-08
2.0974e-08
1.9677e-08
1.92323e-08
1.89318e-08
1.88314e-08
1.24669e-08
1.23804e-08
1.2335e-08
1.2422e-08
1.26716e-08
1.29941e-08
1.33274e-08
1.36926e-08
1.4041e-08
1.42758e-08
1.43584e-08
1.43228e-08
1.42328e-08
1.4098e-08
1.39444e-08
1.38554e-08
1.38643e-08
1.39242e-08
1.40696e-08
1.42957e-08
1.44233e-08
1.44147e-08
1.43894e-08
1.44017e-08
1.43963e-08
1.43529e-08
1.43511e-08
1.43271e-08
1.42047e-08
1.39974e-08
1.37562e-08
1.34539e-08
1.31391e-08
1.28714e-08
1.27195e-08
1.2658e-08
1.26076e-08
1.25806e-08
1.25755e-08
1.2543e-08
1.28015e-08
1.27828e-08
1.27664e-08
1.28556e-08
1.3146e-08
1.34953e-08
1.38172e-08
1.41506e-08
1.44439e-08
1.45654e-08
1.45558e-08
1.45301e-08
1.44764e-08
1.43513e-08
1.42227e-08
1.42187e-08
1.42857e-08
1.4391e-08
1.46023e-08
1.48499e-08
1.49556e-08
1.4948e-08
1.49635e-08
1.50002e-08
1.49619e-08
1.48241e-08
1.4694e-08
1.45868e-08
1.44802e-08
1.43233e-08
1.41182e-08
1.37946e-08
1.33885e-08
1.30711e-08
1.29728e-08
1.29447e-08
1.29298e-08
1.29414e-08
1.29213e-08
1.28571e-08
1.36569e-08
1.36482e-08
1.35408e-08
1.35094e-08
1.36902e-08
1.40004e-08
1.43427e-08
1.47167e-08
1.50091e-08
1.5092e-08
1.506e-08
1.49654e-08
1.4712e-08
1.43238e-08
1.40488e-08
1.39903e-08
1.41181e-08
1.44659e-08
1.49841e-08
1.53973e-08
1.55454e-08
1.55015e-08
1.54272e-08
1.53407e-08
1.52143e-08
1.50866e-08
1.49855e-08
1.49501e-08
1.49445e-08
1.487e-08
1.46462e-08
1.43201e-08
1.39296e-08
1.36352e-08
1.34808e-08
1.33488e-08
1.33193e-08
1.34022e-08
1.35196e-08
1.36057e-08
1.41999e-08
1.42058e-08
1.40855e-08
1.40541e-08
1.42987e-08
1.46755e-08
1.50645e-08
1.53478e-08
1.54256e-08
1.53302e-08
1.52012e-08
1.50532e-08
1.46837e-08
1.42081e-08
1.40684e-08
1.42393e-08
1.45075e-08
1.49484e-08
1.5577e-08
1.60366e-08
1.61997e-08
1.62642e-08
1.63761e-08
1.63322e-08
1.60548e-08
1.57184e-08
1.54573e-08
1.54215e-08
1.55546e-08
1.55648e-08
1.5389e-08
1.50623e-08
1.4609e-08
1.42492e-08
1.41185e-08
1.40802e-08
1.40427e-08
1.39965e-08
1.40211e-08
1.41091e-08
1.50804e-08
1.50168e-08
1.47938e-08
1.46651e-08
1.47774e-08
1.50905e-08
1.54507e-08
1.56648e-08
1.5682e-08
1.5516e-08
1.53296e-08
1.52557e-08
1.51643e-08
1.52287e-08
1.56042e-08
1.59256e-08
1.61166e-08
1.65505e-08
1.72223e-08
1.77805e-08
1.80637e-08
1.81629e-08
1.80527e-08
1.75227e-08
1.68112e-08
1.62681e-08
1.60754e-08
1.6216e-08
1.64812e-08
1.65879e-08
1.64635e-08
1.61306e-08
1.56142e-08
1.51812e-08
1.50215e-08
1.50501e-08
1.50477e-08
1.50065e-08
1.50099e-08
1.50368e-08
1.58019e-08
1.5646e-08
1.51149e-08
1.45987e-08
1.44634e-08
1.47809e-08
1.52227e-08
1.55424e-08
1.57683e-08
1.59544e-08
1.62332e-08
1.66404e-08
1.6976e-08
1.74323e-08
1.79531e-08
1.81343e-08
1.8195e-08
1.85999e-08
1.92373e-08
1.96631e-08
1.97513e-08
1.96895e-08
1.93096e-08
1.85221e-08
1.75886e-08
1.69234e-08
1.66823e-08
1.68244e-08
1.71017e-08
1.71827e-08
1.70798e-08
1.67919e-08
1.63169e-08
1.59637e-08
1.59608e-08
1.59845e-08
1.57426e-08
1.55214e-08
1.55331e-08
1.56619e-08
1.57682e-08
1.56824e-08
1.52669e-08
1.47336e-08
1.4561e-08
1.50359e-08
1.58265e-08
1.65231e-08
1.69479e-08
1.7089e-08
1.73152e-08
1.77192e-08
1.80314e-08
1.83652e-08
1.86992e-08
1.87204e-08
1.87053e-08
1.91299e-08
1.98112e-08
2.00904e-08
1.97912e-08
1.92559e-08
1.87074e-08
1.81775e-08
1.77866e-08
1.73606e-08
1.69969e-08
1.70496e-08
1.73182e-08
1.75178e-08
1.75987e-08
1.74638e-08
1.70297e-08
1.66653e-08
1.66091e-08
1.64556e-08
1.59753e-08
1.56368e-08
1.55904e-08
1.56648e-08
1.63898e-08
1.632e-08
1.57044e-08
1.51494e-08
1.53225e-08
1.60442e-08
1.67194e-08
1.71575e-08
1.74304e-08
1.7619e-08
1.79408e-08
1.82651e-08
1.84017e-08
1.86554e-08
1.89529e-08
1.89611e-08
1.89988e-08
1.96051e-08
2.03524e-08
2.04484e-08
1.98777e-08
1.93491e-08
1.91267e-08
1.90054e-08
1.86131e-08
1.77074e-08
1.68124e-08
1.6825e-08
1.75906e-08
1.81983e-08
1.83535e-08
1.82204e-08
1.78386e-08
1.73506e-08
1.70539e-08
1.66291e-08
1.59551e-08
1.55468e-08
1.56348e-08
1.60142e-08
1.66465e-08
1.62994e-08
1.57512e-08
1.5555e-08
1.60501e-08
1.67373e-08
1.71074e-08
1.73218e-08
1.75804e-08
1.79097e-08
1.83539e-08
1.86147e-08
1.86195e-08
1.87978e-08
1.90809e-08
1.90904e-08
1.9181e-08
1.97719e-08
2.05252e-08
2.07375e-08
2.0347e-08
2.00177e-08
1.989e-08
1.95576e-08
1.86647e-08
1.73138e-08
1.63581e-08
1.67343e-08
1.79585e-08
1.87197e-08
1.90655e-08
1.92937e-08
1.91538e-08
1.87205e-08
1.83698e-08
1.77853e-08
1.68228e-08
1.61896e-08
1.62516e-08
1.65817e-08
1.63549e-08
1.61548e-08
1.60267e-08
1.62051e-08
1.68663e-08
1.74441e-08
1.7555e-08
1.76369e-08
1.78183e-08
1.80343e-08
1.82794e-08
1.84142e-08
1.85313e-08
1.89778e-08
1.93737e-08
1.92235e-08
1.91816e-08
1.98252e-08
2.06339e-08
2.07599e-08
2.0463e-08
2.03416e-08
2.03054e-08
1.99299e-08
1.89047e-08
1.74671e-08
1.68412e-08
1.77412e-08
1.91008e-08
1.97577e-08
1.9889e-08
1.98801e-08
1.97291e-08
1.96301e-08
1.9285e-08
1.81954e-08
1.69659e-08
1.65304e-08
1.66159e-08
1.65782e-08
1.62664e-08
1.61578e-08
1.63363e-08
1.6834e-08
1.76357e-08
1.819e-08
1.82134e-08
1.80773e-08
1.80086e-08
1.80802e-08
1.83908e-08
1.88268e-08
1.93345e-08
1.99673e-08
2.01412e-08
1.9573e-08
1.93338e-08
2.0085e-08
2.08789e-08
2.09405e-08
2.06609e-08
2.06019e-08
2.04717e-08
1.99247e-08
1.88655e-08
1.77505e-08
1.76435e-08
1.8562e-08
1.927e-08
1.91622e-08
1.8934e-08
1.90197e-08
1.94744e-08
2.00025e-08
1.97555e-08
1.84429e-08
1.71043e-08
1.66615e-08
1.66922e-08
1.65452e-08
1.6979e-08
1.69313e-08
1.72171e-08
1.77974e-08
1.86134e-08
1.903e-08
1.88277e-08
1.85357e-08
1.83891e-08
1.85191e-08
1.91109e-08
1.99608e-08
2.07343e-08
2.1208e-08
2.08777e-08
1.99081e-08
1.9589e-08
2.03501e-08
2.10361e-08
2.09641e-08
2.07544e-08
2.07507e-08
2.06081e-08
2.00898e-08
1.92003e-08
1.82709e-08
1.81541e-08
1.87609e-08
1.9017e-08
1.87398e-08
1.86618e-08
1.9127e-08
2.02087e-08
2.14123e-08
2.14049e-08
1.98451e-08
1.82846e-08
1.77165e-08
1.76319e-08
1.73218e-08
1.7839e-08
1.77927e-08
1.82405e-08
1.89001e-08
1.96069e-08
1.99241e-08
1.96839e-08
1.93374e-08
1.90596e-08
1.907e-08
1.96915e-08
2.07305e-08
2.16032e-08
2.19601e-08
2.1379e-08
2.02428e-08
1.9857e-08
2.06019e-08
2.12031e-08
2.11169e-08
2.08841e-08
2.08483e-08
2.07324e-08
2.04259e-08
1.98023e-08
1.91362e-08
1.91287e-08
1.94853e-08
1.92259e-08
1.86723e-08
1.88861e-08
2.00125e-08
2.17748e-08
2.3415e-08
2.33955e-08
2.16105e-08
1.99155e-08
1.93842e-08
1.91299e-08
1.84579e-08
1.83504e-08
1.82908e-08
1.87346e-08
1.92077e-08
1.98146e-08
2.03126e-08
2.03219e-08
2.0032e-08
1.96619e-08
1.95202e-08
2.01434e-08
2.13913e-08
2.25012e-08
2.28861e-08
2.22587e-08
2.10783e-08
2.07988e-08
2.16384e-08
2.21187e-08
2.17364e-08
2.13135e-08
2.12297e-08
2.11829e-08
2.0931e-08
2.03087e-08
1.97172e-08
1.98826e-08
2.01588e-08
1.95092e-08
1.87412e-08
1.92662e-08
2.10242e-08
2.32306e-08
2.473e-08
2.41145e-08
2.19578e-08
2.04592e-08
2.02878e-08
2.00969e-08
1.92008e-08
1.92223e-08
1.89092e-08
1.90667e-08
1.92929e-08
2.00374e-08
2.09108e-08
2.11523e-08
2.08224e-08
2.03729e-08
2.02327e-08
2.09775e-08
2.23531e-08
2.35297e-08
2.39193e-08
2.3337e-08
2.22981e-08
2.22257e-08
2.31014e-08
2.33165e-08
2.25898e-08
2.20319e-08
2.20281e-08
2.20699e-08
2.16834e-08
2.08407e-08
2.02889e-08
2.06444e-08
2.0911e-08
2.00717e-08
1.92165e-08
1.99983e-08
2.21873e-08
2.44513e-08
2.54218e-08
2.40613e-08
2.17127e-08
2.07413e-08
2.12023e-08
2.13092e-08
2.03378e-08
2.00114e-08
1.95613e-08
1.94485e-08
1.94055e-08
2.02783e-08
2.15142e-08
2.18781e-08
2.15082e-08
2.11152e-08
2.11704e-08
2.20347e-08
2.33865e-08
2.43428e-08
2.45814e-08
2.40174e-08
2.3062e-08
2.30512e-08
2.38917e-08
2.40482e-08
2.33627e-08
2.29642e-08
2.32225e-08
2.33695e-08
2.27934e-08
2.17226e-08
2.11724e-08
2.17003e-08
2.21468e-08
2.12174e-08
2.01238e-08
2.09467e-08
2.33056e-08
2.53864e-08
2.56044e-08
2.34573e-08
2.10091e-08
2.06492e-08
2.18036e-08
2.22444e-08
2.12547e-08
2.05408e-08
2.02027e-08
1.99014e-08
1.96481e-08
2.06125e-08
2.20074e-08
2.22641e-08
2.17304e-08
2.14866e-08
2.18858e-08
2.29351e-08
2.42004e-08
2.49256e-08
2.50364e-08
2.45423e-08
2.37196e-08
2.37509e-08
2.45363e-08
2.47373e-08
2.42565e-08
2.41669e-08
2.47007e-08
2.48567e-08
2.40298e-08
2.27519e-08
2.21934e-08
2.29786e-08
2.36896e-08
2.25436e-08
2.11115e-08
2.19517e-08
2.43923e-08
2.61721e-08
2.56427e-08
2.27912e-08
2.02724e-08
2.03518e-08
2.19595e-08
2.25653e-08
2.16422e-08
2.12313e-08
2.09459e-08
2.04944e-08
2.01815e-08
2.12632e-08
2.26885e-08
2.27429e-08
2.20473e-08
2.19224e-08
2.24877e-08
2.35396e-08
2.46316e-08
2.51631e-08
2.53127e-08
2.50393e-08
2.44157e-08
2.4425e-08
2.50649e-08
2.52102e-08
2.48785e-08
2.50801e-08
2.58292e-08
2.59317e-08
2.50075e-08
2.39027e-08
2.37363e-08
2.48674e-08
2.54234e-08
2.36642e-08
2.18845e-08
2.2791e-08
2.53603e-08
2.6933e-08
2.59029e-08
2.26144e-08
2.00221e-08
2.03043e-08
2.21262e-08
2.28758e-08
2.21202e-08
2.17621e-08
2.14958e-08
2.10063e-08
2.07224e-08
2.18832e-08
2.33133e-08
2.32064e-08
2.24205e-08
2.2405e-08
2.30028e-08
2.39151e-08
2.47254e-08
2.50395e-08
2.52454e-08
2.52337e-08
2.47514e-08
2.46889e-08
2.5188e-08
2.52727e-08
2.50438e-08
2.54616e-08
2.63031e-08
2.62844e-08
2.53088e-08
2.45799e-08
2.50685e-08
2.64324e-08
2.64818e-08
2.40927e-08
2.22197e-08
2.33711e-08
2.6012e-08
2.74511e-08
2.61854e-08
2.27579e-08
2.01749e-08
2.04791e-08
2.23038e-08
2.316e-08
2.25387e-08
2.19298e-08
2.17518e-08
2.13816e-08
2.11577e-08
2.22697e-08
2.35954e-08
2.33868e-08
2.2658e-08
2.27583e-08
2.33044e-08
2.40279e-08
2.46328e-08
2.47803e-08
2.48885e-08
2.48906e-08
2.44286e-08
2.4352e-08
2.48628e-08
2.50492e-08
2.50379e-08
2.56261e-08
2.64173e-08
2.62027e-08
2.51333e-08
2.45117e-08
2.53168e-08
2.68356e-08
2.667e-08
2.40668e-08
2.22037e-08
2.34412e-08
2.61196e-08
2.75786e-08
2.62582e-08
2.27842e-08
2.01965e-08
2.04676e-08
2.23259e-08
2.32828e-08
2.26969e-08
2.18265e-08
2.18145e-08
2.16052e-08
2.14516e-08
2.24774e-08
2.36373e-08
2.33183e-08
2.26259e-08
2.2786e-08
2.33034e-08
2.39284e-08
2.44467e-08
2.44659e-08
2.44387e-08
2.43613e-08
2.38502e-08
2.37767e-08
2.4336e-08
2.46345e-08
2.47957e-08
2.54858e-08
2.6182e-08
2.57894e-08
2.46357e-08
2.39443e-08
2.47062e-08
2.6385e-08
2.63393e-08
2.37511e-08
2.19274e-08
2.32256e-08
2.59934e-08
2.75181e-08
2.61786e-08
2.26874e-08
2.0079e-08
2.03017e-08
2.21594e-08
2.31227e-08
2.25167e-08
2.15641e-08
2.16937e-08
2.16406e-08
2.15665e-08
2.24854e-08
2.34448e-08
2.30127e-08
2.23517e-08
2.25699e-08
2.31031e-08
2.37099e-08
2.42044e-08
2.41561e-08
2.40543e-08
2.38872e-08
2.33198e-08
2.32747e-08
2.38832e-08
2.42399e-08
2.4472e-08
2.51391e-08
2.56947e-08
2.5147e-08
2.39347e-08
2.32584e-08
2.40902e-08
2.58258e-08
2.57606e-08
2.31789e-08
2.14283e-08
2.28344e-08
2.574e-08
2.73651e-08
2.60617e-08
2.25501e-08
1.98708e-08
2.00152e-08
2.18243e-08
2.27603e-08
2.21584e-08
2.12397e-08
2.14422e-08
2.14546e-08
2.1396e-08
2.22331e-08
2.30763e-08
2.26119e-08
2.19895e-08
2.22286e-08
2.27713e-08
2.33846e-08
2.38885e-08
2.38509e-08
2.37381e-08
2.35304e-08
2.29485e-08
2.29333e-08
2.35476e-08
2.3913e-08
2.41551e-08
2.47601e-08
2.51686e-08
2.45197e-08
2.33315e-08
2.27668e-08
2.36964e-08
2.53611e-08
2.5109e-08
2.24555e-08
2.08058e-08
2.23572e-08
2.53928e-08
2.7083e-08
2.57969e-08
2.22763e-08
1.9566e-08
1.96575e-08
2.14046e-08
2.23068e-08
2.17487e-08
2.09951e-08
2.12163e-08
2.12316e-08
2.11673e-08
2.19789e-08
2.27855e-08
2.23233e-08
2.17355e-08
2.19889e-08
2.25174e-08
2.31129e-08
2.36272e-08
2.36016e-08
2.34919e-08
2.32786e-08
2.27076e-08
2.27034e-08
2.32921e-08
2.36438e-08
2.38843e-08
2.44538e-08
2.48012e-08
2.41272e-08
2.29561e-08
2.24395e-08
2.33952e-08
2.49773e-08
2.45971e-08
2.19379e-08
2.0372e-08
2.20088e-08
2.50782e-08
2.67743e-08
2.54966e-08
2.20025e-08
1.93139e-08
1.93838e-08
2.10792e-08
2.19619e-08
2.14488e-08
2.088e-08
2.10998e-08
2.11128e-08
2.10611e-08
2.18771e-08
2.26687e-08
2.22091e-08
2.16349e-08
2.18794e-08
2.23905e-08
2.29806e-08
2.34903e-08
2.34653e-08
2.33652e-08
2.31531e-08
2.25909e-08
2.25917e-08
2.31688e-08
2.35093e-08
2.37433e-08
2.42983e-08
2.46282e-08
2.39462e-08
2.27773e-08
2.22618e-08
2.32066e-08
2.47514e-08
2.43401e-08
2.17148e-08
2.02141e-08
2.18792e-08
2.49189e-08
2.65778e-08
2.52914e-08
2.18332e-08
1.91953e-08
1.92728e-08
2.09399e-08
2.18079e-08
2.1314e-08
1.23908e-08
1.23311e-08
1.23273e-08
1.24694e-08
1.27818e-08
1.31415e-08
1.3455e-08
1.3761e-08
1.4006e-08
1.41612e-08
1.4219e-08
1.41928e-08
1.41215e-08
1.40054e-08
1.38923e-08
1.38753e-08
1.39616e-08
1.40608e-08
1.4198e-08
1.43634e-08
1.43887e-08
1.42872e-08
1.4239e-08
1.42721e-08
1.42875e-08
1.43003e-08
1.43358e-08
1.43263e-08
1.41952e-08
1.39844e-08
1.36883e-08
1.33384e-08
1.29853e-08
1.27323e-08
1.26196e-08
1.25772e-08
1.25265e-08
1.25068e-08
1.25003e-08
1.24548e-08
1.28573e-08
1.28963e-08
1.29618e-08
1.3138e-08
1.34408e-08
1.37665e-08
1.40112e-08
1.4226e-08
1.43717e-08
1.44e-08
1.43449e-08
1.43052e-08
1.42811e-08
1.42195e-08
1.42134e-08
1.4358e-08
1.45539e-08
1.47294e-08
1.48971e-08
1.5037e-08
1.49988e-08
1.48626e-08
1.48358e-08
1.49023e-08
1.49284e-08
1.48763e-08
1.48044e-08
1.47143e-08
1.45763e-08
1.43934e-08
1.4114e-08
1.37269e-08
1.32943e-08
1.29932e-08
1.29025e-08
1.28677e-08
1.2838e-08
1.28575e-08
1.28573e-08
1.2845e-08
1.36127e-08
1.37009e-08
1.37423e-08
1.38201e-08
1.40885e-08
1.44261e-08
1.46876e-08
1.4873e-08
1.49981e-08
1.50404e-08
1.49994e-08
1.48732e-08
1.45903e-08
1.42775e-08
1.42843e-08
1.46101e-08
1.50418e-08
1.54921e-08
1.59165e-08
1.6126e-08
1.60068e-08
1.57987e-08
1.57058e-08
1.56783e-08
1.5641e-08
1.55812e-08
1.55021e-08
1.5413e-08
1.53443e-08
1.51564e-08
1.4793e-08
1.43475e-08
1.39066e-08
1.36439e-08
1.35722e-08
1.35164e-08
1.34568e-08
1.34321e-08
1.34323e-08
1.3505e-08
1.41084e-08
1.42981e-08
1.42717e-08
1.42654e-08
1.45504e-08
1.49806e-08
1.54127e-08
1.57493e-08
1.59178e-08
1.58277e-08
1.55568e-08
1.52467e-08
1.48924e-08
1.47201e-08
1.50266e-08
1.55702e-08
1.60445e-08
1.64811e-08
1.68487e-08
1.69359e-08
1.68099e-08
1.67942e-08
1.69508e-08
1.69358e-08
1.6662e-08
1.63339e-08
1.60587e-08
1.59557e-08
1.59859e-08
1.58677e-08
1.55256e-08
1.50364e-08
1.44072e-08
1.39408e-08
1.38147e-08
1.3807e-08
1.3723e-08
1.3587e-08
1.35947e-08
1.38082e-08
1.53019e-08
1.55133e-08
1.52923e-08
1.51037e-08
1.53783e-08
1.60498e-08
1.66718e-08
1.69549e-08
1.68183e-08
1.63885e-08
1.59943e-08
1.58431e-08
1.58805e-08
1.62479e-08
1.6916e-08
1.73381e-08
1.74256e-08
1.76128e-08
1.79521e-08
1.82272e-08
1.83806e-08
1.85533e-08
1.86586e-08
1.84712e-08
1.8082e-08
1.76244e-08
1.725e-08
1.7101e-08
1.70256e-08
1.67495e-08
1.63674e-08
1.58564e-08
1.5147e-08
1.45568e-08
1.44326e-08
1.44978e-08
1.44211e-08
1.43197e-08
1.44285e-08
1.48068e-08
1.62552e-08
1.61843e-08
1.56386e-08
1.54441e-08
1.6045e-08
1.70562e-08
1.77514e-08
1.79167e-08
1.77663e-08
1.74797e-08
1.736e-08
1.75331e-08
1.78176e-08
1.82537e-08
1.87227e-08
1.88329e-08
1.88369e-08
1.92278e-08
1.9805e-08
2.01263e-08
2.01625e-08
2.02151e-08
2.01138e-08
1.95889e-08
1.88184e-08
1.81066e-08
1.75967e-08
1.73196e-08
1.71127e-08
1.68865e-08
1.67247e-08
1.64719e-08
1.59459e-08
1.55291e-08
1.53806e-08
1.51782e-08
1.47735e-08
1.45745e-08
1.49275e-08
1.5665e-08
1.6312e-08
1.6131e-08
1.56886e-08
1.57965e-08
1.66584e-08
1.77024e-08
1.83627e-08
1.85665e-08
1.83726e-08
1.80146e-08
1.81427e-08
1.87605e-08
1.93937e-08
1.99856e-08
2.03068e-08
2.00214e-08
1.9551e-08
1.96898e-08
2.033e-08
2.07295e-08
2.05978e-08
2.02291e-08
1.98402e-08
1.95286e-08
1.93084e-08
1.88172e-08
1.80249e-08
1.72739e-08
1.67314e-08
1.65576e-08
1.6849e-08
1.70506e-08
1.6749e-08
1.62096e-08
1.59573e-08
1.58644e-08
1.56566e-08
1.55595e-08
1.57089e-08
1.60391e-08
1.67446e-08
1.67702e-08
1.66501e-08
1.68009e-08
1.74356e-08
1.81921e-08
1.86088e-08
1.86806e-08
1.85315e-08
1.86071e-08
1.94159e-08
2.02143e-08
2.04334e-08
2.0524e-08
2.04164e-08
1.99434e-08
1.98117e-08
2.05174e-08
2.12951e-08
2.12607e-08
2.06076e-08
2.02193e-08
2.03114e-08
2.04897e-08
2.01737e-08
1.91154e-08
1.79794e-08
1.742e-08
1.73026e-08
1.73993e-08
1.77764e-08
1.81219e-08
1.78996e-08
1.7439e-08
1.7106e-08
1.66863e-08
1.6149e-08
1.59203e-08
1.60796e-08
1.64187e-08
1.69868e-08
1.71848e-08
1.71674e-08
1.7312e-08
1.79081e-08
1.85568e-08
1.88334e-08
1.88183e-08
1.87384e-08
1.91878e-08
2.03042e-08
2.10313e-08
2.11014e-08
2.11655e-08
2.09668e-08
2.02796e-08
2.02264e-08
2.11739e-08
2.21123e-08
2.21467e-08
2.15195e-08
2.11124e-08
2.10563e-08
2.07502e-08
1.97639e-08
1.84389e-08
1.75741e-08
1.74906e-08
1.7744e-08
1.80719e-08
1.87068e-08
1.93082e-08
1.89884e-08
1.81348e-08
1.76048e-08
1.71983e-08
1.66538e-08
1.64194e-08
1.65452e-08
1.67368e-08
1.67427e-08
1.72275e-08
1.75907e-08
1.78861e-08
1.83893e-08
1.87538e-08
1.87639e-08
1.86318e-08
1.87352e-08
1.96114e-08
2.08243e-08
2.11686e-08
2.09066e-08
2.11227e-08
2.11175e-08
2.04485e-08
2.03388e-08
2.12758e-08
2.22187e-08
2.21172e-08
2.13175e-08
2.08534e-08
2.08224e-08
2.04431e-08
1.95163e-08
1.8551e-08
1.83042e-08
1.86438e-08
1.88184e-08
1.90929e-08
1.98865e-08
2.05037e-08
2.00372e-08
1.90479e-08
1.83144e-08
1.77912e-08
1.74698e-08
1.74243e-08
1.71462e-08
1.67126e-08
1.67026e-08
1.7398e-08
1.80393e-08
1.84362e-08
1.8946e-08
1.92483e-08
1.90849e-08
1.88706e-08
1.905e-08
1.99496e-08
2.09667e-08
2.10744e-08
2.09507e-08
2.15195e-08
2.15365e-08
2.06284e-08
2.04853e-08
2.1597e-08
2.25655e-08
2.21831e-08
2.10759e-08
2.04222e-08
2.02791e-08
2.00273e-08
1.95814e-08
1.93381e-08
1.95351e-08
1.96751e-08
1.91849e-08
1.88943e-08
1.97106e-08
2.07775e-08
2.07674e-08
2.0044e-08
1.93528e-08
1.87135e-08
1.8066e-08
1.757e-08
1.70146e-08
1.65427e-08
1.72665e-08
1.81264e-08
1.88819e-08
1.94824e-08
2.0109e-08
2.02328e-08
1.97284e-08
1.92415e-08
1.92307e-08
1.99857e-08
2.09696e-08
2.12259e-08
2.14161e-08
2.2102e-08
2.17744e-08
2.04975e-08
2.03986e-08
2.1672e-08
2.26923e-08
2.24386e-08
2.15084e-08
2.09751e-08
2.08616e-08
2.06352e-08
2.02916e-08
2.01734e-08
2.01971e-08
1.98137e-08
1.90802e-08
1.89913e-08
1.99139e-08
2.0944e-08
2.11797e-08
2.09559e-08
2.05413e-08
1.97558e-08
1.88107e-08
1.8051e-08
1.73338e-08
1.69213e-08
1.8229e-08
1.92008e-08
2.00973e-08
2.08643e-08
2.1433e-08
2.11393e-08
2.02647e-08
1.96656e-08
1.95816e-08
2.02387e-08
2.12719e-08
2.17136e-08
2.21638e-08
2.28461e-08
2.22462e-08
2.09213e-08
2.09362e-08
2.2216e-08
2.31697e-08
2.30054e-08
2.23833e-08
2.21088e-08
2.20668e-08
2.16825e-08
2.12424e-08
2.1213e-08
2.12419e-08
2.05443e-08
1.9511e-08
1.92918e-08
2.01221e-08
2.11705e-08
2.16701e-08
2.17823e-08
2.15483e-08
2.07458e-08
1.96545e-08
1.87809e-08
1.80877e-08
1.77594e-08
1.97215e-08
2.05913e-08
2.12085e-08
2.17386e-08
2.21233e-08
2.16189e-08
2.07025e-08
2.02094e-08
2.02155e-08
2.09876e-08
2.21434e-08
2.26804e-08
2.29566e-08
2.33221e-08
2.25531e-08
2.12664e-08
2.13799e-08
2.2653e-08
2.34754e-08
2.34061e-08
2.30718e-08
2.29825e-08
2.28453e-08
2.23328e-08
2.19031e-08
2.20831e-08
2.21231e-08
2.11414e-08
1.98643e-08
1.94736e-08
2.03345e-08
2.15975e-08
2.23351e-08
2.24898e-08
2.21745e-08
2.14076e-08
2.05743e-08
1.9896e-08
1.93137e-08
1.91682e-08
2.10125e-08
2.12755e-08
2.14619e-08
2.19213e-08
2.23962e-08
2.20276e-08
2.12775e-08
2.08764e-08
2.09429e-08
2.19962e-08
2.34039e-08
2.3832e-08
2.38754e-08
2.41444e-08
2.3235e-08
2.1822e-08
2.19193e-08
2.32497e-08
2.41131e-08
2.4076e-08
2.37712e-08
2.36913e-08
2.33945e-08
2.26414e-08
2.21975e-08
2.26808e-08
2.27861e-08
2.17639e-08
2.0578e-08
2.01711e-08
2.09437e-08
2.22722e-08
2.3143e-08
2.3331e-08
2.2876e-08
2.21128e-08
2.14667e-08
2.10067e-08
2.07319e-08
2.07685e-08
2.17588e-08
2.14519e-08
2.12319e-08
2.17348e-08
2.25817e-08
2.25592e-08
2.1913e-08
2.1535e-08
2.17344e-08
2.30447e-08
2.45179e-08
2.47882e-08
2.47659e-08
2.49893e-08
2.39075e-08
2.23059e-08
2.24044e-08
2.37794e-08
2.45707e-08
2.44328e-08
2.40811e-08
2.40703e-08
2.3808e-08
2.30063e-08
2.25815e-08
2.3024e-08
2.31001e-08
2.23553e-08
2.14783e-08
2.11316e-08
2.2009e-08
2.33203e-08
2.40063e-08
2.41152e-08
2.3691e-08
2.28229e-08
2.20345e-08
2.16821e-08
2.17237e-08
2.18899e-08
2.23031e-08
2.1639e-08
2.1184e-08
2.17887e-08
2.29573e-08
2.31581e-08
2.25758e-08
2.21644e-08
2.24408e-08
2.38442e-08
2.52411e-08
2.54142e-08
2.54394e-08
2.57179e-08
2.44219e-08
2.26197e-08
2.27433e-08
2.40482e-08
2.47235e-08
2.45646e-08
2.4268e-08
2.43756e-08
2.4147e-08
2.32018e-08
2.27056e-08
2.3051e-08
2.30194e-08
2.26099e-08
2.21712e-08
2.20064e-08
2.29637e-08
2.41838e-08
2.46961e-08
2.48024e-08
2.44672e-08
2.35034e-08
2.24685e-08
2.20549e-08
2.23352e-08
2.26258e-08
2.26807e-08
2.18142e-08
2.12223e-08
2.19387e-08
2.33437e-08
2.36634e-08
2.30489e-08
2.26158e-08
2.29872e-08
2.44123e-08
2.56676e-08
2.57483e-08
2.59154e-08
2.62653e-08
2.47702e-08
2.30087e-08
2.32645e-08
2.44185e-08
2.48783e-08
2.46643e-08
2.44405e-08
2.45809e-08
2.41886e-08
2.30111e-08
2.23892e-08
2.2802e-08
2.30473e-08
2.29118e-08
2.25254e-08
2.23489e-08
2.34105e-08
2.47955e-08
2.56157e-08
2.59475e-08
2.55381e-08
2.41127e-08
2.25986e-08
2.21626e-08
2.27272e-08
2.31081e-08
2.28628e-08
2.18084e-08
2.11882e-08
2.20748e-08
2.36623e-08
2.402e-08
2.32879e-08
2.27949e-08
2.33269e-08
2.48177e-08
2.58998e-08
2.58687e-08
2.61251e-08
2.63668e-08
2.47426e-08
2.31815e-08
2.35142e-08
2.44405e-08
2.47333e-08
2.45975e-08
2.44945e-08
2.45155e-08
2.38747e-08
2.25419e-08
2.19469e-08
2.24876e-08
2.30538e-08
2.31466e-08
2.26894e-08
2.25493e-08
2.37681e-08
2.53064e-08
2.6576e-08
2.70801e-08
2.63381e-08
2.43205e-08
2.24139e-08
2.20327e-08
2.28788e-08
2.33889e-08
2.27373e-08
2.15694e-08
2.1008e-08
2.20324e-08
2.37237e-08
2.40444e-08
2.31723e-08
2.26732e-08
2.34093e-08
2.4992e-08
2.59771e-08
2.586e-08
2.60158e-08
2.60489e-08
2.44958e-08
2.31266e-08
2.34117e-08
2.40578e-08
2.42983e-08
2.43873e-08
2.43139e-08
2.40863e-08
2.33217e-08
2.20915e-08
2.15871e-08
2.21856e-08
2.29428e-08
2.31957e-08
2.27268e-08
2.26388e-08
2.39249e-08
2.55034e-08
2.70187e-08
2.7671e-08
2.66569e-08
2.41748e-08
2.20514e-08
2.18409e-08
2.29272e-08
2.34348e-08
2.23137e-08
2.11737e-08
2.07311e-08
2.18667e-08
2.36054e-08
2.3869e-08
2.28668e-08
2.238e-08
2.32474e-08
2.48348e-08
2.57562e-08
2.55883e-08
2.5667e-08
2.56829e-08
2.4245e-08
2.29652e-08
2.31397e-08
2.35727e-08
2.38241e-08
2.40853e-08
2.40086e-08
2.35965e-08
2.27533e-08
2.16682e-08
2.12836e-08
2.19195e-08
2.27452e-08
2.30956e-08
2.26289e-08
2.25274e-08
2.37903e-08
2.5382e-08
2.69769e-08
2.76622e-08
2.64506e-08
2.37111e-08
2.15845e-08
2.15928e-08
2.27588e-08
2.31352e-08
2.18148e-08
2.07877e-08
2.04599e-08
2.16271e-08
2.33108e-08
2.35083e-08
2.24434e-08
2.19612e-08
2.28671e-08
2.44418e-08
2.53422e-08
2.51765e-08
2.52844e-08
2.535e-08
2.3987e-08
2.27329e-08
2.2814e-08
2.31207e-08
2.33659e-08
2.37242e-08
2.36584e-08
2.31108e-08
2.21949e-08
2.12283e-08
2.09754e-08
2.16162e-08
2.24678e-08
2.28493e-08
2.2358e-08
2.21999e-08
2.34102e-08
2.5e-08
2.65327e-08
2.71222e-08
2.57707e-08
2.29769e-08
2.09902e-08
2.11599e-08
2.23244e-08
2.26236e-08
2.1342e-08
2.04e-08
2.01324e-08
2.12837e-08
2.28989e-08
2.30733e-08
2.20076e-08
2.15305e-08
2.24263e-08
2.39741e-08
2.4862e-08
2.47316e-08
2.48903e-08
2.49792e-08
2.36126e-08
2.23657e-08
2.24232e-08
2.26976e-08
2.29554e-08
2.33636e-08
2.33104e-08
2.26899e-08
2.17506e-08
2.08544e-08
2.0656e-08
2.12838e-08
2.21169e-08
2.24874e-08
2.19602e-08
2.17637e-08
2.29311e-08
2.4503e-08
2.59261e-08
2.63679e-08
2.49694e-08
2.22736e-08
2.04298e-08
2.06587e-08
2.1786e-08
2.20804e-08
2.09861e-08
2.00946e-08
1.98751e-08
2.10153e-08
2.25822e-08
2.27399e-08
2.16872e-08
2.12183e-08
2.20999e-08
2.36151e-08
2.44894e-08
2.43789e-08
2.45574e-08
2.46428e-08
2.32805e-08
2.20592e-08
2.21153e-08
2.24004e-08
2.26828e-08
2.31011e-08
2.30447e-08
2.24175e-08
2.14827e-08
2.06081e-08
2.04087e-08
2.10055e-08
2.18193e-08
2.21862e-08
2.16505e-08
2.14326e-08
2.2567e-08
2.41241e-08
2.55013e-08
2.58644e-08
2.44605e-08
2.18347e-08
2.00578e-08
2.03083e-08
2.14216e-08
2.17067e-08
2.08175e-08
1.99479e-08
1.97566e-08
2.09028e-08
2.24453e-08
2.25834e-08
2.15413e-08
2.10865e-08
2.19619e-08
2.34512e-08
2.43029e-08
2.42059e-08
2.44061e-08
2.44814e-08
2.31129e-08
2.19143e-08
2.19864e-08
2.22886e-08
2.25785e-08
2.2988e-08
2.29249e-08
2.2297e-08
2.13682e-08
2.05e-08
2.03011e-08
2.08816e-08
2.16816e-08
2.20466e-08
2.15126e-08
2.12918e-08
2.24088e-08
2.39561e-08
2.53295e-08
2.56907e-08
2.42947e-08
2.16851e-08
1.99275e-08
2.01752e-08
2.1266e-08
2.15337e-08
1.26204e-08
1.25878e-08
1.26006e-08
1.27369e-08
1.29855e-08
1.32395e-08
1.34506e-08
1.36463e-08
1.38211e-08
1.39161e-08
1.39437e-08
1.3957e-08
1.39393e-08
1.39003e-08
1.38938e-08
1.39965e-08
1.41615e-08
1.42937e-08
1.44193e-08
1.45038e-08
1.44037e-08
1.41626e-08
1.39859e-08
1.39448e-08
1.39638e-08
1.40547e-08
1.41761e-08
1.42443e-08
1.41976e-08
1.40647e-08
1.38465e-08
1.35341e-08
1.31926e-08
1.29414e-08
1.28223e-08
1.27584e-08
1.26746e-08
1.26624e-08
1.26838e-08
1.26667e-08
1.31765e-08
1.32196e-08
1.32672e-08
1.33407e-08
1.35001e-08
1.36915e-08
1.38549e-08
1.40152e-08
1.41079e-08
1.41124e-08
1.41102e-08
1.41529e-08
1.41977e-08
1.42308e-08
1.4322e-08
1.45104e-08
1.47207e-08
1.49112e-08
1.5086e-08
1.51768e-08
1.49974e-08
1.47021e-08
1.45646e-08
1.45895e-08
1.46599e-08
1.47275e-08
1.47781e-08
1.47848e-08
1.47126e-08
1.45448e-08
1.42631e-08
1.38819e-08
1.3476e-08
1.32304e-08
1.31614e-08
1.31324e-08
1.31033e-08
1.31262e-08
1.31367e-08
1.31418e-08
1.36627e-08
1.3758e-08
1.37844e-08
1.38732e-08
1.40917e-08
1.43321e-08
1.4513e-08
1.4624e-08
1.46564e-08
1.46662e-08
1.47067e-08
1.4742e-08
1.46764e-08
1.46334e-08
1.48529e-08
1.52801e-08
1.5681e-08
1.601e-08
1.62657e-08
1.62454e-08
1.5856e-08
1.54464e-08
1.53287e-08
1.54249e-08
1.55372e-08
1.56222e-08
1.56329e-08
1.55504e-08
1.54166e-08
1.51775e-08
1.47877e-08
1.43322e-08
1.39587e-08
1.37774e-08
1.3725e-08
1.36874e-08
1.36102e-08
1.35338e-08
1.35035e-08
1.35656e-08
1.3972e-08
1.41283e-08
1.40804e-08
1.41456e-08
1.45715e-08
1.51805e-08
1.56648e-08
1.58194e-08
1.57119e-08
1.54997e-08
1.53444e-08
1.52495e-08
1.51118e-08
1.51743e-08
1.57088e-08
1.62979e-08
1.66216e-08
1.68453e-08
1.70628e-08
1.70072e-08
1.67268e-08
1.66241e-08
1.66798e-08
1.65203e-08
1.61424e-08
1.58153e-08
1.56844e-08
1.57135e-08
1.5722e-08
1.55296e-08
1.51574e-08
1.46854e-08
1.41535e-08
1.3729e-08
1.35799e-08
1.35954e-08
1.35701e-08
1.34986e-08
1.35105e-08
1.36913e-08
1.50788e-08
1.52899e-08
1.52565e-08
1.54717e-08
1.61925e-08
1.71062e-08
1.76643e-08
1.76577e-08
1.72591e-08
1.66987e-08
1.62477e-08
1.59779e-08
1.58861e-08
1.62811e-08
1.70641e-08
1.74937e-08
1.74817e-08
1.75864e-08
1.78569e-08
1.79542e-08
1.78668e-08
1.78729e-08
1.78636e-08
1.75011e-08
1.69885e-08
1.65957e-08
1.64514e-08
1.65163e-08
1.65301e-08
1.62891e-08
1.59098e-08
1.54742e-08
1.48892e-08
1.42854e-08
1.39654e-08
1.39039e-08
1.39248e-08
1.39975e-08
1.42024e-08
1.46192e-08
1.61347e-08
1.61999e-08
1.60759e-08
1.66457e-08
1.80068e-08
1.933e-08
1.97694e-08
1.92282e-08
1.83816e-08
1.76838e-08
1.74458e-08
1.75202e-08
1.7711e-08
1.82133e-08
1.86469e-08
1.85324e-08
1.83125e-08
1.85146e-08
1.88944e-08
1.91372e-08
1.9316e-08
1.95159e-08
1.93054e-08
1.85288e-08
1.78749e-08
1.77257e-08
1.77639e-08
1.76248e-08
1.73236e-08
1.70095e-08
1.68484e-08
1.65282e-08
1.58146e-08
1.50593e-08
1.46426e-08
1.44943e-08
1.43843e-08
1.4382e-08
1.47696e-08
1.55136e-08
1.68762e-08
1.69215e-08
1.7088e-08
1.79043e-08
1.92635e-08
2.04041e-08
2.06966e-08
2.01792e-08
1.91829e-08
1.82247e-08
1.80619e-08
1.85765e-08
1.9289e-08
1.99552e-08
2.01085e-08
1.95034e-08
1.89496e-08
1.91552e-08
1.97886e-08
2.02931e-08
2.04272e-08
2.01104e-08
1.95108e-08
1.89834e-08
1.88447e-08
1.86901e-08
1.82099e-08
1.77355e-08
1.73842e-08
1.71124e-08
1.70302e-08
1.68517e-08
1.60281e-08
1.49981e-08
1.46251e-08
1.49293e-08
1.53128e-08
1.5616e-08
1.60056e-08
1.65057e-08
1.75812e-08
1.77872e-08
1.82496e-08
1.89783e-08
1.99492e-08
2.07867e-08
2.08063e-08
2.00388e-08
1.89523e-08
1.83314e-08
1.88908e-08
1.97554e-08
2.02526e-08
2.06271e-08
2.04629e-08
1.9634e-08
1.93639e-08
2.02979e-08
2.14415e-08
2.16638e-08
2.09204e-08
2.01106e-08
1.96099e-08
1.94206e-08
1.94632e-08
1.93613e-08
1.90116e-08
1.8615e-08
1.81605e-08
1.77531e-08
1.76202e-08
1.75553e-08
1.70512e-08
1.63515e-08
1.60203e-08
1.59417e-08
1.59335e-08
1.62322e-08
1.67592e-08
1.7276e-08
1.77386e-08
1.81876e-08
1.85868e-08
1.91093e-08
2.02576e-08
2.13154e-08
2.12355e-08
2.04129e-08
1.94547e-08
1.92576e-08
2.00285e-08
2.06383e-08
2.08303e-08
2.10614e-08
2.06242e-08
1.95505e-08
1.93692e-08
2.04727e-08
2.17282e-08
2.21052e-08
2.15944e-08
2.08664e-08
2.03498e-08
2.01114e-08
1.99251e-08
1.95335e-08
1.91839e-08
1.90047e-08
1.85483e-08
1.80028e-08
1.80783e-08
1.86027e-08
1.85672e-08
1.78354e-08
1.72998e-08
1.71335e-08
1.70221e-08
1.69305e-08
1.70463e-08
1.73694e-08
1.75594e-08
1.81731e-08
1.88781e-08
1.96624e-08
2.08582e-08
2.17373e-08
2.15113e-08
2.07382e-08
1.99972e-08
2.01712e-08
2.10144e-08
2.12432e-08
2.12205e-08
2.15624e-08
2.12097e-08
2.00532e-08
1.97985e-08
2.09292e-08
2.22525e-08
2.26242e-08
2.19722e-08
2.11618e-08
2.08831e-08
2.09588e-08
2.07823e-08
2.03418e-08
1.99896e-08
1.97577e-08
1.90497e-08
1.82559e-08
1.85734e-08
1.9602e-08
1.97945e-08
1.9038e-08
1.8304e-08
1.79379e-08
1.77959e-08
1.7794e-08
1.77046e-08
1.74894e-08
1.74713e-08
1.84878e-08
1.95493e-08
2.02607e-08
2.13687e-08
2.22112e-08
2.19242e-08
2.1154e-08
2.05947e-08
2.0879e-08
2.14925e-08
2.14444e-08
2.15621e-08
2.22619e-08
2.2026e-08
2.08215e-08
2.04573e-08
2.14104e-08
2.25817e-08
2.28525e-08
2.22165e-08
2.1575e-08
2.15155e-08
2.17663e-08
2.17077e-08
2.14056e-08
2.1206e-08
2.07704e-08
1.94845e-08
1.82563e-08
1.88644e-08
2.05989e-08
2.11708e-08
2.03959e-08
1.94871e-08
1.87961e-08
1.83924e-08
1.80997e-08
1.77164e-08
1.72939e-08
1.78591e-08
1.91282e-08
2.02116e-08
2.09962e-08
2.23029e-08
2.30243e-08
2.2437e-08
2.14686e-08
2.10208e-08
2.15188e-08
2.21115e-08
2.20461e-08
2.22991e-08
2.28277e-08
2.2196e-08
2.09909e-08
2.08207e-08
2.17973e-08
2.29135e-08
2.32256e-08
2.27106e-08
2.22737e-08
2.24647e-08
2.27211e-08
2.24371e-08
2.19686e-08
2.17462e-08
2.11246e-08
1.95676e-08
1.82138e-08
1.9092e-08
2.11919e-08
2.19559e-08
2.13694e-08
2.03716e-08
1.93716e-08
1.86404e-08
1.81552e-08
1.77028e-08
1.74029e-08
1.85574e-08
2.00925e-08
2.14779e-08
2.25571e-08
2.37976e-08
2.38279e-08
2.25888e-08
2.1566e-08
2.13592e-08
2.20228e-08
2.26889e-08
2.27605e-08
2.31368e-08
2.34642e-08
2.25708e-08
2.13763e-08
2.13468e-08
2.2477e-08
2.37904e-08
2.42962e-08
2.39847e-08
2.36692e-08
2.37695e-08
2.3858e-08
2.34632e-08
2.2782e-08
2.24227e-08
2.20502e-08
2.05633e-08
1.89464e-08
1.99744e-08
2.23286e-08
2.32981e-08
2.29004e-08
2.17234e-08
2.01062e-08
1.88876e-08
1.84275e-08
1.819e-08
1.80142e-08
1.93599e-08
2.10864e-08
2.27366e-08
2.41313e-08
2.51889e-08
2.45921e-08
2.29939e-08
2.19107e-08
2.18368e-08
2.28334e-08
2.36761e-08
2.37753e-08
2.39908e-08
2.39473e-08
2.28283e-08
2.16684e-08
2.17216e-08
2.3058e-08
2.46634e-08
2.54248e-08
2.52105e-08
2.477e-08
2.45732e-08
2.45218e-08
2.41755e-08
2.341e-08
2.29868e-08
2.28293e-08
2.14806e-08
2.01151e-08
2.15459e-08
2.40364e-08
2.49873e-08
2.46711e-08
2.32961e-08
2.11024e-08
1.94802e-08
1.89532e-08
1.88103e-08
1.87062e-08
2.00846e-08
2.17859e-08
2.3571e-08
2.51345e-08
2.59955e-08
2.50458e-08
2.34064e-08
2.24431e-08
2.25011e-08
2.36215e-08
2.45028e-08
2.4547e-08
2.46717e-08
2.45316e-08
2.31873e-08
2.18525e-08
2.20117e-08
2.36631e-08
2.55586e-08
2.63503e-08
2.59484e-08
2.53189e-08
2.50513e-08
2.49403e-08
2.46131e-08
2.39067e-08
2.36574e-08
2.36948e-08
2.25358e-08
2.16792e-08
2.35053e-08
2.57623e-08
2.62594e-08
2.57658e-08
2.44139e-08
2.21763e-08
2.03473e-08
1.95952e-08
1.94327e-08
1.94138e-08
2.07358e-08
2.24139e-08
2.41231e-08
2.54566e-08
2.58887e-08
2.48224e-08
2.35065e-08
2.28195e-08
2.28756e-08
2.39237e-08
2.48913e-08
2.51513e-08
2.56738e-08
2.56909e-08
2.38717e-08
2.23695e-08
2.28273e-08
2.45449e-08
2.61479e-08
2.66994e-08
2.63825e-08
2.59483e-08
2.57108e-08
2.55292e-08
2.503e-08
2.42051e-08
2.40707e-08
2.45493e-08
2.39744e-08
2.36977e-08
2.56749e-08
2.75586e-08
2.7569e-08
2.68819e-08
2.56166e-08
2.33449e-08
2.11603e-08
2.01408e-08
1.9963e-08
2.00362e-08
2.15974e-08
2.31761e-08
2.45275e-08
2.53704e-08
2.55119e-08
2.45898e-08
2.36379e-08
2.30949e-08
2.30933e-08
2.4106e-08
2.52799e-08
2.59279e-08
2.67333e-08
2.63965e-08
2.41499e-08
2.27668e-08
2.36459e-08
2.52687e-08
2.63367e-08
2.66785e-08
2.66082e-08
2.64387e-08
2.62384e-08
2.58814e-08
2.50947e-08
2.4062e-08
2.40465e-08
2.5003e-08
2.51338e-08
2.53797e-08
2.73578e-08
2.88044e-08
2.8463e-08
2.77685e-08
2.65383e-08
2.41176e-08
2.17874e-08
2.07609e-08
2.05837e-08
2.07435e-08
2.21427e-08
2.34553e-08
2.45322e-08
2.51724e-08
2.52619e-08
2.44769e-08
2.36872e-08
2.31687e-08
2.3141e-08
2.41648e-08
2.55518e-08
2.64056e-08
2.70181e-08
2.62509e-08
2.3932e-08
2.2878e-08
2.41542e-08
2.5701e-08
2.63042e-08
2.63749e-08
2.64116e-08
2.64009e-08
2.61916e-08
2.56754e-08
2.48256e-08
2.38876e-08
2.38692e-08
2.49999e-08
2.55211e-08
2.61632e-08
2.82681e-08
2.95488e-08
2.92221e-08
2.86099e-08
2.73406e-08
2.46554e-08
2.20695e-08
2.10594e-08
2.10032e-08
2.12923e-08
2.241e-08
2.34745e-08
2.44328e-08
2.51032e-08
2.52951e-08
2.45822e-08
2.37034e-08
2.31306e-08
2.3141e-08
2.40892e-08
2.53848e-08
2.63721e-08
2.69304e-08
2.60083e-08
2.36794e-08
2.27789e-08
2.42952e-08
2.58416e-08
2.61757e-08
2.60296e-08
2.60262e-08
2.60039e-08
2.57575e-08
2.52839e-08
2.45453e-08
2.36795e-08
2.35519e-08
2.46084e-08
2.53564e-08
2.63595e-08
2.86165e-08
2.99488e-08
2.98412e-08
2.94456e-08
2.8083e-08
2.48724e-08
2.18702e-08
2.09412e-08
2.12222e-08
2.17027e-08
2.23443e-08
2.32658e-08
2.42433e-08
2.50528e-08
2.53588e-08
2.45979e-08
2.34719e-08
2.28299e-08
2.28768e-08
2.36003e-08
2.47869e-08
2.59533e-08
2.66286e-08
2.57903e-08
2.34469e-08
2.25411e-08
2.40775e-08
2.55648e-08
2.57887e-08
2.55299e-08
2.54504e-08
2.54199e-08
2.52034e-08
2.47513e-08
2.40894e-08
2.33426e-08
2.31787e-08
2.40248e-08
2.48541e-08
2.61483e-08
2.83709e-08
2.9765e-08
2.99804e-08
2.97929e-08
2.82129e-08
2.45259e-08
2.13563e-08
2.06726e-08
2.1249e-08
2.1783e-08
2.18645e-08
2.28129e-08
2.38481e-08
2.47633e-08
2.51588e-08
2.43703e-08
2.3092e-08
2.239e-08
2.23172e-08
2.28192e-08
2.40115e-08
2.53616e-08
2.62115e-08
2.55022e-08
2.31633e-08
2.21861e-08
2.36395e-08
2.50926e-08
2.53414e-08
2.50646e-08
2.49111e-08
2.48365e-08
2.45703e-08
2.40667e-08
2.3491e-08
2.28754e-08
2.2747e-08
2.35114e-08
2.43727e-08
2.56988e-08
2.77229e-08
2.91058e-08
2.95334e-08
2.93619e-08
2.75376e-08
2.3712e-08
2.07163e-08
2.02884e-08
2.0925e-08
2.13602e-08
2.12281e-08
2.22679e-08
2.33436e-08
2.42616e-08
2.46645e-08
2.3879e-08
2.25661e-08
2.18183e-08
2.1612e-08
2.20269e-08
2.32922e-08
2.4737e-08
2.56481e-08
2.50176e-08
2.27943e-08
2.18474e-08
2.32328e-08
2.4665e-08
2.49332e-08
2.46134e-08
2.43829e-08
2.42591e-08
2.39485e-08
2.34168e-08
2.29196e-08
2.24015e-08
2.23166e-08
2.30787e-08
2.39129e-08
2.50657e-08
2.68377e-08
2.82348e-08
2.87631e-08
2.85287e-08
2.65875e-08
2.28629e-08
2.01024e-08
1.97355e-08
2.02649e-08
2.06435e-08
2.07048e-08
2.17807e-08
2.28485e-08
2.37393e-08
2.41237e-08
2.33608e-08
2.20683e-08
2.129e-08
2.10179e-08
2.14162e-08
2.26828e-08
2.41143e-08
2.50327e-08
2.44576e-08
2.23492e-08
2.1466e-08
2.28041e-08
2.42235e-08
2.45086e-08
2.41749e-08
2.392e-08
2.37703e-08
2.34199e-08
2.28695e-08
2.23961e-08
2.19138e-08
2.18119e-08
2.24976e-08
2.32364e-08
2.42623e-08
2.59365e-08
2.74032e-08
2.80359e-08
2.77636e-08
2.57862e-08
2.21712e-08
1.95321e-08
1.91571e-08
1.96454e-08
2.00489e-08
2.0392e-08
2.14706e-08
2.25329e-08
2.34012e-08
2.37746e-08
2.30353e-08
2.17608e-08
2.09648e-08
2.06686e-08
2.10617e-08
2.23008e-08
2.37032e-08
2.46189e-08
2.4075e-08
2.20237e-08
2.11705e-08
2.24598e-08
2.38512e-08
2.41524e-08
2.38442e-08
2.36067e-08
2.34514e-08
2.3083e-08
2.25159e-08
2.20241e-08
2.15402e-08
2.14274e-08
2.20547e-08
2.27347e-08
2.37123e-08
2.53491e-08
2.68489e-08
2.75401e-08
2.72628e-08
2.52521e-08
2.16882e-08
1.91364e-08
1.87963e-08
1.92968e-08
1.97186e-08
2.02711e-08
2.13533e-08
2.24013e-08
2.32594e-08
2.36364e-08
2.2901e-08
2.16288e-08
2.08315e-08
2.05318e-08
2.09307e-08
2.21621e-08
2.35513e-08
2.4459e-08
2.39177e-08
2.18864e-08
2.1047e-08
2.23078e-08
2.36785e-08
2.39809e-08
2.36926e-08
2.34745e-08
2.33227e-08
2.29469e-08
2.23652e-08
2.18644e-08
2.13936e-08
2.12944e-08
2.18996e-08
2.25502e-08
2.3511e-08
2.51365e-08
2.66387e-08
2.73367e-08
2.70348e-08
2.50003e-08
2.14661e-08
1.89655e-08
1.86471e-08
1.91569e-08
1.95873e-08
)
;

boundaryField
{
    bottomWall
    {
        type            calculated;
        value           nonuniform List<scalar> 
1200
(
1.07502e-08
6.60796e-09
9.59882e-09
1.57409e-08
1.81522e-08
2.15053e-08
2.08402e-08
1.94096e-08
2.00911e-08
1.83866e-08
2.00698e-08
1.98404e-08
1.94571e-08
1.73475e-08
1.91551e-08
1.89274e-08
1.85173e-08
1.91864e-08
1.80642e-08
2.06029e-08
2.19887e-08
2.08537e-08
2.1098e-08
1.93115e-08
2.28463e-08
2.16861e-08
2.03618e-08
1.83988e-08
1.53765e-08
1.67153e-08
8.87466e-09
8.23054e-16
7.13245e-09
1.52291e-08
1.76671e-08
2.17771e-08
2.16555e-08
2.06133e-08
2.15852e-08
1.98912e-08
2.06257e-08
2.05436e-08
2.01326e-08
1.84261e-08
1.90995e-08
1.84278e-08
1.93286e-08
2.00839e-08
1.90405e-08
2.03514e-08
2.06978e-08
2.02856e-08
2.06804e-08
1.85365e-08
2.15071e-08
2.16169e-08
2.0328e-08
1.72965e-08
1.43078e-08
1.54418e-08
1.4394e-08
6.55281e-09
1.09887e-08
1.86768e-08
2.06631e-08
2.43462e-08
2.30395e-08
2.14958e-08
2.22073e-08
2.11368e-08
2.14532e-08
2.14283e-08
2.01907e-08
1.98417e-08
1.93683e-08
1.81356e-08
1.94883e-08
2.05294e-08
2.0365e-08
2.128e-08
2.07883e-08
2.11018e-08
2.13045e-08
1.83078e-08
2.13186e-08
2.2048e-08
2.13845e-08
1.86367e-08
1.68471e-08
1.88338e-08
2.15423e-08
1.84463e-08
1.6515e-08
2.4226e-08
2.44428e-08
2.6557e-08
2.35086e-08
2.19731e-08
2.20301e-08
2.15104e-08
2.21032e-08
2.21331e-08
1.98049e-08
2.10705e-08
2.04853e-08
1.86571e-08
1.96871e-08
2.10646e-08
2.13854e-08
2.22185e-08
2.21328e-08
2.21933e-08
2.23638e-08
1.91123e-08
2.21471e-08
2.27769e-08
2.28027e-08
2.1161e-08
2.06051e-08
2.35867e-08
2.41916e-08
2.46959e-08
2.01528e-08
2.80782e-08
2.54578e-08
2.65523e-08
2.30771e-08
2.22751e-08
2.19167e-08
2.12615e-08
2.23585e-08
2.22417e-08
1.94715e-08
2.14589e-08
2.14346e-08
1.98493e-08
2.04044e-08
2.17501e-08
2.14979e-08
2.19635e-08
2.3422e-08
2.26568e-08
2.29332e-08
2.0383e-08
2.32156e-08
2.3311e-08
2.36689e-08
2.27426e-08
2.23156e-08
2.47226e-08
2.31021e-08
2.4664e-08
2.18961e-08
2.86198e-08
2.39649e-08
2.57829e-08
2.3139e-08
2.24952e-08
2.26152e-08
2.1103e-08
2.21892e-08
2.17146e-08
1.92201e-08
2.10584e-08
2.1546e-08
2.12596e-08
2.13576e-08
2.21752e-08
2.09627e-08
2.11311e-08
2.36058e-08
2.24831e-08
2.27282e-08
2.13354e-08
2.39976e-08
2.35065e-08
2.39309e-08
2.31294e-08
2.22319e-08
2.27723e-08
2.1639e-08
2.30691e-08
2.25026e-08
2.66984e-08
2.2483e-08
2.56111e-08
2.38568e-08
2.23413e-08
2.34963e-08
2.08915e-08
2.14869e-08
2.08235e-08
1.94725e-08
2.09272e-08
2.13147e-08
2.23737e-08
2.24775e-08
2.25656e-08
2.09334e-08
2.12546e-08
2.3052e-08
2.22624e-08
2.22679e-08
2.17194e-08
2.4286e-08
2.35536e-08
2.38934e-08
2.35753e-08
2.19012e-08
2.11243e-08
2.0765e-08
2.25076e-08
2.28399e-08
2.49096e-08
2.23599e-08
2.57207e-08
2.45124e-08
2.16128e-08
2.32736e-08
2.0128e-08
2.07207e-08
2.03536e-08
2.04423e-08
2.15626e-08
2.12447e-08
2.28942e-08
2.36187e-08
2.30886e-08
2.16177e-08
2.18138e-08
2.25115e-08
2.23263e-08
2.22579e-08
2.16961e-08
2.41878e-08
2.34359e-08
2.41502e-08
2.39739e-08
2.15247e-08
2.03604e-08
2.00272e-08
2.287e-08
2.32176e-08
2.48314e-08
2.2628e-08
2.53424e-08
2.43467e-08
2.07171e-08
2.21599e-08
1.9427e-08
2.07223e-08
2.09431e-08
2.16192e-08
2.24495e-08
2.16302e-08
2.30469e-08
2.41941e-08
2.3374e-08
2.19447e-08
2.1328e-08
2.18638e-08
2.20102e-08
2.27185e-08
2.13933e-08
2.39663e-08
2.33871e-08
2.48539e-08
2.3687e-08
2.1377e-08
1.95998e-08
1.9676e-08
2.33099e-08
2.3247e-08
2.52577e-08
2.21945e-08
2.43928e-08
2.3145e-08
2.05639e-08
2.14724e-08
1.9535e-08
2.14469e-08
2.2214e-08
2.28637e-08
2.35228e-08
2.2449e-08
2.31216e-08
2.38801e-08
2.30853e-08
2.17847e-08
2.02609e-08
2.13531e-08
2.13293e-08
2.30381e-08
2.10906e-08
2.39597e-08
2.35234e-08
2.56246e-08
2.29021e-08
2.2066e-08
1.95729e-08
2.03904e-08
2.33826e-08
2.30141e-08
2.57581e-08
2.20253e-08
2.40911e-08
2.25068e-08
2.16779e-08
2.15683e-08
2.01065e-08
2.22243e-08
2.32329e-08
2.3983e-08
2.44406e-08
2.3173e-08
2.29987e-08
2.29637e-08
2.20984e-08
2.17104e-08
2.02065e-08
2.15488e-08
2.14098e-08
2.31561e-08
2.12187e-08
2.4291e-08
2.35528e-08
2.58041e-08
2.21171e-08
2.28763e-08
2.12604e-08
2.18595e-08
2.33461e-08
2.31427e-08
2.68841e-08
2.27028e-08
2.49022e-08
2.37966e-08
2.31654e-08
2.19305e-08
2.07377e-08
2.29433e-08
2.35319e-08
2.45975e-08
2.45801e-08
2.34097e-08
2.27263e-08
2.21838e-08
2.09898e-08
2.20211e-08
2.16084e-08
2.18696e-08
2.23333e-08
2.33688e-08
2.13372e-08
2.39938e-08
2.33142e-08
2.4802e-08
2.17034e-08
2.27323e-08
2.34296e-08
2.24884e-08
2.33076e-08
2.36278e-08
2.77495e-08
2.31801e-08
2.55085e-08
2.51978e-08
2.38126e-08
2.22556e-08
2.14209e-08
2.37039e-08
2.3512e-08
2.48889e-08
2.43824e-08
2.34038e-08
2.26006e-08
2.22488e-08
2.08585e-08
2.25126e-08
2.37039e-08
2.20024e-08
2.31833e-08
2.36357e-08
2.11461e-08
2.26799e-08
2.31456e-08
2.32539e-08
2.1645e-08
2.18365e-08
2.39683e-08
2.19987e-08
2.28957e-08
2.40239e-08
2.73681e-08
2.32892e-08
2.57525e-08
2.56628e-08
2.37025e-08
2.2421e-08
2.19381e-08
2.41188e-08
2.33053e-08
2.45348e-08
2.4531e-08
2.3403e-08
2.28335e-08
2.29809e-08
2.16497e-08
2.24943e-08
2.53181e-08
2.23942e-08
2.33384e-08
2.38095e-08
2.15745e-08
2.1531e-08
2.34089e-08
2.25195e-08
2.17769e-08
2.10528e-08
2.29648e-08
2.17279e-08
2.26429e-08
2.41488e-08
2.61963e-08
2.35559e-08
2.69926e-08
2.68935e-08
2.37773e-08
2.24399e-08
2.21732e-08
2.40796e-08
2.25732e-08
2.32861e-08
2.4653e-08
2.34648e-08
2.33074e-08
2.39327e-08
2.25725e-08
2.18748e-08
2.56703e-08
2.28478e-08
2.25268e-08
2.37018e-08
2.28934e-08
2.16966e-08
2.4039e-08
2.25991e-08
2.18905e-08
2.07064e-08
2.22077e-08
2.22153e-08
2.33555e-08
2.4352e-08
2.51943e-08
2.39883e-08
2.79332e-08
2.73516e-08
2.43049e-08
2.24243e-08
2.23789e-08
2.40725e-08
2.17404e-08
2.25417e-08
2.4709e-08
2.37876e-08
2.37966e-08
2.47835e-08
2.33777e-08
2.14153e-08
2.49813e-08
2.2967e-08
2.09954e-08
2.30471e-08
2.37882e-08
2.2681e-08
2.41946e-08
2.28877e-08
2.18677e-08
2.01641e-08
2.2242e-08
2.25639e-08
2.44469e-08
2.51176e-08
2.51488e-08
2.4303e-08
2.68728e-08
2.51247e-08
2.45443e-08
2.26431e-08
2.28146e-08
2.44881e-08
2.15366e-08
2.30653e-08
2.50728e-08
2.40038e-08
2.42818e-08
2.50664e-08
2.40179e-08
2.14524e-08
2.39855e-08
2.27701e-08
1.93248e-08
2.20795e-08
2.34005e-08
2.29708e-08
2.30114e-08
2.34172e-08
2.16531e-08
1.89031e-08
2.18625e-08
2.23619e-08
2.51257e-08
2.58482e-08
2.59991e-08
2.48143e-08
2.56435e-08
2.35027e-08
2.46209e-08
2.31792e-08
2.32852e-08
2.47695e-08
2.1698e-08
2.35897e-08
2.47793e-08
2.38073e-08
2.50514e-08
2.50634e-08
2.43329e-08
2.20734e-08
2.3341e-08
2.27801e-08
1.88554e-08
2.16933e-08
2.27786e-08
2.20659e-08
2.11733e-08
2.39167e-08
2.15448e-08
1.80267e-08
2.11824e-08
2.23066e-08
2.54134e-08
2.5521e-08
2.64602e-08
2.50765e-08
2.58608e-08
2.42805e-08
2.48673e-08
2.34441e-08
2.30502e-08
2.38821e-08
2.11353e-08
2.31037e-08
2.31631e-08
2.34523e-08
2.56938e-08
2.52321e-08
2.44095e-08
2.31287e-08
2.33138e-08
2.36502e-08
2.03665e-08
2.23934e-08
2.25906e-08
2.08106e-08
2.0203e-08
2.38438e-08
2.20081e-08
1.86146e-08
2.15471e-08
2.26351e-08
2.48966e-08
2.47058e-08
2.57961e-08
2.43927e-08
2.59159e-08
2.45975e-08
2.46516e-08
2.30094e-08
2.21657e-08
2.26114e-08
2.06863e-08
2.25594e-08
2.19323e-08
2.26558e-08
2.54609e-08
2.4972e-08
2.46236e-08
2.37728e-08
2.3408e-08
2.4774e-08
2.2551e-08
2.34953e-08
2.20712e-08
2.00898e-08
2.02623e-08
2.31481e-08
2.28988e-08
1.98677e-08
2.27337e-08
2.29934e-08
2.39387e-08
2.46032e-08
2.49597e-08
2.3656e-08
2.52617e-08
2.39004e-08
2.38844e-08
2.25839e-08
2.20603e-08
2.30872e-08
2.221e-08
2.28849e-08
2.22186e-08
2.1605e-08
2.46074e-08
2.44786e-08
2.48368e-08
2.36469e-08
2.31539e-08
2.50625e-08
2.39363e-08
2.4283e-08
2.10454e-08
2.01028e-08
2.08833e-08
2.21768e-08
2.36595e-08
2.06051e-08
2.36113e-08
2.31902e-08
2.35264e-08
2.48887e-08
2.43885e-08
2.38608e-08
2.56217e-08
2.40922e-08
2.32945e-08
2.2995e-08
2.32139e-08
2.52643e-08
2.47859e-08
2.33147e-08
2.26022e-08
2.15178e-08
2.42906e-08
2.48962e-08
2.52998e-08
2.36738e-08
2.29479e-08
2.47126e-08
2.4638e-08
2.48514e-08
2.05706e-08
2.09558e-08
2.1943e-08
2.17615e-08
2.40801e-08
2.0998e-08
2.42523e-08
2.30958e-08
2.30871e-08
2.44533e-08
2.39927e-08
2.4111e-08
2.69035e-08
2.52313e-08
2.3568e-08
2.40021e-08
2.43783e-08
2.69815e-08
2.62509e-08
2.33458e-08
2.26132e-08
2.28112e-08
2.51741e-08
2.63703e-08
2.61986e-08
2.41617e-08
2.30027e-08
2.44144e-08
2.50595e-08
2.50889e-08
2.10051e-08
2.24246e-08
2.2866e-08
2.23149e-08
2.40766e-08
2.16579e-08
2.46213e-08
2.22357e-08
2.20316e-08
2.30842e-08
2.40164e-08
2.39837e-08
2.77001e-08
2.67025e-08
2.486e-08
2.48705e-08
2.44941e-08
2.68817e-08
2.60956e-08
2.33172e-08
2.34734e-08
2.38182e-08
2.59689e-08
2.75692e-08
2.66992e-08
2.40577e-08
2.28548e-08
2.40775e-08
2.51103e-08
2.44746e-08
2.15264e-08
2.3732e-08
2.29496e-08
2.30426e-08
2.35461e-08
2.22275e-08
2.41204e-08
2.05067e-08
2.0873e-08
2.18935e-08
2.41926e-08
2.43982e-08
2.77434e-08
2.81966e-08
2.63696e-08
2.52622e-08
2.35913e-08
2.5307e-08
2.49237e-08
2.29634e-08
2.44543e-08
2.3098e-08
2.45023e-08
2.70699e-08
2.59755e-08
2.30698e-08
2.24463e-08
2.37302e-08
2.48258e-08
2.34828e-08
2.18987e-08
2.4139e-08
2.23439e-08
2.31932e-08
2.306e-08
2.21057e-08
2.29203e-08
1.90409e-08
2.01815e-08
2.14502e-08
2.37838e-08
2.49204e-08
2.72579e-08
2.86901e-08
2.70753e-08
2.49788e-08
2.22617e-08
2.34563e-08
2.35254e-08
2.19999e-08
2.38286e-08
2.16914e-08
2.16136e-08
2.50632e-08
2.44644e-08
2.21501e-08
2.19877e-08
2.35245e-08
2.44349e-08
2.34452e-08
2.24859e-08
2.34792e-08
2.13266e-08
2.28915e-08
2.31988e-08
2.17056e-08
2.18356e-08
1.87528e-08
2.04391e-08
2.09863e-08
2.2611e-08
2.42358e-08
2.61304e-08
2.77484e-08
2.66786e-08
2.42394e-08
2.10937e-08
2.23261e-08
2.24333e-08
2.1065e-08
2.18673e-08
2.10624e-08
2.02999e-08
2.34365e-08
2.30444e-08
2.18174e-08
2.14742e-08
2.33671e-08
2.41637e-08
2.40678e-08
2.29952e-08
2.2478e-08
2.01133e-08
2.24352e-08
2.35673e-08
2.17788e-08
2.12599e-08
1.8717e-08
2.15949e-08
2.07355e-08
2.18047e-08
2.31688e-08
2.45807e-08
2.6578e-08
2.60125e-08
2.36812e-08
2.06612e-08
2.23282e-08
2.1984e-08
2.08357e-08
2.03367e-08
2.07184e-08
2.05727e-08
2.32762e-08
2.2298e-08
2.16418e-08
2.10262e-08
2.34744e-08
2.40573e-08
2.40753e-08
2.30064e-08
2.22058e-08
1.96439e-08
2.21558e-08
2.41048e-08
2.2141e-08
2.10045e-08
1.88375e-08
2.2414e-08
2.12748e-08
2.20939e-08
2.29464e-08
2.36933e-08
2.66561e-08
2.59283e-08
2.36951e-08
2.09507e-08
2.28648e-08
2.16452e-08
2.11279e-08
2.02494e-08
1.99624e-08
2.02118e-08
2.34537e-08
2.22345e-08
2.12736e-08
2.06728e-08
2.41436e-08
2.41754e-08
2.38095e-08
2.26432e-08
2.296e-08
2.07651e-08
2.24232e-08
2.50078e-08
2.23669e-08
2.10413e-08
2.00598e-08
2.2875e-08
2.20533e-08
2.20806e-08
2.29405e-08
2.41118e-08
2.7381e-08
2.59839e-08
2.34597e-08
2.09125e-08
2.27265e-08
2.06067e-08
2.13823e-08
2.0954e-08
1.93104e-08
1.91711e-08
2.27252e-08
2.24396e-08
2.07381e-08
2.02456e-08
2.52723e-08
2.4381e-08
2.40282e-08
2.16281e-08
2.39433e-08
2.26607e-08
2.2918e-08
2.56015e-08
2.24886e-08
2.14373e-08
2.1555e-08
2.41429e-08
2.23941e-08
2.16092e-08
2.27826e-08
2.48589e-08
2.69808e-08
2.53487e-08
2.25467e-08
2.01271e-08
2.19608e-08
1.96202e-08
2.10722e-08
2.10717e-08
1.88633e-08
1.85853e-08
2.1624e-08
2.21858e-08
2.00748e-08
1.97065e-08
2.60265e-08
2.4279e-08
2.36158e-08
1.95272e-08
2.40189e-08
2.35857e-08
2.27622e-08
2.50069e-08
2.22849e-08
2.15416e-08
2.26004e-08
2.60972e-08
2.29178e-08
2.22962e-08
2.32512e-08
2.48938e-08
2.56497e-08
2.48113e-08
2.24008e-08
1.96768e-08
2.15411e-08
1.98443e-08
2.00187e-08
2.00924e-08
1.81819e-08
1.83371e-08
2.12704e-08
2.15185e-08
1.97043e-08
1.92463e-08
2.55592e-08
2.37832e-08
2.19536e-08
1.75494e-08
2.28282e-08
2.33609e-08
2.19632e-08
2.3688e-08
2.17242e-08
2.1402e-08
2.37765e-08
2.80841e-08
2.44571e-08
2.35035e-08
2.3794e-08
2.44849e-08
2.48013e-08
2.52771e-08
2.36547e-08
2.01242e-08
2.14723e-08
2.0669e-08
1.85645e-08
1.84588e-08
1.76423e-08
1.79924e-08
2.1997e-08
2.17376e-08
2.02608e-08
1.91629e-08
2.45072e-08
2.36315e-08
2.08636e-08
1.75723e-08
2.14515e-08
2.30073e-08
2.14752e-08
2.31064e-08
2.1639e-08
2.19441e-08
2.495e-08
2.99112e-08
2.56127e-08
2.43325e-08
2.35531e-08
2.40285e-08
2.4946e-08
2.6018e-08
2.47571e-08
2.09375e-08
2.1358e-08
2.12503e-08
1.78033e-08
1.73106e-08
1.78442e-08
1.78067e-08
2.30154e-08
2.29653e-08
2.16954e-08
1.98789e-08
2.42998e-08
2.43436e-08
2.18799e-08
1.945e-08
2.11893e-08
2.31578e-08
2.18695e-08
2.3485e-08
2.20707e-08
2.22929e-08
2.52475e-08
3.03166e-08
2.59504e-08
2.61337e-08
2.34297e-08
2.39253e-08
2.61121e-08
2.63379e-08
2.49497e-08
2.17728e-08
2.13724e-08
2.18502e-08
1.8747e-08
1.79283e-08
1.87456e-08
1.83162e-08
2.30787e-08
2.37284e-08
2.28532e-08
2.13259e-08
2.48136e-08
2.54483e-08
2.37647e-08
2.15415e-08
2.20819e-08
2.37266e-08
2.25531e-08
2.37718e-08
2.17037e-08
2.18518e-08
2.41693e-08
2.88836e-08
2.69783e-08
2.80584e-08
2.40644e-08
2.43765e-08
2.69525e-08
2.62124e-08
2.4831e-08
2.23562e-08
2.12793e-08
2.23091e-08
2.03412e-08
1.97655e-08
1.93812e-08
1.93368e-08
2.19482e-08
2.35075e-08
2.27198e-08
2.23659e-08
2.47457e-08
2.59785e-08
2.47133e-08
2.28159e-08
2.33696e-08
2.44767e-08
2.28696e-08
2.3796e-08
2.06535e-08
2.14874e-08
2.28554e-08
2.7707e-08
2.79351e-08
2.71362e-08
2.43233e-08
2.46652e-08
2.607e-08
2.51565e-08
2.40084e-08
2.18896e-08
2.06932e-08
2.16204e-08
2.04978e-08
2.06657e-08
1.87257e-08
1.98064e-08
2.03675e-08
2.29608e-08
2.18513e-08
2.25078e-08
2.37584e-08
2.56482e-08
2.45493e-08
2.28711e-08
2.45018e-08
2.51172e-08
2.28139e-08
2.39664e-08
2.02191e-08
2.1336e-08
2.27481e-08
2.80738e-08
2.70295e-08
2.37308e-08
2.37105e-08
2.45268e-08
2.40692e-08
2.30018e-08
2.21022e-08
2.0227e-08
2.01058e-08
2.00482e-08
1.93316e-08
1.97468e-08
1.78255e-08
1.9471e-08
1.88794e-08
2.20465e-08
2.10421e-08
2.25944e-08
2.30667e-08
2.50239e-08
2.40051e-08
2.17899e-08
2.52263e-08
2.48888e-08
2.2588e-08
2.39972e-08
2.0532e-08
2.13473e-08
2.19723e-08
2.68665e-08
2.34659e-08
2.06025e-08
2.25769e-08
2.4007e-08
2.227e-08
2.04825e-08
1.99674e-08
1.84297e-08
1.99052e-08
1.91206e-08
1.85567e-08
1.80384e-08
1.79282e-08
1.91345e-08
1.78211e-08
2.03709e-08
1.97932e-08
2.26513e-08
2.32893e-08
2.41901e-08
2.32727e-08
2.05662e-08
2.52609e-08
2.36714e-08
2.2153e-08
2.31121e-08
2.03009e-08
2.13578e-08
1.73547e-08
1.91535e-08
1.68976e-08
1.81682e-08
2.06007e-08
2.28661e-08
2.11395e-08
1.9015e-08
1.91157e-08
1.76972e-08
1.99046e-08
1.92972e-08
1.8745e-08
1.70786e-08
1.8642e-08
1.91076e-08
1.76747e-08
1.89858e-08
1.83411e-08
2.18347e-08
2.32094e-08
2.26491e-08
2.21919e-08
1.98952e-08
2.44049e-08
2.23609e-08
2.12611e-08
2.09501e-08
1.83526e-08
1.98968e-08
)
;
    }
    topWall
    {
        type            calculated;
        value           nonuniform List<scalar> 
1200
(
2.3296e-08
2.67985e-08
2.68443e-08
2.45068e-08
2.23078e-08
2.12716e-08
2.40006e-08
2.38495e-08
2.50902e-08
2.16637e-08
2.02986e-08
2.05827e-08
1.99922e-08
2.19678e-08
2.35797e-08
2.33618e-08
2.18429e-08
2.25225e-08
2.49578e-08
2.56144e-08
2.27834e-08
2.21634e-08
2.27234e-08
2.27446e-08
1.91598e-08
2.08263e-08
1.95738e-08
2.088e-08
2.08175e-08
2.02711e-08
2.43704e-08
2.76923e-08
2.74588e-08
2.62527e-08
2.42875e-08
2.21674e-08
2.42198e-08
2.61132e-08
2.56869e-08
2.03857e-08
1.91688e-08
2.20681e-08
2.2226e-08
2.17117e-08
2.22289e-08
2.31057e-08
2.14238e-08
2.3296e-08
2.6034e-08
2.55458e-08
2.2338e-08
2.23577e-08
2.28015e-08
2.21724e-08
1.87795e-08
2.06887e-08
2.08706e-08
2.10998e-08
1.99479e-08
2.13533e-08
2.5331e-08
2.87563e-08
2.82503e-08
2.76847e-08
2.5689e-08
2.38249e-08
2.57999e-08
2.69288e-08
2.60003e-08
2.04867e-08
2.00323e-08
2.33631e-08
2.45797e-08
2.23315e-08
2.31893e-08
2.26589e-08
2.09114e-08
2.41328e-08
2.66813e-08
2.54786e-08
2.25548e-08
2.30895e-08
2.36436e-08
2.27219e-08
1.96768e-08
2.05237e-08
2.16913e-08
2.11128e-08
1.97566e-08
2.24013e-08
2.61674e-08
2.96538e-08
2.91207e-08
2.76337e-08
2.47317e-08
2.39995e-08
2.68481e-08
2.57736e-08
2.49695e-08
2.13144e-08
2.23398e-08
2.41595e-08
2.53577e-08
2.29523e-08
2.52753e-08
2.27759e-08
2.106e-08
2.46608e-08
2.68808e-08
2.54553e-08
2.32468e-08
2.39497e-08
2.48882e-08
2.46047e-08
2.15681e-08
2.12462e-08
2.19621e-08
2.10611e-08
2.09028e-08
2.32594e-08
2.60687e-08
2.87223e-08
2.8573e-08
2.6677e-08
2.28151e-08
2.29048e-08
2.60249e-08
2.46344e-08
2.35195e-08
2.19094e-08
2.37282e-08
2.41788e-08
2.41118e-08
2.2551e-08
2.54e-08
2.30437e-08
2.16596e-08
2.47299e-08
2.73774e-08
2.61177e-08
2.38665e-08
2.456e-08
2.49978e-08
2.54822e-08
2.23681e-08
2.28495e-08
2.21967e-08
2.18771e-08
2.24453e-08
2.36364e-08
2.50865e-08
2.63702e-08
2.58584e-08
2.57927e-08
2.37116e-08
2.36324e-08
2.54622e-08
2.54748e-08
2.33494e-08
2.23906e-08
2.32768e-08
2.37447e-08
2.24562e-08
2.17312e-08
2.32068e-08
2.27324e-08
2.21751e-08
2.46121e-08
2.81189e-08
2.78634e-08
2.44074e-08
2.47727e-08
2.35947e-08
2.29346e-08
2.12933e-08
2.39726e-08
2.20411e-08
2.26687e-08
2.25834e-08
2.2901e-08
2.38774e-08
2.42432e-08
2.25713e-08
2.51081e-08
2.57838e-08
2.5509e-08
2.62912e-08
2.59509e-08
2.34719e-08
2.28585e-08
2.20594e-08
2.32868e-08
2.17501e-08
2.13346e-08
2.06639e-08
2.17607e-08
2.22198e-08
2.4577e-08
2.81013e-08
2.95427e-08
2.48295e-08
2.47611e-08
2.22273e-08
1.91252e-08
2.05853e-08
2.39981e-08
2.14044e-08
2.22091e-08
2.15413e-08
2.16288e-08
2.24282e-08
2.29171e-08
2.02126e-08
2.34973e-08
2.40547e-08
2.45817e-08
2.66519e-08
2.37362e-08
2.29134e-08
2.3051e-08
2.14293e-08
2.2559e-08
2.17794e-08
2.12772e-08
1.95669e-08
2.06434e-08
2.18532e-08
2.45893e-08
2.76219e-08
3.02091e-08
2.54851e-08
2.51462e-08
2.24592e-08
1.8125e-08
2.17054e-08
2.34471e-08
2.09348e-08
2.16349e-08
2.10865e-08
2.08315e-08
2.16008e-08
2.26522e-08
1.92048e-08
2.10484e-08
1.98788e-08
2.18021e-08
2.54053e-08
2.19897e-08
2.35011e-08
2.37867e-08
2.21142e-08
2.18453e-08
2.21119e-08
2.11206e-08
1.99394e-08
2.01195e-08
2.15731e-08
2.47664e-08
2.79244e-08
3.04556e-08
2.7018e-08
2.63992e-08
2.41748e-08
2.03573e-08
2.33326e-08
2.2502e-08
2.08886e-08
2.18794e-08
2.19619e-08
2.05318e-08
2.20682e-08
2.32109e-08
1.99581e-08
2.01733e-08
1.8342e-08
2.07817e-08
2.37135e-08
2.36649e-08
2.56721e-08
2.5108e-08
2.32981e-08
2.20379e-08
2.28715e-08
2.09874e-08
2.07421e-08
2.03896e-08
2.16444e-08
2.5156e-08
2.8933e-08
3.06512e-08
2.83377e-08
2.77962e-08
2.57399e-08
2.29441e-08
2.42929e-08
2.14609e-08
2.09061e-08
2.23905e-08
2.34512e-08
2.09307e-08
2.29166e-08
2.45831e-08
2.15691e-08
2.2145e-08
2.04321e-08
2.27286e-08
2.36607e-08
2.64975e-08
2.64966e-08
2.51946e-08
2.36456e-08
2.31608e-08
2.38941e-08
2.15026e-08
2.15769e-08
2.08416e-08
2.1713e-08
2.54318e-08
2.96449e-08
3.05703e-08
2.80057e-08
2.81294e-08
2.58035e-08
2.40357e-08
2.47378e-08
2.14156e-08
2.0993e-08
2.29806e-08
2.43029e-08
2.21621e-08
2.42713e-08
2.71407e-08
2.38064e-08
2.53692e-08
2.36544e-08
2.59168e-08
2.60694e-08
2.76026e-08
2.52664e-08
2.36651e-08
2.28127e-08
2.45732e-08
2.48376e-08
2.2949e-08
2.20984e-08
2.09768e-08
2.14248e-08
2.56658e-08
2.96727e-08
3.04463e-08
2.69007e-08
2.747e-08
2.51133e-08
2.41954e-08
2.50897e-08
2.27599e-08
2.16318e-08
2.34903e-08
2.42059e-08
2.35513e-08
2.65689e-08
3.00285e-08
2.66354e-08
2.80756e-08
2.59233e-08
2.7669e-08
2.82753e-08
2.64834e-08
2.36487e-08
2.2473e-08
2.19839e-08
2.54408e-08
2.56534e-08
2.45661e-08
2.24456e-08
2.08543e-08
2.0893e-08
2.58767e-08
2.91153e-08
2.99222e-08
2.63546e-08
2.62493e-08
2.4901e-08
2.42415e-08
2.52663e-08
2.44628e-08
2.29994e-08
2.34653e-08
2.44061e-08
2.4459e-08
2.77988e-08
3.1876e-08
2.84859e-08
2.95968e-08
2.70797e-08
2.71342e-08
2.73018e-08
2.36386e-08
2.18222e-08
2.22514e-08
2.21266e-08
2.51454e-08
2.5821e-08
2.56994e-08
2.30477e-08
2.0535e-08
2.02038e-08
2.54123e-08
2.7888e-08
2.84974e-08
2.5472e-08
2.44257e-08
2.44504e-08
2.33175e-08
2.47187e-08
2.5489e-08
2.41335e-08
2.33652e-08
2.44814e-08
2.39177e-08
2.7011e-08
3.21753e-08
2.84154e-08
2.89499e-08
2.75379e-08
2.61981e-08
2.44881e-08
2.13228e-08
2.01497e-08
2.24221e-08
2.22818e-08
2.41688e-08
2.52114e-08
2.60079e-08
2.32125e-08
1.99544e-08
1.92639e-08
2.38899e-08
2.6394e-08
2.6787e-08
2.37602e-08
2.24972e-08
2.29497e-08
2.13754e-08
2.34508e-08
2.53793e-08
2.37861e-08
2.31531e-08
2.31129e-08
2.18864e-08
2.61923e-08
3.09708e-08
2.72063e-08
2.67118e-08
2.68723e-08
2.63002e-08
2.32574e-08
2.1294e-08
1.99024e-08
2.31607e-08
2.23995e-08
2.37836e-08
2.5356e-08
2.5469e-08
2.2636e-08
1.95171e-08
1.84209e-08
2.23049e-08
2.55572e-08
2.5801e-08
2.26085e-08
2.17575e-08
2.19133e-08
2.02975e-08
2.22824e-08
2.46032e-08
2.24041e-08
2.25909e-08
2.19143e-08
2.1047e-08
2.65717e-08
2.85036e-08
2.58122e-08
2.47596e-08
2.49719e-08
2.68913e-08
2.39378e-08
2.25825e-08
2.09954e-08
2.44747e-08
2.37213e-08
2.48687e-08
2.67768e-08
2.47232e-08
2.27665e-08
2.01322e-08
1.83364e-08
2.18122e-08
2.53726e-08
2.53995e-08
2.26963e-08
2.24294e-08
2.25139e-08
2.07895e-08
2.20106e-08
2.38513e-08
2.1589e-08
2.25917e-08
2.19864e-08
2.23078e-08
2.75044e-08
2.63562e-08
2.45936e-08
2.37365e-08
2.32615e-08
2.76531e-08
2.51699e-08
2.39084e-08
2.22141e-08
2.52922e-08
2.56044e-08
2.64832e-08
2.77012e-08
2.4648e-08
2.40535e-08
2.16652e-08
1.9034e-08
2.25553e-08
2.53298e-08
2.47817e-08
2.26009e-08
2.31992e-08
2.28709e-08
2.12557e-08
2.2236e-08
2.32114e-08
2.15962e-08
2.31688e-08
2.22886e-08
2.36785e-08
2.79059e-08
2.592e-08
2.44914e-08
2.41402e-08
2.39413e-08
2.8307e-08
2.65765e-08
2.51309e-08
2.27521e-08
2.51982e-08
2.65966e-08
2.67554e-08
2.73589e-08
2.53095e-08
2.51329e-08
2.28226e-08
1.99603e-08
2.39108e-08
2.5698e-08
2.40834e-08
2.16525e-08
2.32532e-08
2.1417e-08
2.05781e-08
2.20139e-08
2.23263e-08
2.15466e-08
2.35093e-08
2.25785e-08
2.39809e-08
2.74397e-08
2.6489e-08
2.56391e-08
2.55581e-08
2.66763e-08
2.87394e-08
2.78211e-08
2.59778e-08
2.31057e-08
2.52672e-08
2.67689e-08
2.60015e-08
2.64574e-08
2.58815e-08
2.53956e-08
2.32131e-08
2.07173e-08
2.50023e-08
2.62579e-08
2.4283e-08
2.11008e-08
2.35757e-08
2.01382e-08
1.97709e-08
2.17499e-08
2.14295e-08
2.12802e-08
2.37433e-08
2.2988e-08
2.36926e-08
2.71286e-08
2.69946e-08
2.66314e-08
2.58535e-08
2.89485e-08
2.94321e-08
2.77184e-08
2.5855e-08
2.34887e-08
2.54671e-08
2.65594e-08
2.52146e-08
2.55534e-08
2.57143e-08
2.544e-08
2.34049e-08
2.11809e-08
2.52817e-08
2.61629e-08
2.53206e-08
2.15287e-08
2.51239e-08
2.10996e-08
1.98063e-08
2.21725e-08
2.10238e-08
2.12584e-08
2.42983e-08
2.29249e-08
2.34745e-08
2.72822e-08
2.69937e-08
2.67868e-08
2.4877e-08
2.90394e-08
3.04303e-08
2.66928e-08
2.5273e-08
2.37552e-08
2.53001e-08
2.64273e-08
2.44454e-08
2.5298e-08
2.56523e-08
2.58583e-08
2.33958e-08
2.15688e-08
2.5388e-08
2.59875e-08
2.61803e-08
2.23304e-08
2.72144e-08
2.32424e-08
2.01394e-08
2.28131e-08
2.09464e-08
2.14391e-08
2.46282e-08
2.2297e-08
2.33227e-08
2.68088e-08
2.63123e-08
2.64793e-08
2.4212e-08
2.79493e-08
3.09397e-08
2.67418e-08
2.5386e-08
2.44735e-08
2.54608e-08
2.71918e-08
2.41408e-08
2.59894e-08
2.60698e-08
2.64239e-08
2.31056e-08
2.20942e-08
2.62358e-08
2.65473e-08
2.62268e-08
2.28981e-08
2.86094e-08
2.48416e-08
2.0271e-08
2.29244e-08
2.07491e-08
2.13763e-08
2.39462e-08
2.13682e-08
2.29469e-08
2.5612e-08
2.52347e-08
2.62567e-08
2.4519e-08
2.67659e-08
3.03863e-08
2.82144e-08
2.60427e-08
2.53861e-08
2.54102e-08
2.81276e-08
2.45665e-08
2.6732e-08
2.58078e-08
2.6437e-08
2.28302e-08
2.22973e-08
2.70153e-08
2.70679e-08
2.56674e-08
2.29717e-08
2.85877e-08
2.51919e-08
2.05266e-08
2.26742e-08
2.05308e-08
2.10236e-08
2.27773e-08
2.05e-08
2.23652e-08
2.47442e-08
2.41513e-08
2.63144e-08
2.51045e-08
2.55325e-08
2.85345e-08
2.89579e-08
2.62551e-08
2.54385e-08
2.41869e-08
2.78119e-08
2.48044e-08
2.65674e-08
2.50646e-08
2.59388e-08
2.24632e-08
2.17209e-08
2.61374e-08
2.67056e-08
2.5373e-08
2.29127e-08
2.71743e-08
2.4464e-08
2.12674e-08
2.24991e-08
2.05102e-08
2.06359e-08
2.22618e-08
2.03011e-08
2.18644e-08
2.42998e-08
2.36316e-08
2.61959e-08
2.51686e-08
2.44151e-08
2.62984e-08
2.76513e-08
2.58621e-08
2.47161e-08
2.30683e-08
2.63908e-08
2.41553e-08
2.58141e-08
2.48059e-08
2.52969e-08
2.18503e-08
2.10211e-08
2.41255e-08
2.62545e-08
2.6199e-08
2.34962e-08
2.55054e-08
2.37082e-08
2.22771e-08
2.24929e-08
2.07707e-08
2.06085e-08
2.32066e-08
2.08816e-08
2.13936e-08
2.42777e-08
2.38115e-08
2.55837e-08
2.43375e-08
2.35344e-08
2.48451e-08
2.55461e-08
2.55944e-08
2.45445e-08
2.32283e-08
2.48774e-08
2.35195e-08
2.55136e-08
2.47346e-08
2.4693e-08
2.17196e-08
2.12937e-08
2.30569e-08
2.63669e-08
2.75673e-08
2.46234e-08
2.49031e-08
2.38128e-08
2.31308e-08
2.27235e-08
2.13932e-08
2.1359e-08
2.47514e-08
2.16816e-08
2.12944e-08
2.45187e-08
2.35035e-08
2.46775e-08
2.30111e-08
2.23944e-08
2.41678e-08
2.46638e-08
2.58869e-08
2.56053e-08
2.45033e-08
2.45897e-08
2.41058e-08
2.62769e-08
2.48784e-08
2.47728e-08
2.2392e-08
2.20703e-08
2.31477e-08
2.60404e-08
2.76693e-08
2.51927e-08
2.47079e-08
2.41851e-08
2.35554e-08
2.2952e-08
2.19567e-08
2.21069e-08
2.43401e-08
2.20466e-08
2.18996e-08
2.41824e-08
2.20418e-08
2.38411e-08
2.23452e-08
2.14752e-08
2.40345e-08
2.52656e-08
2.59837e-08
2.6612e-08
2.59929e-08
2.62956e-08
2.53461e-08
2.73722e-08
2.58739e-08
2.57798e-08
2.31736e-08
2.19078e-08
2.28245e-08
2.44504e-08
2.58598e-08
2.44886e-08
2.39776e-08
2.36966e-08
2.32988e-08
2.25502e-08
2.1995e-08
2.18412e-08
2.17148e-08
2.15126e-08
2.25502e-08
2.29107e-08
2.13778e-08
2.39481e-08
2.30484e-08
2.17953e-08
2.41434e-08
2.54786e-08
2.49435e-08
2.58504e-08
2.64459e-08
2.77286e-08
2.57073e-08
2.74455e-08
2.66061e-08
2.66773e-08
2.33742e-08
2.08385e-08
2.17584e-08
2.26375e-08
2.36687e-08
2.35656e-08
2.35752e-08
2.25018e-08
2.25704e-08
2.17214e-08
2.20608e-08
2.11887e-08
2.02141e-08
2.12918e-08
2.3511e-08
2.20215e-08
2.23242e-08
2.52414e-08
2.40654e-08
2.26785e-08
2.36735e-08
2.42904e-08
2.28445e-08
2.33083e-08
2.55098e-08
2.62322e-08
2.47477e-08
2.64561e-08
2.5534e-08
2.5859e-08
2.30348e-08
2.01901e-08
2.10418e-08
2.19474e-08
2.223e-08
2.33817e-08
2.38427e-08
2.16292e-08
2.19648e-08
2.11812e-08
2.27966e-08
2.10789e-08
2.18792e-08
2.24088e-08
2.51365e-08
2.29042e-08
2.33832e-08
2.65717e-08
2.41107e-08
2.37997e-08
2.30505e-08
2.31054e-08
2.07125e-08
2.07343e-08
2.38237e-08
2.32868e-08
2.34257e-08
2.60448e-08
2.37053e-08
2.38187e-08
2.24975e-08
2.05036e-08
2.12355e-08
2.21855e-08
2.12798e-08
2.34343e-08
2.38869e-08
2.13795e-08
2.14563e-08
2.10362e-08
2.37382e-08
2.15663e-08
2.49189e-08
2.39561e-08
2.66387e-08
2.39196e-08
2.41214e-08
2.68902e-08
2.40999e-08
2.55173e-08
2.35754e-08
2.31708e-08
1.97723e-08
1.99762e-08
2.26202e-08
2.18649e-08
2.26895e-08
2.68516e-08
2.23395e-08
2.22583e-08
2.21507e-08
2.10027e-08
2.20123e-08
2.26415e-08
2.09872e-08
2.33682e-08
2.34313e-08
2.15029e-08
2.08696e-08
2.10362e-08
2.39859e-08
2.23856e-08
2.65778e-08
2.53295e-08
2.73367e-08
2.37402e-08
2.50802e-08
2.65558e-08
2.50528e-08
2.71426e-08
2.51278e-08
2.41473e-08
2.06074e-08
2.1573e-08
2.26673e-08
2.18585e-08
2.25034e-08
2.72191e-08
2.09308e-08
2.12693e-08
2.17455e-08
2.09875e-08
2.30789e-08
2.3606e-08
2.17979e-08
2.35806e-08
2.3149e-08
2.20044e-08
2.07426e-08
2.11073e-08
2.32299e-08
2.31023e-08
2.52914e-08
2.56907e-08
2.70348e-08
2.27737e-08
2.53569e-08
2.51884e-08
2.60329e-08
2.80199e-08
2.63635e-08
2.53113e-08
2.21487e-08
2.4131e-08
2.32449e-08
2.21476e-08
2.31088e-08
2.68333e-08
2.00706e-08
2.03826e-08
2.11191e-08
2.05254e-08
2.41746e-08
2.50473e-08
2.29697e-08
2.37748e-08
2.31349e-08
2.24491e-08
2.13299e-08
2.08002e-08
2.18472e-08
2.26251e-08
2.18332e-08
2.42947e-08
2.50003e-08
2.11486e-08
2.43072e-08
2.25078e-08
2.58874e-08
2.76753e-08
2.6252e-08
2.55153e-08
2.29398e-08
2.59143e-08
2.40576e-08
2.38415e-08
2.49971e-08
2.69011e-08
2.08652e-08
2.01753e-08
2.07481e-08
1.99553e-08
2.46703e-08
2.56208e-08
2.33884e-08
2.34416e-08
2.27525e-08
2.21017e-08
2.20046e-08
1.99417e-08
2.0442e-08
2.0974e-08
1.91953e-08
2.16851e-08
2.14661e-08
1.9652e-08
2.32396e-08
2.07356e-08
2.49679e-08
2.59336e-08
2.48755e-08
2.43858e-08
2.2742e-08
2.65317e-08
2.53444e-08
2.66406e-08
2.59479e-08
2.67404e-08
2.24678e-08
2.11169e-08
2.08307e-08
1.96116e-08
2.43246e-08
2.47002e-08
2.33239e-08
2.29673e-08
2.21335e-08
2.12305e-08
2.22914e-08
1.94299e-08
1.94961e-08
1.9677e-08
1.92728e-08
1.99275e-08
1.89655e-08
1.95451e-08
2.36946e-08
2.12455e-08
2.42133e-08
2.35384e-08
2.34756e-08
2.30253e-08
2.16803e-08
2.62475e-08
2.6144e-08
2.74211e-08
2.36616e-08
2.47444e-08
2.32352e-08
2.26597e-08
2.11739e-08
1.99018e-08
2.35339e-08
2.36321e-08
2.35591e-08
2.2979e-08
2.19954e-08
2.10094e-08
2.25893e-08
1.97915e-08
1.93397e-08
1.92323e-08
2.09399e-08
2.01752e-08
1.86471e-08
2.06602e-08
2.48373e-08
2.32378e-08
2.38159e-08
2.16095e-08
2.26396e-08
2.28683e-08
2.07626e-08
2.56231e-08
2.55643e-08
2.54676e-08
2.05094e-08
2.1354e-08
2.28499e-08
2.40833e-08
2.18047e-08
2.06717e-08
2.27109e-08
2.34423e-08
2.4362e-08
2.33166e-08
2.22706e-08
2.17264e-08
2.31177e-08
2.02097e-08
1.98504e-08
1.89318e-08
2.18079e-08
2.1266e-08
1.91569e-08
2.20121e-08
2.57835e-08
2.54781e-08
2.37425e-08
2.11885e-08
2.18131e-08
2.37405e-08
2.1587e-08
2.5143e-08
2.37999e-08
2.26226e-08
1.95744e-08
1.93534e-08
2.238e-08
2.47004e-08
2.2752e-08
2.14969e-08
2.22575e-08
2.401e-08
2.52892e-08
2.32971e-08
2.23346e-08
2.25097e-08
2.32937e-08
1.99243e-08
2.05011e-08
1.88314e-08
2.1314e-08
2.15337e-08
1.95873e-08
)
;
    }
    sides1_half0
    {
        type            cyclic;
    }
    sides1_half1
    {
        type            cyclic;
    }
    sides2_half0
    {
        type            cyclic;
    }
    sides2_half1
    {
        type            cyclic;
    }
    inout1_half0
    {
        type            cyclic;
    }
    inout1_half1
    {
        type            cyclic;
    }
    inout2_half0
    {
        type            cyclic;
    }
    inout2_half1
    {
        type            cyclic;
    }
}


// ************************************************************************* //
